scenario,strategy,replication,requested_tasks,completed_tasks,throughput,completion_rate,mean_delay,max_delay,mean_tardiness,urgent_deadline_violation_rate,normal_deadline_violation_rate,urgent_on_time_rate,idle_ratio,charging_wait,low_soc_stops,detour_distance_m,traction_energy,aux_energy,wpt_input_energy,battery_delivered_energy,wpt_loss,mean_efficiency,fleet_min_soc,opportunity_charging_energy,mandatory_charging_energy,pad_utilization,mean_queue,max_queue,pad_waiting_time,charging_contention_events,different_decision_rate_C4_vs_C3,deferred_charging_requests,charging_sessions,c1_start_soc,c1_target_soc,mean_realized_charge_power_kw,mean_predicted_charge_power_kw,near_zero_charging_opportunities,prediction_charge_power_mae_kw,prediction_charge_power_rmse_kw,prediction_charge_power_bias_kw,solver_computation_time_s,solver_calls,simulation_failure,infeasible_count,priority_decisions,total_priority_computation_time_s,mean_decision_latency_ms,p95_decision_latency_ms,max_decision_latency_ms,solver_calls_per_replication,solver_total_time_per_replication_s,solver_mean_time_s,solver_median_time_s,solver_p95_time_s,solver_max_time_s,solver_mean_time_per_call_ms,solver_p95_time_per_call_ms,solver_max_time_per_call_ms,solver_mean_binary_variables,solver_mean_constraints,solver_mean_available_agv_slot_pairs,solver_mean_actual_busy_agv_slot_pairs,solver_mean_forecast_busy_agv_slot_pairs,solver_infeasible_calls,solver_time_limit_calls,solver_fallback_calls,solver_safety_slack_total,solver_reserve_slack_total,solver_task_slack_total
moderately_constrained_moderate,C1,8007,2157,1285,53.541666666666664,59.573481687528975,414.6475614129697,1358.1216593652316,411.25787345319833,94.86552567237165,87.75743707093821,5.134474327628362,0.21380981489215178,764.1092575510313,0,280.0,51.87599999999985,6.2987500000000045,79.88874584631127,56.52113760841113,23.367608237900132,70.74981214143182,29.275555555555517,0.0,56.52113760841113,172.5217611220287,0,0,4584.655545306187,0,0,0,28,0.3,0.7,0.0,0.0,0.0,0.0,0.0,0.0,0.0,0,0,0,,,,,,,,,,,,,,,,,,,,,,,,,
moderately_constrained_moderate,C1,8008,2130,1585,66.04166666666667,74.4131455399061,222.9295729209755,1020.542867509348,219.59178859002716,96.36363636363636,86.27218934911242,3.6363636363636362,0.24893426487797746,652.5385171133078,0,290.0,51.16599999999984,6.215694444444449,81.06519378187562,58.54368689455674,22.521506887318882,72.2180311467359,29.310374925509468,0.0,58.54368689455674,154.80610773988016,0,0,3915.2311026798466,0,0,0,29,0.3,0.7,0.0,0.0,0.0,0.0,0.0,0.0,0.0,0,0,0,,,,,,,,,,,,,,,,,,,,,,,,,
moderately_constrained_moderate,C1,8009,2125,1294,53.916666666666664,60.89411764705882,378.77841153971434,933.8983882224863,375.26456919007154,97.10843373493975,91.16959064327486,2.891566265060241,0.2548625991073756,590.890449027737,0,270.0,50.84199999999985,6.18694444444445,75.68143983220384,54.43151730561067,21.24992252659317,71.92188392067173,29.325555555555542,0.0,54.43151730561067,151.9435516466858,0,0,3545.3426941664216,0,0,0,27,0.3,0.7,0.0,0.0,0.0,0.0,0.0,0.0,0.0,0,0,0,,,,,,,,,,,,,,,,,,,,,,,,,
moderately_constrained_moderate,C1,8010,2174,1718,71.58333333333333,79.02483900643973,197.80301985369937,746.3798810909922,194.59241673334728,93.33333333333333,81.48361127084532,6.666666666666667,0.2886789150958815,419.66442844687475,0,270.0,51.64599999999984,6.304027777777786,74.14869346691685,54.44999905202857,19.698694414888287,73.43352459247673,29.350555555555523,0.0,54.44999905202857,124.84820649802666,0,0,2517.9865706812484,0,0,0,27,0.3,0.7,0.0,0.0,0.0,0.0,0.0,0.0,0.0,0,0,0,,,,,,,,,,,,,,,,,,,,,,,,,
moderately_constrained_moderate,C1,8011,2099,1342,55.916666666666664,63.93520724154359,336.6059742576169,1264.4158987741832,333.5425298528243,89.27789934354486,80.14616321559073,10.722100656455142,0.2423875409090225,636.9376529991034,0,260.0,50.47599999999983,6.129027777777782,73.68381177965931,52.390965760965294,21.292846018694014,71.10240973639208,29.271964177571448,0.0,52.390965760965294,163.03969767680871,0,0,3821.6259179946205,0,0,0,26,0.3,0.7,0.0,0.0,0.0,0.0,0.0,0.0,0.0,0,0,0,,,,,,,,,,,,,,,,,,,,,,,,,
moderately_constrained_moderate,C1,8012,2175,1121,46.708333333333336,51.54022988505748,655.6555593313858,1834.8049424166647,652.362733920637,95.07829977628636,86.5162037037037,4.921700223713646,0.16143287440920134,1330.5054632396557,0,270.0,51.89799999999983,6.322777777777784,79.32168627904139,54.45733903454412,24.864347244497264,68.65378383784183,29.38532650011128,0.0,54.45733903454412,205.00771087120557,0,0,7983.032779437935,0,0,0,27,0.3,0.7,0.0,0.0,0.0,0.0,0.0,0.0,0.0,0,0,0,,,,,,,,,,,,,,,,,,,,,,,,,
moderately_constrained_moderate,C1,8013,2190,1404,58.5,64.10958904109589,374.0999965571492,719.697734787014,370.8447981858748,92.5925925925926,84.97978047371461,7.4074074074074066,0.27396670681670654,453.0080851643951,0,270.0,52.47399999999982,6.381527777777783,74.60996671227431,54.39613949485776,20.21382721741655,72.90733650187903,29.450555555555525,0.0,54.39613949485776,131.45330924330946,0,0,2718.0485109863707,0,0,0,27,0.3,0.7,0.0,0.0,0.0,0.0,0.0,0.0,0.0,0,0,0,,,,,,,,,,,,,,,,,,,,,,,,,
moderately_constrained_moderate,C1,8014,2185,1454,60.583333333333336,66.54462242562929,327.6757054798316,1495.8689573357997,324.41405566386317,94.47004608294931,85.89377498572244,5.529953917050691,0.18744414990915506,781.556114717928,0,280.0,52.72799999999982,6.392916666666671,80.586484371921,56.517474475948106,24.069009895972894,70.1326964644715,29.253237774664626,0.0,56.517474475948106,184.06128783228476,0,0,4689.336688307568,0,0,0,28,0.3,0.7,0.0,0.0,0.0,0.0,0.0,0.0,0.0,0,0,0,,,,,,,,,,,,,,,,,,,,,,,,,
moderately_constrained_moderate,C1,8015,2167,1414,58.916666666666664,65.25149976926626,422.01583600562367,1107.2444531970884,418.810891703556,92.12962962962963,84.38040345821327,7.87037037037037,0.23111498487091267,701.7778428051722,0,270.0,52.05399999999985,6.323611111111117,76.11419809859532,54.42626995155605,21.687928147039273,71.5060676078521,29.336111111111112,0.0,54.42626995155605,160.35878685523016,0,0,4210.667056831034,0,0,0,27,0.3,0.7,0.0,0.0,0.0,0.0,0.0,0.0,0.0,0,0,0,,,,,,,,,,,,,,,,,,,,,,,,,
moderately_constrained_moderate,C1,8016,2230,1295,53.958333333333336,58.07174887892377,511.3940931144492,1468.9115871849028,508.05384330772836,94.4954128440367,85.0613154960981,5.5045871559633035,0.18250570594173443,990.3379087671626,0,280.0,53.25199999999982,6.48555555555556,80.15247411155026,56.50916799355775,23.643306117992516,70.50208820118577,29.281023802643492,0.0,56.50916799355775,180.77435421273705,0,0,5942.027452602974,0,0,0,28,0.3,0.7,0.0,0.0,0.0,0.0,0.0,0.0,0.0,0,0,0,,,,,,,,,,,,,,,,,,,,,,,,,
moderately_constrained_moderate,C1,8017,2192,1461,60.875,66.65145985401459,331.0990563745068,1236.9256340242378,327.7312485531566,94.81981981981981,87.29977116704805,5.18018018018018,0.21075430876130755,665.2096309449674,0,280.0,52.70799999999982,6.4002777777777835,79.1222796022418,56.47101973480544,22.651259867436366,71.3718310679277,29.275555555555517,0.0,56.47101973480544,169.10297029877103,0,0,3991.257785669804,0,0,0,28,0.3,0.7,0.0,0.0,0.0,0.0,0.0,0.0,0.0,0,0,0,,,,,,,,,,,,,,,,,,,,,,,,,
moderately_constrained_moderate,C1,8018,2148,1414,58.916666666666664,65.82867783985103,453.2704640064826,1431.6459378896543,449.9549826670511,95.3883495145631,87.09677419354838,4.611650485436893,0.1982724265703106,1041.125236713947,0,290.0,51.925999999999846,6.2909722222222255,82.62059423324442,58.44028534994093,24.18030888330349,70.73331521310465,29.35055555555555,0.0,58.44028534994093,182.7032107244803,0,0,6246.751420283682,0,0,0,29,0.3,0.7,0.0,0.0,0.0,0.0,0.0,0.0,0.0,0,0,0,,,,,,,,,,,,,,,,,,,,,,,,,
moderately_constrained_moderate,C1,8019,2214,1301,54.208333333333336,58.76242095754291,494.11223895279363,1254.6441837050518,490.84876869439915,93.54066985645932,82.01559020044543,6.4593301435406705,0.21079112406746633,802.3426417118375,0,280.0,53.44399999999983,6.4788888888888945,78.81879689264959,56.559366490483214,22.259430402166384,71.75872852704984,29.32555555555551,0.0,56.559366490483214,166.02532555952027,0,0,4814.055850271025,0,0,0,28,0.3,0.7,0.0,0.0,0.0,0.0,0.0,0.0,0.0,0,0,0,,,,,,,,,,,,,,,,,,,,,,,,,
moderately_constrained_moderate,C1,8020,2150,1422,59.25,66.13953488372093,410.4559565933286,989.1807501314622,407.24402970465957,93.70786516853933,84.98533724340176,6.292134831460674,0.2445060692380884,651.2018478967431,0,270.0,51.64199999999982,6.273750000000005,75.65948355519178,54.50487335378825,21.154610201403543,72.0397110747237,29.26499999999998,0.0,54.50487335378825,154.6852473460359,0,0,3907.2110873804577,0,0,0,27,0.3,0.7,0.0,0.0,0.0,0.0,0.0,0.0,0.0,0,0,0,,,,,,,,,,,,,,,,,,,,,,,,,
moderately_constrained_moderate,C1,8021,2088,1122,46.75,53.735632183908045,603.5332094001226,1494.3507935481307,600.1743703401381,95.46599496221663,86.39858072146659,4.534005037783375,0.2152715472447566,1081.827834982386,0,270.0,50.009999999999856,6.082916666666673,77.60557535762209,54.40925413867897,23.196321218943115,70.10998100065645,29.340389052499578,0.0,54.40925413867897,180.83707165314604,0,0,6490.967009894315,0,0,0,27,0.3,0.7,0.0,0.0,0.0,0.0,0.0,0.0,0.0,0,0,0,,,,,,,,,,,,,,,,,,,,,,,,,
moderately_constrained_moderate,C1,8022,2112,1588,66.16666666666667,75.18939393939394,202.8326519046217,503.48415365558054,199.5114528661858,96.53579676674366,84.81238832638476,3.4642032332563506,0.31685481101819596,338.96509626782915,0,260.0,50.74799999999985,6.164166666666671,70.80998983917483,52.44345733121878,18.366532507956055,74.0622297084486,29.325555555555542,0.0,52.44345733121878,116.55378005574906,0,0,2033.790577606975,0,0,0,26,0.3,0.7,0.0,0.0,0.0,0.0,0.0,0.0,0.0,0,0,0,,,,,,,,,,,,,,,,,,,,,,,,,
moderately_constrained_moderate,C1,8023,2174,1296,54.0,59.61361545538178,482.1562264252993,1541.7960686630556,478.98447006001885,94.02654867256636,83.44947735191639,5.9734513274336285,0.17655757265066074,1045.4449010575272,0,290.0,52.34999999999983,6.352916666666669,82.48951281817654,58.36288837804897,24.126624440127564,70.75188879669166,29.30055555555556,0.0,58.36288837804897,192.12101196515917,0,0,6272.669406345164,0,0,0,29,0.3,0.7,0.0,0.0,0.0,0.0,0.0,0.0,0.0,0,0,0,,,,,,,,,,,,,,,,,,,,,,,,,
moderately_constrained_moderate,C1,8024,2145,1585,66.04166666666667,73.89277389277389,249.61252414252016,982.2225967775737,246.43052833675318,92.10526315789474,82.51302837290099,7.894736842105263,0.25141433336568,572.1834069128048,0,280.0,51.35599999999984,6.247638888888896,77.74640718356461,56.42400735872188,21.322399824842726,72.57442421165638,29.36111111111109,0.0,56.42400735872188,151.23473331392535,0,0,3433.10044147683,0,0,0,28,0.3,0.7,0.0,0.0,0.0,0.0,0.0,0.0,0.0,0,0,0,,,,,,,,,,,,,,,,,,,,,,,,,
moderately_constrained_moderate,C1,8025,2122,1323,55.125,62.34684260131951,389.7241379903927,1089.7197184152708,386.26488037890033,96.0093896713615,90.68396226415094,3.9906103286384975,0.24563535730932598,579.5593402107836,0,270.0,51.241999999999834,6.210972222222225,76.82873111143712,54.50710326453602,22.321627846901098,70.94624950329528,29.361111111111082,0.0,54.50710326453602,157.8965633921822,0,0,3477.356041264701,0,0,0,27,0.3,0.7,0.0,0.0,0.0,0.0,0.0,0.0,0.0,0,0,0,,,,,,,,,,,,,,,,,,,,,,,,,
moderately_constrained_moderate,C1,8026,2127,1672,69.66666666666667,78.60836859426422,213.86888957819772,891.4640410180687,210.56141933379365,95.4233409610984,86.92307692307692,4.576659038901601,0.2741655479523237,544.8011550046185,0,280.0,50.995999999999825,6.200138888888893,77.41547688071334,56.43187096705117,20.983605913662174,72.89481798840426,29.336111111111094,0.0,56.43187096705117,140.0840045619391,0,0,3268.8069300277107,0,0,0,28,0.3,0.7,0.0,0.0,0.0,0.0,0.0,0.0,0.0,0,0,0,,,,,,,,,,,,,,,,,,,,,,,,,
moderately_constrained_moderate,C1,8027,2121,1121,46.708333333333336,52.85242809995285,623.0195776636256,1743.4910480282838,619.6385729454114,95.91346153846155,87.91788856304986,4.086538461538462,0.1727726582215882,1055.9032059527694,0,280.0,51.467999999999826,6.225416666666671,81.42594850741925,56.49809037761469,24.92785812980455,69.3858547714268,29.25840187137572,0.0,56.49809037761469,204.36805508739297,0,0,6335.4192357166185,0,0,0,28,0.3,0.7,0.0,0.0,0.0,0.0,0.0,0.0,0.0,0,0,0,,,,,,,,,,,,,,,,,,,,,,,,,
moderately_constrained_moderate,C1,8028,2166,1690,70.41666666666667,78.02400738688827,219.26590327486207,905.3410613295761,215.992374847049,94.7867298578199,82.62614678899082,5.213270142180095,0.27020044879947797,558.783693928733,0,280.0,51.951999999999835,6.315277777777781,77.33177203612252,56.42130282737137,20.91046920875115,72.96005424654741,29.26499999999999,0.0,56.42130282737137,137.0463973869799,0,0,3352.702163572398,0,0,0,28,0.3,0.7,0.0,0.0,0.0,0.0,0.0,0.0,0.0,0,0,0,,,,,,,,,,,,,,,,,,,,,,,,,
moderately_constrained_moderate,C1,8029,2080,1194,49.75,57.403846153846146,423.04817263157463,1200.5045817993202,419.9023818352847,93.19727891156462,83.64856619890178,6.802721088435375,0.2457737187835296,854.1719160037358,0,280.0,50.17199999999984,6.084166666666671,79.35874337237362,56.48754370329924,22.87119966907439,71.17998761427425,29.25665909866532,0.0,56.48754370329924,163.64687984099336,0,0,5125.031496022415,0,0,0,28,0.3,0.7,0.0,0.0,0.0,0.0,0.0,0.0,0.0,0,0,0,,,,,,,,,,,,,,,,,,,,,,,,,
moderately_constrained_moderate,C1,8030,2182,957,39.875,43.85884509624198,673.1658852454902,1289.999768622677,669.8598764565243,94.74835886214443,86.66666666666667,5.25164113785558,0.2089235484931948,887.8842057514396,0,280.0,52.18799999999983,6.351666666666669,79.35433710091982,56.39387514301561,22.9604619579042,71.065901629669,29.375555555555554,0.0,56.39387514301561,171.59031534852758,0,0,5327.305234508637,0,0,0,28,0.3,0.7,0.0,0.0,0.0,0.0,0.0,0.0,0.0,0,0,0,,,,,,,,,,,,,,,,,,,,,,,,,
moderately_constrained_moderate,C1,8031,2117,1431,59.625,67.59565422768068,330.0870729089396,1029.1118818560656,326.76050389509726,92.85714285714286,88.23529411764706,7.142857142857142,0.2535659077593005,636.2478843210428,0,270.0,50.93799999999986,6.183611111111117,75.9290787885825,54.49772415235617,21.431354636226317,71.77450987401025,29.275555555555542,0.0,54.49772415235617,154.5358050453997,0,0,3817.487305926257,0,0,0,27,0.3,0.7,0.0,0.0,0.0,0.0,0.0,0.0,0.0,0,0,0,,,,,,,,,,,,,,,,,,,,,,,,,
moderately_constrained_moderate,C1,8032,2242,1157,48.208333333333336,51.6057091882248,590.3440269945921,1914.7904329039875,586.9306232224124,97.63440860215053,90.48958919527294,2.3655913978494625,0.13972112345854945,1155.8291758125874,0,280.0,54.07199999999982,6.557500000000006,82.18100748067415,56.50692509366002,25.674082387014117,68.75910484177052,29.300555555555523,0.0,56.50692509366002,214.00355184820796,0,0,6934.975054875525,0,0,0,28,0.3,0.7,0.0,0.0,0.0,0.0,0.0,0.0,0.0,0,0,0,,,,,,,,,,,,,,,,,,,,,,,,,
moderately_constrained_moderate,C1,8033,2216,1180,49.166666666666664,53.24909747292419,514.3793582685643,1174.1869253829193,511.04119483002825,95.16483516483515,87.9045996592845,4.835164835164836,0.21043450906323455,772.424095311648,0,290.0,53.12199999999983,6.4590277777777825,81.37176417019863,58.48927858481531,22.88248558538332,71.87908383364785,29.264999999999986,0.0,58.48927858481531,166.1173697740278,0,0,4634.544571869888,0,0,0,29,0.3,0.7,0.0,0.0,0.0,0.0,0.0,0.0,0.0,0,0,0,,,,,,,,,,,,,,,,,,,,,,,,,
moderately_constrained_moderate,C1,8034,2101,1250,52.083333333333336,59.49547834364588,356.8850217176986,1127.3263362422645,353.5890038117963,95.39951573849879,85.01184834123224,4.600484261501211,0.25124303785133734,772.5191035156246,0,270.0,50.681999999999846,6.145833333333338,76.65353498294516,54.398031288095765,22.255503694849406,70.96610913012546,29.252418502613924,0.0,54.398031288095765,157.448621733642,0,0,4635.114621093748,0,0,0,27,0.3,0.7,0.0,0.0,0.0,0.0,0.0,0.0,0.0,0,0,0,,,,,,,,,,,,,,,,,,,,,,,,,
moderately_constrained_moderate,C1,8035,2121,1599,66.625,75.3889674681754,251.8193346556852,573.0465051204134,248.28504183581376,98.05825242718447,91.28145114101814,1.9417475728155338,0.3004122346424451,331.34911692628333,0,280.0,50.97199999999985,6.190972222222227,76.16580645397464,56.42787824711859,19.737928206856047,74.08557839037225,29.361111111111093,0.0,56.42787824711859,125.16932588119963,0,0,1988.0947015577,0,0,0,28,0.3,0.7,0.0,0.0,0.0,0.0,0.0,0.0,0.0,0,0,0,,,,,,,,,,,,,,,,,,,,,,,,,
moderately_constrained_moderate,C1,8036,2213,1217,50.708333333333336,54.99322187076366,565.0968895746313,1838.2956096268722,561.8269174512086,95.01133786848072,84.25507900677201,4.988662131519274,0.13728069796668993,1175.1075198239887,0,290.0,53.21799999999982,6.461944444444451,84.00040556422503,58.495860781659886,25.50454478256514,69.63759328154092,29.252010303148236,0.0,58.495860781659886,210.27047010887497,0,0,7050.645118943934,0,0,0,29,0.3,0.7,0.0,0.0,0.0,0.0,0.0,0.0,0.0,0,0,0,,,,,,,,,,,,,,,,,,,,,,,,,
moderately_constrained_moderate,C1,8037,2103,1490,62.083333333333336,70.85116500237756,325.097662583046,915.7834646229948,321.87644971823016,90.84158415841584,83.87286639199529,9.158415841584159,0.27501143558888874,637.8089351192406,0,280.0,50.35599999999984,6.1256944444444485,77.78811650809439,56.45052152195508,21.33759498613931,72.56959553209008,29.396666666666647,0.0,56.45052152195508,142.90980531333338,0,0,3826.853610715442,0,0,0,28,0.3,0.7,0.0,0.0,0.0,0.0,0.0,0.0,0.0,0,0,0,,,,,,,,,,,,,,,,,,,,,,,,,
moderately_constrained_moderate,C1,8038,2142,1212,50.5,56.582633053221286,508.33635281096656,1747.5220895997113,505.03024947466366,92.11711711711712,87.75029446407538,7.882882882882883,0.19894685154393202,1205.9860089212261,0,290.0,51.20599999999983,6.233472222222227,84.19403830863041,58.4246039933161,25.76943431531432,69.39280401202375,29.350555555555534,0.0,58.4246039933161,207.51160557682175,0,0,7235.916053527358,0,0,0,29,0.3,0.7,0.0,0.0,0.0,0.0,0.0,0.0,0.0,0,0,0,,,,,,,,,,,,,,,,,,,,,,,,,
moderately_constrained_moderate,C1,8039,2168,1663,69.29166666666667,76.70664206642066,203.8058491798045,684.7037462557853,200.45390774532518,95.1167728237792,89.92339422510312,4.8832271762208075,0.28505033952225295,304.37275701180914,0,270.0,52.08199999999982,6.326805555555563,73.9682988286157,54.49930145790589,19.468997370709804,73.67926844468951,29.339999999999982,0.0,54.49930145790589,127.85868517553713,0,0,1826.2365420708547,0,0,0,27,0.3,0.7,0.0,0.0,0.0,0.0,0.0,0.0,0.0,0,0,0,,,,,,,,,,,,,,,,,,,,,,,,,
moderately_constrained_moderate,C1,8040,2159,1303,54.291666666666664,60.352014821676704,415.8513792923672,1197.2351690819362,412.4802196244572,95.50561797752809,88.68144690781797,4.49438202247191,0.22658359352045243,780.8321050665934,0,290.0,51.70599999999983,6.28944444444445,80.9800315234275,58.418946981494706,22.5610845419328,72.1399410231078,29.34866931822936,0.0,58.418946981494706,168.45731664714503,0,0,4684.992630399561,0,0,0,29,0.3,0.7,0.0,0.0,0.0,0.0,0.0,0.0,0.0,0,0,0,,,,,,,,,,,,,,,,,,,,,,,,,
moderately_constrained_moderate,C1,8041,2106,1479,61.625,70.22792022792022,294.36362669521657,844.6331651930327,291.240316060284,91.22807017543859,80.66666666666666,8.771929824561402,0.28382521554319295,573.0111662937004,0,260.0,50.27199999999982,6.1236111111111144,72.3523552585172,52.461473521957586,19.890881736559614,72.50831480815118,29.265,0.0,52.461473521957586,137.20487067408425,0,0,3438.066997762203,0,0,0,26,0.3,0.7,0.0,0.0,0.0,0.0,0.0,0.0,0.0,0,0,0,,,,,,,,,,,,,,,,,,,,,,,,,
moderately_constrained_moderate,C1,8042,2156,1403,58.458333333333336,65.07421150278293,332.8846715642911,758.3524199756017,329.575763753461,94.61358313817331,86.92886061307115,5.386416861826698,0.2780154234061573,502.1009909193526,0,280.0,51.89599999999986,6.298888888888896,77.18374372103351,56.384152628551846,20.79959109248166,73.05184992366013,29.350555555555545,0.0,56.384152628551846,133.7463015118612,0,0,3012.6059455161153,0,0,0,28,0.3,0.7,0.0,0.0,0.0,0.0,0.0,0.0,0.0,0,0,0,,,,,,,,,,,,,,,,,,,,,,,,,
moderately_constrained_moderate,C1,8043,2098,1526,63.583333333333336,72.73593898951383,246.09497493495485,1380.0897771092264,242.92617519352416,91.6267942583732,81.30952380952381,8.373205741626794,0.2228012741288169,870.5873949872923,0,270.0,50.76199999999984,6.147638888888895,77.71588300803054,54.474271509426316,23.241611498604215,70.09412928345338,29.27555555555552,0.0,54.474271509426316,174.93034663382096,0,0,5223.5243699237535,0,0,0,27,0.3,0.7,0.0,0.0,0.0,0.0,0.0,0.0,0.0,0,0,0,,,,,,,,,,,,,,,,,,,,,,,,,
moderately_constrained_moderate,C1,8044,2146,1412,58.833333333333336,65.79683131407269,287.64531031731025,675.405770338287,284.32671304648477,96.96969696969697,86.10451306413302,3.0303030303030303,0.29826994743168694,450.42858272782127,0,260.0,51.40799999999983,6.252500000000004,72.13164957831303,52.492781895316135,19.638867682996903,72.77357748255146,29.271896048969516,0.0,52.492781895316135,122.9824759854323,0,0,2702.571496366928,0,0,0,26,0.3,0.7,0.0,0.0,0.0,0.0,0.0,0.0,0.0,0,0,0,,,,,,,,,,,,,,,,,,,,,,,,,
moderately_constrained_moderate,C1,8045,2152,986,41.083333333333336,45.817843866171,545.9660958180103,1367.087810907961,542.6732655807097,95.68181818181817,83.99532710280374,4.318181818181818,0.2002792475828962,905.9364341526793,0,290.0,51.665999999999826,6.277916666666671,82.4141437618637,58.43408898907167,23.980054772792045,70.90298621304302,29.26499999999998,0.0,58.43408898907167,180.94356256137337,0,0,5435.618604916076,0,0,0,29,0.3,0.7,0.0,0.0,0.0,0.0,0.0,0.0,0.0,0,0,0,,,,,,,,,,,,,,,,,,,,,,,,,
moderately_constrained_moderate,C1,8046,2150,1635,68.125,76.04651162790698,268.724964441212,859.9508564429557,265.27704189249516,97.58454106280193,89.45852534562212,2.4154589371980677,0.2645150595636744,499.9971945230575,0,290.0,52.00999999999985,6.299305555555559,80.56998518352836,58.48446878266119,22.08551640086716,72.58840702209498,29.3005555555555,0.0,58.48446878266119,142.67985315068427,0,0,2999.983167138345,0,0,0,29,0.3,0.7,0.0,0.0,0.0,0.0,0.0,0.0,0.0,0,0,0,,,,,,,,,,,,,,,,,,,,,,,,,
moderately_constrained_moderate,C1,8047,2194,1458,60.75,66.45396536007293,352.85273410781144,1089.7312681426367,349.6840785748146,89.43820224719101,82.04688393367638,10.561797752808989,0.24023752851961847,694.9386451044968,0,270.0,52.14199999999982,6.363472222222225,75.43403424846228,54.416037401280846,21.01799684718143,72.13724937744546,29.359410587281552,0.0,54.416037401280846,151.13526066600664,0,0,4169.631870626981,0,0,0,27,0.3,0.7,0.0,0.0,0.0,0.0,0.0,0.0,0.0,0,0,0,,,,,,,,,,,,,,,,,,,,,,,,,
moderately_constrained_moderate,C1,8048,2253,1392,58.0,61.784287616511314,419.0160150867498,1113.1843759194048,415.6067695110637,96.19686800894854,87.04318936877077,3.803131991051454,0.20596077238979846,637.5447501216518,0,290.0,54.28199999999981,6.58583333333334,81.1001420730779,58.40273427475587,22.697407798322025,72.01310969607205,29.44132642384116,0.0,58.40273427475587,163.5068698994543,0,0,3825.26850072991,0,0,0,29,0.3,0.7,0.0,0.0,0.0,0.0,0.0,0.0,0.0,0,0,0,,,,,,,,,,,,,,,,,,,,,,,,,
moderately_constrained_moderate,C1,8049,2127,1317,54.875,61.918194640338506,378.1113211048103,1212.1360778798999,374.7973230523828,93.61702127659575,86.9718309859155,6.382978723404255,0.2292027511476611,831.1358716939243,0,280.0,50.70399999999985,6.179861111111117,79.35349410159363,56.51359146635414,22.839902635239483,71.21752117682641,29.27555555555552,0.0,56.51359146635414,167.06168264473663,0,0,4986.815230163545,0,0,0,28,0.3,0.7,0.0,0.0,0.0,0.0,0.0,0.0,0.0,0,0,0,,,,,,,,,,,,,,,,,,,,,,,,,
moderately_constrained_moderate,C1,8050,2089,1171,48.791666666666664,56.05552896122546,385.0919156951623,817.8622087216548,381.52318284279846,98.98989898989899,92.8529238038984,1.0101010101010102,0.30760571596761477,581.463392619342,0,260.0,50.37199999999983,6.10930555555556,72.3261239300494,52.41314903153741,19.912974898511994,72.46779750319409,29.325555555555532,0.0,52.41314903153741,125.29768153054223,0,0,3488.780355716052,0,0,0,26,0.3,0.7,0.0,0.0,0.0,0.0,0.0,0.0,0.0,0,0,0,,,,,,,,,,,,,,,,,,,,,,,,,
moderately_constrained_moderate,C1,8051,2102,1588,66.16666666666667,75.54709800190295,176.0816520962138,485.5000376921848,172.70096706140689,95.55555555555556,86.3877430760165,4.444444444444445,0.3436872798525887,292.1518624900922,0,250.0,50.62599999999985,6.14319444444445,68.16206713475988,50.41204010301479,17.750027031745102,73.9590834347022,29.35055555555552,0.0,50.41204010301479,101.84318764400236,0,0,1752.911174940553,0,0,0,25,0.3,0.7,0.0,0.0,0.0,0.0,0.0,0.0,0.0,0,0,0,,,,,,,,,,,,,,,,,,,,,,,,,
moderately_constrained_moderate,C1,8052,2123,1274,53.083333333333336,60.00942063118229,446.93823491698737,1424.1355513034077,443.62597076990266,95.8041958041958,85.71428571428572,4.195804195804196,0.20905652583755396,956.1053961408118,0,280.0,51.33999999999984,6.219027777777782,79.61392676057862,56.46997350014334,23.143953260435282,70.92976794118492,29.348384019371466,0.0,56.46997350014334,180.41902873534937,0,0,5736.63237684487,0,0,0,28,0.3,0.7,0.0,0.0,0.0,0.0,0.0,0.0,0.0,0,0,0,,,,,,,,,,,,,,,,,,,,,,,,,
moderately_constrained_moderate,C1,8053,2168,1353,56.375,62.40774907749077,430.17071253325025,1286.1950610087797,426.91352635026857,96.07843137254902,86.60035108250439,3.9215686274509802,0.21152157934179447,876.9483436524062,0,280.0,52.51199999999984,6.356666666666671,79.28242354136115,56.45335981598003,22.829063725381122,71.20539117542069,29.25444444444442,0.0,56.45335981598003,171.9759412838122,0,0,5261.690061914438,0,0,0,28,0.3,0.7,0.0,0.0,0.0,0.0,0.0,0.0,0.0,0,0,0,,,,,,,,,,,,,,,,,,,,,,,,,
moderately_constrained_moderate,C1,8054,2129,1495,62.291666666666664,70.22076092062001,283.49057609995793,627.7679060256121,280.3084717201222,93.34862385321101,83.34317779090372,6.651376146788992,0.301926365900304,384.2634831840436,0,270.0,51.261999999999844,6.2211111111111155,73.896146683762,54.41370619635076,19.482440487411242,73.63537699633217,29.32555555555552,0.0,54.41370619635076,123.14973601537315,0,0,2305.580899104262,0,0,0,27,0.3,0.7,0.0,0.0,0.0,0.0,0.0,0.0,0.0,0,0,0,,,,,,,,,,,,,,,,,,,,,,,,,
moderately_constrained_moderate,C1,8055,2170,1237,51.541666666666664,57.00460829493088,537.4807782001016,1263.5715711127743,534.0207923450347,95.30516431924883,90.48165137614679,4.694835680751173,0.21602750130716553,786.4683122233203,0,280.0,52.36799999999983,6.349166666666673,79.0842935323405,56.45558494042177,22.628708591918716,71.38659576864652,29.350555555555534,0.0,56.45558494042177,168.99461032681185,0,0,4718.80987333992,0,0,0,28,0.3,0.7,0.0,0.0,0.0,0.0,0.0,0.0,0.0,0,0,0,,,,,,,,,,,,,,,,,,,,,,,,,
moderately_constrained_moderate,C1,8056,2190,1046,43.583333333333336,47.76255707762557,600.2457087536436,1480.6559931586933,596.7025368561124,97.16981132075472,91.84597961494903,2.8301886792452833,0.1858129414140038,842.3287764042732,0,280.0,52.20399999999982,6.362777777777782,80.41434114509785,56.47764553958225,23.936695605515602,70.23330009963675,29.399018761314817,0.0,56.47764553958225,184.34556848493105,0,0,5053.97265842564,0,0,0,28,0.3,0.7,0.0,0.0,0.0,0.0,0.0,0.0,0.0,0,0,0,,,,,,,,,,,,,,,,,,,,,,,,,
moderately_constrained_moderate,C2,8007,2157,1220,50.833333333333336,56.56003708854891,386.1803334534167,1269.867851122285,383.16252939400044,89.24205378973105,72.48283752860412,10.757946210268948,0.25130082059454467,802.5388216844434,0,2460.0,52.31199999999983,6.329027777777786,84.04419263796504,59.80447094174447,24.239721696220574,71.15836212427267,19.27108513044061,3.513106611761465,56.291364329983004,164.68405683254147,2.5,5,4815.23293010666,131,13.740458015267176,47,246,nan,nan,2.107345125032674,2.0699660189945113,0,0.31278208591095236,0.5858428306874373,-0.03737910603816328,0.0,0,0,0,,,,,,,,,,,,,,,,,,,,,,,,,
moderately_constrained_moderate,C2,8008,2130,1284,53.5,60.281690140845065,375.1858373245407,959.9364651824347,372.03913134130954,94.77272727272728,79.58579881656804,5.227272727272727,0.2564617814439959,474.0682732788489,0,1350.0,51.37799999999984,6.230416666666672,79.60416066778163,57.710936894556724,21.893223773224907,72.4973875868202,19.385555555555584,1.5035106776074552,56.207426216949266,150.28959780026915,2.5,5,2844.409639673094,67,13.432835820895523,30,135,nan,nan,1.9169262895538983,2.073845169330258,0,0.272107239689463,0.530616238308571,0.15691887977635946,0.0,0,0,0,,,,,,,,,,,,,,,,,,,,,,,,,
moderately_constrained_moderate,C2,8009,2125,1284,53.5,60.42352941176471,519.1577477783642,2213.1723972442533,515.9192678542507,92.53012048192771,82.046783625731,7.46987951807229,0.1467916127734786,1348.1624709562902,0,1280.0,51.04399999999984,6.200972222222228,89.28315593150752,61.52598952783289,27.75716640367463,68.91108281950943,19.248101237574776,1.7416043009568063,59.78438522687607,232.63868145235455,2.5,5,8088.974825737741,72,29.166666666666668,27,128,nan,nan,2.0624492227698643,2.149758977414288,0,0.2796945241835021,0.5754411375444057,0.08730975464442398,0.0,0,0,0,,,,,,,,,,,,,,,,,,,,,,,,,
moderately_constrained_moderate,C2,8010,2174,1417,59.041666666666664,65.17939282428704,396.1950219047264,1041.382682930352,393.15603481933096,91.95402298850574,73.5480161012076,8.045977011494253,0.26254706941318684,625.9518425750765,0,1860.0,51.963999999999835,6.326111111111118,79.3112115273457,58.04688794091746,21.264323586428258,73.18875455698148,19.43166666666677,1.7957646552151911,56.25112328570225,140.52731390764345,2.5,5,3755.7110554504593,58,43.103448275862064,43,186,nan,nan,2.0271130496286696,2.1131910880584694,0,0.24069315100789815,0.5263158598477737,0.08607803842980077,0.0,0,0,0,,,,,,,,,,,,,,,,,,,,,,,,,
moderately_constrained_moderate,C2,8011,2099,1495,62.291666666666664,71.22439256788947,270.0375896194976,932.9142681326172,267.1167317506647,87.96498905908096,72.89890377588306,12.035010940919037,0.2980867453257858,535.0995706236307,0,2710.0,50.96599999999984,6.163055555555558,72.78756128690665,53.14627131652086,19.641289970385785,73.01559549032596,19.392777777777866,3.9116338391465395,49.23463747737432,129.62017502675076,2.5,5,3210.597423741784,126,20.634920634920633,57,271,nan,nan,2.116676933633805,2.1247709426635377,0,0.2603650881529596,0.5319789745608325,0.008094009029732618,0.0,0,0,0,,,,,,,,,,,,,,,,,,,,,,,,,
moderately_constrained_moderate,C2,8012,2175,1501,62.541666666666664,69.01149425287356,398.0761592785648,1722.3136324387274,394.9996114881147,91.05145413870245,79.2824074074074,8.94854586129754,0.20053056072176967,1060.7937446443275,0,2690.0,52.38199999999982,6.356388888888895,89.66987242902395,63.05733903454411,26.612533394479847,70.32165578740577,19.53899972065633,3.3628151054714652,59.69452392907265,205.11034517788974,2.5,5,6364.762467865965,111,18.91891891891892,55,269,nan,nan,2.1734421223399183,2.219391163278939,0,0.30914209371123197,0.5928763088087013,0.0459490409390209,0.0,0,0,0,,,,,,,,,,,,,,,,,,,,,,,,,
moderately_constrained_moderate,C2,8013,2190,1005,41.875,45.89041095890411,783.8424262146038,2007.7281877180553,780.7078448289088,90.41394335511983,79.31831311380705,9.586056644880173,0.1403235783992471,1410.417481133757,0,2090.0,52.83799999999983,6.406805555555561,84.4929222817535,58.69697282819109,25.7959494535624,69.469691949413,19.406358166383065,2.466448828132102,56.230524000058985,214.71878901858196,2.5,5,8462.50488680254,96,7.291666666666667,39,209,nan,nan,1.8959681020071233,2.0132804469041714,0,0.2744348801229402,0.5249622693806444,0.117312344897048,0.0,0,0,0,,,,,,,,,,,,,,,,,,,,,,,,,
moderately_constrained_moderate,C2,8014,2185,1804,75.16666666666667,82.5629290617849,167.4225106923632,1300.7119999377558,164.3256541312945,91.93548387096774,80.35408338092519,8.064516129032258,0.2280799783414813,447.16696199445965,0,2240.0,53.11999999999981,6.420138888888894,87.06851817519515,62.5145855870592,24.553932588135968,71.79929887088501,19.41055555555562,2.7362896026774712,59.778295984381714,167.83806985041093,2.5,5,2683.0017719667576,95,16.842105263157894,43,224,nan,nan,2.193865992855276,2.1941564287996287,0,0.2720223054805263,0.5375349634803412,0.00029043594435247655,0.0,0,0,0,,,,,,,,,,,,,,,,,,,,,,,,,
moderately_constrained_moderate,C2,8015,2167,1674,69.75,77.2496538994001,202.11833480387637,946.7082681445703,199.25141258650612,87.96296296296296,71.87319884726224,12.037037037037036,0.26415547445392557,442.4617111481942,0,3100.0,52.61999999999984,6.362916666666671,82.95727610703004,60.36899217377828,22.588283933251756,72.77118416459486,19.47907923365319,4.179704003068544,56.18928817070974,140.53449310542246,2.5,5,2654.770266889165,140,12.857142857142856,70,310,nan,nan,2.1298106416915465,2.123839515766227,0,0.26444726187068013,0.5414274161058116,-0.005971125925320025,0.0,0,0,0,,,,,,,,,,,,,,,,,,,,,,,,,
moderately_constrained_moderate,C2,8016,2230,1143,47.625,51.255605381165914,629.2126995849145,2380.0051703776844,626.1846988564495,90.36697247706422,74.02452619843925,9.63302752293578,0.09920772148635598,1474.8261876887848,0,2430.0,53.68199999999981,6.515416666666672,92.16877335417603,63.13605688244663,29.03271647172938,68.5004851261656,19.264444444444475,3.3398236231814753,59.796233259265165,245.72632928128928,2.5,5,8848.95712613271,122,15.573770491803279,51,243,nan,nan,2.0649972511394474,2.1285757355418804,0,0.29873907106247893,0.5712008056989057,0.06357848440243319,0.0,0,0,0,,,,,,,,,,,,,,,,,,,,,,,,,
moderately_constrained_moderate,C2,8017,2192,1690,70.41666666666667,77.09854014598541,194.9563186207798,1370.3665299666416,191.80902086012068,92.56756756756756,78.71853546910755,7.4324324324324325,0.20312364983131448,613.7450608343353,0,1830.0,53.01799999999983,6.42180555555556,87.12045718811981,62.00163084591652,25.118826342203285,71.16770600966426,19.37500000000007,2.2782946819257015,59.72333616399083,177.0340701492663,2.5,5,3682.470365006012,84,2.380952380952381,40,183,nan,nan,2.087113987010165,2.1439022623560375,0,0.2803196754955694,0.5624949148980031,0.05678827534587246,0.0,0,0,0,,,,,,,,,,,,,,,,,,,,,,,,,
moderately_constrained_moderate,C2,8018,2148,1071,44.625,49.86033519553072,599.3139412918019,2231.429682181411,596.2177822285344,90.53398058252428,79.43548387096774,9.466019417475728,0.1481523332836373,1006.2693765849261,0,2140.0,52.295999999999836,6.31666666666667,90.67538109322969,62.087452016607585,28.587929076622103,68.47222616331895,19.339444444444474,2.323473909326946,59.763978107280636,238.87051444751256,2.5,5,6037.6162595095575,83,19.27710843373494,50,214,nan,nan,2.0764676561244317,2.133108857308526,0,0.25305433201428235,0.5032981167408501,0.05664120118409408,0.0,0,0,0,,,,,,,,,,,,,,,,,,,,,,,,,
moderately_constrained_moderate,C2,8019,2214,1416,59.0,63.956639566395665,478.34008978194146,1563.2876163687515,475.1790456081192,92.10526315789474,78.89755011135857,7.894736842105263,0.21429593521913146,937.7232098886387,0,1960.0,53.77999999999983,6.502222222222228,88.33310028833382,62.291060934927636,26.042039353406185,70.51836823523608,19.353888888888918,2.49340674887796,59.79765418604968,188.62080987181557,2.5,5,5626.33925933183,81,12.345679012345679,45,196,nan,nan,2.163892029869796,2.1617424793721525,0,0.29072670480626056,0.5787949275114009,-0.0021495504976433385,0.0,0,0,0,,,,,,,,,,,,,,,,,,,,,,,,,
moderately_constrained_moderate,C2,8020,2150,1377,57.375,64.04651162790698,354.18591326679115,1615.7819338978866,351.26075259463323,91.23595505617978,73.54838709677419,8.764044943820224,0.175573566689458,865.9686987750824,0,2820.0,52.15199999999984,6.309166666666672,88.76749228930169,63.10201224267715,25.66548004662454,71.08684791615121,19.41055555555558,3.3239436726243667,59.77806857005278,196.0447488752141,2.5,5,5195.812192650495,120,7.5,68,282,nan,nan,2.0927061670510834,2.2036450259008586,0,0.3101296933489621,0.6099955143012198,0.11093885884977504,0.0,0,0,0,,,,,,,,,,,,,,,,,,,,,,,,,
moderately_constrained_moderate,C2,8021,2088,1547,64.45833333333333,74.09003831417624,243.51232550618735,952.5182215849993,240.46561428933006,90.6801007556675,77.40981667652277,9.319899244332493,0.29573368114813164,491.3401657663671,0,2360.0,50.427999999999855,6.111944444444449,76.66532247808681,55.71092080534565,20.954401672741163,72.6676925167431,19.403941305410218,3.0253792668855786,52.68554153846008,132.55979131112105,2.5,5,2948.0409945982033,97,27.835051546391753,45,236,nan,nan,2.1850851023313598,2.2429202295994712,0,0.26338650150980697,0.5442947577209131,0.057835127268110874,0.0,0,0,0,,,,,,,,,,,,,,,,,,,,,,,,,
moderately_constrained_moderate,C2,8022,2112,1442,60.083333333333336,68.27651515151516,290.75585239959725,1159.894426199833,287.6902890505388,90.99307159353349,77.72483621203097,9.006928406466514,0.23990172464573853,669.9657983472348,0,2090.0,51.11399999999984,6.189583333333337,85.59513785989813,62.53154066455209,23.063597195346034,73.05501483846376,19.411860326623046,2.7828426789690126,59.74869798558308,162.72563187922353,2.5,5,4019.7947900834088,92,19.565217391304348,31,209,nan,nan,2.01935120240481,2.1100951903807617,0,0.3105586172344689,0.578200376546967,0.0907439879759519,0.0,0,0,0,,,,,,,,,,,,,,,,,,,,,,,,,
moderately_constrained_moderate,C2,8023,2174,1220,50.833333333333336,56.117755289788406,462.0580533881966,1413.3691289568894,458.98189839743964,91.5929203539823,79.26829268292683,8.4070796460177,0.2036856059188605,856.8205700863048,0,1960.0,52.68399999999981,6.376111111111114,86.61243503605824,62.300082822493394,24.312352213564843,71.92972094198345,19.496111111111134,2.567031963306202,59.733050859187195,176.7373824725533,2.5,5,5140.923420517828,78,24.358974358974358,40,196,nan,nan,2.1872012180786156,2.188813380951848,0,0.26184211999417834,0.5448894462446222,0.001612162873232495,0.0,0,0,0,,,,,,,,,,,,,,,,,,,,,,,,,
moderately_constrained_moderate,C2,8024,2145,1069,44.541666666666664,49.836829836829835,521.5106194403846,1903.4981998217554,518.6374844995298,88.27751196172248,71.97452229299364,11.722488038277511,0.1574866803007645,940.326172813611,0,3370.0,51.973999999999826,6.290555555555559,86.60865990905947,60.8740073587219,25.73465255033758,70.28628248334591,19.318904619405185,4.617954788293158,56.256052570428736,207.59132515287462,2.5,5,5641.957036881665,131,27.480916030534353,68,337,nan,nan,2.187758694960013,2.188582773022681,0,0.32169010919034335,0.6007242493871532,0.0008240780626673917,0.0,0,0,0,,,,,,,,,,,,,,,,,,,,,,,,,
moderately_constrained_moderate,C2,8025,2122,1381,57.541666666666664,65.08011310084825,560.3381878110682,2673.9775174951915,557.1046571925154,94.13145539906104,83.31367924528301,5.868544600938967,0.09044224106799109,1841.5356513778202,0,1410.0,51.469999999999835,6.22680555555556,95.79843481402821,64.93638104231378,30.862053771714443,67.78438621504999,19.339444444444517,1.6401545176859356,63.29622652462784,268.3300888276526,2.5,5,11049.21390826692,56,16.071428571428573,29,141,nan,nan,2.0526418691040624,2.0224351141307007,0,0.32640891539175915,0.614599257507376,-0.030206754973361345,0.0,0,0,0,,,,,,,,,,,,,,,,,,,,,,,,,
moderately_constrained_moderate,C2,8026,2127,1572,65.5,73.90691114245416,214.71789279395023,844.5164885341313,211.6393649092693,91.76201372997713,79.11242603550296,8.237986270022883,0.2687915558276005,375.9510670798326,0,2240.0,51.38799999999982,6.227361111111117,80.87733686264907,59.13606541149559,21.741271451153487,73.11821544263276,19.346669448009283,2.884965508422074,56.25109990307352,143.308399836773,2.5,5,2255.7064024789956,97,21.649484536082475,41,224,nan,nan,2.081663326653307,2.126117619855095,0,0.24551025127177434,0.5219079647615016,0.0444542932017882,0.0,0,0,0,,,,,,,,,,,,,,,,,,,,,,,,,
moderately_constrained_moderate,C2,8027,2121,1261,52.541666666666664,59.45308816595946,420.37669121313115,1425.753470148429,417.2179260649084,93.26923076923077,79.5307917888563,6.730769230769231,0.21373733708629608,783.9219998671186,0,1650.0,51.74199999999982,6.244444444444449,86.39442763881156,62.06739593317023,24.327031705641332,71.84189724903885,19.25388888888889,2.2597554836008213,59.8076404495694,177.174264414889,2.5,5,4703.531999202712,74,41.891891891891895,29,165,nan,nan,2.102339814764665,2.1470237772842986,0,0.33488598819260146,0.6160063285319706,0.04468396251963387,0.0,0,0,0,,,,,,,,,,,,,,,,,,,,,,,,,
moderately_constrained_moderate,C2,8028,2166,1320,55.0,60.94182825484764,340.96830716634264,1129.9346709141514,337.9362065598794,89.57345971563981,75.57339449541286,10.42654028436019,0.2327472207884791,614.5389290781968,0,2590.0,52.41399999999983,6.347361111111115,82.10137458404796,59.852941716260254,22.248432867787713,72.90126629364558,19.425000000000097,3.6026910624847543,56.250250653775495,159.51833419357925,2.5,5,3687.23357446918,122,16.39344262295082,49,259,nan,nan,2.0812736584279676,2.1813256141913455,0,0.2975828199609095,0.5724290515038313,0.10005195576337862,0.0,0,0,0,,,,,,,,,,,,,,,,,,,,,,,,,
moderately_constrained_moderate,C2,8029,2080,1607,66.95833333333333,77.25961538461539,198.49904848341185,1883.0491536611569,195.70539956387222,86.62131519274377,71.32397803538744,13.378684807256235,0.18597705361007222,967.5107808899817,0,3320.0,50.779999999999816,6.1263888888888935,91.54194189198324,64.19054370329924,27.35139818868401,70.1214573086533,19.289444444444484,4.349085856970535,59.84145784632871,212.51842062079794,2.5,5,5805.06468533989,133,25.563909774436087,70,332,nan,nan,2.066628495085409,2.114953716957725,0,0.24651207176257275,0.5072851925400129,0.04832522187231606,0.0,0,0,0,,,,,,,,,,,,,,,,,,,,,,,,,
moderately_constrained_moderate,C2,8030,2182,1589,66.20833333333333,72.8230980751604,214.0920280500758,813.3607053513293,210.98194316621536,91.46608315098467,80.05797101449275,8.533916849015318,0.2803565788723345,454.8103477706476,0,1970.0,52.525999999999826,6.375138888888893,84.75979616353334,62.258014031904494,22.50178213162885,73.45229324500204,19.32500000000005,2.4767129151217087,59.78130111678277,128.73049712104375,2.5,5,2728.8620866238857,85,30.58823529411765,33,197,nan,nan,2.0544422177688713,2.1284569138276552,0,0.2321977287909152,0.5102709714960756,0.07401469605878425,0.0,0,0,0,,,,,,,,,,,,,,,,,,,,,,,,,
moderately_constrained_moderate,C2,8031,2117,1201,50.041666666666664,56.731223429381195,545.2915929932487,1301.9106317566718,542.1285338280252,91.70506912442397,80.33273915626857,8.294930875576037,0.23858441413292616,876.2020116586026,0,2120.0,51.30799999999985,6.2093055555555585,82.03137498072245,58.68144637457839,23.34992860614405,71.53536849573553,19.46175438629525,2.4968432422918063,56.18460313228658,162.8215737424665,2.5,5,5257.2120699516145,98,17.346938775510203,45,212,nan,nan,2.0269723119708805,2.0666025929409844,0,0.3117663899227026,0.5828658437798329,0.03963028097010347,0.0,0,0,0,,,,,,,,,,,,,,,,,,,,,,,,,
moderately_constrained_moderate,C2,8032,2242,985,41.041666666666664,43.933987511150754,704.415957518539,1547.3881351451967,701.1414190184826,96.12903225806451,84.18683173888576,3.870967741935484,0.2137102732620962,925.0238322957725,0,1180.0,54.251999999999825,6.570000000000006,82.40672002210228,57.83053620477113,24.576183817331145,70.17696637999961,19.287330571724635,1.6050739308757846,56.22546227389534,181.65496410146693,2.5,5,5550.142993774635,49,6.122448979591836,23,118,nan,nan,2.183543557703643,2.2077095367205,0,0.27148414476010846,0.535916505349699,0.024165979016857245,0.0,0,0,0,,,,,,,,,,,,,,,,,,,,,,,,,
moderately_constrained_moderate,C2,8033,2216,985,41.041666666666664,44.44945848375451,715.1652596665031,1569.1772473981903,712.0691744936449,91.42857142857143,78.98921067575242,8.571428571428571,0.21176744146020574,1053.8961263539484,0,1850.0,53.433999999999806,6.48069444444445,83.18119470211093,58.918389695926415,24.26280500618451,70.83138190900642,19.325000000000056,2.592814518906239,56.32557517702017,182.29905796403457,2.5,5,6323.37675812369,75,20.0,31,185,nan,nan,2.1327744245888227,2.2313858486203175,0,0.23891570122493508,0.5011362189933485,0.09861142403149495,0.0,0,0,0,,,,,,,,,,,,,,,,,,,,,,,,,
moderately_constrained_moderate,C2,8034,2101,1459,60.791666666666664,69.44312232270347,368.34881878372016,1144.6865350364183,365.28368756994684,92.7360774818402,77.48815165876776,7.263922518159806,0.2768438945125323,706.3090234415369,0,2010.0,51.02999999999985,6.1700000000000035,76.0627324510642,55.040697954762436,21.022034496301785,72.36224124629427,19.289444444444495,2.266619793490627,52.7740781612718,142.08810773692508,2.5,5,4237.854140649221,75,6.666666666666667,50,201,nan,nan,2.0599909496412177,2.05423750727261,0,0.24843234856810395,0.5152110103545696,-0.005753442368608184,0.0,0,0,0,,,,,,,,,,,,,,,,,,,,,,,,,
moderately_constrained_moderate,C2,8035,2121,1104,46.0,52.05091937765205,514.8973354907074,1133.818476211301,511.62270839606,93.68932038834951,82.67992978349912,6.310679611650485,0.25759541353473997,730.609715968838,0,1470.0,51.20999999999985,6.207500000000004,80.24281204686785,58.157906024896356,22.084906021971506,72.47740269985522,19.264444444444493,1.8268915429480297,56.33101448194833,150.8594185458227,2.5,5,4383.658295813028,62,24.193548387096776,35,147,nan,nan,2.1804372102984595,2.209717144212089,0,0.2886689409353057,0.5419361259268695,0.029279933913628788,0.0,0,0,0,,,,,,,,,,,,,,,,,,,,,,,,,
moderately_constrained_moderate,C2,8036,2213,1392,58.0,62.901039313149575,399.65015770962924,1316.9950118637375,396.6794538176663,89.56916099773242,73.13769751693002,10.430839002267573,0.22980285144277415,780.0077472070221,0,2470.0,53.65399999999981,6.492222222222225,86.91045907766588,62.96477744832656,23.945681629339315,72.44787119586987,19.375000000000057,3.1430718711776553,59.821705577148904,168.87051452735034,2.5,5,4680.046483242131,97,9.278350515463918,59,247,nan,nan,2.1507885335889174,2.240707501960443,0,0.2692341204147426,0.5353370463469648,0.08991896837152566,0.0,0,0,0,,,,,,,,,,,,,,,,,,,,,,,,,
moderately_constrained_moderate,C2,8037,2103,1156,48.166666666666664,54.969091773656686,435.9212474339535,1359.03709318366,432.8657233904527,88.61386138613861,76.80988816951148,11.386138613861387,0.22986899516702528,706.5858828177777,0,2570.0,50.81399999999984,6.157500000000001,78.94427477558818,56.408132633066195,22.536142142521996,71.45310130901245,19.49611111111112,3.6943038568322337,52.71382877623395,169.99526956645153,2.5,5,4239.515296906667,122,10.655737704918032,49,257,nan,nan,2.172377813478196,2.2470064095132414,0,0.22994749830238992,0.4881010099617864,0.0746285960350453,0.0,0,0,0,,,,,,,,,,,,,,,,,,,,,,,,,
moderately_constrained_moderate,C2,8038,2142,1861,77.54166666666667,86.88141923436041,84.9974496902809,666.8462635858341,82.01854986953374,86.93693693693693,76.7962308598351,13.063063063063062,0.29830252202833146,266.15962543357347,0,2270.0,51.601999999999826,6.260972222222225,80.34631015738852,59.430548437760535,20.91576171962798,73.96798723095486,19.43102058698006,3.225935756532931,56.204612681227594,123.51848678300108,2.5,5,1596.957752601441,90,22.22222222222222,42,227,nan,nan,2.1685741150547546,2.1933630293762887,0,0.25159323386108706,0.5170327428785291,0.02478891432153407,0.0,0,0,0,,,,,,,,,,,,,,,,,,,,,,,,,
moderately_constrained_moderate,C2,8039,2168,1499,62.458333333333336,69.14206642066421,280.70038380633895,1324.7767553355404,277.4226264199965,95.32908704883228,85.79846788450206,4.670912951167728,0.23599584592490333,428.79580841103353,0,1370.0,52.30199999999979,6.342083333333338,81.6734020939631,58.30655145790587,23.366850636057237,71.38988944139454,19.385555555555563,2.035590334151586,56.27096112375428,171.57292410385648,2.5,5,2572.7748504662018,64,12.5,31,137,nan,nan,2.3846867288295597,2.2865068980937084,0,0.3215687573494096,0.6176520354928864,-0.09817983073585189,0.0,0,0,0,,,,,,,,,,,,,,,,,,,,,,,,,
moderately_constrained_moderate,C2,8040,2159,1206,50.25,55.85919407132932,463.859640523289,1627.9287379480388,460.62997552611125,93.48314606741573,81.62193698949824,6.51685393258427,0.17838008599222022,811.926389650173,0,1650.0,51.97799999999984,6.308333333333337,87.18390108508916,61.93314142593913,25.25075965915004,71.03735971334207,19.325000000000006,2.1265033514847778,59.806638074454355,193.11083729355673,2.5,5,4871.558337901038,66,25.757575757575758,35,165,nan,nan,2.0736608351838814,2.0872285110762063,0,0.294995396197801,0.5660965785450158,0.01356767589232519,0.0,0,0,0,,,,,,,,,,,,,,,,,,,,,,,,,
moderately_constrained_moderate,C2,8041,2106,915,38.125,43.44729344729345,808.8597049799874,2720.239490073491,805.9259871197013,87.06140350877193,74.18181818181819,12.938596491228072,0.10619667627076869,1939.5434197951195,0,2800.0,50.77999999999983,6.158888888888893,90.49488349491759,60.02277907751315,30.472104417404452,66.32726266881616,19.471111111111128,3.8129043175994215,56.20987475991372,267.3046169752434,2.5,5,11637.260518770718,143,11.888111888111888,60,280,nan,nan,2.1717981417380217,2.1220623064310438,0,0.21652395700491892,0.471827543496478,-0.049735835306977595,0.0,0,0,0,,,,,,,,,,,,,,,,,,,,,,,,,
moderately_constrained_moderate,C2,8042,2156,1709,71.20833333333333,79.26716141001855,190.57463697953256,982.3359341498069,187.59475842322195,89.69555035128806,76.86524002313476,10.304449648711945,0.2523725825269248,522.336055286494,0,2730.0,52.38599999999985,6.332916666666673,86.16909248017731,63.17004151744075,22.99905096273656,73.30939632673123,19.49611111111116,3.400915245747557,59.76912627169319,149.1320060394007,2.5,5,3134.016331718964,124,9.67741935483871,61,273,nan,nan,2.0196173597194393,2.028165706412826,0,0.25973822645290584,0.538494773957773,0.00854834669338677,0.0,0,0,0,,,,,,,,,,,,,,,,,,,,,,,,,
moderately_constrained_moderate,C2,8043,2098,1582,65.91666666666667,75.40514775977121,314.54628375847824,1556.19294555622,311.68136704272774,85.88516746411483,71.96428571428571,14.114832535885165,0.2453977464781911,894.5628129460426,0,3130.0,51.333999999999826,6.187361111111116,80.4950562510558,57.188604842759666,23.306451408296134,71.04610830309167,19.285555555555614,4.410514312574598,52.77809053018507,181.87317633683782,2.5,5,5367.376877676255,136,14.705882352941178,55,313,nan,nan,2.0891178329813993,2.12591626205431,0,0.2961627953894366,0.5750202641477538,0.03679842907291093,0.0,0,0,0,,,,,,,,,,,,,,,,,,,,,,,,,
moderately_constrained_moderate,C2,8044,2146,1294,53.916666666666664,60.29822926374651,461.61750007492583,1622.4691437431438,458.4752681161837,92.85714285714286,80.81947743467933,7.142857142857142,0.1900239899437539,1024.4735043665785,0,1900.0,51.73599999999983,6.27527777777778,82.99524046710157,58.88153189531612,24.113708571785438,70.94567298549624,19.429724132660166,2.6834162237093375,56.198115671606786,187.93005047819213,2.5,5,6146.8410261994695,97,14.432989690721648,39,190,nan,nan,2.1711699260590147,2.138138345656831,0,0.32174694216018246,0.5897154286430248,-0.03303158040218367,0.0,0,0,0,,,,,,,,,,,,,,,,,,,,,,,,,
moderately_constrained_moderate,C2,8045,2152,1843,76.79166666666667,85.64126394052045,127.94187098373314,741.4507886374507,124.80998914385356,91.5909090909091,79.8481308411215,8.409090909090908,0.28303503243262723,334.61904394689776,0,1900.0,51.98799999999983,6.300277777777779,83.72018643092889,62.01031121129387,21.709875219635016,74.0685297714355,19.299999999999986,2.2172640913589046,59.79304711993497,131.29009165153477,2.5,5,2007.7142636813867,78,10.256410256410255,38,190,nan,nan,1.9468879956444682,2.048154111691591,0,0.3304875647248254,0.5926813988737653,0.10126611604712317,0.0,0,0,0,,,,,,,,,,,,,,,,,,,,,,,,,
moderately_constrained_moderate,C2,8046,2150,1159,48.291666666666664,53.90697674418604,553.4856567296127,1796.3129620594102,550.2032234007203,96.37681159420289,81.4516129032258,3.6231884057971016,0.18875820125259457,1001.2071163667302,0,930.0,52.13799999999983,6.308194444444449,85.95537472810936,60.68724656043895,25.26812816767041,70.60320166412217,19.303570316978096,0.84751562624507,59.83973093419388,200.77236023592667,2.5,5,6007.242698200382,32,18.75,21,93,nan,nan,2.1602151671764585,2.0504166227191227,0,0.248391519881869,0.5320806641941557,-0.10979854445733572,0.0,0,0,0,,,,,,,,,,,,,,,,,,,,,,,,,
moderately_constrained_moderate,C2,8047,2194,1677,69.875,76.43573381950775,220.36060924275498,725.1397740964809,217.30686608296642,88.08988764044943,77.75871926815323,11.910112359550562,0.2866977851417225,295.42326338327877,0,2700.0,52.627999999999815,6.397222222222225,80.00997030691,59.21687073461419,20.793099572295816,74.0118644057289,19.396111111111168,2.9517523524252196,56.265118382188966,123.2591066927443,2.5,5,1772.5395802996725,93,37.634408602150536,64,270,nan,nan,2.0070692566234833,2.113628832468086,0,0.2984709576633582,0.5658112264036763,0.1065595758446026,0.0,0,0,0,,,,,,,,,,,,,,,,,,,,,,,,,
moderately_constrained_moderate,C2,8048,2253,1449,60.375,64.31424766977364,352.1309155062179,759.3795392743283,348.780563472206,95.97315436241611,83.49944629014396,4.026845637583892,0.2806889806198882,451.4616081758095,0,960.0,54.41599999999982,6.595138888888894,82.49734101714157,60.83884538586696,21.658495631274604,73.74643186769579,19.33944444444454,0.99530549795838,59.84353988790859,118.66994496140046,2.5,5,2708.769649054857,30,16.666666666666664,21,96,nan,nan,2.230460921843688,2.1802338854925036,0,0.4310392937774283,0.7237526759645108,-0.050227036351183404,0.0,0,0,0,,,,,,,,,,,,,,,,,,,,,,,,,
moderately_constrained_moderate,C2,8049,2127,1463,60.958333333333336,68.7823225199812,275.19267274425135,831.4732809788219,272.07833245726357,91.25295508274232,79.87089201877934,8.747044917257684,0.2801911654177515,492.60613352241177,0,2200.0,51.08799999999986,6.206527777777782,80.03786093364685,59.14236924413193,20.895491689514934,73.89299083487782,19.253888888888884,2.847383651039418,56.294985593092505,136.46863408268243,2.5,5,2955.6368011344703,104,25.0,50,220,nan,nan,2.2285158552398916,2.272014617470235,0,0.285040669574443,0.5791071230403361,0.04349876223034305,0.0,0,0,0,,,,,,,,,,,,,,,,,,,,,,,,,
moderately_constrained_moderate,C2,8050,2089,1288,53.666666666666664,61.65629487793203,442.68678023324065,1200.7640195807257,439.3047789798889,96.71717171717171,85.41051388068517,3.2828282828282833,0.24243543857913422,822.1912723035146,0,1050.0,50.52999999999983,6.1202777777777815,79.5480611386578,57.43076014264851,22.117300996009284,72.19630412178458,19.350220242041225,1.1832637122453302,56.24749643040318,164.3998479636306,2.5,5,4933.147633821087,35,25.71428571428571,20,105,nan,nan,2.34435162459751,2.2527526964040443,0,0.357749206277724,0.6354633974910954,-0.09159892819346557,0.0,0,0,0,,,,,,,,,,,,,,,,,,,,,,,,,
moderately_constrained_moderate,C2,8051,2102,1471,61.291666666666664,69.98097050428164,297.14950383712824,1645.453885463992,293.87850753311733,94.81481481481482,81.79139658220389,5.185185185185185,0.1909184506509928,1115.8056889047216,0,1810.0,50.937999999999825,6.164861111111119,88.53907634302095,62.39445676968143,26.144619573339515,70.47109518959833,19.402469497304235,2.620197550034108,59.774259219647334,193.50448516495987,2.5,5,6694.83413342833,85,24.705882352941178,33,181,nan,nan,2.182731316291119,2.248863580820177,0,0.2451732733760203,0.5205210823926288,0.06613226452905813,0.0,0,0,0,,,,,,,,,,,,,,,,,,,,,,,,,
moderately_constrained_moderate,C2,8052,2123,814,33.916666666666664,38.34196891191709,865.2535792749,1691.5523058315378,861.9719719618666,95.8041958041958,83.05785123966942,4.195804195804196,0.2294285532247846,1197.8260961889418,0,1210.0,51.52599999999984,6.2319444444444505,82.42694652160466,57.72655683347665,24.70038968812801,70.03359856154094,19.350000000000016,1.4425639999388007,56.28399283353785,191.31015774872654,2.5,5,7186.956577133651,44,20.454545454545457,23,121,nan,nan,2.0851417119954196,2.227941597480676,0,0.32556541654738047,0.5902244200340699,0.14279988548525624,0.0,0,0,0,,,,,,,,,,,,,,,,,,,,,,,,,
moderately_constrained_moderate,C2,8053,2168,1333,55.541666666666664,61.48523985239852,354.5239125571216,1051.7680968769266,351.4448689181988,94.11764705882352,79.69572849619661,5.88235294117647,0.26796185804900735,613.811477082156,0,1910.0,52.83799999999982,6.379305555555559,76.51763605246268,55.41722092709114,21.100415125371537,72.42411525768453,19.35819489805363,2.65076854581155,52.766452381279585,138.11177405948445,2.5,5,3682.8688624929355,85,14.117647058823529,29,191,nan,nan,2.172390235015486,2.280265075605757,0,0.2167744580069229,0.4913360697472347,0.10787484059027146,0.0,0,0,0,,,,,,,,,,,,,,,,,,,,,,,,,
moderately_constrained_moderate,C2,8054,2129,1068,44.5,50.16439643024895,578.2846613675537,1213.9604937562733,575.3385637105886,90.82568807339449,76.19610159480213,9.174311926605505,0.24629398480349504,825.7677782855083,0,2350.0,51.67799999999983,6.250000000000004,77.53296025783973,55.455845085239645,22.0771151726001,71.5255097971475,19.31444444444452,2.7219744798247265,52.73387060541491,159.14893263689754,2.5,5,4954.606669713048,110,11.818181818181818,47,235,nan,nan,1.9605756968482426,2.078083439606486,0,0.2893423210056477,0.5582460183507437,0.11750774275824376,0.0,0,0,0,,,,,,,,,,,,,,,,,,,,,,,,,
moderately_constrained_moderate,C2,8055,2170,1520,63.333333333333336,70.04608294930875,317.5420635904469,1636.836646525948,314.2102133575384,93.89671361502347,83.31422018348624,6.103286384976526,0.2089003435905029,749.080343281125,0,1450.0,52.60199999999982,6.365416666666673,87.76828843406969,61.78158494042175,25.986703493647937,70.39169390528929,19.37500000000001,1.990221330127822,59.79136361029393,196.987298512012,2.5,5,4494.482059686751,72,12.5,19,145,nan,nan,2.0380761523046096,2.041927605210421,0,0.266689629258517,0.503229891135289,0.003851452905811622,0.0,0,0,0,,,,,,,,,,,,,,,,,,,,,,,,,
moderately_constrained_moderate,C2,8056,2190,1499,62.458333333333336,68.44748858447488,282.7258837440676,833.7957335389937,279.3749599119653,93.86792452830188,84.37146092865233,6.132075471698113,0.25851037106695474,466.07669389449853,0,1300.0,52.40799999999982,6.376944444444449,83.83597109786959,61.45817331736002,22.377797780509567,73.30764171099555,19.360555555555546,1.6412624220363141,59.81691089532371,140.72711069316045,2.5,5,2796.4601633669913,47,31.914893617021278,25,130,nan,nan,2.214074166031178,2.207157678188235,0,0.2999627573731534,0.5520329999519035,-0.006916487842942529,0.0,0,0,0,,,,,,,,,,,,,,,,,,,,,,,,,
moderately_constrained_moderate,C3,8007,2157,937,39.041666666666664,43.43996291145109,791.370959210349,2720.1954902610737,788.5329321853029,84.10757946210269,69.16475972540046,15.892420537897312,0.1849643858616008,1702.7100248262616,0,3530.0,52.52599999999982,6.343888888888894,92.37064654530113,61.28149871952226,31.089147825778873,66.34304404210066,19.43555555555558,5.059567398274233,56.22193132124803,264.8312804559646,2.5,5,10216.260148957574,171,33.33333333333333,59,353,nan,nan,2.1382646598835655,2.132092077329734,0,0.3026706231454006,0.5805070077147303,-0.006172582553831697,0.0,0,0,0,,,,,,,,,,,,,,,,,,,,,,,,,
moderately_constrained_moderate,C3,8008,2130,1244,51.833333333333336,58.40375586854461,494.58010252194805,1731.7060878182938,491.6995626158965,90.68181818181819,71.77514792899409,9.318181818181818,0.1879207493714198,1093.9778689034508,0,2870.0,51.68199999999982,6.251527777777781,84.7826316669474,60.10488133900119,24.677750327946228,70.89291775597613,19.33944444444449,3.816510290294049,56.28837104870714,191.4142170438148,2.5,5,6563.8672134207045,139,35.97122302158273,73,287,nan,nan,2.131650755385309,2.2057472879338014,0,0.2633754594058967,0.5380531306517772,0.07409653254849183,0.0,0,0,0,,,,,,,,,,,,,,,,,,,,,,,,,
moderately_constrained_moderate,C3,8009,2125,1295,53.958333333333336,60.94117647058823,409.48990684129745,1541.0190987188132,406.4485518040036,87.46987951807229,75.78947368421053,12.530120481927712,0.25579916390438323,832.4246122741538,0,2760.0,51.339999999999826,6.2215277777777835,80.96270708631104,56.89290619449957,24.069800891811457,70.27050878356668,19.250000000000025,4.0724809763671885,52.820425218132385,175.3246065728844,2.5,5,4994.547673644923,151,29.13907284768212,62,276,nan,nan,2.0843295786976253,2.175039734641697,0,0.260613180383756,0.5372334757900222,0.09071015594407206,0.0,0,0,0,,,,,,,,,,,,,,,,,,,,,,,,,
moderately_constrained_moderate,C3,8010,2174,1449,60.375,66.65133394664213,356.7980117952769,1093.1123865744735,353.8189467865837,91.72413793103449,72.22541690626797,8.275862068965518,0.243366079992995,627.8857225058451,0,2140.0,52.019999999999825,6.330000000000007,84.69795618482239,61.962637940917446,22.73531824390495,73.15718198170755,19.379098674883735,2.2287280870143173,59.73390985390313,152.03590755975858,2.5,5,3767.314335035071,64,34.375,46,214,nan,nan,2.0562648138917434,2.129629818011658,0,0.22253644344526616,0.5082158488216819,0.07336500411991498,0.0,0,0,0,,,,,,,,,,,,,,,,,,,,,,,,,
moderately_constrained_moderate,C3,8011,2099,1275,53.125,60.74321105288233,490.50223334765894,1710.1130169240785,487.81869149973323,84.24507658643326,66.44336175395858,15.75492341356674,0.21372279465937016,1083.0202209279146,0,3560.0,51.13599999999982,6.1748611111111185,77.46986483145218,54.429160205409744,23.040704626042437,70.25849383347821,19.339175703263027,5.209929492263192,49.21923071314656,182.9575317665663,2.5,5,6498.121325567489,143,41.25874125874126,76,356,nan,nan,2.171536054565271,2.1725204795556023,0,0.24709067257321662,0.5162788452483065,0.0009844249903315412,0.0,0,0,0,,,,,,,,,,,,,,,,,,,,,,,,,
moderately_constrained_moderate,C3,8012,2175,1392,58.0,64.0,464.08396947908676,2072.868433648308,461.4123682784475,84.78747203579418,66.9560185185185,15.212527964205815,0.21600353204457456,1239.738752967823,0,4250.0,52.6939999999998,6.3780555555555605,89.55704884034208,62.0990057012108,27.458043139131277,69.3401652972262,19.314444444444494,5.825414286958324,56.273591414252465,220.327767329648,2.5,5,7438.432517806938,196,32.142857142857146,85,425,nan,nan,2.158022646760514,2.204825298518798,0,0.28793038399537463,0.5636405376427918,0.0468026517582843,0.0,0,0,0,,,,,,,,,,,,,,,,,,,,,,,,,
moderately_constrained_moderate,C3,8013,2190,1443,60.125,65.89041095890411,376.33633947149895,1683.7593226178387,373.42566132212187,86.27450980392157,73.36799537839399,13.725490196078432,0.17479132930966376,1028.0796086935616,0,2990.0,53.0179999999998,6.419305555555562,89.8204514821304,63.4077228281911,26.41272865393929,70.59385895071563,19.36055555555559,3.612080213419257,59.79564261477184,190.95853574753505,2.5,5,6168.4776521613685,137,38.68613138686132,58,299,nan,nan,1.9899373214514136,2.086982475589477,0,0.24670617831407496,0.5004125641838116,0.09704515413806335,0.0,0,0,0,,,,,,,,,,,,,,,,,,,,,,,,,
moderately_constrained_moderate,C3,8014,2185,931,38.791666666666664,42.608695652173914,987.5180340023694,2839.7370337186953,984.641143971142,89.63133640552996,72.01599086236436,10.368663594470046,0.1873551161038228,1931.333466975056,0,3080.0,53.2879999999998,6.431805555555561,85.79609713648546,56.70716892039254,29.088928216092906,66.09527800569074,19.264444444444493,3.905725395874086,52.80144352451846,262.4699229051902,2.5,5,11588.000801850336,138,27.536231884057973,60,308,nan,nan,2.1137496836676766,2.1438713604683772,0,0.3100809126785995,0.5817866586622795,0.03012167680070037,0.0,0,0,0,,,,,,,,,,,,,,,,,,,,,,,,,
moderately_constrained_moderate,C3,8015,2167,1592,66.33333333333333,73.4656206737425,280.59705274801775,1404.7597347574153,277.9545568360226,84.9537037037037,66.39769452449568,15.046296296296296,0.21655364032669766,719.7911146710395,0,4210.0,52.84199999999982,6.378333333333342,85.90995498579743,61.741186618222734,24.16876836757469,71.86732507126764,19.314444444444497,5.509049926729255,56.23213669149348,169.09559358175915,2.5,5,4318.746688026237,178,25.842696629213485,95,421,nan,nan,2.1358123654716845,2.148044236621391,0,0.24546871520819413,0.5127796669546167,0.012231871149706822,0.0,0,0,0,,,,,,,,,,,,,,,,,,,,,,,,,
moderately_constrained_moderate,C3,8016,2230,1655,68.95833333333333,74.2152466367713,218.73725848547042,711.0509272171294,215.85402449439712,86.69724770642202,70.40133779264214,13.302752293577983,0.2836578484793017,277.8796246591163,0,3370.0,53.869999999999806,6.528472222222229,77.59708639944914,57.47783466022444,20.119251739224698,74.07215570484676,19.360050929393594,4.7375958487665075,52.740238811457935,120.08306869019674,2.5,5,1667.2777479546978,158,39.87341772151899,77,337,nan,nan,2.0967774057431634,2.1550678997747053,0,0.2749474103486476,0.5491112340559438,0.058290494031541344,0.0,0,0,0,,,,,,,,,,,,,,,,,,,,,,,,,
moderately_constrained_moderate,C3,8017,2192,1516,63.166666666666664,69.16058394160584,230.292595390656,724.7906417764544,227.2203591515504,91.66666666666666,76.83066361556064,8.333333333333332,0.2823805225883392,392.81966671291786,0,2170.0,53.08599999999983,6.426527777777783,79.60780006478231,58.969853068138775,20.637946996643528,74.07547127310512,19.289444444444484,2.680215549264591,56.28963751887419,126.12724200255204,2.5,5,2356.918000277508,91,18.681318681318682,48,217,nan,nan,2.054467143241707,2.1309783746597675,0,0.27200669996709836,0.5505050290818718,0.07651123141806,0.0,0,0,0,,,,,,,,,,,,,,,,,,,,,,,,,
moderately_constrained_moderate,C3,8018,2148,1354,56.416666666666664,63.03538175046555,397.02881702402425,1563.406284682573,394.0298463809075,88.83495145631069,76.61290322580645,11.165048543689322,0.18782339391914868,828.3370311422337,0,2610.0,52.389999999999844,6.323194444444449,88.15702009755961,62.837007572163145,25.32001252539646,71.27850680822027,19.264444444444447,3.0569554747224137,59.780052097440745,188.97263031517744,2.5,5,4970.022186853403,111,41.44144144144144,60,261,nan,nan,2.090459607740071,2.162209665232104,0,0.266204540227997,0.5287175343066254,0.07175005749203324,0.0,0,0,0,,,,,,,,,,,,,,,,,,,,,,,,,
moderately_constrained_moderate,C3,8019,2214,1284,53.5,57.994579945799465,455.3509046932351,1286.1269440507424,452.4259686687998,88.75598086124403,70.87973273942094,11.24401913875598,0.23118560345206562,791.1621834634992,0,2690.0,53.9259999999998,6.512361111111116,78.22998374279447,56.15172760159432,22.07825614120016,71.7777569610786,19.380663262188293,3.42693039730452,52.72479720428981,153.78863792876066,2.5,5,4746.973100780995,96,25.0,57,269,nan,nan,2.186151831221498,2.1714768118915,0,0.27655310621242485,0.5565450778133288,-0.014675019329998581,0.0,0,0,0,,,,,,,,,,,,,,,,,,,,,,,,,
moderately_constrained_moderate,C3,8020,2150,1330,55.416666666666664,61.86046511627907,348.7737047526554,879.2097359729754,346.0550275297907,88.08988764044943,67.39002932551318,11.910112359550562,0.28174154977202487,532.9482627824922,0,3920.0,52.3719999999998,6.324444444444451,78.60277689748207,58.01029002045494,20.592486877027138,73.80183284887639,19.252853730452248,5.239241317789327,52.771048702665624,132.34395902567394,2.5,5,3197.689576694953,181,14.3646408839779,88,392,nan,nan,2.0994721538567855,2.2051051705533085,0,0.30573614071644617,0.5965694883116301,0.10563301669652302,0.0,0,0,0,,,,,,,,,,,,,,,,,,,,,,,,,
moderately_constrained_moderate,C3,8021,2088,1464,61.0,70.11494252873564,271.3967159865777,1010.2844111243762,268.40197785765474,90.17632241813602,74.74866942637493,9.82367758186398,0.269704994491814,471.2508851689093,0,2380.0,50.431999999999846,6.1122222222222256,81.14441379325508,59.30242080534564,21.841992987909443,73.08256728114412,19.307742538292345,3.0253792668855786,56.277041538460054,148.17700330491155,2.5,5,2827.5053110134563,97,52.57731958762887,46,238,nan,nan,2.187943454476521,2.2455180631533342,0,0.26220007582733035,0.5430674850031821,0.05757460867681308,0.0,0,0,0,,,,,,,,,,,,,,,,,,,,,,,,,
moderately_constrained_moderate,C3,8022,2112,1347,56.125,63.77840909090909,436.00965017404343,2001.8538998740487,433.17290898107746,85.91224018475751,71.11375818939845,14.087759815242496,0.2048789188342086,1229.085420409431,0,3190.0,51.333999999999804,6.204861111111116,86.79589865828352,60.71331844232989,26.08258021595362,69.94952455225902,19.355326748076564,4.445813117426934,56.267505324902956,212.8836943415001,2.5,5,7374.5125224565845,145,47.58620689655172,62,319,nan,nan,2.084704061588524,2.1667294986011627,0,0.2611559753169706,0.5318964285613651,0.08202543701263915,0.0,0,0,0,,,,,,,,,,,,,,,,,,,,,,,,,
moderately_constrained_moderate,C3,8023,2174,1458,60.75,67.06531738730452,368.8906667251488,1107.1855130551342,365.9488261571569,88.49557522123894,73.34494773519165,11.504424778761061,0.2526755372610657,696.8606659451016,0,2360.0,52.76399999999982,6.381666666666672,81.79419382558675,59.37024948916008,22.423944336426665,72.58491918846684,19.294120983299106,3.119459485978552,56.25079000318153,148.36396273910017,2.5,5,4181.163995670609,94,31.914893617021278,46,236,nan,nan,2.188431408271088,2.1957004918928766,0,0.27791947531426486,0.5544228943756603,0.007269083621789031,0.0,0,0,0,,,,,,,,,,,,,,,,,,,,,,,,,
moderately_constrained_moderate,C3,8024,2145,1420,59.166666666666664,66.2004662004662,328.93833942241764,736.9012693771123,326.0758705102388,88.03827751196172,71.45338737695425,11.961722488038278,0.3286305119065,392.95078843750304,0,3360.0,51.97199999999982,6.290416666666672,77.14089010203982,57.32742402538857,19.81346607665125,74.31522238018961,19.3855555555556,4.617954788293158,52.70946923709541,104.90502618943336,2.5,5,2357.704730625018,131,51.908396946564885,68,336,nan,nan,2.187758694960013,2.188582773022681,0,0.32169010919034335,0.6007242493871532,0.0008240780626673917,0.0,0,0,0,,,,,,,,,,,,,,,,,,,,,,,,,
moderately_constrained_moderate,C3,8025,2122,1356,56.5,63.901979264844485,408.49907622504935,1103.0928066135739,405.2892791501916,94.13145539906104,82.31132075471699,5.868544600938967,0.24892229062245974,581.7320035657478,0,1390.0,51.465999999999845,6.226527777777781,80.04534228492025,57.91790882009157,22.127433464828687,72.35637598241956,19.27941135352155,1.6401545176859358,56.27775430240564,155.92440340430193,2.5,5,3490.3920213944866,56,21.428571428571427,29,139,nan,nan,2.0526418691040624,2.0224351141307007,0,0.32640891539175915,0.614599257507376,-0.030206754973361345,0.0,0,0,0,,,,,,,,,,,,,,,,,,,,,,,,,
moderately_constrained_moderate,C3,8026,2127,1284,53.5,60.36671368124118,456.0567120835723,1255.2011583690567,453.1382093780417,88.558352402746,74.73372781065089,11.441647597254006,0.23999260192238925,814.2153391655361,0,3020.0,51.54399999999984,6.238194444444451,83.16062179406782,60.22537096705117,22.935250827016645,72.42053951470969,19.42111111111112,3.994692620829807,56.23067834622137,160.58777217989976,2.5,5,4885.2920349932165,127,50.39370078740157,59,302,nan,nan,2.097649845144835,2.12077301456059,0,0.2849615314545174,0.5600624828529566,0.023123169415754586,0.0,0,0,0,,,,,,,,,,,,,,,,,,,,,,,,,
moderately_constrained_moderate,C3,8027,2121,1182,49.25,55.72842998585573,566.019435142653,1401.4396736671758,562.9267398592311,91.34615384615384,77.36070381231673,8.653846153846153,0.2188135499703436,926.839552455612,0,2110.0,51.83399999999983,6.250833333333337,82.23642345396759,59.26734037761469,22.969083076352906,72.069452790332,19.32500000000005,2.9807712541507656,56.28656912346392,174.1285366844605,2.5,5,5561.03731473367,104,46.15384615384615,37,211,nan,nan,2.1090488669646987,2.160906428241098,0,0.28691228611068287,0.5629258160322057,0.051857561276398956,0.0,0,0,0,,,,,,,,,,,,,,,,,,,,,,,,,
moderately_constrained_moderate,C3,8028,2166,1392,58.0,64.26592797783933,511.9845299508467,2758.7181218569544,509.11684984489034,86.01895734597156,70.47018348623853,13.981042654028435,0.1639979919434535,1552.060006852709,0,3450.0,52.58599999999982,6.359305555555562,91.66011374630806,61.05794171626026,30.602172030047797,66.61342564471735,19.36024690650379,4.806076019701676,56.25186569655858,269.70993714045915,2.5,5,9312.360041116253,160,48.75,67,345,nan,nan,2.0653038599996347,2.1430033318917476,0,0.2951556608658046,0.5588956665259563,0.0776994718921125,0.0,0,0,0,,,,,,,,,,,,,,,,,,,,,,,,,
moderately_constrained_moderate,C3,8029,2080,1695,70.625,81.49038461538461,185.78364228437712,1223.9239276460237,183.11851610037826,84.35374149659864,68.39536302623551,15.646258503401361,0.26313827947186824,418.641713307242,0,3870.0,50.889999999999816,6.134027777777784,80.61703398714255,57.941238147743704,22.675795839398837,71.87220278655332,19.264444444444475,5.208519294067632,52.73271885367607,153.22814342799015,2.5,5,2511.850279843452,159,52.20125786163522,81,387,nan,nan,2.064516129032258,2.127513090697524,0,0.24697782662098391,0.5048079626808353,0.06299696166526601,0.0,0,0,0,,,,,,,,,,,,,,,,,,,,,,,,,
moderately_constrained_moderate,C3,8030,2182,1392,58.0,63.79468377635197,396.18624986939835,1240.8020923828553,393.2399758039056,88.6214442013129,74.84057971014492,11.37855579868709,0.23771741624800227,649.3833066110961,0,2520.0,52.63599999999981,6.382777777777781,82.0036359784832,59.41534736523782,22.58828861324539,72.45452796852534,19.318021288149907,3.1895697368172984,56.22577762842053,154.31399469564312,2.5,5,3896.299839666577,108,46.2962962962963,48,252,nan,nan,2.060188172956082,2.1122074657790155,0,0.23604836792228528,0.5095754324359718,0.05201929282293401,0.0,0,0,0,,,,,,,,,,,,,,,,,,,,,,,,,
moderately_constrained_moderate,C3,8031,2117,1391,57.958333333333336,65.70618800188946,374.7506796075028,1577.3199814822972,371.64648449653896,89.40092165898618,79.0255496137849,10.599078341013826,0.22837631308403541,979.4723286381088,0,2400.0,51.36399999999984,6.21319444444445,82.6564741153805,59.02458526346728,23.631888851913217,71.40951255805398,19.362924671755074,2.758741669220769,56.26584359424652,173.29910913921807,2.5,5,5876.833971828654,102,50.0,54,240,nan,nan,2.0049563412539366,2.0802139994274262,0,0.3149871170913255,0.5839350375000116,0.07525765817348984,0.0,0,0,0,,,,,,,,,,,,,,,,,,,,,,,,,
moderately_constrained_moderate,C3,8032,2242,1139,47.458333333333336,50.802854594112404,590.0106362892132,1378.9074474314061,586.8426209964191,94.40860215053763,81.37310073157006,5.591397849462366,0.20363267785669495,834.3221112433902,0,1490.0,54.313999999999815,6.574305555555561,81.22254736181736,58.259591760326686,22.96295560149068,71.72834841143441,19.35388888888894,1.9575990960249048,56.30199266430178,166.43150439709413,2.5,5,5005.932667460341,56,32.142857142857146,32,149,nan,nan,2.138608043153977,2.1955640604517304,0,0.3236548284539003,0.5953864572460054,0.0569560172977534,0.0,0,0,0,,,,,,,,,,,,,,,,,,,,,,,,,
moderately_constrained_moderate,C3,8033,2216,1557,64.875,70.26173285198556,299.057675501611,1207.2719079169399,296.0728511811417,90.76923076923077,74.95741056218058,9.230769230769232,0.2525418902570023,555.7327086551076,0,2350.0,53.53399999999982,6.487638888888893,82.8193458566512,59.55261191814864,23.266733938502544,71.90664367384156,19.33555555555562,3.2722786466102063,56.28033327153844,148.39001160573605,2.5,5,3334.3962519306447,95,38.94736842105263,40,235,nan,nan,2.1247151837922424,2.2285392703214653,0,0.23790045845114888,0.5040921528955832,0.10382408652922283,0.0,0,0,0,,,,,,,,,,,,,,,,,,,,,,,,,
moderately_constrained_moderate,C3,8034,2101,1472,61.333333333333336,70.0618752974774,284.07601505165024,985.9839322749576,281.31739300288956,88.61985472154964,68.42417061611374,11.380145278450362,0.2884406505637378,539.839603069612,0,3340.0,51.29599999999982,6.188472222222228,77.85753066030682,56.97011462142911,20.887416038877703,73.17225981644638,19.46563413817628,4.282909737547399,52.68720488388172,135.13005410620173,2.5,5,3239.0376184176725,136,27.205882352941174,80,334,nan,nan,2.08722774703011,2.0847777058819834,0,0.25280655354596343,0.5285854583514975,-0.002450041148126971,0.0,0,0,0,,,,,,,,,,,,,,,,,,,,,,,,,
moderately_constrained_moderate,C3,8035,2121,1385,57.708333333333336,65.2993870815653,337.0515603580329,962.4881699453238,333.88641729442804,92.47572815533981,79.4031597425395,7.524271844660194,0.2983193891935871,596.6512525859029,0,2050.0,51.32599999999984,6.215555555555559,75.63076489001406,55.44715602489636,20.1836088651177,73.31296477766728,19.289444444444506,2.6783212457918943,52.768834779104466,126.42503315051444,2.5,5,3579.9075155154183,88,36.36363636363637,46,205,nan,nan,2.1443940512604156,2.191161269908238,0,0.2840839573884611,0.542494377587498,0.046767218647821955,0.0,0,0,0,,,,,,,,,,,,,,,,,,,,,,,,,
moderately_constrained_moderate,C3,8036,2213,1305,54.375,58.96972435607773,391.830919785818,1154.9769750203857,388.9534201610305,88.66213151927438,70.8803611738149,11.337868480725625,0.2405033647504545,616.7847837367596,0,2790.0,53.71799999999982,6.4966666666666715,77.58243164280321,56.17374967054879,21.408681972254428,72.40524495181847,19.410555555555618,3.410365648455862,52.76338402209292,148.33687003861618,2.5,5,3700.708702420558,108,38.88888888888889,72,279,nan,nan,2.1101293496083073,2.208234651120423,0,0.2612497722718164,0.5209877769251436,0.09810530151211513,0.0,0,0,0,,,,,,,,,,,,,,,,,,,,,,,,,
moderately_constrained_moderate,C3,8037,2103,1428,59.5,67.90299572039943,298.966221927141,803.3372618642745,296.11886237117756,86.13861386138613,70.21777516185992,13.861386138613863,0.3209267080599198,493.79111138633226,0,3360.0,50.97199999999981,6.168472222222228,73.10518449955669,54.078660410843995,19.026524088712694,73.97376913968657,19.35009603247126,4.826701063320243,49.25195934752375,115.36064183071477,2.5,5,2962.7466683179937,163,45.39877300613497,70,336,nan,nan,2.213470419099068,2.2996552110432047,0,0.24033159486675215,0.5144824530352775,0.08618479194413671,0.0,0,0,0,,,,,,,,,,,,,,,,,,,,,,,,,
moderately_constrained_moderate,C3,8038,2142,1275,53.125,59.523809523809526,461.4138692646348,1391.1387227972,458.52429250646026,85.36036036036036,72.85041224970554,14.63963963963964,0.22471462097512504,808.7460323967035,0,3110.0,51.76999999999983,6.272638888888894,84.55493273424489,60.75052065998278,23.80441207426211,71.84739990382457,19.25000000000006,4.484645237093879,56.2658754228889,171.25020401125437,2.5,5,4852.476194380221,129,29.457364341085274,61,311,nan,nan,2.124567779627051,2.1561971400427975,0,0.2575999456540199,0.5229525009702749,0.031629360415746745,0.0,0,0,0,,,,,,,,,,,,,,,,,,,,,,,,,
moderately_constrained_moderate,C3,8039,2168,1300,54.166666666666664,59.96309963099631,378.2193553398201,1054.2864009609762,375.15607760105513,90.65817409766454,79.72893341190336,9.341825902335456,0.2567968573663592,656.4380077164907,0,2510.0,52.529999999999795,6.357916666666673,82.53705316705553,59.9666347912392,22.57041837581632,72.65419892065488,19.249046452026878,3.70134018729203,56.26529460394717,144.81077446907332,2.5,5,3938.628046298944,116,32.758620689655174,55,251,nan,nan,2.2748219843943214,2.2375730183771805,0,0.26657570460069074,0.5552698685425539,-0.03724896601714068,0.0,0,0,0,,,,,,,,,,,,,,,,,,,,,,,,,
moderately_constrained_moderate,C3,8040,2159,1334,55.583333333333336,61.78786475220009,476.1203924720018,1889.6700181610433,472.99483237915564,92.13483146067416,77.8879813302217,7.865168539325842,0.15222628801512358,1098.1992089855992,0,1870.0,52.021999999999835,6.311388888888893,88.38875741963129,62.22369698149468,26.16506043813661,70.3977505714711,19.385555555555612,2.432909622173166,59.79078735932153,208.8031160798147,2.5,5,6589.195253913594,79,39.24050632911392,37,187,nan,nan,2.049675822232701,2.0507367676529533,0,0.2998231757632913,0.5743825640577443,0.001060945420252269,0.0,0,0,0,,,,,,,,,,,,,,,,,,,,,,,,,
moderately_constrained_moderate,C3,8041,2106,1628,67.83333333333333,77.30294396961064,227.28065398362247,1855.1534929407012,224.6081254703751,81.14035087719299,67.33333333333333,18.859649122807017,0.2080921935316112,1066.7949863822585,0,3860.0,50.99199999999979,6.173611111111118,87.66605693594938,61.416723521957614,26.249333413991774,70.05758633222197,19.40983881077926,5.174350918166551,56.24237260379106,198.54872956138126,2.5,5,6400.76991829355,192,50.520833333333336,75,386,nan,nan,2.1351459676108977,2.1352109624654716,0,0.24925526729133946,0.5089162688629637,6.499485457401176e-05,0.0,0,0,0,,,,,,,,,,,,,,,,,,,,,,,,,
moderately_constrained_moderate,C3,8042,2156,1309,54.541666666666664,60.71428571428571,465.68372028009765,1494.156081241044,462.86751949306864,86.88524590163934,71.3128976286871,13.114754098360656,0.19557947617272572,974.147784735269,0,3570.0,52.553999999999846,6.34458333333334,89.87228111372411,64.61301373966299,25.259267374061125,71.89426254564728,19.228887469521734,4.765301822427642,59.847711917235344,183.2078698519201,2.5,5,5844.8867084116155,168,45.23809523809524,74,357,nan,nan,1.9993162796180597,2.0223741600848757,0,0.24168336673346694,0.5066140471554494,0.023057880466815985,0.0,0,0,0,,,,,,,,,,,,,,,,,,,,,,,,,
moderately_constrained_moderate,C3,8043,2098,1465,61.041666666666664,69.82840800762631,313.0730186814442,2154.1995437295427,310.3975364544771,82.05741626794259,66.42857142857143,17.942583732057415,0.22379464361632814,1051.7044112289848,0,4130.0,51.53399999999981,6.201250000000008,90.2693756198857,62.09027150942635,28.179104110459342,68.78331780080276,19.264444444444454,5.8123006264317,56.27797088299466,225.7944322063296,2.5,5,6310.226467373909,184,31.521739130434785,85,413,nan,nan,2.1447176468806637,2.1748231980333466,0,0.3025698752669066,0.5837607687414454,0.0301055511526832,0.0,0,0,0,,,,,,,,,,,,,,,,,,,,,,,,,
moderately_constrained_moderate,C3,8044,2146,1436,59.833333333333336,66.91519105312209,302.88817918264334,903.7553697901587,300.0518412844903,87.44588744588745,73.27790973871734,12.554112554112553,0.29120806318874487,524.7609009713315,0,3430.0,52.0419999999998,6.296527777777785,78.49652926789354,57.93994856198283,20.556580705910708,73.81211513727563,19.253888888888923,5.198487997784375,52.74146056419845,127.21960653119753,2.5,5,3148.565405827988,158,41.139240506329116,80,343,nan,nan,2.189879759519038,2.196368346448996,0,0.3015909868517523,0.5739588301466169,0.006488586929957479,0.0,0,0,0,,,,,,,,,,,,,,,,,,,,,,,,,
moderately_constrained_moderate,C3,8045,2152,1293,53.875,60.08364312267658,401.4118751653816,1567.346370470366,398.51993642884236,87.72727272727273,73.13084112149532,12.272727272727273,0.1902262566323163,795.0277439606369,0,3210.0,52.249999999999815,6.318472222222227,88.46243085813786,63.42100565573833,25.041425202399537,71.69258750920258,19.357992606829335,3.6813483666617137,59.739657289076625,186.97535713172132,2.5,5,4770.166463763821,138,37.68115942028986,66,321,nan,nan,1.8780851176036284,1.9861433393101995,0,0.3070087543508069,0.5643243237205481,0.10805822170657105,0.0,0,0,0,,,,,,,,,,,,,,,,,,,,,,,,,
moderately_constrained_moderate,C3,8046,2150,1413,58.875,65.72093023255815,389.0353838262641,985.4412266366588,385.819816615365,94.44444444444444,79.7811059907834,5.555555555555555,0.2610795657624269,605.636710624888,0,1460.0,52.243999999999836,6.3155555555555605,83.84033662402892,61.51577433821674,22.324562285812195,73.37252784906651,19.339444444444492,1.6755798858700843,59.84019445234665,144.74114943143272,2.5,5,3633.8202637493273,62,38.70967741935484,29,146,nan,nan,2.1174907955445774,2.135107424150627,0,0.25828400988022554,0.5484105996601071,0.017616628606049317,0.0,0,0,0,,,,,,,,,,,,,,,,,,,,,,,,,
moderately_constrained_moderate,C3,8047,2194,1276,53.166666666666664,58.15861440291704,470.95720810339554,1203.4727997993843,467.9275782334334,87.41573033707866,76.72955974842768,12.584269662921349,0.22613428643277397,797.9018311163594,0,2740.0,52.635999999999825,6.397777777777784,86.53364753616077,62.78145406794752,23.75219346821326,72.55149396275286,19.314444444444476,2.985701981540706,59.795752086406814,159.59720591811342,2.5,5,4787.410986698155,93,34.40860215053764,64,274,nan,nan,2.0065890535935687,2.1165365750957172,0,0.30102227801907316,0.5690719373527121,0.10994752150214826,0.0,0,0,0,,,,,,,,,,,,,,,,,,,,,,,,,
moderately_constrained_moderate,C3,8048,2253,1054,43.916666666666664,46.7820683533067,641.4716426336223,1369.2733099897348,638.2686517233053,92.39373601789708,78.23920265780731,7.606263982102908,0.20898203110682656,931.1628774792003,0,1310.0,54.48599999999982,6.600000000000006,85.58884482161902,61.31798427475586,24.270860546863148,71.64249547070351,19.434053727534344,1.6078564331539011,59.71012784160195,170.72908396361458,2.5,5,5586.977264875202,47,19.148936170212767,26,131,nan,nan,2.2820377597299863,2.2488134163062967,0,0.3804451007277713,0.6702440686329904,-0.03322434342368949,0.0,0,0,0,,,,,,,,,,,,,,,,,,,,,,,,,
moderately_constrained_moderate,C3,8049,2127,1349,56.208333333333336,63.42266102491772,350.03625092017126,1074.6209604386718,346.98866616252724,90.30732860520094,76.7018779342723,9.692671394799055,0.253607528012778,630.8759740873302,0,2310.0,51.10999999999984,6.20805555555556,85.67143448488956,62.78931368857637,22.88212079631318,73.29083966680976,19.426750633180564,2.9967465414500127,59.79256714712635,152.4188165256665,2.5,5,3785.25584452398,109,48.62385321100918,51,231,nan,nan,2.210851609761579,2.2454628883936096,0,0.29138651134043786,0.5850484609028953,0.034611278632030416,0.0,0,0,0,,,,,,,,,,,,,,,,,,,,,,,,,
moderately_constrained_moderate,C3,8050,2089,1226,51.083333333333336,58.688367640019145,498.92938403289384,1266.9088970612618,495.61656927301215,94.94949494949495,83.99291199054932,5.05050505050505,0.24219827878781616,830.3057331651206,0,1190.0,50.55799999999984,6.122222222222227,75.5149996018474,53.89612125375963,21.61887834808779,71.37141169029564,19.62111111111112,1.2594843999837617,52.636636853775855,164.5421438384214,2.5,5,4981.834398990724,35,14.285714285714285,27,119,nan,nan,2.2915060891012797,2.1928857715430863,0,0.3404886696469863,0.6157568464623595,-0.09862031755819331,0.0,0,0,0,,,,,,,,,,,,,,,,,,,,,,,,,
moderately_constrained_moderate,C3,8051,2102,1066,44.416666666666664,50.713606089438635,566.767912455888,1334.1587464424467,563.7554386926666,91.35802469135803,72.59870359457867,8.641975308641975,0.26099604903158746,918.6972363385465,0,3020.0,51.1799999999998,6.181666666666675,74.54172863104147,53.73226232523702,20.80946630580445,72.08346695472429,19.254904395906255,4.451216358061096,49.28104596717593,151.45792613660308,2.5,5,5512.183418031279,165,38.78787878787879,55,302,nan,nan,2.097194388777555,2.1470440881763526,0,0.2576820307281229,0.525747597715738,0.0498496993987976,0.0,0,0,0,,,,,,,,,,,,,,,,,,,,,,,,,
moderately_constrained_moderate,C3,8052,2123,745,31.041666666666668,35.09185115402732,798.5859307167378,1836.6569832880475,795.3527762392863,94.4055944055944,81.93624557260921,5.594405594405594,0.21047598291722094,1216.840023164127,0,1240.0,51.53199999999984,6.232361111111118,83.2544483037045,57.74402905569888,25.510419248005633,69.35849102627408,19.252451994383136,1.447148027049217,56.296881028649665,197.7385943704707,2.5,5,7301.0401389847575,44,45.45454545454545,25,124,nan,nan,2.075038966822534,2.213872188822089,0,0.31652193275439766,0.5819691264758763,0.13883322199955467,0.0,0,0,0,,,,,,,,,,,,,,,,,,,,,,,,,
moderately_constrained_moderate,C3,8053,2168,1154,48.083333333333336,53.228782287822874,460.02326985168645,907.109794236228,457.07192807171805,92.5925925925926,73.43475716793446,7.4074074074074066,0.2770943308477521,558.029298181101,0,2160.0,52.88799999999981,6.3827777777777825,76.24954857501197,55.78816537153558,20.461383203476394,73.16524020683596,19.314444444444476,3.017678636008906,52.77048673552667,132.63229038023766,2.5,5,3348.175789086607,94,22.340425531914892,37,216,nan,nan,2.18272365626776,2.2731133909610266,0,0.20476774444411214,0.4735171428014575,0.09038973469326714,0.0,0,0,0,,,,,,,,,,,,,,,,,,,,,,,,,
moderately_constrained_moderate,C3,8054,2129,1570,65.41666666666667,73.74354156881165,259.162022309356,954.4051336366446,256.3349506407041,88.07339449541286,71.8251624335499,11.926605504587156,0.29708634876139556,565.3592694576921,0,3200.0,51.84799999999983,6.261805555555557,77.27575386668569,56.57848397412855,20.697269892557138,73.21634683983338,19.425000000000058,3.8635894783994162,52.71489449572913,126.05374629871821,2.5,5,3392.155616746152,153,41.17647058823529,69,320,nan,nan,1.959900128125103,2.067249252603568,0,0.2989454318473012,0.5701482684768444,0.10734912447846513,0.0,0,0,0,,,,,,,,,,,,,,,,,,,,,,,,,
moderately_constrained_moderate,C3,8055,2170,1252,52.166666666666664,57.695852534562206,579.523957059929,3019.772644302023,576.3256996843782,92.25352112676056,79.4151376146789,7.746478873239436,0.08665931315152246,1474.3815178381558,0,2030.0,52.71799999999982,6.373472222222231,93.98930804405273,62.43291827375509,31.556389770297653,66.42555368584352,19.301291209032975,2.716898727788879,59.716019545966205,285.45599426084596,2.5,5,8846.289107028935,101,33.663366336633665,32,203,nan,nan,1.965802572887711,2.019328980541729,0,0.25108281078285605,0.4885305320771029,0.05352640765401771,0.0,0,0,0,,,,,,,,,,,,,,,,,,,,,,,,,
moderately_constrained_moderate,C3,8056,2190,1464,61.0,66.84931506849315,433.56749512621116,1779.8233604448592,430.2474563374118,93.86792452830188,83.01245753114382,6.132075471698113,0.17755024785407367,1134.1327086441202,0,1360.0,52.41999999999984,6.377777777777781,86.85367961705825,61.42092331736002,25.43275629969822,70.71769853409506,19.350000000000094,1.6514400644922167,59.76948325286779,201.2502973593592,2.5,5,6804.796251864722,48,52.083333333333336,27,136,nan,nan,2.1800407537764603,2.1919637594516765,0,0.3033293477711727,0.5503977947414088,0.011923005675215974,0.0,0,0,0,,,,,,,,,,,,,,,,,,,,,,,,,
moderately_constrained_moderate,C4,8007,2157,1438,59.916666666666664,66.66666666666666,310.42595772181767,890.7066012122369,307.40896926893726,88.50855745721272,74.54233409610984,11.491442542787286,0.2856422352576377,516.4597748108343,0,2610.0,52.34199999999984,6.331111111111116,77.22282562414016,56.62438760841113,20.598438015729016,73.32597214716542,19.264444444444457,3.9129178542292173,52.711469754181934,129.03132551208404,2.5,5,3098.7586488650068,132,65.15151515151516,45,261,nan,nan,2.135148345471431,2.119800576763283,0,0.31350505889828445,0.584765783582077,-0.015347768708147998,0.0,0,0,0,246,0.6366024955641478,2.587815022618487,5.135260755196214,7.783454144373536,,,,,,,,,,,,,,,,,,,,
moderately_constrained_moderate,C4,8008,2130,842,35.083333333333336,39.53051643192488,658.5527788598495,1738.042808195735,655.5023185499083,93.86363636363636,76.15384615384615,6.136363636363637,0.21269190723170628,1000.9917184777809,0,1620.0,51.431999999999825,6.2341666666666695,87.953540417749,61.79638133900117,26.157159078747824,70.26025449969343,19.289444444444467,1.9199506698977915,59.876430669103385,198.7597142107962,2.5,5,6005.950310866686,81,56.79012345679012,34,162,nan,nan,1.9745560085688623,2.099025637481861,0,0.2782115956050031,0.5373246166797052,0.1244696289129984,0.0,0,0,0,145,0.4056243095546961,2.7974090314116973,6.410885509103536,7.808959810063243,,,,,,,,,,,,,,,,,,,,
moderately_constrained_moderate,C4,8009,2125,1649,68.70833333333333,77.60000000000001,229.17038804041334,577.7460443425039,225.8889741684435,93.97590361445783,83.09941520467837,6.024096385542169,0.31759360239572326,324.2406987479856,0,930.0,50.97399999999985,6.196111111111115,76.94028274609967,57.40507286116621,19.535209884933458,74.6099062965508,19.39599670648381,1.1735741973573777,56.231498663808836,114.30494967367717,2.5,5,1945.4441924879138,53,62.264150943396224,18,93,nan,nan,2.025271321864508,2.054941050933035,0,0.30231892356140855,0.5898551771395063,0.029669729068526666,0.0,0,0,0,77,0.24969261069782078,3.2427611778937764,6.508571328595281,7.8919450752437115,,,,,,,,,,,,,,,,,,,,
moderately_constrained_moderate,C4,8010,2174,1665,69.375,76.58693652253909,232.54069544989187,662.7658510872348,229.47791914485458,91.95402298850574,74.92811960897068,8.045977011494253,0.2969484185313996,342.1515498720863,0,1860.0,51.96399999999983,6.326111111111119,77.80010517737485,58.057943496473,19.742161680901845,74.62450515215616,19.485693966729556,1.7957646552151907,56.26217884125781,119.88650443671585,2.5,5,2052.9092992325177,58,55.172413793103445,43,186,nan,nan,2.0271130496286696,2.1131910880584694,0,0.24069315100789815,0.5263158598477737,0.08607803842980077,0.0,0,0,0,170,0.36739761009812355,2.1611624123419033,5.311622389126569,8.093897020444274,,,,,,,,,,,,,,,,,,,,
moderately_constrained_moderate,C4,8011,2099,1110,46.25,52.88232491662696,531.0925517744345,1363.371716051803,528.2535370425386,87.08971553610503,70.76735688185141,12.910284463894966,0.24771346768961613,918.5635355255945,0,2890.0,51.00199999999983,6.165555555555559,75.18308371874076,53.414187983187524,21.768895735553237,71.04548701807646,19.25388888888893,4.185984528473442,49.228203454714084,161.04987205301535,2.5,5,5511.381213153567,128,66.40625,58,289,nan,nan,2.122987793769357,2.1203643650938244,0,0.2630424485334305,0.5363044056654007,-0.0026234286755328785,0.0,0,0,0,275,0.6855414286255836,2.4928779222748494,5.315952678211033,8.074466837570071,,,,,,,,,,,,,,,,,,,,
moderately_constrained_moderate,C4,8012,2175,1497,62.375,68.82758620689656,471.08145134538955,1372.2910882012468,468.15945731061237,88.81431767337807,74.71064814814814,11.185682326621924,0.25869548045078267,941.3700956424384,0,2750.0,52.39399999999982,6.357222222222225,79.20506644950198,56.20017236787744,23.00489408162454,70.95527456404376,19.31678848131447,3.4393979157213397,52.76077445215611,159.1501003120229,2.5,5,5648.220573854631,111,54.054054054054056,57,275,nan,nan,2.162386311083706,2.2041005087097276,0,0.30245105595807004,0.5854536629001357,0.04171419762602128,0.0,0,0,0,260,0.5901568725239486,2.26983412509211,5.182332277763635,7.823632098734379,,,,,,,,,,,,,,,,,,,,
moderately_constrained_moderate,C4,8013,2190,1436,59.833333333333336,65.57077625570777,364.6723852862332,1298.0692142392102,361.4893195595522,90.41394335511983,81.74465626805315,9.586056644880173,0.20357682488179274,701.0788968508967,0,2070.0,52.83399999999982,6.406527777777783,86.58150380678327,62.20647282819108,24.37503097859219,71.84730005038037,19.43166666666674,2.44510522819032,59.76136760000077,173.68723840425773,2.5,5,4206.47338110538,95,60.0,39,207,nan,nan,1.9107478114122984,2.0149773230671872,0,0.2638329290159266,0.5141835606364306,0.10422951165488872,0.0,0,0,0,190,0.48477881075814366,2.5514674250428615,5.246992397587746,7.921635173261166,,,,,,,,,,,,,,,,,,,,
moderately_constrained_moderate,C4,8014,2185,1426,59.416666666666664,65.26315789473685,339.738787179855,1134.577846027924,336.6549929043423,91.93548387096774,79.84009137635637,8.064516129032258,0.23207597542661149,635.3016535605402,0,2370.0,53.14599999999983,6.421944444444451,80.97452564374318,59.0854744759481,21.8890511677951,72.96797851697396,19.505113614367097,2.8304628557592557,56.25501162018883,157.28219252181086,2.5,5,3811.8099213632427,99,67.67676767676768,47,237,nan,nan,2.167185048830693,2.1903082182464484,0,0.2975543847876749,0.5667139609731784,0.023123169415754583,0.0,0,0,0,221,0.5143640632741153,2.3274392003353634,5.16020180657506,7.800850085914135,,,,,,,,,,,,,,,,,,,,
moderately_constrained_moderate,C4,8015,2167,1129,47.041666666666664,52.09967697277342,655.2515660804922,2791.5916498948313,652.4705091025592,86.57407407407408,70.835734870317,13.425925925925927,0.1090075913440572,1629.278324269413,0,3830.0,52.76599999999984,6.3730555555555615,92.39803594804523,61.251353284889404,31.146682663155822,66.29075245639487,19.37500000000005,5.046899605664097,56.2044536792253,269.4190541354582,2.5,5,9775.669945616479,162,56.79012345679012,86,383,nan,nan,2.1483238957478994,2.151010467802089,0,0.2516204070265872,0.5194282296473767,0.0026865720541901245,0.0,0,0,0,367,0.9069683861453086,2.4713035044831297,5.365721229463816,8.091271854937077,,,,,,,,,,,,,,,,,,,,
moderately_constrained_moderate,C4,8016,2230,1232,51.333333333333336,55.24663677130045,687.2780592492903,2574.614729643797,684.2895136598312,88.9908256880734,74.1917502787068,11.009174311926607,0.08918784564688363,1622.7490296169299,0,2940.0,53.783999999999786,6.522500000000006,94.0794848893272,63.94925132689109,30.130233562436125,67.97364101442457,19.325000000000045,4.14804564625077,59.801205680640315,258.15412458065924,2.5,5,9736.494177701576,146,61.64383561643836,64,294,nan,nan,2.0817447168705643,2.1392604703992824,0,0.27707400360287365,0.5465079840103554,0.057515753528718086,0.0,0,0,0,277,0.6982373155187815,2.5207123303927133,5.1879743579775095,7.822497980669141,,,,,,,,,,,,,,,,,,,,
moderately_constrained_moderate,C4,8017,2192,1667,69.45833333333333,76.0492700729927,234.95721084706307,813.9167774888258,231.749208214011,92.56756756756756,81.75057208237986,7.4324324324324325,0.26616059864981767,349.2916128875678,0,1830.0,53.01799999999982,6.42180555555556,83.89678506483455,62.074019734805425,21.822765330029124,73.98855592241739,19.289444444444474,2.2782946819257015,59.79572505287973,135.85919636566496,2.5,5,2095.749677325407,84,65.47619047619048,40,183,nan,nan,2.087113987010165,2.1439022623560375,0,0.2803196754955694,0.5624949148980031,0.05678827534587246,0.0,0,0,0,166,0.4117637383751571,2.4805044480431153,5.242053826805204,7.865217048674822,,,,,,,,,,,,,,,,,,,,
moderately_constrained_moderate,C4,8018,2148,1606,66.91666666666667,74.76722532588454,220.9411767443136,522.7575417831407,217.84056564383744,91.01941747572816,79.49308755760369,8.980582524271846,0.31898213065736686,271.55918512948676,0,2020.0,52.27199999999984,6.315000000000006,78.07615947320862,58.423757572163154,19.65240190104546,74.82918981460779,19.349092043049808,2.1982631483991524,56.22549442376399,110.27738827224655,2.5,5,1629.35511077692,80,65.0,49,202,nan,nan,2.0443467580321935,2.0989074924041633,0,0.2567716077315922,0.5074330280909867,0.054560734371969746,0.0,0,0,0,186,0.43911041389219463,2.360808676839756,5.17195655265823,7.790395990014076,,,,,,,,,,,,,,,,,,,,
moderately_constrained_moderate,C4,8019,2214,1434,59.75,64.76964769647697,329.4163048026406,813.7170605904727,326.2353340699124,92.82296650717703,77.44988864142539,7.177033492822966,0.2855305045626391,458.8644891106861,0,1910.0,53.76999999999982,6.501527777777781,75.22405221618861,55.20858871270542,20.01546350348319,73.39220247539954,19.303888888888917,2.4849722766497866,52.723616436055636,121.18169726241652,2.5,5,2753.186934664117,81,69.1358024691358,44,191,nan,nan,2.1760794315904537,2.1661049371470216,0,0.2878939697576972,0.5744894298373401,-0.009974494443432326,0.0,0,0,0,176,0.4240366246085614,2.4092990034577353,5.268311244435608,7.918763905763626,,,,,,,,,,,,,,,,,,,,
moderately_constrained_moderate,C4,8020,2150,1553,64.70833333333333,72.23255813953489,211.4824539730796,783.3222999773922,208.65313825560207,90.33707865168539,71.0850439882698,9.662921348314606,0.28696777918091204,448.43131572241987,0,2800.0,52.14799999999982,6.308888888888893,76.58287341125332,56.05965113156604,20.52322227968729,73.20128983738088,19.256792029685958,3.323943672624366,52.735707458941675,129.20822138034166,2.5,5,2690.58789433452,120,58.333333333333336,68,280,nan,nan,2.0927061670510834,2.2036450259008586,0,0.3101296933489621,0.6099955143012198,0.11093885884977504,0.0,0,0,0,265,0.6381319588981569,2.408045127917573,5.1842072512954465,7.823211839422584,,,,,,,,,,,,,,,,,,,,
moderately_constrained_moderate,C4,8021,2088,899,37.458333333333336,43.05555555555556,664.4953515036755,1776.4315484320591,661.4560400882282,90.6801007556675,76.81845062093436,9.319899244332493,0.24003154674805627,1039.6899866876959,0,2380.0,50.431999999999846,6.112222222222227,85.374941104583,59.24503191645675,26.12990918812624,69.39393591368045,19.414288296338388,3.0253792668855786,56.21965264957117,203.48379672593603,2.5,5,6238.139920126178,97,62.88659793814433,46,238,nan,nan,2.187943454476521,2.2455180631533342,0,0.26220007582733035,0.5430674850031821,0.05757460867681308,0.0,0,0,0,222,0.560597421368584,2.5252136097683966,5.377843382302672,8.133135037496686,,,,,,,,,,,,,,,,,,,,
moderately_constrained_moderate,C4,8022,2112,1309,54.541666666666664,61.979166666666664,315.92972897527005,1106.9113101587752,312.98104447273846,89.14549653579677,74.44907683144729,10.854503464203233,0.25393534223155695,610.239517270794,0,2730.0,51.24199999999982,6.198472222222227,82.15241510805748,60.03559622010767,22.11681888794982,73.07830955564859,19.356698977792185,3.7927450067761224,56.24285121333156,154.30546132773253,2.5,5,3661.437103624763,129,57.36434108527132,47,273,nan,nan,2.05650990697348,2.1427836217181446,0,0.2704241167159221,0.538495985958244,0.08627371474466443,0.0,0,0,0,257,0.6681838240474463,2.5999370585503745,6.438019406050444,7.780994055792689,,,,,,,,,,,,,,,,,,,,
moderately_constrained_moderate,C4,8023,2174,1018,42.416666666666664,46.826126954921804,742.6122929954356,2185.0174900637553,739.5484851231105,91.5929203539823,77.70034843205576,8.4070796460177,0.116444809187032,1539.0821670319135,0,1960.0,52.68399999999983,6.376111111111114,90.32304228389425,62.3410828224934,27.981959461400862,69.02013179156346,19.316922159391122,2.567031963306202,59.7740508591872,229.30468915370247,2.5,5,9234.49300219148,78,64.1025641025641,40,196,nan,nan,2.1872012180786156,2.188813380951848,0,0.26184211999417834,0.5448894462446222,0.001612162873232495,0.0,0,0,0,179,0.4291861788369715,2.397688149927215,5.2826170809566975,7.941087009385228,,,,,,,,,,,,,,,,,,,,
moderately_constrained_moderate,C4,8024,2145,1449,60.375,67.55244755244755,436.32292392682893,1368.8784367148223,433.4509737938552,88.03827751196172,71.97452229299364,11.961722488038278,0.2892494596216141,911.2535379813405,0,3350.0,51.96999999999983,6.290277777777781,75.28612610545544,53.80472958094413,21.48139652451131,71.46699181410702,19.325148341750367,4.617954788293158,49.186774792650965,149.8314183992862,2.5,5,5467.521227888041,131,64.12213740458014,68,335,nan,nan,2.187758694960013,2.188582773022681,0,0.32169010919034335,0.6007242493871532,0.0008240780626673917,0.0,0,0,0,321,0.7676605896558613,2.391466011388976,5.386125994846225,8.069290081039071,,,,,,,,,,,,,,,,,,,,
moderately_constrained_moderate,C4,8025,2122,1410,58.75,66.44674835061262,330.6111428844804,883.2588100722055,327.36571716611013,94.13145539906104,83.9622641509434,5.868544600938967,0.28232197454295055,475.0870593579578,0,1390.0,51.46599999999985,6.226527777777784,79.14692061658891,57.936269931202666,21.210650685386245,73.20091480483882,19.35901330831335,1.6401545176859353,56.29611541351674,135.88459305200746,2.5,5,2850.522356147746,56,60.71428571428571,29,139,nan,nan,2.0526418691040624,2.0224351141307007,0,0.32640891539175915,0.614599257507376,-0.030206754973361345,0.0,0,0,0,123,0.27934379503130913,2.271087764482188,3.921586973592639,7.856504060328007,,,,,,,,,,,,,,,,,,,,
moderately_constrained_moderate,C4,8026,2127,1513,63.041666666666664,71.13305124588622,325.3936537474795,1219.1513012155676,322.35441364602394,90.38901601830663,78.75739644970415,9.610983981693364,0.23418244071396407,789.1739791360359,0,2430.0,51.42599999999983,6.230000000000003,87.14956782043734,62.81650985594005,24.3330579644973,72.078968865763,19.418604424199508,3.0804584886061375,59.73605136733391,164.0738689049549,2.5,5,4735.043874816214,100,65.0,47,243,nan,nan,2.0562718357068124,2.1178285775090004,0,0.25872984907868835,0.5342699912282493,0.06155674180218846,0.0,0,0,0,226,0.5384638488758355,2.382583402105467,5.256038683000952,7.881424156948924,,,,,,,,,,,,,,,,,,,,
moderately_constrained_moderate,C4,8027,2121,1507,62.791666666666664,71.05139085337106,295.8976364611144,1351.8401708112492,292.74592596849453,92.54807692307693,79.41348973607039,7.451923076923077,0.2413938378711649,465.24282415697814,0,1660.0,51.743999999999836,6.2445833333333365,81.8243010920589,58.503701488725795,23.320599603333108,71.49917653791438,19.374999999999996,2.280808791072344,56.22289269765345,166.7981324682847,2.5,5,2791.45694494187,74,52.702702702702695,29,166,nan,nan,2.093627254509018,2.1559919839679362,0,0.34869739478957923,0.6320258768509409,0.062364729458917835,0.0,0,0,0,150,0.3869724671822041,2.579816447881361,5.278308852575719,8.072798140347004,,,,,,,,,,,,,,,,,,,,
moderately_constrained_moderate,C4,8028,2166,1577,65.70833333333333,72.80701754385966,244.12593598283902,655.8675132465644,241.11342528510315,89.33649289099526,74.02522935779817,10.66350710900474,0.31010497809280396,368.9559962052042,0,2270.0,52.349999999999845,6.342916666666674,75.36875832498434,55.786219494038015,19.58253883094632,74.01769743040225,19.385555555555595,3.038981451830085,52.74723804220794,113.10367981098427,2.5,5,2213.735977231225,109,72.47706422018348,44,227,nan,nan,2.0662646046810607,2.138919348130223,0,0.2922637728286762,0.5675848877725337,0.07265474344916248,0.0,0,0,0,212,0.5728333364240825,2.702044039736238,5.317616742104292,8.02231696434319,,,,,,,,,,,,,,,,,,,,
moderately_constrained_moderate,C4,8029,2080,1482,61.75,71.25,291.4227602503589,1122.0733212620428,288.56220301134755,87.52834467120182,73.88651616839536,12.471655328798185,0.2772664373559179,662.3283428642255,0,2870.0,50.68999999999984,6.120138888888893,77.5305923537347,56.57848814774369,20.95210420599101,72.97569440667154,19.335555555555597,3.764954746976375,52.81353340076732,144.75124869756038,2.5,5,3973.970057185353,110,68.18181818181817,62,287,nan,nan,2.0943504656371563,2.1437728397972413,0,0.22721914417069433,0.4897092247119556,0.04942237416008488,0.0,0,0,0,272,0.6225018186960369,2.288609627558959,5.205783154815435,7.921768818050623,,,,,,,,,,,,,,,,,,,,
moderately_constrained_moderate,C4,8030,2182,1226,51.083333333333336,56.18698441796517,416.5205684373701,1374.390080045951,413.4407918629983,91.2472647702407,78.72463768115942,8.752735229759299,0.20704684784518165,783.0060639006188,0,1970.0,52.52599999999983,6.375138888888894,86.00360708527843,62.265319587460034,23.738287497818373,72.39849780453945,19.391586145501595,2.4767129151217087,59.78860667233833,172.71633573733544,2.5,5,4698.036383403713,85,64.70588235294117,33,197,nan,nan,2.0544422177688713,2.1284569138276552,0,0.2321977287909152,0.5102709714960756,0.07401469605878425,0.0,0,0,0,180,0.45614882302470505,2.5341601279150283,5.3156040376052225,8.051373064517975,,,,,,,,,,,,,,,,,,,,
moderately_constrained_moderate,C4,8031,2117,1278,53.25,60.36844591402929,434.00661692740204,1281.6224726457529,430.8312156109394,91.70506912442397,80.57040998217468,8.294930875576037,0.239210123030004,828.2424165833611,0,2120.0,51.30799999999985,6.209305555555559,81.25094449940086,58.76522415235617,22.48572034704469,72.32558896935592,19.35280351913267,2.4968432422918063,56.268380910064366,162.44614840421988,2.5,5,4969.454499500165,98,64.28571428571429,45,212,nan,nan,2.0269723119708805,2.0666025929409844,0,0.3117663899227026,0.5828658437798329,0.03963028097010347,0.0,0,0,0,196,0.49804565333761275,2.541049251722514,5.308325868099928,7.99267808906734,,,,,,,,,,,,,,,,,,,,
moderately_constrained_moderate,C4,8032,2242,1412,58.833333333333336,62.97948260481713,433.2609175852401,1771.184491078225,429.9255755686779,96.55913978494624,86.94428812605514,3.4408602150537635,0.13742045235083336,1088.6158659747684,0,1040.0,54.223999999999826,6.568055555555561,90.94859103271862,64.68270287143778,26.265888161280838,71.12007139084571,19.309792309660647,1.360265730332431,63.32243714110536,206.15883970061105,2.5,5,6531.695195848611,45,71.11111111111111,18,104,nan,nan,2.225707228410309,2.2661136225940255,0,0.2529244535582793,0.5116918922922026,0.04040639418371627,0.0,0,0,0,86,0.2516247706953436,2.925869426690042,6.618953659199178,7.970917969942093,,,,,,,,,,,,,,,,,,,,
moderately_constrained_moderate,C4,8033,2216,1700,70.83333333333333,76.71480144404332,209.4245795355884,494.0556608263476,206.34511376393493,90.98901098901099,78.81885292447473,9.010989010989011,0.3170708923634904,245.3844771208066,0,2150.0,53.493999999999794,6.484861111111115,74.65415269328392,55.865028584815306,18.789124108468613,74.83177635721941,19.264336853841282,3.1091409039959013,52.7558876808194,101.97968680412797,2.5,5,1472.3068627248397,89,60.67415730337079,36,215,nan,nan,2.1433466933867735,2.242845691382766,0,0.23260521042084167,0.4946569754398616,0.09949899799599199,0.0,0,0,0,200,0.4980035596527159,2.4900177982635796,5.302166438195854,8.015163941308856,,,,,,,,,,,,,,,,,,,,
moderately_constrained_moderate,C4,8034,2101,1270,52.916666666666664,60.44740599714422,375.00374862315033,1085.6010853982352,371.9794006917539,92.97820823244552,75.53317535545023,7.021791767554479,0.27858201673933575,666.7563991081986,0,1910.0,51.00999999999985,6.168611111111115,75.21662129309135,54.883475732540205,20.33314556055114,72.96721760298112,19.435555555555602,2.1249990813930886,52.75847665114712,141.04523440084301,2.5,5,4000.538394649191,71,64.7887323943662,47,191,nan,nan,2.033498815813445,2.0409455274184736,0,0.2365868099836036,0.502682642934649,0.007446711605028242,0.0,0,0,0,176,0.4356111432425678,2.475063313878226,6.545537151396275,7.916580885648727,,,,,,,,,,,,,,,,,,,,
moderately_constrained_moderate,C4,8035,2121,959,39.958333333333336,45.21452145214521,647.5859177230619,1530.8372902088804,644.3106605893339,93.68932038834951,82.67992978349912,6.310679611650485,0.2243703524160138,1052.5674482739491,0,1460.0,51.20799999999985,6.207361111111116,82.08434819965447,58.12207269156301,23.962275508091444,70.80774102048322,19.325000000000035,1.8256326950414778,56.296439996521535,176.5161428639587,2.5,5,6315.404689643693,62,66.12903225806451,35,146,nan,nan,2.1860644365654385,2.2155696007399417,0,0.29088947125019265,0.5440165025818872,0.029505164174502857,0.0,0,0,0,130,0.3098781160078943,2.3836778154453406,5.224998015910387,7.853011135011911,,,,,,,,,,,,,,,,,,,,
moderately_constrained_moderate,C4,8036,2213,1170,48.75,52.86940804338003,574.3488985554509,1658.1821555706986,571.3088192755233,90.47619047619048,75.7336343115124,9.523809523809524,0.20017286627896555,1069.3270325156398,0,2270.0,53.61399999999982,6.489444444444449,83.83714099345285,59.28449967054878,24.55264132290407,70.71388523993028,19.349999999999987,3.0271853425435755,56.25731432800521,188.46102537780462,2.5,5,6415.962195093837,90,58.88888888888889,51,227,nan,nan,2.168745073084558,2.254452032026138,0,0.26646658245400756,0.5346763757340215,0.08570695894157984,0.0,0,0,0,211,0.5073742815293372,2.4046174480063374,5.284137441776693,7.984736934304237,,,,,,,,,,,,,,,,,,,,
moderately_constrained_moderate,C4,8037,2103,1217,50.708333333333336,57.86970993818355,420.09646693316625,1179.2427914210816,417.11225306396057,87.87128712871286,74.4555620953502,12.128712871287128,0.23881046818788643,731.5166547546048,0,2580.0,50.81599999999983,6.1576388888888935,82.82448836675866,59.917993744177295,22.90649462258136,72.34333097097064,19.411422729950893,3.694303856832234,56.223689887345074,164.63038575393475,2.5,5,4389.099928527628,122,65.57377049180327,49,258,nan,nan,2.172377813478196,2.2470064095132414,0,0.22994749830238992,0.4881010099617864,0.0746285960350453,0.0,0,0,0,242,0.6429489587899297,2.6568138792972307,5.340422294102609,7.974416017532349,,,,,,,,,,,,,,,,,,,,
moderately_constrained_moderate,C4,8038,2142,1516,63.166666666666664,70.7749766573296,349.47557648554425,1787.5481405811638,346.481969967991,86.93693693693693,77.14958775029446,13.063063063063062,0.19593629845499347,1075.520434343075,0,2260.0,51.599999999999824,6.260833333333337,85.68774538125271,59.46388177109387,26.223863610158848,69.39601632242706,19.37500000000002,3.2024151804404313,56.261466590653434,204.058998378793,2.5,5,6453.122606058451,90,55.55555555555556,42,226,nan,nan,2.165473804752362,2.1969081019181225,0,0.24626395648439736,0.50955718711665,0.0314342971657601,0.0,0,0,0,210,0.4880936141125858,2.3242553052980277,5.189908493775874,7.815145887434483,,,,,,,,,,,,,,,,,,,,
moderately_constrained_moderate,C4,8039,2168,1522,63.416666666666664,70.20295202952029,300.07811497566564,1132.3803863696164,296.8283362873025,94.26751592356688,84.38420742486741,5.7324840764331215,0.24543048919125854,708.4880804949441,0,1450.0,52.317999999999806,6.34319444444445,80.71652404639616,58.494440346794754,22.222083699601402,72.46897836330506,19.303888888888896,2.1991816162286177,56.29525873056613,151.63059537413378,2.5,5,4250.928482969664,70,60.0,32,145,nan,nan,2.391713659877895,2.29822435568812,0,0.3058209442140094,0.5988255200081911,-0.0934893041897749,0.0,0,0,0,129,0.36642931844107807,2.840537352256419,6.15361589007079,7.9780148807913065,,,,,,,,,,,,,,,,,,,,
moderately_constrained_moderate,C4,8040,2159,1217,50.708333333333336,56.368689207966646,476.3208879248575,1247.6505554829387,473.1323948732052,93.25842696629213,79.81330221703618,6.741573033707865,0.22195692298012537,754.9985584020623,0,1720.0,51.99199999999985,6.309305555555561,81.56149324346502,58.50205809260581,23.059435150859226,71.72754662298092,19.40747166889993,2.2567546857124126,56.2453034068934,166.9647351008137,2.5,5,4529.991350412373,72,52.77777777777778,37,172,nan,nan,2.0766918452289196,2.09133651919223,0,0.2956682595961153,0.5656334983747745,0.014644673963311238,0.0,0,0,0,156,0.3909570144023746,2.5061347077075293,5.524405394680798,7.971175946295261,,,,,,,,,,,,,,,,,,,,
moderately_constrained_moderate,C4,8041,2106,1499,62.458333333333336,71.1775878442545,229.69215310696185,1107.7753430919797,226.69954933160324,88.37719298245614,77.45454545454545,11.62280701754386,0.24636070419159042,533.0099239065373,0,2520.0,50.72399999999983,6.155000000000002,82.57053593739018,59.76414018862425,22.806395748765926,72.37949894613853,19.324999999999978,3.5155177045956627,56.24862248402859,159.68357748504573,2.5,5,3198.059543439224,128,66.40625,53,252,nan,nan,2.2020311810060806,2.1396691688461673,0,0.23090248293196566,0.4896080134743723,-0.062362012159913056,0.0,0,0,0,236,0.6563949233386666,2.781334420926553,6.55378372175619,7.956444984301925,,,,,,,,,,,,,,,,,,,,
moderately_constrained_moderate,C4,8042,2156,1010,42.083333333333336,46.84601113172542,567.6273701454314,1422.4324272462075,564.6835600242821,89.22716627634661,76.11336032388664,10.772833723653395,0.23302312165474895,836.4127884249546,0,3340.0,52.50799999999984,6.341388888888894,85.00892984572428,60.80654151744075,24.202388328283533,71.52959298251788,19.385555555555626,4.554422290207648,56.2521192272331,176.84822860274102,2.5,5,5018.476730549727,164,67.07317073170732,68,334,nan,nan,2.0226490717283627,2.035391537792566,0,0.2407456422278519,0.5093616472167468,0.012742466064203881,0.0,0,0,0,318,0.8402430806308985,2.642273838461945,5.336435348726809,8.045736933127046,,,,,,,,,,,,,,,,,,,,
moderately_constrained_moderate,C4,8043,2098,1449,60.375,69.06577693040991,308.4278001438332,915.2333334215533,305.4600941753413,88.99521531100478,74.22619047619048,11.004784688995215,0.2736890940090997,563.8815146800581,0,2760.0,51.259999999999835,6.182222222222224,82.07263864985693,60.09418817609299,21.978450473763935,73.22073368747203,19.275000000000038,3.818974161330863,56.27521401476213,144.3976547056513,2.5,5,3383.289088080348,125,59.199999999999996,49,276,nan,nan,2.08191768151688,2.1283027593648836,0,0.30360721442885774,0.5773166297099375,0.046385077848003706,0.0,0,0,0,260,0.6586195980198681,2.533152300076416,5.301543651148677,8.001209003850818,,,,,,,,,,,,,,,,,,,,
moderately_constrained_moderate,C4,8044,2146,1617,67.375,75.34948741845294,172.99620026577884,589.0920790995808,169.98794715581244,91.77489177489177,76.3064133016627,8.225108225108226,0.3055807617281302,280.90357895684775,0,2330.0,51.821999999999804,6.281250000000005,76.06510948278938,56.25314300642725,19.81196647636214,73.95393681666255,19.29598749580843,3.4923981470580845,52.76074485936916,118.59598740756634,2.5,5,1685.4214737410869,120,63.33333333333333,48,233,nan,nan,2.2129212553547464,2.2365281020757113,0,0.29993932819767977,0.5631270049316902,0.02360684672096487,0.0,0,0,0,218,0.5910734352655709,2.7113460333283066,5.434999940916895,7.804587949067354,,,,,,,,,,,,,,,,,,,,
moderately_constrained_moderate,C4,8045,2152,1309,54.541666666666664,60.8271375464684,366.36846482541847,937.6474198100907,363.2852226159075,90.68181818181819,78.09579439252336,9.318181818181818,0.2548257566310531,592.257754186523,0,2120.0,52.031999999999826,6.3033333333333355,85.04798726667775,62.267894544627204,22.78009272205054,73.21501254271786,19.3605555555556,2.499946995926479,59.767947548700725,148.2156571324792,2.5,5,3553.546525119137,87,58.620689655172406,43,212,nan,nan,1.932326190843225,2.0338831509172195,0,0.3264991521504547,0.5907542874057727,0.10155696007399415,0.0,0,0,0,195,0.4900276402477175,2.5129622576806026,5.738873500376919,7.953660096973181,,,,,,,,,,,,,,,,,,,,
moderately_constrained_moderate,C4,8046,2150,1262,52.583333333333336,58.69767441860465,499.6980653173156,1205.665885186808,496.39836715357825,96.61835748792271,82.14285714285714,3.3816425120772946,0.22955255711827235,792.9021640701418,0,930.0,52.137999999999835,6.308194444444448,83.70763151565113,60.63894100488339,23.068690510767738,72.44135320391368,19.300000000000036,0.8475156262450702,59.79142537863833,164.13977955851578,2.5,5,4757.41298442085,32,59.375,21,93,nan,nan,2.1602151671764585,2.0504166227191227,0,0.248391519881869,0.5320806641941557,-0.10979854445733572,0.0,0,0,0,76,0.19223345699720085,2.5293875920684323,5.717836378607899,8.063512155786157,,,,,,,,,,,,,,,,,,,,
moderately_constrained_moderate,C4,8047,2194,1673,69.70833333333333,76.25341841385597,224.56436498998758,1674.3185273034949,221.51012863778627,88.08988764044943,77.87307032590051,11.910112359550562,0.19177833997983118,684.6585336351757,0,2710.0,52.62999999999981,6.397361111111113,88.41796401326457,62.77931517905863,25.638648834205934,71.00289616444957,19.335555555555587,2.9517523524252196,59.82756282663341,193.8398677776854,2.5,5,4107.951201811054,93,55.91397849462365,64,271,nan,nan,2.0070692566234833,2.113628832468086,0,0.2984709576633582,0.5658112264036763,0.1065595758446026,0.0,0,0,0,254,0.5387199122924358,2.1209445365843926,4.004017636179923,8.00403393805027,,,,,,,,,,,,,,,,,,,,
moderately_constrained_moderate,C4,8048,2253,1445,60.208333333333336,64.13670661340434,297.62717861659524,804.6562406170289,294.2980791117482,95.97315436241611,82.11517165005537,4.026845637583892,0.2567349528569551,418.9257126203076,0,960.0,54.41599999999982,6.595138888888894,82.09912086626653,60.77270649697808,21.326414369288457,74.02357766531067,19.253888888888884,0.99530549795838,59.7774009990197,133.04236161916026,2.5,5,2513.554275721845,30,66.66666666666666,21,96,nan,nan,2.230460921843688,2.1802338854925036,0,0.4310392937774283,0.7237526759645108,-0.050227036351183404,0.0,0,0,0,79,0.18874379922635853,2.389162015523526,5.300616356544197,8.071559946984053,,,,,,,,,,,,,,,,,,,,
moderately_constrained_moderate,C4,8049,2127,1206,50.25,56.69957686882934,659.5164507466845,1563.4642992956976,656.3973548167501,91.25295508274232,79.81220657276995,8.747044917257684,0.2418229650176409,1042.4979445711697,0,2200.0,51.08799999999985,6.206527777777783,83.62925591458968,59.15895257746524,24.470303337124435,70.7395419587185,19.310555555555595,2.8473836510394173,56.31156892642583,184.00212012657957,2.5,5,6254.987667427019,104,74.03846153846155,50,220,nan,nan,2.2285158552398916,2.272014617470235,0,0.285040669574443,0.5791071230403361,0.04349876223034305,0.0,0,0,0,204,0.5536147998645902,2.7137980385519125,5.323638662230223,8.073783945292234,,,,,,,,,,,,,,,,,,,,
moderately_constrained_moderate,C4,8050,2089,1544,64.33333333333333,73.91096218286262,382.17418917401915,1912.3594706961749,378.7794016779401,96.71717171717171,85.82398109864147,3.2828282828282833,0.25071872753025065,1047.3374243416981,0,1050.0,50.52999999999983,6.1202777777777815,83.10714794608091,57.42826014264851,25.67888780343242,69.10146908170569,19.37499999999999,1.18326371224533,56.24499643040317,205.48701360204618,2.5,5,6284.024546050189,35,68.57142857142857,20,105,nan,nan,2.34435162459751,2.2527526964040443,0,0.357749206277724,0.6354633974910954,-0.09159892819346557,0.0,0,0,0,89,0.2013074632268399,2.2618816092903358,5.224725883454084,7.955679902806878,,,,,,,,,,,,,,,,,,,,
moderately_constrained_moderate,C4,8051,2102,1162,48.416666666666664,55.28068506184586,584.4998619560017,1655.4888857237095,581.2386459339416,94.81481481481482,81.49675898644666,5.185185185185185,0.21555763898924798,1134.524868301497,0,1860.0,50.94799999999983,6.165555555555559,79.31288314134923,55.50362343634811,23.80925970500113,69.9805898335975,19.314444444444476,2.7162501944573822,52.787373241890734,178.72097216200675,2.5,5,6807.149209808983,88,62.5,34,186,nan,nan,2.1813099883978486,2.242766234222832,0,0.2417466511971311,0.5137292801825795,0.061456245824983304,0.0,0,0,0,171,0.479306269204244,2.80296063862131,6.623952416703105,8.038586005568504,,,,,,,,,,,,,,,,,,,,
moderately_constrained_moderate,C4,8052,2123,1711,71.29166666666667,80.59349976448422,169.66744500821184,805.5651132920398,166.40136421952337,95.57109557109558,82.52656434474616,4.428904428904429,0.2847886398622116,431.31585525408303,0,1220.0,51.527999999999835,6.232083333333339,82.70714651328646,61.18758461125443,21.51956190203203,73.98101275495578,19.289444444444502,1.4425639999388005,59.745020611315624,134.26570497156195,2.5,5,2587.895131524499,44,63.63636363636363,23,122,nan,nan,2.0851417119954196,2.227941597480676,0,0.32556541654738047,0.5902244200340699,0.14279988548525624,0.0,0,0,0,105,0.2460902826860547,2.343716977962426,5.253051966428757,7.910922868177295,,,,,,,,,,,,,,,,,,,,
moderately_constrained_moderate,C4,8053,2168,1589,66.20833333333333,73.29335793357934,230.77579334131704,1130.5398811107084,227.68636588792373,94.11764705882352,80.16383850204798,5.88235294117647,0.23753441132714978,559.5611683055042,0,1830.0,52.821999999999825,6.378194444444449,81.04535415312857,58.75113759375779,22.294216559370774,72.49167852700393,19.475000000000083,2.5440249149235985,56.20711267883419,156.36824209259902,2.5,5,3357.3670098330253,81,69.1358024691358,27,183,nan,nan,2.1681806727226904,2.2736610946443787,0,0.20383281533126132,0.4697531702807307,0.10548042192168769,0.0,0,0,0,167,0.42375199939124286,2.537437122103251,5.265341466292739,7.884324993938208,,,,,,,,,,,,,,,,,,,,
moderately_constrained_moderate,C4,8054,2129,1368,57.0,64.2555190230155,352.66865034548266,1428.2842856853729,349.76949499135634,88.9908256880734,74.71943295924395,11.009174311926607,0.20793049394163607,793.7662153448905,0,3020.0,51.81199999999983,6.259305555555559,83.71122801317546,59.88923397412855,23.821994039046906,71.54265371032722,19.264444444444457,3.5727418610483146,56.31649211308022,181.04255576626466,2.5,5,4762.597292069342,141,63.12056737588653,65,302,nan,nan,1.9389828608265485,2.0502263267794336,0,0.3021988032008072,0.5739528554883949,0.1112434659528848,0.0,0,0,0,286,0.7186175619717687,2.5126488180831075,5.238083656877279,7.899525808170438,,,,,,,,,,,,,,,,,,,,
moderately_constrained_moderate,C4,8055,2170,1284,53.5,59.1705069124424,470.82638881988123,1189.5520249904653,467.4778181796268,94.13145539906104,83.31422018348624,5.868544600938967,0.23255152049937447,695.5577951578839,0,1430.0,52.597999999999836,6.365138888888896,79.99873320368349,58.227334940421756,21.77139826326174,72.78532122773754,19.444742551717294,1.990221330127822,56.23711361029393,161.13179967852187,2.5,5,4173.346770947303,72,58.333333333333336,18,143,nan,nan,2.0484906821517046,2.05237246145835,0,0.26878954759913526,0.505207226419009,0.003881779306644781,0.0,0,0,0,127,0.3701938488520682,2.9149121956855764,6.572722736746073,8.014871971681714,,,,,,,,,,,,,,,,,,,,
moderately_constrained_moderate,C4,8056,2190,1124,46.833333333333336,51.32420091324201,700.8464530939568,1785.2994811512096,697.4844173415952,93.86792452830188,84.7678369195923,6.132075471698113,0.15988805642645285,1189.8359196481215,0,1310.0,52.40999999999983,6.377083333333338,92.54065254388726,64.89958998402668,27.641062559860583,70.13089728673368,19.371111111111116,1.6412624220363137,63.25832756199037,206.1522450153244,2.5,5,7139.015517888728,47,61.702127659574465,25,131,nan,nan,2.214074166031178,2.207157678188235,0,0.2999627573731534,0.5520329999519035,-0.006916487842942529,0.0,0,0,0,113,0.2860409424174577,2.5313357736058206,6.587949907407165,7.960998918861151,,,,,,,,,,,,,,,,,,,,
moderately_constrained_moderate,C5,8007,2157,1470,61.25,68.15020862308762,331.2151398007195,983.1333527992513,328.22367271793314,87.77506112469437,73.6842105263158,12.224938875305623,0.2755157168214762,572.3479081491606,0,2920.0,52.403999999999826,6.335416666666672,77.35755219794537,57.01797094174448,20.33958125620088,73.70705163452533,19.35000000000007,4.293679191165765,52.724291750578715,135.107236573781,2.5,5,3434.0874488949644,148,18.243243243243242,49,292,nan,nan,2.153802189215977,2.121159286081188,0,0.3055931357299436,0.5791242074639835,-0.03264290313478943,0.804595414781943,277,0,0,,,,,,277,0.804595414781943,0.002904676587660444,0.0020976208616048098,0.006286155944690106,0.007917339215055108,2.9046765876604437,6.2861559446901065,7.917339215055108,30.541516245487365,151.55595667870037,30.541516245487365,0.0,27.064981949458485,0,0,0,0.0,57.151428798849494,16.63578233920702
moderately_constrained_moderate,C5,8008,2130,1610,67.08333333333333,75.5868544600939,310.54096410392845,1169.0382526605333,307.53372535909233,92.95454545454545,75.68047337278107,7.045454545454545,0.2779568055914844,704.6358716635466,0,2350.0,51.57799999999983,6.24430555555556,77.29090348690568,55.768992450112286,21.521911036793384,72.15466495298564,19.253888888888934,3.0079514178180293,52.76104103229426,143.47378071792653,2.5,5,4227.81522998128,115,23.47826086956522,55,235,nan,nan,2.082073237383859,2.1720349790490077,0,0.26507560575696854,0.5370824416171601,0.08996174166514849,0.7853352464735508,219,0,0,,,,,,219,0.7853352464735508,0.0035860056916600493,0.0031665770802646875,0.006420267699286341,0.008270513964816928,3.5860056916600493,6.420267699286341,8.270513964816928,30.82191780821918,152.60730593607306,30.82191780821918,0.0,26.904109589041095,0,0,0,0.0,82.6570632600512,23.155959871967703
moderately_constrained_moderate,C5,8009,2125,1363,56.791666666666664,64.14117647058823,328.0452938456914,987.4412200184738,324.9759598359804,88.19277108433735,76.66666666666666,11.80722891566265,0.29343166360813655,569.8577036192539,0,2640.0,51.31599999999982,6.219861111111117,77.27636869995729,56.67882286116624,20.59754583879104,73.3456085148545,19.325000000000017,3.8965093258741144,52.78231353529212,128.80211294622913,2.5,5,3419.146221715523,145,23.448275862068964,60,264,nan,nan,2.084675374846078,2.176666586184417,0,0.2657362918608301,0.5470043681194693,0.09199121133833933,1.110029595438391,249,0,0,,,,,,249,1.110029595438391,0.0044579501824834975,0.005061135161668062,0.006849379930645228,0.008191117085516453,4.457950182483498,6.849379930645227,8.191117085516453,32.2289156626506,158.23694779116465,32.2289156626506,0.0,26.991967871485944,0,0,0,0.0,105.92570924696528,26.8688397542145
moderately_constrained_moderate,C5,8010,2174,1778,74.08333333333333,81.78472861085557,185.27832595987817,1048.0205042059245,182.26517228686907,91.72413793103449,73.03047728579644,8.275862068965518,0.27417783453839584,521.695048705664,0,2030.0,51.99799999999982,6.328472222222228,80.46176093834644,58.252776829806336,22.20898410854012,72.39808842170672,19.325000000000088,2.025292671041724,56.22748415876461,141.48171028301374,2.5,5,3130.1702922339837,63,28.57142857142857,45,203,nan,nan,2.0448276231607605,2.122115889533077,0,0.21977645129831855,0.5019957779691249,0.07728826637231684,0.4550099663902074,186,0,0,,,,,,186,0.4550099663902074,0.0024462901418828356,0.0015104865888133645,0.006090410519391298,0.00765895307995379,2.4462901418828356,6.090410519391298,7.65895307995379,23.548387096774192,120.75268817204301,23.548387096774192,0.0,21.9247311827957,0,0,0,0.0,13.979634044794349,4.165760171227279
moderately_constrained_moderate,C5,8011,2099,1632,68.0,77.75131014768938,208.17177171468506,777.0821012790274,205.36379751591537,87.08971553610503,68.94031668696712,12.910284463894966,0.3066016262610584,417.6927354433305,0,2880.0,50.99999999999983,6.165416666666669,76.96291059770087,56.88429909429863,20.078611503402236,73.91131475217097,19.340561321701696,4.168042716154912,52.716256378143726,124.51124646558715,2.5,5,2506.156412659983,128,27.34375,58,288,nan,nan,2.1279261820343986,2.1252835341011695,0,0.26496949943843734,0.5382653058292539,-0.00264264793322909,0.6031234068796039,272,0,0,,,,,,272,0.6031234068796039,0.0022173654664691318,0.0017662709578871727,0.005085654580034315,0.0063506008591502905,2.217365466469132,5.085654580034315,6.3506008591502905,27.959558823529413,139.6691176470588,27.959558823529413,0.0,24.36764705882353,0,0,0,0.0,1.9339104218280831,0.7830902014152799
moderately_constrained_moderate,C5,8012,2175,1499,62.458333333333336,68.91954022988506,284.81321800567196,1123.6595436815287,281.85051376096635,89.03803131991052,75.9837962962963,10.961968680089486,0.2503401941355464,327.5489233470599,0,2750.0,52.393999999999835,6.3572222222222265,78.74591030466927,56.209977923432994,22.53593238123627,71.38145677147631,19.44006572521745,3.4393979157213392,52.77058000771166,159.59893453638588,2.5,5,1965.293540082359,111,5.405405405405405,57,275,nan,nan,2.162386311083706,2.2041005087097276,0,0.30245105595807004,0.5854536629001357,0.04171419762602128,0.5880980002693832,260,0,0,,,,,,260,0.5880980002693832,0.0022619153856514736,0.0016973975580185652,0.005263482546433806,0.006788335973396897,2.2619153856514735,5.263482546433806,6.788335973396897,25.903846153846153,130.92307692307693,25.903846153846153,0.0,23.676923076923078,0,0,0,0.0,9.88208361412134,3.3834664520863154
moderately_constrained_moderate,C5,8013,2190,1265,52.708333333333336,57.76255707762557,788.1652765456091,3438.1468859758547,785.1200782724379,88.45315904139433,77.41190063547083,11.546840958605664,0.06163251710039794,2292.6181962741002,0,2220.0,52.863999999999834,6.408611111111117,96.69706305602305,62.35050060596886,34.34656245005418,64.48024235218504,19.399999999999988,2.573466335914456,59.777034270054415,316.5472436913152,2.5,5,13755.709177644601,98,7.142857142857142,41,222,nan,nan,1.8972481548462783,2.0140867100053765,0,0.27813676132753307,0.530410758796858,0.11683855515909869,0.4506988355424255,205,0,0,,,,,,205,0.4506988355424255,0.0021985309050850024,0.0017247898504137993,0.005100645357742906,0.007464676862582564,2.1985309050850024,5.100645357742906,7.464676862582564,28.097560975609756,140.5951219512195,28.097560975609756,0.0,24.960975609756098,0,0,0,0.0,4.147463274911084,1.475597090684407
moderately_constrained_moderate,C5,8014,2185,1100,45.833333333333336,50.34324942791763,636.7328634004683,1624.1561172217018,633.7144410479193,91.93548387096774,75.72815533980582,8.064516129032258,0.18769787755105402,1073.240249318824,0,2370.0,53.145999999999816,6.421944444444449,82.73438779950857,59.106863364836975,23.627524434671578,71.44171237245568,19.400000000000038,2.830462855759256,56.27640050907773,183.90905124714538,2.5,5,6439.441495912945,99,14.14141414141414,47,237,nan,nan,2.167185048830693,2.1903082182464484,0,0.2975543847876749,0.5667139609731784,0.023123169415754583,0.4525896299164742,221,0,0,,,,,,221,0.4525896299164742,0.0020479168774501094,0.0016709459014236927,0.005009489133954048,0.0064779759850353,2.0479168774501093,5.009489133954048,6.4779759850353,26.60633484162896,134.26696832579185,26.60633484162896,0.0,24.506787330316744,0,0,0,0.0,4.297383218521036,1.8130121533240393
moderately_constrained_moderate,C5,8015,2167,1566,65.25,72.26580526072912,300.7012264492739,1751.0559163272653,297.85579701964883,86.80555555555556,72.96829971181555,13.194444444444445,0.2177009193904356,655.7945834796632,0,3240.0,52.64799999999984,6.364861111111115,81.76053413711915,57.07107550711161,24.689458630007536,69.80271852358341,19.364444444444477,4.3147430473286725,52.75633245978294,197.40574666873846,2.5,5,3934.767500877979,141,7.801418439716312,72,324,nan,nan,2.122322314531977,2.1247349067066175,0,0.2644512325622118,0.5391907239972837,0.002412592174640545,0.7328043279703707,309,0,0,,,,,,309,0.7328043279703707,0.0023715350419753096,0.0017132761422544718,0.0058372679632157035,0.007553745061159134,2.3715350419753096,5.837267963215703,7.553745061159134,27.524271844660195,137.97087378640776,27.524271844660195,0.0,24.763754045307444,0,0,0,0.0,24.885286285186293,7.820530078156451
moderately_constrained_moderate,C5,8016,2230,1488,62.0,66.72645739910314,412.581361411633,2132.9501669939896,409.59726963178855,88.30275229357798,74.08026755852843,11.697247706422019,0.15891423338324337,967.1367731574798,0,3110.0,53.8179999999998,6.524861111111117,87.3269728614837,60.647945771335536,26.67902709014816,69.44927069387153,19.471111111111135,4.387145891468841,56.260799879866696,221.62620803305458,2.5,5,5802.820638944878,149,20.80536912751678,72,311,nan,nan,2.089229306069767,2.149757141401447,0,0.28772120512210864,0.5607564058977449,0.06052783533168032,0.9924695729278028,292,0,0,,,,,,292,0.9924695729278028,0.0033988684004376806,0.002156869973987341,0.006945058936253189,0.011033185059204698,3.3988684004376806,6.945058936253189,11.033185059204698,28.715753424657535,143.34246575342465,28.715753424657535,0.0,25.27054794520548,0,0,0,0.0,50.78863099999187,13.464326822213966
moderately_constrained_moderate,C5,8017,2192,1598,66.58333333333333,72.90145985401459,366.1080570694468,1666.3726723766167,363.00245058582226,91.89189189189189,77.80320366132723,8.108108108108109,0.18870037128787553,1078.5119458356833,0,1950.0,53.041999999999824,6.423472222222225,87.65014020521775,62.142464179249885,25.507676025967868,70.89830550613378,19.289444444444474,2.3706053263100055,59.77185885293987,192.82859907302418,2.5,5,6471.071675014098,88,7.954545454545454,44,195,nan,nan,2.064556078449033,2.1324446646101194,0,0.27837697867645406,0.5584383198043554,0.06788858616108621,0.40833415486849844,178,0,0,,,,,,178,0.40833415486849844,0.0022940121060028,0.0017272640252485871,0.005544879380613566,0.0073889330960810184,2.2940121060028003,5.5448793806135654,7.3889330960810184,27.5561797752809,138.7921348314607,27.5561797752809,0.0,25.230337078651687,0,0,0,0.0,8.09082168886657,2.3803372883708733
moderately_constrained_moderate,C5,8018,2148,1327,55.291666666666664,61.778398510242084,389.5955521341036,956.4715990342318,386.5279123258791,90.29126213592234,78.45622119815668,9.70873786407767,0.2656751845850825,588.672755287703,0,2220.0,52.31199999999985,6.31777777777778,80.25073215223415,58.689174238829814,21.56155791340434,73.13226018610963,19.446111111111176,2.4529680749147507,56.23620616391507,142.26155591561718,2.5,5,3532.036531726217,85,23.52941176470588,51,222,nan,nan,2.0583302527384872,2.1191509232056345,0,0.2557736832889079,0.5065433571917626,0.0608206704671479,0.47031335113570094,203,0,0,,,,,,203,0.47031335113570094,0.0023168145376142903,0.0017155429814010859,0.005264742323197424,0.006593947997316718,2.3168145376142903,5.2647423231974235,6.593947997316718,26.379310344827587,133.04926108374383,26.379310344827587,0.0,23.940886699507388,0,0,0,0.0,16.068591250906575,4.841805358888263
moderately_constrained_moderate,C5,8019,2214,1091,45.458333333333336,49.2773261065944,594.8351332904765,1558.6201018544432,591.6788128962978,92.10526315789474,78.89755011135857,7.894736842105263,0.21907235674396364,953.4399961770376,0,2020.0,53.79199999999982,6.50305555555556,83.33692380683625,58.884227601594304,24.452696205241946,70.65802877255226,19.256191683766925,2.6074565605666216,56.276771041027686,188.25927649683405,2.5,5,5720.639977062226,82,14.634146341463413,46,202,nan,nan,2.1644579481543733,2.1648458206736056,0,0.2920680069817053,0.5792796538891818,0.0003878725192320104,0.39742685994133353,185,0,0,,,,,,185,0.39742685994133353,0.002148253296980181,0.0015435190871357918,0.005387304630130528,0.006775816902518272,2.148253296980181,5.3873046301305285,6.775816902518272,26.594594594594593,134.38378378378377,26.594594594594593,0.0,24.502702702702702,0,0,0,0.0,5.215083723593428,1.8323041368086879
moderately_constrained_moderate,C5,8020,2150,1186,49.416666666666664,55.16279069767441,576.7491655197163,1619.805104551911,573.9721827044574,88.08988764044943,70.26392961876833,11.910112359550562,0.19785526341110346,1110.5045140320296,0,3350.0,52.25799999999981,6.316527777777782,80.72304058912866,57.12740113156604,23.595639457562626,70.76963493277984,19.29999999999998,4.366679259366319,52.760721872199724,182.67573084222678,2.5,5,6663.027084192179,153,18.30065359477124,73,335,nan,nan,2.0857590180360726,2.1923221442885774,0,0.30804108216432863,0.6018423447839711,0.10656312625250504,0.8737296212930232,320,0,0,,,,,,320,0.8737296212930232,0.0027304050665406974,0.0017663284670561552,0.0059216798399575055,0.00710185500793159,2.7304050665406976,5.9216798399575055,7.10185500793159,28.6875,143.11875,28.6875,0.0,25.753125,0,0,0,0.0,59.835897772717125,15.916892615816261
moderately_constrained_moderate,C5,8021,2088,1359,56.625,65.08620689655173,360.05308756484897,1091.1290440639211,357.01717158139365,90.6801007556675,76.34535777646363,9.319899244332493,0.27869201489315837,661.0935127871537,0,2380.0,50.43199999999984,6.112222222222227,80.9154553475986,59.22417080534563,21.691284542252944,73.1926559035341,19.339444444444478,3.025379266885578,56.198791538460064,142.78479106410498,2.5,5,3966.5610767229227,97,16.49484536082474,46,238,nan,nan,2.187943454476521,2.2455180631533342,0,0.26220007582733035,0.5430674850031821,0.05757460867681308,0.6976633293088526,221,0,0,,,,,,221,0.6976633293088526,0.0031568476439314593,0.0021425150334835052,0.006535144988447428,0.008822854841127992,3.1568476439314592,6.535144988447428,8.822854841127992,27.828054298642535,139.66515837104072,27.828054298642535,0.0,25.4841628959276,0,0,0,0.0,51.68247369802422,16.07036051845719
moderately_constrained_moderate,C5,8022,2112,1096,45.666666666666664,51.89393939393939,636.9090625729923,1532.0294080087058,633.9825989409161,88.91454965357968,73.7343656938654,11.085450346420323,0.23808122818968405,1072.2030543828844,0,2800.0,51.25599999999983,6.19944444444445,75.12909984101836,53.078623997885444,22.050475843132894,70.64988680844812,19.264444444444482,3.8885781134206345,49.190045884464816,166.2340309387871,2.5,5,6433.218326297308,129,25.581395348837212,51,280,nan,nan,2.0589600253137856,2.1509033103801594,0,0.2698630343393554,0.537935915760026,0.09194328506637335,1.022379177622497,266,0,0,,,,,,266,1.022379177622497,0.0038435307429417185,0.004430119413882494,0.007004710612818599,0.00887578004039824,3.8435307429417187,7.004710612818599,8.87578004039824,29.548872180451127,146.47368421052633,29.548872180451127,0.0,24.966165413533833,0,0,0,0.0,71.40525473559586,20.11021094699089
moderately_constrained_moderate,C5,8023,2174,1618,67.41666666666667,74.42502299908004,287.413153534389,906.0322397785332,284.43734072647123,89.38053097345133,74.97096399535424,10.619469026548673,0.2684861640368649,522.9912712162983,0,2180.0,52.727999999999824,6.379166666666668,80.13578463157066,59.155638378048955,20.980146253521692,73.81925397002193,19.33235682131724,2.835786737621138,56.31985164042782,136.96385713343665,2.5,5,3137.9476272977904,83,15.66265060240964,44,218,nan,nan,2.162126232663347,2.1759360304767954,0,0.27607690628782316,0.5529405528603096,0.013809797813448679,0.4535353654064238,202,0,0,,,,,,202,0.4535353654064238,0.00224522458121992,0.001591213047504425,0.005261906934902071,0.00794698717072606,2.24522458121992,5.261906934902071,7.946987170726061,25.915841584158414,131.5148514851485,25.915841584158414,0.0,23.722772277227723,0,0,0,0.0,15.895864199759284,5.357870470926704
moderately_constrained_moderate,C5,8024,2145,1472,61.333333333333336,68.62470862470863,294.58798513454,1280.8905520596477,291.72515127181435,88.03827751196172,71.56919513607411,11.961722488038278,0.2258332333262509,716.6997977870001,0,3370.0,51.973999999999826,6.290555555555558,84.74111675322028,60.93409069205523,23.807026061165047,71.9061690790612,19.275000000000016,4.617954788293158,56.316135903762074,166.58339333758278,2.5,5,4300.1987867220005,131,23.66412213740458,68,337,nan,nan,2.187758694960013,2.188582773022681,0,0.32169010919034335,0.6007242493871532,0.0008240780626673917,0.7990327256266028,321,0,0,,,,,,321,0.7990327256266028,0.0024891985222012547,0.0016192710027098656,0.005924320081248879,0.007948209997266531,2.4891985222012547,5.924320081248879,7.948209997266531,26.30841121495327,132.71028037383178,26.30841121495327,0.0,23.90031152647975,0,0,0,0.0,46.17001916535979,14.052430423008499
moderately_constrained_moderate,C5,8025,2122,1551,64.625,73.09142318567389,366.6298166504545,1289.408456242132,363.4027325801419,94.13145539906104,82.95990566037736,5.868544600938967,0.2569527652717381,772.2836996583671,0,1390.0,51.46599999999984,6.2265277777777825,80.35872721456207,57.91238104231378,22.44634617224826,72.06731994109943,19.35000000000008,1.6401545176859356,56.272226524627854,160.54097982294897,2.5,5,4633.702197950203,56,12.5,29,139,nan,nan,2.0526418691040624,2.0224351141307007,0,0.32640891539175915,0.614599257507376,-0.030206754973361345,0.3938721662852913,123,0,0,,,,,,123,0.3938721662852913,0.0032022127340267585,0.002171429106965661,0.005992957623675465,0.006744413170963526,3.2022127340267583,5.992957623675465,6.744413170963526,25.853658536585368,131.0081300813008,25.853658536585368,0.0,24.276422764227643,0,0,0,0.0,14.754490733672128,4.600246166069847
moderately_constrained_moderate,C5,8026,2127,1225,51.041666666666664,57.592853784673245,676.9693482282149,2357.6355413130655,673.9276656715654,90.16018306636155,78.69822485207101,9.839816933638444,0.11483846714865105,1624.4118178302297,0,2390.0,51.41799999999983,6.2294444444444474,91.24556590533567,62.823287633717825,28.42227827161784,68.8507841563446,19.250000000000046,2.991342136668681,59.83194549704915,245.66187406658972,2.5,5,9746.470906981378,100,15.0,46,239,nan,nan,2.054054054054054,2.109732979472459,0,0.25640470129448084,0.5310154199172085,0.05567892541840438,0.5810119165107608,219,0,0,,,,,,219,0.5810119165107608,0.0026530224498208257,0.0016999919898808002,0.005906620435416698,0.008504322962835431,2.6530224498208255,5.906620435416698,8.504322962835431,27.054794520547944,136.29223744292239,27.054794520547944,0.0,24.767123287671232,0,0,0,0.0,25.95971461107736,7.7805958752172435
moderately_constrained_moderate,C5,8027,2121,1663,69.29166666666667,78.40641206977841,202.21991637445728,1052.132157018686,199.03686752169915,93.99038461538461,79.5307917888563,6.009615384615385,0.26627405842451146,438.20405720144095,0,1380.0,51.68799999999983,6.24069444444445,80.05681447865153,58.11047926650357,21.946335212147964,72.58654949604532,19.278888888888904,1.8438462741662525,56.26663299233732,145.6522316119598,2.5,5,2629.2243432086457,64,28.125,24,138,nan,nan,2.1102204408817635,2.166398370511515,0,0.34830316370445813,0.6317255767433422,0.05617792962975131,0.27241641748696566,122,0,0,,,,,,122,0.27241641748696566,0.002232921454811194,0.0017333185533061624,0.005523295502644032,0.006775264861062169,2.232921454811194,5.523295502644032,6.775264861062169,30.368852459016395,150.64754098360655,30.368852459016395,0.0,26.950819672131146,0,0,0,0.0,0.7121529114780136,0.27242870619359744
moderately_constrained_moderate,C5,8028,2166,1028,42.833333333333336,47.46075715604802,623.4610154267584,1765.8956732253746,620.5564437897789,86.7298578199052,71.38761467889908,13.270142180094787,0.18440084505509993,1159.6893380948188,0,3310.0,52.557999999999815,6.357361111111117,87.16210143509876,60.87202504959359,26.29007638550518,69.83772080681089,19.409895396460314,4.607673224625003,56.264351824968585,197.4834773326782,2.5,5,6958.1360285689125,152,28.289473684210524,63,331,nan,nan,2.0540700448516085,2.135909915068232,0,0.29911251073575723,0.5646854271356572,0.08183987021662371,0.8863024562597275,315,0,0,,,,,,315,0.8863024562597275,0.002813658591300722,0.0020941859111189842,0.00569867864251137,0.00733710010536015,2.813658591300722,5.6986786425113705,7.33710010536015,28.333333333333332,141.13650793650794,28.333333333333332,0.0,24.36190476190476,0,0,0,0.0,44.9614933780834,14.176263602161667
moderately_constrained_moderate,C5,8029,2080,1279,53.291666666666664,61.49038461538462,488.75176648732486,1880.7645503486103,486.0604896417651,85.03401360544218,69.12751677852349,14.965986394557824,0.19935705533843473,1076.4752525151562,0,3780.0,50.871999999999815,6.1327777777777825,82.55374036336467,57.824654814410366,24.729085548954295,70.04486357600767,19.446894792720112,5.109301986803902,52.715352827606466,199.28757171712496,2.5,5,6458.851515090937,156,29.48717948717949,79,378,nan,nan,2.0674572285066004,2.128736812467911,0,0.24882823498236142,0.5058492552331074,0.06127958396131105,1.1034899624064565,361,0,0,,,,,,361,1.1034899624064565,0.0030567588986328436,0.0018219880294054747,0.006413788069039583,0.008877124870195985,3.0567588986328436,6.413788069039583,8.877124870195985,26.55124653739612,133.5595567867036,26.55124653739612,0.0,23.689750692520775,0,0,0,0.0,101.83485436001122,27.36559080646355
moderately_constrained_moderate,C5,8030,2182,1277,53.208333333333336,58.524289642529794,507.42969807728633,1516.9319633830385,504.3609233309161,90.59080962800876,78.78260869565217,9.409190371991247,0.18975794592426506,956.9418279368708,0,1980.0,52.52799999999984,6.3752777777777805,86.7796146027514,62.27351403190449,24.506100570846897,71.76053306640299,19.431666666666672,2.476712915121708,59.796801116782774,183.08967688988537,2.5,5,5741.6509676212245,85,34.11764705882353,34,198,nan,nan,2.0596662939137946,2.133272068999878,0,0.23091486841085487,0.5088594308348884,0.07360577508608378,0.4902730667963624,181,0,0,,,,,,181,0.4902730667963624,0.0027086909767754827,0.0018527579959481955,0.005532283801585436,0.007690052967518568,2.7086909767754825,5.532283801585436,7.690052967518568,28.34254143646409,141.32044198895028,28.34254143646409,0.0,24.447513812154696,0,0,0,0.0,4.375484649870581,1.729429320020894
moderately_constrained_moderate,C5,8031,2117,1872,78.0,88.42701936702882,98.50428942125568,394.927610203018,95.2987738465717,91.70506912442397,83.06595365418895,8.294930875576037,0.3583542073712927,120.84824381991886,0,2110.0,51.30599999999985,6.209166666666671,73.53261342704862,55.19547415235617,18.337139274692454,75.06257642687399,19.54611111111115,2.496843242291806,52.69863091006436,90.95969779944659,2.5,5,725.0894629195133,98,18.367346938775512,45,211,nan,nan,2.0269723119708805,2.0666025929409844,0,0.3117663899227026,0.5828658437798329,0.03963028097010347,0.43057372071780264,196,0,0,,,,,,196,0.43057372071780264,0.0021968046975398095,0.001735332072712481,0.005484590656124055,0.0072128199972212315,2.1968046975398097,5.484590656124055,7.2128199972212315,28.392857142857142,141.98469387755102,28.392857142857142,0.0,25.382653061224488,0,0,0,0.0,2.6851594557191296,1.0875488547851877
moderately_constrained_moderate,C5,8032,2242,1348,56.166666666666664,60.12488849241748,430.3488569455142,1708.2158587619485,427.0560896968085,96.34408602150538,84.97467642093416,3.655913978494624,0.1920868079420385,1039.8557146112807,0,1180.0,54.25199999999983,6.570000000000006,87.18338036170394,61.39209176032668,25.79128860137727,70.4171959215448,19.44951121539569,1.6050739308757844,59.78701782945089,191.3805147864385,2.5,5,6239.134287667683,49,14.285714285714285,22,118,nan,nan,2.198079326970774,2.2224845731066094,0,0.2741721065894165,0.5385630227058832,0.02440524613583603,0.3004850186407566,101,0,0,,,,,,101,0.3004850186407566,0.002975099194462937,0.0018444398883730173,0.006397343939170241,0.008149442030116916,2.9750991944629366,6.397343939170241,8.149442030116916,31.633663366336634,156.8118811881188,31.633663366336634,0.0,27.178217821782177,0,0,0,0.0,7.239411940324059,2.293024039789902
moderately_constrained_moderate,C5,8033,2216,1768,73.66666666666667,79.78339350180505,187.76246148182622,484.95070938926074,184.6384130968817,92.3076923076923,80.23850085178876,7.6923076923076925,0.3102636330748307,226.85690541677423,0,1730.0,53.40999999999982,6.479027777777781,78.36376345728559,58.62533414037085,19.738429316914736,74.81178998291253,19.350000000000048,2.4018815951103654,56.223452545260486,106.06404237732383,2.5,5,1361.1414325006454,67,22.388059701492537,28,173,nan,nan,2.1531087653013032,2.2505265307685436,0,0.2309842615166639,0.4931344522750717,0.09741776546724024,0.3509010593406856,157,0,0,,,,,,157,0.3509010593406856,0.00223503859452666,0.0015756911598145962,0.005199071764945984,0.0076430970802903175,2.23503859452666,5.199071764945984,7.6430970802903175,27.802547770700638,139.59872611464968,27.802547770700638,0.0,24.401273885350317,0,0,0,0.0,5.304458109761417,1.8905640753898532
moderately_constrained_moderate,C5,8034,2101,1618,67.41666666666667,77.01094716801524,195.37797159130838,688.0274122825199,192.47502581543895,92.25181598062953,72.21563981042654,7.74818401937046,0.3261947767571584,368.6431074198625,0,2630.0,51.153999999999854,6.178611111111117,75.86431158283733,55.823586843651334,20.040724739185997,73.58346194534008,19.35000000000001,3.1188564888192927,52.704730354832044,112.47757839014938,2.5,5,2211.858644519175,102,5.88235294117647,69,263,nan,nan,2.086511733143707,2.0632878660546905,0,0.24770508759454396,0.5259653798465479,-0.023223867089016744,0.706242679618299,248,0,0,,,,,,248,0.706242679618299,0.002847752740396367,0.0017464542761445045,0.006252493208739904,0.007916557835415006,2.8477527403963667,6.252493208739904,7.916557835415006,26.975806451612904,135.68951612903226,26.975806451612904,0.0,24.528225806451612,0,0,0,0.0,37.38891245104668,11.219217122017273
moderately_constrained_moderate,C5,8035,2121,1273,53.041666666666664,60.01885902876002,405.6489925409324,842.8877244565413,402.42622983231837,93.20388349514563,81.04154476301932,6.796116504854369,0.2825549840907679,558.6228028429864,0,2010.0,51.31799999999985,6.215000000000005,79.69100130070733,58.87912824711857,20.811873053588762,73.88428716680708,19.37500000000008,2.6170248166752677,56.262103430443304,135.88367621220596,2.5,5,3351.736817057918,87,31.03448275862069,46,201,nan,nan,2.1553268699561285,2.1954286952282946,0,0.2818826842874939,0.544138401411812,0.04010182527216595,0.6526268161833286,185,0,0,,,,,,185,0.6526268161833286,0.0035277125199098844,0.003021779004484415,0.006001812312752008,0.007842384977266192,3.527712519909884,6.0018123127520075,7.842384977266192,27.972972972972972,139.85945945945946,27.972972972972972,0.0,24.778378378378378,0,0,0,0.0,68.86407355949324,18.125477744425126
moderately_constrained_moderate,C5,8036,2213,1714,71.41666666666667,77.45142340713963,186.1341597369552,1403.7884659542826,183.20571713138511,88.88888888888889,72.17832957110609,11.11111111111111,0.2216665195333319,734.3761075628819,0,2600.0,53.67999999999981,6.494027777777783,87.60690727497615,63.013971892771,24.59293538220513,71.92808632655633,19.325000000000035,3.211319026240422,59.80265286653058,167.67625762375744,2.5,5,4406.256645377291,98,17.346938775510203,64,260,nan,nan,2.1331304584477597,2.230658848561321,0,0.26725055048368346,0.5324921333801782,0.09752839011356046,0.6580389812588692,243,0,0,,,,,,243,0.6580389812588692,0.0027079793467443174,0.0017483469564467669,0.0064114670036360625,0.007141212932765484,2.7079793467443176,6.411467003636062,7.141212932765484,25.987654320987655,131.4485596707819,25.987654320987655,0.0,24.0,0,0,0,0.0,11.13737008144073,3.8113530340129276
moderately_constrained_moderate,C5,8037,2103,1419,59.125,67.47503566333809,424.0117786013173,2527.4762688957057,421.1232658205221,86.88118811881188,71.92466156562685,13.118811881188119,0.13016613229856416,1498.5681879542537,0,3250.0,50.94999999999981,6.16694444444445,91.14074446808735,60.973438188621756,30.167306279465606,66.90030737018108,19.325000000000063,4.717562893999645,56.25587529462211,248.9525999208591,2.5,5,8991.409127725525,158,11.39240506329114,64,325,nan,nan,2.198396793587175,2.287584878494854,0,0.24631787847539738,0.5232315659003478,0.08918808490767943,0.8738466480281204,309,0,0,,,,,,309,0.8738466480281204,0.002827982679702655,0.001826077001169324,0.006698979064822192,0.008351646829396486,2.827982679702655,6.698979064822192,8.351646829396486,29.466019417475728,146.44660194174756,29.466019417475728,0.0,25.449838187702266,0,0,0,0.0,39.965837879497535,11.173039290597622
moderately_constrained_moderate,C5,8038,2142,1055,43.958333333333336,49.2530345471522,664.3695689202654,1653.590288768555,661.4349806445763,86.03603603603604,75.55948174322734,13.963963963963963,0.18770941766427762,1107.0056252073418,0,3050.0,51.75799999999983,6.271805555555561,85.52426475410724,60.68135399331609,24.84291076079113,70.95220773634527,19.301866495169833,4.395181805895408,56.28617218742067,192.44121678989677,2.5,5,6642.033751244052,128,17.1875,60,305,nan,nan,2.1155459708344027,2.146542219386871,0,0.25916192246083863,0.5263748357459754,0.03099624855246826,0.8041648550424725,285,0,0,,,,,,285,0.8041648550424725,0.002821631070324465,0.0017732980195432901,0.005850487109273673,0.007349501829594374,2.821631070324465,5.850487109273673,7.349501829594374,27.105263157894736,135.9543859649123,27.105263157894736,0.0,23.63859649122807,0,0,0,0.0,90.69610284514492,24.856223119280642
moderately_constrained_moderate,C5,8039,2168,1408,58.666666666666664,64.94464944649447,404.33985351755393,1222.160007095456,401.09454212239046,94.0552016985138,83.61814967589865,5.9447983014862,0.24454347597255302,751.5723361136684,0,1440.0,52.31599999999982,6.34305555555556,76.29462550357769,55.051245902350324,21.24337960122737,72.15612572836969,19.250000000000004,2.1991816162286177,52.8520642861217,152.16280330535704,2.5,5,4509.434016682012,70,15.714285714285714,32,144,nan,nan,2.391713659877895,2.29822435568812,0,0.3058209442140094,0.5988255200081911,-0.0934893041897749,0.27181214722804725,129,0,0,,,,,,129,0.27181214722804725,0.002107070908744552,0.0017789190169423819,0.004329082509502764,0.006172221852466464,2.1070709087445523,4.329082509502764,6.172221852466464,31.74418604651163,156.15503875968992,31.74418604651163,0.0,26.4031007751938,0,0,0,0.0,4.452424098226208,1.5113976207506423
moderately_constrained_moderate,C5,8040,2159,1378,57.416666666666664,63.825845298749414,353.02792849975924,863.4421151205762,349.8054284835215,93.48314606741573,81.03850641773629,6.51685393258427,0.27376772312411596,500.61442539523944,0,1640.0,51.97599999999984,6.308194444444449,79.62816269743956,58.3523358703836,21.275826827055965,73.28102758329737,19.360555555555617,2.1265033514847778,56.225832518898805,135.87825501441924,2.5,5,3003.686552371437,66,15.151515151515152,35,164,nan,nan,2.0736608351838814,2.0872285110762063,0,0.294995396197801,0.5660965785450158,0.01356767589232519,0.3474467892665416,148,0,0,,,,,,148,0.3474467892665416,0.002347613440990146,0.0016718570841476321,0.00547806287650019,0.007431945996358991,2.347613440990146,5.47806287650019,7.431945996358991,27.364864864864863,137.32432432432432,27.364864864864863,0.0,24.56756756756757,0,0,0,0.0,8.429980605286078,2.6309075323443465
moderately_constrained_moderate,C5,8041,2106,1398,58.25,66.38176638176638,384.1308444260559,1119.3902986528672,381.3025149343111,84.86842105263158,71.45454545454545,15.131578947368421,0.27945436551915986,707.9335622433166,0,2910.0,50.80199999999982,6.160416666666669,73.51018733816076,53.140834633068714,20.36935270509205,72.29043559447186,19.335555555555565,3.9077748133659993,49.23305981970271,139.82738068850412,2.5,5,4247.601373459899,147,10.884353741496598,62,291,nan,nan,2.159271611815689,2.1270627898396075,0,0.22285726688033108,0.47943587798235027,-0.03220882197608212,0.7236737161874771,277,0,0,,,,,,277,0.7236737161874771,0.002612540491651542,0.0018082789611071348,0.005983036942780017,0.008228919003158808,2.612540491651542,5.983036942780017,8.228919003158808,30.92057761732852,152.90613718411552,30.92057761732852,0.0,26.96389891696751,0,0,0,0.0,5.138128453656879,1.860411361710212
moderately_constrained_moderate,C5,8042,2156,1610,67.08333333333333,74.67532467532467,249.92119751979624,967.5997952276343,247.05259278767147,87.35362997658079,73.22151532677849,12.646370023419204,0.2654226379294287,425.0253602551568,0,3500.0,52.53999999999985,6.343611111111117,82.6320865436723,61.006013739662976,21.626072804009326,73.82848030519038,19.321781297713606,4.683494206354334,56.32251953330865,141.30197279789837,2.5,5,2550.1521615309407,164,20.73170731707317,73,350,nan,nan,2.009240036960148,2.0239280957123826,0,0.23724094896379588,0.5048025480213256,0.014688058752235007,0.9639664988499135,334,0,0,,,,,,334,0.9639664988499135,0.0028861272420656094,0.0018297474598512053,0.006493555626366288,0.008439272176474333,2.8861272420656094,6.4935556263662875,8.439272176474333,29.281437125748504,145.3562874251497,29.281437125748504,0.0,24.862275449101798,0,0,0,0.0,57.0340887264629,12.056672514908778
moderately_constrained_moderate,C5,8043,2098,1675,69.79166666666667,79.83794089609152,202.34298020311357,1439.3437927266348,199.58557947758538,83.97129186602871,68.63095238095238,16.028708133971293,0.25778844651065475,566.4603913277367,0,3770.0,51.46199999999981,6.196250000000006,81.84851687641427,58.05954928720412,23.788967589210138,70.93537122348853,19.34586178281522,5.303536691708564,52.75601259549555,163.6559302650567,2.5,5,3398.76234796642,171,11.695906432748536,76,377,nan,nan,2.128090435013674,2.1642954417121536,0,0.2920980081710382,0.568782774171589,0.03620500669847984,1.0617202813737094,362,0,0,,,,,,362,1.0617202813737094,0.0029329289540710205,0.0018352845218032598,0.006494007399305701,0.008184754056856036,2.9329289540710204,6.494007399305701,8.184754056856036,28.30110497237569,141.060773480663,28.30110497237569,0.0,24.25414364640884,0,0,0,0.0,58.6518964071358,15.96390011922773
moderately_constrained_moderate,C5,8044,2146,1248,52.0,58.1547064305685,499.24881977112545,1551.4739020982956,496.3651063422084,88.52813852813853,74.70308788598574,11.471861471861471,0.23190984655203092,1027.9667569069138,0,3240.0,52.003999999999806,6.293888888888892,76.74297958528769,54.13044856198283,22.61253102330485,70.53472363791322,19.40000000000004,4.9103933038457885,49.220055258137045,167.095958046692,2.5,5,6167.800541441483,152,19.078947368421055,76,324,nan,nan,2.213704829012865,2.2289094317667595,0,0.3009115004201952,0.5723831493951826,0.015204602753894887,1.1013764662202448,310,0,0,,,,,,310,1.1013764662202448,0.0035528273103878866,0.00302727147936821,0.006877976260147989,0.008065407862886786,3.5528273103878867,6.877976260147989,8.065407862886786,29.322580645161292,145.45806451612904,29.322580645161292,0.0,24.712903225806453,0,0,0,0.0,48.93573021934769,13.1798250260312
moderately_constrained_moderate,C5,8045,2152,1141,47.541666666666664,53.020446096654275,550.4823652076756,1781.4319327439991,547.5208363684437,88.63636363636364,74.70794392523365,11.363636363636363,0.20949019257436685,936.0306692542873,0,2710.0,52.14999999999982,6.31152777777778,85.05840145879586,59.52183898907167,25.536562469724192,69.97761299088762,19.391695630063605,3.231590038790178,56.29024895028148,201.31763536080194,2.5,5,5616.184015525725,109,20.18348623853211,57,271,nan,nan,1.9784274431215372,2.051939172462572,0,0.30927737828598373,0.5792375659959651,0.07351172934103502,0.8328543019015342,254,0,0,,,,,,254,0.8328543019015342,0.003278953944494229,0.002647839952260256,0.006330604688264429,0.008230894804000854,3.278953944494229,6.330604688264429,8.230894804000854,26.811023622047244,135.0275590551181,26.811023622047244,0.0,24.200787401574804,0,0,0,0.0,54.299663306986155,16.195689703958436
moderately_constrained_moderate,C5,8046,2150,1180,49.166666666666664,54.88372093023256,765.5030384027436,2157.656389292842,762.1976603888478,96.61835748792271,82.25806451612902,3.3816425120772946,0.13566253425716146,1551.6046476442878,0,930.0,52.137999999999835,6.308194444444449,87.99052251292424,60.657302115994504,27.333220396929732,68.93617674231338,19.34357822298006,0.84751562624507,59.80978648974943,225.7425788285425,2.5,5,9309.627885865722,32,9.375,21,93,nan,nan,2.1602151671764585,2.0504166227191227,0,0.248391519881869,0.5320806641941557,-0.10979854445733572,0.1775629019830376,76,0,0,,,,,,76,0.1775629019830376,0.0023363539734610208,0.0016372634563595057,0.0052390010096132755,0.006638533901423216,2.3363539734610206,5.2390010096132755,6.638533901423216,27.236842105263158,138.07894736842104,27.236842105263158,0.0,26.013157894736842,0,0,0,0.0,2.6368843882353197,1.0152480358107823
moderately_constrained_moderate,C5,8047,2194,1366,56.916666666666664,62.260711030082035,575.7380918456879,2515.603629349801,572.6838554934866,88.08988764044943,77.87307032590051,11.910112359550562,0.11730312866702046,1554.4548064896858,0,2710.0,52.62999999999982,6.397361111111115,92.73219333020941,62.74384295683641,29.98835037337301,67.66133820798598,19.296111111111124,2.9517523524252196,59.792090604411186,255.99322571742448,2.5,5,9326.728838938116,93,16.129032258064516,64,271,nan,nan,2.0070692566234833,2.113628832468086,0,0.2984709576633582,0.5658112264036763,0.1065595758446026,0.5395210925489664,254,0,0,,,,,,254,0.5395210925489664,0.00212409878956286,0.0015054515097290277,0.005511490360368043,0.007306891027837992,2.12409878956286,5.511490360368042,7.306891027837992,23.74015748031496,121.44881889763779,23.74015748031496,0.0,22.137795275590552,0,0,0,0.0,1.7080437667905186,0.6695674251413677
moderately_constrained_moderate,C5,8048,2253,1863,77.625,82.68974700399467,164.61657697576962,791.5765788539613,161.319645158584,95.07829977628636,80.56478405315615,4.921700223713646,0.27209482977751137,352.17090668727286,0,960.0,54.415999999999826,6.595138888888894,82.54309399355955,60.77948427475586,21.763609718803696,73.63363951380136,19.360555555555592,0.99530549795838,59.784178776797475,123.82643546682655,2.5,5,2113.025440123637,30,16.666666666666664,21,96,nan,nan,2.230460921843688,2.1802338854925036,0,0.4310392937774283,0.7237526759645108,-0.050227036351183404,0.17040789988823235,79,0,0,,,,,,79,0.17040789988823235,0.0021570620239016753,0.0015253019519150257,0.005315885855816302,0.00729915895499289,2.157062023901675,5.315885855816302,7.29915895499289,26.772151898734176,135.78481012658227,26.772151898734176,0.0,24.59493670886076,0,0,0,0.0,0.30526780361795486,0.13237203956174698
moderately_constrained_moderate,C5,8049,2127,923,38.458333333333336,43.39445228020686,738.6109686972665,1562.9867258808504,735.5341457213877,91.01654846335697,78.11032863849765,8.983451536643026,0.22757890871159792,1103.4741339483573,0,2300.0,51.10799999999985,6.207916666666673,83.67929316059237,59.25128591079857,24.42800724979378,70.807584138034,19.385555555555584,2.996746541450012,56.25453936934856,183.64984224902116,2.5,5,6620.844803690144,109,17.431192660550458,51,230,nan,nan,2.210851609761579,2.2454628883936096,0,0.29138651134043786,0.5850484609028953,0.034611278632030416,0.5589798439759761,214,0,0,,,,,,214,0.5589798439759761,0.002612055345682131,0.001776689081452787,0.00626416504383087,0.007774163968861103,2.612055345682131,6.26416504383087,7.774163968861103,30.14018691588785,150.2803738317757,30.14018691588785,0.0,27.49532710280374,0,0,0,0.0,18.53153386241749,6.192543246317632
moderately_constrained_moderate,C5,8050,2089,1224,51.0,58.59262805169938,423.50827102362445,1430.5095670800777,420.17865823043826,95.2020202020202,84.64264619019492,4.797979797979798,0.2288421168572642,882.3980477999731,0,1170.0,50.55399999999984,6.1219444444444475,81.31663822995327,57.46998236487073,23.846655865082532,70.67432153596023,19.521111111111146,1.2422939422096302,56.2276884226611,180.22162268099012,2.5,5,5294.388286799838,35,25.71428571428571,26,117,nan,nan,2.310224409214469,2.2086747752931606,0,0.3506021944879859,0.6248348326105437,-0.10154963392130796,0.3631770603824407,101,0,0,,,,,,101,0.3631770603824407,0.003595812479034066,0.0044821330811828375,0.006573379971086979,0.007461749017238617,3.595812479034066,6.573379971086979,7.461749017238617,24.356435643564357,124.61386138613861,24.356435643564357,0.0,23.346534653465348,0,0,0,0.0,6.377795841362872,2.5405681905158914
moderately_constrained_moderate,C5,8051,2102,1276,53.166666666666664,60.70409134157945,388.87164586271194,1168.6858777906514,385.71265786358094,92.8395061728395,77.43076016499705,7.160493827160494,0.2507051297102882,684.321184295571,0,1860.0,50.94799999999982,6.16555555555556,76.83917173636729,55.417345658570326,21.421826077796943,72.12121683027173,19.460555555555594,2.716250194457382,52.701095464112946,157.63247772938266,2.5,5,4105.927105773426,88,19.318181818181817,34,186,nan,nan,2.1813099883978486,2.242766234222832,0,0.2417466511971311,0.5137292801825795,0.061456245824983304,0.4381636898033321,171,0,0,,,,,,171,0.4381636898033321,0.0025623607590838132,0.001797043951228261,0.006698235520161688,0.008536177221685648,2.562360759083813,6.698235520161688,8.536177221685648,31.228070175438596,154.88888888888889,31.228070175438596,0.0,26.485380116959064,0,0,0,0.0,1.6066492981876945,0.6053587605005228
moderately_constrained_moderate,C5,8052,2123,1418,59.083333333333336,66.79227508243052,451.48066785636234,2024.6700444050343,448.2163988184677,95.33799533799534,82.46753246753246,4.662004662004662,0.23024209263924947,1068.2303436746777,0,1210.0,51.52599999999985,6.2319444444444505,83.67787755504551,57.679501277921105,25.998376277124407,68.93040665375148,19.314444444444455,1.4425639999388007,56.23693727798231,216.397488775947,2.5,5,6409.382062048066,44,18.181818181818183,23,121,nan,nan,2.0851417119954196,2.227941597480676,0,0.32556541654738047,0.5902244200340699,0.14279988548525624,0.18376274779438972,105,0,0,,,,,,105,0.18376274779438972,0.0017501214075656163,0.0015145628713071346,0.0026619615033268928,0.0037306281737983227,1.7501214075656164,2.661961503326893,3.7306281737983227,26.428571428571427,133.89523809523808,26.428571428571427,0.0,24.104761904761904,0,0,0,0.0,0.0,0.0
moderately_constrained_moderate,C5,8053,2168,1191,49.625,54.935424354243544,603.5252477614146,1790.8168327914148,600.467478475567,94.11764705882352,77.88180222352253,5.88235294117647,0.18076603739958094,1127.8523469381332,0,1910.0,52.83799999999983,6.379305555555561,79.21652984080589,55.41294314931335,23.803586691492534,69.95123777912463,19.411282154926987,2.65076854581155,52.762174603501805,193.69265892901478,2.5,5,6767.114081628799,85,15.294117647058824,29,191,nan,nan,2.172390235015486,2.280265075605757,0,0.2167744580069229,0.4913360697472347,0.10787484059027146,0.3530854571145028,176,0,0,,,,,,176,0.3530854571145028,0.002006167369968766,0.0017050659516826272,0.004005036724265665,0.007944642100483179,2.006167369968766,4.005036724265665,7.944642100483179,28.295454545454547,141.3181818181818,28.295454545454547,0.0,24.994318181818183,0,0,0,0.0,1.6141833872911875,0.6361263185617723
moderately_constrained_moderate,C5,8054,2129,1632,68.0,76.65570690465006,174.31110630494484,581.4007303517307,171.41798315632144,88.76146788990825,74.48316597755465,11.238532110091743,0.3178940260162249,292.96123406685643,0,3010.0,51.80999999999983,6.25916666666667,75.92578988507665,56.29434508523966,19.631444799837006,74.14390442358034,19.345179734380373,3.572741861048315,52.72160322419135,113.56913994582061,2.5,5,1757.7674044011387,141,12.056737588652481,65,301,nan,nan,1.9389828608265485,2.0502263267794336,0,0.3021988032008072,0.5739528554883949,0.1112434659528848,0.7715536607429385,286,0,0,,,,,,286,0.7715536607429385,0.002697740072527757,0.00178515852894634,0.005956333014182746,0.006893247831612825,2.6977400725277567,5.956333014182746,6.893247831612825,28.47902097902098,141.979020979021,28.47902097902098,0.0,24.776223776223777,0,0,0,0.0,27.163934431607853,8.124749924399827
moderately_constrained_moderate,C5,8055,2170,690,28.75,31.797235023041477,1007.5363161978689,1821.451933551857,1004.1521430297349,94.13145539906104,85.89449541284404,5.868544600938967,0.2013554845443072,1315.9400727251625,0,1440.0,52.599999999999824,6.3652777777777825,88.0962499764197,61.78602938486619,26.310220591553506,70.13468723288922,19.310555555555617,1.9902213301278218,59.79580805473837,201.6253640792063,2.5,5,7895.640436350974,72,8.333333333333332,18,144,nan,nan,2.0484906821517046,2.05237246145835,0,0.26878954759913526,0.505207226419009,0.003881779306644781,0.28227026225067675,127,0,0,,,,,,127,0.28227026225067675,0.002222600490162809,0.0017386870458722115,0.005175968795083463,0.006082927109673619,2.222600490162809,5.175968795083463,6.082927109673619,32.83464566929134,161.03149606299212,32.83464566929134,0.0,27.77952755905512,0,0,0,0.0,0.002960873480052007,0.0029609845911586774
moderately_constrained_moderate,C5,8056,2190,1413,58.875,64.52054794520548,370.1563073181419,745.031559711814,366.8095916631483,93.86792452830188,84.42808607021517,6.132075471698113,0.29180401487120244,413.19258793079115,0,1290.0,52.40599999999983,6.37680555555556,78.35909637307367,57.9274510951378,20.431645277935885,73.92562417940702,19.359609155821147,1.6412624220363137,56.28618867310147,120.7509244106119,2.5,5,2479.1555275847477,47,23.404255319148938,25,129,nan,nan,2.214074166031178,2.207157678188235,0,0.2999627573731534,0.5520329999519035,-0.006916487842942529,0.27842531399801373,113,0,0,,,,,,113,0.27842531399801373,0.0024639408318408297,0.0017465159762650728,0.005308317206799984,0.007045601960271597,2.4639408318408296,5.308317206799984,7.045601960271597,28.4070796460177,142.34513274336283,28.4070796460177,0.0,24.58407079646018,0,0,0,0.0,8.166702279806465,2.760382761418131
near_transition_good,C1,8007,2157,1939,80.79166666666667,89.89337042188225,57.944837702711126,228.71115236519157,54.55541223151464,94.86552567237165,87.75743707093821,5.134474327628362,0.3527495483038068,82.28235490918203,0,270.0,51.873999999999846,6.298611111111116,72.29727648446888,54.38402649730003,17.913249987168843,75.2227872774474,29.447478910181772,0.0,54.38402649730003,88.7669376843826,0,0,493.69412945509225,0,0,0,27,0.3,0.7,0.0,0.0,0.0,0.0,0.0,0.0,0.0,0,0,0,,,,,,,,,,,,,,,,,,,,,,,,,
near_transition_good,C1,8008,2130,2012,83.83333333333333,94.46009389671362,33.9447025617652,162.26682516015572,30.609491082282158,96.36363636363636,86.09467455621302,3.6363636363636362,0.36661769772091873,57.89080379739743,0,270.0,51.16199999999982,6.215416666666674,72.46568526674798,54.49513133900118,17.97055392774681,75.2012916712279,29.310374925509468,0.0,54.49513133900118,84.19604803411545,0,0,347.3448227843846,0,0,0,27,0.3,0.7,0.0,0.0,0.0,0.0,0.0,0.0,0.0,0,0,0,,,,,,,,,,,,,,,,,,,,,,,,,
near_transition_good,C1,8009,2125,2111,87.95833333333333,99.34117647058824,10.641727757456055,82.29911471131672,7.35877822919943,95.66265060240964,74.85380116959064,4.337349397590361,0.38420900798486457,21.54616173940997,0,260.0,50.83999999999985,6.186805555555561,69.39186163790757,52.36482286116622,17.02703877674134,75.46248454092522,29.29279583902159,0.0,52.36482286116622,74.33570632019236,0,0,129.27697043645983,0,0,0,26,0.3,0.7,0.0,0.0,0.0,0.0,0.0,0.0,0.0,0,0,0,,,,,,,,,,,,,,,,,,,,,,,,,
near_transition_good,C1,8010,2174,1988,82.83333333333333,91.44434222631095,74.62266175076421,250.00780089529582,71.41205863041213,93.33333333333333,81.48361127084532,6.666666666666667,0.36257215701178963,97.87592927288806,0,260.0,51.64399999999984,6.303888888888897,69.5531990639815,52.361721274250776,17.191477789730722,75.28298047956586,29.26499999999998,0.0,52.361721274250776,80.5122613484818,0,0,587.2555756373284,0,0,0,26,0.3,0.7,0.0,0.0,0.0,0.0,0.0,0.0,0.0,0,0,0,,,,,,,,,,,,,,,,,,,,,,,,,
near_transition_good,C1,8011,2099,1928,80.33333333333333,91.8532634587899,79.67871001049593,211.82767418274574,76.61526560570336,89.27789934354486,80.14616321559073,10.722100656455142,0.3762258162131671,124.48110295064372,0,260.0,50.47599999999982,6.12902777777778,69.49291644790564,52.332854649854184,17.160061798051444,75.30674682373527,29.271964177571448,0.0,52.332854649854184,82.73673249432196,0,0,746.8866177038622,0,0,0,26,0.3,0.7,0.0,0.0,0.0,0.0,0.0,0.0,0.0,0,0,0,,,,,,,,,,,,,,,,,,,,,,,,,
near_transition_good,C1,8012,2175,1978,82.41666666666667,90.9425287356322,53.556385682802166,202.08141987753456,50.26404981551123,95.07829977628636,86.3425925925926,4.921700223713646,0.35880338897160574,73.63853926610268,0,260.0,51.89599999999983,6.3226388888888945,69.54505965606077,52.389922367877446,17.155137288183322,75.33234226410175,29.400555555555535,0.0,52.389922367877446,82.63463328370322,0,0,441.83123559661607,0,0,0,26,0.3,0.7,0.0,0.0,0.0,0.0,0.0,0.0,0.0,0,0,0,,,,,,,,,,,,,,,,,,,,,,,,,
near_transition_good,C1,8013,2190,1980,82.5,90.41095890410958,66.99741837652782,223.1381708969944,63.7602302232535,91.93899782135077,84.51761987290584,8.061002178649238,0.35382148534948515,72.64049699266575,0,270.0,52.47399999999982,6.381527777777782,72.43063344316894,54.53927838374664,17.891355059422303,75.29863510932795,29.274869423450355,0.0,54.53927838374664,83.54044212364226,0,0,435.8429819559945,0,0,0,27,0.3,0.7,0.0,0.0,0.0,0.0,0.0,0.0,0.0,0,0,0,,,,,,,,,,,,,,,,,,,,,,,,,
near_transition_good,C1,8014,2185,1942,80.91666666666667,88.8787185354691,83.78761998619116,238.835028269245,80.52597017022269,94.47004608294931,85.89377498572244,5.529953917050691,0.3511760285773753,81.88746470419005,0,270.0,52.725999999999814,6.392777777777785,72.39422226839415,54.52778003150367,17.866442236890496,75.32062410912783,29.253237774664626,0.0,54.52778003150367,85.82216063135257,0,0,491.3247882251402,0,0,0,27,0.3,0.7,0.0,0.0,0.0,0.0,0.0,0.0,0.0,0,0,0,,,,,,,,,,,,,,,,,,,,,,,,,
near_transition_good,C1,8015,2167,2036,84.83333333333333,93.95477618827871,51.170659378652,171.02596578228548,48.094372754961434,91.43518518518519,80.28818443804035,8.564814814814815,0.35722632437915625,31.54055581482054,0,270.0,52.053999999999846,6.323611111111117,72.5205834814426,54.484381062667154,18.036202418775453,75.12954039677471,29.30055555555553,0.0,54.484381062667154,84.69198315028406,0,0,189.24333488892321,0,0,0,27,0.3,0.7,0.0,0.0,0.0,0.0,0.0,0.0,0.0,0,0,0,,,,,,,,,,,,,,,,,,,,,,,,,
near_transition_good,C1,8016,2230,2041,85.04166666666667,91.52466367713005,63.66308626481679,203.3889366750678,60.32283645809599,94.4954128440367,85.0613154960981,5.5045871559633035,0.34540404051680346,56.842781416333,0,270.0,53.249999999999815,6.485416666666674,72.10914085813329,54.31394577133553,17.795195086797758,75.3218595104221,29.532222222222217,0.0,54.31394577133553,83.03535346769576,0,0,341.056688497998,0,0,0,27,0.3,0.7,0.0,0.0,0.0,0.0,0.0,0.0,0.0,0,0,0,,,,,,,,,,,,,,,,,,,,,,,,,
near_transition_good,C1,8017,2192,2016,84.0,91.97080291970804,59.09030251916615,175.21042623654915,55.76976825893159,94.5945945945946,85.69794050343249,5.405405405405405,0.34929615261495073,54.24363742165017,0,280.0,52.70799999999982,6.400277777777783,74.90011786621466,56.42626973480544,18.473848131409213,75.33535505991206,29.27555555555555,0.0,56.42626973480544,85.97786398658516,0,0,325.461824529901,0,0,0,28,0.3,0.7,0.0,0.0,0.0,0.0,0.0,0.0,0.0,0,0,0,,,,,,,,,,,,,,,,,,,,,,,,,
near_transition_good,C1,8018,2148,1901,79.20833333333333,88.50093109869647,114.44468075077064,238.45743002383315,111.12919941133906,95.3883495145631,87.09677419354838,4.611650485436893,0.3583223004150589,115.24359416706513,0,280.0,51.92399999999984,6.29083333333334,75.1068360308081,56.52903534994092,18.57780068086717,75.26483385181244,29.264999999999997,0.0,56.52903534994092,86.67328641763127,0,0,691.4615650023908,0,0,0,28,0.3,0.7,0.0,0.0,0.0,0.0,0.0,0.0,0.0,0,0,0,,,,,,,,,,,,,,,,,,,,,,,,,
near_transition_good,C1,8019,2214,1859,77.45833333333333,83.96567299006324,128.27150630616956,306.78370151464526,125.00803604777506,93.54066985645932,82.01559020044543,6.4593301435406705,0.33498484222837527,136.25426487805086,0,270.0,53.44199999999982,6.478750000000004,72.41550045903396,54.45469982381655,17.96080063521741,75.19757438481284,29.386111111111063,0.0,54.45469982381655,91.50909466297483,0,0,817.5255892683053,0,0,0,27,0.3,0.7,0.0,0.0,0.0,0.0,0.0,0.0,0.0,0,0,0,,,,,,,,,,,,,,,,,,,,,,,,,
near_transition_good,C1,8020,2150,1969,82.04166666666667,91.58139534883722,45.05245174753409,166.50771202052832,41.85005191643268,93.70786516853933,83.75366568914956,6.292134831460674,0.3539101850174587,69.69289291434804,0,270.0,51.64199999999983,6.273750000000006,72.38165580338762,54.42965113156603,17.952004671821594,75.19812931527136,29.29,0.0,54.42965113156603,89.04277787841366,0,0,418.15735748608824,0,0,0,27,0.3,0.7,0.0,0.0,0.0,0.0,0.0,0.0,0.0,0,0,0,,,,,,,,,,,,,,,,,,,,,,,,,
near_transition_good,C1,8021,2088,1850,77.08333333333333,88.60153256704982,121.95904635371673,257.2520658291057,118.60020729373237,95.46599496221663,86.39858072146659,4.534005037783375,0.36746422532048323,149.9407564167671,0,270.0,50.00999999999985,6.082916666666674,72.40623839117441,54.39569858312342,18.010539808050996,75.12570711000187,29.340389052499578,0.0,54.39569858312342,89.52146480771003,0,0,899.6445385006025,0,0,0,27,0.3,0.7,0.0,0.0,0.0,0.0,0.0,0.0,0.0,0,0,0,,,,,,,,,,,,,,,,,,,,,,,,,
near_transition_good,C1,8022,2112,1931,80.45833333333333,91.42992424242425,53.67681507212139,166.1230851902493,50.35584417862979,96.53579676674366,84.75282906491958,3.4642032332563506,0.37195498023581863,116.45566621720039,0,260.0,50.747999999999834,6.16416666666667,69.78032818021848,52.49729066455211,17.28303751566637,75.23222093334063,29.30055555555552,0.0,52.49729066455211,83.49367852517545,0,0,698.7339973032024,0,0,0,26,0.3,0.7,0.0,0.0,0.0,0.0,0.0,0.0,0.0,0,0,0,,,,,,,,,,,,,,,,,,,,,,,,,
near_transition_good,C1,8023,2174,1990,82.91666666666667,91.53633854645814,77.60337749370413,187.04641536224875,74.43162112842366,94.02654867256636,83.44947735191639,5.9734513274336285,0.35371449691280227,57.95442592076315,0,270.0,52.345999999999826,6.352638888888894,72.26507812484569,54.41291615582675,17.852161969018947,75.29628081467315,29.26499999999999,0.0,54.41291615582675,85.8268574078742,0,0,347.7265555245789,0,0,0,27,0.3,0.7,0.0,0.0,0.0,0.0,0.0,0.0,0.0,0,0,0,,,,,,,,,,,,,,,,,,,,,,,,,
near_transition_good,C1,8024,2145,1832,76.33333333333333,85.4079254079254,112.37184947169466,354.609757148586,109.1898536659277,92.10526315789474,82.51302837290099,7.894736842105263,0.3552312247034495,182.60291558195433,0,260.0,51.35199999999983,6.247361111111117,69.76988873878005,52.43356291427743,17.336325824502612,75.15213778051131,29.27555555555551,0.0,52.43356291427743,88.94459851126366,0,0,1095.617493491726,0,0,0,26,0.3,0.7,0.0,0.0,0.0,0.0,0.0,0.0,0.0,0,0,0,,,,,,,,,,,,,,,,,,,,,,,,,
near_transition_good,C1,8025,2122,1965,81.875,92.60131950989633,99.99653490262725,217.11917410818884,96.53727729113493,96.0093896713615,90.68396226415094,3.9906103286384975,0.36469008277401715,101.08912327826268,0,270.0,51.24199999999984,6.210972222222226,72.42442973006285,54.48071437564713,17.943715354415723,75.2242227915432,29.287952337807337,0.0,54.48071437564713,86.4637281133675,0,0,606.5347396695761,0,0,0,27,0.3,0.7,0.0,0.0,0.0,0.0,0.0,0.0,0.0,0,0,0,,,,,,,,,,,,,,,,,,,,,,,,,
near_transition_good,C1,8026,2127,1848,77.0,86.88293370944993,113.43991849463545,275.2532691342122,110.13244825023146,95.4233409610984,86.92307692307692,4.576659038901601,0.35872555981462134,149.92696392471078,0,270.0,50.993999999999836,6.200000000000006,72.40611447936172,54.413482078162275,17.99263240119945,75.15039644016808,29.27555555555549,0.0,54.413482078162275,89.34799744456052,0,0,899.5617835482645,0,0,0,27,0.3,0.7,0.0,0.0,0.0,0.0,0.0,0.0,0.0,0,0,0,,,,,,,,,,,,,,,,,,,,,,,,,
near_transition_good,C1,8027,2121,1916,79.83333333333333,90.33474776049033,102.03134132084092,215.86468192567276,98.65033660262691,95.91346153846155,87.91788856304986,4.086538461538462,0.3603561964695174,92.80109713069022,0,270.0,51.46599999999983,6.225277777777783,72.39316909869031,54.42086815539247,17.97230094329783,75.17403759628615,29.25840187137572,0.0,54.42086815539247,89.20294878495622,0,0,556.8065827841413,0,0,0,27,0.3,0.7,0.0,0.0,0.0,0.0,0.0,0.0,0.0,0,0,0,,,,,,,,,,,,,,,,,,,,,,,,,
near_transition_good,C1,8028,2166,1984,82.66666666666667,91.59741458910435,49.35899104211116,162.45873468729673,46.08546261429814,94.7867298578199,82.62614678899082,5.213270142180095,0.3647958879853685,66.83045167740701,0,270.0,51.94999999999985,6.315138888888894,72.14218751090563,54.37527504959358,17.766912461312042,75.37236799393385,29.3361111111111,0.0,54.37527504959358,80.28913387544556,0,0,400.98271006444213,0,0,0,27,0.3,0.7,0.0,0.0,0.0,0.0,0.0,0.0,0.0,0,0,0,,,,,,,,,,,,,,,,,,,,,,,,,
near_transition_good,C1,8029,2080,2004,83.5,96.34615384615385,57.17023183163977,188.77676936835087,54.02444103534981,93.19727891156462,83.64856619890178,6.802721088435375,0.3944515746004034,65.81169072553418,0,260.0,50.16799999999984,6.083888888888891,69.48658146611152,52.43596036996591,17.050621096145605,75.46199462343507,29.39666666666666,0.0,52.43596036996591,74.44016635086906,0,0,394.87014435320503,0,0,0,26,0.3,0.7,0.0,0.0,0.0,0.0,0.0,0.0,0.0,0,0,0,,,,,,,,,,,,,,,,,,,,,,,,,
near_transition_good,C1,8030,2182,2028,84.5,92.942254812099,69.26654111314907,148.74198000857567,65.96053232418313,94.74835886214443,86.66666666666667,5.25164113785558,0.3606175706678039,51.5049241313385,0,280.0,52.18799999999984,6.35166666666667,74.88070258367165,56.46606958746007,18.4146329962116,75.40803923996963,29.336111111111084,0.0,56.46606958746007,80.57390204376208,0,0,309.029544788031,0,0,0,28,0.3,0.7,0.0,0.0,0.0,0.0,0.0,0.0,0.0,0,0,0,,,,,,,,,,,,,,,,,,,,,,,,,
near_transition_good,C1,8031,2117,1935,80.625,91.40292867264998,69.04563457879044,190.58472644736005,65.71906556494815,92.85714285714286,88.23529411764706,7.142857142857142,0.3667661498097545,89.89600647932974,0,260.0,50.93599999999985,6.183472222222229,69.58902534238358,52.33441859680062,17.25460674558297,75.20498863047885,29.49666666666665,0.0,52.33441859680062,85.91253233636948,0,0,539.3760388759785,0,0,0,26,0.3,0.7,0.0,0.0,0.0,0.0,0.0,0.0,0.0,0,0,0,,,,,,,,,,,,,,,,,,,,,,,,,
near_transition_good,C1,8032,2242,1924,80.16666666666667,85.81623550401427,115.43495246220017,273.89760432105805,112.02166701730012,97.63440860215053,90.43331457512662,2.3655913978494625,0.32302648417479307,101.16974250645757,0,280.0,54.07199999999982,6.557500000000006,75.09935024715779,56.43348064921558,18.665869597942194,75.14509841095645,29.350555555555523,0.0,56.43348064921558,94.79522060623529,0,0,607.0184550387454,0,0,0,28,0.3,0.7,0.0,0.0,0.0,0.0,0.0,0.0,0.0,0,0,0,,,,,,,,,,,,,,,,,,,,,,,,,
near_transition_good,C1,8033,2216,1947,81.125,87.86101083032491,100.21128099642274,217.80064058146357,96.87311755788669,95.16483516483515,87.9045996592845,4.835164835164836,0.32855187032548105,76.57805261339355,0,280.0,53.11999999999983,6.458888888888893,75.12925801966512,56.42186191814865,18.707396101516476,75.09971934420037,29.27555555555552,0.0,56.42186191814865,95.09110002693359,0,0,459.4683156803613,0,0,0,28,0.3,0.7,0.0,0.0,0.0,0.0,0.0,0.0,0.0,0,0,0,,,,,,,,,,,,,,,,,,,,,,,,,
near_transition_good,C1,8034,2101,1971,82.125,93.81247025226082,34.24524081671719,154.1794664836588,30.949282861274277,95.39951573849879,84.95260663507109,4.600484261501211,0.3840176192363514,85.95629966663975,0,250.0,50.677999999999855,6.145555555555559,66.9502078609309,50.39119795476244,16.55900990616845,75.266678871909,29.436111111111092,0.0,50.39119795476244,77.78387290263353,0,0,515.7377979998384,0,0,0,25,0.3,0.7,0.0,0.0,0.0,0.0,0.0,0.0,0.0,0,0,0,,,,,,,,,,,,,,,,,,,,,,,,,
near_transition_good,C1,8035,2121,1973,82.20833333333333,93.02215935879302,73.715642541018,228.06992667197508,70.18134972114655,98.05825242718447,91.28145114101814,1.9417475728155338,0.36921126893310974,89.13544738294485,0,270.0,50.96999999999984,6.190833333333338,72.46978359334476,54.53354491378526,17.936238679559498,75.25004520476219,29.325555555555553,0.0,54.53354491378526,83.88990530680086,0,0,534.8126842976691,0,0,0,27,0.3,0.7,0.0,0.0,0.0,0.0,0.0,0.0,0.0,0,0,0,,,,,,,,,,,,,,,,,,,,,,,,,
near_transition_good,C1,8036,2213,1930,80.41666666666667,87.21192950745595,120.3930960530603,252.68229258727976,117.12312392963756,95.01133786848072,84.25507900677201,4.988662131519274,0.34455585730666555,102.99919380724216,0,270.0,53.213999999999814,6.461666666666672,72.33882841683855,54.46869411499323,17.87013430184534,75.29662189319389,29.252010303148236,0.0,54.46869411499323,85.90537450488962,0,0,617.995162843453,0,0,0,27,0.3,0.7,0.0,0.0,0.0,0.0,0.0,0.0,0.0,0,0,0,,,,,,,,,,,,,,,,,,,,,,,,,
near_transition_good,C1,8037,2103,1904,79.33333333333333,90.53732762719923,96.63032434400426,246.04640110397426,93.40911147918858,90.84158415841584,83.87286639199529,9.158415841584159,0.37450008403467455,107.99495128383725,0,260.0,50.35199999999985,6.125416666666669,69.7326503020251,52.49502152195508,17.23762878007002,75.28040493884767,29.264999999999997,0.0,52.49502152195508,83.21661624586196,0,0,647.9697077030236,0,0,0,26,0.3,0.7,0.0,0.0,0.0,0.0,0.0,0.0,0.0,0,0,0,,,,,,,,,,,,,,,,,,,,,,,,,
near_transition_good,C1,8038,2142,2056,85.66666666666667,95.98506069094304,27.025913625026,110.47121736014105,23.71981028872307,92.11711711711712,87.75029446407538,7.882882882882883,0.37513046946882733,32.576574107027845,0,270.0,51.201999999999835,6.233194444444449,72.17510856420246,54.453242882204975,17.721865681997482,75.44601451311539,29.275555555555517,0.0,54.453242882204975,77.42171831870363,0,0,195.45944464216709,0,0,0,27,0.3,0.7,0.0,0.0,0.0,0.0,0.0,0.0,0.0,0,0,0,,,,,,,,,,,,,,,,,,,,,,,,,
near_transition_good,C1,8039,2168,2005,83.54166666666667,92.48154981549816,64.98721947347592,196.11003831221618,61.635278038996546,95.1167728237792,89.92339422510312,4.8832271762208075,0.364105228584769,57.39791844758789,0,260.0,52.07999999999981,6.326666666666673,69.49127688228619,52.31513479123922,17.176142091046977,75.28302419864545,29.486111111111107,0.0,52.31513479123922,80.42575173802751,0,0,344.38751068552733,0,0,0,26,0.3,0.7,0.0,0.0,0.0,0.0,0.0,0.0,0.0,0,0,0,,,,,,,,,,,,,,,,,,,,,,,,,
near_transition_good,C1,8040,2159,1969,82.04166666666667,91.19962945808244,82.14375691289534,189.40213490559387,78.77259724498545,95.50561797752809,88.68144690781797,4.49438202247191,0.3564032359721864,85.56227104560226,0,280.0,51.70399999999984,6.28930555555556,75.0353646323277,56.51000253705025,18.52536209527745,75.31115869690048,29.28999999999999,0.0,56.51000253705025,86.29694730557704,0,0,513.3736262736135,0,0,0,28,0.3,0.7,0.0,0.0,0.0,0.0,0.0,0.0,0.0,0,0,0,,,,,,,,,,,,,,,,,,,,,,,,,
near_transition_good,C1,8041,2106,1896,79.0,90.02849002849003,72.964767972915,229.07300533549133,69.8414573379824,91.22807017543859,80.66666666666666,8.771929824561402,0.36776343022062763,111.71765948460707,0,260.0,50.271999999999835,6.1236111111111144,69.88854785396947,52.49016796640203,17.39837988756744,75.10553528180188,29.2686890201503,0.0,52.49016796640203,86.84194186762343,0,0,670.3059569076424,0,0,0,26,0.3,0.7,0.0,0.0,0.0,0.0,0.0,0.0,0.0,0,0,0,,,,,,,,,,,,,,,,,,,,,,,,,
near_transition_good,C1,8042,2156,1883,78.45833333333333,87.33766233766234,84.05045112125315,233.33376717813297,80.74154331042298,94.61358313817331,86.92886061307115,5.386416861826698,0.3482137003081571,115.44627165733988,0,270.0,51.89399999999985,6.298750000000007,72.34743658798824,54.3848470729963,17.962589514991947,75.17176784398434,29.411111111111087,0.0,54.3848470729963,91.62733537066124,0,0,692.6776299440392,0,0,0,27,0.3,0.7,0.0,0.0,0.0,0.0,0.0,0.0,0.0,0,0,0,,,,,,,,,,,,,,,,,,,,,,,,,
near_transition_good,C1,8043,2098,2043,85.125,97.37845567206864,26.549716711662327,129.29035139058306,23.393756589174643,91.38755980861244,80.89285714285714,8.61244019138756,0.39087305414190143,31.93352314591962,0,260.0,50.759999999999835,6.147500000000006,69.44600695191598,52.44054928720411,17.005457664711862,75.51269192988109,29.336111111111094,0.0,52.44054928720411,74.0872786259703,0,0,191.60113887551773,0,0,0,26,0.3,0.7,0.0,0.0,0.0,0.0,0.0,0.0,0.0,0,0,0,,,,,,,,,,,,,,,,,,,,,,,,,
near_transition_good,C1,8044,2146,2038,84.91666666666667,94.96738117427772,42.673059532077545,162.30511724885443,39.43464460048292,94.58874458874459,84.97624703087887,5.411255411255411,0.37755108692445893,45.18914213471082,0,260.0,51.40799999999983,6.252500000000006,69.67577051589197,52.49100411753836,17.18476639835361,75.33609421020464,29.253352415554296,0.0,52.49100411753836,75.41379228976908,0,0,271.13485280826495,0,0,0,26,0.3,0.7,0.0,0.0,0.0,0.0,0.0,0.0,0.0,0,0,0,,,,,,,,,,,,,,,,,,,,,,,,,
near_transition_good,C1,8045,2152,2023,84.29166666666667,94.00557620817844,49.58451003131349,135.96573510793388,46.294338521738645,95.68181818181817,83.93691588785046,4.318181818181818,0.3678383355636199,58.2797428726196,0,270.0,51.66199999999983,6.277638888888893,72.24213025139655,54.45042232240499,17.79170792899156,75.37211615012195,29.286111111111072,0.0,54.45042232240499,80.40810977293913,0,0,349.6784572357176,0,0,0,27,0.3,0.7,0.0,0.0,0.0,0.0,0.0,0.0,0.0,0,0,0,,,,,,,,,,,,,,,,,,,,,,,,,
near_transition_good,C1,8046,2150,2045,85.20833333333333,95.11627906976744,58.893342113629224,150.0114343860886,55.44541956491236,97.58454106280193,89.45852534562212,2.4154589371980677,0.3694722613224697,49.91308918289206,0,280.0,52.00799999999984,6.299166666666672,74.7889352230876,56.48444100488342,18.304494218204177,75.52513060440856,29.264999999999976,0.0,56.48444100488342,79.70553209540704,0,0,299.4785350973524,0,0,0,28,0.3,0.7,0.0,0.0,0.0,0.0,0.0,0.0,0.0,0,0,0,,,,,,,,,,,,,,,,,,,,,,,,,
near_transition_good,C1,8047,2194,1876,78.16666666666667,85.50592525068367,132.65858841754817,281.34910812628635,129.48993288455137,89.43820224719101,82.04688393367638,10.561797752808989,0.35239030221862594,140.16173131663206,0,260.0,52.139999999999816,6.363333333333339,69.78861547722494,52.46787073461418,17.320744742610763,75.18113144361881,29.300555555555537,0.0,52.46787073461418,83.84359644660219,0,0,840.9703878997923,0,0,0,26,0.3,0.7,0.0,0.0,0.0,0.0,0.0,0.0,0.0,0,0,0,,,,,,,,,,,,,,,,,,,,,,,,,
near_transition_good,C1,8048,2253,1934,80.58333333333333,85.84110075454949,114.8295921624324,289.2378212401265,111.42034658674628,96.19686800894854,87.04318936877077,3.803131991051454,0.3297070882791591,121.73535287363337,0,280.0,54.27999999999983,6.5856944444444485,75.06155686820524,56.4759564969781,18.585600371227137,75.2395218715485,29.31111111111105,0.0,56.4759564969781,89.2590803658379,0,0,730.4121172418002,0,0,0,28,0.3,0.7,0.0,0.0,0.0,0.0,0.0,0.0,0.0,0,0,0,,,,,,,,,,,,,,,,,,,,,,,,,
near_transition_good,C1,8049,2127,1967,81.95833333333333,92.4776680771039,65.81964751176936,195.660994612979,62.505649459341896,93.61702127659575,86.9718309859155,6.382978723404255,0.35915612782674833,95.61483448237155,0,270.0,50.701999999999856,6.179722222222229,72.43191785560917,54.46756368857636,17.964354167032806,75.19829006482446,29.250555555555508,0.0,54.46756368857636,89.08965663728439,0,0,573.6890068942292,0,0,0,27,0.3,0.7,0.0,0.0,0.0,0.0,0.0,0.0,0.0,0,0,0,,,,,,,,,,,,,,,,,,,,,,,,,
near_transition_good,C1,8050,2089,1961,81.70833333333333,93.8726663475347,56.31576626955955,166.78180300429096,52.74703341719568,98.98989898989899,92.8529238038984,1.0101010101010102,0.3880162854330868,101.56342896822426,0,250.0,50.36999999999983,6.109166666666671,66.82419462112392,50.365871253759636,16.458323367364287,75.37071196940155,29.30055555555554,0.0,50.365871253759636,77.05133985125906,0,0,609.3805738093455,0,0,0,25,0.3,0.7,0.0,0.0,0.0,0.0,0.0,0.0,0.0,0,0,0,,,,,,,,,,,,,,,,,,,,,,,,,
near_transition_good,C1,8051,2102,2022,84.25,96.1941008563273,39.54164280517424,176.95923220789507,36.16095777036736,95.55555555555556,86.3877430760165,4.444444444444445,0.3701602037377807,58.53129691535222,0,260.0,50.62799999999984,6.143333333333338,69.70070559967901,52.43470676968146,17.26599882999756,75.2283729677522,29.35055555555554,0.0,52.43470676968146,85.95943331288716,0,0,351.18778149211334,0,0,0,26,0.3,0.7,0.0,0.0,0.0,0.0,0.0,0.0,0.0,0,0,0,,,,,,,,,,,,,,,,,,,,,,,,,
near_transition_good,C1,8052,2123,1944,81.0,91.56853509185116,91.43391137083024,203.89970340985772,88.12164722374561,95.8041958041958,85.71428571428572,4.195804195804196,0.36987405778997845,104.20396314574167,0,270.0,51.33799999999984,6.218888888888895,72.25053913921019,54.42039016681001,17.83014897240019,75.32177726999991,29.311111111111103,0.0,54.42039016681001,83.21445421490179,0,0,625.22377887445,0,0,0,27,0.3,0.7,0.0,0.0,0.0,0.0,0.0,0.0,0.0,0,0,0,,,,,,,,,,,,,,,,,,,,,,,,,
near_transition_good,C1,8053,2168,1930,80.41666666666667,89.02214022140221,85.61355962751576,218.04198184164633,82.35637344453407,96.07843137254902,86.60035108250439,3.9215686274509802,0.3446071127481978,79.91704641909541,0,270.0,52.50999999999983,6.356527777777783,72.54779529304338,54.50163759375779,18.046157699285576,75.12514663417203,29.35055555555553,0.0,54.50163759375779,92.12462123997022,0,0,479.50227851457254,0,0,0,27,0.3,0.7,0.0,0.0,0.0,0.0,0.0,0.0,0.0,0,0,0,,,,,,,,,,,,,,,,,,,,,,,,,
near_transition_good,C1,8054,2129,1947,81.125,91.45138562705496,71.1119092810692,199.95598335757506,67.95057644335503,93.34862385321101,82.45717660956882,6.651376146788992,0.35795193385069696,99.76580102780328,0,270.0,51.261999999999844,6.221111111111115,72.44009011237179,54.42173397412854,18.018356138243245,75.12654096606934,29.27555555555553,0.0,54.42173397412854,89.53439524513736,0,0,598.5948061668195,0,0,0,27,0.3,0.7,0.0,0.0,0.0,0.0,0.0,0.0,0.0,0,0,0,,,,,,,,,,,,,,,,,,,,,,,,,
near_transition_good,C1,8055,2170,2017,84.04166666666667,92.94930875576037,48.969216417785226,193.79909509004113,45.50923056271837,95.30516431924883,90.48165137614679,4.694835680751173,0.35328273318215236,54.49556625029309,0,280.0,52.36799999999983,6.349166666666672,75.06593686676865,56.49836271819956,18.5675741485691,75.26498046440972,29.264999999999997,0.0,56.49836271819956,86.64147120181968,0,0,326.97339750175854,0,0,0,28,0.3,0.7,0.0,0.0,0.0,0.0,0.0,0.0,0.0,0,0,0,,,,,,,,,,,,,,,,,,,,,,,,,
near_transition_good,C1,8056,2190,1982,82.58333333333333,90.50228310502283,106.24452503580667,246.09997950168201,102.70135313827556,97.16981132075472,91.84597961494903,2.8301886792452833,0.3449529809407006,103.15784061597672,0,280.0,52.20399999999984,6.362777777777784,74.99370232393147,56.46053442847115,18.53316789546034,75.28703434935477,29.325555555555542,0.0,56.46053442847115,88.86154476891296,0,0,618.9470436958603,0,0,0,28,0.3,0.7,0.0,0.0,0.0,0.0,0.0,0.0,0.0,0,0,0,,,,,,,,,,,,,,,,,,,,,,,,,
near_transition_good,C2,8007,2157,1960,81.66666666666667,90.8669448307835,74.2022098906315,287.15450428446997,71.28510071608055,87.53056234718827,69.50800915331807,12.469437652811736,0.3542120980641592,83.23487362498032,0,2500.0,52.31999999999984,6.329583333333339,76.42078631146204,57.509776497300024,18.911009814162014,75.25410202259901,19.396935117690045,4.697682441090931,52.81209405620909,87.8894078281712,2.5,5,499.40924174988197,124,14.516129032258066,43,250,nan,nan,2.7600818658593784,2.7600818658593784,0,0.0,0.0,0.0,0.0,0,0,0,,,,,,,,,,,,,,,,,,,,,,,,,
near_transition_good,C2,8008,2130,2011,83.79166666666667,94.41314553990611,54.089059502724204,219.97730815721025,50.97918735109834,94.0909090909091,77.92899408284025,5.909090909090909,0.3689972400305539,64.26855782454878,0,1370.0,51.38199999999983,6.230694444444448,77.52707212671352,58.572798005667835,18.95427412104568,75.55141242782132,19.350000000000037,2.2541446222549344,56.318653383412894,82.76832264833435,2.5,5,385.6113469472927,67,10.44776119402985,31,137,nan,nan,2.683996091356266,2.683996091356266,0,0.0,0.0,0.0,0.0,0,0,0,,,,,,,,,,,,,,,,,,,,,,,,,
near_transition_good,C2,8009,2125,1828,76.16666666666667,86.02352941176471,124.24585183328291,424.3433790690122,121.17383746485758,88.67469879518073,76.25730994152048,11.325301204819278,0.36250072361495955,146.523239365743,0,2540.0,51.295999999999836,6.21847222222223,72.07522487039958,54.22710063894403,17.848124231455557,75.23681089646442,19.41055555555561,4.9605004721931785,49.26660016675085,87.3606769421354,2.5,5,879.1394361944582,144,31.25,56,254,nan,nan,2.807615230460922,2.807615230460922,0,0.0,0.0,0.0,0.0,0,0,0,,,,,,,,,,,,,,,,,,,,,,,,,
near_transition_good,C2,8010,2174,1953,81.375,89.83440662373505,110.65644740166073,367.6941374980797,107.64553367575851,91.72413793103449,72.6279470960322,8.275862068965518,0.365831779281522,128.22691366407275,0,1930.0,51.97799999999984,6.32708333333334,73.36653903948736,55.39480460758412,17.971734431903254,75.50418124230927,19.275000000000038,2.6948415899499993,52.69996301763412,78.55648798664235,2.5,5,769.3614819844365,61,39.34426229508197,44,193,nan,nan,2.788025489180608,2.788025489180608,0,0.0,0.0,0.0,0.0,0,0,0,,,,,,,,,,,,,,,,,,,,,,,,,
near_transition_good,C2,8011,2099,1873,78.04166666666667,89.2329680800381,92.54191787272089,343.11881612880404,89.65110945847994,87.96498905908096,71.61997563946407,12.035010940919037,0.3848178166268316,132.22751687377837,0,2700.0,50.96399999999982,6.162916666666671,67.6309363103594,50.952104649854185,16.678831660505228,75.33845815180526,19.410555555555593,5.204260863982366,45.74784378587182,77.58153224612325,2.5,5,793.3651012426703,126,20.634920634920633,57,270,nan,nan,2.814446012647864,2.814446012647864,0,0.0,0.0,0.0,0.0,0,0,0,,,,,,,,,,,,,,,,,,,,,,,,,
near_transition_good,C2,8012,2175,2036,84.83333333333333,93.60919540229885,41.7703104632683,216.45294280846957,38.78413555217624,89.70917225950782,75.86805555555556,10.290827740492169,0.35929272454734323,45.99385557987928,0,2670.0,52.377999999999815,6.356111111111115,75.88659088329544,57.174172367877446,18.712418515418,75.34160080508101,19.435555555555624,4.421936652762655,52.75223571511479,82.34103193826073,2.5,5,275.96313347927565,111,17.117117117117118,55,267,nan,nan,2.813484111079301,2.813484111079301,0,0.0,0.0,0.0,0.0,0,0,0,,,,,,,,,,,,,,,,,,,,,,,,,
near_transition_good,C2,8013,2190,2004,83.5,91.5068493150685,76.2063376016258,253.83482616513186,73.15154773601994,89.32461873638344,77.00751010976315,10.675381263616558,0.35852888410850164,74.89510353917326,0,2080.0,52.83599999999982,6.4066666666666725,74.76014566000495,56.38177838374664,18.378367276258306,75.41689209670663,19.450000000000063,3.658364543770565,52.723413839976075,80.71600286823234,2.5,5,449.37062123503955,96,8.333333333333332,39,208,nan,nan,2.6962837592283018,2.6962837592283018,0,0.0,0.0,0.0,0.0,0,0,0,,,,,,,,,,,,,,,,,,,,,,,,,
near_transition_good,C2,8014,2185,1945,81.04166666666667,89.01601830663616,85.42934303123388,323.6234704719483,82.4076523404462,91.47465437788019,76.8703597944032,8.525345622119817,0.3359929316510511,122.98503639317775,0,2230.0,53.117999999999824,6.4200000000000035,79.30817338067764,59.70455780928141,19.603615571396226,75.28172099324584,19.57111111111117,3.531385800468967,56.17317200881245,94.93201878714707,2.5,5,737.9102183590664,95,12.631578947368421,43,223,nan,nan,2.813365862159101,2.813365862159101,0,0.0,0.0,0.0,0.0,0,0,0,,,,,,,,,,,,,,,,,,,,,,,,,
near_transition_good,C2,8015,2167,1934,80.58333333333333,89.24780802953391,78.57590319263387,271.8364187551677,75.75008773272458,86.80555555555556,71.81556195965418,13.194444444444445,0.3502307823698147,80.36815676268932,0,3310.0,52.661999999999836,6.365833333333338,77.53260931675945,58.37982550711162,19.152783809647843,75.29712468285553,19.294645501287373,5.603490452647613,52.776335054464006,88.88930835588896,2.5,5,482.208940576136,141,14.893617021276595,75,331,nan,nan,2.7740924887750182,2.7740924887750182,0,0.0,0.0,0.0,0.0,0,0,0,,,,,,,,,,,,,,,,,,,,,,,,,
near_transition_good,C2,8016,2230,1899,79.125,85.15695067264573,116.44249509805461,392.1535554806597,113.45344369483242,90.36697247706422,71.85061315496097,9.63302752293578,0.328803634364272,123.93535612127575,0,2670.0,53.729999999999805,6.518750000000004,76.75799853896315,57.70547354911332,19.052524989849836,75.17844999543784,19.289444444444463,4.92912009279584,52.77635345631748,92.99559715921453,2.5,5,743.6121367276545,137,11.678832116788321,59,267,nan,nan,2.777698253650157,2.777698253650157,0,0.0,0.0,0.0,0.0,0,0,0,,,,,,,,,,,,,,,,,,,,,,,,,
near_transition_good,C2,8017,2192,1935,80.625,88.27554744525547,92.48076696614497,300.54266917783787,89.36181299468821,91.89189189189189,78.20366132723112,8.108108108108109,0.342841991529343,104.26050150444783,0,1940.0,53.03999999999983,6.423333333333337,78.79412562564636,59.3495475125832,19.444578113063162,75.32229977975132,19.253888888888966,3.086697557964999,56.2628499546182,89.85036063794979,2.5,5,625.563009026687,88,2.272727272727273,44,194,nan,nan,2.758235572268132,2.758235572268132,0,0.0,0.0,0.0,0.0,0,0,0,,,,,,,,,,,,,,,,,,,,,,,,,
near_transition_good,C2,8018,2148,1816,75.66666666666667,84.5437616387337,149.89808710773102,439.41222274538217,146.8631141771378,89.32038834951457,77.7073732718894,10.679611650485436,0.3520756553018994,159.98602019049468,0,2290.0,52.32599999999984,6.318750000000003,79.32920429015127,59.75086868327427,19.57833560687701,75.32014119886028,19.289444444444495,3.4581261773378156,56.29274250593645,90.42127348552702,2.5,5,959.916121142968,90,28.888888888888886,54,229,nan,nan,2.7900025402918516,2.7900025402918516,0,0.0,0.0,0.0,0.0,0,0,0,,,,,,,,,,,,,,,,,,,,,,,,,
near_transition_good,C2,8019,2214,1899,79.125,85.77235772357723,114.36146659397707,419.1851421863995,111.29608822485328,91.86602870813397,72.93986636971046,8.133971291866029,0.32823334514419483,115.38946852278767,0,2130.0,53.81399999999984,6.504583333333336,79.42661599407525,59.7323664904832,19.694249503592044,75.20447112456469,19.42500000000003,3.4996607322849873,56.232705758198215,95.55999291348309,2.5,5,692.3368111367259,83,8.433734939759036,50,213,nan,nan,2.8308088257733743,2.8308088257733743,0,0.0,0.0,0.0,0.0,0,0,0,,,,,,,,,,,,,,,,,,,,,,,,,
near_transition_good,C2,8020,2150,1941,80.875,90.27906976744185,64.40128348486954,358.11662262156824,61.627919559758574,88.31460674157303,69.91202346041055,11.685393258426966,0.36198793900408743,77.03903597475257,0,3330.0,52.25399999999981,6.316250000000004,73.5172662632743,55.3728177982327,18.144448465041588,75.31947338729366,19.38555555555557,6.090294654142191,49.28252314409052,84.19612548643643,2.5,5,462.23421584851536,153,7.18954248366013,73,333,nan,nan,2.8483612994013106,2.8483612994013106,0,0.0,0.0,0.0,0.0,0,0,0,,,,,,,,,,,,,,,,,,,,,,,,,
near_transition_good,C2,8021,2088,1887,78.625,90.37356321839081,102.75931049919011,340.93371265875305,99.71281157450514,90.6801007556675,77.29154346540508,9.319899244332493,0.37450807281511245,129.6297044858699,0,2360.0,50.427999999999855,6.1119444444444495,75.24033424633,56.74908747201232,18.491246774317673,75.42375780285741,19.335555555555583,3.9996100836850323,52.74947738832729,85.29515631093251,2.5,5,777.7782269152193,97,27.835051546391753,45,236,nan,nan,2.8343292920682996,2.8343292920682996,0,0.0,0.0,0.0,0.0,0,0,0,,,,,,,,,,,,,,,,,,,,,,,,,
near_transition_good,C2,8022,2112,1964,81.83333333333333,92.99242424242425,59.140881210268496,258.74531242287776,56.17901152125231,89.60739030023095,74.50863609291245,10.392609699769054,0.3678753594649115,113.5992920501651,0,2330.0,51.16199999999983,6.192916666666671,75.87969757461946,57.25712399788545,18.622573576734005,75.4577651572468,19.275000000000063,4.439730459404672,52.81739353848077,85.94145098771978,2.5,5,681.5957523009906,108,20.37037037037037,36,233,nan,nan,2.7625526281921644,2.7625526281921644,0,0.0,0.0,0.0,0.0,0,0,0,,,,,,,,,,,,,,,,,,,,,,,,,
near_transition_good,C2,8023,2174,1903,79.29166666666667,87.5344986200552,102.78202904902406,422.6468695113615,99.70850855618689,91.5929203539823,78.74564459930313,8.4070796460177,0.32948709255180075,181.9985352524172,0,1950.0,52.68199999999982,6.3759722222222255,79.16836088777448,59.44477726693785,19.723583620836628,75.0865328021684,19.410555555555604,3.2147118766059637,56.23006539033189,100.36330002447514,2.5,5,1091.9912115145034,78,17.94871794871795,40,195,nan,nan,2.844829323451372,2.844829323451372,0,0.0,0.0,0.0,0.0,0,0,0,,,,,,,,,,,,,,,,,,,,,,,,,
near_transition_good,C2,8024,2145,1792,74.66666666666667,83.54312354312354,126.75306955414395,368.88356390422246,123.89023569141824,88.03827751196172,71.56919513607411,11.961722488038278,0.3646755315713406,180.47162422795398,0,3350.0,51.96999999999983,6.29027777777778,73.1470375003104,55.154118469833016,17.99291903047739,75.40171188696326,19.25745711635486,5.894369670053199,49.259748799779814,83.27801439052901,2.5,5,1082.8297453677237,131,20.610687022900763,68,335,nan,nan,2.8211001442136614,2.8211001442136614,0,0.0,0.0,0.0,0.0,0,0,0,,,,,,,,,,,,,,,,,,,,,,,,,
near_transition_good,C2,8025,2122,1894,78.91666666666667,89.25541941564562,123.07081424047126,411.834065841146,119.8523874414198,94.13145539906104,82.78301886792453,5.868544600938967,0.3465143446835987,151.0474148976884,0,1400.0,51.46799999999983,6.22666666666667,82.21579464289765,61.96913104231378,20.24666360058386,75.37375429073602,19.252889334450238,2.2148906765747918,59.75424036573899,97.36917096761854,2.5,5,906.2844893861306,56,12.5,29,140,nan,nan,2.780634439610929,2.780634439610929,0,0.0,0.0,0.0,0.0,0,0,0,,,,,,,,,,,,,,,,,,,,,,,,,
near_transition_good,C2,8026,2127,1962,81.75,92.2425952045134,72.88008557729327,295.1192382265966,69.85662332578578,89.93135011441647,77.51479289940828,10.068649885583524,0.3709204236002506,86.71133298907661,0,2310.0,51.40199999999982,6.228333333333337,75.4222347693279,56.793426522606715,18.628808246721185,75.30064137757823,19.321677750032908,4.048612713942754,52.74481380866396,82.03107917318292,2.5,5,520.2679979344597,97,19.587628865979383,43,231,nan,nan,2.794255177020708,2.794255177020708,0,0.0,0.0,0.0,0.0,0,0,0,,,,,,,,,,,,,,,,,,,,,,,,,
near_transition_good,C2,8027,2121,1765,73.54166666666667,83.21546440358321,136.64173380254582,415.6214783102205,133.5026108294224,92.0673076923077,78.94428152492668,7.9326923076923075,0.34086452770507325,212.52951215510004,0,1870.0,51.78599999999983,6.247500000000006,79.5608800140918,59.74150704428135,19.81937296981044,75.08904757426006,19.264444444444475,3.403011734388524,56.338495309892835,100.89795004362271,2.5,5,1275.1770729306002,93,46.236559139784944,34,187,nan,nan,2.804872903702141,2.804872903702141,0,0.0,0.0,0.0,0.0,0,0,0,,,,,,,,,,,,,,,,,,,,,,,,,
near_transition_good,C2,8028,2166,1864,77.66666666666667,86.0572483841182,84.04625958720028,356.3868667425995,81.02990800736255,88.86255924170617,75.51605504587155,11.137440758293838,0.3341675006200886,144.24611433650318,0,2710.0,52.437999999999846,6.349027777777783,77.02995720174184,57.787136160704705,19.242821041037125,75.01904227904464,19.425000000000082,5.078258942418118,52.70887721828658,98.6661662946135,2.5,5,865.4766860190192,128,10.9375,52,271,nan,nan,2.7632765531062122,2.7632765531062122,0,0.0,0.0,0.0,0.0,0,0,0,,,,,,,,,,,,,,,,,,,,,,,,,
near_transition_good,C2,8029,2080,1821,75.875,87.54807692307692,120.41167312884309,433.06616152252747,117.71604654039514,85.4875283446712,68.5784014643075,14.512471655328799,0.3758625245001248,148.64783724723924,0,3640.0,50.84399999999982,6.130833333333339,74.17325981999745,55.80234925885482,18.37091056114263,75.23243469988391,19.28825539360785,6.583320349607444,49.21902890924737,85.59359641103619,2.5,5,891.8870234834354,149,24.161073825503358,77,364,nan,nan,2.795625536787862,2.795625536787862,0,0.0,0.0,0.0,0.0,0,0,0,,,,,,,,,,,,,,,,,,,,,,,,,
near_transition_good,C2,8030,2182,1878,78.25,86.06782768102657,110.79768012258334,333.69067105189293,107.69910455970634,91.46608315098467,79.07246376811594,8.533916849015318,0.35307737221343777,143.7050722721754,0,1950.0,52.52199999999984,6.374861111111115,74.65088127920006,56.268430698571166,18.382450580628902,75.37544063026247,19.300000000000036,3.4970498432032264,52.77138085536793,85.0980211163818,2.5,5,862.2304336330524,85,25.882352941176475,33,195,nan,nan,2.788376753507014,2.788376753507014,0,0.0,0.0,0.0,0.0,0,0,0,,,,,,,,,,,,,,,,,,,,,,,,,
near_transition_good,C2,8031,2117,1923,80.125,90.8360888049126,91.56903871873477,319.9531826747951,88.46306585791503,90.32258064516128,78.72846108140226,9.67741935483871,0.3676908598807198,135.40138240983651,0,2220.0,51.32799999999985,6.210694444444449,74.72259910305146,56.294418596800625,18.42818050625084,75.337875385148,19.253888888888945,3.536516324400896,52.75790227239972,85.35770629379033,2.5,5,812.408294459019,100,19.0,50,222,nan,nan,2.7358194650169905,2.7358194650169905,0,0.0,0.0,0.0,0.0,0,0,0,,,,,,,,,,,,,,,,,,,,,,,,,
near_transition_good,C2,8032,2242,1769,73.70833333333333,78.90276538804639,194.6661777043376,462.8445002585815,191.44354121032902,95.6989247311828,82.21722003376478,4.301075268817205,0.31713218502526647,190.4119465929726,0,1220.0,54.25999999999982,6.570555555555561,77.59945606597661,58.293119538104456,19.306336527872144,75.12052595902539,19.264444444444457,2.014892653402478,56.27822688470197,98.33180009595127,2.5,5,1142.4716795578356,49,4.081632653061225,24,122,nan,nan,2.8492456611335877,2.8492456611335877,0,0.0,0.0,0.0,0.0,0,0,0,,,,,,,,,,,,,,,,,,,,,,,,,
near_transition_good,C2,8033,2216,1983,82.625,89.485559566787,94.96983110014472,310.0280068695438,91.87354239277391,91.42857142857143,78.98921067575242,8.571428571428571,0.3370198753840119,100.03024160080332,0,1880.0,53.43999999999981,6.481111111111114,79.018944157365,59.52250080703753,19.496443350327464,75.32687438660203,19.285555555555554,3.256663658724342,56.265837148313196,90.01029699181508,2.5,5,600.1814496048199,75,21.333333333333336,31,188,nan,nan,2.7894393438038874,2.7894393438038874,0,0.0,0.0,0.0,0.0,0,0,0,,,,,,,,,,,,,,,,,,,,,,,,,
near_transition_good,C2,8034,2101,1868,77.83333333333333,88.91004283674441,83.21966348216442,339.02330034307477,80.23641652699564,92.49394673123487,75.17772511848342,7.506053268765134,0.3633983883048982,143.44218950133984,0,2290.0,51.08599999999985,6.173888888888893,74.57907876699242,56.12269795476244,18.456380812229995,75.2526028514065,19.435555555555588,3.4274969647164224,52.69520099004601,90.15541146150552,2.5,5,860.6531370080393,88,9.090909090909092,58,229,nan,nan,2.712434214222838,2.712434214222838,0,0.0,0.0,0.0,0.0,0,0,0,,,,,,,,,,,,,,,,,,,,,,,,,
near_transition_good,C2,8035,2121,1857,77.375,87.55304101838756,107.76829888012348,348.5818004642724,104.52502596256546,93.20388349514563,81.97776477472206,6.796116504854369,0.35837768217210203,159.93860174035984,0,1810.0,51.27799999999985,6.212222222222227,74.28917026964292,55.815961580451926,18.473208689191015,75.13337593872713,19.35000000000004,3.0609100489545984,52.755051531497315,90.39005736340549,2.5,5,959.6316104421591,85,29.411764705882355,43,181,nan,nan,2.7950841441919985,2.7950841441919985,0,0.0,0.0,0.0,0.0,0,0,0,,,,,,,,,,,,,,,,,,,,,,,,,
near_transition_good,C2,8036,2213,1922,80.08333333333333,86.8504292815183,122.34286328560148,349.04989996587466,119.41427377836625,88.88888888888889,72.17832957110609,11.11111111111111,0.3539119494329066,128.44249658597533,0,2550.0,53.669999999999796,6.493333333333338,75.0935808494665,56.70352744832657,18.390053401139944,75.5104854594631,19.51679993139999,4.035763108889255,52.66776433943731,80.29171922914496,2.5,5,770.654979515852,98,14.285714285714285,62,255,nan,nan,2.815130260521042,2.815130260521042,0,0.0,0.0,0.0,0.0,0,0,0,,,,,,,,,,,,,,,,,,,,,,,,,
near_transition_good,C2,8037,2103,1992,83.0,94.72182596291013,56.543247500980755,223.93498040236838,53.53366756187002,87.87128712871286,75.22071806945262,12.128712871287128,0.38511952861545073,69.20541488569295,0,2630.0,50.82599999999984,6.158333333333336,71.61562720773057,54.06460485528842,17.551022352442157,75.49274783067516,19.521111111111107,4.878768159148959,49.185836696139454,76.84494949739626,2.5,5,415.23248931415765,125,9.6,51,263,nan,nan,2.8122510080401764,2.8122510080401764,0,0.0,0.0,0.0,0.0,0,0,0,,,,,,,,,,,,,,,,,,,,,,,,,
near_transition_good,C2,8038,2142,1811,75.45833333333333,84.54715219421102,87.85521935876069,386.73339130935324,84.89168388984803,86.71171171171171,75.736160188457,13.288288288288289,0.3353492098467694,157.14309335078207,0,2260.0,51.59999999999984,6.260833333333338,75.69423594029959,56.808409548871644,18.88582639142795,75.0498487013948,19.32500000000004,4.060046317659355,52.74836323121229,101.29047409193832,2.5,5,942.8585601046924,90,15.555555555555555,43,226,nan,nan,2.784421924417555,2.784421924417555,0,0.0,0.0,0.0,0.0,0,0,0,,,,,,,,,,,,,,,,,,,,,,,,,
near_transition_good,C2,8039,2168,1926,80.25,88.83763837638377,79.70573554268012,295.4338304199235,76.46301851517892,94.90445859872611,85.56275780789629,5.095541401273886,0.35041041151544655,126.12287757527605,0,1370.0,52.30199999999981,6.342083333333338,73.37304883950502,55.2161347912392,18.15691404826581,75.25397358370381,19.303888888888917,2.4672512177945336,52.748883573444665,88.64264197962093,2.5,5,756.7372654516563,64,15.625,31,137,nan,nan,2.8323532310522683,2.8323532310522683,0,0.0,0.0,0.0,0.0,0,0,0,,,,,,,,,,,,,,,,,,,,,,,,,
near_transition_good,C2,8040,2159,1869,77.875,86.56785548865216,110.27218817080767,333.589237109684,107.0798800727352,93.48314606741573,79.69661610268378,6.51685393258427,0.34267622595572234,149.59115492487024,0,1640.0,51.975999999999836,6.3081944444444495,78.47506714487653,59.01419698149469,19.460870163381845,75.2012061009719,19.42366191532624,2.7747942450974574,56.239402736397224,94.53315331545546,2.5,5,897.5469295492213,66,27.27272727272727,35,164,nan,nan,2.8276823918106486,2.8276823918106486,0,0.0,0.0,0.0,0.0,0,0,0,,,,,,,,,,,,,,,,,,,,,,,,,
near_transition_good,C2,8041,2106,1764,73.5,83.76068376068376,132.02065498179252,438.1641676246484,129.21221871940944,83.99122807017544,71.15151515151514,16.00877192982456,0.34795809395155297,228.6336788014805,0,3170.0,50.853999999999814,6.164027777777781,77.58440864923689,58.26230685529092,19.322101793945958,75.09538046322916,19.25175348013445,5.550565747330561,52.711741107960364,98.72514362906824,2.5,5,1371.802072808883,155,15.483870967741936,67,317,nan,nan,2.798378213380403,2.798378213380403,0,0.0,0.0,0.0,0.0,0,0,0,,,,,,,,,,,,,,,,,,,,,,,,,
near_transition_good,C2,8042,2156,1905,79.375,88.35807050092764,82.6994178217369,320.7654189974283,79.77559862181097,88.75878220140515,75.13013302486986,11.241217798594848,0.3421139670444835,110.77553826404181,0,3330.0,52.50599999999986,6.341250000000007,78.42190342445664,58.94893040632965,19.472973018126986,75.16896151738374,19.250272360390095,6.165071354696529,52.783859051633115,95.28717532886547,2.5,5,664.6532295842509,164,13.414634146341465,68,333,nan,nan,2.723900631451583,2.723900631451583,0,0.0,0.0,0.0,0.0,0,0,0,,,,,,,,,,,,,,,,,,,,,,,,,
near_transition_good,C2,8043,2098,1767,73.625,84.2230695900858,94.66486678775108,398.6021461594813,91.85416323432578,84.92822966507177,68.75,15.07177033492823,0.36471255375096984,173.00070997170968,0,3250.0,51.35799999999983,6.189027777777782,73.65140794528327,55.34866039831524,18.30274754696802,75.14949400483232,19.435555555555535,6.163191520939482,49.185468877375754,89.78357886052925,2.5,5,1038.0042598302582,144,14.583333333333334,56,325,nan,nan,2.7877426879482434,2.7877426879482434,0,0.0,0.0,0.0,0.0,0,0,0,,,,,,,,,,,,,,,,,,,,,,,,,
near_transition_good,C2,8044,2146,1902,79.25,88.6300093196645,81.21185913175627,284.7120075254783,78.25651639507545,91.34199134199135,76.24703087885986,8.658008658008658,0.3589920693358395,108.6400311022661,0,2280.0,51.81199999999983,6.280555555555562,75.47422975445389,56.829615228649466,18.644614525804425,75.2967144064108,19.457977900766597,4.089766927122471,52.739848301527,86.54920284294072,2.5,5,651.8401866135966,109,11.926605504587156,53,228,nan,nan,2.798978238166474,2.798978238166474,0,0.0,0.0,0.0,0.0,0,0,0,,,,,,,,,,,,,,,,,,,,,,,,,
near_transition_good,C2,8045,2152,1907,79.45833333333333,88.61524163568774,93.80157357227161,396.0546339654451,90.68691321199171,91.5909090909091,79.0303738317757,8.409090909090908,0.3335031934373828,142.84228445632726,0,2000.0,52.007999999999825,6.30166666666667,79.71848952671021,59.85572787796054,19.862761648749682,75.08387104839144,19.314444444444447,3.604992223790818,56.250735654169716,101.0091950486814,2.5,5,857.0537067379635,83,9.63855421686747,40,200,nan,nan,2.7961139670645645,2.7961139670645645,0,0.0,0.0,0.0,0.0,0,0,0,,,,,,,,,,,,,,,,,,,,,,,,,
near_transition_good,C2,8046,2150,1841,76.70833333333333,85.62790697674419,142.06436080190932,365.7742168518901,138.7852600603369,96.37681159420289,81.4516129032258,3.6231884057971016,0.33891643320837944,175.1654818703207,0,930.0,52.13799999999983,6.308194444444448,81.09312478574311,60.90882989377229,20.184294891970836,75.10973347580337,19.33944444444448,1.0862895379058946,59.822540355866394,98.03902896386117,2.5,5,1050.9928912219243,32,18.75,21,93,nan,nan,2.713796013078789,2.713796013078789,0,0.0,0.0,0.0,0.0,0,0,0,,,,,,,,,,,,,,,,,,,,,,,,,
near_transition_good,C2,8047,2194,1919,79.95833333333333,87.46581586144029,118.84007932006831,402.13365467264885,115.83904301219998,87.41573033707866,75.4145225843339,12.584269662921349,0.33890190728051156,149.86508123626328,0,2690.0,52.62599999999981,6.397083333333338,75.72754949792424,56.92609295683641,18.80145654108782,75.1722369656195,19.33555555555557,4.1694157189860315,52.756677237850376,91.93663340947083,2.5,5,899.1904874175797,93,25.806451612903224,64,269,nan,nan,2.7585722626355067,2.7585722626355067,0,0.0,0.0,0.0,0.0,0,0,0,,,,,,,,,,,,,,,,,,,,,,,,,
near_transition_good,C2,8048,2253,1895,78.95833333333333,84.11007545494896,130.26082746164232,357.24839236500617,126.91047542763049,95.97315436241611,83.49944629014396,4.026845637583892,0.32566546671278807,151.01195421356255,0,960.0,54.415999999999826,6.595138888888894,80.97608817158809,61.03884538586696,19.93724278572114,75.37885166362425,19.282480307310028,1.2587896042142204,59.78005578165275,91.68405330566051,2.5,5,906.0717252813753,30,20.0,21,96,nan,nan,2.7835671342685373,2.7835671342685373,0,0.0,0.0,0.0,0.0,0,0,0,,,,,,,,,,,,,,,,,,,,,,,,,
near_transition_good,C2,8049,2127,1858,77.41666666666667,87.35307945463093,122.67362971910805,426.50977770930626,119.5849584123763,91.01654846335697,78.75586854460094,8.983451536643026,0.35598841248417384,138.94650800889215,0,2190.0,51.08599999999985,6.206388888888895,75.11786023572921,56.47120257746526,18.646657658263955,75.17679870040439,19.486477974193082,3.7723100305187227,52.69889254694654,90.99028584282905,2.5,5,833.6790480533529,104,25.961538461538463,50,219,nan,nan,2.8562418955558178,2.8562418955558178,0,0.0,0.0,0.0,0.0,0,0,0,,,,,,,,,,,,,,,,,,,,,,,,,
near_transition_good,C2,8050,2089,1972,82.16666666666667,94.39923408329344,74.3000187789515,342.67786304746045,70.919198738854,96.71717171717171,85.29238038984052,3.2828282828282833,0.37924139353174574,115.65980464305109,0,1040.0,50.527999999999835,6.120138888888894,71.8474071047255,54.098260142648506,17.749146962076992,75.296050786905,19.377272496376293,1.400753855885887,52.69750628676262,82.31627499206367,2.5,5,693.9588278583066,35,14.285714285714285,20,104,nan,nan,2.8366620882213867,2.8366620882213867,0,0.0,0.0,0.0,0.0,0,0,0,,,,,,,,,,,,,,,,,,,,,,,,,
near_transition_good,C2,8051,2102,1962,81.75,93.33967649857279,63.84094293475921,315.73202238191135,60.62703152841978,94.5679012345679,78.37360047142016,5.432098765432099,0.37918899996757777,87.23892681458203,0,1850.0,50.94599999999984,6.165416666666671,69.93318943648396,52.642790103014775,17.290399333469185,75.27583187211417,19.446111111111144,3.4501767651494846,49.192613337865296,80.54215557500885,2.5,5,523.4335608874921,88,21.59090909090909,34,185,nan,nan,2.7941145448792324,2.7941145448792324,0,0.0,0.0,0.0,0.0,0,0,0,,,,,,,,,,,,,,,,,,,,,,,,,
near_transition_good,C2,8052,2123,1925,80.20833333333333,90.67357512953367,99.97196431358147,349.55264779504245,96.72646190522993,95.33799533799534,82.0543093270366,4.662004662004662,0.3606987436707014,122.55421648638979,0,1210.0,51.52599999999983,6.23194444444445,77.3468867871712,58.19769572236554,19.149191064805652,75.24245401434598,19.335555555555587,1.9345030811249788,56.26319264124056,88.71964268646806,2.5,5,735.3252989183387,44,20.454545454545457,23,121,nan,nan,2.8347552247351846,2.8347552247351846,0,0.0,0.0,0.0,0.0,0,0,0,,,,,,,,,,,,,,,,,,,,,,,,,
near_transition_good,C2,8053,2168,1960,81.66666666666667,90.40590405904058,77.81733913958831,261.54286454143875,74.74532048125445,94.11764705882352,78.93504973668813,5.88235294117647,0.3478576351177098,87.90378990099673,0,1920.0,52.83999999999984,6.379444444444449,79.16198336244639,59.629220927091126,19.53276243535526,75.32557724593167,19.45000000000007,3.4051284312791568,56.22409249581197,90.17430781826299,2.5,5,527.4227394059803,85,11.76470588235294,29,192,nan,nan,2.826402805611223,2.826402805611223,0,0.0,0.0,0.0,0.0,0,0,0,,,,,,,,,,,,,,,,,,,,,,,,,
near_transition_good,C2,8054,2129,1879,78.29166666666667,88.2573978393612,101.10061510449758,345.9486068245787,98.1720431109369,89.6788990825688,76.01890135853515,10.321100917431194,0.36073855666186433,113.33422009462457,0,2870.0,51.78199999999983,6.257222222222223,72.10302686169447,54.21070619635077,17.892320665343703,75.18506303533674,19.314444444444465,4.979668639091508,49.23103755725926,87.86242155843696,2.5,5,680.0053205677474,138,10.144927536231885,61,287,nan,nan,2.7383778546103197,2.7383778546103197,0,0.0,0.0,0.0,0.0,0,0,0,,,,,,,,,,,,,,,,,,,,,,,,,
near_transition_good,C2,8055,2170,1903,79.29166666666667,87.6958525345622,112.24001131133998,326.5137565753767,108.9543862079278,93.66197183098592,81.76605504587155,6.338028169014084,0.3484256898928529,122.14121346667069,0,1710.0,52.65399999999983,6.369027777777783,78.6992660540472,59.305779384866206,19.393486669181,75.35747454637963,19.289444444444488,3.0617993613680534,56.24398002349815,89.55569717539939,2.5,5,732.847280800024,85,12.941176470588237,27,171,nan,nan,2.7335315792876074,2.7335315792876074,0,0.0,0.0,0.0,0.0,0,0,0,,,,,,,,,,,,,,,,,,,,,,,,,
near_transition_good,C2,8056,2190,1958,81.58333333333333,89.40639269406392,113.36565479193408,363.27615839938613,110.02160288937358,93.86792452830188,84.25821064552662,6.132075471698113,0.3547832809759925,114.02065096916817,0,1290.0,52.405999999999835,6.37680555555556,77.12745264432887,58.18608998402667,18.9413626603022,75.44147769582152,19.285769268991984,1.9456355586113645,56.24045442541531,82.96336474773788,2.5,5,684.123905815009,47,29.78723404255319,25,129,nan,nan,2.7599446680972566,2.7599446680972566,0,0.0,0.0,0.0,0.0,0,0,0,,,,,,,,,,,,,,,,,,,,,,,,,
near_transition_good,C3,8007,2157,1740,72.5,80.66759388038943,168.05304002093484,491.65100349896846,165.28203650274403,82.88508557457213,66.30434782608697,17.114914425427873,0.3587617922172072,206.36457531343328,0,3630.0,52.545999999999815,6.345277777777787,74.4609909154423,56.110276497300056,18.350714418142243,75.35526429002098,19.28636905761585,6.885583096343462,49.224693400956596,85.15959133634234,2.5,5,1238.1874518805998,176,38.63636363636363,61,363,nan,nan,2.795039936606738,2.795039936606738,0,0.0,0.0,0.0,0.0,0,0,0,,,,,,,,,,,,,,,,,,,,,,,,,
near_transition_good,C3,8008,2130,1788,74.5,83.94366197183099,146.63490363443074,432.0300183592319,143.83042823659827,90.45454545454545,68.87573964497041,9.545454545454547,0.37585615306240067,180.66334263906734,0,3070.0,51.7219999999998,6.254305555555563,72.50160499738982,54.6377702278901,17.863834769499732,75.36077336475124,19.34130027172216,5.425559050543967,49.21221117734613,78.65297482922628,2.5,5,1083.980055834404,152,41.44736842105263,78,307,nan,nan,2.802649667936556,2.802649667936556,0,0.0,0.0,0.0,0.0,0,0,0,,,,,,,,,,,,,,,,,,,,,,,,,
near_transition_good,C3,8009,2125,1729,72.04166666666667,81.36470588235294,156.70167179839052,491.64899924248823,153.77550587625913,85.06024096385542,72.57309941520468,14.93975903614458,0.35970471159753226,206.41907045611512,0,3060.0,51.399999999999814,6.225694444444452,73.33857695256661,55.14937841672181,18.189198535844803,75.19832086787139,19.32499999999999,5.892043338931642,49.257335077790174,89.03828415259181,2.5,5,1238.5144227366907,163,40.49079754601227,69,306,nan,nan,2.8135860762621134,2.8135860762621134,0,0.0,0.0,0.0,0.0,0,0,0,,,,,,,,,,,,,,,,,,,,,,,,,
near_transition_good,C3,8010,2174,1574,65.58333333333333,72.40110395584176,253.0825208261888,696.4700876636078,250.15077780307112,91.26436781609195,70.44278320874065,8.735632183908045,0.3221426628934679,328.5998844589502,0,2120.0,52.01599999999984,6.3297222222222285,74.49429543705388,55.838471274250786,18.65582416280308,74.95670768701092,19.34827134947936,3.071232930573563,52.76723834367723,104.7699578194748,2.5,5,1971.599306753701,64,26.5625,46,212,nan,nan,2.785398207582679,2.785398207582679,0,0.0,0.0,0.0,0.0,0,0,0,,,,,,,,,,,,,,,,,,,,,,,,,
near_transition_good,C3,8011,2099,1813,75.54166666666667,86.3744640304907,112.17733354436572,421.5159239789315,109.61866800025479,82.71334792122538,62.36297198538367,17.286652078774615,0.38674057857215827,172.47886531346705,0,4090.0,51.24199999999979,6.1822222222222285,70.8514307966647,53.4412435387431,17.410187257921596,75.42719030207478,19.31444444444447,7.713761491145002,45.727482047598095,76.42787507892729,2.5,5,1034.8731918808023,167,40.119760479041915,85,409,nan,nan,2.8190016396429223,2.8190016396429223,0,0.0,0.0,0.0,0.0,0,0,0,,,,,,,,,,,,,,,,,,,,,,,,,
near_transition_good,C3,8012,2175,1785,74.375,82.06896551724138,147.6049189554686,495.69080981489793,144.98661881685916,84.56375838926175,64.23611111111111,15.436241610738255,0.3342357060674144,217.52084888303483,0,4340.0,52.711999999999804,6.379305555555561,80.62828033526057,60.621977923433036,20.006302411827537,75.18699105495082,19.278888888888936,7.86896499577336,52.753012927659675,97.37524302621804,2.5,5,1305.1250932982089,200,35.5,87,434,nan,nan,2.79966615809184,2.79966615809184,0,0.0,0.0,0.0,0.0,0,0,0,,,,,,,,,,,,,,,,,,,,,,,,,
near_transition_good,C3,8013,2190,1716,71.5,78.35616438356165,198.62661533960133,499.73184965866506,195.8136115330063,85.18518518518519,70.13287117273252,14.814814814814813,0.345958790292868,234.27244797352097,0,3260.0,53.07199999999979,6.423055555555562,77.44691252803223,58.37538949485777,19.071523033174447,75.37471487159486,19.25800089023987,5.635473350956275,52.739916143901496,88.25805915761258,2.5,5,1405.6346878411255,142,42.95774647887324,64,326,nan,nan,2.7357802421563386,2.7357802421563386,0,0.0,0.0,0.0,0.0,0,0,0,,,,,,,,,,,,,,,,,,,,,,,,,
near_transition_good,C3,8014,2185,1695,70.625,77.57437070938215,188.05235935629545,564.8518312976623,185.2823360542083,87.78801843317973,68.53226727584237,12.211981566820276,0.3358206843609644,221.33899043414735,0,3490.0,53.36999999999978,6.437500000000007,77.97115010678228,58.55478003150367,19.416370075278607,75.09800734157737,19.335555555555604,5.807608781961433,52.747171249542234,95.03536716119912,2.5,5,1328.033942604884,155,33.5483870967742,72,349,nan,nan,2.7671510686042744,2.7671510686042744,0,0.0,0.0,0.0,0.0,0,0,0,,,,,,,,,,,,,,,,,,,,,,,,,
near_transition_good,C3,8015,2167,1686,70.25,77.80341485925241,180.0527556935368,490.7736830095284,177.53438935866563,83.33333333333334,61.95965417867435,16.666666666666664,0.33517314022575917,230.79721300417705,0,4620.0,52.92399999999981,6.384027777777788,76.39956112960058,57.35090884044498,19.04865228915561,75.0670658214353,19.275000000000006,8.087575180988308,49.26333365945666,97.92389364232226,2.5,5,1384.7832780250621,200,36.0,102,462,nan,nan,2.7838892069853993,2.7838892069853993,0,0.0,0.0,0.0,0.0,0,0,0,,,,,,,,,,,,,,,,,,,,,,,,,
near_transition_good,C3,8016,2230,1763,73.45833333333333,79.05829596412556,180.36448629036454,491.55807362134306,177.53508377577447,85.3211009174312,68.5061315496098,14.678899082568808,0.3254889451691551,243.66853578281865,0,3560.0,53.90799999999979,6.531111111111118,78.57764743789166,59.078390215780004,19.499257222111645,75.18472764468545,19.410555555555632,6.360187540080154,52.71820267569985,94.98441067628472,2.5,5,1462.0112146969116,160,41.875,83,356,nan,nan,2.795520660088506,2.795520660088506,0,0.0,0.0,0.0,0.0,0,0,0,,,,,,,,,,,,,,,,,,,,,,,,,
near_transition_good,C3,8017,2192,1632,68.0,74.45255474452554,237.55405791252,558.4754058419671,234.70855010805442,84.23423423423424,70.48054919908466,15.765765765765765,0.3288297856606171,279.58735233079125,0,3220.0,53.29599999999981,6.441111111111115,77.63602872041731,58.36679751258322,19.269231207834085,75.18004008522074,19.374999999999993,5.596544232045121,52.77025328053811,98.25768415918529,2.5,5,1677.5241139847471,131,21.374045801526716,74,322,nan,nan,2.778984679456633,2.778984679456633,0,0.0,0.0,0.0,0.0,0,0,0,,,,,,,,,,,,,,,,,,,,,,,,,
near_transition_good,C3,8018,2148,1744,72.66666666666667,81.19180633147114,164.1869887079273,421.7987991000104,161.21899976778042,87.86407766990291,75.34562211981567,12.135922330097088,0.3596824582566252,209.40200711310163,0,2650.0,52.39799999999984,6.323750000000006,75.7460296546779,57.128896461052065,18.617133193625843,75.42163823173262,19.289444444444488,4.343008679991689,52.785887781060374,85.85719171269153,2.5,5,1256.4120426786099,113,52.21238938053098,62,265,nan,nan,2.8091062124248496,2.8091062124248496,0,0.0,0.0,0.0,0.0,0,0,0,,,,,,,,,,,,,,,,,,,,,,,,,
near_transition_good,C3,8019,2214,1833,76.375,82.79132791327913,146.40562655067114,420.11879164922186,143.51504106458154,88.75598086124403,69.3207126948775,11.24401913875598,0.34246524886867497,194.7377918041408,0,2870.0,53.961999999999804,6.5148611111111165,76.25112564209456,57.44728315714988,18.80384248494468,75.33958702038625,19.48610820458781,4.7874378551984735,52.65984530195141,87.02085067879504,2.5,5,1168.426750824845,104,31.73076923076923,61,287,nan,nan,2.8065100789814927,2.8065100789814927,0,0.0,0.0,0.0,0.0,0,0,0,,,,,,,,,,,,,,,,,,,,,,,,,
near_transition_good,C3,8020,2150,1681,70.04166666666667,78.18604651162791,151.56929093008372,506.2606269326699,149.0173894730594,84.26966292134833,62.34604105571848,15.730337078651685,0.3462119255676777,227.0966792408279,0,4640.0,52.51599999999977,6.3344444444444505,72.38335658842294,54.28776224267716,18.095594345745784,75.0003382011715,19.281918137259023,8.567096210596237,45.72066603208093,93.66173354828226,2.5,5,1362.5800754449674,224,32.142857142857146,100,464,nan,nan,2.832436491608494,2.832436491608494,0,0.0,0.0,0.0,0.0,0,0,0,,,,,,,,,,,,,,,,,,,,,,,,,
near_transition_good,C3,8021,2088,1785,74.375,85.48850574712644,158.08658235451304,501.6251640230384,155.19472074103115,87.6574307304786,71.85097575399172,12.34256926952141,0.3714571910918089,186.56541685026554,0,2800.0,50.51599999999984,6.118055555555561,76.30689087148941,57.49097636090121,18.815914510588215,75.3417885387617,19.247994439340392,4.767200761549844,52.723775599351356,87.12568534491463,2.5,5,1119.3925011015929,118,49.152542372881356,60,280,nan,nan,2.8205921276515293,2.8205921276515293,0,0.0,0.0,0.0,0.0,0,0,0,,,,,,,,,,,,,,,,,,,,,,,,,
near_transition_good,C3,8022,2112,1737,72.375,82.24431818181817,140.64340327821375,503.3926976227876,138.06603727462218,82.44803695150115,63.668850506253726,17.551963048498845,0.36322496298226525,186.71871096623337,0,4480.0,51.59199999999978,6.222777777777785,72.59379945904516,54.564179553441036,18.02961990560413,75.16369161008608,19.289444444444488,8.813385836858718,45.750793716582315,88.73168887730753,2.5,5,1120.3122657974004,213,53.990610328638496,90,448,nan,nan,2.79708382281805,2.79708382281805,0,0.0,0.0,0.0,0.0,0,0,0,,,,,,,,,,,,,,,,,,,,,,,,,
near_transition_good,C3,8023,2174,1785,74.375,82.10671573137076,167.63297716228817,504.74338377646706,164.80462198328064,86.50442477876106,69.39605110336817,13.495575221238937,0.3508964144160223,190.43044839793257,0,2930.0,52.87799999999979,6.38958333333334,76.97499035671655,58.02352726693786,18.95146308977869,75.37971359014915,19.253888888888923,5.305043206768561,52.718484060169295,87.51770690594218,2.5,5,1142.5826903875954,132,43.93939393939394,59,293,nan,nan,2.845590461498537,2.845590461498537,0,0.0,0.0,0.0,0.0,0,0,0,,,,,,,,,,,,,,,,,,,,,,,,,
near_transition_good,C3,8024,2145,1804,75.16666666666667,84.1025641025641,144.3269663175674,428.3044273258583,141.50495480453964,87.5598086124402,69.71627099015633,12.440191387559809,0.3542950688052682,180.80055415530188,0,3410.0,51.98199999999983,6.2911111111111175,73.44997180211871,55.19761846983302,18.25235333228568,75.1499518863543,19.25000000000002,5.96481000562016,49.23280846421286,89.50629205017242,2.5,5,1084.8033249318112,133,50.37593984962406,69,341,nan,nan,2.8196392785571147,2.8196392785571147,0,0.0,0.0,0.0,0.0,0,0,0,,,,,,,,,,,,,,,,,,,,,,,,,
near_transition_good,C3,8025,2122,1788,74.5,84.26013195098963,180.60602175476276,476.72267829140725,177.4080083683183,94.13145539906104,81.42688679245282,5.868544600938967,0.35204985503736613,199.05371194761707,0,1390.0,51.46599999999982,6.226527777777783,77.80149419101286,58.4751310423138,19.326363148699073,75.15939333857739,19.289444444444428,2.2148906765747918,56.26024036573901,94.04786475535806,2.5,5,1194.3222716857024,56,21.428571428571427,29,139,nan,nan,2.780634439610929,2.780634439610929,0,0.0,0.0,0.0,0.0,0,0,0,,,,,,,,,,,,,,,,,,,,,,,,,
near_transition_good,C3,8026,2127,1621,67.54166666666667,76.21062529384109,218.3714312863569,609.4457434997698,215.53586947921457,88.558352402746,71.71597633136095,11.441647597254006,0.3417774114360009,278.4837930940123,0,3140.0,51.567999999999834,6.239861111111113,77.86205988539218,58.412148744828954,19.449911140563234,75.02004035188355,19.33720178108246,5.614308477983071,52.79784026684588,99.51688647173285,2.5,5,1670.9027585640736,130,37.69230769230769,62,314,nan,nan,2.800336458870919,2.800336458870919,0,0.0,0.0,0.0,0.0,0,0,0,,,,,,,,,,,,,,,,,,,,,,,,,
near_transition_good,C3,8027,2121,1802,75.08333333333333,84.95992456388495,147.21834292304473,411.53929415522424,144.240626809636,90.14423076923077,73.66568914956011,9.85576923076923,0.3635652969004728,167.27611277265015,0,2680.0,51.94799999999981,6.2587500000000045,76.67806663393884,57.80011815539247,18.87794847854638,75.38024978033195,19.314444444444497,5.04713059543343,52.75298755995904,87.277488526383,2.5,5,1003.6566766359008,133,49.62406015037594,47,268,nan,nan,2.7973971658732486,2.7973971658732486,0,0.0,0.0,0.0,0.0,0,0,0,,,,,,,,,,,,,,,,,,,,,,,,,
near_transition_good,C3,8028,2166,1769,73.70833333333333,81.67128347183748,150.29792413228762,483.79078457823107,147.55889658751897,84.36018957345972,66.5137614678899,15.639810426540285,0.3384021114525808,221.3603307626443,0,3820.0,52.65999999999982,6.364444444444451,79.71407902322748,59.9625528273714,19.751526195856094,75.22203550755346,19.35000000000002,7.24240138607865,52.72015144129274,96.12539979511816,2.5,5,1328.161984575866,181,49.171270718232044,72,382,nan,nan,2.751328269618256,2.751328269618256,0,0.0,0.0,0.0,0.0,0,0,0,,,,,,,,,,,,,,,,,,,,,,,,,
near_transition_good,C3,8029,2080,1769,73.70833333333333,85.04807692307692,136.92446625098336,434.59933678046434,134.35275670657805,82.53968253968253,64.79560707748627,17.46031746031746,0.39100742133959127,182.60931865375184,0,4130.0,50.94199999999981,6.137638888888897,70.82855362798453,53.42154370329928,17.40700992468525,75.42373939172505,19.385555555555598,7.642210041122957,45.77933366217631,76.50665830735633,2.5,5,1095.655911922511,176,48.29545454545455,86,413,nan,nan,2.7897895791583163,2.7897895791583163,0,0.0,0.0,0.0,0.0,0,0,0,,,,,,,,,,,,,,,,,,,,,,,,,
near_transition_good,C3,8030,2182,1800,75.0,82.49312557286893,156.0641774442343,421.45427197665964,153.32115833208363,84.68271334792122,68.81159420289855,15.317286652078774,0.34450910624283426,172.17046640922248,0,3500.0,52.8319999999998,6.396388888888895,78.51475346326485,59.08609736523785,19.428656098027023,75.25477029343638,19.367198513497044,6.3778140266043435,52.70828333863349,90.23898069874392,2.5,5,1033.0227984553349,156,51.92307692307693,69,350,nan,nan,2.7829210660126225,2.7829210660126225,0,0.0,0.0,0.0,0.0,0,0,0,,,,,,,,,,,,,,,,,,,,,,,,,
near_transition_good,C3,8031,2117,1719,71.625,81.19981105337743,168.91015748858968,489.71091030879865,165.983466524051,87.78801843317973,73.14319667260844,12.211981566820276,0.3547638650135528,251.99540403272792,0,3170.0,51.51799999999982,6.223888888888896,77.37263733794403,58.2313352634673,19.14130207447672,75.26088972400878,19.43555555555563,5.471979649630567,52.75935561383673,93.11390321409056,2.5,5,1511.9724241963677,145,42.758620689655174,70,317,nan,nan,2.7599171853641056,2.7599171853641056,0,0.0,0.0,0.0,0.0,0,0,0,,,,,,,,,,,,,,,,,,,,,,,,,
near_transition_good,C3,8032,2242,1881,78.375,83.89830508474576,164.02009999806742,417.41264482222493,160.85436858071583,94.40860215053763,81.09172763083849,5.591397849462366,0.3422924018601062,160.28079562956387,0,1490.0,54.313999999999815,6.574305555555559,77.74342484744389,58.68170287143779,19.061721976006094,75.48124228716324,19.253888888888945,2.4900006192627253,56.19170225217507,83.23566999504739,2.5,5,961.6847737773834,56,39.285714285714285,32,149,nan,nan,2.832657796796601,2.832657796796601,0,0.0,0.0,0.0,0.0,0,0,0,,,,,,,,,,,,,,,,,,,,,,,,,
near_transition_good,C3,8033,2216,1849,77.04166666666667,83.43862815884476,154.623038064495,416.0494069801111,151.71290453544174,89.67032967032968,72.28847245883021,10.329670329670328,0.35193055868198436,170.34593192240763,0,2550.0,53.573999999999806,6.49041666666667,75.82380122335191,57.25488969592643,18.56891152742547,75.51044496868788,19.36227557803518,4.500586621497627,52.7543030744288,81.06388701303156,2.5,5,1022.0755915344457,99,36.36363636363637,44,255,nan,nan,2.8082164328657315,2.8082164328657315,0,0.0,0.0,0.0,0.0,0,0,0,,,,,,,,,,,,,,,,,,,,,,,,,
near_transition_good,C3,8034,2101,1799,74.95833333333333,85.62589243217515,132.45523687775398,432.2010946496488,129.75175050025464,87.89346246973365,65.87677725118483,12.106537530266344,0.3816669317750127,177.69985159600543,0,3340.0,51.29599999999983,6.188472222222229,72.62465596026506,54.69805906587358,17.926596894391494,75.31610076858799,19.383394031097186,5.488081081520673,49.209977984352896,79.19428537943685,2.5,5,1066.1991095760327,136,36.029411764705884,80,334,nan,nan,2.7264153306613226,2.7264153306613226,0,0.0,0.0,0.0,0.0,0,0,0,,,,,,,,,,,,,,,,,,,,,,,,,
near_transition_good,C3,8035,2121,1751,72.95833333333333,82.55539839698255,174.31487536073928,489.2412453457402,171.21045656361463,91.99029126213593,77.06260971328263,8.009708737864079,0.3664197531461734,213.6090797702891,0,2320.0,51.379999999999825,6.219305555555558,75.23428767878464,56.71240602489637,18.521881653888276,75.38106330857005,19.275000000000052,3.9706446896858836,52.74176133521049,85.56481477896266,2.5,5,1281.6544786217346,106,39.62264150943396,50,232,nan,nan,2.7883878355789924,2.7883878355789924,0,0.0,0.0,0.0,0.0,0,0,0,,,,,,,,,,,,,,,,,,,,,,,,,
near_transition_good,C3,8036,2213,1758,73.25,79.43967464979666,188.2895838511637,497.17418895430274,185.44419945383854,87.98185941043084,69.01805869074492,12.01814058956916,0.34267688964376947,213.74495998320407,0,2920.0,53.7439999999998,6.498472222222228,76.09703720556578,57.305666337215456,18.791370868350324,75.306041393454,19.421111111111113,4.614689424400744,52.69097691281471,87.03275510262716,2.5,5,1282.4697598992245,114,28.07017543859649,75,292,nan,nan,2.804663478581712,2.804663478581712,0,0.0,0.0,0.0,0.0,0,0,0,,,,,,,,,,,,,,,,,,,,,,,,,
near_transition_good,C3,8037,2103,1694,70.58333333333333,80.55159296243461,151.2147800573133,430.9288181011527,148.48012099095624,83.41584158415841,66.86286050618011,16.584158415841586,0.37816000429327984,239.59140998091942,0,3740.0,51.04799999999982,6.173750000000005,69.82749953354003,52.51802152195509,17.309478011584936,75.21108714014493,19.47575888735602,6.858095043344541,45.65992647861056,81.02066409069873,2.5,5,1437.5484598855166,179,49.162011173184354,82,374,nan,nan,2.8234363463769645,2.8234363463769645,0,0.0,0.0,0.0,0.0,0,0,0,,,,,,,,,,,,,,,,,,,,,,,,,
near_transition_good,C3,8038,2142,1757,73.20833333333333,82.02614379084967,141.7284496584897,448.341005380426,139.02712589031165,82.43243243243244,67.31448763250883,17.56756756756757,0.3433665483719242,243.11977662176199,0,3850.0,51.9179999999998,6.282916666666672,79.97758109398043,60.15763177109389,19.819949322886547,75.21811856300526,19.375000000000007,7.382524597514447,52.775107173579435,96.4800709768454,2.5,5,1458.718659730572,164,43.292682926829265,74,385,nan,nan,2.77138059903591,2.77138059903591,0,0.0,0.0,0.0,0.0,0,0,0,,,,,,,,,,,,,,,,,,,,,,,,,
near_transition_good,C3,8039,2168,1832,76.33333333333333,84.50184501845018,132.33558553442785,416.0993347369334,129.31906411317203,90.65817409766454,77.90218031820861,9.341825902335456,0.369212925952507,172.94940650327828,0,2500.0,52.52799999999977,6.357777777777787,71.52769501188473,53.907718124572554,17.619976887312177,75.36621740098781,19.396111111111143,4.670882344455519,49.23683578011704,77.3611333173847,2.5,5,1037.6964390196697,116,32.758620689655174,56,250,nan,nan,2.8359940219421893,2.8359940219421893,0,0.0,0.0,0.0,0.0,0,0,0,,,,,,,,,,,,,,,,,,,,,,,,,
near_transition_good,C3,8040,2159,1863,77.625,86.28994905048634,137.48764974082744,471.5771661571732,134.44046036505407,92.13483146067416,75.20420070011669,7.865168539325842,0.34012727426427314,164.64877466401367,0,2260.0,52.099999999999845,6.316805555555562,80.09787959026787,60.26803031482804,19.82984927543983,75.24297849471509,19.325000000000028,4.0491873912574325,56.2188429235706,96.06252433032502,2.5,5,987.8926479840821,101,41.584158415841586,46,226,nan,nan,2.821872316060693,2.821872316060693,0,0.0,0.0,0.0,0.0,0,0,0,,,,,,,,,,,,,,,,,,,,,,,,,
near_transition_good,C3,8041,2106,1791,74.625,85.04273504273505,119.56038239421476,411.6484386222516,117.0109166488072,80.04385964912281,63.03030303030304,19.956140350877195,0.3778637940487184,172.18505179462025,0,4080.0,51.03599999999978,6.176666666666672,70.60793535156004,53.22405685529097,17.383878496269087,75.37970992960781,19.350000000000016,7.47057877553779,45.75347807975317,80.78172357076893,2.5,5,1033.1103107677213,204,48.529411764705884,80,408,nan,nan,2.812059562162299,2.812059562162299,0,0.0,0.0,0.0,0.0,0,0,0,,,,,,,,,,,,,,,,,,,,,,,,,
near_transition_good,C3,8042,2156,1767,73.625,81.95732838589981,147.86512032449292,431.6714553576424,145.19787294111228,84.30913348946136,65.81839213418161,15.690866510538642,0.36465040671563526,177.35031907221173,0,4210.0,52.68199999999982,6.35347222222223,75.62774487025456,57.076152628551895,18.551592241702664,75.46985927779626,19.42198377731905,7.875237293881273,49.200915334670626,81.76531152617441,2.5,5,1064.1019144332702,204,47.05882352941176,89,421,nan,nan,2.7438611867469587,2.7438611867469587,0,0.0,0.0,0.0,0.0,0,0,0,,,,,,,,,,,,,,,,,,,,,,,,,
near_transition_good,C3,8043,2098,1670,69.58333333333333,79.59961868446139,178.04006804557903,500.28808774205925,175.4584133050685,80.86124401913875,62.73809523809524,19.138755980861244,0.3778928224767941,241.9208131248756,0,4360.0,51.579999999999814,6.2044444444444515,71.22034312132163,53.65466039831526,17.565682723006372,75.3361442066015,19.339444444444492,7.923749871872217,45.73091052644304,81.87541762503466,2.5,5,1451.5248787492535,192,39.58333333333333,92,436,nan,nan,2.776574425446638,2.776574425446638,0,0.0,0.0,0.0,0.0,0,0,0,,,,,,,,,,,,,,,,,,,,,,,,,
near_transition_good,C3,8044,2146,1776,74.0,82.75862068965517,140.72740081075503,434.41895732222923,138.05354258699268,84.84848484848484,67.93349168646081,15.151515151515152,0.37342214672989177,177.8947658257941,0,4260.0,52.20799999999977,6.3080555555555655,71.8367895805116,54.15467078420506,17.682118796306536,75.38570570934384,19.295764434783045,8.43702154113098,45.717649243074085,77.89115640650942,2.5,5,1067.3685949547646,209,55.02392344497608,99,426,nan,nan,2.8149228238559445,2.8149228238559445,0,0.0,0.0,0.0,0.0,0,0,0,,,,,,,,,,,,,,,,,,,,,,,,,
near_transition_good,C3,8045,2152,1635,68.125,75.97583643122677,185.416384239163,511.2718732302235,182.63755072995832,86.13636363636363,69.10046728971963,13.863636363636363,0.3531864959480069,274.34787874649606,0,3460.0,52.2999999999998,6.32194444444445,73.43435590455681,55.237255655738345,18.197100248818465,75.2199089585951,19.468147422547418,6.065198623852989,49.17205703188536,89.19921354230691,2.5,5,1646.0872724789763,145,46.89655172413793,74,346,nan,nan,2.759337953014463,2.759337953014463,0,0.0,0.0,0.0,0.0,0,0,0,,,,,,,,,,,,,,,,,,,,,,,,,
near_transition_good,C3,8046,2150,1799,74.95833333333333,83.67441860465115,161.60755858005666,466.34444652029043,158.4700751374405,92.9951690821256,77.18894009216591,7.004830917874397,0.33762728239888595,186.245330223769,0,1820.0,52.31599999999983,6.3205555555555595,78.64435415189914,59.17099656043896,19.47335759146018,75.23870873953904,19.537111526323685,2.9746461099454953,56.19635045049347,98.81251944955731,2.5,5,1117.471981342614,82,34.146341463414636,36,182,nan,nan,2.7950841441919985,2.7950841441919985,0,0.0,0.0,0.0,0.0,0,0,0,,,,,,,,,,,,,,,,,,,,,,,,,
near_transition_good,C3,8047,2194,1850,77.08333333333333,84.32087511394712,142.6410434500425,416.4993596524326,139.7155148583803,86.06741573033709,73.52773013150372,13.93258426966292,0.3550790782540831,171.54647933213386,0,3130.0,52.7139999999998,6.403194444444448,76.39046523489561,57.64106517905863,18.749400055836972,75.45583732448307,19.4105555555556,4.917891038445266,52.72317414061337,82.23033082532791,2.5,5,1029.2788759928033,110,32.72727272727273,78,313,nan,nan,2.7680730588694167,2.7680730588694167,0,0.0,0.0,0.0,0.0,0,0,0,,,,,,,,,,,,,,,,,,,,,,,,,
near_transition_good,C3,8048,2253,1640,68.33333333333333,72.79183311140702,258.22549793172425,632.5822079449024,255.07683347055658,91.72259507829978,76.68881506090808,8.277404921700224,0.3056166802228992,276.7140446218282,0,1510.0,54.52599999999982,6.602777777777782,78.07955807415603,58.59334538586697,19.48621268828906,75.04313143040329,19.37500000000005,2.344165641975135,56.24917974389184,103.71332519959384,2.5,5,1660.2842677309688,54,25.925925925925924,31,151,nan,nan,2.7971943887775548,2.7971943887775548,0,0.0,0.0,0.0,0.0,0,0,0,,,,,,,,,,,,,,,,,,,,,,,,,
near_transition_good,C3,8049,2127,1872,78.0,88.01128349788434,125.09115047094451,391.086862613057,122.09612411826068,89.59810874704492,74.17840375586854,10.401891252955082,0.3643644098249636,170.92580811919046,0,2340.0,51.11599999999984,6.208472222222227,75.42023867977191,56.82273035524304,18.59750832452888,75.34148837224932,19.39611111111114,4.073942287367386,52.74878806787565,85.96468743835518,2.5,5,1025.5548487151427,109,41.284403669724774,52,234,nan,nan,2.85949982156093,2.85949982156093,0,0.0,0.0,0.0,0.0,0,0,0,,,,,,,,,,,,,,,,,,,,,,,,,
near_transition_good,C3,8050,2089,1699,70.79166666666667,81.3307802776448,190.16994701060221,525.0076364377069,186.88895447256445,94.6969696969697,83.10691080921441,5.303030303030303,0.3527950537297839,267.4322822464612,0,1270.0,50.573999999999835,6.123333333333338,72.64108186439432,54.447287920426284,18.193793943968036,74.95385052506234,19.250000000000025,1.6596083770595138,52.78767954336677,98.18407887324075,2.5,5,1604.5936934787676,38,7.894736842105263,27,127,nan,nan,2.814164042370455,2.814164042370455,0,0.0,0.0,0.0,0.0,0,0,0,,,,,,,,,,,,,,,,,,,,,,,,,
near_transition_good,C3,8051,2102,1616,67.33333333333333,76.8791627021884,197.44718975794285,509.4970654502533,194.5034808754546,90.37037037037037,70.00589275191514,9.62962962962963,0.37068625500070046,302.55411154686465,0,3240.0,51.223999999999805,6.184722222222229,69.15197118857228,51.90995676968148,17.242014418890793,75.06648889028324,19.481341108189792,6.231098188055121,45.67885858162635,85.64380255513527,2.5,5,1815.3246692811877,174,49.42528735632184,61,324,nan,nan,2.734852341338626,2.734852341338626,0,0.0,0.0,0.0,0.0,0,0,0,,,,,,,,,,,,,,,,,,,,,,,,,
near_transition_good,C3,8052,2123,1832,76.33333333333333,86.2929816297692,135.08136477813483,398.5620514502967,131.95255142876397,93.24009324009323,78.68949232585595,6.75990675990676,0.3678934621469551,166.59782315490338,0,1780.0,51.63999999999984,6.239861111111116,74.0721770050506,55.834723500143326,18.237453504907283,75.37880720899595,19.47111111111114,3.128466255301685,52.70625724484164,84.4028116007158,2.5,5,999.5869389294203,76,43.42105263157895,35,178,nan,nan,2.7700677428476586,2.7700677428476586,0,0.0,0.0,0.0,0.0,0,0,0,,,,,,,,,,,,,,,,,,,,,,,,,
near_transition_good,C3,8053,2168,1686,70.25,77.76752767527675,180.74250576408477,579.898450289801,177.87538932725315,91.28540305010893,70.74312463428906,8.714596949891067,0.3209319040939185,296.34741859049427,0,2250.0,52.905999999999835,6.384027777777783,75.56576630582788,56.591554260424466,18.97421204540342,74.8904656526456,19.314444444444536,3.8698470272338863,52.72170723319057,106.32974643253783,2.5,5,1778.0845115429656,94,26.595744680851062,40,225,nan,nan,2.8146578872029773,2.8146578872029773,0,0.0,0.0,0.0,0.0,0,0,0,,,,,,,,,,,,,,,,,,,,,,,,,
near_transition_good,C3,8054,2129,1747,72.79166666666667,82.05730389854392,145.11591303108753,426.021431839347,142.36377370505923,87.38532110091744,68.51742468989958,12.614678899082568,0.36784340783420827,207.24136906584357,0,3250.0,51.85799999999981,6.262500000000003,72.83190927723155,54.85295619635079,17.97895308088075,75.31445590360039,19.339444444444474,5.6017246652493,49.251231531101496,83.59951085503063,2.5,5,1243.4482143950615,154,44.15584415584416,71,325,nan,nan,2.7416956098692564,2.7416956098692564,0,0.0,0.0,0.0,0.0,0,0,0,,,,,,,,,,,,,,,,,,,,,,,,,
near_transition_good,C3,8055,2170,1731,72.125,79.76958525345623,199.86835984845544,557.3624541401831,196.7347210484941,91.54929577464789,77.1788990825688,8.450704225352112,0.3301071654040676,251.2783850215841,0,2100.0,52.731999999999815,6.374444444444449,79.8771980670455,60.067640495977315,19.80955757106818,75.19998441302249,19.404061022734943,3.794818556625925,56.272821939351395,100.54681186867056,2.5,5,1507.6703101295047,103,36.89320388349515,35,210,nan,nan,2.7359667789186624,2.7359667789186624,0,0.0,0.0,0.0,0.0,0,0,0,,,,,,,,,,,,,,,,,,,,,,,,,
near_transition_good,C3,8056,2190,1880,78.33333333333333,85.84474885844749,147.97336561787154,473.94331860465246,144.66252058460694,93.86792452830188,82.61608154020385,6.132075471698113,0.34445787270000944,147.76945164561442,0,1350.0,52.41799999999982,6.377638888888894,77.39532098541493,58.20267331736001,19.192647668054914,75.20179847607098,19.496111111111166,1.9751583893506413,56.22751492800938,89.15860971332764,2.5,5,886.6167098736865,48,41.66666666666667,27,135,nan,nan,2.7659857530186427,2.7659857530186427,0,0.0,0.0,0.0,0.0,0,0,0,,,,,,,,,,,,,,,,,,,,,,,,,
near_transition_good,C4,8007,2157,1949,81.20833333333333,90.3569772832638,83.06452178551876,311.9487363610306,80.09129324186281,87.53056234718827,71.5675057208238,12.469437652811736,0.3701667120418762,92.08670733397368,0,2910.0,52.40199999999984,6.335277777777786,72.60648320533514,54.774970941744485,17.831512263590653,75.44088148001583,19.35000000000004,5.56593434610928,49.20903659563521,78.31663944154097,2.5,5,552.5202440038421,148,60.810810810810814,49,291,nan,nan,2.7724980647215007,2.7724980647215007,0,0.0,0.0,0.0,0.0,0,0,0,277,0.7342181561980397,2.650607062086786,5.215087579563259,7.771223085001111,,,,,,,,,,,,,,,,,,,,
near_transition_good,C4,8008,2130,1810,75.41666666666667,84.97652582159625,142.6406511352169,439.35504308349664,139.72660123459062,91.13636363636364,72.60355029585799,8.863636363636363,0.3719208400782779,166.72055966592617,0,2650.0,51.63799999999983,6.248472222222228,71.23443792423532,53.74221467233451,17.49222325190079,75.44414785653889,19.521111111111136,4.600803320206151,49.14141135212837,81.01416261969989,2.5,5,1000.3233579955571,129,52.71317829457365,68,265,nan,nan,2.793483381104839,2.793483381104839,0,0.0,0.0,0.0,0.0,0,0,0,251,0.6701600118540227,2.669960206589732,5.3925896063447,7.940594106912613,,,,,,,,,,,,,,,,,,,,
near_transition_good,C4,8009,2125,2009,83.70833333333333,94.54117647058824,62.87127989545625,254.45260246012805,59.610548926425864,93.49397590361446,82.39766081871345,6.506024096385541,0.37954018217014657,72.11342231676848,0,950.0,50.97799999999985,6.196388888888895,72.02273737023958,54.35440619449955,17.668331175740022,75.46839814638767,19.350000000000072,1.6305103999992885,52.72389579450026,77.13700180902318,2.5,5,432.68053390061084,53,62.264150943396224,20,95,nan,nan,2.8196392785571147,2.8196392785571147,0,0.0,0.0,0.0,0.0,0,0,0,80,0.25240244530141354,3.155030566267669,6.486317818053067,7.957203080877662,,,,,,,,,,,,,,,,,,,,
near_transition_good,C4,8010,2174,1803,75.125,82.93468261269548,155.9674372078612,516.2687664731769,152.94254677788086,91.95402298850574,73.60552041403106,8.045977011494253,0.3284575533258718,204.37198225276444,0,1960.0,51.98399999999982,6.327500000000008,74.21454174690632,55.53758238536189,18.67695936154443,74.83382781606545,19.25000000000008,2.723758440017206,52.81382394534467,100.98102356003244,2.5,5,1226.2318935165865,61,55.73770491803278,45,196,nan,nan,2.790542410788428,2.790542410788428,0,0.0,0.0,0.0,0.0,0,0,0,181,0.3764057760126889,2.079589922722038,5.212821066379547,7.792043965309858,,,,,,,,,,,,,,,,,,,,
near_transition_good,C4,8011,2099,1879,78.29166666666667,89.51881848499286,90.53013113662394,420.1222644383072,87.7687793660911,86.2144420131291,68.4531059683313,13.785557986870897,0.3840237853630302,131.71504058307826,0,3050.0,51.033999999999835,6.16777777777778,68.29830767113489,51.485799094298635,16.812508576836244,75.38371132445822,19.331383580329074,5.784716146314109,45.70108294798453,78.05795100440407,2.5,5,790.2902434984696,128,67.96875,63,305,nan,nan,2.818033326927828,2.818033326927828,0,0.0,0.0,0.0,0.0,0,0,0,292,0.7001875867135823,2.397902694224597,5.241333169396967,7.8298000153154135,,,,,,,,,,,,,,,,,,,,
near_transition_good,C4,8012,2175,2011,83.79166666666667,92.45977011494253,54.337512531188295,245.2216488122409,51.445352399149826,87.91946308724832,72.62731481481481,12.080536912751679,0.36739806087076327,56.41189087508638,0,2980.0,52.43999999999983,6.360416666666669,71.97182754932692,54.29978347898856,17.67204407033835,75.44588671417775,19.28027534373862,5.013993801746304,49.28578967724226,77.47783014420871,2.5,5,338.4713452505183,124,54.03225806451613,62,298,nan,nan,2.8092240819667507,2.8092240819667507,0,0.0,0.0,0.0,0.0,0,0,0,284,0.6601979827973992,2.3246407844978845,5.207142257131636,7.958223111927509,,,,,,,,,,,,,,,,,,,,
near_transition_good,C4,8013,2190,1880,78.33333333333333,85.84474885844749,105.12721362375824,318.15691612046,102.13606433812363,89.10675381263616,73.3102253032929,10.893246187363834,0.35020890934105914,133.41865450924848,0,2090.0,52.837999999999816,6.40680555555556,74.90715308939167,56.42972282819109,18.477430261200578,75.33288945162522,19.253888888888913,3.6733664167059104,52.756356411485186,85.70798772869786,2.5,5,800.5119270554909,96,58.333333333333336,39,209,nan,nan,2.6969196124207184,2.6969196124207184,0,0.0,0.0,0.0,0.0,0,0,0,194,0.49424274265766144,2.5476430033900077,5.339744582306594,7.960492977872491,,,,,,,,,,,,,,,,,,,,
near_transition_good,C4,8014,2185,1886,78.58333333333333,86.31578947368422,129.17282571364413,366.4688461927382,126.09497798964678,91.93548387096774,79.09765848086808,8.064516129032258,0.3525663939530605,138.85922689645307,0,2360.0,53.14399999999981,6.421805555555559,74.89515542077567,56.486502253725874,18.408653167049806,75.42076912234661,19.272253985641388,3.7235420267483104,52.76296022697756,84.9879414059415,2.5,5,833.1553613787185,99,67.67676767676768,47,236,nan,nan,2.8211082799082328,2.8211082799082328,0,0.0,0.0,0.0,0.0,0,0,0,221,0.5183893928769976,2.345653361434378,5.194697994738817,7.8063709661364555,,,,,,,,,,,,,,,,,,,,
near_transition_good,C4,8015,2167,1878,78.25,86.6635902168897,108.52349363242296,341.25643311925063,105.82151127830284,85.64814814814815,68.2420749279539,14.351851851851851,0.3645837769365797,116.64229388773099,0,4090.0,52.81799999999982,6.376666666666676,74.5404357472175,56.2624921737783,18.277943573439195,75.47915652730606,19.37500000000007,7.006646257384413,49.25584591639388,80.27751161583,2.5,5,699.8537633263859,177,59.887005649717516,92,409,nan,nan,2.7833844904999876,2.7833844904999876,0,0.0,0.0,0.0,0.0,0,0,0,395,0.9455647764261812,2.393834877028307,5.314445146359502,8.042374160140753,,,,,,,,,,,,,,,,,,,,
near_transition_good,C4,8016,2230,1822,75.91666666666667,81.70403587443946,121.04478761415614,455.684242440602,118.06855630300193,88.53211009174312,73.8015607580825,11.46788990825688,0.3189361355165871,189.0348208697589,0,2990.0,53.7939999999998,6.523194444444449,77.52881495789309,58.19352910466887,19.335285853224217,75.06051670759386,19.40000000000002,5.468439563855437,52.725089540813435,98.91609646782553,2.5,5,1134.2089252185535,148,61.48648648648649,69,299,nan,nan,2.79512546219199,2.79512546219199,0,0.0,0.0,0.0,0.0,0,0,0,284,0.7216820917092264,2.5411341257367126,5.212503636721522,7.776384940370917,,,,,,,,,,,,,,,,,,,,
near_transition_good,C4,8017,2192,1973,82.20833333333333,90.00912408759125,79.59261782449842,292.9819384636825,76.40577718900539,92.56756756756756,79.46224256292906,7.4324324324324325,0.33490397841415603,83.93931341610364,0,1820.0,53.01599999999982,6.42166666666667,78.71019006327624,59.22351973480543,19.4866703284708,75.24250632249115,19.280896074043767,2.917403163592509,56.306116571212925,94.61316850706199,2.5,5,503.63588049662184,84,65.47619047619048,40,182,nan,nan,2.756621677089118,2.756621677089118,0,0.0,0.0,0.0,0.0,0,0,0,166,0.4081054551061243,2.458466597024845,5.162500659935176,7.878596195951104,,,,,,,,,,,,,,,,,,,,
near_transition_good,C4,8018,2148,1771,73.79166666666667,82.4487895716946,166.48286081014226,431.3984500929315,163.41679809551192,90.29126213592234,78.51382488479263,9.70873786407767,0.34270869429839523,183.15021552875626,0,2130.0,52.29399999999984,6.316527777777783,79.11419724301405,59.40470201660761,19.70949522640644,75.08728406120959,19.253888888888962,3.1594228079782267,56.24527920862937,96.04145008762954,2.5,5,1098.9012931725376,83,65.06024096385542,50,213,nan,nan,2.780271202303083,2.780271202303083,0,0.0,0.0,0.0,0.0,0,0,0,197,0.4562778694089502,2.3161313167967017,5.1472872495651245,7.810798939317465,,,,,,,,,,,,,,,,,,,,
near_transition_good,C4,8019,2214,1955,81.45833333333333,88.30171635049683,94.60374308736604,386.0819789963753,91.47918285404106,92.34449760765551,75.94654788418708,7.655502392344498,0.3467267929417064,91.27558539833045,0,1920.0,53.77199999999982,6.501666666666672,74.25929214572534,55.97722760159431,18.282064544131025,75.38077186589042,19.43555555555559,3.2375589107974765,52.73966869079683,84.46392423497616,2.5,5,547.6535123899828,81,69.1358024691358,45,192,nan,nan,2.827587378146123,2.827587378146123,0,0.0,0.0,0.0,0.0,0,0,0,177,0.41743728262372315,2.358402726687701,5.172843160107732,7.852623937651515,,,,,,,,,,,,,,,,,,,,
near_transition_good,C4,8020,2150,1902,79.25,88.46511627906976,78.89125230570403,321.2883694725367,76.10046637108954,89.66292134831461,69.61876832844574,10.337078651685392,0.36214158941017055,101.91623799455594,0,3210.0,52.229999999999805,6.314583333333337,72.94305884663126,54.87923446489936,18.063824381731887,75.23571856273183,19.314444444444494,5.579534810530965,49.299699654368396,84.10393524278655,2.5,5,611.4974279673356,138,61.59420289855072,75,321,nan,nan,2.8539489402257283,2.8539489402257283,0,0.0,0.0,0.0,0.0,0,0,0,307,0.7597269974648952,2.4746807735012872,5.2954023238271475,8.018899941816926,,,,,,,,,,,,,,,,,,,,
near_transition_good,C4,8021,2088,1810,75.41666666666667,86.68582375478927,147.2392667153181,479.7098258204256,144.30974659761105,88.9168765743073,72.61975162625664,11.083123425692696,0.37273357400997686,177.42120300560117,0,2610.0,50.477999999999845,6.115416666666672,75.89239278219944,57.20933747201232,18.683055310187118,75.3821764932292,19.410555555555582,4.469276415363863,52.74006105664844,86.35985559401381,2.5,5,1064.5272180336071,112,65.17857142857143,52,261,nan,nan,2.8230118774133635,2.8230118774133635,0,0.0,0.0,0.0,0.0,0,0,0,246,0.5936578409746289,2.4132432559944266,5.197711230721325,7.82150705344975,,,,,,,,,,,,,,,,,,,,
near_transition_good,C4,8022,2112,1780,74.16666666666667,84.28030303030303,103.80854372628761,349.4266621283578,100.91369689255461,88.45265588914549,71.94758784991066,11.547344110854503,0.36432721283681574,195.3208513447444,0,2800.0,51.255999999999815,6.199444444444449,72.52216867875339,54.55779066455213,17.96437801420125,75.22912187888801,19.399999999999988,5.322230777364414,49.23555988718771,88.07033896457722,2.5,5,1171.9251080684662,129,56.58914728682171,51,280,nan,nan,2.787364202088387,2.787364202088387,0,0.0,0.0,0.0,0.0,0,0,0,266,0.6849314800929278,2.5749303762892026,6.430394481867552,7.750276010483503,,,,,,,,,,,,,,,,,,,,
near_transition_good,C4,8023,2174,1884,78.5,86.66053357865685,133.3503739359449,383.0283513306989,130.28985105011668,91.5929203539823,77.35191637630662,8.4070796460177,0.3553523669788743,144.61051814544263,0,1940.0,52.67999999999982,6.375833333333335,74.34227308372417,56.00961060027118,18.332662483452978,75.34019108777214,19.289444444444477,3.2147118766059637,52.79489872366522,84.84413536823097,2.5,5,867.6631088726555,78,62.82051282051282,40,194,nan,nan,2.844829323451372,2.844829323451372,0,0.0,0.0,0.0,0.0,0,0,0,179,0.41841605794616044,2.3375198767941927,5.164720164611936,7.745180046185851,,,,,,,,,,,,,,,,,,,,
near_transition_good,C4,8024,2145,1697,70.70833333333333,79.11421911421911,149.07176548621464,481.7763974047848,146.20893162348898,88.03827751196172,71.56919513607411,11.961722488038278,0.34626760150356944,239.63490126311484,0,3350.0,51.96999999999983,6.290277777777783,73.4166893956618,55.10903513649967,18.30765425916213,75.0633617371421,19.446111111111144,5.8943696700532,49.21466546644647,94.32277243119165,2.5,5,1437.8094075786892,131,64.12213740458014,68,335,nan,nan,2.8211001442136614,2.8211001442136614,0,0.0,0.0,0.0,0.0,0,0,0,321,0.7509955468121916,2.339549990069133,5.260255886241794,7.924210047349334,,,,,,,,,,,,,,,,,,,,
near_transition_good,C4,8025,2122,1843,76.79166666666667,86.85202639019792,137.01097450744783,364.1747365041971,133.78694503713285,94.13145539906104,82.84198113207547,5.868544600938967,0.35255366973866376,200.64051290877077,0,1390.0,51.46599999999984,6.226527777777782,77.73230223360794,58.4524921534249,19.27981008018304,75.1971708978313,19.380814366792567,2.2148906765747913,56.23760147685012,93.74557593457953,2.5,5,1203.8430774526248,56,58.92857142857143,29,139,nan,nan,2.780634439610929,2.780634439610929,0,0.0,0.0,0.0,0.0,0,0,0,123,0.27947943890467286,2.2721905602005923,4.379712999798354,7.812663912773132,,,,,,,,,,,,,,,,,,,,
near_transition_good,C4,8026,2127,1715,71.45833333333333,80.62999529854254,176.34278295934686,476.9771204840974,173.3875374576952,88.78718535469108,76.33136094674556,11.212814645308924,0.3466648349454051,232.8741921692366,0,2690.0,51.47799999999982,6.233611111111113,76.48581886283438,57.529259855940055,18.956559006894324,75.21558991100035,19.42500000000005,4.785431827506831,52.74382802843323,96.58443236609025,2.5,5,1397.2451530154192,111,65.76576576576578,53,269,nan,nan,2.8136745932810503,2.8136745932810503,0,0.0,0.0,0.0,0.0,0,0,0,254,0.5851603904739022,2.303781064857883,5.14847117010504,7.758082123473287,,,,,,,,,,,,,,,,,,,,
near_transition_good,C4,8027,2121,1885,78.54166666666667,88.87317303158888,116.46408282964475,355.8113481210494,113.32833131699999,92.0673076923077,78.88563049853371,7.9326923076923075,0.3744855782051713,135.3139381353603,0,2060.0,51.823999999999835,6.250138888888892,74.92787296488359,56.51436815539246,18.413504809491112,75.42502665447213,19.410555555555607,3.790802878175902,52.723565277216565,80.72531974356387,2.5,5,811.8836288121619,104,59.61538461538461,36,206,nan,nan,2.814917793702589,2.814917793702589,0,0.0,0.0,0.0,0.0,0,0,0,191,0.5100909927859902,2.670633470083718,5.207874113693833,7.840293925255537,,,,,,,,,,,,,,,,,,,,
near_transition_good,C4,8028,2166,1981,82.54166666666667,91.4589104339797,60.78963215024884,272.13599538985125,57.834976539230354,89.0995260663507,71.10091743119267,10.90047393364929,0.36269104570005,75.87894651090298,0,2440.0,52.38399999999984,6.345277777777782,75.84784702991044,57.23705282737136,18.61079420253909,75.46298948314254,19.471111111111153,4.527159120219201,52.709893707152155,81.55203924663662,2.5,5,455.27367906541787,120,70.83333333333334,46,244,nan,nan,2.7567886865433926,2.7567886865433926,0,0.0,0.0,0.0,0.0,0,0,0,229,0.607432633638382,2.652544251695991,5.176611430943012,7.753424113616347,,,,,,,,,,,,,,,,,,,,
near_transition_good,C4,8029,2080,1717,71.54166666666667,82.54807692307692,158.13366895970202,458.68550053822645,155.3893818751555,86.16780045351474,70.04270896888347,13.83219954648526,0.35346133658582324,210.47786110582263,0,3290.0,50.77399999999983,6.125972222222228,73.48213149607582,55.12301592552147,18.359115570554348,75.01553752352055,19.471111111111114,5.905716462876498,49.21729946264499,99.03430915961717,2.5,5,1262.8671666349358,133,69.92481203007519,70,329,nan,nan,2.780360721442886,2.780360721442886,0,0.0,0.0,0.0,0.0,0,0,0,315,0.7262716523837298,2.305624293281682,5.189403425902128,7.814709097146988,,,,,,,,,,,,,,,,,,,,
near_transition_good,C4,8030,2182,1737,72.375,79.60586617781851,156.89410658412083,541.7310937360645,153.87714103200074,89.93435448577681,76.52173913043478,10.065645514223196,0.31595203195919,247.8791734701824,0,2060.0,52.54399999999984,6.376388888888891,80.00537987812874,59.88648625412671,20.11889362400203,74.85307406245816,19.3605555555556,3.5995412455207605,56.286945008605954,107.37322526893047,2.5,5,1487.2750408210943,86,62.7906976744186,38,206,nan,nan,2.78223816053159,2.78223816053159,0,0.0,0.0,0.0,0.0,0,0,0,190,0.46976351155899465,2.4724395345210244,5.279426486231387,7.937601068988442,,,,,,,,,,,,,,,,,,,,
near_transition_good,C4,8031,2117,1935,80.625,91.40292867264998,85.07273329098992,319.3108405188671,81.9492108655956,90.78341013824884,78.90671420083186,9.216589861751153,0.36843174869849654,137.41131422015206,0,2130.0,51.30999999999986,6.209444444444449,74.5600072402149,56.202251930133954,18.357755310080947,75.37854945354746,19.264444444444475,3.428716803614098,52.77353512651986,84.91317300312433,2.5,5,824.4678853209123,98,64.28571428571429,46,213,nan,nan,2.748223720167608,2.748223720167608,0,0.0,0.0,0.0,0.0,0,0,0,198,0.4892624532803893,2.4710224913150975,5.203696701209992,7.832936942577362,,,,,,,,,,,,,,,,,,,,
near_transition_good,C4,8032,2242,1982,82.58333333333333,88.40321141837644,110.1384691340525,363.3743950212963,106.80312711749032,96.55913978494624,86.94428812605514,3.4408602150537635,0.33474021398197057,75.64749632493552,0,1020.0,54.219999999999814,6.567777777777784,77.00519261914123,58.00131398254889,19.00387863659233,75.32130238205713,19.25388888888894,1.6889696238314227,56.31234435871748,87.7669827219288,2.5,5,453.88497794961313,45,71.11111111111111,18,102,nan,nan,2.8531947616162556,2.8531947616162556,0,0.0,0.0,0.0,0.0,0,0,0,86,0.25143670523539186,2.923682619016184,6.579984445124865,7.9369989689439535,,,,,,,,,,,,,,,,,,,,
near_transition_good,C4,8033,2216,1948,81.16666666666667,87.90613718411552,110.40763972662987,401.0743663125611,107.34719692767413,90.76923076923077,78.47813742191936,9.230769230769232,0.33345835147223407,97.50210102160622,0,2330.0,53.529999999999816,6.487361111111115,80.23641576606971,60.34800080703752,19.88841495903219,75.21273256146297,19.41055555555559,4.139751305771828,56.208249501265705,92.14721133888177,2.5,5,585.0126061296373,95,60.0,39,233,nan,nan,2.798361700359244,2.798361700359244,0,0.0,0.0,0.0,0.0,0,0,0,217,0.5247470415197313,2.4181891314273334,5.195254273712635,7.780218962579966,,,,,,,,,,,,,,,,,,,,
near_transition_good,C4,8034,2101,1913,79.70833333333333,91.05188005711567,79.81446018929387,335.6296565981269,76.80785314217644,92.49394673123487,74.34834123222748,7.506053268765134,0.3545025821810144,129.25930439494678,0,1970.0,51.02199999999985,6.169444444444449,74.08429936481261,55.564225732540216,18.52007363227239,75.00135144550106,19.521111111111136,2.874304693323692,52.689921039216514,95.4928951358358,2.5,5,775.5558263696806,74,59.45945945945946,49,197,nan,nan,2.6858552269373916,2.6858552269373916,0,0.0,0.0,0.0,0.0,0,0,0,182,0.442046727752313,2.4288281744632583,6.390164629556226,7.806405192241073,,,,,,,,,,,,,,,,,,,,
near_transition_good,C4,8035,2121,1966,81.91666666666667,92.69212635549269,78.52863146705259,311.545902344597,75.25806045666796,93.68932038834951,82.56290228203628,6.310679611650485,0.3629787911810381,122.03846429746704,0,1440.0,51.203999999999844,6.207083333333337,77.60104234649931,58.54240602489636,19.058636321602954,75.44023154160286,19.361647903273305,2.2790840296345043,56.263321995261855,87.62939195804378,2.5,5,732.2307857848023,62,62.903225806451616,34,144,nan,nan,2.779621743486974,2.779621743486974,0,0.0,0.0,0.0,0.0,0,0,0,128,0.3178994623012841,2.483589549228782,5.277677590493113,7.916297996416688,,,,,,,,,,,,,,,,,,,,
near_transition_good,C4,8036,2213,1764,73.5,79.71079981924989,149.2593795151958,474.4250971740406,146.2348882792017,90.24943310657596,75.0,9.750566893424036,0.3203660961829548,213.38915199390843,0,2390.0,53.637999999999806,6.491111111111115,75.38592137049616,56.612444114993224,18.773477255502925,75.09683915218376,19.325000000000006,3.9007582278358104,52.711685887157415,100.41923117911603,2.5,5,1280.3349119634506,97,58.76288659793815,55,239,nan,nan,2.8169016604637847,2.8169016604637847,0,0.0,0.0,0.0,0.0,0,0,0,224,0.5106534294318408,2.2797028099635748,5.18070999532938,7.812176831066608,,,,,,,,,,,,,,,,,,,,
near_transition_good,C4,8037,2103,1772,73.83333333333333,84.2605801236329,140.78603643783404,431.40751259974576,137.89693765376578,86.88118811881188,71.92466156562685,13.118811881188119,0.37159793662557067,186.86631649022505,0,3230.0,50.94599999999983,6.1666666666666705,73.39664002863002,55.19241041084398,18.204229617786034,75.1974618856053,19.371111111111137,6.018984845342927,49.173425565501056,84.95790469132423,2.5,5,1121.19789894135,158,63.29113924050633,64,323,nan,nan,2.8237251201431994,2.8237251201431994,0,0.0,0.0,0.0,0.0,0,0,0,309,0.7930106478743255,2.5663775012114094,5.225075827911495,7.868759799748659,,,,,,,,,,,,,,,,,,,,
near_transition_good,C4,8038,2142,1947,81.125,90.89635854341736,66.2541200504466,300.42853055973575,63.286586114132064,86.48648648648648,76.85512367491167,13.513513513513514,0.3607141099331986,81.02274900320943,0,2300.0,51.607999999999834,6.261388888888892,75.52206621696357,56.92818732664942,18.593878890314148,75.3795416072215,19.290757691651613,4.197211785573994,52.73097554107543,86.07153404008078,2.5,5,486.13649401925653,90,55.55555555555556,42,230,nan,nan,2.7867549051591554,2.7867549051591554,0,0.0,0.0,0.0,0.0,0,0,0,215,0.49158857692964375,2.2864584973471804,5.155155528336763,7.83236394636333,,,,,,,,,,,,,,,,,,,,
near_transition_good,C4,8039,2168,1931,80.45833333333333,89.06826568265683,88.01583618988018,326.1246766503406,84.78287160974848,93.41825902335457,84.20742486741308,6.581740976645436,0.3418295190702529,145.97087860968216,0,1450.0,52.31799999999982,6.3431944444444515,78.30337842124904,58.948273680128096,19.355104741120943,75.28190337204073,19.35000000000003,2.6325607591546962,56.3157129209734,93.79117744673718,2.5,5,875.825271658093,70,60.0,32,145,nan,nan,2.838654052290628,2.838654052290628,0,0.0,0.0,0.0,0.0,0,0,0,129,0.35428233281709254,2.7463746730007172,5.923799611628049,7.836770033463836,,,,,,,,,,,,,,,,,,,,
near_transition_good,C4,8040,2159,1861,77.54166666666667,86.19731357109774,120.34312907065595,334.6573130348996,117.20287545541225,92.35955056179776,78.29638273045506,7.640449438202247,0.35714906297465915,148.30175142723357,0,1990.0,52.04599999999984,6.313055555555561,74.72928251967294,56.238196981494696,18.49108553817824,75.25590382416645,19.30223935126805,3.5168339627392466,52.721363018755454,85.8494511040934,2.5,5,889.8105085634013,88,56.81818181818182,39,199,nan,nan,2.812973773634225,2.812973773634225,0,0.0,0.0,0.0,0.0,0,0,0,184,0.4598916231188923,2.4994109952113712,5.2313343388959765,7.931312080472708,,,,,,,,,,,,,,,,,,,,
near_transition_good,C4,8041,2106,1940,80.83333333333333,92.11775878442545,59.77892548975979,294.7473424125874,56.83133274401762,86.62280701754386,75.75757575757575,13.37719298245614,0.35844291330023464,102.41236190182504,0,2790.0,50.77799999999983,6.158750000000001,76.78273494503672,57.783529077513144,18.999205867523578,75.2558880832732,19.355292849710896,5.035557065313108,52.74797201220003,92.4342520198592,2.5,5,614.4741714109501,143,63.63636363636363,60,279,nan,nan,2.8031062124248494,2.8031062124248494,0,0.0,0.0,0.0,0.0,0,0,0,264,0.7057707726489753,2.673374138821876,6.251765508204692,7.76683003641665,,,,,,,,,,,,,,,,,,,,
near_transition_good,C4,8042,2156,1949,81.20833333333333,90.39888682745826,75.93480869697316,287.518314196481,73.01162741116302,88.75878220140515,75.18796992481202,11.241217798594848,0.3513225714146469,78.2817177167064,0,3340.0,52.50799999999985,6.341388888888894,78.24062439560635,58.935930406329646,19.304693989276686,75.3265082706053,19.253888888888945,6.173974886761219,52.76195551956843,89.7620127067674,2.5,5,469.6903063002383,164,67.6829268292683,68,334,nan,nan,2.7199037573579763,2.7199037573579763,0,0.0,0.0,0.0,0.0,0,0,0,319,0.8444745247252285,2.6472555634019703,5.258252634666859,7.860793033614755,,,,,,,,,,,,,,,,,,,,
near_transition_good,C4,8043,2098,1820,75.83333333333333,86.74928503336511,83.17586706103558,370.40585082046675,80.27752019866836,86.36363636363636,72.85714285714286,13.636363636363635,0.3658902735998209,153.346961827513,0,3210.0,51.34999999999984,6.188472222222227,73.4788302620974,55.27929928720411,18.199530974893293,75.23159948249591,19.485178792796003,6.063892836386942,49.21540645081717,89.07694695121859,2.5,5,920.0817709650781,142,59.154929577464785,56,321,nan,nan,2.7855646145711614,2.7855646145711614,0,0.0,0.0,0.0,0.0,0,0,0,307,0.7399988113902509,2.4104195810757356,5.161977699026465,7.784683024510741,,,,,,,,,,,,,,,,,,,,
near_transition_good,C4,8044,2146,1852,77.16666666666667,86.30009319664492,100.13518520606657,329.2631883178128,97.29991828863834,87.44588744588745,71.79334916864607,12.554112554112553,0.35732532782211207,138.88565066674644,0,2900.0,51.93599999999981,6.289166666666672,77.06149355248367,58.11786522864948,18.94362832383419,75.4175172961936,19.35142063881573,5.363650214242143,52.754215014407336,87.54924775117718,2.5,5,833.3139040004786,136,65.44117647058823,63,290,nan,nan,2.78737110584806,2.78737110584806,0,0.0,0.0,0.0,0.0,0,0,0,275,0.6996354961302131,2.5441290768371387,5.1841385662555695,7.820009021088481,,,,,,,,,,,,,,,,,,,,
near_transition_good,C4,8045,2152,1872,78.0,86.98884758364312,106.81291081725584,341.85529299743104,103.87746370337014,88.86363636363637,73.36448598130842,11.136363636363637,0.3575416878052331,131.75479075709657,0,2600.0,52.12799999999983,6.310000000000003,76.06751724875835,57.334644544627224,18.73287270413113,75.37336121689064,19.31444444444443,4.620293283020273,52.71435126160695,86.58609842797127,2.5,5,790.5287445425791,106,58.490566037735846,57,260,nan,nan,2.7863645658664264,2.7863645658664264,0,0.0,0.0,0.0,0.0,0,0,0,245,0.5807741535827518,2.3705067493173537,5.403956398367882,7.777482038363814,,,,,,,,,,,,,,,,,,,,
near_transition_good,C4,8046,2150,1729,72.04166666666667,80.4186046511628,194.38890980651558,427.6566496370755,191.1128245828799,95.89371980676329,81.4516129032258,4.1062801932367154,0.33955564057083726,229.44442015965095,0,930.0,52.137999999999835,6.30819444444445,80.98662135308821,60.85927433821673,20.12734701487149,75.14731855880295,19.325000000000067,1.0862895379058948,59.77298480031084,97.65550454638651,2.5,5,1376.6665209579055,32,59.375,21,93,nan,nan,2.713796013078789,2.713796013078789,0,0.0,0.0,0.0,0.0,0,0,0,76,0.18336763815023005,2.4127320809240795,5.58306131279096,7.92539119720459,,,,,,,,,,,,,,,,,,,,
near_transition_good,C4,8047,2194,1873,78.04166666666667,85.36918869644485,133.65143067698156,410.1406618591543,130.59760658216143,88.08988764044943,77.81589479702687,11.910112359550562,0.3406533366609512,151.52861901898618,0,2690.0,52.62599999999982,6.397083333333337,75.51725276534327,56.85942629016974,18.657826475173522,75.29329286759216,19.494778949233016,4.169415718986031,52.69001057118371,90.88577578120703,2.5,5,909.1717141139169,93,56.98924731182796,64,269,nan,nan,2.7585722626355067,2.7585722626355067,0,0.0,0.0,0.0,0.0,0,0,0,254,0.5389367754105479,2.1217983283879835,3.9941289694979787,7.934847846627235,,,,,,,,,,,,,,,,,,,,
near_transition_good,C4,8048,2253,1941,80.875,86.15179760319573,124.93465455675857,376.8613628056222,121.61648096144799,95.97315436241611,81.78294573643412,4.026845637583892,0.33211238728761416,110.25704078329828,0,950.0,54.41399999999982,6.595000000000004,76.53529871235475,57.585317608089184,18.949981104265575,75.24020756032334,19.361823689626707,1.2587896042142206,56.32652800387497,87.81590096076485,2.5,5,661.5422446997896,30,66.66666666666666,21,95,nan,nan,2.7835671342685373,2.7835671342685373,0,0.0,0.0,0.0,0.0,0,0,0,79,0.18492954596877098,2.34088032871862,5.189866269938648,7.813865086063743,,,,,,,,,,,,,,,,,,,,
near_transition_good,C4,8049,2127,1988,82.83333333333333,93.46497414198402,59.756655818794364,268.6726074264365,56.65004658530912,91.25295508274232,79.46009389671362,8.747044917257684,0.34743160137833456,99.46996650107168,0,2200.0,51.08799999999985,6.206527777777781,79.75912962515346,59.953619244131914,19.805510381021556,75.16834690385647,19.56055555555558,3.7723100305187223,56.18130921361319,96.1243725063326,2.5,5,596.8197990064301,104,77.88461538461539,50,220,nan,nan,2.8562418955558178,2.8562418955558178,0,0.0,0.0,0.0,0.0,0,0,0,204,0.541446226183325,2.654148167565319,5.188765982165933,7.765158079564571,,,,,,,,,,,,,,,,,,,,
near_transition_good,C4,8050,2089,1876,78.16666666666667,89.80373384394447,115.57382446678042,402.18345258483623,112.19129816132937,96.71717171717171,85.58771411695216,3.2828282828282833,0.37101222224798436,149.36733550853194,0,1040.0,50.527999999999835,6.120138888888893,71.97304545779826,54.13070458709296,17.84234087070532,75.2096902983392,19.471111111111163,1.4007538558858874,52.72995073120706,87.25377776232052,2.5,5,896.2040130511916,35,68.57142857142857,20,104,nan,nan,2.8366620882213867,2.8366620882213867,0,0.0,0.0,0.0,0.0,0,0,0,89,0.1994423856958747,2.24092568197612,5.178476357832551,7.781121879816055,,,,,,,,,,,,,,,,,,,,
near_transition_good,C4,8051,2102,1890,78.75,89.91436726926736,73.65123194973769,281.46659516752953,70.48460912466578,93.33333333333333,77.07719505008839,6.666666666666667,0.37120747507709617,125.55665552271037,0,1850.0,50.94599999999984,6.165416666666671,70.11682961429324,52.74848454745923,17.36834506683401,75.22942043675418,19.290622803156168,3.4501767651494846,49.298307782309735,85.33107050929782,2.5,5,753.3399331362622,88,63.63636363636363,34,185,nan,nan,2.7941145448792324,2.7941145448792324,0,0.0,0.0,0.0,0.0,0,0,0,171,0.4666525390930474,2.7289622169184056,6.4744530245661736,7.81390885822475,,,,,,,,,,,,,,,,,,,,
near_transition_good,C4,8052,2123,1837,76.54166666666667,86.52849740932642,117.69741511532334,358.41146248030805,114.45743198418329,95.1048951048951,81.58205430932703,4.895104895104895,0.3709894503325468,165.95908262262452,0,1200.0,51.52399999999984,6.23180555555556,72.51790702142291,54.665723500143315,17.852183521279592,75.38237898122765,19.485555555555585,1.934503081124979,52.73122041901834,82.54521868936075,2.5,5,995.7544957357471,44,65.9090909090909,23,120,nan,nan,2.8347552247351846,2.8347552247351846,0,0.0,0.0,0.0,0.0,0,0,0,105,0.24263749085366726,2.3108332462254024,5.172353610396385,7.7821360900998116,,,,,,,,,,,,,,,,,,,,
near_transition_good,C4,8053,2168,1825,76.04166666666667,84.1789667896679,150.6702072951079,402.8815086137838,147.5843394256568,94.11764705882352,80.10532475131656,5.88235294117647,0.3404436800749593,153.37092158112455,0,1820.0,52.81999999999982,6.37805555555556,74.46947295941675,55.982637593757794,18.48683536565897,75.17528373574817,19.450000000000045,3.2479730462541845,52.734664547503606,94.62268084391332,2.5,5,920.2255294867472,81,69.1358024691358,27,182,nan,nan,2.820287281149125,2.820287281149125,0,0.0,0.0,0.0,0.0,0,0,0,167,0.4232861625496298,2.534647679937903,5.281523754820228,7.91847612708807,,,,,,,,,,,,,,,,,,,,
near_transition_good,C4,8054,2129,1933,80.54166666666667,90.79379990605918,85.82112212943477,308.7265636238114,82.95549331988181,88.76146788990825,72.29769639692853,11.238532110091743,0.37773335015985493,104.4910270454214,0,3000.0,51.807999999999836,6.259027777777779,72.04042964786038,54.34920619635078,17.691223451509593,75.44264583375505,19.276422580278442,5.14588235780741,49.203323838543355,77.66554545964259,2.5,5,626.9461622725283,141,62.4113475177305,65,300,nan,nan,2.7289544123211456,2.7289544123211456,0,0.0,0.0,0.0,0.0,0,0,0,286,0.7131298617459834,2.493461055055886,5.195858771912754,7.798588136211038,,,,,,,,,,,,,,,,,,,,
near_transition_good,C4,8055,2170,1852,77.16666666666667,85.34562211981567,144.69970090150773,406.23053823244925,141.41549095184232,93.42723004694835,81.53669724770643,6.572769953051644,0.3409446468596611,152.14014469310547,0,1560.0,52.623999999999825,6.366944444444449,78.38913144974106,59.00986271819953,19.379268731541526,75.27811780391202,19.314444444444494,2.781405005039824,56.2284577131597,94.04432299531447,2.5,5,912.8408681586328,77,58.44155844155844,22,156,nan,nan,2.7191525908960776,2.7191525908960776,0,0.0,0.0,0.0,0.0,0,0,0,140,0.38849481102079153,2.7749629358627965,6.449911359231918,8.010308025404811,,,,,,,,,,,,,,,,,,,,
near_transition_good,C4,8056,2190,1866,77.75,85.2054794520548,149.9204421839007,426.8652388042585,146.5684428301424,93.86792452830188,84.42808607021517,6.132075471698113,0.3384290532345005,159.79677964611216,0,1290.0,52.40599999999983,6.376805555555562,77.2898395454549,58.183062206248906,19.106777339205998,75.27905679249196,19.39853582492373,1.9456355586113643,56.23742664763753,92.775901392633,2.5,5,958.7806778766729,47,63.829787234042556,25,129,nan,nan,2.7599446680972566,2.7599446680972566,0,0.0,0.0,0.0,0.0,0,0,0,113,0.2846199586056173,2.5187606956249318,6.536242924630642,7.877660216763616,,,,,,,,,,,,,,,,,,,,
near_transition_good,C5,8007,2157,1773,73.875,82.19749652294854,129.62184961817272,441.79494423873547,126.75370825104756,85.33007334963325,69.79405034324942,14.66992665036675,0.34359354890957755,207.74247054622927,0,3150.0,52.44999999999981,6.338611111111118,78.03727757789586,58.69624871952226,19.341028858373598,75.21565403269275,19.268843227508707,5.931367238496557,52.76488148102571,94.2605373209202,2.5,5,1246.4548232773755,156,19.230769230769234,54,315,nan,nan,2.7799599198396794,2.7799599198396794,0,0.0,0.0,0.0,0.8932411991991103,300,0,0,,,,,,300,0.8932411991991103,0.0029774706639970343,0.0021731520537286997,0.006056863255798817,0.009269047062844038,2.977470663997034,6.056863255798817,9.269047062844038,30.0,149.15333333333334,30.0,0.0,26.73,0,0,0,0.0,25.12640046988396,7.685229647102033
near_transition_good,C5,8008,2130,1879,78.29166666666667,88.21596244131456,100.53025641871935,327.90404206214754,97.54980387809837,92.5,74.0828402366864,7.5,0.3641478501471285,126.58372949020918,0,2350.0,51.57799999999983,6.244305555555561,75.38083961462043,56.84921467233452,18.531624942285916,75.41600088692616,19.31444444444447,4.09453243619956,52.75468223613495,85.67795657838951,2.5,5,759.5023769412552,115,14.782608695652174,55,235,nan,nan,2.783403169976317,2.783403169976317,0,0.0,0.0,0.0,0.7934538132976741,220,0,0,,,,,,220,0.7934538132976741,0.0036066082422621546,0.0027182999765500426,0.007313043542671946,0.009564551059156656,3.606608242262155,7.313043542671946,9.564551059156656,30.818181818181817,152.5909090909091,30.818181818181817,0.0,26.9,0,0,0,0.0,38.35081919667394,11.331013438897674
near_transition_good,C5,8009,2125,1884,78.5,88.65882352941176,111.98478615141997,376.95124525200407,108.96710754792315,86.98795180722891,74.50292397660819,13.012048192771083,0.3794476900444436,137.37523164132747,0,2700.0,51.327999999999825,6.220694444444454,72.0810279129063,54.418545083388466,17.662482829517817,75.49634995375071,19.333365635443613,5.1509609495248885,49.267584133863586,77.1924970844449,2.5,5,824.2513898479649,150,25.333333333333336,62,270,nan,nan,2.810762149298597,2.810762149298597,0,0.0,0.0,0.0,1.1551551199518144,256,0,0,,,,,,256,1.1551551199518144,0.004512324687311775,0.005170022137463093,0.007409213052596897,0.008400179911404848,4.512324687311775,7.409213052596897,8.400179911404848,32.109375,157.73046875,32.109375,0.0,26.98046875,0,0,0,0.0,62.799851301240764,16.57578168374811
near_transition_good,C5,8010,2174,1706,71.08333333333333,78.47286108555657,192.74413816720454,606.8327555222507,189.78294063504052,91.72413793103449,71.07533064979874,8.275862068965518,0.33858578684212426,249.7320802938417,0,2120.0,52.01599999999983,6.329722222222229,74.27829324445422,55.800693496472995,18.47759974798121,75.12382293549697,19.360555555555617,3.0712329305735624,52.72946056589944,94.90408345028096,2.5,5,1498.3924817630502,64,25.0,46,212,nan,nan,2.785398207582679,2.785398207582679,0,0.0,0.0,0.0,0.49692372349090874,197,0,0,,,,,,197,0.49692372349090874,0.00252245544919243,0.0015580009203404188,0.0056210161652415986,0.007379364920780063,2.5224554491924303,5.621016165241598,7.379364920780063,23.223350253807105,119.33502538071066,23.223350253807105,0.0,21.6497461928934,0,0,0,0.0,12.049084006496027,4.065496917352972
near_transition_good,C5,8011,2099,1819,75.79166666666667,86.66031443544546,89.65668089734369,341.03523842858533,86.95295732599968,85.33916849015317,65.89524969549329,14.660831509846828,0.38340955660911297,163.81120558666046,0,2940.0,51.01199999999982,6.1662500000000025,68.16913097718053,51.32716020540975,16.84197077177078,75.29384557152622,19.410555555555575,5.604998093974324,45.72216211143542,78.42648825675442,2.5,5,982.867233519963,128,25.0,61,294,nan,nan,2.8170718661522334,2.8170718661522334,0,0.0,0.0,0.0,0.6594664305448532,281,0,0,,,,,,281,0.6594664305448532,0.00234685562471478,0.0018055019900202751,0.005267971893772483,0.007240397157147527,2.34685562471478,5.267971893772483,7.240397157147527,27.544483985765126,137.83985765124555,27.544483985765126,0.0,24.06761565836299,0,0,0,0.0,1.9778304020238857,0.7020598088654183
near_transition_good,C5,8012,2175,1930,80.41666666666667,88.73563218390804,88.40529296593893,316.3898476808238,85.5781446541145,87.69574944071589,71.35416666666667,12.304250559284116,0.36268684997487427,102.1961978244342,0,3540.0,52.551999999999815,6.368194444444449,73.72929217099842,55.53295014565523,18.196342025343192,75.32006412981575,19.32650422698245,6.251262260285493,49.28168788536974,80.30455668174208,2.5,5,613.1771869466052,160,8.125,74,354,nan,nan,2.798314275610044,2.798314275610044,0,0.0,0.0,0.0,0.9636253546923399,340,0,0,,,,,,340,0.9636253546923399,0.002834192219683353,0.001837359624914825,0.006299014168325813,0.007663530996069312,2.8341922196833527,6.2990141683258125,7.663530996069312,27.397058823529413,137.56176470588235,27.397058823529413,0.0,24.86470588235294,0,0,0,0.0,37.614941803379786,10.814468464082706
near_transition_good,C5,8013,2190,1859,77.45833333333333,84.88584474885845,138.02158585476576,402.3338570865556,135.16134870198985,86.05664488017429,71.34604274985557,13.943355119825709,0.34828912148949986,177.4586022852498,0,2970.0,53.013999999999804,6.419027777777782,76.70647306270972,57.878945050413314,18.8275280122964,75.45509881949029,19.37467204509618,5.156307614411932,52.722637436001385,86.85986043963341,2.5,5,1064.7516137114987,137,10.218978102189782,58,297,nan,nan,2.740587558094913,2.740587558094913,0,0.0,0.0,0.0,0.7676930546294898,281,0,0,,,,,,281,0.7676930546294898,0.002732003753129857,0.0018386049196124077,0.006179244956001639,0.007667304947972298,2.732003753129857,6.179244956001639,7.667304947972298,28.345195729537366,141.7473309608541,28.345195729537366,0.0,25.384341637010674,0,0,0,0.0,55.672225649302085,16.9683104733654
near_transition_good,C5,8014,2185,1874,78.08333333333333,85.76659038901602,128.4249560013473,373.1158674863533,125.54887103422445,89.86175115207374,71.84466019417476,10.138248847926267,0.35638885892544714,137.1980942540826,0,2980.0,53.2679999999998,6.430416666666674,76.60931013561867,57.778307809281436,18.83100232633723,75.41943362627676,19.42500000000006,4.995073357197154,52.78323445208428,82.69446242250946,2.5,5,823.1885655244954,137,8.75912408759124,58,298,nan,nan,2.7811453295283144,2.7811453295283144,0,0.0,0.0,0.0,0.776511752512306,283,0,0,,,,,,283,0.776511752512306,0.0027438577827289964,0.0018061399459838867,0.006626435322687026,0.010072814067825675,2.7438577827289965,6.626435322687026,10.072814067825675,27.773851590106005,139.36749116607774,27.773851590106005,0.0,25.219081272084807,0,0,0,0.0,39.73973924591261,11.711995144113143
near_transition_good,C5,8015,2167,1732,72.16666666666667,79.92616520535303,172.87617772757352,494.09885112040354,170.30629815715554,84.02777777777779,63.40057636887608,15.972222222222221,0.34287763678146743,224.01053144038693,0,4430.0,52.88599999999981,6.381388888888895,75.91030404535185,56.95501995155608,18.955284093795775,75.02936612864688,19.32500000000005,7.735446999163474,49.2195729523926,93.30119570889737,2.5,5,1344.0631886423216,194,7.216494845360824,97,443,nan,nan,2.7897893689476856,2.7897893689476856,0,0.0,0.0,0.0,1.2784418258816004,429,0,0,,,,,,429,1.2784418258816004,0.0029800508761808867,0.0018573061097413301,0.006393135851249095,0.00889704586006701,2.980050876180887,6.393135851249095,8.89704586006701,27.622377622377623,138.4055944055944,27.622377622377623,0.0,24.762237762237763,0,0,0,0.0,57.946849578217055,17.379052638207064
near_transition_good,C5,8016,2230,1751,72.95833333333333,78.5201793721973,140.3998905937017,469.73074855381105,137.43157368305475,88.30275229357798,73.8015607580825,11.697247706422019,0.3346619124342418,207.59333973685514,0,3120.0,53.819999999999794,6.525000000000005,73.15493961863768,54.94552910466888,18.209410513968812,75.10843340327276,19.385555555555573,5.713055972308471,49.2324731323604,89.4806303172327,2.5,5,1245.560038421131,149,11.409395973154362,73,312,nan,nan,2.7953087382819333,2.7953087382819333,0,0.0,0.0,0.0,1.0433037825860083,297,0,0,,,,,,297,1.0433037825860083,0.0035128073487744388,0.0022316889371722937,0.007374988123774528,0.013117111986503005,3.5128073487744387,7.374988123774528,13.117111986503005,28.535353535353536,142.53535353535352,28.535353535353536,0.0,25.134680134680135,0,0,0,0.0,28.65039012210886,8.329813598076354
near_transition_good,C5,8017,2192,1939,80.79166666666667,88.4580291970803,100.88623613125868,391.60344278586757,97.78692509490676,91.66666666666666,77.34553775743707,8.333333333333332,0.34229831692763796,101.23051536262173,0,1950.0,53.04199999999983,6.423472222222227,78.8540048072998,59.36451973480544,19.48948507249435,75.2840897299738,19.339444444444524,3.1003145075464573,56.26420522725898,90.17656539897278,2.5,5,607.3830921757304,88,5.681818181818182,44,195,nan,nan,2.759586211529204,2.759586211529204,0,0.0,0.0,0.0,0.4134976826608181,179,0,0,,,,,,179,0.4134976826608181,0.0023100429198928385,0.0017616800032556057,0.005689835036173462,0.0067089819349348545,2.3100429198928385,5.689835036173462,6.7089819349348545,27.48603351955307,138.47486033519553,27.48603351955307,0.0,25.1731843575419,0,0,0,0.0,2.772510074687497,0.9461943132839937
near_transition_good,C5,8018,2148,1853,77.20833333333333,86.26629422718808,132.12451390838476,443.899998538922,129.10879479705494,88.83495145631069,76.5552995391705,11.165048543689322,0.32536511503143123,180.6779385617339,0,2600.0,52.387999999999835,6.323055555555559,85.14264456974432,63.99300757216316,21.149636997581172,75.15976030054304,19.25247058383431,4.192365862062139,59.80064171010101,106.44759764780794,2.5,5,1084.0676313704034,111,23.423423423423422,59,260,nan,nan,2.803607214428858,2.803607214428858,0,0.0,0.0,0.0,0.6709428015165031,243,0,0,,,,,,243,0.6709428015165031,0.002761081487722235,0.0017801818903535604,0.0065055762883275735,0.010214159032329917,2.761081487722235,6.505576288327574,10.214159032329917,27.28395061728395,136.9917695473251,27.28395061728395,0.0,24.57201646090535,0,0,0,0.0,47.55987346267814,12.077373849546543
near_transition_good,C5,8019,2214,1810,75.41666666666667,81.75248419150859,135.29995279466027,381.286254275434,132.14682214392784,92.10526315789474,78.4521158129176,7.894736842105263,0.3369687841078413,172.59072444797667,0,2040.0,53.79599999999983,6.503333333333337,74.70264362911065,56.18756093492764,18.515082694183008,75.21495653338843,19.354713438263403,3.432158171102849,52.75540276382479,90.31872953529523,2.5,5,1035.5443466878598,83,12.048192771084338,47,204,nan,nan,2.8265101631835106,2.8265101631835106,0,0.0,0.0,0.0,0.4286199964117259,189,0,0,,,,,,189,0.4286199964117259,0.0022678306688451106,0.0016603460535407066,0.005510572623461485,0.007526585133746266,2.2678306688451104,5.510572623461485,7.526585133746266,26.428571428571427,133.65608465608466,26.428571428571427,0.0,24.38095238095238,0,0,0,0.0,4.028998962477081,1.435670889789973
near_transition_good,C5,8020,2150,1733,72.20833333333333,80.6046511627907,140.0298652869506,517.3970428606342,137.34494462751445,87.64044943820225,66.158357771261,12.359550561797752,0.3504051155480213,192.13153238671794,0,4000.0,52.3879999999998,6.325555555555562,75.22851246020784,56.57140113156605,18.65711132864179,75.1994147983313,19.410555555555568,7.36757086755872,49.20383026400734,91.14581956007608,2.5,5,1152.7891943203076,188,19.148936170212767,91,400,nan,nan,2.849730549181264,2.849730549181264,0,0.0,0.0,0.0,1.2267666216939688,386,0,0,,,,,,386,1.2267666216939688,0.0031781518696734944,0.002112841117195785,0.006909359653946012,0.008384309941902757,3.1781518696734943,6.909359653946012,8.384309941902757,29.49481865284974,146.72797927461139,29.49481865284974,0.0,26.427461139896373,0,0,0,0.0,52.73736043936585,15.158300023736096
near_transition_good,C5,8021,2088,1769,73.70833333333333,84.72222222222221,149.42691987554116,472.6132825371849,146.50458022809295,88.9168765743073,72.61975162625664,11.083123425692696,0.35412502089193376,189.37918514689449,0,2640.0,50.48399999999985,6.115833333333341,76.28488830119218,57.257281916456755,19.02760638473542,75.05717474526594,19.410555555555618,4.525167383344876,52.73211453311189,97.52498746483973,2.5,5,1136.275110881367,112,19.642857142857142,53,264,nan,nan,2.8244199241857206,2.8244199241857206,0,0.0,0.0,0.0,0.7883309544995427,249,0,0,,,,,,249,0.7883309544995427,0.003165987769074469,0.0022632679902017117,0.006417465675622225,0.009862940991297364,3.165987769074469,6.417465675622225,9.862940991297364,28.132530120481928,141.0562248995984,28.132530120481928,0.0,25.646586345381525,0,0,0,0.0,57.32302758473305,17.4654120023785
near_transition_good,C5,8022,2112,1736,72.33333333333333,82.1969696969697,142.8806771324497,500.9631402628038,140.30641010145078,82.44803695150115,63.54973198332341,17.551963048498845,0.3720470932438389,190.5764023266861,0,4480.0,51.59199999999978,6.222777777777786,72.44886552884739,54.5488462201077,17.900019308739687,75.2928921963418,19.410555555555607,8.813385836858716,45.73546038324898,83.43841072036336,2.5,5,1143.4584139601166,213,29.577464788732392,90,448,nan,nan,2.79708382281805,2.79708382281805,0,0.0,0.0,0.0,1.8487290674820542,434,0,0,,,,,,434,1.8487290674820542,0.0042597443951199404,0.0049309065798297524,0.00710260513005778,0.010115985991433263,4.259744395119941,7.10260513005778,10.115985991433263,29.65437788018433,146.76958525345623,29.65437788018433,0.0,24.746543778801843,0,0,0,0.0,216.67191122582133,53.893634214094696
near_transition_good,C5,8023,2174,1848,77.0,85.00459981600737,141.56468849305722,453.177298231303,138.61959927468223,88.93805309734513,73.40301974448316,11.061946902654867,0.35356578251816395,157.3245649394727,0,2350.0,52.7619999999998,6.38152777777778,75.31191356011907,56.74080504471563,18.571108515403438,75.34107468856342,19.26444444444447,3.961293087560807,52.779511957154824,85.91608604465725,2.5,5,943.9473896368364,94,12.76595744680851,46,235,nan,nan,2.8481690654035345,2.8481690654035345,0,0.0,0.0,0.0,0.5380356726236641,219,0,0,,,,,,219,0.5380356726236641,0.0024567838932587406,0.0017426582053303719,0.005816696817055345,0.007393050007522106,2.4567838932587405,5.816696817055345,7.393050007522106,26.643835616438356,134.9543378995434,26.643835616438356,0.0,24.34246575342466,0,0,0,0.0,27.364388314987032,9.518316307727787
near_transition_good,C5,8024,2145,1730,72.08333333333333,80.65268065268066,153.09889311038287,453.8831951588249,150.23748953821928,88.03827751196172,71.22177185871453,11.961722488038278,0.3460151226397385,238.11559298308455,0,3360.0,51.97199999999982,6.290416666666669,77.93531882379223,58.56256291427745,19.372755909514776,75.14252048764234,19.521111111111157,5.8943696700532,52.668193244224256,94.47425974949022,2.5,5,1428.6935578985072,131,21.374045801526716,68,336,nan,nan,2.8211001442136614,2.8211001442136614,0,0.0,0.0,0.0,0.7762401113286614,321,0,0,,,,,,321,0.7762401113286614,0.0024181934932357052,0.0015400031115859747,0.005837970180436969,0.00846704700961709,2.418193493235705,5.837970180436969,8.46704700961709,26.30841121495327,132.71028037383178,26.30841121495327,0.0,23.90031152647975,0,0,0,0.0,9.760918730133389,3.1090597852347646
near_transition_good,C5,8025,2122,1939,80.79166666666667,91.3760603204524,110.73284354488999,351.42178803088643,107.5203665284743,94.13145539906104,82.42924528301887,5.868544600938967,0.37046529416437135,118.33233675488846,0,1390.0,51.46599999999984,6.226527777777781,77.47497711684805,58.47585326453601,18.999123852312046,75.47708362190609,19.25388888888894,2.2148906765747918,56.26096258796122,82.99860127915495,2.5,5,709.9940205293309,56,10.714285714285714,29,139,nan,nan,2.780634439610929,2.780634439610929,0,0.0,0.0,0.0,0.3914453412871808,123,0,0,,,,,,123,0.3914453412871808,0.0031824824494892747,0.0022723821457475424,0.0063326185336336485,0.007472018012776971,3.182482449489275,6.3326185336336485,7.472018012776971,25.853658536585368,131.0081300813008,25.853658536585368,0.0,24.276422764227643,0,0,0,0.0,5.627142180326402,2.046083177730344
near_transition_good,C5,8026,2127,1951,81.29166666666667,91.72543488481429,79.13593710784231,282.1747945463108,76.15668273352345,89.24485125858124,76.56804733727812,10.755148741418765,0.37258382933454165,96.47481719016965,0,2460.0,51.431999999999825,6.23041666666667,75.49521233132262,56.9709543003845,18.52425803093812,75.46300293899235,19.287594563601544,4.270850078658674,52.70010422172582,81.03303573260834,2.5,5,578.8489031410178,100,12.0,49,246,nan,nan,2.803711318741379,2.803711318741379,0,0.0,0.0,0.0,0.6255570279899985,230,0,0,,,,,,230,0.6255570279899985,0.0027198131651739064,0.001787696499377489,0.00591690654400736,0.007193978875875473,2.7198131651739064,5.91690654400736,7.193978875875473,26.67391304347826,134.5608695652174,26.67391304347826,0.0,24.421739130434784,0,0,0,0.0,9.727398929656042,3.125076686835107
near_transition_good,C5,8027,2121,1797,74.875,84.72418670438473,154.79480434501204,454.7905529802259,151.7623319167323,90.625,75.366568914956,9.375,0.35573500909841704,171.10840618001762,0,2410.0,51.89399999999982,6.255000000000004,76.10433131683844,57.24378482205913,18.86054649477932,75.21751236961947,19.350000000000055,4.518324139656763,52.725460682402364,91.97566120761643,2.5,5,1026.6504370801058,118,27.966101694915253,43,241,nan,nan,2.80176281767074,2.80176281767074,0,0.0,0.0,0.0,0.7635490498505533,221,0,0,,,,,,221,0.7635490498505533,0.0034549730762468474,0.0026674349792301655,0.00638462183997035,0.008181469049304724,3.4549730762468474,6.38462183997035,8.181469049304724,29.660633484162897,147.13122171945702,29.660633484162897,0.0,25.760180995475114,0,0,0,0.0,82.82938052830521,20.98086043735814
near_transition_good,C5,8028,2166,1815,75.625,83.79501385041551,124.0999688013528,397.01053983495694,121.33841993215852,84.59715639810426,66.74311926605505,15.402843601895736,0.35677427008852963,164.53086765130476,0,3800.0,52.655999999999814,6.364166666666675,74.8676377461462,56.48049727181582,18.387140474330373,75.440469303071,19.40683737793306,7.242401386078651,49.238095885737174,85.10210461354887,2.5,5,987.1852059078287,181,23.204419889502763,71,380,nan,nan,2.75114162751733,2.75114162751733,0,0.0,0.0,0.0,1.0382278761826456,366,0,0,,,,,,366,1.0382278761826456,0.002836688186291381,0.0018537109717726707,0.006301266315858811,0.00943419011309743,2.836688186291381,6.301266315858811,9.43419011309743,28.852459016393443,143.4672131147541,28.852459016393443,0.0,24.784153005464482,0,0,0,0.0,65.11762001944096,18.513669586774725
near_transition_good,C5,8029,2080,1736,72.33333333333333,83.46153846153847,152.58272869985385,488.5239407678404,149.99404737637497,82.76643990929705,65.34472239170226,17.233560090702948,0.3489029034515771,217.29600290987315,0,4110.0,50.9379999999998,6.137361111111116,75.75122286463801,56.80448814774371,18.946734716894305,74.98821273057102,19.346060591446566,7.572244937792901,49.23224320995081,101.76936904016485,2.5,5,1303.776017459239,175,19.428571428571427,85,411,nan,nan,2.78910970555721,2.78910970555721,0,0.0,0.0,0.0,1.1859934511594474,397,0,0,,,,,,397,1.1859934511594474,0.0029873890457416813,0.0018202329520136118,0.0064085354562848805,0.008247884921729565,2.9873890457416814,6.408535456284881,8.247884921729565,27.052896725440807,135.92443324937028,27.052896725440807,0.0,24.047858942065492,0,0,0,0.0,70.05359789333811,21.83974106653017
near_transition_good,C5,8030,2182,1746,72.75,80.01833180568286,187.18701825286868,457.83289945160607,184.17413350578553,89.71553610503283,76.81159420289855,10.284463894967178,0.3174767598076647,217.70269697478943,0,2060.0,52.54399999999984,6.376388888888893,79.91836139298726,59.91287514301561,20.00548624997164,74.96759705620401,19.281518421742575,3.5995412455207605,56.31333389749484,106.45838855984564,2.5,5,1306.2161818487366,86,16.27906976744186,38,206,nan,nan,2.78223816053159,2.78223816053159,0,0.0,0.0,0.0,0.5260174327995628,190,0,0,,,,,,190,0.5260174327995628,0.0027685128042082255,0.0018401694251224399,0.005730464053340256,0.0066542120184749365,2.7685128042082257,5.730464053340256,6.6542120184749365,27.789473684210527,138.90526315789472,27.789473684210527,0.0,24.068421052631578,0,0,0,0.0,1.1410253411267761,0.5270627749058312
near_transition_good,C5,8031,2117,1744,72.66666666666667,82.38072744449693,147.328714242219,466.04318907744545,144.15861728504746,91.70506912442397,80.27332144979204,8.294930875576037,0.3505713156760549,197.6635299074479,0,2110.0,51.30599999999984,6.209166666666672,74.83318812833943,56.191390819022836,18.641797309316598,75.08886394450309,19.300000000000033,3.428382495820009,52.763008323202826,95.62943281658931,2.5,5,1185.9811794446873,98,16.3265306122449,45,211,nan,nan,2.7465747822174964,2.7465747822174964,0,0.0,0.0,0.0,0.41779079381376505,196,0,0,,,,,,196,0.41779079381376505,0.002131585682723291,0.0017523940186947584,0.005110541824251413,0.007516311947256327,2.131585682723291,5.110541824251413,7.516311947256327,28.392857142857142,141.98469387755102,28.392857142857142,0.0,25.382653061224488,0,0,0,0.0,0.4018150008968708,0.14184060935334464
near_transition_good,C5,8032,2242,1907,79.45833333333333,85.05798394290812,130.6172689415478,458.35412028045977,127.33195574971181,96.34408602150538,84.86212718064154,3.655913978494624,0.31794129878469085,155.10891123164853,0,1180.0,54.251999999999825,6.5700000000000065,77.44091829305592,58.204869538104454,19.23604875495146,75.16035556014792,19.43555555555559,1.9913363353131706,56.21353320279129,97.8463318402966,2.5,5,930.6534673898913,49,4.081632653061225,23,118,nan,nan,2.8451019686431693,2.8451019686431693,0,0.0,0.0,0.0,0.31906438525766134,102,0,0,,,,,,102,0.31906438525766134,0.0031280822084084445,0.0021295039914548397,0.006649360386654733,0.008235055953264236,3.1280822084084443,6.649360386654734,8.235055953264236,31.470588235294116,156.08823529411765,31.470588235294116,0.0,27.058823529411764,0,0,0,0.0,5.516413843832563,1.9207151306802661
near_transition_good,C5,8033,2216,1983,82.625,89.485559566787,86.78421391446032,285.67203357223855,83.68525064641,91.86813186813187,79.32992617830779,8.131868131868131,0.3367560898239886,69.45970171912813,0,1740.0,53.41199999999982,6.479166666666671,78.68756436149636,59.21108414037086,19.476480221125506,75.24833767677808,19.416773431287886,2.9765232309994065,56.234560909371446,90.16856832782908,2.5,5,416.7582103147688,67,16.417910447761194,28,174,nan,nan,2.8025164252555745,2.8025164252555745,0,0.0,0.0,0.0,0.3638725189957768,158,0,0,,,,,,158,0.3638725189957768,0.002302990626555549,0.0016157805221155286,0.00572838056832552,0.008163891034200788,2.302990626555549,5.7283805683255204,8.163891034200788,27.72151898734177,139.23417721518987,27.72151898734177,0.0,24.329113924050635,0,0,0,0.0,1.5315267830490522,0.5913694008336219
near_transition_good,C5,8034,2101,1733,72.20833333333333,82.48453117563065,142.81997085099067,470.38218579935625,140.07125723885474,88.61985472154964,67.77251184834124,11.380145278450362,0.34892924251756713,206.61428874978145,0,3330.0,51.29399999999983,6.188333333333341,72.94485267132008,54.68861462142912,18.25623804989096,74.9725479162304,19.330573911618817,5.475403467335205,49.21321115409391,98.83689893390415,2.5,5,1239.6857324986888,136,5.88235294117647,80,333,nan,nan,2.7261230925801447,2.7261230925801447,0,0.0,0.0,0.0,0.9798876203130931,308,0,0,,,,,,308,0.9798876203130931,0.0031814533127048476,0.002197572495788336,0.006281400355510413,0.009117375826463103,3.1814533127048477,6.281400355510413,9.117375826463103,26.73701298701299,134.57792207792207,26.73701298701299,0.0,24.285714285714285,0,0,0,0.0,71.50321620449104,20.643588130163447
near_transition_good,C5,8035,2121,1764,73.5,83.16831683168317,169.74674678396485,528.4415223235559,166.5754811452219,92.71844660194175,79.28613224107666,7.281553398058252,0.3505722215493625,199.81904317957162,0,2010.0,51.31799999999984,6.215000000000005,79.18516009502767,59.58126713600747,19.603892959020218,75.24297111290275,19.330661587817456,3.3141188842272076,56.26714825178027,95.07333373704914,2.5,5,1198.9142590774302,87,37.93103448275862,46,201,nan,nan,2.777717597356876,2.777717597356876,0,0.0,0.0,0.0,0.6452180615160614,185,0,0,,,,,,185,0.6452180615160614,0.0034876651973841156,0.0027163010090589523,0.006828524451702833,0.008739084005355835,3.4876651973841155,6.828524451702833,8.739084005355835,27.972972972972972,139.85945945945946,27.972972972972972,0.0,24.778378378378378,0,0,0,0.0,38.07567020615873,10.674491450621076
near_transition_good,C5,8036,2213,1740,72.5,78.62629914143696,190.7785969510931,538.5662120084262,187.88446070772423,88.66213151927438,71.3882618510158,11.337868480725625,0.31817804906663694,259.68527418990504,0,2750.0,53.7099999999998,6.496111111111117,76.0233448306756,57.03008300388213,18.99326182679347,75.01654015737329,19.33555555555559,4.300578301004964,52.729504702877165,101.73205944890668,2.5,5,1558.1116451394303,106,14.150943396226415,70,275,nan,nan,2.805904115924156,2.805904115924156,0,0.0,0.0,0.0,0.644487394252792,259,0,0,,,,,,259,0.644487394252792,0.0024883683175783477,0.0016946389805525541,0.006006742082536221,0.007643016986548901,2.4883683175783475,6.0067420825362206,7.643016986548901,26.003861003861005,131.54054054054055,26.003861003861005,0.0,24.046332046332047,0,0,0,0.0,18.764601246556282,6.062572761175285
near_transition_good,C5,8037,2103,1752,73.0,83.3095577746077,146.37459597043357,504.47159078421674,143.4869635644576,86.88118811881188,71.6892289582107,13.118811881188119,0.3566597693811635,187.76054513312386,0,3230.0,50.9459999999998,6.166666666666671,73.49610469458277,55.23341041084398,18.262694283738796,75.1514799870953,19.446111111111144,6.018984845342927,49.21442556550106,93.92080503796853,2.5,5,1126.5632707987431,158,9.49367088607595,64,323,nan,nan,2.8237251201431994,2.8237251201431994,0,0.0,0.0,0.0,0.7705805560108274,309,0,0,,,,,,309,0.7705805560108274,0.0024937882071547814,0.0017714288551360369,0.006011427100747822,0.00797976995818317,2.4937882071547812,6.011427100747822,7.979769958183169,29.466019417475728,146.44660194174756,29.466019417475728,0.0,25.449838187702266,0,0,0,0.0,21.46563837451737,6.443805232185763
near_transition_good,C5,8038,2142,1780,74.16666666666667,83.0999066293184,145.08677943725115,489.42490024667256,142.1744861273806,85.8108108108108,73.96937573616017,14.18918918918919,0.349082102345407,184.8688912920275,0,3060.0,51.75999999999982,6.271944444444448,77.61890824687575,58.47329843776055,19.1456098091152,75.33383264265916,19.46055555555562,5.779215891150573,52.69408254660998,93.0507385927558,2.5,5,1109.213347752165,128,19.53125,60,306,nan,nan,2.78059211205917,2.78059211205917,0,0.0,0.0,0.0,0.9431083770468831,291,0,0,,,,,,291,0.9431083770468831,0.003240922257893069,0.002113380003720522,0.00708719645626843,0.011545727960765362,3.240922257893069,7.08719645626843,11.545727960765362,27.010309278350515,135.5257731958763,27.010309278350515,0.0,23.532646048109967,0,0,0,0.0,26.633813968226683,7.660092905606628
near_transition_good,C5,8039,2168,1848,77.0,85.23985239852398,111.4046645249601,331.50273628033443,108.21196646204292,93.20594479830149,82.734236888627,6.794055201698514,0.3582477157521257,167.95723581212152,0,1440.0,52.31599999999981,6.343055555555562,73.5367790459987,55.40366256901698,18.13311647698172,75.34143225713068,19.264444444444443,2.632560759154696,52.77110180986229,83.94025943761345,2.5,5,1007.7434148727292,70,14.285714285714285,32,144,nan,nan,2.838654052290628,2.838654052290628,0,0.0,0.0,0.0,0.2944521876052022,129,0,0,,,,,,129,0.2944521876052022,0.002282575097714746,0.0017809721175581217,0.005581192718818784,0.007598364958539605,2.2825750977147456,5.581192718818784,7.598364958539605,31.74418604651163,156.15503875968992,31.74418604651163,0.0,26.4031007751938,0,0,0,0.0,2.3662556320798607,0.8673013726673605
near_transition_good,C5,8040,2159,1781,74.20833333333333,82.4918943955535,158.55185934350936,393.77556796920106,155.3771739782224,93.03370786516854,79.87164527421237,6.96629213483146,0.35241446596972703,198.1767028975983,0,1630.0,51.97399999999983,6.30805555555556,73.66981310386677,55.46886364816135,18.200949455705423,75.29388403626874,19.409102141946846,2.774794245097458,52.694069403063914,88.69020930705264,2.5,5,1189.0602173855898,66,21.21212121212121,35,163,nan,nan,2.8276823918106486,2.8276823918106486,0,0.0,0.0,0.0,0.3602951876819134,148,0,0,,,,,,148,0.3602951876819134,0.002434426943796712,0.0017568805487826467,0.005794270348269494,0.007126629119738936,2.434426943796712,5.794270348269494,7.126629119738936,27.364864864864863,137.32432432432432,27.364864864864863,0.0,24.56756756756757,0,0,0,0.0,5.620265924974703,1.7264753614297152
near_transition_good,C5,8041,2106,1846,76.91666666666667,87.65432098765432,99.66783545795234,380.6361012446675,97.02643257084608,81.14035087719299,66.06060606060606,18.859649122807017,0.3872411693914435,137.6720273381728,0,3740.0,50.9679999999998,6.171944444444449,69.64285914913283,52.528501299735396,17.114357849397432,75.42553815496167,19.323357275787952,6.803422737724227,45.72507856201117,75.15529836513389,2.5,5,826.0321640290367,185,11.891891891891893,73,374,nan,nan,2.808947534959115,2.808947534959115,0,0.0,0.0,0.0,0.9463165211491287,361,0,0,,,,,,361,0.9463165211491287,0.002621375404845232,0.0018298500217497349,0.0058566860388964415,0.008286404190585017,2.621375404845232,5.8566860388964415,8.286404190585017,30.041551246537395,148.97783933518005,30.041551246537395,0.0,26.24376731301939,0,0,0,0.0,40.8918027120461,11.610051125878611
near_transition_good,C5,8042,2156,1733,72.20833333333333,80.38033395176252,137.16339773912136,391.05760570419784,134.40915852113505,85.24590163934427,69.05725853094273,14.754098360655737,0.3570533821760095,187.46488727497749,0,3840.0,52.607999999999834,6.34833333333334,74.89681918879262,56.401291517440775,18.49552767135185,75.30532288062845,19.529036644913347,7.248962112903736,49.152329404537035,86.32352624994982,2.5,5,1124.7893236498649,190,17.894736842105264,80,384,nan,nan,2.724096842333316,2.724096842333316,0,0.0,0.0,0.0,1.0919527532532811,369,0,0,,,,,,369,1.0919527532532811,0.002959221553531927,0.0018462480511516333,0.006496647140011179,0.008528724778443575,2.959221553531927,6.496647140011179,8.528724778443575,29.91869918699187,148.1138211382114,29.91869918699187,0.0,25.146341463414632,0,0,0,0.0,45.366736140831655,10.739289430791679
near_transition_good,C5,8043,2098,1880,78.33333333333333,89.60915157292659,89.4716653958862,341.58547350808345,86.74743004206891,83.73205741626795,66.96428571428572,16.267942583732058,0.3885074342941944,111.06169324018738,0,3810.0,51.46999999999981,6.19680555555556,69.87017787503993,52.69957706498191,17.170600810058026,75.424993420273,19.45000000000005,7.0274990585447785,45.67207800643713,75.50665053459447,2.5,5,666.3701594411243,174,12.643678160919542,78,381,nan,nan,2.776313496558334,2.776313496558334,0,0.0,0.0,0.0,1.0220211907289922,368,0,0,,,,,,368,1.0220211907289922,0.0027772314965461746,0.0017913245828822255,0.006799531972501427,0.009520639898255467,2.777231496546175,6.799531972501427,9.520639898255467,28.28804347826087,141.0298913043478,28.28804347826087,0.0,24.29891304347826,0,0,0,0.0,22.166231263037723,6.489409585370671
near_transition_good,C5,8044,2146,1738,72.41666666666667,80.9878844361603,156.68551561697717,497.82168284371204,154.00776893834123,84.84848484848484,67.99287410926365,15.151515151515152,0.3571498231234371,196.84358278059105,0,4270.0,52.209999999999766,6.308194444444453,76.53431911895345,57.64742078420506,18.886898334748388,75.32231480965626,19.460555555555583,8.43702154113098,49.21039924307408,87.65455057038217,2.5,5,1181.0614966835462,209,22.966507177033492,99,427,nan,nan,2.8149228238559445,2.8149228238559445,0,0.0,0.0,0.0,1.550791741348803,413,0,0,,,,,,413,1.550791741348803,0.003754943683653276,0.003203539876267314,0.007076832978054881,0.009952218038961291,3.754943683653276,7.076832978054881,9.952218038961291,30.145278450363197,149.00726392251815,30.145278450363197,0.0,25.135593220338983,0,0,0,0.0,163.57698043988557,41.019268456889606
near_transition_good,C5,8045,2152,1818,75.75,84.47955390334573,135.8937504314385,409.76159043369483,133.0712202289105,86.5909090909091,70.73598130841121,13.40909090909091,0.3527219396363143,174.85423879193905,0,3400.0,52.287999999999805,6.321111111111117,78.0267567746763,58.74570010018279,19.281056674493513,75.28917326376532,19.32500000000004,6.007824333235078,52.7378757669477,89.47794732932252,2.5,5,1049.1254327516342,144,20.13888888888889,72,340,nan,nan,2.755819330969632,2.755819330969632,0,0.0,0.0,0.0,1.107656801585108,325,0,0,,,,,,325,1.107656801585108,0.0034081747741080246,0.0026724678464233875,0.006828675977885724,0.008849995909258723,3.4081747741080246,6.828675977885724,8.849995909258723,27.23076923076923,136.79076923076923,27.23076923076923,0.0,24.372307692307693,0,0,0,0.0,78.45849429380192,22.487653259915405
near_transition_good,C5,8046,2150,1855,77.29166666666667,86.27906976744187,135.75757850767565,363.22227308493916,132.46459145070597,96.61835748792271,81.85483870967742,3.3816425120772946,0.34004371073804096,189.44704637651677,0,930.0,52.137999999999835,6.308194444444448,80.9495471018144,60.861052115994504,20.088494985819892,75.18393159068133,19.253888888888916,1.0862895379058946,59.77476257808862,97.36266244606432,2.5,5,1136.6822782591005,32,3.125,21,93,nan,nan,2.713796013078789,2.713796013078789,0,0.0,0.0,0.0,0.17832141229882836,76,0,0,,,,,,76,0.17832141229882836,0.0023463343723530046,0.0016446791123598814,0.005707025469746441,0.0067700359504669905,2.3463343723530046,5.707025469746441,6.7700359504669905,27.236842105263158,138.07894736842104,27.236842105263158,0.0,26.013157894736842,0,0,0,0.0,1.508629936726933,0.6017661008562705
near_transition_good,C5,8047,2194,1810,75.41666666666667,82.49772105742935,150.42828613062497,413.8043135900854,147.37404977842365,88.08988764044943,77.87307032590051,11.910112359550562,0.33078595425448315,199.9511977004846,0,2690.0,52.62599999999982,6.397083333333336,75.79142382670088,56.91200962350308,18.879414203197797,75.09030276780908,19.40382977624466,4.169415718986031,52.74259390451705,96.80620522508788,2.5,5,1199.7071862029077,93,16.129032258064516,64,269,nan,nan,2.7585722626355067,2.7585722626355067,0,0.0,0.0,0.0,0.4867668419610709,254,0,0,,,,,,254,0.4867668419610709,0.0019164048896105153,0.0014998090919107199,0.005006355163641273,0.006529272999614477,1.9164048896105152,5.006355163641273,6.529272999614477,23.74015748031496,121.44881889763779,23.74015748031496,0.0,22.137795275590552,0,0,0,0.0,0.3572693015760344,0.18540510228744828
near_transition_good,C5,8048,2253,1964,81.83333333333333,87.17265867731912,119.98898798014027,338.81953821470745,116.69571103497077,94.63087248322147,80.39867109634551,5.369127516778524,0.3241395387767378,130.47109542401952,0,960.0,54.41599999999982,6.5951388888888935,81.06958290553959,61.01745649697808,20.052126408561513,75.26553648126476,19.27080258029582,1.2587896042142208,59.75866689276385,92.5996100672907,2.5,5,782.8265725441169,30,16.666666666666664,21,96,nan,nan,2.7835671342685373,2.7835671342685373,0,0.0,0.0,0.0,0.1703029703348875,79,0,0,,,,,,79,0.1703029703348875,0.002155733801707437,0.0015230609569698572,0.005426426953636109,0.006062109023332596,2.155733801707437,5.426426953636109,6.062109023332596,26.772151898734176,135.78481012658227,26.772151898734176,0.0,24.59493670886076,0,0,0,0.0,0.2245603190686543,0.103766364936207
near_transition_good,C5,8049,2127,1932,80.5,90.83215796897038,94.78183394590378,390.2932567637899,91.73055169937031,90.30732860520094,77.2300469483568,9.692671394799055,0.3640992223556603,105.64585503963627,0,2290.0,51.10599999999985,6.207777777777783,75.31526216673016,56.71273035524304,18.602531811487133,75.30044870546222,19.392309750697237,3.9753511502752468,52.737379204967795,86.12379991993716,2.5,5,633.8751302378176,109,14.678899082568808,51,229,nan,nan,2.857902721330512,2.857902721330512,0,0.0,0.0,0.0,0.5496208160184324,214,0,0,,,,,,214,0.5496208160184324,0.0025683215701795908,0.0018150965915992856,0.00618052416248247,0.007895493181422353,2.5683215701795907,6.18052416248247,7.895493181422353,30.14018691588785,150.2803738317757,30.14018691588785,0.0,27.49532710280374,0,0,0,0.0,5.768633665588827,2.0937355278541485
near_transition_good,C5,8050,2089,1861,77.54166666666667,89.08568693154619,109.99673224406625,438.3460148688489,106.68387828848417,94.6969696969697,83.93384524512699,5.303030303030303,0.36367542935207897,184.41160553234334,0,1200.0,50.55999999999984,6.122361111111116,76.64199646976817,57.725232364870735,18.916764104897442,75.31801756709294,19.339444444444457,1.498019724930475,56.22721263994026,91.65585349986375,2.5,5,1106.4696331940602,35,20.0,27,120,nan,nan,2.805071681825189,2.805071681825189,0,0.0,0.0,0.0,0.35900564095936716,103,0,0,,,,,,103,0.35900564095936716,0.0034854916597996813,0.0035243690945208073,0.0060826026834547514,0.006758400937542319,3.4854916597996812,6.082602683454751,6.758400937542319,24.174757281553397,123.80582524271844,24.174757281553397,0.0,23.16504854368932,0,0,0,0.0,4.592076850435416,1.9362742341603618
near_transition_good,C5,8051,2102,1722,71.75,81.9219790675547,164.194444613964,482.5633343831107,161.21945312313392,90.8641975308642,71.4201532115498,9.135802469135802,0.3811429308141389,215.7639639991976,0,3030.0,51.18199999999981,6.181805555555562,68.58340009814708,51.63687343634814,16.94652666179895,75.29062916456837,19.4,5.874924443017898,45.76194899333024,79.36979706707223,2.5,5,1294.583783995186,165,21.818181818181817,55,303,nan,nan,2.737295280215604,2.737295280215604,0,0.0,0.0,0.0,1.0189952731598169,289,0,0,,,,,,289,1.0189952731598169,0.003525935201245041,0.0026605708990246058,0.007216285122558473,0.008926243055611849,3.525935201245041,7.216285122558473,8.926243055611849,32.28373702422145,158.719723183391,32.28373702422145,0.0,26.176470588235293,0,0,0,0.0,50.04510590146092,11.929984167484935
near_transition_good,C5,8052,2123,1721,71.70833333333333,81.06453132359867,164.05425756957163,509.7711829733544,160.82331082901712,94.4055944055944,81.81818181818181,5.594405594405594,0.33682667551897766,219.72284194855078,0,1220.0,51.52799999999983,6.232083333333337,77.46542156222627,58.12941794458776,19.336003617638507,75.03918105950494,19.52111111111121,1.934503081124979,56.194914863462785,103.04288357750227,2.5,5,1318.3370516913046,44,13.636363636363635,24,122,nan,nan,2.836314137709381,2.836314137709381,0,0.0,0.0,0.0,0.18765787966549397,106,0,0,,,,,,106,0.18765787966549397,0.0017703573553348487,0.001498140161857009,0.0026590932393446565,0.0048237459268420935,1.7703573553348488,2.6590932393446565,4.8237459268420935,26.32075471698113,133.4056603773585,26.32075471698113,0.0,24.0,0,0,0,0.0,0.25716428436949107,0.12685118997189254
near_transition_good,C5,8053,2168,1901,79.20833333333333,87.68450184501845,100.68670825224724,325.5405237743367,97.65384841640571,93.68191721132898,76.82855471035694,6.318082788671024,0.34816718245802564,132.00438291898087,0,1930.0,52.84199999999983,6.379583333333339,74.61887446334624,56.15785981598001,18.461014647366234,75.25959111533568,19.475000000000016,3.4368383007423766,52.72102151523763,89.98857941407353,2.5,5,792.0262975138852,85,16.470588235294116,29,193,nan,nan,2.828353335885254,2.828353335885254,0,0.0,0.0,0.0,0.38170889508910477,178,0,0,,,,,,178,0.38170889508910477,0.0021444319948826112,0.0017580355051904917,0.005150171089917423,0.006791420979425311,2.1444319948826114,5.150171089917423,6.791420979425311,28.146067415730336,140.6629213483146,28.146067415730336,0.0,24.882022471910112,0,0,0,0.0,0.23899467953331716,0.14659764805577308
near_transition_good,C5,8054,2129,1860,77.5,87.36496007515265,113.58223666963242,383.1518403098496,110.70017100908238,88.76146788990825,73.24276432368578,11.238532110091743,0.3684674604542819,136.37959006161222,0,3000.0,51.80799999999983,6.25902777777778,72.22355757387656,54.36328952968411,17.86026804419245,75.27085532179247,19.42500000000002,5.145882357807411,49.2174071718767,83.22507928298643,2.5,5,818.2775403696735,141,14.184397163120568,65,300,nan,nan,2.7289544123211456,2.7289544123211456,0,0.0,0.0,0.0,0.6687201007734984,286,0,0,,,,,,286,0.6687201007734984,0.002338182170536708,0.0017127720639109612,0.005563762795645744,0.00766539596952498,2.338182170536708,5.563762795645744,7.66539596952498,28.47902097902098,141.979020979021,28.47902097902098,0.0,24.776223776223777,0,0,0,0.0,8.197408586340737,2.6380330510398062
near_transition_good,C5,8055,2170,1995,83.125,91.93548387096774,81.51241324357655,278.34853810984333,78.13427964357211,94.13145539906104,85.14908256880733,5.868544600938967,0.3577814648336301,81.39120965319539,0,1430.0,52.59799999999982,6.365138888888896,77.96871932307475,58.81825160708842,19.150467715986334,75.43826821544474,19.325,2.563582352671102,56.254669254417315,83.94223221093303,2.5,5,488.34725791917236,72,9.722222222222223,18,143,nan,nan,2.711138813059189,2.711138813059189,0,0.0,0.0,0.0,0.3508466382045299,127,0,0,,,,,,127,0.3508466382045299,0.002762571954366377,0.0018573550041764975,0.006080755381844936,0.007028466090559959,2.762571954366377,6.080755381844936,7.028466090559959,32.83464566929134,161.03149606299212,32.83464566929134,0.0,27.77952755905512,0,0,0,0.0,0.0,0.0
near_transition_good,C5,8056,2190,1883,78.45833333333333,85.98173515981735,144.38600776577093,441.38047288179735,141.04831666123425,93.86792452830188,84.20158550396376,6.132075471698113,0.34542349778963605,143.49146553283435,0,1290.0,52.40599999999983,6.376805555555562,77.37695247632806,58.25045109513779,19.126501381190256,75.28139740701,19.274949804644496,1.9456355586113643,56.304815536526434,88.5792346595517,2.5,5,860.9487931970059,47,23.404255319148938,25,129,nan,nan,2.7599446680972566,2.7599446680972566,0,0.0,0.0,0.0,0.27173269004561007,113,0,0,,,,,,113,0.27173269004561007,0.0024047140712000893,0.0017433541361242533,0.00520859700627625,0.0066006050910800695,2.404714071200089,5.20859700627625,6.6006050910800695,28.4070796460177,142.34513274336283,28.4070796460177,0.0,24.58407079646018,0,0,0,0.0,5.433191291168386,1.9260763354256256
non_binding_good,C1,8007,1786,1781,74.20833333333333,99.72004479283315,0.9563224056392738,107.93870447444375,0.45314412934754655,12.979351032448383,4.077401520387003,87.02064896755162,0.43001632806133827,4.831776343711633,0,110.0,21.453999999999958,3.722361111111101,29.427552507162623,22.148650442809267,7.2789020643533515,75.26501035863691,29.678888888888554,0.0,22.148650442809267,18.468140206887654,0,0,24.158881718558163,0,0,0,11,0.3,0.7,0.0,0.0,0.0,0.0,0.0,0.0,0.0,0,0,0,,,,,,,,,,,,,,,,,,,,,,,,,
non_binding_good,C1,8008,1761,1761,73.375,100.0,0.5902640873176687,83.4634339187333,0.25012862747465914,10.192837465564741,0.5722460658083017,89.80716253443526,0.448162977686483,0.0,0,100.0,21.15199999999997,3.670138888888879,26.7391419631611,20.150047156037548,6.589094807123553,75.35786744316088,29.678888888888554,0.0,20.150047156037548,15.667588911712567,0,0,0.0,0,0,0,10,0.3,0.7,0.0,0.0,0.0,0.0,0.0,0.0,0.0,0,0,0,,,,,,,,,,,,,,,,,,,,,,,,,
non_binding_good,C1,8009,1770,1768,73.66666666666667,99.88700564971752,0.6085035344981878,43.06695332859551,0.2188264342604189,10.285714285714286,0.7042253521126751,89.71428571428571,0.4509858657453035,0.0,0,100.0,21.25999999999997,3.6888888888888793,26.688707724151453,20.130451746086784,6.55825597806467,75.42685076456551,29.678888888888554,0.0,20.130451746086784,14.336866897007454,0,0,0.0,0,0,0,10,0.3,0.7,0.0,0.0,0.0,0.0,0.0,0.0,0.0,0,0,0,,,,,,,,,,,,,,,,,,,,,,,,,
non_binding_good,C1,8010,1833,1827,76.125,99.67266775777414,0.8746889898376519,42.20004378198161,0.30424233747596474,16.29834254143646,3.331067301155677,83.70165745856355,0.4349018298204529,0.0,0,100.0,22.01599999999994,3.820138888888879,26.6023797920953,20.135341264636935,6.467038527458367,75.69000000000001,29.67743534160857,0.0,20.135341264636935,13.982875878220092,0,0,0.0,0,0,0,10,0.3,0.7,0.0,0.0,0.0,0.0,0.0,0.0,0.0,0,0,0,,,,,,,,,,,,,,,,,,,,,,,,,
non_binding_good,C1,8011,1764,1761,73.375,99.82993197278913,2.373225691920093,83.43406390787058,1.452015958861489,19.329896907216494,12.136627906976749,80.6701030927835,0.44737560036325663,14.397215550959203,0,100.0,21.187999999999967,3.676388888888879,26.718682034219285,20.134630143673327,6.584051890545952,75.3578717613631,29.678888888888554,0.0,20.134630143673327,15.65609990918582,0,0,71.98607775479601,0,0,0,10,0.3,0.7,0.0,0.0,0.0,0.0,0.0,0.0,0.0,0,0,0,,,,,,,,,,,,,,,,,,,,,,,,,
non_binding_good,C1,8012,1784,1779,74.125,99.71973094170403,1.169727651961843,71.0553019678618,0.5078591504774327,15.000000000000002,5.769230769230771,85.0,0.440824644831787,5.626568384011867,0,110.0,21.42999999999996,3.718194444444435,29.37776392790392,22.130605359549833,7.24715856835409,75.33114301640055,29.678888888888554,0.0,22.130605359549833,15.904949903164379,0,0,28.132841920059338,0,0,0,11,0.3,0.7,0.0,0.0,0.0,0.0,0.0,0.0,0.0,0,0,0,,,,,,,,,,,,,,,,,,,,,,,,,
non_binding_good,C1,8013,1846,1840,76.66666666666667,99.67497291440954,1.0546791542449707,86.76629681364174,0.4192882089154712,13.705583756345174,4.338842975206614,86.29441624365482,0.4182778457639048,1.6869764825945943,0,100.0,22.171999999999933,3.847222222222212,26.801832374795808,20.126306933351927,6.675525441443883,75.09302592414733,29.678888888888554,0.0,20.126306933351927,17.236094114579338,0,0,8.434882412972971,0,0,0,10,0.3,0.7,0.0,0.0,0.0,0.0,0.0,0.0,0.0,0,0,0,,,,,,,,,,,,,,,,,,,,,,,,,
non_binding_good,C1,8014,1827,1824,76.0,99.83579638752053,0.6315909726986324,43.3438589906337,0.2194049166701022,9.065155807365443,0.6105834464043447,90.93484419263456,0.43518889029781105,0.0,0,100.0,21.943999999999942,3.8076388888888792,26.671541128188544,20.117473432740717,6.554067695447826,75.42673794533387,29.678888888888554,0.0,20.117473432740717,14.327777425547222,0,0,0.0,0,0,0,10,0.3,0.7,0.0,0.0,0.0,0.0,0.0,0.0,0.0,0,0,0,,,,,,,,,,,,,,,,,,,,,,,,,
non_binding_good,C1,8015,1824,1817,75.70833333333333,99.61622807017544,0.704023646714318,83.21576614710685,0.2486788685866857,8.70786516853933,0.8855585831062718,91.29213483146067,0.4300506752525092,0.0,0,100.0,21.907999999999948,3.801388888888879,26.746285597043105,20.12064619191296,6.625639405130143,75.22781478912111,29.678888888888554,0.0,20.12064619191296,15.820664520206051,0,0,0.0,0,0,0,10,0.3,0.7,0.0,0.0,0.0,0.0,0.0,0.0,0.0,0,0,0,,,,,,,,,,,,,,,,,,,,,,,,,
non_binding_good,C1,8016,1853,1848,77.0,99.7301672962763,0.9623917484743456,83.6531166436153,0.3015489538135948,14.016172506738545,3.0364372469635637,85.98382749326146,0.42229019969425163,5.690455746345033,0,100.0,22.25599999999993,3.8618055555555455,26.73694941837828,20.130711431372944,6.60623798700534,75.29172874724301,29.678888888888554,0.0,20.130711431372944,15.746894520881526,0,0,28.452278731725166,0,0,0,10,0.3,0.7,0.0,0.0,0.0,0.0,0.0,0.0,0.0,0,0,0,,,,,,,,,,,,,,,,,,,,,,,,,
non_binding_good,C1,8017,1805,1800,75.0,99.7229916897507,0.6161682043416499,46.62648575074733,0.2276875637564672,10.187667560321712,0.6284916201117263,89.81233243967829,0.44093630575867937,0.0,0,100.0,21.67999999999995,3.761805555555546,26.696744494928396,20.118873135492393,6.5778713594360045,75.36077344304806,29.678888888888554,0.0,20.118873135492393,14.418701338107924,0,0,0.0,0,0,0,10,0.3,0.7,0.0,0.0,0.0,0.0,0.0,0.0,0.0,0,0,0,,,,,,,,,,,,,,,,,,,,,,,,,
non_binding_good,C1,8018,1745,1742,72.58333333333333,99.82808022922636,0.6299711638535987,83.2887519729485,0.2557423464682204,6.528189910979232,1.1363636363636354,93.47181008902076,0.4519585616439749,1.7863633189251413,0,100.0,20.95999999999998,3.6368055555555463,26.760154387245095,20.13096631847434,6.6291880687707545,75.22739229064209,29.678888888888544,0.0,20.13096631847434,15.829804033450719,0,0,8.931816594625706,0,0,0,10,0.3,0.7,0.0,0.0,0.0,0.0,0.0,0.0,0.0,0,0,0,,,,,,,,,,,,,,,,,,,,,,,,,
non_binding_good,C1,8019,1811,1808,75.33333333333333,99.83434566537824,0.7448107962057207,84.98711247287416,0.285506796508871,12.647058823529411,1.2236573759347391,87.3529411764706,0.4276383583164239,1.0404503387093185,0,100.0,21.75199999999995,3.7743055555555456,26.82442679889613,20.12587250462507,6.698554294271059,75.02815495559176,29.678888888888554,0.0,20.12587250462507,17.32652153200513,0,0,5.202251693546592,0,0,0,10,0.3,0.7,0.0,0.0,0.0,0.0,0.0,0.0,0.0,0,0,0,,,,,,,,,,,,,,,,,,,,,,,,,
non_binding_good,C1,8020,1742,1735,72.29166666666667,99.59816303099885,0.5403155732125754,83.6531166436153,0.24765534232165937,5.042016806722693,0.43321299638988675,94.9579831932773,0.45279429295983353,0.0,0,100.0,20.923999999999978,3.6305555555555458,26.747835902661873,20.12152241364032,6.626313489021548,75.22673044228554,29.678888888888554,0.0,20.12152241364032,15.8292045378194,0,0,0.0,0,0,0,10,0.3,0.7,0.0,0.0,0.0,0.0,0.0,0.0,0.0,0,0,0,,,,,,,,,,,,,,,,,,,,,,,,,
non_binding_good,C1,8021,1777,1773,73.875,99.77490151941475,1.4553372863785545,85.28568301036745,0.6450883515842891,17.771084337349397,7.474048442906578,82.2289156626506,0.4254899946399899,3.580684997915511,0,110.0,21.34599999999996,3.7036111111111016,29.556914315041116,22.14032914685964,7.416585168181475,74.90744436604712,29.678888888888554,0.0,22.14032914685964,20.22472356222474,0,0,17.903424989577555,0,0,0,11,0.3,0.7,0.0,0.0,0.0,0.0,0.0,0.0,0.0,0,0,0,,,,,,,,,,,,,,,,,,,,,,,,,
non_binding_good,C1,8022,1723,1717,71.54166666666667,99.65177016831109,0.5581133829381935,83.21453884252745,0.24700305419354757,5.459770114942531,0.727272727272732,94.54022988505747,0.4584902744176345,0.0,0,100.0,20.69599999999999,3.590972222222213,26.710623886787218,20.111233126135883,6.599390760651339,75.29301154243792,29.678888888888554,0.0,20.111233126135883,15.724653617813598,0,0,0.0,0,0,0,10,0.3,0.7,0.0,0.0,0.0,0.0,0.0,0.0,0.0,0,0,0,,,,,,,,,,,,,,,,,,,,,,,,,
non_binding_good,C1,8023,1811,1809,75.375,99.88956377691883,0.7274137416005496,86.79132863340213,0.2832650619343455,10.15625,0.9810791871058155,89.84375,0.428047614686707,0.0,0,100.0,21.75199999999995,3.7743055555555456,26.78512895284925,20.113924168067918,6.671204784781328,75.0936245387324,29.678888888888544,0.0,20.113924168067918,17.224207439434355,0,0,0.0,0,0,0,10,0.3,0.7,0.0,0.0,0.0,0.0,0.0,0.0,0.0,0,0,0,,,,,,,,,,,,,,,,,,,,,,,,,
non_binding_good,C1,8024,1767,1766,73.58333333333333,99.94340690435767,1.8091934204494684,83.6531166436153,1.0683745861982503,22.126436781609193,7.610993657505283,77.87356321839081,0.4451372087241208,5.369311275811997,0,100.0,21.22399999999997,3.6826388888888792,26.793619160831994,20.12110851559565,6.672510645236343,75.09664295374291,29.678888888888554,0.0,20.12110851559565,16.007364485636465,0,0,26.846556379059983,0,0,0,10,0.3,0.7,0.0,0.0,0.0,0.0,0.0,0.0,0.0,0,0,0,,,,,,,,,,,,,,,,,,,,,,,,,
non_binding_good,C1,8025,1797,1793,74.70833333333333,99.77740678909294,0.745302689985386,46.0685148659098,0.23914098753714805,15.56195965417867,0.4827586206896606,84.43804034582134,0.44379263105818084,0.0,0,100.0,21.583999999999957,3.745138888888879,26.688701114454798,20.147898508099637,6.5408026063551645,75.49224078644797,29.678888888888554,0.0,20.147898508099637,14.26017556878814,0,0,0.0,0,0,0,10,0.3,0.7,0.0,0.0,0.0,0.0,0.0,0.0,0.0,0,0,0,,,,,,,,,,,,,,,,,,,,,,,,,
non_binding_good,C1,8026,1756,1755,73.125,99.94305239179954,0.892122131689362,83.65311664361519,0.33673457548565056,12.91208791208791,2.6580459770114917,87.08791208791209,0.44288337839553976,0.0,0,100.0,21.091999999999974,3.6597222222222126,26.836981496255326,20.135268108374856,6.701713387880469,75.02806569801605,29.67825020214918,0.0,20.135268108374856,17.334710956670616,0,0,0.0,0,0,0,10,0.3,0.7,0.0,0.0,0.0,0.0,0.0,0.0,0.0,0,0,0,,,,,,,,,,,,,,,,,,,,,,,,,
non_binding_good,C1,8027,1795,1793,74.70833333333333,99.88857938718662,1.7438985697744724,84.9244529218482,1.0998647431793496,14.529914529914533,7.963988919667586,85.47008547008546,0.43768947525429136,5.799255604664783,0,100.0,21.55999999999996,3.7409722222222124,26.780939784437873,20.1287717899501,6.6521679944877725,75.16081195047055,29.678888888888554,0.0,20.1287717899501,15.9248534086494,0,0,28.996278023323914,0,0,0,10,0.3,0.7,0.0,0.0,0.0,0.0,0.0,0.0,0.0,0,0,0,,,,,,,,,,,,,,,,,,,,,,,,,
non_binding_good,C1,8028,1782,1777,74.04166666666667,99.71941638608305,0.7049677828799021,85.77087818447077,0.28489271552794887,11.206896551724132,0.6973500697350032,88.79310344827587,0.43638285203749766,0.4329533303003336,0,100.0,21.40399999999996,3.7138888888888792,26.782365371816518,20.128936987014434,6.653428384802085,75.15742805972027,29.678888888888554,0.0,20.128936987014434,17.154286990625597,0,0,2.164766651501668,0,0,0,10,0.3,0.7,0.0,0.0,0.0,0.0,0.0,0.0,0.0,0,0,0,,,,,,,,,,,,,,,,,,,,,,,,,
non_binding_good,C1,8029,1747,1743,72.625,99.77103606182027,3.0560739399504815,90.77845127733102,2.125704044661229,20.11019283746557,12.644508670520228,79.88980716253444,0.45181193734967684,8.259500610461666,0,100.0,20.983999999999977,3.6409722222222127,26.701697550853428,20.104209991565966,6.5974875592874564,75.29187967647924,29.678888888888554,0.0,20.104209991565966,15.727571218136369,0,0,41.297503052308336,0,0,0,10,0.3,0.7,0.0,0.0,0.0,0.0,0.0,0.0,0.0,0,0,0,,,,,,,,,,,,,,,,,,,,,,,,,
non_binding_good,C1,8030,1821,1816,75.66666666666667,99.72542559033498,0.9362061747788919,67.37651811575803,0.3623001503492194,11.082474226804129,4.535938590369848,88.91752577319588,0.43719835353989545,4.504951885899378,0,100.0,21.871999999999947,3.7951388888888786,26.65486219417693,20.12235653602785,6.532505658149077,75.49225499437705,29.678888888888544,0.0,20.12235653602785,14.242078281692805,0,0,22.524759429496893,0,0,0,10,0.3,0.7,0.0,0.0,0.0,0.0,0.0,0.0,0.0,0,0,0,,,,,,,,,,,,,,,,,,,,,,,,,
non_binding_good,C1,8031,1743,1739,72.45833333333333,99.77051061388411,0.6523521044038142,83.82879742813753,0.27942309894609907,8.695652173913048,0.5818181818181833,91.30434782608695,0.4464565098490009,0.0,0,100.0,20.93599999999998,3.6326388888888794,26.849356047999976,20.14451229923201,6.704843748767967,75.02791598881787,29.678888888888554,0.0,20.14451229923201,17.344205871083076,0,0,0.0,0,0,0,10,0.3,0.7,0.0,0.0,0.0,0.0,0.0,0.0,0.0,0,0,0,,,,,,,,,,,,,,,,,,,,,,,,,
non_binding_good,C1,8032,1877,1868,77.83333333333333,99.5205114544486,1.2282013867267658,83.21240212489131,0.4661686080135085,17.36842105263158,5.210420841683372,82.63157894736842,0.40829884679262596,0.0,0,110.0,22.54599999999992,3.9119444444444342,29.500728825320813,22.1350183326158,7.3657104927050145,75.03210671058764,29.678888888888554,0.0,22.1350183326158,17.57806607962128,0,0,0.0,0,0,0,11,0.3,0.7,0.0,0.0,0.0,0.0,0.0,0.0,0.0,0,0,0,,,,,,,,,,,,,,,,,,,,,,,,,
non_binding_good,C1,8033,1854,1844,76.83333333333333,99.46062567421791,0.8729009396884636,83.6531166436153,0.31657801124021234,15.445026178010469,1.7663043478260865,84.55497382198953,0.4157270267999292,0.0,0,110.0,22.269999999999932,3.8640277777777676,29.43368232969843,22.136850612680654,7.296831717017777,75.2092462122712,29.678888888888554,0.0,22.136850612680654,17.318243300017702,0,0,0.0,0,0,0,11,0.3,0.7,0.0,0.0,0.0,0.0,0.0,0.0,0.0,0,0,0,,,,,,,,,,,,,,,,,,,,,,,,,
non_binding_good,C1,8034,1742,1740,72.5,99.88518943742825,0.6049431098324654,83.6531166436153,0.2970509717199344,6.140350877192979,0.7857142857142896,93.85964912280701,0.44078434823854806,0.0,0,100.0,20.923999999999978,3.630555555555546,26.89881335447073,20.12829110211549,6.77052225235524,74.8296619515004,29.678888888888554,0.0,20.12829110211549,18.83169071814075,0,0,0.0,0,0,0,10,0.3,0.7,0.0,0.0,0.0,0.0,0.0,0.0,0.0,0,0,0,,,,,,,,,,,,,,,,,,,,,,,,,
non_binding_good,C1,8035,1765,1760,73.33333333333333,99.71671388101983,1.3058485871929315,86.24378555089206,0.5453964403191229,15.01501501501501,7.2625698324022325,84.98498498498499,0.4397061919092892,7.237218726153467,0,100.0,21.19999999999997,3.6784722222222124,26.860727406375542,20.118194051892786,6.7425333544827595,74.89817288833966,29.678888888888544,0.0,20.118194051892786,17.504007578233228,0,0,36.18609363076733,0,0,0,10,0.3,0.7,0.0,0.0,0.0,0.0,0.0,0.0,0.0,0,0,0,,,,,,,,,,,,,,,,,,,,,,,,,
non_binding_good,C1,8036,1864,1864,77.66666666666667,100.0,0.6993805272447451,84.085862935511,0.2593756227964488,8.602150537634412,0.8042895442359255,91.39784946236558,0.412570196669009,0.0,0,100.0,22.387999999999927,3.884722222222212,26.848638526810852,20.126716320627175,6.721922206183681,74.963638474736,29.678888888888554,0.0,20.126716320627175,17.413006388303305,0,0,0.0,0,0,0,10,0.3,0.7,0.0,0.0,0.0,0.0,0.0,0.0,0.0,0,0,0,,,,,,,,,,,,,,,,,,,,,,,,,
non_binding_good,C1,8037,1763,1759,73.29166666666667,99.77311401020987,1.1221407801181,83.79624392116251,0.4910228594706461,18.475073313782985,3.9381153305203975,81.52492668621701,0.4465615351089607,5.803149727670898,0,100.0,21.17599999999997,3.674305555555546,26.789809374663722,20.13558868560164,6.654220689062086,75.16137350587023,29.678888888888544,0.0,20.13558868560164,15.929060667204283,0,0,29.015748638354488,0,0,0,10,0.3,0.7,0.0,0.0,0.0,0.0,0.0,0.0,0.0,0,0,0,,,,,,,,,,,,,,,,,,,,,,,,,
non_binding_good,C1,8038,1748,1743,72.625,99.71395881006865,0.6818247094090594,83.6531166436153,0.29059925394932473,13.128491620111726,0.5035971223021574,86.87150837988827,0.44483712822953325,0.0,0,100.0,20.995999999999977,3.6430555555555464,26.830444727751225,20.113079038936,6.717365688815221,74.96364388672497,29.678888888888544,0.0,20.113079038936,17.4018290537278,0,0,0.0,0,0,0,10,0.3,0.7,0.0,0.0,0.0,0.0,0.0,0.0,0.0,0,0,0,,,,,,,,,,,,,,,,,,,,,,,,,
non_binding_good,C1,8039,1778,1776,74.0,99.8875140607424,1.9474305879554434,84.73960489484138,1.1596341177501102,14.550264550264547,10.928571428571432,85.44973544973546,0.4375090093734073,10.155282059872794,0,100.0,21.355999999999963,3.705555555555546,26.77543139569852,20.123692957990386,6.651738437708133,75.15730619086595,29.678888888888554,0.0,20.123692957990386,17.15052543442594,0,0,50.776410299363974,0,0,0,10,0.3,0.7,0.0,0.0,0.0,0.0,0.0,0.0,0.0,0,0,0,,,,,,,,,,,,,,,,,,,,,,,,,
non_binding_good,C1,8040,1798,1795,74.79166666666667,99.83314794215795,0.8648802318877917,49.823922289309,0.3032037121411936,17.83783783783783,2.030812324929976,82.16216216216216,0.4379513697296127,0.0,0,110.0,21.597999999999953,3.7473611111111014,29.33469667254868,22.150636736251442,7.184059936297233,75.51002481297154,29.678888888888554,0.0,22.150636736251442,15.651046456485723,0,0,0.0,0,0,0,11,0.3,0.7,0.0,0.0,0.0,0.0,0.0,0.0,0.0,0,0,0,,,,,,,,,,,,,,,,,,,,,,,,,
non_binding_good,C1,8041,1774,1769,73.70833333333333,99.71815107102593,0.8411825478770398,83.73266091668702,0.3929227225120516,10.71428571428571,3.404255319148941,89.28571428571429,0.44388306550804024,0.5643765134288211,0,100.0,21.307999999999968,3.697222222222213,26.757585113938887,20.12879686185413,6.628788252084756,75.2265078337297,29.678888888888554,0.0,20.12879686185413,15.834789178545485,0,0,2.821882567144106,0,0,0,10,0.3,0.7,0.0,0.0,0.0,0.0,0.0,0.0,0.0,0,0,0,,,,,,,,,,,,,,,,,,,,,,,,,
non_binding_good,C1,8042,1786,1782,74.25,99.77603583426652,1.1342755536199136,83.99202560604694,0.5469948504919036,12.82051282051282,4.878048780487809,87.17948717948718,0.43563005357948387,2.5171990140122213,0,100.0,21.451999999999963,3.7222222222222126,26.757925491093516,20.128057243230515,6.629868247862998,75.22278679612222,29.678888888888554,0.0,20.128057243230515,17.064708827351264,0,0,12.585995070061108,0,0,0,10,0.3,0.7,0.0,0.0,0.0,0.0,0.0,0.0,0.0,0,0,0,,,,,,,,,,,,,,,,,,,,,,,,,
non_binding_good,C1,8043,1762,1759,73.29166666666667,99.82973893303064,0.6441760251214576,83.65311664361519,0.25578856947358136,9.116809116809122,0.566973777462787,90.88319088319088,0.44722773361441365,0.0,0,100.0,21.16399999999997,3.6722222222222127,26.75220979915324,20.124730173418037,6.627479625735197,75.2264217592037,29.678888888888554,0.0,20.124730173418037,15.831955485285498,0,0,0.0,0,0,0,10,0.3,0.7,0.0,0.0,0.0,0.0,0.0,0.0,0.0,0,0,0,,,,,,,,,,,,,,,,,,,,,,,,,
non_binding_good,C1,8044,1804,1803,75.125,99.94456762749445,0.957667168099637,83.6531166436153,0.3704129963705676,12.561576354679804,3.505007153075823,87.4384236453202,0.43482234494491434,6.255029776795879,0,100.0,21.667999999999957,3.7597222222222126,26.809817432665923,20.133196653378725,6.6766207792871946,75.09635865273668,29.67701535457956,0.0,20.133196653378725,16.01663598599363,0,0,31.275148883979394,0,0,0,10,0.3,0.7,0.0,0.0,0.0,0.0,0.0,0.0,0.0,0,0,0,,,,,,,,,,,,,,,,,,,,,,,,,
non_binding_good,C1,8045,1788,1778,74.08333333333333,99.4407158836689,0.6441544596800695,44.00163158607945,0.24190738947988913,9.139784946236562,0.9887005649717562,90.86021505376344,0.4460546936202136,0.0,0,100.0,21.47599999999996,3.726388888888879,26.65653329678503,20.106166119751954,6.550367177033078,75.42678523083458,29.678888888888554,0.0,20.106166119751954,14.319659928279922,0,0,0.0,0,0,0,10,0.3,0.7,0.0,0.0,0.0,0.0,0.0,0.0,0.0,0,0,0,,,,,,,,,,,,,,,,,,,,,,,,,
non_binding_good,C1,8046,1757,1755,73.125,99.88616960728514,0.6507761304382255,54.719003013187105,0.25036729356329945,12.727272727272732,0.630693763139456,87.27272727272727,0.4539270645509437,2.3732421226208924,0,100.0,21.10399999999997,3.661805555555546,26.714175608076015,20.114661961174615,6.599513646901402,75.29583639891067,29.678888888888554,0.0,20.114661961174615,14.504344973375169,0,0,11.866210613104462,0,0,0,10,0.3,0.7,0.0,0.0,0.0,0.0,0.0,0.0,0.0,0,0,0,,,,,,,,,,,,,,,,,,,,,,,,,
non_binding_good,C1,8047,1815,1814,75.58333333333333,99.94490358126723,0.7701562193665046,85.24225405144746,0.2716654698504487,13.903743315508022,1.0409437890353868,86.09625668449198,0.4325110591078686,0.0,0,100.0,21.79999999999995,3.782638888888879,26.75234780926646,20.125034033720663,6.627313775545794,75.22716950752924,29.678888888888554,0.0,20.125034033720663,15.830568556366195,0,0,0.0,0,0,0,10,0.3,0.7,0.0,0.0,0.0,0.0,0.0,0.0,0.0,0,0,0,,,,,,,,,,,,,,,,,,,,,,,,,
non_binding_good,C1,8048,1869,1867,77.79166666666667,99.89299090422686,1.0122446364437965,104.27063948197568,0.3691621963242238,15.143603133159267,3.7685060565275874,84.85639686684074,0.41185170218980466,4.343223701371838,0,110.0,22.449999999999925,3.895277777777767,29.442426939627275,22.160883929281418,7.281543010345862,75.26853670970496,29.678888888888544,0.0,22.160883929281418,17.245407785882147,0,0,21.71611850685919,0,0,0,11,0.3,0.7,0.0,0.0,0.0,0.0,0.0,0.0,0.0,0,0,0,,,,,,,,,,,,,,,,,,,,,,,,,
non_binding_good,C1,8049,1768,1766,73.58333333333333,99.8868778280543,1.9169705242642243,83.6531166436153,1.161577619489858,15.27377521613833,9.218859957776216,84.72622478386167,0.44026150735066666,9.64590641469366,0,100.0,21.23599999999997,3.684722222222213,26.786937257810905,20.13251910886159,6.6544181489493175,75.15797313853443,29.67731158228911,0.0,20.13251910886159,17.15684538455556,0,0,48.2295320734683,0,0,0,10,0.3,0.7,0.0,0.0,0.0,0.0,0.0,0.0,0.0,0,0,0,,,,,,,,,,,,,,,,,,,,,,,,,
non_binding_good,C1,8050,1702,1701,70.875,99.94124559341951,0.9167909705283548,95.86565290676347,0.34944077751355734,14.534883720930235,4.639175257731953,85.46511627906976,0.462794013099996,1.5295948883402888,0,100.0,20.443999999999996,3.5472222222222127,26.834867883755074,20.1345321387091,6.70033574504597,75.03123259607277,29.678888888888554,0.0,20.1345321387091,16.107052280556555,0,0,7.647974441701445,0,0,0,10,0.3,0.7,0.0,0.0,0.0,0.0,0.0,0.0,0.0,0,0,0,,,,,,,,,,,,,,,,,,,,,,,,,
non_binding_good,C1,8051,1768,1765,73.54166666666667,99.83031674208145,1.4053403105916102,50.50207915384126,0.665840851361988,15.568862275449103,7.949790794979084,84.4311377245509,0.4519680709723907,1.6507601064452804,0,100.0,21.23599999999997,3.6847222222222125,26.63226597986166,20.105252703021037,6.527013276840629,75.49208436947832,29.678888888888554,0.0,20.105252703021037,14.230204479124556,0,0,8.253800532226402,0,0,0,10,0.3,0.7,0.0,0.0,0.0,0.0,0.0,0.0,0.0,0,0,0,,,,,,,,,,,,,,,,,,,,,,,,,
non_binding_good,C1,8052,1760,1758,73.25,99.88636363636364,0.67807300896468,83.65202475960153,0.28140332225107784,9.917355371900827,1.145311381531855,90.08264462809917,0.448455867502597,3.9650342028895222,0,100.0,21.139999999999972,3.6680555555555463,26.725718025344513,20.139770531765215,6.585947493579297,75.35726640783341,29.678888888888554,0.0,20.139770531765215,15.663810902128521,0,0,19.825171014447612,0,0,0,10,0.3,0.7,0.0,0.0,0.0,0.0,0.0,0.0,0.0,0,0,0,,,,,,,,,,,,,,,,,,,,,,,,,
non_binding_good,C1,8053,1805,1801,75.04166666666667,99.77839335180056,0.7721637524526511,45.034090457936266,0.2959224587859551,11.22715404699739,2.742616033755274,88.77284595300262,0.4405333580585749,0.0,0,100.0,21.67999999999995,3.761805555555546,26.741447451848217,20.135131402655205,6.606316049193007,75.29559287660615,29.678888888888554,0.0,20.135131402655205,14.519438263134045,0,0,0.0,0,0,0,10,0.3,0.7,0.0,0.0,0.0,0.0,0.0,0.0,0.0,0,0,0,,,,,,,,,,,,,,,,,,,,,,,,,
non_binding_good,C1,8054,1767,1763,73.45833333333333,99.77362761743068,0.5993683489742679,83.14505090648393,0.249407789579227,7.758620689655171,1.0570824524312905,92.24137931034483,0.4465980038434981,0.0,0,100.0,21.223999999999972,3.6826388888888792,26.70151022988027,20.121784441647016,6.5797257882332545,75.35822606441853,29.678888888888554,0.0,20.121784441647016,15.642165705792127,0,0,0.0,0,0,0,10,0.3,0.7,0.0,0.0,0.0,0.0,0.0,0.0,0.0,0,0,0,,,,,,,,,,,,,,,,,,,,,,,,,
non_binding_good,C1,8055,1831,1825,76.04166666666667,99.67231021299835,0.6821026249821963,84.64405586058777,0.28150704248069,8.264462809917351,0.6811989100817484,91.73553719008265,0.41644758142160504,0.0,0,110.0,21.99399999999994,3.816111111111101,29.505299213037603,22.154906475310472,7.3503927377271285,75.08788951891331,29.676673848171998,0.0,22.154906475310472,18.735326866820976,0,0,0.0,0,0,0,11,0.3,0.7,0.0,0.0,0.0,0.0,0.0,0.0,0.0,0,0,0,,,,,,,,,,,,,,,,,,,,,,,,,
non_binding_good,C1,8056,1813,1810,75.41666666666667,99.83452840595697,0.8000265195562106,53.09636864708106,0.2828596011500478,9.943181818181824,2.258726899383978,90.05681818181817,0.43382834683418475,1.9688351686635117,0,110.0,21.77799999999995,3.778611111111102,29.31470473656053,22.135596477648132,7.179108258912397,75.51021467407514,29.678888888888554,0.0,22.135596477648132,15.640135513676036,0,0,9.84417584331756,0,0,0,11,0.3,0.7,0.0,0.0,0.0,0.0,0.0,0.0,0.0,0,0,0,,,,,,,,,,,,,,,,,,,,,,,,,
non_binding_good,C2,8007,1786,1782,74.25,99.77603583426652,0.15359337897989528,2.309889304740015,0.0007212796082499385,2.359882005899705,0.0,97.6401179941003,0.3945603013471524,0.0,0,24410.0,26.313999999999517,4.059861111111132,48.079874453703226,36.21794684670951,11.861927606993651,75.32870511461978,50.934956744817015,36.21794684670951,0.0,27.332146885434135,1.5,3,0.0,175,26.857142857142858,470,2441,nan,nan,2.78406957298456,2.78406957298456,0,0.0,0.0,0.0,0.0,0,0,0,,,,,,,,,,,,,,,,,,,,,,,,,
non_binding_good,C2,8008,1761,1761,73.375,100.0,0.19398486645964616,3.4659419405489946,0.006394523273997407,5.234159779614322,0.0,94.76584022038568,0.39716442283006514,0.0,0,24680.0,26.067999999999525,4.011527777777799,49.356125531977966,37.1793804893713,12.176745042606653,75.32880688797721,51.18214221869544,37.1793804893713,0.0,28.41722762581709,1.5,3,0.0,209,19.138755980861244,486,2468,nan,nan,2.77739920684156,2.77739920684156,0,0.0,0.0,0.0,0.0,0,0,0,,,,,,,,,,,,,,,,,,,,,,,,,
non_binding_good,C2,8009,1770,1768,73.66666666666667,99.88700564971752,0.20835468886022585,3.769331949019094,0.0020675003146071905,3.1428571428571472,0.0,96.85714285714285,0.3975518754373991,0.0,0,24170.0,26.073999999999522,4.023194444444465,48.753110053565415,36.728923968309466,12.024186085255947,75.33657632908981,52.54204924511625,36.728923968309466,0.0,27.69536447398358,1.5,3,0.0,202,37.62376237623762,462,2417,nan,nan,2.7795226365017998,2.7795226365017998,0,0.0,0.0,0.0,0.0,0,0,0,,,,,,,,,,,,,,,,,,,,,,,,,
non_binding_good,C2,8010,1833,1827,76.125,99.67266775777414,0.20505772437797343,2.98377859432876,0.0022824740035571525,3.314917127071826,0.0,96.68508287292818,0.3827848692403976,0.0,0,23450.0,26.68599999999951,4.144444444444464,46.813124664984215,35.25341471991931,11.559709945064888,75.30669010498362,63.32990892985343,35.25341471991931,0.0,27.012116023233915,1.5,3,0.0,151,38.41059602649007,432,2345,nan,nan,2.7573706047489432,2.7573706047489432,0,0.0,0.0,0.0,0.0,0,0,0,,,,,,,,,,,,,,,,,,,,,,,,,
non_binding_good,C2,8011,1764,1761,73.375,99.82993197278913,0.19028595533902767,3.678181912193395,0.004112520654117116,3.350515463917525,0.0,96.64948453608247,0.4068161154227301,9.473903143468003e-17,0,23250.0,25.81799999999953,3.997916666666688,45.21955571024362,34.06180321726707,11.157752492976506,75.3253823092097,68.77423624853249,34.06180321726707,0.0,25.795971144317505,1.5,3,4.736951571734001e-16,144,44.44444444444444,437,2325,nan,nan,2.791759001874717,2.791759001874717,0,0.0,0.0,0.0,0.0,0,0,0,,,,,,,,,,,,,,,,,,,,,,,,,
non_binding_good,C2,8012,1784,1780,74.16666666666667,99.77578475336323,0.21061649329759674,2.936307526338472,0.0020110664689456585,1.8421052631578894,0.0,98.15789473684211,0.3974506330697053,4.7369515717340015e-17,0,23190.0,26.045999999999545,4.038750000000018,47.56486450635617,35.83935535955022,11.725509146805923,75.3483810613209,47.4560570687156,35.83935535955022,0.0,26.7484528436848,1.5,3,2.3684757858670006e-16,165,22.424242424242426,443,2319,nan,nan,2.8003821355518284,2.8003821355518284,0,0.0,0.0,0.0,0.0,0,0,0,,,,,,,,,,,,,,,,,,,,,,,,,
non_binding_good,C2,8013,1846,1840,76.66666666666667,99.67497291440954,0.24619677587487795,4.109141328330589,0.005185261442552866,3.5532994923857864,0.0,96.44670050761421,0.37582877935628084,0.0,0,24150.0,26.981999999999488,4.181250000000021,48.121644041163165,36.24092173067008,11.88072231049305,75.31106314586772,62.107135390190024,36.24092173067008,0.0,27.848360716485338,1.5,3,0.0,198,30.303030303030305,453,2415,nan,nan,2.7572635955140097,2.7572635955140097,0,0.0,0.0,0.0,0.0,0,0,0,,,,,,,,,,,,,,,,,,,,,,,,,
non_binding_good,C2,8014,1827,1824,76.0,99.83579638752053,0.22765876230733842,3.4978575824417324,0.0018416747805334685,2.832861189801694,0.0,97.16713881019831,0.3818474431658224,9.473903143468003e-17,0,23750.0,26.67399999999951,4.136111111111131,47.73906741892288,35.93439301176595,11.804674407156886,75.27250730818051,55.50323777466469,35.93439301176595,0.0,27.663139208544408,1.5,3,4.736951571734001e-16,206,36.407766990291265,445,2375,nan,nan,2.7475861196076368,2.7475861196076368,0,0.0,0.0,0.0,0.0,0,0,0,,,,,,,,,,,,,,,,,,,,,,,,,
non_binding_good,C2,8015,1824,1817,75.70833333333333,99.61622807017544,0.23621221726810038,3.1954236485418126,0.001815553661318532,2.2471910112359605,0.0,97.75280898876404,0.3824603273153209,0.0,0,23650.0,26.617999999999515,4.128472222222242,48.139753418814266,36.24523920666879,11.89451421214541,75.2917010009096,51.406773413972374,36.24523920666879,0.0,27.718251504503126,1.5,3,0.0,204,26.47058823529412,422,2365,nan,nan,2.7741258415350787,2.7741258415350787,0,0.0,0.0,0.0,0.0,0,0,0,,,,,,,,,,,,,,,,,,,,,,,,,
non_binding_good,C2,8016,1853,1848,77.0,99.7301672962763,0.26099210972687076,4.9126977437415915,0.008928914153829513,3.7735849056603765,0.0,96.22641509433963,0.3771042831237629,4.7369515717340015e-17,0,24100.0,27.055999999999493,4.195138888888909,47.24413663214165,35.58403610062798,11.660100531513644,75.31947589115019,60.50262971614585,35.58403610062798,0.0,27.043373663503765,1.5,3,2.3684757858670006e-16,169,30.76923076923077,436,2410,nan,nan,2.780513724544525,2.780513724544525,0,0.0,0.0,0.0,0.0,0,0,0,,,,,,,,,,,,,,,,,,,,,,,,,
non_binding_good,C2,8017,1805,1800,75.0,99.7229916897507,0.20658226950041955,2.6207052486434503,0.001270093444970773,2.680965147453085,0.0,97.31903485254692,0.3892792514865947,9.473903143468003e-17,0,24250.0,26.509999999999508,4.097222222222243,48.03860101134086,36.18520646882614,11.853394542514701,75.32527115076395,58.96367637824091,36.18520646882614,0.0,27.3329649061291,1.5,3,4.736951571734001e-16,225,28.444444444444443,479,2425,nan,nan,2.78322500671446,2.78322500671446,0,0.0,0.0,0.0,0.0,0,0,0,,,,,,,,,,,,,,,,,,,,,,,,,
non_binding_good,C2,8018,1745,1742,72.58333333333333,99.82808022922636,0.18428867077843558,3.3574684663168832,0.001710677507746304,2.077151335311578,0.0,97.92284866468842,0.39893256521743653,0.0,0,24760.0,25.891999999999534,3.979305555555575,50.83250932183726,38.29802577704947,12.53448354478773,75.34159986982371,49.65402671127273,38.29802577704947,0.0,29.086303140085306,1.5,3,0.0,199,28.14070351758794,441,2476,nan,nan,2.7818771630498476,2.7818771630498476,0,0.0,0.0,0.0,0.0,0,0,0,,,,,,,,,,,,,,,,,,,,,,,,,
non_binding_good,C2,8019,1811,1808,75.33333333333333,99.83434566537824,0.24239578438445486,4.008524875702763,0.00822329619444601,4.705882352941182,0.0,95.29411764705881,0.38842489538144875,0.0,0,24280.0,26.5879999999995,4.11013888888891,47.34109740415838,35.65144997080148,11.689647433356873,75.3076120446458,53.77515850940152,35.65144997080148,0.0,27.129887265748955,1.5,3,0.0,166,27.710843373493976,453,2428,nan,nan,2.772914857722034,2.772914857722034,0,0.0,0.0,0.0,0.0,0,0,0,,,,,,,,,,,,,,,,,,,,,,,,,
non_binding_good,C2,8020,1742,1735,72.29166666666667,99.59816303099885,0.17426965283114473,2.442206452386017,0.0005928998355939097,0.8403361344537785,0.0,99.15966386554622,0.4113018339089036,0.0,0,22770.0,25.45799999999956,3.9454166666666843,46.41204012310658,34.96532086243667,11.446719260669877,75.33674617554449,51.12046486586516,34.96532086243667,0.0,26.202319300551913,1.5,3,0.0,192,25.0,414,2277,nan,nan,2.7941654059106353,2.7941654059106353,0,0.0,0.0,0.0,0.0,0,0,0,,,,,,,,,,,,,,,,,,,,,,,,,
non_binding_good,C2,8021,1777,1773,73.875,99.77490151941475,0.21180706955714484,4.20268666442765,0.005486107217028014,4.216867469879515,0.0,95.78313253012048,0.3903931729730708,0.0,0,24510.0,26.225999999999523,4.042500000000019,50.8951209843853,38.35106762388637,12.544053360498921,75.35313185649473,45.9962230129611,38.35106762388637,0.0,28.998928978954524,1.5,3,0.0,206,27.669902912621357,472,2451,nan,nan,2.7924122418643895,2.7924122418643895,0,0.0,0.0,0.0,0.0,0,0,0,,,,,,,,,,,,,,,,,,,,,,,,,
non_binding_good,C2,8022,1723,1717,71.54166666666667,99.65177016831109,0.19809552193257451,4.2058530950736595,0.006120235911583145,3.4482758620689613,0.0,96.55172413793103,0.41564798061537395,0.0,0,23600.0,25.395999999999557,3.9173611111111306,46.68249770797847,35.1653720150252,11.517125692953229,75.32881431281066,56.63262390831289,35.1653720150252,0.0,26.435227068378744,1.5,3,0.0,160,24.375,411,2360,nan,nan,2.7994633334465546,2.7994633334465546,0,0.0,0.0,0.0,0.0,0,0,0,,,,,,,,,,,,,,,,,,,,,,,,,
non_binding_good,C2,8023,1811,1809,75.375,99.88956377691883,0.19179444354302808,2.8288770462448154,0.0012577485086952282,1.5625,0.0,98.4375,0.3873997880264092,0.0,0,24220.0,26.57599999999951,4.109305555555575,47.69292618829765,35.91311007774416,11.779816110553465,75.30070588656,59.84627143221085,35.91311007774416,0.0,27.386164104508833,1.5,3,0.0,221,39.366515837104075,466,2422,nan,nan,2.773513997441621,2.773513997441621,0,0.0,0.0,0.0,0.0,0,0,0,,,,,,,,,,,,,,,,,,,,,,,,,
non_binding_good,C2,8024,1767,1766,73.58333333333333,99.94340690435767,0.19241691314519777,3.1076376585593,0.0021519174899890785,2.5862068965517238,0.0,97.41379310344827,0.4017125177168735,9.473903143468003e-17,0,24170.0,26.03799999999952,4.016944444444465,47.482401455901595,35.775997404484976,11.706404051416602,75.3458045665851,62.00629351749796,35.775997404484976,0.0,26.863537237448305,1.5,3,4.736951571734001e-16,180,29.444444444444446,459,2417,nan,nan,2.8006256617496477,2.8006256617496477,0,0.0,0.0,0.0,0.0,0,0,0,,,,,,,,,,,,,,,,,,,,,,,,,
non_binding_good,C2,8025,1797,1793,74.70833333333333,99.77740678909294,0.3013053963945959,5.032156175785349,0.012186013208908114,6.9164265129682985,0.0,93.0835734870317,0.3872450199807277,0.0,0,23890.0,26.341999999999516,4.075555555555576,49.19664345997518,37.042064285924894,12.154579174050252,75.29388527504145,49.46047937103087,37.042064285924894,0.0,28.397078338151402,1.5,3,0.0,243,31.275720164609055,458,2389,nan,nan,2.763485111705202,2.763485111705202,0,0.0,0.0,0.0,0.0,0,0,0,,,,,,,,,,,,,,,,,,,,,,,,,
non_binding_good,C2,8026,1756,1755,73.125,99.94305239179954,0.18017263586913895,2.923621465861894,0.0020572209519785787,2.472527472527475,0.0,97.52747252747253,0.400161392384505,0.0,0,23870.0,25.84599999999954,3.9898611111111304,49.087332572245685,36.97940699726416,12.10792557498147,75.33391011385403,50.242246118434565,36.97940699726416,0.0,28.015207459429313,1.5,3,0.0,215,21.86046511627907,432,2387,nan,nan,2.7762076310140182,2.7762076310140182,0,0.0,0.0,0.0,0.0,0,0,0,,,,,,,,,,,,,,,,,,,,,,,,,
non_binding_good,C2,8027,1795,1793,74.70833333333333,99.88857938718662,0.2067297726854473,3.7354277029912435,0.004441703659779265,3.1339031339031376,0.0,96.86609686609687,0.3854246132689657,0.0,0,24370.0,26.41399999999952,4.078055555555575,51.134502285587445,38.53043845661722,12.604063828970215,75.35115574494846,50.12469095335248,38.53043845661722,0.0,28.991068904980793,1.5,3,0.0,206,18.932038834951456,424,2437,nan,nan,2.7932623556509824,2.7932623556509824,0,0.0,0.0,0.0,0.0,0,0,0,,,,,,,,,,,,,,,,,,,,,,,,,
non_binding_good,C2,8028,1782,1777,74.04166666666667,99.71941638608305,0.18533619045955094,2.995472087230337,0.003819431378724769,4.31034482758621,0.0,95.6896551724138,0.39639913883249134,0.0,0,24540.0,26.291999999999508,4.053333333333355,47.372340550170385,35.68582368990171,11.686516860268647,75.33050568212501,61.4367954048462,35.68582368990171,0.0,27.150215291877174,1.5,3,0.0,186,32.25806451612903,476,2454,nan,nan,2.7675154710398795,2.7675154710398795,0,0.0,0.0,0.0,0.0,0,0,0,,,,,,,,,,,,,,,,,,,,,,,,,
non_binding_good,C2,8029,1747,1743,72.625,99.77103606182027,0.31721005311381056,5.036285564744443,0.014388707744275983,7.9889807162534465,0.0,92.01101928374655,0.4063647196943031,0.0,0,22680.0,25.499999999999574,3.9545833333333507,47.76690466498529,35.98241107981985,11.784493585165432,75.32916635939388,57.324286314741954,35.98241107981985,0.0,27.08937563197979,1.5,3,0.0,218,27.522935779816514,430,2268,nan,nan,2.796195565734644,2.796195565734644,0,0.0,0.0,0.0,0.0,0,0,0,,,,,,,,,,,,,,,,,,,,,,,,,
non_binding_good,C2,8030,1821,1816,75.66666666666667,99.72542559033498,0.20934011398741467,3.215488679238964,0.002732272200145272,2.3195876288659822,0.0,97.68041237113401,0.38057206240507296,0.0,0,24830.0,26.817999999999497,4.138611111111131,49.64343786087035,37.39716209158382,12.246275769286484,75.33153162436558,53.02206378759999,37.39716209158382,0.0,28.398651065398433,1.5,3,0.0,183,32.240437158469945,453,2483,nan,nan,2.7691702373736597,2.7691702373736597,0,0.0,0.0,0.0,0.0,0,0,0,,,,,,,,,,,,,,,,,,,,,,,,,
non_binding_good,C2,8031,1743,1739,72.45833333333333,99.77051061388411,0.20895641608728663,3.525584893835185,0.004732722768527921,4.07608695652174,0.0,95.92391304347827,0.4071570399824725,0.0,0,23370.0,25.58999999999955,3.955833333333353,47.548673778819655,35.822142810147895,11.726530968671717,75.33783797373694,52.859618346700124,35.822142810147895,0.0,27.169073337715204,1.5,3,0.0,205,25.365853658536587,411,2337,nan,nan,2.767962111643055,2.767962111643055,0,0.0,0.0,0.0,0.0,0,0,0,,,,,,,,,,,,,,,,,,,,,,,,,
non_binding_good,C2,8032,1877,1871,77.95833333333333,99.6803409696324,0.2710651543335335,3.5248077591801423,0.008649948953189886,6.052631578947365,0.0,93.94736842105263,0.3649741536363188,0.0,0,24320.0,27.38799999999946,4.248194444444466,49.787693425015576,37.51439541980083,12.273298005214707,75.34873146172283,52.71826138609851,37.51439541980083,0.0,28.409239368698074,1.5,3,0.0,224,37.94642857142857,431,2432,nan,nan,2.782306389093977,2.782306389093977,0,0.0,0.0,0.0,0.0,0,0,0,,,,,,,,,,,,,,,,,,,,,,,,,
non_binding_good,C2,8033,1854,1850,77.08333333333333,99.78425026968716,0.2677034139559653,4.434845055566666,0.008951853854129962,5.759162303664922,0.0,94.24083769633508,0.3755772898205585,0.0,0,24500.0,27.147999999999477,4.202777777777799,48.420739620675946,36.48283882936355,11.937900791312373,75.34548029453305,52.402754793740925,36.48283882936355,0.0,27.35567754486036,1.5,3,0.0,180,25.555555555555554,497,2450,nan,nan,2.7876454950717764,2.7876454950717764,0,0.0,0.0,0.0,0.0,0,0,0,,,,,,,,,,,,,,,,,,,,,,,,,
non_binding_good,C2,8034,1742,1740,72.5,99.88518943742825,0.14528003425495192,2.162427435037959,0.000765165382295063,1.1695906432748537,0.0,98.83040935672514,0.4055122399889156,0.0,0,24170.0,25.73799999999953,3.9648611111111323,47.52689637615255,35.78280065441283,11.744095721739704,75.28957997006401,54.460645986812,35.78280065441283,0.0,27.649717780548876,1.5,3,0.0,165,25.454545454545453,407,2417,nan,nan,2.7549123899433123,2.7549123899433123,0,0.0,0.0,0.0,0.0,0,0,0,,,,,,,,,,,,,,,,,,,,,,,,,
non_binding_good,C2,8035,1765,1760,73.33333333333333,99.71671388101983,0.1959066101652641,3.2890160716181223,0.0020724194515576947,1.8018018018018056,0.0,98.1981981981982,0.39649821753636005,0.0,0,23740.0,25.92799999999954,4.006805555555574,50.375519256824504,37.96261071855989,12.412908538264578,75.3592444874243,50.79466051295724,37.96261071855989,0.0,28.306001171465525,1.5,3,0.0,232,23.275862068965516,431,2374,nan,nan,2.8062679698065045,2.8062679698065045,0,0.0,0.0,0.0,0.0,0,0,0,,,,,,,,,,,,,,,,,,,,,,,,,
non_binding_good,C2,8036,1864,1864,77.66666666666667,100.0,0.21747695540180711,3.444780572120241,0.005513556741385676,4.5698924731182755,0.0,95.43010752688173,0.3712114404673896,0.0,0,25420.0,27.451999999999458,4.236388888888912,48.848072819103166,36.80703395289195,12.041038866211176,75.35002269014328,56.08826159114789,36.80703395289195,0.0,27.752695438708166,1.5,3,0.0,160,30.0,476,2542,nan,nan,2.798665781602544,2.798665781602544,0,0.0,0.0,0.0,0.0,0,0,0,,,,,,,,,,,,,,,,,,,,,,,,,
non_binding_good,C2,8037,1763,1759,73.29166666666667,99.77311401020987,0.21080677356038863,3.4248218150338894,0.006448896485468734,6.158357771260992,0.0,93.841642228739,0.4032394827188977,0.0,0,23470.0,25.84999999999954,3.9988888888889087,47.01448505474771,35.413552645388236,11.600932409359427,75.32476981115427,59.585358057302415,35.413552645388236,0.0,26.759573764720038,1.5,3,0.0,173,27.167630057803464,416,2347,nan,nan,2.7825373798299626,2.7825373798299626,0,0.0,0.0,0.0,0.0,0,0,0,,,,,,,,,,,,,,,,,,,,,,,,,
non_binding_good,C2,8038,1748,1743,72.625,99.71395881006865,0.1816800465360326,2.7173157233446545,0.0028434307830904376,3.3519553072625663,0.0,96.64804469273743,0.40093818487384175,0.0,0,23890.0,25.75399999999954,3.973472222222242,49.20618732941989,37.06334793444465,12.142839394975208,75.32253553057716,51.32560196290488,37.06334793444465,0.0,28.376564892650673,1.5,3,0.0,188,42.5531914893617,420,2389,nan,nan,2.7633341190543503,2.7633341190543503,0,0.0,0.0,0.0,0.0,0,0,0,,,,,,,,,,,,,,,,,,,,,,,,,
non_binding_good,C2,8039,1778,1776,74.0,99.8875140607424,0.2061478511391983,3.345687341277153,0.0037967479744425436,3.9682539682539653,0.0,96.03174603174604,0.4012497841831889,0.0,0,23640.0,26.063999999999524,4.032500000000021,45.56116016014286,34.31282471759959,11.24833544254324,75.31156932131114,65.1517903483109,34.31282471759959,0.0,26.215331731980534,1.5,3,0.0,168,39.285714285714285,421,2364,nan,nan,2.7747779823606606,2.7747779823606606,0,0.0,0.0,0.0,0.0,0,0,0,,,,,,,,,,,,,,,,,,,,,,,,,
non_binding_good,C2,8040,1798,1795,74.79166666666667,99.83314794215795,0.22496326013416343,2.726543020050485,0.0036132378520032584,4.054054054054057,0.0,95.94594594594594,0.3839643599441446,0.0,0,24390.0,26.453999999999514,4.084583333333353,51.31359141207363,38.65319229180742,12.660399120266142,75.32739616957052,49.49182653872944,38.65319229180742,0.0,29.147798902852724,1.5,3,0.0,262,24.80916030534351,429,2439,nan,nan,2.788728749010937,2.788728749010937,0,0.0,0.0,0.0,0.0,0,0,0,,,,,,,,,,,,,,,,,,,,,,,,,
non_binding_good,C2,8041,1774,1769,73.70833333333333,99.71815107102593,0.16524224972357057,2.359326744108451,0.0005994115218024906,1.9230769230769273,0.0,98.07692307692307,0.40120747041378924,0.0,0,23970.0,26.08199999999952,4.028750000000021,46.583445935105765,35.10052694784589,11.482918987259838,75.34978626687163,46.588017423683745,35.10052694784589,0.0,26.50368795210825,1.5,3,0.0,160,28.749999999999996,455,2397,nan,nan,2.7933639494257605,2.7933639494257605,0,0.0,0.0,0.0,0.0,0,0,0,,,,,,,,,,,,,,,,,,,,,,,,,
non_binding_good,C2,8042,1786,1782,74.25,99.77603583426652,0.20684614995562906,3.139722117407412,0.0030023603933579763,3.1339031339031376,0.0,96.86609686609687,0.3906347925828391,0.0,0,23910.0,26.213999999999526,4.052916666666685,48.896202758556875,36.81175168767536,12.08445107088146,75.28550196310137,49.44925042442253,36.81175168767536,0.0,28.31352407651246,1.5,3,0.0,213,35.68075117370892,417,2391,nan,nan,2.7685559324420486,2.7685559324420486,0,0.0,0.0,0.0,0.0,0,0,0,,,,,,,,,,,,,,,,,,,,,,,,,
non_binding_good,C2,8043,1762,1759,73.29166666666667,99.82973893303064,0.18086230640155818,3.032102207716283,0.002174403214313703,2.8490028490028463,0.0,97.15099715099716,0.4025309091037955,0.0,0,24020.0,25.94799999999954,4.004444444444464,47.128815437994206,35.494035728974005,11.634779709020169,75.31281106708975,50.77706799091723,35.494035728974005,0.0,27.00616161294004,1.5,3,0.0,150,27.333333333333332,472,2402,nan,nan,2.7763286773380234,2.7763286773380234,0,0.0,0.0,0.0,0.0,0,0,0,,,,,,,,,,,,,,,,,,,,,,,,,
non_binding_good,C2,8044,1804,1803,75.125,99.94456762749445,0.23388569339798895,3.5762285249649723,0.008306275764921166,5.418719211822665,0.0,94.58128078817734,0.3928906452087094,0.0,0,23700.0,26.387999999999522,4.08750000000002,47.04262431336636,35.448141097823566,11.594483215542736,75.35323893006449,62.52471967939989,35.448141097823566,0.0,26.49956092004487,1.5,3,0.0,165,35.75757575757576,432,2370,nan,nan,2.801131376677405,2.801131376677405,0,0.0,0.0,0.0,0.0,0,0,0,,,,,,,,,,,,,,,,,,,,,,,,,
non_binding_good,C2,8045,1788,1778,74.08333333333333,99.4407158836689,0.23489857172187656,4.7791259625412446,0.009146679323383125,3.7634408602150504,0.0,96.23655913978494,0.3901219799089887,0.0,0,24120.0,26.279999999999525,4.060000000000018,49.789355530445064,37.51032578043011,12.279029750014892,75.33804240043516,50.60673134448046,37.51032578043011,0.0,28.302838356086166,1.5,3,0.0,221,29.86425339366516,437,2412,nan,nan,2.7927048126102956,2.7927048126102956,0,0.0,0.0,0.0,0.0,0,0,0,,,,,,,,,,,,,,,,,,,,,,,,,
non_binding_good,C2,8046,1757,1755,73.125,99.88616960728514,0.1657421604917712,2.4778360504352652,0.0009857523305021835,1.5151515151515138,0.0,98.48484848484848,0.39515176984470873,0.0,0,24280.0,25.93999999999954,3.997638888888908,51.0423369545499,38.45634899213862,12.58598796241126,75.34206168181849,50.140757451189266,38.45634899213862,0.0,29.198168649933947,1.5,3,0.0,260,30.0,444,2428,nan,nan,2.784800242990099,2.784800242990099,0,0.0,0.0,0.0,0.0,0,0,0,,,,,,,,,,,,,,,,,,,,,,,,,
non_binding_good,C2,8047,1815,1814,75.58333333333333,99.94490358126723,0.22204446512513368,4.389458689549307,0.004581300673319247,3.475935828877008,0.0,96.52406417112299,0.3864436631473692,0.0,0,24050.0,26.5899999999995,4.1152777777778,47.75450053938778,35.959826972653424,11.794673566734325,75.30144084114933,62.340764389598554,35.959826972653424,0.0,27.347417546491016,1.5,3,0.0,179,25.139664804469277,461,2405,nan,nan,2.7720480461963426,2.7720480461963426,0,0.0,0.0,0.0,0.0,0,0,0,,,,,,,,,,,,,,,,,,,,,,,,,
non_binding_good,C2,8048,1869,1869,77.875,100.0,0.22924749259888602,2.5355792915269073,0.0027881432854994425,3.394255874673624,0.0,96.60574412532638,0.3658043650760783,0.0,0,23980.0,27.223999999999492,4.2268055555555755,50.418801368441805,37.98247976992849,12.436321598513267,75.33396022719121,49.64355092161963,37.98247976992849,0.0,28.757242064313772,1.5,3,0.0,233,24.463519313304722,491,2398,nan,nan,2.7804232317846704,2.7804232317846704,0,0.0,0.0,0.0,0.0,0,0,0,,,,,,,,,,,,,,,,,,,,,,,,,
non_binding_good,C2,8049,1768,1766,73.58333333333333,99.8868778280543,0.25414849205190043,4.132452572011001,0.007603203123065057,4.322766570605186,0.0,95.67723342939482,0.39617053637879424,0.0,0,24220.0,26.059999999999526,4.019722222222242,50.03347055260611,37.70268835268565,12.33078219992043,75.35493328020159,50.535489847121376,37.70268835268565,0.0,28.179588127523687,1.5,3,0.0,195,30.256410256410255,440,2422,nan,nan,2.800277681705277,2.800277681705277,0,0.0,0.0,0.0,0.0,0,0,0,,,,,,,,,,,,,,,,,,,,,,,,,
non_binding_good,C2,8050,1702,1701,70.875,99.94124559341951,0.17278312206281585,3.4040042941371365,0.0034026278192441487,3.488372093023251,0.0,96.51162790697676,0.41852628254687796,0.0,0,24080.0,25.23999999999956,3.8802777777777977,47.04671611109301,35.41808769426508,11.628628416827892,75.28280530915515,54.60416262936491,35.41808769426508,0.0,27.173984918836105,1.5,3,0.0,172,18.6046511627907,455,2408,nan,nan,2.7692461334629397,2.7692461334629397,0,0.0,0.0,0.0,0.0,0,0,0,,,,,,,,,,,,,,,,,,,,,,,,,
non_binding_good,C2,8051,1768,1765,73.54166666666667,99.83031674208145,0.30237662463828147,5.102474172452245,0.010279221627580014,5.389221556886225,0.0,94.61077844311377,0.40498612975347104,4.7369515717340015e-17,0,22350.0,25.685999999999552,3.993750000000018,45.61237303343952,34.36880825857696,11.243564774862522,75.34974826541116,59.515056076555474,34.36880825857696,0.0,25.975689783854456,1.5,3,2.3684757858670006e-16,189,38.095238095238095,389,2235,nan,nan,2.7867143683339837,2.7867143683339837,0,0.0,0.0,0.0,0.0,0,0,0,,,,,,,,,,,,,,,,,,,,,,,,,
non_binding_good,C2,8052,1760,1758,73.25,99.88636363636364,0.15426084257397485,2.707149136013929,0.0010954807027046386,1.9283746556473802,0.0,98.07162534435263,0.39920473778514953,0.0,0,24080.0,25.935999999999524,4.001111111111132,48.17663563066611,36.26481100063826,11.911824630027835,75.27468559376621,58.436575574133684,36.26481100063826,0.0,27.9765933314904,1.5,3,0.0,192,28.645833333333332,482,2408,nan,nan,2.7453078915305693,2.7453078915305693,0,0.0,0.0,0.0,0.0,0,0,0,,,,,,,,,,,,,,,,,,,,,,,,,
non_binding_good,C2,8053,1805,1801,75.04166666666667,99.77839335180056,0.1916025555840733,3.468268879563766,0.0035192178372823756,3.1331592689295085,0.0,96.8668407310705,0.39054013412817284,0.0,0,24200.0,26.499999999999503,4.096527777777799,47.62115357684135,35.885670586456975,11.735482990384366,75.35657557843903,49.72174762310013,35.885670586456975,0.0,27.01774424573459,1.5,3,0.0,167,22.75449101796407,442,2420,nan,nan,2.78282184203117,2.78282184203117,0,0.0,0.0,0.0,0.0,0,0,0,,,,,,,,,,,,,,,,,,,,,,,,,
non_binding_good,C2,8054,1767,1763,73.45833333333333,99.77362761743068,0.17396136245887223,2.276784799601834,0.000769103521609597,1.4367816091954033,0.0,98.5632183908046,0.4034632467874418,0.0,0,24190.0,26.041999999999522,4.017222222222243,46.68127348132657,35.16687934003433,11.514394141292193,75.33401879899822,54.78347871510588,35.16687934003433,0.0,26.425854969806245,1.5,3,0.0,200,30.5,455,2419,nan,nan,2.7873100479586705,2.7873100479586705,0,0.0,0.0,0.0,0.0,0,0,0,,,,,,,,,,,,,,,,,,,,,,,,,
non_binding_good,C2,8055,1831,1827,76.125,99.7815401419989,0.2266410472302361,3.0106712836069467,0.0032935649971344567,3.8567493112947604,0.0,96.14325068870524,0.38112341118859194,0.0,0,24500.0,26.87199999999948,4.154861111111133,48.699563677316725,36.690455751885246,12.009107925431458,75.34041987520911,48.830007181505486,36.690455751885246,0.0,27.566369425074253,1.5,3,0.0,212,20.754716981132077,480,2450,nan,nan,2.795507750194266,2.795507750194266,0,0.0,0.0,0.0,0.0,0,0,0,,,,,,,,,,,,,,,,,,,,,,,,,
non_binding_good,C2,8056,1813,1811,75.45833333333333,99.88968560397133,0.2660564120991327,4.893815377070799,0.007294936237198084,3.409090909090906,0.0,96.5909090909091,0.3810624654163037,0.0,0,24450.0,26.645999999999496,4.116666666666689,49.820909997439486,37.52217981098188,12.298730186457579,75.31411973990501,46.42953637759454,37.52217981098188,0.0,28.831605868146305,1.5,3,0.0,244,19.262295081967213,448,2445,nan,nan,2.7530865411805205,2.7530865411805205,0,0.0,0.0,0.0,0.0,0,0,0,,,,,,,,,,,,,,,,,,,,,,,,,
non_binding_good,C3,8007,1786,1782,74.25,99.77603583426652,0.15346529706544978,2.309889304740015,0.0006285580007069111,2.359882005899705,0.0,97.6401179941003,0.3946999341475618,0.0,0,24080.0,26.24799999999952,4.055277777777798,47.98514787788749,36.147363513376156,11.837784364511275,75.33031596644007,51.21662341148369,36.147363513376156,0.0,27.297238685331763,1.5,3,0.0,188,50.53191489361703,457,2408,nan,nan,2.784990246273278,2.784990246273278,0,0.0,0.0,0.0,0.0,0,0,0,,,,,,,,,,,,,,,,,,,,,,,,,
non_binding_good,C3,8008,1761,1761,73.375,100.0,0.1938949234765681,3.4659419405489946,0.006394523273997407,5.234159779614322,0.0,94.76584022038568,0.3975076897023152,0.0,0,24440.0,26.019999999999527,4.008194444444465,49.28685547741084,37.128047156037965,12.158808321372875,75.33052534271435,51.66196725121267,37.128047156037965,0.0,28.331410907754574,1.5,3,0.0,232,52.1551724137931,485,2444,nan,nan,2.779759191049858,2.779759191049858,0,0.0,0.0,0.0,0.0,0,0,0,,,,,,,,,,,,,,,,,,,,,,,,,
non_binding_good,C3,8009,1770,1768,73.66666666666667,99.88700564971752,0.2081441097912849,3.769331949019094,0.0020675003146071905,3.1428571428571472,0.0,96.85714285714285,0.39772878948426926,0.0,0,23810.0,26.001999999999526,4.0181944444444655,48.65012035946763,36.65192396830945,11.99819639115816,75.33778682867481,52.54204924511625,36.65192396830945,0.0,27.651135962266046,1.5,3,0.0,208,55.28846153846154,449,2381,nan,nan,2.778900935007352,2.778900935007352,0,0.0,0.0,0.0,0.0,0,0,0,,,,,,,,,,,,,,,,,,,,,,,,,
non_binding_good,C3,8010,1833,1827,76.125,99.67266775777414,0.20482189280574564,2.98377859432876,0.0022824740035571525,3.314917127071826,0.0,96.68508287292818,0.38299484702835507,0.0,0,23350.0,26.665999999999514,4.143055555555574,46.78401138630367,35.23202583103041,11.55198555527322,75.30783442256262,63.6115755965201,35.23202583103041,0.0,26.959621576244558,1.5,3,0.0,156,54.48717948717948,430,2335,nan,nan,2.7619547446069874,2.7619547446069874,0,0.0,0.0,0.0,0.0,0,0,0,,,,,,,,,,,,,,,,,,,,,,,,,
non_binding_good,C3,8011,1764,1761,73.375,99.82993197278913,0.19020477060035673,3.678181912193395,0.004112520654117116,3.350515463917525,0.0,96.64948453608247,0.4069574428571639,9.473903143468003e-17,0,23010.0,25.769999999999534,3.9945833333333542,45.150247444078126,34.01046988393372,11.139777560144353,75.32731670199188,69.4996838975351,34.01046988393372,0.0,25.760639285709047,1.5,3,4.736951571734001e-16,175,59.42857142857143,420,2301,nan,nan,2.79168767783285,2.79168767783285,0,0.0,0.0,0.0,0.0,0,0,0,,,,,,,,,,,,,,,,,,,,,,,,,
non_binding_good,C3,8012,1784,1780,74.16666666666667,99.77578475336323,0.21015167952533093,2.936307526338472,0.0020110664689456585,1.8421052631578894,0.0,98.15789473684211,0.3975480746666988,4.7369515717340015e-17,0,22760.0,25.959999999999553,4.032777777777795,47.4436071558857,35.747383137327986,11.696224018557686,75.34710212879183,50.540491324678804,35.747383137327986,0.0,26.724092444436423,1.5,3,2.3684757858670006e-16,189,45.5026455026455,437,2276,nan,nan,2.797672673994738,2.797672673994738,0,0.0,0.0,0.0,0.0,0,0,0,,,,,,,,,,,,,,,,,,,,,,,,,
non_binding_good,C3,8013,1846,1840,76.66666666666667,99.67497291440954,0.24631136148395702,4.109141328330589,0.005185261442552866,3.5532994923857864,0.0,96.44670050761421,0.37611200376628384,0.0,0,23760.0,26.903999999999492,4.175833333333354,48.009285191970854,36.15750506400342,11.851780127967409,75.31356678072444,62.82264720122816,36.15750506400342,0.0,27.7775546139846,1.5,3,0.0,227,49.77973568281938,445,2376,nan,nan,2.758532215947046,2.758532215947046,0,0.0,0.0,0.0,0.0,0,0,0,,,,,,,,,,,,,,,,,,,,,,,,,
non_binding_good,C3,8014,1827,1824,76.0,99.83579638752053,0.22770898376298968,3.4978575824417324,0.0018416747805334685,2.832861189801694,0.0,97.16713881019831,0.382126214747008,9.473903143468003e-17,0,23320.0,26.587999999999518,4.130138888888908,47.61744670501537,35.842420789543716,11.775025915471602,75.27161422909424,55.50323777466469,35.842420789543716,0.0,27.593446313248023,1.5,3,4.736951571734001e-16,225,56.44444444444444,440,2332,nan,nan,2.749382126173445,2.749382126173445,0,0.0,0.0,0.0,0.0,0,0,0,,,,,,,,,,,,,,,,,,,,,,,,,
non_binding_good,C3,8015,1824,1817,75.70833333333333,99.61622807017544,0.23681670993874213,3.1954236485418126,0.001815553661318532,2.2471910112359605,0.0,97.75280898876404,0.382723627236902,0.0,0,23280.0,26.54399999999952,4.123333333333352,48.032401973244944,36.16610031777991,11.866301655464998,75.29521496327663,51.80446742260456,36.16610031777991,0.0,27.65242652410787,1.5,3,0.0,222,40.54054054054054,415,2328,nan,nan,2.7729841125550068,2.7729841125550068,0,0.0,0.0,0.0,0.0,0,0,0,,,,,,,,,,,,,,,,,,,,,,,,,
non_binding_good,C3,8016,1853,1848,77.0,99.7301672962763,0.2610446791571469,4.9126977437415915,0.008928914153829513,3.7735849056603765,0.0,96.22641509433963,0.3774813440586743,4.7369515717340015e-17,0,23910.0,27.017999999999493,4.19250000000002,47.18563201411218,35.543397211739084,11.64223480237308,75.32673759908278,61.19448377394217,35.543397211739084,0.0,26.94910842977587,1.5,3,2.3684757858670006e-16,186,46.774193548387096,428,2391,nan,nan,2.783265401568507,2.783265401568507,0,0.0,0.0,0.0,0.0,0,0,0,,,,,,,,,,,,,,,,,,,,,,,,,
non_binding_good,C3,8017,1805,1800,75.0,99.7229916897507,0.20647026325096127,2.6207052486434503,0.001270093444970773,2.680965147453085,0.0,97.31903485254692,0.3894473979187347,9.473903143468003e-17,0,23900.0,26.439999999999515,4.092361111111131,47.939742681485896,36.110345357715005,11.829397323770854,75.3244455182707,60.89256526712982,36.110345357715005,0.0,27.290928298094094,1.5,3,4.736951571734001e-16,237,54.008438818565395,471,2390,nan,nan,2.7840802944801735,2.7840802944801735,0,0.0,0.0,0.0,0.0,0,0,0,,,,,,,,,,,,,,,,,,,,,,,,,
non_binding_good,C3,8018,1745,1742,72.58333333333333,99.82808022922636,0.18441969704917752,3.3574684663168832,0.001710677507746304,2.077151335311578,0.0,97.92284866468842,0.39916677984103827,0.0,0,24290.0,25.79799999999954,3.9727777777777975,50.71973883588522,38.213155984450594,12.506582851434583,75.34178381339383,50.97267369659888,38.213155984450594,0.0,29.027749484184888,1.5,3,0.0,231,53.246753246753244,438,2429,nan,nan,2.7792901570947577,2.7792901570947577,0,0.0,0.0,0.0,0.0,0,0,0,,,,,,,,,,,,,,,,,,,,,,,,,
non_binding_good,C3,8019,1811,1808,75.33333333333333,99.83434566537824,0.24262971979572426,4.008524875702763,0.00822329619444601,4.705882352941182,0.0,95.29411764705881,0.38857857608973234,0.0,0,23890.0,26.509999999999504,4.104722222222243,47.231327970186406,35.56803330413481,11.663294666051556,75.30602003523221,53.77515850940152,35.56803330413481,0.0,27.091467088678037,1.5,3,0.0,186,52.68817204301075,431,2389,nan,nan,2.7713669280796838,2.7713669280796838,0,0.0,0.0,0.0,0.0,0,0,0,,,,,,,,,,,,,,,,,,,,,,,,,
non_binding_good,C3,8020,1742,1735,72.29166666666667,99.59816303099885,0.17446248850039367,2.442206452386017,0.0005928998355939097,0.8403361344537785,0.0,99.15966386554622,0.4112858375909063,0.0,0,22690.0,25.441999999999567,3.944305555555573,46.39138096600233,34.948209751325564,11.443171214676731,75.33341112853952,51.8703819245278,34.948209751325564,0.0,26.20631838005123,1.5,3,0.0,190,45.78947368421053,410,2269,nan,nan,2.7940437949499706,2.7940437949499706,0,0.0,0.0,0.0,0.0,0,0,0,,,,,,,,,,,,,,,,,,,,,,,,,
non_binding_good,C3,8021,1777,1773,73.875,99.77490151941475,0.21145732597593012,4.20268666442765,0.005439481176086266,4.216867469879515,0.0,95.78313253012048,0.3907408373308149,0.0,0,23900.0,26.103999999999534,4.034027777777797,50.72444084210264,38.220595401664134,12.503845440438472,75.34946618857555,51.19603826747819,38.220595401664134,0.0,28.912012889518497,1.5,3,0.0,242,61.98347107438017,459,2390,nan,nan,2.7901929381776105,2.7901929381776105,0,0.0,0.0,0.0,0.0,0,0,0,,,,,,,,,,,,,,,,,,,,,,,,,
non_binding_good,C3,8022,1723,1717,71.54166666666667,99.65177016831109,0.1978110412088216,4.2058530950736595,0.006120235911583145,3.4482758620689613,0.0,96.55172413793103,0.4159437771156219,0.0,0,23140.0,25.30399999999956,3.9109722222222416,46.55091025561235,35.0669831261363,11.483927129476017,75.3303918947718,56.63262390831289,35.0669831261363,0.0,26.36127794331672,1.5,3,0.0,194,59.27835051546392,402,2314,nan,nan,2.798656950894009,2.798656950894009,0,0.0,0.0,0.0,0.0,0,0,0,,,,,,,,,,,,,,,,,,,,,,,,,
non_binding_good,C3,8023,1811,1809,75.375,99.88956377691883,0.1918976510467473,2.8288770462448154,0.0012577485086952282,1.5625,0.0,98.4375,0.3877360779252147,0.0,0,23840.0,26.499999999999513,4.104027777777797,47.58604982369101,35.83183229996637,11.75421752372462,75.29902656918429,62.54997206812667,35.83183229996637,0.0,27.30209162980745,1.5,3,0.0,228,53.50877192982456,465,2384,nan,nan,2.7723399819773777,2.7723399819773777,0,0.0,0.0,0.0,0.0,0,0,0,,,,,,,,,,,,,,,,,,,,,,,,,
non_binding_good,C3,8024,1767,1766,73.58333333333333,99.94340690435767,0.19232210589356258,3.1076376585593,0.0021519174899890785,2.5862068965517238,0.0,97.41379310344827,0.4019745613079985,9.473903143468003e-17,0,23820.0,25.967999999999527,4.0120833333333525,47.384011655134344,35.70113629337386,11.68287536176046,75.34426707727991,62.76187155203844,35.70113629337386,0.0,26.798026339667032,1.5,3,4.736951571734001e-16,184,61.41304347826087,452,2382,nan,nan,2.799407378989718,2.799407378989718,0,0.0,0.0,0.0,0.0,0,0,0,,,,,,,,,,,,,,,,,,,,,,,,,
non_binding_good,C3,8025,1797,1793,74.70833333333333,99.77740678909294,0.3010558211654216,5.032156175785349,0.012186013208908114,6.9164265129682985,0.0,93.0835734870317,0.3876891629176743,0.0,0,23300.0,26.223999999999528,4.067361111111131,49.025943361018406,36.91586984148045,12.110073519537927,75.29864253633733,50.48475238003658,36.91586984148045,0.0,28.286042603914773,1.5,3,0.0,251,46.21513944223107,447,2330,nan,nan,2.765035650700543,2.765035650700543,0,0.0,0.0,0.0,0.0,0,0,0,,,,,,,,,,,,,,,,,,,,,,,,,
non_binding_good,C3,8026,1756,1755,73.125,99.94305239179954,0.180136212916476,2.923621465861894,0.0020572209519785787,2.472527472527475,0.0,97.52747252747253,0.40022278508727893,0.0,0,23670.0,25.805999999999536,3.987083333333352,49.03149241322018,36.93662921948638,12.09486319373373,75.33245961227829,51.624590082412844,36.93662921948638,0.0,27.9998592837358,1.5,3,0.0,242,68.18181818181817,432,2367,nan,nan,2.778126595396116,2.778126595396116,0,0.0,0.0,0.0,0.0,0,0,0,,,,,,,,,,,,,,,,,,,,,,,,,
non_binding_good,C3,8027,1795,1793,74.70833333333333,99.88857938718662,0.20698324809020427,3.7354277029912435,0.004441703659779265,3.1339031339031376,0.0,96.86609686609687,0.3857178374770789,0.0,0,24080.0,26.355999999999522,4.074027777777797,51.049090358862045,38.46841067883944,12.580679680022582,75.35572212632263,52.29617964915357,38.46841067883944,0.0,28.917762852952507,1.5,3,0.0,235,62.5531914893617,428,2408,nan,nan,2.7938285208290337,2.7938285208290337,0,0.0,0.0,0.0,0.0,0,0,0,,,,,,,,,,,,,,,,,,,,,,,,,
non_binding_good,C3,8028,1782,1777,74.04166666666667,99.71941638608305,0.18515960783841034,2.995472087230337,0.003786024325967672,4.31034482758621,0.0,95.6896551724138,0.39655214456185367,0.0,0,24220.0,26.227999999999515,4.04888888888891,47.28295508003718,35.617379245457265,11.665575834579899,75.32815828699101,62.032546589756166,35.617379245457265,0.0,27.111963859536594,1.5,3,0.0,202,56.930693069306926,473,2422,nan,nan,2.765679997484647,2.765679997484647,0,0.0,0.0,0.0,0.0,0,0,0,,,,,,,,,,,,,,,,,,,,,,,,,
non_binding_good,C3,8029,1747,1743,72.625,99.77103606182027,0.3172779002339618,5.036285564744443,0.014388707744275983,7.9889807162534465,0.0,92.01101928374655,0.4065711866971588,0.0,0,22320.0,25.427999999999578,3.94958333333335,47.66580259573668,35.90541107981984,11.760391515916826,75.32740271750149,58.674876886857376,35.90541107981984,0.0,27.03775888126586,1.5,3,0.0,230,66.52173913043478,420,2232,nan,nan,2.7963669274031937,2.7963669274031937,0,0.0,0.0,0.0,0.0,0,0,0,,,,,,,,,,,,,,,,,,,,,,,,,
non_binding_good,C3,8030,1821,1816,75.66666666666667,99.72542559033498,0.2091056071892869,3.215488679238964,0.002732272200145272,2.3195876288659822,0.0,97.68041237113401,0.3808057037170624,0.0,0,24510.0,26.753999999999508,4.134166666666687,49.55183150407693,37.328717647139385,12.223113856937495,75.33266988137083,53.97471572437882,37.328717647139385,0.0,28.340240737401075,1.5,3,0.0,207,54.589371980676326,454,2451,nan,nan,2.7662595693222434,2.7662595693222434,0,0.0,0.0,0.0,0.0,0,0,0,,,,,,,,,,,,,,,,,,,,,,,,,
non_binding_good,C3,8031,1743,1739,72.45833333333333,99.77051061388411,0.20916418762509098,3.525584893835185,0.004732722768527921,4.07608695652174,0.0,95.92391304347827,0.4073365794152273,0.0,0,22960.0,25.507999999999555,3.9501388888889077,47.48061341201278,35.77163710598932,11.708976306023404,75.33945864511294,53.79335347009131,35.77163710598932,0.0,27.124188479526524,1.5,3,0.0,226,50.442477876106196,391,2296,nan,nan,2.76920740435575,2.76920740435575,0,0.0,0.0,0.0,0.0,0,0,0,,,,,,,,,,,,,,,,,,,,,,,,,
non_binding_good,C3,8032,1877,1871,77.95833333333333,99.6803409696324,0.2713552501254297,3.5248077591801423,0.008649948953189886,6.052631578947365,0.0,93.94736842105263,0.36509042789325796,0.0,0,23920.0,27.307999999999474,4.24263888888891,49.676576678416865,37.42883986424526,12.247736814171558,75.34504663343094,53.599228000434216,37.42883986424526,0.0,28.380170804463315,1.5,3,0.0,228,58.333333333333336,420,2392,nan,nan,2.7833107686945797,2.7833107686945797,0,0.0,0.0,0.0,0.0,0,0,0,,,,,,,,,,,,,,,,,,,,,,,,,
non_binding_good,C3,8033,1854,1850,77.08333333333333,99.78425026968716,0.26758500874707664,4.434845055566666,0.008951853854129962,5.759162303664922,0.0,94.24083769633508,0.3759999024260051,0.0,0,23890.0,27.025999999999485,4.194305555555577,48.249623626010916,36.35236660714132,11.897257018869567,75.34228015727797,53.808231875845195,36.35236660714132,0.0,27.250024393498705,1.5,3,0.0,216,48.61111111111111,475,2389,nan,nan,2.7845787850292467,2.7845787850292467,0,0.0,0.0,0.0,0.0,0,0,0,,,,,,,,,,,,,,,,,,,,,,,,,
non_binding_good,C3,8034,1742,1740,72.5,99.88518943742825,0.14515040384958264,2.162427435037959,0.000765165382295063,1.1695906432748537,0.0,98.83040935672514,0.4058756230586519,0.0,0,23870.0,25.677999999999535,3.960694444444466,47.43974921342055,35.718633987746166,11.721115225674382,75.29262818624152,54.74231265347866,35.718633987746166,0.0,27.558872013114833,1.5,3,0.0,168,47.61904761904761,401,2387,nan,nan,2.754914940899814,2.754914940899814,0,0.0,0.0,0.0,0.0,0,0,0,,,,,,,,,,,,,,,,,,,,,,,,,
non_binding_good,C3,8035,1765,1760,73.33333333333333,99.71671388101983,0.1958299810218411,3.2890160716181223,0.0020724194515576947,1.8018018018018056,0.0,98.1981981981982,0.3966560871606104,0.0,0,23590.0,25.89799999999954,4.00472222222224,50.33093287144946,37.93052738522657,12.40040548622288,75.36225780298004,51.07632717962392,37.93052738522657,0.0,28.266533765402947,1.5,3,0.0,239,47.28033472803347,438,2359,nan,nan,2.8055712951974323,2.8055712951974323,0,0.0,0.0,0.0,0.0,0,0,0,,,,,,,,,,,,,,,,,,,,,,,,,
non_binding_good,C3,8036,1864,1864,77.66666666666667,100.0,0.2175008482650606,3.444780572120241,0.005513556741385676,4.5698924731182755,0.0,95.43010752688173,0.3714604329904193,0.0,0,24930.0,27.353999999999463,4.2295833333333555,48.70196550755739,36.69700676809581,12.004958739461545,75.35015555460755,59.12727839794344,36.69700676809581,0.0,27.69044730795073,1.5,3,0.0,192,50.520833333333336,466,2493,nan,nan,2.795721406712342,2.795721406712342,0,0.0,0.0,0.0,0.0,0,0,0,,,,,,,,,,,,,,,,,,,,,,,,,
non_binding_good,C3,8037,1763,1759,73.29166666666667,99.77311401020987,0.21047893498037798,3.4248218150338894,0.006448896485468734,6.158357771260992,0.0,93.841642228739,0.4033674797099569,0.0,0,23220.0,25.799999999999546,3.995416666666686,46.943930677889554,35.360080423165996,11.583850254723497,75.32407259586485,60.89862381796617,35.360080423165996,0.0,26.727574516955222,1.5,3,0.0,186,50.53763440860215,405,2322,nan,nan,2.7808951235804944,2.7808951235804944,0,0.0,0.0,0.0,0.0,0,0,0,,,,,,,,,,,,,,,,,,,,,,,,,
non_binding_good,C3,8038,1748,1743,72.625,99.71395881006865,0.18168519040981268,2.7173157233446545,0.0028434307830904376,3.3519553072625663,0.0,96.64804469273743,0.40128400673036485,0.0,0,23650.0,25.705999999999545,3.970138888888908,49.18634192398815,37.05110259337371,12.135239330614416,75.32803039232302,51.84615751846044,37.05110259337371,0.0,28.29010942851989,1.5,3,0.0,208,62.980769230769226,416,2365,nan,nan,2.767719794769243,2.767719794769243,0,0.0,0.0,0.0,0.0,0,0,0,,,,,,,,,,,,,,,,,,,,,,,,,
non_binding_good,C3,8039,1778,1776,74.0,99.8875140607424,0.20624574399366935,3.345687341277153,0.0037967479744425436,3.9682539682539653,0.0,96.03174603174604,0.401367914294264,0.0,0,23450.0,26.025999999999524,4.029861111111132,45.507353312282454,34.272185828710704,11.235167483571725,75.3113141815273,65.67234590386646,34.272185828710704,0.0,26.185799204211797,1.5,3,0.0,173,57.80346820809249,414,2345,nan,nan,2.7744298832205994,2.7744298832205994,0,0.0,0.0,0.0,0.0,0,0,0,,,,,,,,,,,,,,,,,,,,,,,,,
non_binding_good,C3,8040,1798,1795,74.79166666666667,99.83314794215795,0.2249557295058905,2.726543020050485,0.0036132378520032584,4.054054054054057,0.0,95.94594594594594,0.38411521460182596,0.0,0,24120.0,26.399999999999523,4.080833333333353,51.23713705642474,38.595442291807416,12.641694764617272,75.32708599487965,50.02644709600721,38.595442291807416,0.0,29.110085238432383,1.5,3,0.0,280,54.64285714285714,418,2412,nan,nan,2.7863936828881646,2.7863936828881646,0,0.0,0.0,0.0,0.0,0,0,0,,,,,,,,,,,,,,,,,,,,,,,,,
non_binding_good,C3,8041,1774,1769,73.70833333333333,99.71815107102593,0.16492776243374233,2.359326744108451,0.0005994115218024906,1.9230769230769273,0.0,98.07692307692307,0.4014274121132968,0.0,0,23450.0,25.977999999999533,4.0215277777777985,46.439632368316836,34.98930472562367,11.450327642693157,75.34362987226169,52.47124153523348,34.98930472562367,0.0,26.448702527231376,1.5,3,0.0,168,50.595238095238095,438,2345,nan,nan,2.791458396537211,2.791458396537211,0,0.0,0.0,0.0,0.0,0,0,0,,,,,,,,,,,,,,,,,,,,,,,,,
non_binding_good,C3,8042,1786,1782,74.25,99.77603583426652,0.20676883542173558,3.139722117407412,0.0030023603933579763,3.1339031339031376,0.0,96.86609686609687,0.39081365926904016,0.0,0,23680.0,26.167999999999527,4.049722222222241,48.82819197969889,36.76255724323091,12.065634736467922,75.28961395604313,51.092190939965135,36.76255724323091,0.0,28.268807404962196,1.5,3,0.0,226,58.849557522123895,413,2368,nan,nan,2.7725383198830094,2.7725383198830094,0,0.0,0.0,0.0,0.0,0,0,0,,,,,,,,,,,,,,,,,,,,,,,,,
non_binding_good,C3,8043,1762,1759,73.29166666666667,99.82973893303064,0.18090104277062075,3.032102207716283,0.002174403214313703,2.8490028490028463,0.0,97.15099715099716,0.4028844105610318,0.0,0,23600.0,25.863999999999542,3.9986111111111304,47.009301439899545,35.40420239564068,11.60509904425883,75.3131854999042,52.50984576869503,35.40420239564068,0.0,26.91778624863098,1.5,3,0.0,177,46.89265536723164,468,2360,nan,nan,2.7766278319350564,2.7766278319350564,0,0.0,0.0,0.0,0.0,0,0,0,,,,,,,,,,,,,,,,,,,,,,,,,
non_binding_good,C3,8044,1804,1803,75.125,99.94456762749445,0.2338111210161032,3.5762285249649723,0.008306275764921166,5.418719211822665,0.0,94.58128078817734,0.39300410331126806,0.0,0,23490.0,26.345999999999528,4.084583333333352,46.982979205011006,35.40322443115689,11.579754773854065,75.35329821609298,65.40096749688361,35.40322443115689,0.0,26.47119639440522,1.5,3,0.0,185,55.67567567567567,432,2349,nan,nan,2.7998449005290276,2.7998449005290276,0,0.0,0.0,0.0,0.0,0,0,0,,,,,,,,,,,,,,,,,,,,,,,,,
non_binding_good,C3,8045,1788,1778,74.08333333333333,99.4407158836689,0.23478082833871017,4.7791259625412446,0.009146679323383125,3.7634408602150504,0.0,96.23655913978494,0.39014947341534645,0.0,0,23910.0,26.23799999999953,4.057083333333352,49.73187357699752,37.46540911376345,12.266464463234023,75.33480325400875,50.88839801114713,37.46540911376345,0.0,28.29596497949672,1.5,3,0.0,232,61.63793103448276,432,2391,nan,nan,2.792935934604466,2.792935934604466,0,0.0,0.0,0.0,0.0,0,0,0,,,,,,,,,,,,,,,,,,,,,,,,,
non_binding_good,C3,8046,1757,1755,73.125,99.88616960728514,0.16566274712596674,2.4778360504352652,0.0009857523305021835,1.5151515151515138,0.0,98.48484848484848,0.39529080745497225,0.0,0,23960.0,25.875999999999543,3.993194444444463,50.952364210369055,38.387904547694184,12.564459662674853,75.34077199872516,50.17607906153734,38.387904547694184,0.0,29.163409247368048,1.5,3,0.0,263,59.6958174904943,435,2396,nan,nan,2.78275415605836,2.78275415605836,0,0.0,0.0,0.0,0.0,0,0,0,,,,,,,,,,,,,,,,,,,,,,,,,
non_binding_good,C3,8047,1815,1814,75.58333333333333,99.94490358126723,0.22228819912288186,4.389458689549307,0.004581300673319247,3.475935828877008,0.0,96.52406417112299,0.386635297230017,0.0,0,23660.0,26.511999999999503,4.109861111111133,47.64751591147659,35.87641030598676,11.771105605489796,75.29544745342204,62.340764389598554,35.87641030598676,0.0,27.299509025829074,1.5,3,0.0,202,50.495049504950494,450,2366,nan,nan,2.7742975384412105,2.7742975384412105,0,0.0,0.0,0.0,0.0,0,0,0,,,,,,,,,,,,,,,,,,,,,,,,,
non_binding_good,C3,8048,1869,1869,77.875,100.0,0.22936821251284573,2.5355792915269073,0.0027881432854994425,3.394255874673624,0.0,96.60574412532638,0.3659229118915024,0.0,0,23760.0,27.17999999999949,4.22375000000002,50.37490758746216,37.94994492484454,12.42496266261757,75.3350164642087,53.933687161719504,37.94994492484454,0.0,28.72760536045775,1.5,3,0.0,256,58.59375,493,2376,nan,nan,2.779194753142649,2.779194753142649,0,0.0,0.0,0.0,0.0,0,0,0,,,,,,,,,,,,,,,,,,,,,,,,,
non_binding_good,C3,8049,1768,1766,73.58333333333333,99.8868778280543,0.25413812697161575,4.132452572011001,0.007603203123065057,4.322766570605186,0.0,95.67723342939482,0.39630592527685227,0.0,0,23980.0,26.01199999999953,4.016388888888908,49.96566427595507,37.6513550193523,12.314309256602725,75.35445703555116,52.40099148355788,37.6513550193523,0.0,28.145740903009163,1.5,3,0.0,207,66.66666666666666,440,2398,nan,nan,2.7985796446938918,2.7985796446938918,0,0.0,0.0,0.0,0.0,0,0,0,,,,,,,,,,,,,,,,,,,,,,,,,
non_binding_good,C3,8050,1702,1701,70.875,99.94124559341951,0.1725429192009123,3.4040042941371365,0.0034026278192441487,3.488372093023251,0.0,96.51162790697676,0.4187685176300415,0.0,0,23710.0,25.165999999999563,3.875138888888908,46.94177438443925,35.33894880537619,11.602825579063005,75.28251598663623,56.7354766405165,35.33894880537619,0.0,27.11342614804518,1.5,3,0.0,189,51.85185185185185,448,2371,nan,nan,2.7717155103120628,2.7717155103120628,0,0.0,0.0,0.0,0.0,0,0,0,,,,,,,,,,,,,,,,,,,,,,,,,
non_binding_good,C3,8051,1768,1765,73.54166666666667,99.83031674208145,0.30221596789663846,5.102474172452245,0.010279221627580014,5.389221556886225,0.0,94.61077844311377,0.4051793529578288,4.7369515717340015e-17,0,21910.0,25.597999999999562,3.9876388888889074,45.48794540727816,34.274697147465844,11.213248259812296,75.34896738154681,58.969536716920935,34.274697147465844,0.0,25.927383982765015,1.5,3,2.3684757858670006e-16,200,54.0,382,2191,nan,nan,2.7849171643149377,2.7849171643149377,0,0.0,0.0,0.0,0.0,0,0,0,,,,,,,,,,,,,,,,,,,,,,,,,
non_binding_good,C3,8052,1760,1758,73.25,99.88636363636364,0.15415752276126124,2.707149136013929,0.0010954807027046386,1.9283746556473802,0.0,98.07162534435263,0.39927611256800305,0.0,0,23860.0,25.891999999999534,3.9980555555555766,48.11500946800396,36.2177554450827,11.897254022921237,75.27330004822545,59.14303655667671,36.2177554450827,0.0,27.958749635777004,1.5,3,0.0,192,56.770833333333336,472,2386,nan,nan,2.7458168642397958,2.7458168642397958,0,0.0,0.0,0.0,0.0,0,0,0,,,,,,,,,,,,,,,,,,,,,,,,,
non_binding_good,C3,8053,1805,1801,75.04166666666667,99.77839335180056,0.19154399334987574,3.468268879563766,0.0035192178372823756,3.1331592689295085,0.0,96.8668407310705,0.39073441817181426,0.0,0,23900.0,26.439999999999507,4.092361111111131,47.53490944488321,35.8215039197903,11.713405525092885,75.35830895255073,52.017858734211266,35.8215039197903,0.0,26.96917323482423,1.5,3,0.0,181,51.93370165745856,435,2390,nan,nan,2.7837482496373505,2.7837482496373505,0,0.0,0.0,0.0,0.0,0,0,0,,,,,,,,,,,,,,,,,,,,,,,,,
non_binding_good,C3,8054,1767,1763,73.45833333333333,99.77362761743068,0.1738189038919878,2.276784799601834,0.000769103521609597,1.4367816091954033,0.0,98.5632183908046,0.4039125309258148,0.0,0,23820.0,25.967999999999527,4.012083333333354,46.569270144840296,35.08398489645693,11.485285248383304,75.33720152224484,54.78347871510588,35.08398489645693,0.0,26.31353393521297,1.5,3,0.0,226,46.017699115044245,455,2382,nan,nan,2.7902000474500643,2.7902000474500643,0,0.0,0.0,0.0,0.0,0,0,0,,,,,,,,,,,,,,,,,,,,,,,,,
non_binding_good,C3,8055,1831,1827,76.125,99.7815401419989,0.22657071878574242,3.0106712836069467,0.0032935649971344567,3.8567493112947604,0.0,96.14325068870524,0.38145028785850926,0.0,0,24170.0,26.805999999999486,4.1502777777777995,48.606689232318786,36.62186764583104,11.984821586487719,75.34326699519582,50.23834051483883,36.62186764583104,0.0,27.484650257594936,1.5,3,0.0,224,49.107142857142854,471,2417,nan,nan,2.796476693560891,2.796476693560891,0,0.0,0.0,0.0,0.0,0,0,0,,,,,,,,,,,,,,,,,,,,,,,,,
non_binding_good,C3,8056,1813,1811,75.45833333333333,99.88968560397133,0.26599570487077623,4.893815377070799,0.007294936237198084,3.409090909090906,0.0,96.5909090909091,0.3813483055715975,0.0,0,24040.0,26.5639999999995,4.110972222222244,49.704546938519606,37.43448536653742,12.27006157198216,75.31400580482259,50.40145046570606,37.43448536653742,0.0,28.760145829322845,1.5,3,0.0,277,52.707581227436826,436,2404,nan,nan,2.7524316519895033,2.7524316519895033,0,0.0,0.0,0.0,0.0,0,0,0,,,,,,,,,,,,,,,,,,,,,,,,,
non_binding_good,C4,8007,1786,1782,74.25,99.77603583426652,0.15346045106715703,2.309889304740015,0.0006285580007069111,2.359882005899705,0.0,97.6401179941003,0.39448142424392457,0.0,0,24520.0,26.335999999999515,4.061388888888908,48.11077579781848,36.24147462448729,11.869301173331149,75.32922515485733,50.934956744817015,36.24147462448729,0.0,27.35186616124108,1.5,3,0.0,174,70.6896551724138,466,2452,nan,nan,2.785744408883019,2.785744408883019,0,0.0,0.0,0.0,0.0,0,0,0,2247,3.554618943715468,1.5819398948444452,2.626074431464076,6.548584904521704,,,,,,,,,,,,,,,,,,,,
non_binding_good,C4,8008,1761,1761,73.375,100.0,0.19390634101027232,3.4659419405489946,0.006394523273997407,5.234159779614322,0.0,94.76584022038568,0.39724576150225854,0.0,0,24760.0,26.08399999999952,4.01263888888891,49.378175463943606,37.19649160048241,12.18168386346117,75.32982183119266,51.66196725121267,37.19649160048241,0.0,28.396892957768713,1.5,3,0.0,210,67.61904761904762,489,2476,nan,nan,2.7778270596119543,2.7778270596119543,0,0.0,0.0,0.0,0.0,0,0,0,2231,3.6471218718215823,1.634747589341812,3.8751043612137437,6.5420251339674,,,,,,,,,,,,,,,,,,,,
non_binding_good,C4,8009,1770,1768,73.66666666666667,99.88700564971752,0.2082560934284412,3.769331949019094,0.0020675003146071905,3.1428571428571472,0.0,96.85714285714285,0.3975414573350707,0.0,0,24190.0,26.077999999999527,4.023472222222243,48.75678617932812,36.73320174608723,12.02358443324086,75.33966986868663,52.54204924511625,36.73320174608723,0.0,27.69796899956569,1.5,3,0.0,208,72.11538461538461,462,2419,nan,nan,2.7807636770026205,2.7807636770026205,0,0.0,0.0,0.0,0.0,0,0,0,2172,3.6528354005422443,1.6817842543932986,3.9414152270182967,6.683978950604796,,,,,,,,,,,,,,,,,,,,
non_binding_good,C4,8010,1833,1827,76.125,99.67266775777414,0.20481444258924372,2.98377859432876,0.0022824740035571525,3.314917127071826,0.0,96.68508287292818,0.38282293673528817,0.0,0,23550.0,26.70599999999951,4.145833333333353,46.84109440827338,35.2748036088082,11.566290799465158,75.3073856501904,60.393462906263714,35.2748036088082,0.0,27.002599149511283,1.5,3,0.0,150,80.0,424,2355,nan,nan,2.759718162439529,2.759718162439529,0,0.0,0.0,0.0,0.0,0,0,0,2122,3.470444721635431,1.6354593410157543,2.7143333572894335,7.502282969653606,,,,,,,,,,,,,,,,,,,,
non_binding_good,C4,8011,1764,1761,73.375,99.82993197278913,0.19025419039959623,3.678181912193395,0.004112520654117116,3.350515463917525,0.0,96.64948453608247,0.4067915207869187,9.473903143468003e-17,0,23400.0,25.847999999999526,4.000000000000021,45.26078172835744,34.093886550600395,11.166895177756999,75.32765729770725,68.77423624853249,34.093886550600395,0.0,25.802119803270344,1.5,3,4.736951571734001e-16,158,80.37974683544303,433,2340,nan,nan,2.793294280869431,2.793294280869431,0,0.0,0.0,0.0,0.0,0,0,0,2138,3.476815663743764,1.6262000298146697,2.71621294086799,6.689799018204212,,,,,,,,,,,,,,,,,,,,
non_binding_good,C4,8012,1784,1780,74.16666666666667,99.77578475336323,0.21039553666701988,2.936307526338472,0.0020110664689456585,1.8421052631578894,0.0,98.15789473684211,0.39746924159082564,4.7369515717340015e-17,0,23160.0,26.039999999999544,4.038333333333351,47.55615419295856,35.832938692883545,11.72321550007497,75.34868893622432,50.540491324678804,35.832938692883545,0.0,26.74380071340473,1.5,3,2.3684757858670006e-16,173,62.42774566473989,443,2316,nan,nan,2.799298078021328,2.799298078021328,0,0.0,0.0,0.0,0.0,0,0,0,2103,3.38139908737503,1.607893051533538,2.6511871721595517,6.6828259732574224,,,,,,,,,,,,,,,,,,,,
non_binding_good,C4,8013,1846,1840,76.66666666666667,99.67497291440954,0.24609664581332463,4.109141328330589,0.005185261442552866,3.5532994923857864,0.0,96.44670050761421,0.37593497370121653,0.0,0,24020.0,26.95599999999949,4.179444444444465,48.07686572412635,36.20813005154199,11.86873567258433,75.31300035096031,62.107135390190024,36.20813005154199,0.0,27.821812130251423,1.5,3,0.0,207,60.38647342995169,443,2402,nan,nan,2.759028464923185,2.759028464923185,0,0.0,0.0,0.0,0.0,0,0,0,2167,3.5913433064706624,1.6572880971253634,3.8986984640359874,7.897546049207449,,,,,,,,,,,,,,,,,,,,
non_binding_good,C4,8014,1827,1824,76.0,99.83579638752053,0.2277241193920241,3.4978575824417324,0.0018416747805334685,2.832861189801694,0.0,97.16713881019831,0.3820019146105277,9.473903143468003e-17,0,23760.0,26.675999999999508,4.13625000000002,47.74028429208753,35.93653190065483,11.803752391432656,75.27506891409725,55.06325978748639,35.93653190065483,0.0,27.624521347368105,1.5,3,4.736951571734001e-16,212,74.05660377358491,449,2376,nan,nan,2.7513056415862027,2.7513056415862027,0,0.0,0.0,0.0,0.0,0,0,0,2149,3.5341488788835704,1.6445550855670408,3.876699320971966,6.654685130342841,,,,,,,,,,,,,,,,,,,,
non_binding_good,C4,8015,1824,1817,75.70833333333333,99.61622807017544,0.23641831894417145,3.1954236485418126,0.001815553661318532,2.2471910112359605,0.0,97.75280898876404,0.38254843131874966,0.0,0,23610.0,26.609999999999516,4.127916666666686,48.12616734238636,36.23668365111325,11.889483691273064,75.29517859444911,51.68844008063904,36.23668365111325,0.0,27.696225503645948,1.5,3,0.0,208,69.71153846153845,423,2361,nan,nan,2.7733917644692183,2.7733917644692183,0,0.0,0.0,0.0,0.0,0,0,0,2144,3.5080785758327693,1.6362306790264782,3.88142162701115,6.505049066618085,,,,,,,,,,,,,,,,,,,,
non_binding_good,C4,8016,1853,1848,77.0,99.7301672962763,0.2611848496718889,4.9126977437415915,0.008928914153829513,3.7735849056603765,0.0,96.22641509433963,0.3774113977169411,4.7369515717340015e-17,0,23990.0,27.033999999999494,4.193611111111132,47.209481239496405,35.56050832285021,11.648972916646176,75.32492920743974,61.19448377394217,35.56050832285021,0.0,26.966595015209165,1.5,3,2.3684757858670006e-16,178,67.97752808988764,428,2399,nan,nan,2.7829656812583066,2.7829656812583066,0,0.0,0.0,0.0,0.0,0,0,0,2167,3.584315450163558,1.6540449700800914,3.941823961213231,6.603620946407318,,,,,,,,,,,,,,,,,,,,
non_binding_good,C4,8017,1805,1800,75.0,99.7229916897507,0.20665187487702466,2.6207052486434503,0.0012713275331552652,2.9490616621983934,0.0,97.05093833780161,0.3891930932051269,9.473903143468003e-17,0,24380.0,26.535999999999508,4.099027777777798,48.07593226378474,36.21301202438169,11.862920239403032,75.32461736922093,60.89256526712982,36.21301202438169,0.0,27.354504476496054,1.5,3,4.736951571734001e-16,184,79.8913043478261,478,2438,nan,nan,2.7850911009878656,2.7850911009878656,0,0.0,0.0,0.0,0.0,0,0,0,2163,3.6587771500926465,1.691528964444127,3.9865500992164016,6.6855610348284245,,,,,,,,,,,,,,,,,,,,
non_binding_good,C4,8018,1745,1742,72.58333333333333,99.82808022922636,0.18445685718860041,3.3574684663168832,0.001710677507746304,2.077151335311578,0.0,97.92284866468842,0.39885519135970204,0.0,0,24830.0,25.90599999999953,3.9802777777777973,50.856907678253805,38.31594256112021,12.54096511713356,75.34068489481507,49.308557150777666,38.31594256112021,0.0,29.105646604518938,1.5,3,0.0,202,77.22772277227723,443,2483,nan,nan,2.7828988625660505,2.7828988625660505,0,0.0,0.0,0.0,0.0,0,0,0,2192,3.720965499058366,1.6975207568696924,3.9718886488117273,6.666008150205016,,,,,,,,,,,,,,,,,,,,
non_binding_good,C4,8019,1811,1808,75.33333333333333,99.83434566537824,0.24272123222276365,4.008524875702763,0.00822329619444601,4.705882352941182,0.0,95.29411764705881,0.3883297703532309,0.0,0,24280.0,26.587999999999496,4.11013888888891,47.342201431275,35.65144997080148,11.69075146047348,75.30585586003099,53.77515850940152,35.65144997080148,0.0,27.1536685228034,1.5,3,0.0,174,59.195402298850574,447,2428,nan,nan,2.772989141379959,2.772989141379959,0,0.0,0.0,0.0,0.0,0,0,0,2204,3.5593640911392868,1.6149564841829793,2.680451911874115,6.489976774901152,,,,,,,,,,,,,,,,,,,,
non_binding_good,C4,8020,1742,1735,72.29166666666667,99.59816303099885,0.17456884442023232,2.442206452386017,0.0005928998355939097,0.8403361344537785,0.0,99.15966386554622,0.4109482299369942,0.0,0,23100.0,25.523999999999564,3.950000000000017,46.507701967290195,35.03590419577001,11.471797771520146,75.33355275307188,47.5664952457777,35.03590419577001,0.0,26.290720293529244,1.5,3,0.0,175,81.71428571428572,421,2310,nan,nan,2.793842229914374,2.793842229914374,0,0.0,0.0,0.0,0.0,0,0,0,2097,3.3811160170007497,1.61235861564175,2.667775610461831,6.486306898295879,,,,,,,,,,,,,,,,,,,,
non_binding_good,C4,8021,1777,1773,73.875,99.77490151941475,0.21144211144445557,4.20268666442765,0.005439481176086266,4.216867469879515,0.0,95.78313253012048,0.3903578160250426,0.0,0,24400.0,26.203999999999525,4.0409722222222415,50.86627990712245,38.32753984610859,12.53874006101384,75.34960275469615,51.265488783640656,38.32753984610859,0.0,29.00776821596159,1.5,3,0.0,213,78.87323943661971,471,2440,nan,nan,2.792747790663294,2.792747790663294,0,0.0,0.0,0.0,0.0,0,0,0,2164,3.729622569633648,1.7234854758011313,4.008948954287916,6.744467886164784,,,,,,,,,,,,,,,,,,,,
non_binding_good,C4,8022,1723,1717,71.54166666666667,99.65177016831109,0.19790683881636725,4.2058530950736595,0.006120235911583145,3.4482758620689613,0.0,96.55172413793103,0.41587406794817994,0.0,0,23460.0,25.36799999999956,3.915416666666686,46.64067552660351,35.135427570580745,11.5052479560227,75.33215840868289,56.63262390831289,35.135427570580745,0.0,26.378705235177243,1.5,3,0.0,156,68.58974358974359,405,2346,nan,nan,2.799588947716405,2.799588947716405,0,0.0,0.0,0.0,0.0,0,0,0,2128,3.450519678881392,1.6214848115044134,2.7663834393024436,6.604925962164998,,,,,,,,,,,,,,,,,,,,
non_binding_good,C4,8023,1811,1809,75.375,99.88956377691883,0.19176619172563814,2.8288770462448154,0.0012577485086952282,1.5625,0.0,98.4375,0.387333309486842,0.0,0,24400.0,26.611999999999504,4.111805555555575,47.74472765383687,35.951610077744164,11.793117576092683,75.29964426313994,59.84627143221085,35.951610077744164,0.0,27.402783739400604,1.5,3,0.0,199,79.39698492462311,471,2440,nan,nan,2.7738099149117907,2.7738099149117907,0,0.0,0.0,0.0,0.0,0,0,0,2217,3.5861407953780144,1.6175646348119146,2.6801926549524064,6.4961570315063,,,,,,,,,,,,,,,,,,,,
non_binding_good,C4,8024,1767,1766,73.58333333333333,99.94340690435767,0.19253772096300137,3.1076376585593,0.0021519174899890785,2.5862068965517238,0.0,97.41379310344827,0.4017555093822332,9.473903143468003e-17,0,24220.0,26.04799999999952,4.017638888888909,47.49676675746666,35.78669184892942,11.710074908537225,75.34553253207204,62.52298266314955,35.78669184892942,0.0,26.85278932110839,1.5,3,4.736951571734001e-16,169,69.23076923076923,459,2422,nan,nan,2.8015287387326264,2.8015287387326264,0,0.0,0.0,0.0,0.0,0,0,0,2208,3.5521356852259487,1.6087571038161,2.6820486644282937,6.547024939209223,,,,,,,,,,,,,,,,,,,,
non_binding_good,C4,8025,1797,1793,74.70833333333333,99.77740678909294,0.3011152934928137,5.032156175785349,0.012186013208908114,6.9164265129682985,0.0,93.0835734870317,0.3873056334545186,0.0,0,23930.0,26.34999999999952,4.076111111111132,49.20462312201214,37.05061984148044,12.154003280531654,75.2990623454354,49.46047937103087,37.05061984148044,0.0,28.38192496970369,1.5,3,0.0,239,73.64016736401673,464,2393,nan,nan,2.7655988952413812,2.7655988952413812,0,0.0,0.0,0.0,0.0,0,0,0,2148,3.606011840282008,1.678776461956242,3.891372459474951,6.4703840762376785,,,,,,,,,,,,,,,,,,,,
non_binding_good,C4,8026,1756,1755,73.125,99.94305239179954,0.17997427559797932,2.923621465861894,0.0020572209519785787,2.472527472527475,0.0,97.52747252747253,0.3999490980428289,0.0,0,24140.0,25.899999999999533,3.9936111111111297,49.16573869157476,37.03715699726417,12.128581694310546,75.33123264882626,46.13851148407951,37.03715699726417,0.0,28.068281044848337,1.5,3,0.0,204,78.43137254901961,434,2414,nan,nan,2.7785313792456496,2.7785313792456496,0,0.0,0.0,0.0,0.0,0,0,0,2172,3.5800227224826813,1.6482609219533524,3.8840643130242825,6.483347853645682,,,,,,,,,,,,,,,,,,,,
non_binding_good,C4,8027,1795,1793,74.70833333333333,99.88857938718662,0.2064276021301134,3.7354277029912435,0.004441703659779265,3.1339031339031376,0.0,96.86609686609687,0.38514654856720176,0.0,0,24580.0,26.455999999999516,4.080972222222241,51.19770450223814,38.5753551232839,12.622349378954226,75.3458685273625,47.52208501331934,38.5753551232839,0.0,29.060585080421788,1.5,3,0.0,203,79.80295566502463,436,2458,nan,nan,2.794368231988795,2.794368231988795,0,0.0,0.0,0.0,0.0,0,0,0,2205,3.606538006104529,1.635618143358063,3.8790353108197446,6.585841998457909,,,,,,,,,,,,,,,,,,,,
non_binding_good,C4,8028,1782,1777,74.04166666666667,99.71941638608305,0.1853043672167352,2.995472087230337,0.003786024325967672,4.31034482758621,0.0,95.6896551724138,0.39651835502094246,0.0,0,24510.0,26.285999999999508,4.052916666666688,47.36388197832139,35.679407023235036,11.684474955086309,75.33041113387966,61.469213256422826,35.679407023235036,0.0,27.120411244764405,1.5,3,0.0,173,80.92485549132948,475,2451,nan,nan,2.767113173715853,2.767113173715853,0,0.0,0.0,0.0,0.0,0,0,0,2215,3.597642784938216,1.6242179615973888,2.6970808161422575,6.675899960100651,,,,,,,,,,,,,,,,,,,,
non_binding_good,C4,8029,1747,1743,72.625,99.77103606182027,0.3171038936099566,5.036285564744443,0.014349213106744757,7.9889807162534465,0.0,92.01101928374655,0.4063089590191188,0.0,0,22910.0,25.54599999999957,3.9577777777777947,47.83255740393129,36.0316055242643,11.800951879666975,75.3286202533317,57.5482102201907,36.0316055242643,0.0,27.103315800775842,1.5,3,0.0,215,86.51162790697674,424,2291,nan,nan,2.7993280318821845,2.7993280318821845,0,0.0,0.0,0.0,0.0,0,0,0,2053,3.4661278049461544,1.6883233341189257,3.9532538037747145,6.704872008413076,,,,,,,,,,,,,,,,,,,,
non_binding_good,C4,8030,1821,1816,75.66666666666667,99.72542559033498,0.20917816016281673,3.215488679238964,0.002732272200145272,2.3195876288659822,0.0,97.68041237113401,0.3804618361069755,0.0,0,24840.0,26.819999999999503,4.1387500000000195,49.646597598613944,37.399300980472724,12.24729661814117,75.3310454078667,53.02206378759999,37.399300980472724,0.0,28.426207639922826,1.5,3,0.0,181,72.37569060773481,458,2484,nan,nan,2.7665040225378297,2.7665040225378297,0,0.0,0.0,0.0,0.0,0,0,0,2205,3.6527990677859634,1.6565982166829767,3.936968138441443,6.7206749226897955,,,,,,,,,,,,,,,,,,,,
non_binding_good,C4,8031,1743,1739,72.45833333333333,99.77051061388411,0.209130381098477,3.525584893835185,0.004732722768527921,4.07608695652174,0.0,95.92391304347827,0.4072151178611588,0.0,0,23300.0,25.575999999999553,3.95486111111113,47.52969066547698,35.8090215249152,11.720669140561732,75.34032101522799,54.045733397540005,35.8090215249152,0.0,27.154553868043646,1.5,3,0.0,209,70.81339712918661,403,2330,nan,nan,2.7709805877850124,2.7709805877850124,0,0.0,0.0,0.0,0.0,0,0,0,2105,3.4779351733159274,1.6522257355420082,3.89826325699687,6.541698006913066,,,,,,,,,,,,,,,,,,,,
non_binding_good,C4,8032,1877,1871,77.95833333333333,99.6803409696324,0.27136443827320117,3.5248077591801423,0.008649948953189886,6.052631578947365,0.0,93.94736842105263,0.3649632415089427,0.0,0,24390.0,27.401999999999468,4.249166666666688,49.80722543573502,37.52936764202305,12.277857793711936,75.34924363623952,52.09843959839279,37.52936764202305,0.0,28.411967400542096,1.5,3,0.0,217,66.82027649769586,430,2439,nan,nan,2.7829311760051474,2.7829311760051474,0,0.0,0.0,0.0,0.0,0,0,0,2199,3.6329716893378645,1.652101723209579,3.8982012309134007,6.568213924765587,,,,,,,,,,,,,,,,,,,,
non_binding_good,C4,8033,1854,1850,77.08333333333333,99.78425026968716,0.26756990315613305,4.434845055566666,0.008951853854129962,5.759162303664922,0.0,94.24083769633508,0.375797279414589,0.0,0,24150.0,27.07799999999948,4.197916666666687,48.323416551884016,36.40797771825244,11.91543883363154,75.34230879383668,53.808231875845195,36.40797771825244,0.0,27.300680146352743,1.5,3,0.0,200,64.0,480,2415,nan,nan,2.784448399905401,2.784448399905401,0,0.0,0.0,0.0,0.0,0,0,0,2186,3.658688612980768,1.6736910397899214,3.9789798902347684,6.701251957565546,,,,,,,,,,,,,,,,,,,,
non_binding_good,C4,8034,1742,1740,72.5,99.88518943742825,0.14503727692653495,2.162427435037959,0.000765165382295063,1.1695906432748537,0.0,98.83040935672514,0.40525553351612026,0.0,0,24340.0,25.77199999999953,3.9672222222222433,47.575206762511385,35.81916176552394,11.756044996987436,75.28955563835605,45.21054816700381,35.81916176552394,0.0,27.7138943987477,1.5,3,0.0,142,80.98591549295774,404,2434,nan,nan,2.75373425569298,2.75373425569298,0,0.0,0.0,0.0,0.0,0,0,0,2221,3.5598203730769455,1.6028007082741762,2.6877811178565025,6.665300112217665,,,,,,,,,,,,,,,,,,,,
non_binding_good,C4,8035,1765,1760,73.33333333333333,99.71671388101983,0.1958374742989865,3.2890160716181223,0.0020724194515576947,1.8018018018018056,0.0,98.1981981981982,0.3962920541322611,0.0,0,23950.0,25.969999999999537,4.009722222222241,50.43762049398207,38.00752738522657,12.430093108755457,75.35551243889749,48.958965848629546,38.00752738522657,0.0,28.357542022490286,1.5,3,0.0,219,75.79908675799086,437,2395,nan,nan,2.80706297772999,2.80706297772999,0,0.0,0.0,0.0,0.0,0,0,0,2168,3.576666238717735,1.6497538001465566,3.8774744723923504,6.502527976408601,,,,,,,,,,,,,,,,,,,,
non_binding_good,C4,8036,1864,1864,77.66666666666667,100.0,0.21741813486597325,3.444780572120241,0.005513556741385676,4.5698924731182755,0.0,95.43010752688173,0.37102205736482025,0.0,0,25380.0,27.443999999999455,4.235833333333356,48.83110853400096,36.793256768095816,12.037851765905119,75.34798588993075,59.12727839794344,36.793256768095816,0.0,27.800041214350493,1.5,3,0.0,177,57.6271186440678,474,2538,nan,nan,2.7974388493298656,2.7974388493298656,0,0.0,0.0,0.0,0.0,0,0,0,2289,3.6777996628079563,1.606727681436416,2.6749915443360806,6.522236159071326,,,,,,,,,,,,,,,,,,,,
non_binding_good,C4,8037,1763,1759,73.29166666666667,99.77311401020987,0.21084546581506514,3.4248218150338894,0.006448896485468734,6.158357771260992,0.0,93.841642228739,0.40340668733477275,0.0,0,23520.0,25.859999999999538,3.999583333333352,47.02611623284922,35.42424708983269,11.60186914301648,75.32888090190136,58.82088980187666,35.42424708983269,0.0,26.717772610751247,1.5,3,0.0,159,77.9874213836478,415,2352,nan,nan,2.7849014355241093,2.7849014355241093,0,0.0,0.0,0.0,0.0,0,0,0,2164,3.516263537108898,1.624890728793391,2.7598909568041554,6.6982770804315805,,,,,,,,,,,,,,,,,,,,
non_binding_good,C4,8038,1748,1743,72.625,99.71395881006865,0.18165678699310833,2.7173157233446545,0.0028434307830904376,3.3519553072625663,0.0,96.64804469273743,0.40087790967801257,0.0,0,24170.0,25.80999999999954,3.97736111111113,49.284098851229864,37.12323682333354,12.160862027896282,75.32497841828175,51.15826182140858,37.12323682333354,0.0,28.39163369160797,1.5,3,0.0,182,79.67032967032966,421,2417,nan,nan,2.7642699548870184,2.7642699548870184,0,0.0,0.0,0.0,0.0,0,0,0,2195,3.5337365875020623,1.609902773349459,2.734159235842525,6.558289052918553,,,,,,,,,,,,,,,,,,,,
non_binding_good,C4,8039,1778,1776,74.0,99.8875140607424,0.20601589217662516,3.345687341277153,0.0037967479744425436,3.9682539682539653,0.0,96.03174603174604,0.40127242467058616,0.0,0,23810.0,26.09799999999952,4.034861111111133,45.60829831813972,34.3491858287107,11.259112489428988,75.31345631250849,65.1517903483109,34.3491858287107,0.0,26.209671610131277,1.5,3,0.0,163,75.4601226993865,422,2381,nan,nan,2.776658735362367,2.776658735362367,0,0.0,0.0,0.0,0.0,0,0,0,2163,3.4773853223305196,1.607667740328488,2.6792444521561265,6.511020008474588,,,,,,,,,,,,,,,,,,,,
non_binding_good,C4,8040,1798,1795,74.79166666666667,99.83314794215795,0.2247797790548744,2.726543020050485,0.0036132378520032584,4.054054054054057,0.0,95.94594594594594,0.3838564103524452,0.0,0,24630.0,26.501999999999512,4.087916666666686,51.37890440430458,38.704525625140754,12.67437877916377,75.33155109842717,50.02644709600721,38.704525625140754,0.0,29.174786300777587,1.5,3,0.0,234,75.64102564102564,423,2463,nan,nan,2.7899379758298575,2.7899379758298575,0,0.0,0.0,0.0,0.0,0,0,0,2198,3.720242252573371,1.6925578947103597,3.8993070484139025,6.671571172773838,,,,,,,,,,,,,,,,,,,,
non_binding_good,C4,8041,1774,1769,73.70833333333333,99.71815107102593,0.16485058753898785,2.359326744108451,0.0005994115218024906,1.9230769230769273,0.0,98.07692307692307,0.40118695938890003,0.0,0,23950.0,26.077999999999523,4.028472222222243,46.57862394425138,35.09624917006811,11.48237477418325,75.34840276104723,47.96096728466227,35.09624917006811,0.0,26.508815708330545,1.5,3,0.0,151,67.54966887417218,450,2395,nan,nan,2.7952548102467984,2.7952548102467984,0,0.0,0.0,0.0,0.0,0,0,0,2188,3.5553338397294283,1.6249240583772524,2.7499814750626683,6.858658045530319,,,,,,,,,,,,,,,,,,,,
non_binding_good,C4,8042,1786,1782,74.25,99.77603583426652,0.2068868854437849,3.139722117407412,0.0030023603933579763,3.1339031339031376,0.0,96.86609686609687,0.39036350939347353,0.0,0,24150.0,26.26199999999952,4.056250000000018,48.96462785714105,36.86308502100869,12.101542836132303,75.28513262382029,48.86992739697262,36.86308502100869,0.0,28.381344873853866,1.5,3,0.0,200,77.0,417,2415,nan,nan,2.7704078965384182,2.7704078965384182,0,0.0,0.0,0.0,0.0,0,0,0,2166,3.570871344767511,1.6486017288862007,3.877414157614112,6.5559339709579945,,,,,,,,,,,,,,,,,,,,
non_binding_good,C4,8043,1762,1759,73.29166666666667,99.82973893303064,0.18092445160952791,3.032102207716283,0.002174403214313703,2.8490028490028463,0.0,97.15099715099716,0.40244343586363823,0.0,0,24030.0,25.94999999999954,4.004583333333352,47.13285960052045,35.496174617862906,11.636684982657506,75.31088696657598,50.77706799091723,35.496174617862906,0.0,27.028029922979343,1.5,3,0.0,156,83.33333333333334,474,2403,nan,nan,2.7773674690204375,2.7773674690204375,0,0.0,0.0,0.0,0.0,0,0,0,2226,3.475979385897517,1.5615361122630356,2.662206126842648,6.473943125456572,,,,,,,,,,,,,,,,,,,,
non_binding_good,C4,8044,1804,1803,75.125,99.94456762749445,0.23404152107534953,3.5762285249649723,0.008306275764921166,5.418719211822665,0.0,94.58128078817734,0.39279313663574883,0.0,0,23780.0,26.403999999999524,4.08861111111113,47.067641470539115,35.46525220893467,11.602389261604372,75.34954185272554,65.40096749688361,35.46525220893467,0.0,26.523938063285026,1.5,3,0.0,174,63.2183908045977,442,2378,nan,nan,2.8011481331038866,2.8011481331038866,0,0.0,0.0,0.0,0.0,0,0,0,2136,3.443901574704796,1.6123134713037435,2.676957054063678,6.506963865831494,,,,,,,,,,,,,,,,,,,,
non_binding_good,C4,8045,1788,1778,74.08333333333333,99.4407158836689,0.23521737893365366,4.7791259625412446,0.009146679323383125,3.7634408602150504,0.0,96.23655913978494,0.38991239701631236,0.0,0,24300.0,26.315999999999523,4.062500000000019,49.84532181657003,37.548825780430114,12.296496036139862,75.33069185230498,50.48105974229698,37.548825780430114,0.0,28.35523407925527,1.5,3,0.0,203,77.33990147783251,441,2430,nan,nan,2.7924441475543684,2.7924441475543684,0,0.0,0.0,0.0,0.0,0,0,0,2152,3.6716847396455705,1.7061732061550048,3.9906390826217835,6.73977006226778,,,,,,,,,,,,,,,,,,,,
non_binding_good,C4,8046,1757,1755,73.125,99.88616960728514,0.16552106218441265,2.4778360504352652,0.0009857523305021835,1.5151515151515138,0.0,98.48484848484848,0.39508735378792165,0.0,0,24390.0,25.96199999999954,3.9991666666666856,51.0738357997094,38.4798767699164,12.59395902979296,75.34166206121402,49.66106605150106,38.4798767699164,0.0,29.21427266413071,1.5,3,0.0,250,87.2,440,2439,nan,nan,2.7840108260802046,2.7840108260802046,0,0.0,0.0,0.0,0.0,0,0,0,2187,3.683160329470411,1.6841153769869277,3.8931034272536635,6.530441110953689,,,,,,,,,,,,,,,,,,,,
non_binding_good,C4,8047,1815,1814,75.58333333333333,99.94490358126723,0.2219222251738706,4.389458689549307,0.004581300673319247,3.475935828877008,0.0,96.52406417112299,0.386501269163211,0.0,0,24000.0,26.5799999999995,4.114583333333355,47.74321842616335,35.949132528208985,11.794085897954343,75.29683526427034,62.05909772293189,35.949132528208985,0.0,27.333016042530566,1.5,3,0.0,183,74.86338797814209,454,2400,nan,nan,2.773361723446894,2.773361723446894,0,0.0,0.0,0.0,0.0,0,0,0,2178,3.496163485571742,1.6052173946610386,2.6891054003499466,6.562031107023358,,,,,,,,,,,,,,,,,,,,
non_binding_good,C4,8048,1869,1869,77.875,100.0,0.22923407976066448,2.5355792915269073,0.0027881432854994425,3.394255874673624,0.0,96.60574412532638,0.36573532937892395,0.0,0,24250.0,27.277999999999484,4.230555555555576,50.49401754666935,38.040229769928494,12.453787776740805,75.33611231225485,53.933687161719504,38.040229769928494,0.0,28.774500988602348,1.5,3,0.0,224,83.48214285714286,504,2425,nan,nan,2.779342602731236,2.779342602731236,0,0.0,0.0,0.0,0.0,0,0,0,2153,3.706000052858144,1.7213191141932858,3.9730406366288666,6.756895920261741,,,,,,,,,,,,,,,,,,,,
non_binding_good,C4,8049,1768,1766,73.58333333333333,99.8868778280543,0.2542555226524124,4.132452572011001,0.007603203123065057,4.322766570605186,0.0,95.67723342939482,0.3960948450890631,0.0,0,24490.0,26.11399999999953,4.023472222222242,50.10824105526318,37.76043835268564,12.3478027025775,75.35774067790678,50.518010312431535,37.76043835268564,0.0,28.19851094995644,1.5,3,0.0,194,85.56701030927834,447,2449,nan,nan,2.8017136764341264,2.8017136764341264,0,0.0,0.0,0.0,0.0,0,0,0,2213,3.5626181301195174,1.609859073709678,2.657788572832944,6.589533062651753,,,,,,,,,,,,,,,,,,,,
non_binding_good,C4,8050,1702,1701,70.875,99.94124559341951,0.1725755680784545,3.4040042941371365,0.0034026278192441487,3.488372093023251,0.0,96.51162790697676,0.4185482760132452,0.0,0,23970.0,25.21799999999956,3.8787500000000192,47.016754259188346,35.394559916487296,11.622194342701002,75.28073869448409,54.22519623589911,35.394559916487296,0.0,27.168486552244307,1.5,3,0.0,180,67.22222222222223,451,2397,nan,nan,2.770203736634721,2.770203736634721,0,0.0,0.0,0.0,0.0,0,0,0,2172,3.5036648015957326,1.6131053414344994,3.8379799108952284,6.56578503549099,,,,,,,,,,,,,,,,,,,,
non_binding_good,C4,8051,1768,1765,73.54166666666667,99.83031674208145,0.30235318695819335,5.102474172452245,0.010279221627580014,5.389221556886225,0.0,94.61077844311377,0.4051223462201583,4.7369515717340015e-17,0,22200.0,25.65599999999956,3.9916666666666853,45.568026499171694,34.336724925243615,11.231301573928056,75.3526706403837,59.515056076555474,34.336724925243615,0.0,25.94163566718265,1.5,3,2.3684757858670006e-16,194,58.24742268041238,383,2220,nan,nan,2.784818285219087,2.784818285219087,0,0.0,0.0,0.0,0.0,0,0,0,2019,3.3587802816182375,1.6635860731145309,3.9485086919739842,6.64400402456522,,,,,,,,,,,,,,,,,,,,
non_binding_good,C4,8052,1760,1758,73.25,99.88636363636364,0.1541191717134341,2.707149136013929,0.0010954807027046386,1.9283746556473802,0.0,98.07162534435263,0.39892253832876734,0.0,0,24360.0,25.991999999999525,4.00500000000002,48.25858977109825,36.324699889527146,11.93388988157108,75.27095189027212,58.71824224080036,36.324699889527146,0.0,28.047143195585967,1.5,3,0.0,188,77.6595744680851,485,2436,nan,nan,2.747198831159857,2.747198831159857,0,0.0,0.0,0.0,0.0,0,0,0,2203,3.540686522377655,1.6072113129267611,2.661225153133273,6.510000908747315,,,,,,,,,,,,,,,,,,,,
non_binding_good,C4,8053,1805,1801,75.04166666666667,99.77839335180056,0.19157449687386965,3.468268879563766,0.0035192178372823756,3.1331592689295085,0.0,96.8668407310705,0.3903711191282456,0.0,0,24350.0,26.5299999999995,4.098611111111133,47.685046525205934,35.93477693198161,11.750269593224292,75.35858628760438,49.72174762310013,35.93477693198161,0.0,27.059997995716373,1.5,3,0.0,169,69.8224852071006,446,2435,nan,nan,2.784159695160341,2.784159695160341,0,0.0,0.0,0.0,0.0,0,0,0,2228,3.5392908414360136,1.5885506469640995,2.6824052212759857,6.536594126373529,,,,,,,,,,,,,,,,,,,,
non_binding_good,C4,8054,1767,1763,73.45833333333333,99.77362761743068,0.17403297555867278,2.276784799601834,0.000769103521609597,1.4367816091954033,0.0,98.5632183908046,0.40365756293246957,0.0,0,24090.0,26.021999999999522,4.0158333333333545,46.65100224483019,35.145490451145434,11.505511793684704,75.33705335353265,54.78347871510588,35.145490451145434,0.0,26.377275933549313,1.5,3,0.0,218,61.92660550458715,459,2409,nan,nan,2.789496801822824,2.789496801822824,0,0.0,0.0,0.0,0.0,0,0,0,2204,3.596839791163802,1.6319599778420155,3.890498250257224,6.545540876686573,,,,,,,,,,,,,,,,,,,,
non_binding_good,C4,8055,1831,1827,76.125,99.7815401419989,0.22653448618217226,3.0106712836069467,0.0032935649971344567,3.8567493112947604,0.0,96.14325068870524,0.3811907990035323,0.0,0,24800.0,26.93199999999948,4.1590277777777995,48.785558992948665,36.75661764583105,12.028941347117568,75.3432335399575,48.06759325054406,36.75661764583105,0.0,27.54952247133915,1.5,3,0.0,194,68.04123711340206,478,2480,nan,nan,2.799435968711617,2.799435968711617,0,0.0,0.0,0.0,0.0,0,0,0,2260,3.6976135710719973,1.6361121995893795,2.7293692459352314,6.663559935986996,,,,,,,,,,,,,,,,,,,,
non_binding_good,C4,8056,1813,1811,75.45833333333333,99.88968560397133,0.2660449820414146,4.893815377070799,0.007294936237198084,3.409090909090906,0.0,96.5909090909091,0.3811403893926393,0.0,0,24380.0,26.631999999999493,4.1156944444444665,49.80100108497702,37.50720758875966,12.29379349621734,75.31416391562075,50.298599241433315,37.50720758875966,0.0,28.81212487406242,1.5,3,0.0,251,66.93227091633466,441,2438,nan,nan,2.7517709742701153,2.7517709742701153,0,0.0,0.0,0.0,0.0,0,0,0,2175,3.688341638771817,1.6957892592054333,3.8976437877863646,6.524804979562759,,,,,,,,,,,,,,,,,,,,
non_binding_good,C5,8007,1786,1782,74.25,99.77603583426652,0.1520951876184666,2.309889304740015,0.0006018794944686347,2.0648967551622377,0.0,97.93510324483776,0.39716292221949684,0.0,0,19140.0,25.25999999999962,3.986666666666678,46.41265425355839,34.952379709341336,11.460274544216999,75.30786651069754,51.21662341148369,34.952379709341336,0.0,26.68149166734801,1.5,3,0.0,847,62.21959858323495,387,1914,nan,nan,2.7299489260652967,2.7299489260652967,0,0.0,0.0,0.0,23.37196988519281,2473,0,0,,,,,,2473,23.37196988519281,0.009450857211966361,0.007209151983261108,0.021826060814782985,0.1049558010417968,9.450857211966362,21.826060814782984,104.9558010417968,47.432268499797814,149.97290739991914,27.968054993934494,0.0,21.548321876263646,0,2,0,0.0,0.0,0.0
non_binding_good,C5,8008,1761,1761,73.375,100.0,0.19360587777650123,3.4659419405489946,0.006436403323795028,5.234159779614322,0.0,94.76584022038568,0.4007914126794011,0.0,0,19570.0,25.04599999999963,3.940555555555567,47.75151063758834,35.96945932307791,11.782051314510415,75.32632757122451,51.66196725121267,35.96945932307791,0.0,27.510480163483038,1.5,3,0.0,875,63.65714285714286,411,1957,nan,nan,2.7360484894162367,2.7360484894162367,0,0.0,0.0,0.0,22.958042015088722,2479,0,0,,,,,,2479,22.958042015088722,0.009261009284021267,0.007172796176746488,0.022393089882098136,0.10421736910939217,9.261009284021267,22.393089882098135,104.21736910939217,48.1766841468334,151.37232755143202,28.342073416700284,0.0,21.521581282775312,0,3,0,0.0,0.0,0.0
non_binding_good,C5,8009,1770,1768,73.66666666666667,99.88700564971752,0.20728479320956802,3.769331949019094,0.0020675003146071905,3.1428571428571472,0.0,96.85714285714285,0.40023086158699533,0.0,0,18890.0,25.01799999999963,3.9498611111111233,47.17733144556345,35.53181002531463,11.645521420248805,75.3154299672794,52.54204924511625,35.53181002531463,0.0,27.025617936584496,1.5,3,0.0,854,57.61124121779859,413,1889,nan,nan,2.7376033167446594,2.7376033167446594,0,0.0,0.0,0.0,21.596972924424335,2443,0,0,,,,,,2443,21.596972924424335,0.008840349129932187,0.007125686155632138,0.02087187925353647,0.10685947793535888,8.840349129932187,20.87187925353647,106.85947793535888,47.61563651248465,150.59394187474416,28.21940237413017,0.0,21.135898485468687,0,5,0,0.0,0.0,0.0
non_binding_good,C5,8010,1833,1827,76.125,99.67266775777414,0.20486328335867088,2.98377859432876,0.0022824740035571525,3.314917127071826,0.0,96.68508287292818,0.3852686674065133,0.0,0,19100.0,25.8159999999996,4.08402777777779,45.44855184900738,34.22282952183594,11.225722327171415,75.30015397527652,63.4566760824815,34.22282952183594,0.0,26.391166481705017,1.5,3,0.0,766,66.97127937336815,402,1910,nan,nan,2.7249262923753266,2.7249262923753266,0,0.0,0.0,0.0,22.033529289299622,2392,0,0,,,,,,2392,22.033529289299622,0.009211341676128604,0.0072038364596664906,0.021980736101977517,0.08371639414690435,9.211341676128605,21.980736101977516,83.71639414690435,46.76839464882943,147.95610367892976,27.529264214046822,0.0,21.3938127090301,0,0,0,0.0,0.0,0.0
non_binding_good,C5,8011,1764,1761,73.375,99.82993197278913,0.19018574756631393,3.678181912193395,0.0040962132183352635,3.350515463917525,0.0,96.64948453608247,0.40996692225438214,9.473903143468003e-17,0,17660.0,24.699999999999655,3.9202777777777906,43.44291062248854,32.716790754046,10.726119868442527,75.30984983568277,69.4996838975351,32.716790754046,0.0,25.008269436404476,1.5,3,4.736951571734001e-16,914,67.72428884026257,372,1766,nan,nan,2.740958701094147,2.740958701094147,0,0.0,0.0,0.0,23.117185881128535,2440,0,0,,,,,,2440,23.117185881128535,0.009474256508659235,0.007301253499463201,0.022126410878263413,0.10213075601495802,9.474256508659234,22.126410878263414,102.13075601495802,48.57172131147541,153.5311475409836,28.875,0.0,21.85122950819672,0,1,0,0.0,0.0,0.0
non_binding_good,C5,8012,1784,1780,74.16666666666667,99.77578475336323,0.2104734600284844,2.936307526338472,0.001983876217640342,1.5789473684210575,0.0,98.42105263157895,0.3997891266128765,4.7369515717340015e-17,0,18640.0,25.13599999999964,3.975555555555567,46.143465144240565,34.76590417595788,11.377560968282669,75.34307201958632,50.25882465801214,34.76590417595788,0.0,26.16382945789198,1.5,3,2.3684757858670006e-16,844,63.270142180094794,407,1864,nan,nan,2.7546552332132075,2.7546552332132075,0,0.0,0.0,0.0,23.234507599147037,2361,0,0,,,,,,2361,23.234507599147037,0.009840960440130045,0.007309583015739918,0.023974318988621235,0.10378029313869774,9.840960440130045,23.974318988621235,103.78029313869774,48.634053367217284,152.9457856840322,28.69123252858958,0.0,21.710715798390513,0,4,0,0.0,0.0,0.0
non_binding_good,C5,8013,1846,1840,76.66666666666667,99.67497291440954,0.2452215805856054,4.109141328330589,0.005120233405668566,3.5532994923857864,0.0,96.44670050761421,0.3791171514263781,0.0,0,19170.0,25.985999999999596,4.112083333333346,46.437122144544496,34.97128453156663,11.465837612977879,75.30889709898854,62.82264720122816,34.97128453156663,0.0,27.026267698961036,1.5,3,0.0,807,62.0817843866171,403,1917,nan,nan,2.722035620536848,2.722035620536848,0,0.0,0.0,0.0,22.69489964377135,2406,0,0,,,,,,2406,22.69489964377135,0.009432626618358832,0.007230277522467077,0.0229403831763193,0.10254075098782778,9.432626618358832,22.9403831763193,102.54075098782778,45.53615960099751,147.11097256857855,27.41271820448878,0.0,21.456359102244388,0,2,0,0.0,0.0,0.0
non_binding_good,C5,8014,1827,1824,76.0,99.83579638752053,0.22719957145201325,3.4978575824417324,0.001777034150848214,2.832861189801694,0.0,97.16713881019831,0.38430087456669104,9.473903143468003e-17,0,18520.0,25.62799999999961,4.063472222222234,46.0355413019488,34.63720987185688,11.3983314300919,75.24014900719894,55.151292053241306,34.63720987185688,0.0,27.04978135832724,1.5,3,4.736951571734001e-16,843,66.90391459074732,374,1852,nan,nan,2.694321688733839,2.694321688733839,0,0.0,0.0,0.0,23.450548014603555,2375,0,0,,,,,,2375,23.450548014603555,0.009873914953517287,0.007262245984748006,0.02404498425312329,0.10348077793605626,9.873914953517287,24.044984253123292,103.48077793605626,46.87578947368421,149.62610526315788,27.94105263157895,0.0,21.641684210526314,0,2,0,0.0,0.0,0.0
non_binding_good,C5,8015,1824,1817,75.70833333333333,99.61622807017544,0.23554438896506874,3.1954236485418126,0.00174183478705186,2.2471910112359605,0.0,97.75280898876404,0.3845723845102486,0.0,0,18840.0,25.655999999999615,4.061666666666678,46.657818963096055,35.11979614851599,11.538022814580058,75.27097693163486,51.56557853371567,35.11979614851599,0.0,27.19023720577117,1.5,3,0.0,811,61.159062885326755,368,1884,nan,nan,2.719636725680661,2.719636725680661,0,0.0,0.0,0.0,22.72103935549967,2340,0,0,,,,,,2340,22.72103935549967,0.009709845878418662,0.007293745642527938,0.022894334979355332,0.10282013192772865,9.709845878418662,22.89433497935533,102.82013192772865,47.94230769230769,151.33760683760684,28.25,0.0,21.96068376068376,0,3,0,0.0,0.0,0.0
non_binding_good,C5,8016,1853,1848,77.0,99.7301672962763,0.2601255615942982,4.9126977437415915,0.008788679386178262,3.7735849056603765,0.0,96.22641509433963,0.37967757319191836,4.7369515717340015e-17,0,18450.0,25.925999999999604,4.116666666666679,45.49965762372386,34.25424218915584,11.245415434568002,75.28461526553426,61.19448377394217,34.25424218915584,0.0,26.400051146464854,1.5,3,2.3684757858670006e-16,762,63.77952755905512,360,1845,nan,nan,2.7232122782149664,2.7232122782149664,0,0.0,0.0,0.0,22.631888548610732,2388,0,0,,,,,,2388,22.631888548610732,0.009477340263237325,0.00723377603571862,0.023177224746905267,0.1065199919976294,9.477340263237325,23.177224746905267,106.5199919976294,46.72738693467337,147.43844221105527,27.39321608040201,0.0,21.433835845896148,0,1,0,0.0,0.0,0.0
non_binding_good,C5,8017,1805,1800,75.0,99.7229916897507,0.20619685009089833,2.6207052486434503,0.0012713275331552652,2.9490616621983934,0.0,97.05093833780161,0.391778114949475,9.473903143468003e-17,0,19570.0,25.5739999999996,4.032222222222235,46.57947793891668,35.07749537282622,11.501982566090449,75.30675938194517,60.9353430449076,35.07749537282622,0.0,26.708249040409022,1.5,3,4.736951571734001e-16,838,61.45584725536993,449,1957,nan,nan,2.737873293853932,2.737873293853932,0,0.0,0.0,0.0,24.099892216734588,2425,0,0,,,,,,2425,24.099892216734588,0.00993809988318952,0.00727705005556345,0.02530253338627517,0.10382690490223467,9.93809988318952,25.30253338627517,103.82690490223467,47.92577319587629,151.01319587628865,28.249484536082473,0.0,21.590515463917527,0,3,0,0.0,0.0,0.0
non_binding_good,C5,8018,1745,1742,72.58333333333333,99.82808022922636,0.18352700471810465,3.3574684663168832,0.001710677507746304,2.077151335311578,0.0,97.92284866468842,0.4021151139169351,0.0,0,19480.0,24.83599999999965,3.9059722222222333,49.14614522899855,37.020320469689665,12.125824759308843,75.32700743301822,50.42116545468528,37.020320469689665,0.0,28.290665965210668,1.5,3,0.0,947,56.810982048574445,358,1948,nan,nan,2.741199030504541,2.741199030504541,0,0.0,0.0,0.0,21.38893193961121,2519,0,0,,,,,,2519,21.38893193961121,0.008491040865268444,0.007188720861449838,0.01820875445846468,0.10282578296028078,8.491040865268443,18.20875445846468,102.82578296028078,47.91782453354506,151.97340214370783,28.576816196903533,0.0,21.369591107582373,0,3,0,0.0,0.0,0.0
non_binding_good,C5,8019,1811,1808,75.33333333333333,99.83434566537824,0.24124523820747065,4.008524875702763,0.00822329619444601,4.705882352941182,0.0,95.29411764705881,0.3912104139855502,0.0,0,19360.0,25.603999999999605,4.041805555555568,45.72455470506988,34.42468223902833,11.299872466041538,75.2870803468128,53.77515850940152,34.42468223902833,0.0,26.433507614723574,1.5,3,0.0,826,60.653753026634384,431,1936,nan,nan,2.7254529720598217,2.7254529720598217,0,0.0,0.0,0.0,24.410038495901972,2435,0,0,,,,,,2435,24.410038495901972,0.010024656466489517,0.007344435900449753,0.02385223463643338,0.0926419070456177,10.024656466489517,23.85223463643338,92.6419070456177,46.940451745379875,149.4123203285421,27.8870636550308,0.0,21.501848049281314,0,0,0,0.0,0.0,0.0
non_binding_good,C5,8020,1742,1735,72.29166666666667,99.59816303099885,0.17362037998403634,2.442206452386017,0.0005928998355939097,0.8403361344537785,0.0,99.15966386554622,0.41403058045902785,0.0,0,17670.0,24.43799999999967,3.8745833333333435,44.79724129430571,33.741140734841316,11.056100559464397,75.31968433763853,51.8703819245278,33.741140734841316,0.0,25.520132663020807,1.5,3,0.0,924,63.85281385281385,371,1767,nan,nan,2.7462088863635588,2.7462088863635588,0,0.0,0.0,0.0,22.19139573071152,2383,0,0,,,,,,2383,22.19139573071152,0.00931237756219535,0.00724922283552587,0.022359505551867196,0.08695048396475613,9.31237756219535,22.359505551867198,86.95048396475613,49.52580780528745,156.021821233739,29.427192614351657,0.0,21.879983214435587,0,0,0,0.0,0.0,0.0
non_binding_good,C5,8021,1777,1773,73.875,99.77490151941475,0.21080387786661897,4.20268666442765,0.005486107217028014,4.216867469879515,0.0,95.78313253012048,0.39292078203514913,0.0,0,19940.0,25.31199999999962,3.9790277777777896,49.49149985007251,37.2829763511084,12.208523498964125,75.33208018357071,51.63705485863669,37.2829763511084,0.0,28.367026713434917,1.5,3,0.0,860,62.906976744186046,451,1994,nan,nan,2.752451744009584,2.752451744009584,0,0.0,0.0,0.0,22.012804129859433,2429,0,0,,,,,,2429,22.012804129859433,0.009062496554079634,0.007161992136389017,0.020921239396557205,0.10521245189011097,9.062496554079635,20.921239396557205,105.21245189011097,47.85920131741457,151.0864553314121,28.295594895018525,0.0,21.495677233429394,0,4,0,0.0,0.0,0.0
non_binding_good,C5,8022,1723,1717,71.54166666666667,99.65177016831109,0.19771557670457082,4.2058530950736595,0.006120235911583145,3.4482758620689613,0.0,96.55172413793103,0.41868679235508033,0.0,0,18170.0,24.30999999999967,3.841944444444455,44.97067347891533,33.86641959922717,11.104253879688155,75.30778834145228,55.96830569268816,33.86641959922717,0.0,25.675524133452143,1.5,3,0.0,949,62.697576396206536,392,1817,nan,nan,2.7563095370708397,2.7563095370708397,0,0.0,0.0,0.0,21.130185249028727,2536,0,0,,,,,,2536,21.130185249028727,0.008332091975169056,0.0071877711452543736,0.018808565044309944,0.09341793111525476,8.332091975169057,18.808565044309944,93.41793111525476,48.63761829652997,153.1127760252366,28.834779179810724,0.0,21.524053627760253,0,0,0,0.0,0.0,0.0
non_binding_good,C5,8023,1811,1809,75.375,99.88956377691883,0.19149707023307197,2.813689188039886,0.0012091768101061076,1.5625,0.0,98.4375,0.3904900195150752,0.0,0,19140.0,25.55999999999961,4.038750000000012,45.986529834369556,34.62255175411709,11.363978080252448,75.28846355404008,62.50719429034889,34.62255175411709,0.0,26.613606232342303,1.5,3,0.0,830,63.734939759036145,426,1914,nan,nan,2.7290066025467867,2.7290066025467867,0,0.0,0.0,0.0,23.465933964354917,2404,0,0,,,,,,2404,23.465933964354917,0.00976120381212767,0.00730879046022892,0.023191427357960488,0.1053222450427711,9.76120381212767,23.19142735796049,105.3222450427711,47.70798668885191,150.46422628951748,28.115640599001665,0.0,21.62936772046589,0,4,0,0.0,0.0,0.0
non_binding_good,C5,8024,1767,1766,73.58333333333333,99.94340690435767,0.1918150825019662,3.1076376585593,0.0021325890219119964,2.298850574712641,0.0,97.70114942528735,0.4040848062376514,9.473903143468003e-17,0,18910.0,24.985999999999628,3.9438888888889023,45.843747558914515,34.52504251783668,11.318705041077822,75.31025353777636,62.80464932981622,34.52504251783668,0.0,26.270465107253784,1.5,3,4.736951571734001e-16,861,62.253193960511034,426,1891,nan,nan,2.7406658902151206,2.7406658902151206,0,0.0,0.0,0.0,23.54134790599346,2507,0,0,,,,,,2507,23.54134790599346,0.009390246472275014,0.007310905028134584,0.02231309472117572,0.1033995971083641,9.390246472275013,22.31309472117572,103.3995971083641,47.06422018348624,149.56162744315915,27.99561228560032,0.0,21.11288392500997,0,3,0,0.0,0.0,0.0
non_binding_good,C5,8025,1797,1793,74.70833333333333,99.77740678909294,0.29946337206489365,5.032156175785349,0.012011569806156721,6.9164265129682985,0.0,93.0835734870317,0.3896892224730276,0.0,0,19150.0,25.39399999999962,4.0097222222222335,47.810510607513784,35.99114224570959,11.819368361804186,75.27872383787783,50.38086380260317,35.99114224570959,0.0,27.786027715076408,1.5,3,0.0,829,58.6248492159228,362,1915,nan,nan,2.723553634684513,2.723553634684513,0,0.0,0.0,0.0,21.595487816724926,2319,0,0,,,,,,2319,21.595487816724926,0.009312413892507514,0.00723500014282763,0.02302825979422778,0.10649355500936508,9.312413892507514,23.02825979422778,106.49355500936508,48.68046571798189,152.26649417852522,28.55756791720569,0.0,21.435963777490297,0,3,0,0.0,0.0,0.0
non_binding_good,C5,8026,1756,1755,73.125,99.94305239179954,0.1786142383569434,2.923621465861894,0.0019632184604807643,2.472527472527475,0.0,97.52747252747253,0.4038530429424069,0.0,0,18630.0,24.79799999999965,3.9170833333333435,47.47557502962574,35.76205580635233,11.71351922327341,75.32727256918125,51.624590082412844,35.76205580635233,0.0,27.09229481995382,1.5,3,0.0,856,61.56542056074766,363,1863,nan,nan,2.7446487177253056,2.7446487177253056,0,0.0,0.0,0.0,20.924576041055843,2398,0,0,,,,,,2398,20.924576041055843,0.008725844887846473,0.0071297528920695186,0.02145744089502843,0.10244692303240299,8.725844887846474,21.45744089502843,102.44692303240299,48.196413678065056,151.8069224353628,28.461217681401166,0.0,21.334445371142618,0,1,0,0.0,0.0,0.0
non_binding_good,C5,8027,1795,1793,74.70833333333333,99.88857938718662,0.2057063682792865,3.7354277029912435,0.004441703659779265,3.1339031339031376,0.0,96.86609686609687,0.38773997868035726,0.0,0,20260.0,25.591999999999608,4.020972222222233,49.8018113790408,37.51874948225827,12.283061896782552,75.33611417605609,51.083957426931335,37.51874948225827,0.0,28.41222755213291,1.5,3,0.0,851,58.75440658049354,376,2026,nan,nan,2.757162894396888,2.757162894396888,0,0.0,0.0,0.0,21.135553151136264,2422,0,0,,,,,,2422,21.135553151136264,0.008726487675943957,0.007111942511983216,0.019336604932323094,0.1028760380577296,8.726487675943957,19.336604932323095,102.8760380577296,47.83030553261767,151.2456647398844,28.309248554913296,0.0,21.696531791907514,0,3,0,0.0,0.0,0.0
non_binding_good,C5,8028,1782,1777,74.04166666666667,99.71941638608305,0.18440169459994576,2.995472087230337,0.003786024325967672,4.31034482758621,0.0,95.6896551724138,0.3979223041582616,0.0,0,19350.0,25.253999999999614,3.981250000000014,45.74802243271961,34.441656829319236,11.306365603400371,75.28556426667767,62.032546589756166,34.441656829319236,0.0,26.769423960434615,1.5,3,0.0,858,65.85081585081585,441,1935,nan,nan,2.6892762268723494,2.6892762268723494,0,0.0,0.0,0.0,24.248533523408696,2521,0,0,,,,,,2521,24.248533523408696,0.009618617026342204,0.007277583004906774,0.022873437963426113,0.10497172805480659,9.618617026342204,22.873437963426113,104.97172805480659,47.100357001190005,149.2911543038477,27.893692978976595,0.0,21.38833796112654,0,1,0,0.0,0.0,0.0
non_binding_good,C5,8029,1747,1743,72.625,99.77103606182027,0.3163959327869871,5.036285564744443,0.014339350666971227,7.9889807162534465,0.0,92.01101928374655,0.40936761040579805,0.0,0,17660.0,24.495999999999675,3.8848611111111206,46.1948151307895,34.79392474952364,11.400890381265851,75.31997833742383,58.674876886857376,34.79392474952364,0.0,26.338652954106056,1.5,3,0.0,919,66.81175190424375,361,1766,nan,nan,2.75672749803117,2.75672749803117,0,0.0,0.0,0.0,21.138938459334895,2303,0,0,,,,,,2303,21.138938459334895,0.009178870368795004,0.007237664889544249,0.02278526532463732,0.10233286791481078,9.178870368795003,22.78526532463732,102.33286791481078,51.070343030829356,158.23577941815023,29.90230134607034,0.0,21.996092053842812,0,1,0,0.0,0.0,0.0
non_binding_good,C5,8030,1821,1816,75.66666666666667,99.72542559033498,0.20874186440325995,3.215488679238964,0.002732272200145272,2.3195876288659822,0.0,97.68041237113401,0.383360244965455,0.0,0,19690.0,25.78999999999961,4.067222222222234,48.09077890729287,36.2188503408258,11.87192856646704,75.31350326150215,54.571460713774854,36.2188503408258,0.0,27.701605425302922,1.5,3,0.0,832,68.02884615384616,427,1969,nan,nan,2.7193920598942936,2.7193920598942936,0,0.0,0.0,0.0,23.092237861361355,2429,0,0,,,,,,2429,23.092237861361355,0.009506890844529171,0.007180727086961269,0.022887071967124934,0.10295895696617663,9.50689084452917,22.887071967124935,102.95895696617663,46.79086043639358,148.93412927130507,27.789213668176203,0.0,21.633594071634416,0,2,0,0.0,0.0,0.0
non_binding_good,C5,8031,1743,1739,72.45833333333333,99.77051061388411,0.20838512024708497,3.525584893835185,0.004732722768527921,4.07608695652174,0.0,95.92391304347827,0.4092891014200791,0.0,0,18710.0,24.657999999999657,3.8911111111111225,46.09059677002956,34.717059980997504,11.373536789032052,75.32352022738897,52.88484522204077,34.717059980997504,0.0,26.63605797831355,1.5,3,0.0,917,60.741548527808064,385,1871,nan,nan,2.722412221556957,2.722412221556957,0,0.0,0.0,0.0,21.851425079628825,2419,0,0,,,,,,2419,21.851425079628825,0.009033247242508816,0.007232018979266286,0.021325984364375453,0.09129617712460458,9.033247242508816,21.325984364375454,91.29617712460458,49.73129392310872,155.13187267465895,29.243489045059942,0.0,21.873914840843323,0,0,0,0.0,0.0,0.0
non_binding_good,C5,8032,1877,1871,77.95833333333333,99.6803409696324,0.27152263880665267,3.5248077591801423,0.008679132683941307,6.052631578947365,0.0,93.94736842105263,0.36693156421481116,0.0,0,19720.0,26.467999999999574,4.184305555555568,48.31594000083451,36.38923126799194,11.926708732842549,75.31516776319249,52.3747695524594,36.38923126799194,0.0,27.91988672407498,1.5,3,0.0,762,60.367454068241464,405,1972,nan,nan,2.7356416687330034,2.7356416687330034,0,0.0,0.0,0.0,22.973600659519434,2374,0,0,,,,,,2374,22.973600659519434,0.009677169612265979,0.007196867954917252,0.024040561262518155,0.10559257096610963,9.67716961226598,24.040561262518153,105.59257096610963,45.21482729570345,145.43934288121315,26.992417860151644,0.0,21.41743892165122,0,3,0,0.0,0.0,0.0
non_binding_good,C5,8033,1854,1850,77.08333333333333,99.78425026968716,0.26750579463425433,4.434845055566666,0.00894237873081416,5.759162303664922,0.0,94.24083769633508,0.3792013380351309,0.0,0,19240.0,26.095999999999595,4.1297222222222345,46.694411847371796,35.177868167085435,11.516543680286333,75.33635562660038,52.69360379821166,35.177868167085435,0.0,26.44966549121729,1.5,3,0.0,809,61.804697156983934,386,1924,nan,nan,2.7410080035330533,2.7410080035330533,0,0.0,0.0,0.0,22.624711664160714,2419,0,0,,,,,,2419,22.624711664160714,0.009352919249342999,0.007257621036842465,0.022361485636793074,0.10589868505485356,9.352919249343,22.361485636793073,105.89868505485356,45.93013642000827,148.0024803637867,27.56924348904506,0.0,21.56924348904506,0,2,0,0.0,0.0,0.0
non_binding_good,C5,8034,1742,1740,72.5,99.88518943742825,0.14465117114522888,2.162427435037959,0.000765165382295063,1.1695906432748537,0.0,98.83040935672514,0.4088588510404395,0.0,0,18780.0,24.65999999999965,3.8900000000000112,45.83162118758391,34.50135979248732,11.3302613950966,75.2785061895955,54.74231265347866,34.50135979248732,0.0,26.813065017667906,1.5,3,0.0,883,66.02491506228766,368,1878,nan,nan,2.698284748410559,2.698284748410559,0,0.0,0.0,0.0,22.52580996416509,2520,0,0,,,,,,2520,22.52580996416509,0.00893881347784329,0.007231262046843767,0.020787292241584508,0.10287582804448903,8.93881347784329,20.78729224158451,102.87582804448903,47.69642857142857,150.51944444444445,28.18452380952381,0.0,21.391666666666666,0,1,0,0.0,0.0,0.0
non_binding_good,C5,8035,1765,1760,73.33333333333333,99.71671388101983,0.19596863633290557,3.2890160716181223,0.0020724194515576947,1.8018018018018056,0.0,98.1981981981982,0.39895799260422465,0.0,0,19580.0,25.09599999999963,3.949027777777788,49.069258439302544,36.97083309580801,12.098425343494538,75.34418548741677,50.417426652520255,36.97083309580801,0.0,27.69105740449939,1.5,3,0.0,888,60.69819819819819,413,1958,nan,nan,2.7715553681417995,2.7715553681417995,0,0.0,0.0,0.0,20.325019162381068,2446,0,0,,,,,,2446,20.325019162381068,0.00830949270743298,0.007110090460628271,0.01870010473066941,0.09794431901536882,8.30949270743298,18.70010473066941,97.94431901536882,48.01103843008994,151.85609157808668,28.528209321340963,0.0,21.47710547833197,0,0,0,0.0,0.0,0.0
non_binding_good,C5,8036,1864,1864,77.66666666666667,100.0,0.21619376691818024,3.444780572120241,0.005460814051763389,4.5698924731182755,0.0,95.43010752688173,0.373405171190721,0.0,0,20080.0,26.383999999999567,4.162222222222237,47.20455387064174,35.5507503509364,11.653803519705338,75.31212020001045,58.75245029818601,35.5507503509364,0.0,27.204262757875302,1.5,3,0.0,790,61.26582278481013,419,2008,nan,nan,2.7466686360769343,2.7466686360769343,0,0.0,0.0,0.0,24.631628557806835,2452,0,0,,,,,,2452,24.631628557806835,0.010045525512971793,0.007180477492511272,0.026223196869250367,0.10611602896824479,10.045525512971793,26.223196869250366,106.11602896824479,45.60562805872757,145.41068515497554,26.929037520391518,0.0,21.5326264274062,0,4,0,0.0,0.0,0.0
non_binding_good,C5,8037,1763,1759,73.29166666666667,99.77311401020987,0.21077768335272948,3.4248218150338894,0.0064527367487845705,6.158357771260992,0.0,93.841642228739,0.40592235230606744,0.0,0,18380.0,24.831999999999645,3.928194444444456,45.39120394901946,34.18767337945496,11.203530569564492,75.31783783010557,60.89862381796617,34.18767337945496,0.0,26.08885636792759,1.5,3,0.0,864,65.85648148148148,385,1838,nan,nan,2.730970101247108,2.730970101247108,0,0.0,0.0,0.0,21.96492351591587,2454,0,0,,,,,,2454,21.96492351591587,0.00895066157942782,0.00721851154230535,0.0210541199776344,0.0944779678247869,8.95066157942782,21.0541199776344,94.4779678247869,47.261613691931544,149.71760391198043,28.019559902200488,0.0,20.99837000814996,0,0,0,0.0,0.0,0.0
non_binding_good,C5,8038,1748,1743,72.625,99.71395881006865,0.1815100811893636,2.7173157233446545,0.002901289334445702,3.6312849162011163,0.0,96.36871508379889,0.40418738296994283,0.0,0,19000.0,24.775999999999648,3.9055555555555674,47.59687637726975,35.84597733951776,11.750899037752001,75.31161720653643,51.84615751846044,35.84597733951776,0.0,27.5642653686254,1.5,3,0.0,849,65.37102473498233,381,1900,nan,nan,2.7242759202615754,2.7242759202615754,0,0.0,0.0,0.0,22.868737682234496,2448,0,0,,,,,,2448,22.868737682234496,0.009341804608755921,0.007199065526947379,0.022710692323744307,0.09820814104750752,9.341804608755922,22.710692323744308,98.20814104750752,47.169117647058826,150.1858660130719,28.143382352941178,0.0,21.17361111111111,0,0,0,0.0,0.0,0.0
non_binding_good,C5,8039,1778,1776,74.0,99.8875140607424,0.20582498322580373,3.345687341277153,0.0037967479744425436,3.9682539682539653,0.0,96.03174603174604,0.4044813247385747,0.0,0,18440.0,25.023999999999628,3.9602777777777907,43.93962471360892,33.08447705682976,10.855147656779147,75.29531094648353,65.71512368164424,33.08447705682976,0.0,25.4074465931341,1.5,3,0.0,939,66.3471778487753,383,1844,nan,nan,2.724705376044932,2.724705376044932,0,0.0,0.0,0.0,24.00249906303361,2500,0,0,,,,,,2500,24.00249906303361,0.009600999625213444,0.007307664956897497,0.021491110639180914,0.10337283695116639,9.600999625213444,21.491110639180913,103.37283695116639,47.748,151.9052,28.542,0.0,21.6924,0,2,0,0.0,0.0,0.0
non_binding_good,C5,8040,1798,1795,74.79166666666667,99.83314794215795,0.2242411492609303,2.726543020050485,0.0035056470574791197,4.054054054054057,0.0,95.94594594594594,0.3857927273233994,0.0,0,20170.0,25.609999999999605,4.025972222222234,49.93876262819892,37.6071972622003,12.331565365998607,75.30662612165854,50.02644709600721,37.6071972622003,0.0,28.690707058039028,1.5,3,0.0,836,57.77511961722488,365,2017,nan,nan,2.7420045842801115,2.7420045842801115,0,0.0,0.0,0.0,20.93766649859026,2404,0,0,,,,,,2404,20.93766649859026,0.00870951185465485,0.007123015006072819,0.020584527449682352,0.09926276607438922,8.70951185465485,20.58452744968235,99.26276607438922,47.22129783693843,150.08361064891847,28.084442595673877,0.0,21.375207986688853,0,0,0,0.0,0.0,0.0
non_binding_good,C5,8041,1774,1769,73.70833333333333,99.71815107102593,0.16512255293096062,2.359326744108451,0.0005994115218024906,1.9230769230769273,0.0,98.07692307692307,0.40388338821766717,0.0,0,18360.0,24.95999999999964,3.950833333333345,44.79608700157002,33.74081698385954,11.055270017710484,75.32090243211864,50.94493813110047,33.74081698385954,0.0,25.834708501138767,1.5,3,0.0,824,63.95631067961165,390,1836,nan,nan,2.742602852764352,2.742602852764352,0,0.0,0.0,0.0,22.149493377190083,2452,0,0,,,,,,2452,22.149493377190083,0.009033235471937228,0.007240952458232641,0.02062578691402447,0.09624379896558821,9.033235471937228,20.62578691402447,96.24379896558821,47.45921696574225,148.9869494290375,27.81606851549755,0.0,21.15619902120718,0,0,0,0.0,0.0,0.0
non_binding_good,C5,8042,1786,1782,74.25,99.77603583426652,0.20544309660345417,3.139722117407412,0.002894436367610526,3.1339031339031376,0.0,96.86609686609687,0.39338630922851825,0.0,0,19130.0,25.257999999999623,3.9865277777777886,47.43688176749195,35.70779910203094,11.729082665460949,75.27433880888259,50.62752650420437,35.70779910203094,0.0,27.625644915092664,1.5,3,0.0,841,63.25802615933412,366,1913,nan,nan,2.7214921217238444,2.7214921217238444,0,0.0,0.0,0.0,22.340751422103494,2383,0,0,,,,,,2383,22.340751422103494,0.009375053051659041,0.0072366350796073675,0.022207534615881756,0.10406307503581047,9.375053051659041,22.207534615881755,104.06307503581047,48.24800671422577,151.77171632396139,28.432647922786405,0.0,21.53713806126731,0,2,0,0.0,0.0,0.0
non_binding_good,C5,8043,1762,1759,73.29166666666667,99.82973893303064,0.1788565286882284,3.032102207716283,0.002127760771930398,2.8490028490028463,0.0,97.15099715099716,0.40618142983185807,0.0,0,17980.0,24.73999999999966,3.9205555555555662,45.208311886011096,34.04222986186388,11.166082024147201,75.30082067142534,52.22817910202836,34.04222986186388,0.0,26.09353143092436,1.5,3,0.0,846,63.71158392434988,355,1798,nan,nan,2.7154353200282655,2.7154353200282655,0,0.0,0.0,0.0,22.302291810745373,2444,0,0,,,,,,2444,22.302291810745373,0.009125323981483377,0.007170042023062706,0.02189874749165028,0.1045693508349359,9.125323981483376,21.89874749165028,104.5693508349359,47.547054009819966,150.49468085106383,28.201718494271685,0.0,21.23772504091653,0,2,0,0.0,0.0,0.0
non_binding_good,C5,8044,1804,1803,75.125,99.94456762749445,0.2321274026148827,3.5762285249649723,0.008233704062536972,5.1724137931034475,0.0,94.82758620689656,0.39534706551811044,0.0,0,18710.0,25.38999999999963,4.018194444444456,45.4557801216605,34.244267794010554,11.211512327649924,75.33534283727438,63.928038247776406,34.244267794010554,0.0,25.88545584269461,1.5,3,0.0,843,63.345195729537366,416,1871,nan,nan,2.750946039593886,2.750946039593886,0,0.0,0.0,0.0,22.068667993647978,2434,0,0,,,,,,2434,22.068667993647978,0.009066831550389473,0.007166909985244274,0.021244890894740808,0.1034523278940469,9.066831550389473,21.24489089474081,103.4523278940469,47.47740345110928,149.2797863599014,27.86154478225144,0.0,21.32456861133936,0,2,0,0.0,0.0,0.0
non_binding_good,C5,8045,1788,1778,74.08333333333333,99.4407158836689,0.2341659643458789,4.7791259625412446,0.009146679323383125,3.7634408602150504,0.0,96.23655913978494,0.3926275028926417,0.0,0,19490.0,25.353999999999626,3.995694444444455,48.29191337781782,36.37180411584261,11.920109261975195,75.31655213427402,50.75267513647839,36.37180411584261,0.0,27.676457610172903,1.5,3,0.0,849,60.89517078916372,403,1949,nan,nan,2.7475134980067883,2.7475134980067883,0,0.0,0.0,0.0,22.20491694030352,2391,0,0,,,,,,2391,22.20491694030352,0.00928687450451841,0.007230469956994057,0.02338848658837378,0.10258259205147624,9.28687450451841,23.38848658837378,102.58259205147624,48.80175658720201,153.0158929318277,28.670012547051442,0.0,21.93935591802593,0,1,0,0.0,0.0,0.0
non_binding_good,C5,8046,1757,1755,73.125,99.88616960728514,0.16524897948720457,2.4778360504352652,0.0009857523305021835,1.5151515151515138,0.0,98.48484848484848,0.39795434954361053,0.0,0,19690.0,25.021999999999636,3.9338888888889,49.55062491713218,37.3304187852187,12.220206131913494,75.33793740775137,50.17607906153734,37.3304187852187,0.0,28.497523725208488,1.5,3,0.0,882,59.410430839002274,387,1969,nan,nan,2.7379685730017678,2.7379685730017678,0,0.0,0.0,0.0,20.67786789080128,2454,0,0,,,,,,2454,20.67786789080128,0.00842618903455635,0.007069665007293224,0.020395408268086602,0.10239197197370231,8.42618903455635,20.3954082680866,102.39197197370231,47.62836185819071,150.85900570497148,28.31907090464548,0.0,21.301548492257538,0,2,0,0.0,0.0,0.0
non_binding_good,C5,8047,1815,1814,75.58333333333333,99.94490358126723,0.22184632861253542,4.389458689549307,0.004574856215233728,3.475935828877008,0.0,96.52406417112299,0.3888515125927604,0.0,0,19170.0,25.613999999999603,4.047500000000013,46.22762228878084,34.79551674902032,11.432105539760514,75.26996853018974,61.55903630186613,34.79551674902032,0.0,26.74545518514323,1.5,3,0.0,798,65.91478696741855,414,1917,nan,nan,2.7171432066009955,2.7171432066009955,0,0.0,0.0,0.0,22.713951235404238,2433,0,0,,,,,,2433,22.713951235404238,0.00933577938158826,0.007179067004472017,0.022622966533526783,0.10608379519544542,9.33577938158826,22.62296653352678,106.08379519544542,46.31319358816276,147.29223181257706,27.42909987669544,0.0,21.073160706946158,0,2,0,0.0,0.0,0.0
non_binding_good,C5,8048,1869,1869,77.875,100.0,0.22846381812519173,2.5355792915269073,0.0027881432854994425,3.394255874673624,0.0,96.60574412532638,0.36830442466572544,0.0,0,19680.0,26.36399999999958,4.167083333333345,48.98113323131075,36.894658657146365,12.086474574164377,75.3242242945122,52.98668619167681,36.894658657146365,0.0,28.13222716690197,1.5,3,0.0,780,56.794871794871796,421,1968,nan,nan,2.741886211447285,2.741886211447285,0,0.0,0.0,0.0,21.759160642512143,2338,0,0,,,,,,2338,21.759160642512143,0.009306741078918795,0.0072515265783295035,0.02248987344792115,0.1026694099418819,9.306741078918796,22.48987344792115,102.6694099418819,46.2382378100941,147.58810949529513,27.408041060735673,0.0,21.63130881094953,0,2,0,0.0,0.0,0.0
non_binding_good,C5,8049,1768,1766,73.58333333333333,99.8868778280543,0.2537632154784148,4.132452572011001,0.007603203123065057,4.322766570605186,0.0,95.67723342939482,0.39882479689528705,0.0,0,19040.0,25.023999999999642,3.9477777777777874,48.406901814768176,36.468639671049054,11.9382621437191,75.33768595767279,51.309450118112196,36.468639671049054,0.0,27.516022998400455,1.5,3,0.0,823,61.482381530984206,382,1904,nan,nan,2.7476465536114247,2.7476465536114247,0,0.0,0.0,0.0,21.461961751570925,2425,0,0,,,,,,2425,21.461961751570925,0.008850293505802444,0.007125804899260402,0.020484456839039912,0.0960951428860426,8.850293505802444,20.48445683903991,96.0951428860426,48.01237113402062,150.9740206185567,28.237113402061855,0.0,21.59175257731959,0,0,0,0.0,0.0,0.0
non_binding_good,C5,8050,1702,1701,70.875,99.94124559341951,0.17213978407644354,3.4040042941371365,0.003376918352217114,3.1976744186046457,0.0,96.80232558139535,0.42092804112460824,0.0,0,18660.0,24.15599999999967,3.8050000000000113,45.34999227688798,34.12319288612884,11.226799390759131,75.24409856078249,56.12936552940538,34.12319288612884,0.0,26.573545274403497,1.5,3,0.0,927,63.53829557713053,416,1866,nan,nan,2.7085424869030663,2.7085424869030663,0,0.0,0.0,0.0,22.305451704654843,2524,0,0,,,,,,2524,22.305451704654843,0.008837342196772917,0.007117401924915612,0.020766015513800074,0.1037349971011281,8.837342196772918,20.766015513800074,103.7349971011281,48.64302694136292,154.52654516640254,29.167987321711568,0.0,21.61648177496038,0,1,0,0.0,0.0,0.0
non_binding_good,C5,8051,1768,1765,73.54166666666667,99.83031674208145,0.30105089864789847,5.102474172452245,0.010279221627580014,5.389221556886225,0.0,94.61077844311377,0.40798705294471116,4.7369515717340015e-17,0,17320.0,24.67999999999966,3.9238888888888996,43.975753117429115,33.12802974970431,10.847723367724821,75.33248984103133,59.27845578031841,33.12802974970431,0.0,25.22545898604443,1.5,3,2.3684757858670006e-16,857,63.010501750291716,318,1732,nan,nan,2.7431630003656267,2.7431630003656267,0,0.0,0.0,0.0,22.6377795310691,2330,0,0,,,,,,2330,22.6377795310691,0.009715785206467424,0.007353485561907291,0.022626057919114824,0.1031961350236088,9.715785206467425,22.626057919114825,103.1961350236088,48.6244635193133,153.6733905579399,28.918454935622318,0.0,21.464377682403434,0,3,0,0.0,0.0,0.0
non_binding_good,C5,8052,1760,1758,73.25,99.88636363636364,0.15339701785028478,2.707149136013929,0.0011157016788148715,2.203856749311295,0.0,97.7961432506887,0.4015646971044249,0.0,0,19950.0,25.109999999999616,3.9437500000000134,46.89105402597511,35.28992424843745,11.601129777537663,75.25939644881674,59.14303655667671,35.28992424843745,0.0,27.386603501671555,1.5,3,0.0,887,67.19278466741827,459,1995,nan,nan,2.696632362469299,2.696632362469299,0,0.0,0.0,0.0,22.659150550840423,2504,0,0,,,,,,2504,22.659150550840423,0.009049181529888348,0.007175312959589064,0.021315940609201788,0.10427201795391738,9.04918152988835,21.31594060920179,104.27201795391738,47.73162939297124,151.2935303514377,28.40055910543131,0.0,21.250399361022364,0,3,0,0.0,0.0,0.0
non_binding_good,C5,8053,1805,1801,75.04166666666667,99.77839335180056,0.1910368074457767,3.468268879563766,0.0034175725533278265,2.872062663185382,0.0,97.12793733681463,0.3934369660582756,0.0,0,19020.0,25.463999999999615,4.024583333333345,45.954416918193274,34.625062885139116,11.329354033054138,75.34653947797368,50.938199956886166,34.625062885139116,0.0,26.293536263208892,1.5,3,0.0,802,61.59600997506235,394,1902,nan,nan,2.7410277969187584,2.7410277969187584,0,0.0,0.0,0.0,22.975118219852448,2457,0,0,,,,,,2457,22.975118219852448,0.009350882466362412,0.00725461496040225,0.02151368036866188,0.10330806509591639,9.350882466362412,21.51368036866188,103.30806509591639,46.617826617826616,147.66056166056165,27.49084249084249,0.0,21.210826210826212,0,1,0,0.0,0.0,0.0
non_binding_good,C5,8054,1767,1763,73.45833333333333,99.77362761743068,0.17415238462480534,2.276784799601834,0.000769103521609597,1.4367816091954033,0.0,98.5632183908046,0.4066881631759266,0.0,0,18730.0,24.949999999999644,3.941388888888901,44.97069519296244,33.876632980839815,11.094062212122608,75.33046317269573,54.459034270661434,33.876632980839815,0.0,25.619625872685006,1.5,3,0.0,891,60.1571268237935,409,1873,nan,nan,2.740754333011993,2.740754333011993,0,0.0,0.0,0.0,23.05482130125165,2490,0,0,,,,,,2490,23.05482130125165,0.009258964378012711,0.0072641209699213505,0.021871361637022288,0.10256580193527043,9.258964378012712,21.87136163702229,102.56580193527043,48.006024096385545,151.710843373494,28.457831325301203,0.0,21.583132530120483,0,1,0,0.0,0.0,0.0
non_binding_good,C5,8055,1831,1827,76.125,99.7815401419989,0.22583177797574777,3.0106712836069467,0.0032935649971344567,3.8567493112947604,0.0,96.14325068870524,0.3847880933149507,0.0,0,19000.0,25.7719999999996,4.078472222222234,46.97128788335078,35.38607260852493,11.585215274825858,75.33553837485411,49.74935888763882,35.38607260852493,0.0,26.65019889348453,1.5,3,0.0,789,59.062103929024076,395,1900,nan,nan,2.7523742221284677,2.7523742221284677,0,0.0,0.0,0.0,22.958983902353793,2408,0,0,,,,,,2408,22.958983902353793,0.009534461753469184,0.007148426957428455,0.023343855619896214,0.1030627719592303,9.534461753469184,23.343855619896214,103.0627719592303,45.61046511627907,146.0581395348837,27.128322259136212,0.0,21.32765780730897,0,1,0,0.0,0.0,0.0
non_binding_good,C5,8056,1813,1811,75.45833333333333,99.88968560397133,0.26433607002306053,4.893815377070799,0.007239288130734936,3.125,0.0,96.875,0.384425105870607,0.0,0,19750.0,25.705999999999605,4.051388888888902,48.28063684979943,36.36341902552062,11.917217824278808,75.31677583012596,49.55876725599677,36.36341902552062,0.0,27.990945754570486,1.5,3,0.0,847,56.08028335301063,397,1975,nan,nan,2.7149478704243935,2.7149478704243935,0,0.0,0.0,0.0,21.344213431701064,2407,0,0,,,,,,2407,21.344213431701064,0.008867558550769034,0.007083176169544458,0.02178873410448428,0.10283232410438359,8.867558550769035,21.78873410448428,102.83232410438359,47.729538845035314,151.11840465309513,28.255089322808477,0.0,21.93975903614458,0,1,0,0.0,0.0,0.0
strongly_constrained_moderate,C1,8007,2513,1568,65.33333333333333,62.39554317548747,540.9829688884583,1584.2880769826027,538.1030157262556,95.67901234567901,83.27577701036014,4.320987654320987,0.3190673388839669,1250.3141437177337,0,390.0,75.236,8.365972222222233,108.57715163526854,78.71026127511756,29.86689036015097,72.49247202534877,29.16944444444442,0.0,78.71026127511756,195.71835111504865,0,0,10002.513149741866,0,0,0,39,0.3,0.7,0.0,0.0,0.0,0.0,0.0,0.0,0.0,0,0,0,,,,,,,,,,,,,,,,,,,,,,,,,
strongly_constrained_moderate,C1,8008,2467,1446,60.25,58.61370085123632,677.9637864264307,1981.4423904524745,675.1234572632561,97.01195219123507,85.3944020356234,2.9880478087649402,0.2954499900749239,1620.7292026711855,0,390.0,74.12399999999998,8.231250000000012,110.14778454965274,78.78533628969694,31.36244825995579,71.52693684381991,29.22277777777773,0.0,78.78533628969694,221.001119051172,0,0,12965.833621369482,0,0,0,39,0.3,0.7,0.0,0.0,0.0,0.0,0.0,0.0,0.0,0,0,0,,,,,,,,,,,,,,,,,,,,,,,,,
strongly_constrained_moderate,C1,8009,2487,1181,49.208333333333336,47.48693204664254,873.4250216278108,2454.6431550715274,870.4229109539402,98.75,87.89237668161435,1.25,0.2456148406853274,1857.0358834546932,0,390.0,74.636,8.291805555555568,112.62600808060571,78.9275711897335,33.69843689087221,70.07934715509542,29.1372222222222,0.0,78.9275711897335,258.0914607850714,0,0,14856.28706763755,0,0,0,39,0.3,0.7,0.0,0.0,0.0,0.0,0.0,0.0,0.0,0,0,0,,,,,,,,,,,,,,,,,,,,,,,,,
strongly_constrained_moderate,C1,8010,2518,1011,42.125,40.15091342335187,904.7909293913968,2336.3002179567293,902.0338142608338,95.89041095890411,82.16243148978575,4.10958904109589,0.2528978930998267,1719.5822636980313,0,410.0,75.014,8.356805555555564,116.50114670987466,82.87083062302838,33.630316086846264,71.13306002850204,29.13722222222218,0.0,82.87083062302838,247.95946329791633,0,0,13756.658109584247,0,0,0,41,0.3,0.7,0.0,0.0,0.0,0.0,0.0,0.0,0.0,0,0,0,,,,,,,,,,,,,,,,,,,,,,,,,
strongly_constrained_moderate,C1,8011,2468,1031,42.958333333333336,41.77471636952998,936.054082394859,2355.041861271832,933.3797172846071,93.47408829174664,81.40729327170006,6.525911708253358,0.26522483375738204,1854.5124564624348,0,400.0,74.22,8.23916666666668,113.10049962048856,80.73535267029983,32.36514695018874,71.3837276945807,29.139683897535072,0.0,80.73535267029983,245.04235521631665,0,0,14836.09965169948,0,0,0,40,0.3,0.7,0.0,0.0,0.0,0.0,0.0,0.0,0.0,0,0,0,,,,,,,,,,,,,,,,,,,,,,,,,
strongly_constrained_moderate,C1,8012,2531,1557,64.875,61.517186882655075,510.8747687648376,1937.9501821360464,508.01228160849945,96.484375,87.81575037147103,3.515625,0.2831258448086252,1447.5237693305955,0,420.0,75.822,8.429166666666674,116.85265361946564,84.79774889225264,32.054904727213014,72.56809859740045,29.187222222222182,0.0,84.79774889225264,221.97154637532205,0,0,11580.19015464476,0,0,0,42,0.3,0.7,0.0,0.0,0.0,0.0,0.0,0.0,0.0,0,0,0,,,,,,,,,,,,,,,,,,,,,,,,,
strongly_constrained_moderate,C1,8013,2553,1283,53.458333333333336,50.25460242851547,641.3187730901848,1771.413085740383,638.4943290333159,95.45454545454545,85.58024691358025,4.545454545454546,0.29770055447431937,1119.3537339118825,0,400.0,76.59399999999998,8.510277777777786,111.39633826347101,80.67947489791699,30.71686336555402,72.42560765964902,29.187222222222175,0.0,80.67947489791699,207.4771454629952,0,0,8954.829871295062,0,0,0,40,0.3,0.7,0.0,0.0,0.0,0.0,0.0,0.0,0.0,0,0,0,,,,,,,,,,,,,,,,,,,,,,,,,
strongly_constrained_moderate,C1,8014,2526,1291,53.791666666666664,51.108471892319876,719.3553951925348,1650.9530590893696,716.5341875783686,95.80838323353294,85.58024691358025,4.191616766467066,0.3129224023513266,1312.4677778039882,0,390.0,75.854,8.425138888888899,108.2320527907876,78.74576572968093,29.4862870611067,72.75641891584222,29.204999999999977,0.0,78.74576572968093,198.82874478560547,0,0,10499.742222431907,0,0,0,39,0.3,0.7,0.0,0.0,0.0,0.0,0.0,0.0,0.0,0,0,0,,,,,,,,,,,,,,,,,,,,,,,,,
strongly_constrained_moderate,C1,8015,2557,1266,52.75,49.511145874071175,732.7997447452613,2192.847076588226,729.9280534612227,97.0873786407767,86.6307541625857,2.912621359223301,0.2557627703076107,1672.4326791078847,0,410.0,77.05600000000001,8.54736111111112,115.3014309171095,82.79216102437078,32.50926989273873,71.80497272743327,29.123148801684295,0.0,82.79216102437078,240.2508948650226,0,0,13379.46143286308,0,0,0,41,0.3,0.7,0.0,0.0,0.0,0.0,0.0,0.0,0.0,0,0,0,,,,,,,,,,,,,,,,,,,,,,,,,
strongly_constrained_moderate,C1,8016,2600,1241,51.708333333333336,47.73076923076923,785.8789517901637,2260.657821092098,782.9529501342274,96.5863453815261,86.01332064700286,3.413654618473896,0.24553211463368868,1697.2603347877434,0,420.0,77.78000000000003,8.6513888888889,118.16718062493347,84.798368623374,33.36881200155947,71.76135385046278,29.13736855820115,0.0,84.798368623374,242.46319718193797,0,0,13578.082678301946,0,0,0,42,0.3,0.7,0.0,0.0,0.0,0.0,0.0,0.0,0.0,0,0,0,,,,,,,,,,,,,,,,,,,,,,,,,
strongly_constrained_moderate,C1,8017,2550,1061,44.208333333333336,41.6078431372549,990.6638833019484,2084.803121456257,987.759026798919,94.99036608863199,88.72476612506155,5.009633911368015,0.26567090506438357,1651.7271120480507,0,420.0,76.4,8.493055555555568,117.86692153067335,84.85081887994811,33.01610265072525,71.9886612613928,29.204999999999963,0.0,84.85081887994811,233.29660928182653,0,0,13213.816896384405,0,0,0,42,0.3,0.7,0.0,0.0,0.0,0.0,0.0,0.0,0.0,0,0,0,,,,,,,,,,,,,,,,,,,,,,,,,
strongly_constrained_moderate,C1,8018,2502,1176,49.0,47.00239808153477,960.5841758085694,2653.2374521137294,957.7207588278239,95.06172839506173,87.94642857142857,4.938271604938271,0.2286642138006661,1836.0708309316951,0,420.0,75.356,8.360555555555566,120.61877331007906,84.78446111154683,35.83431219853224,70.29126460570805,29.30833333333329,0.0,84.78446111154683,271.58964748628154,0,0,14688.56664745356,0,0,0,42,0.3,0.7,0.0,0.0,0.0,0.0,0.0,0.0,0.0,0,0,0,,,,,,,,,,,,,,,,,,,,,,,,,
strongly_constrained_moderate,C1,8019,2524,1038,43.25,41.12519809825674,974.6720581545234,2212.6290150294267,971.7793402226631,93.40425531914893,87.14703018500487,6.595744680851063,0.26355701493356865,1680.579209482912,0,400.0,76.06800000000001,8.437500000000012,113.42582412289735,80.7931154225894,32.63270870030796,71.22991262999308,29.222777777777754,0.0,80.7931154225894,238.59883249758957,0,0,13444.633675863293,0,0,0,40,0.3,0.7,0.0,0.0,0.0,0.0,0.0,0.0,0.0,0,0,0,,,,,,,,,,,,,,,,,,,,,,,,,
strongly_constrained_moderate,C1,8020,2551,1107,46.125,43.394747157977264,850.8890089988693,1853.5819029962292,847.9750878906921,96.20493358633776,88.48814229249011,3.795066413662239,0.28708302981874745,1469.2061485498248,0,400.0,76.67800000000001,8.513611111111121,112.28546517402893,80.80652033066188,31.478944843367035,71.96525410071688,29.137222222222185,0.0,80.80652033066188,216.02802058944644,0,0,11753.649188398596,0,0,0,40,0.3,0.7,0.0,0.0,0.0,0.0,0.0,0.0,0.0,0,0,0,,,,,,,,,,,,,,,,,,,,,,,,,
strongly_constrained_moderate,C1,8021,2470,1378,57.416666666666664,55.78947368421052,649.3612336701635,2166.0994751107473,646.4481994528186,96.1864406779661,86.78678678678679,3.8135593220338984,0.27274453406712335,1623.5732424323862,0,410.0,73.85000000000001,8.215972222222232,115.05939457296815,82.7269496614441,32.332444911524036,71.89934378542247,29.131754586347835,0.0,82.7269496614441,238.74881719074583,0,0,12988.58593945909,0,0,0,41,0.3,0.7,0.0,0.0,0.0,0.0,0.0,0.0,0.0,0,0,0,,,,,,,,,,,,,,,,,,,,,,,,,
strongly_constrained_moderate,C1,8022,2497,1489,62.041666666666664,59.63155786944333,592.2147037747608,1956.6864626947706,589.329443605631,98.25581395348837,85.15901060070672,1.744186046511628,0.28940155439102666,1506.259464004737,0,390.0,74.82799999999999,8.317638888888903,109.68652548924037,78.71730153136166,30.969223957878704,71.76569882239855,29.18722222222221,0.0,78.71730153136166,221.67320093162303,0,0,12050.075712037902,0,0,0,39,0.3,0.7,0.0,0.0,0.0,0.0,0.0,0.0,0.0,0,0,0,,,,,,,,,,,,,,,,,,,,,,,,,
strongly_constrained_moderate,C1,8023,2528,1352,56.333333333333336,53.48101265822785,527.3450206935015,1588.134151026105,524.5660070908881,95.16441005802709,84.53505718547987,4.835589941972921,0.3170159159986741,1176.1884977971592,0,410.0,76.01,8.438472222222236,113.04975572275436,82.92551198503176,30.12424373772258,73.35311027862817,29.137222222222203,0.0,82.92551198503176,195.27615608994967,0,0,9409.507982377276,0,0,0,41,0.3,0.7,0.0,0.0,0.0,0.0,0.0,0.0,0.0,0,0,0,,,,,,,,,,,,,,,,,,,,,,,,,
strongly_constrained_moderate,C1,8024,2505,1354,56.416666666666664,54.051896207584825,571.3436904666904,1583.3935666612952,568.5971612443611,94.82071713147411,83.5746380429356,5.179282868525896,0.3248823837803282,1149.526736375227,0,400.0,75.02600000000002,8.341388888888899,110.14561739909321,80.87770033697936,29.26791706211385,73.42797856762043,29.168134248583705,0.0,80.87770033697936,192.17742630907082,0,0,9196.213891001817,0,0,0,40,0.3,0.7,0.0,0.0,0.0,0.0,0.0,0.0,0.0,0,0,0,,,,,,,,,,,,,,,,,,,,,,,,,
strongly_constrained_moderate,C1,8025,2450,1494,62.25,60.97959183673469,501.11965322553397,1361.0159929175986,498.13575526029916,96.21848739495799,90.47619047619048,3.7815126050420167,0.34787570615850905,1097.5668761011877,0,400.0,73.74400000000001,8.183611111111123,109.9051023402548,80.76912493536913,29.13597740488568,73.48987737194975,29.22277777777773,0.0,80.76912493536913,181.42165729541492,0,0,8780.535008809498,0,0,0,40,0.3,0.7,0.0,0.0,0.0,0.0,0.0,0.0,0.0,0,0,0,,,,,,,,,,,,,,,,,,,,,,,,,
strongly_constrained_moderate,C1,8026,2499,1406,58.583333333333336,56.26250500200079,699.4551586332515,1932.3902274576053,696.6012517394172,95.8984375,88.57574232511324,4.1015625,0.2935588230005755,1581.5725420530505,0,400.0,74.95400000000001,8.3288888888889,112.4145739120004,80.66534174363137,31.749232168369062,71.75701418107695,29.308333333333298,0.0,80.66534174363137,218.06960826620633,0,0,12652.580336424406,0,0,0,40,0.3,0.7,0.0,0.0,0.0,0.0,0.0,0.0,0.0,0,0,0,,,,,,,,,,,,,,,,,,,,,,,,,
strongly_constrained_moderate,C1,8027,2458,1460,60.833333333333336,59.39788445890968,462.0653611719384,1474.6077148115457,459.13827395583263,97.27463312368972,88.4401817264008,2.7253668763102725,0.33703556223942455,1169.9851722116096,0,410.0,74.33799999999998,8.234861111111123,113.61385745427988,82.7743546678059,30.83950278647396,72.85586153178161,29.290555555555535,0.0,82.7743546678059,188.98266131957143,0,0,9359.881377692876,0,0,0,41,0.3,0.7,0.0,0.0,0.0,0.0,0.0,0.0,0.0,0,0,0,,,,,,,,,,,,,,,,,,,,,,,,,
strongly_constrained_moderate,C1,8028,2569,1388,57.833333333333336,54.02880498248346,597.3164206404041,1787.8278974465807,594.386065751268,98.18913480885311,86.24517374517374,1.8108651911468814,0.2915862491121098,1327.688719447663,0,410.0,77.15200000000003,8.569027777777787,113.34431901133844,82.78748959832373,30.556829413014704,73.0407049250012,29.204999999999977,0.0,82.78748959832373,209.92544515475663,0,0,10621.509755581306,0,0,0,41,0.3,0.7,0.0,0.0,0.0,0.0,0.0,0.0,0.0,0,0,0,,,,,,,,,,,,,,,,,,,,,,,,,
strongly_constrained_moderate,C1,8029,2415,851,35.458333333333336,35.23809523809524,901.1749031089252,2055.883092242134,898.3987857570924,96.81908548707754,85.30334728033473,3.180914512922465,0.2961243726123893,1457.5075548841721,0,390.0,72.544,8.056527777777788,110.6941887331833,78.79513117433754,31.899057558845755,71.1827170659021,29.187222222222196,0.0,78.79513117433754,227.68383524342198,0,0,11660.060439073375,0,0,0,39,0.3,0.7,0.0,0.0,0.0,0.0,0.0,0.0,0.0,0,0,0,,,,,,,,,,,,,,,,,,,,,,,,,
strongly_constrained_moderate,C1,8030,2556,1039,43.291666666666664,40.649452269170574,989.0795097597195,2357.5696687248405,986.2097329885424,95.80952380952381,87.39537173806006,4.190476190476191,0.24299134637085643,1810.4450611407733,0,430.0,76.558,8.511527777777786,121.33044825264719,86.75482887558988,34.57561937705728,71.50293279634123,29.137222222222192,0.0,86.75482887558988,250.60692290331494,0,0,14483.56048912619,0,0,0,43,0.3,0.7,0.0,0.0,0.0,0.0,0.0,0.0,0.0,0,0,0,,,,,,,,,,,,,,,,,,,,,,,,,
strongly_constrained_moderate,C1,8031,2459,1060,44.166666666666664,43.10695404636031,828.0888508056141,2296.696014267277,825.2301695801908,95.33980582524272,86.98559670781893,4.660194174757281,0.2691775567813304,1648.9509645781902,0,400.0,73.99400000000003,8.212222222222236,113.7061273283874,80.82000786557995,32.886119462807414,71.07797069912411,29.204999999999977,0.0,80.82000786557995,243.1301767971579,0,0,13191.607716625524,0,0,0,40,0.3,0.7,0.0,0.0,0.0,0.0,0.0,0.0,0.0,0,0,0,,,,,,,,,,,,,,,,,,,,,,,,,
strongly_constrained_moderate,C1,8032,2553,1274,53.083333333333336,49.90207598903251,782.8256131543167,2685.22830026262,779.906048074522,98.34558823529412,90.14435042309607,1.6544117647058825,0.21602923863979312,1981.0018575264078,0,420.0,77.05000000000001,8.541944444444455,121.206820987898,84.92559268944294,36.28122829845504,70.0666777638879,29.222777777777754,0.0,84.92559268944294,272.5932757548322,0,0,15848.014860211264,0,0,0,42,0.3,0.7,0.0,0.0,0.0,0.0,0.0,0.0,0.0,0,0,0,,,,,,,,,,,,,,,,,,,,,,,,,
strongly_constrained_moderate,C1,8033,2553,1213,50.541666666666664,47.512730121425776,779.6334092250712,1878.4663525509618,776.7780181426535,95.0,87.89965568125922,5.0,0.291916797935837,1412.5710515196347,0,420.0,76.52200000000002,8.505277777777788,116.59599575461394,84.6022054713365,31.993790283277388,72.56012946567132,29.321996112859416,0.0,84.6022054713365,215.44345057261447,0,0,11300.56841215708,0,0,0,42,0.3,0.7,0.0,0.0,0.0,0.0,0.0,0.0,0.0,0,0,0,,,,,,,,,,,,,,,,,,,,,,,,,
strongly_constrained_moderate,C1,8034,2425,1360,56.666666666666664,56.08247422680412,597.5885358782153,1922.929090290545,594.7297516135587,96.31147540983606,86.93856479091379,3.6885245901639343,0.30231118308845084,1572.2735226694901,0,400.0,73.04599999999999,8.1038888888889,112.51268503430643,80.82161306895553,31.691071965350883,71.83333420966007,29.200890274704093,0.0,80.82161306895553,221.3454979736838,0,0,12578.188181355923,0,0,0,40,0.3,0.7,0.0,0.0,0.0,0.0,0.0,0.0,0.0,0,0,0,,,,,,,,,,,,,,,,,,,,,,,,,
strongly_constrained_moderate,C1,8035,2473,1137,47.375,45.9765467044076,884.1126912521015,2365.584018840188,881.0869953318993,98.5655737704918,90.52896725440806,1.4344262295081966,0.2537542293766363,1757.470111934782,0,420.0,74.446,8.261111111111122,118.38525700331971,84.66197815291099,33.72327885040872,71.5139539297,29.222777777777747,0.0,84.66197815291099,253.5243942764687,0,0,14059.760895478257,0,0,0,42,0.3,0.7,0.0,0.0,0.0,0.0,0.0,0.0,0.0,0,0,0,,,,,,,,,,,,,,,,,,,,,,,,,
strongly_constrained_moderate,C1,8036,2567,1325,55.208333333333336,51.61667315932996,772.7124013056139,2265.1034562233735,769.8137632453864,97.2972972972973,88.57979502196194,2.7027027027027026,0.2515228316231741,1781.4171616149376,0,410.0,77.07200000000002,8.560972222222233,116.09719709617347,82.85555589612966,33.241641200043816,71.36740418245682,29.222777777777768,0.0,82.85555589612966,242.25395692368292,0,0,14251.337292919507,0,0,0,41,0.3,0.7,0.0,0.0,0.0,0.0,0.0,0.0,0.0,0,0,0,,,,,,,,,,,,,,,,,,,,,,,,,
strongly_constrained_moderate,C1,8037,2453,1071,44.625,43.66082348145128,849.8324934444242,1886.4212358245857,847.007789566379,92.7536231884058,86.14213197969544,7.246376811594203,0.3178877583964153,1493.3881935564414,0,390.0,73.168,8.147361111111122,109.5371028489023,78.7791736293492,30.757929219553098,71.92008148875253,29.15379508247071,0.0,78.7791736293492,216.18678121402417,0,0,11947.105548451533,0,0,0,39,0.3,0.7,0.0,0.0,0.0,0.0,0.0,0.0,0.0,0,0,0,,,,,,,,,,,,,,,,,,,,,,,,,
strongly_constrained_moderate,C1,8038,2532,1557,64.875,61.492890995260666,468.2595403085658,1851.5877202444904,465.4033864831138,94.79768786127167,88.474913065077,5.202312138728324,0.2918642285717705,1319.0168723868212,0,420.0,75.96799999999999,8.440555555555566,115.85141694566967,84.69332629092797,31.15809065474169,73.10512769183154,29.15121650943755,0.0,84.69332629092797,214.8419504759169,0,0,10552.134979094566,0,0,0,42,0.3,0.7,0.0,0.0,0.0,0.0,0.0,0.0,0.0,0,0,0,,,,,,,,,,,,,,,,,,,,,,,,,
strongly_constrained_moderate,C1,8039,2544,1095,45.625,43.04245283018868,869.4678076030656,1954.9069808761958,866.6038849485933,96.55172413793103,89.01154039136979,3.4482758620689653,0.27961489216625784,1473.6110049751637,0,400.0,76.39600000000003,8.485277777777785,112.29358033647192,80.85304161957242,31.440538716899496,72.00148163172611,29.272777777777748,0.0,80.85304161957242,222.9747529336604,0,0,11788.88803980131,0,0,0,40,0.3,0.7,0.0,0.0,0.0,0.0,0.0,0.0,0.0,0,0,0,,,,,,,,,,,,,,,,,,,,,,,,,
strongly_constrained_moderate,C1,8040,2492,1412,58.833333333333336,56.66131621187801,636.8004817536964,1831.075545280591,633.9506496684004,96.89320388349515,86.69701568032372,3.1067961165048543,0.3017769151315601,1427.4592036936676,0,410.0,74.53800000000003,8.29125000000001,113.56306378679105,82.6958342568658,30.86722952992525,72.81930541441103,29.169444444444416,0.0,82.6958342568658,212.46735678364087,0,0,11419.673629549343,0,0,0,41,0.3,0.7,0.0,0.0,0.0,0.0,0.0,0.0,0.0,0,0,0,,,,,,,,,,,,,,,,,,,,,,,,,
strongly_constrained_moderate,C1,8041,2507,1306,54.416666666666664,52.094136418029514,705.8343461285081,2653.5429919979574,703.0414795708623,95.71150097465888,83.19959879638917,4.28849902534113,0.22395020177552494,1994.124169512951,0,410.0,75.168,8.35375000000001,118.17874642537068,82.81600807985313,35.36273834551754,70.0769051837515,29.22277777777773,0.0,82.81600807985313,272.64539413513546,0,0,15952.993356103612,0,0,0,41,0.3,0.7,0.0,0.0,0.0,0.0,0.0,0.0,0.0,0,0,0,,,,,,,,,,,,,,,,,,,,,,,,,
strongly_constrained_moderate,C1,8042,2502,1642,68.41666666666667,65.62749800159871,370.36033645791395,1811.9037579556725,367.5297811455442,96.6403162055336,86.82364729458918,3.3596837944664033,0.29876131463923805,1066.8244574808705,0,420.0,75.31200000000001,8.357500000000009,117.13164606737126,84.77132515833163,32.36032090903963,72.37269175707924,29.16944444444443,0.0,84.77132515833163,213.49094828860956,0,0,8534.595659846962,0,0,0,42,0.3,0.7,0.0,0.0,0.0,0.0,0.0,0.0,0.0,0,0,0,,,,,,,,,,,,,,,,,,,,,,,,,
strongly_constrained_moderate,C1,8043,2464,1369,57.041666666666664,55.560064935064936,753.1933237704413,2106.5947487955423,750.4000405388563,94.83101391650099,86.07853136155022,5.168986083499006,0.28030524640267307,1681.0627173626106,0,390.0,74.27400000000002,8.237916666666678,110.61481732334215,78.76974159062561,31.84507573271653,71.21084091326657,29.22651243536173,0.0,78.76974159062561,233.53358065563933,0,0,13448.501738900884,0,0,0,39,0.3,0.7,0.0,0.0,0.0,0.0,0.0,0.0,0.0,0,0,0,,,,,,,,,,,,,,,,,,,,,,,,,
strongly_constrained_moderate,C1,8044,2549,1382,57.583333333333336,54.21734013338564,729.155340255825,2300.4231630495788,726.3353005428919,95.6442831215971,86.38638638638638,4.3557168784029034,0.250700452736742,1793.374242203068,0,410.0,76.38,8.490416666666679,115.61580625174625,82.75834298661046,32.857463265135806,71.58047473751927,29.208163437679215,0.0,82.75834298661046,245.41186003282854,0,0,14346.993937624542,0,0,0,41,0.3,0.7,0.0,0.0,0.0,0.0,0.0,0.0,0.0,0,0,0,,,,,,,,,,,,,,,,,,,,,,,,,
strongly_constrained_moderate,C1,8045,2519,1229,51.208333333333336,48.78920206431123,796.9212953072299,2015.6468618863737,794.0671696208531,95.0,86.14307153576787,5.0,0.2779515892772183,1596.5287441593607,0,410.0,75.504,8.392083333333344,114.30935140230653,82.74412235833796,31.565229043968582,72.38613581764086,29.20499999999996,0.0,82.74412235833796,227.77761746711428,0,0,12772.229953274886,0,0,0,41,0.3,0.7,0.0,0.0,0.0,0.0,0.0,0.0,0.0,0,0,0,,,,,,,,,,,,,,,,,,,,,,,,,
strongly_constrained_moderate,C1,8046,2528,1033,43.041666666666664,40.8623417721519,1069.3725304612672,2728.349134295024,1066.4284028226582,98.98785425101214,89.28220255653883,1.0121457489878543,0.22706176345411883,2119.2605911419473,0,410.0,76.254,8.455416666666679,118.06732867826163,82.76702714842563,35.30030152983602,70.1015497470678,29.169444444444437,0.0,82.76702714842563,274.69789784681427,0,0,16954.084729135575,0,0,0,41,0.3,0.7,0.0,0.0,0.0,0.0,0.0,0.0,0.0,0,0,0,,,,,,,,,,,,,,,,,,,,,,,,,
strongly_constrained_moderate,C1,8047,2542,1349,56.208333333333336,53.0684500393391,698.3605550000174,2261.2205146314896,695.4717241471333,94.10609037328095,87.99803246433842,5.893909626719057,0.2524761154364954,1631.3323622325136,0,410.0,75.95400000000004,8.452083333333343,115.88771369568704,82.63064669973289,33.257066995954176,71.30233573915794,29.290555555555546,0.0,82.63064669973289,244.9635520952482,0,0,13050.658897860101,0,0,0,41,0.3,0.7,0.0,0.0,0.0,0.0,0.0,0.0,0.0,0,0,0,,,,,,,,,,,,,,,,,,,,,,,,,
strongly_constrained_moderate,C1,8048,2611,1282,53.416666666666664,49.09996170049789,731.174246755683,1776.0960031172503,728.2217640247286,97.86821705426357,87.82816229116945,2.131782945736434,0.2845093334141958,1385.2403286045312,0,420.0,78.71400000000001,8.73000000000001,116.61478129295006,84.7178094694973,31.89697182345276,72.64757394405791,29.222777777777743,0.0,84.7178094694973,209.75364437975438,0,0,11081.922628836248,0,0,0,42,0.3,0.7,0.0,0.0,0.0,0.0,0.0,0.0,0.0,0,0,0,,,,,,,,,,,,,,,,,,,,,,,,,
strongly_constrained_moderate,C1,8049,2520,988,41.166666666666664,39.20634920634921,858.1877475832216,2055.846561831519,855.3029798898621,96.39278557114228,88.12469074715487,3.6072144288577155,0.2811058416650072,1530.5682674279428,0,420.0,75.42000000000003,8.387500000000008,117.82151976105078,84.85093341451112,32.970586346539676,72.0164988421419,29.240555555555513,0.0,84.85093341451112,230.48923343403683,0,0,12244.546139423537,0,0,0,42,0.3,0.7,0.0,0.0,0.0,0.0,0.0,0.0,0.0,0,0,0,,,,,,,,,,,,,,,,,,,,,,,,,
strongly_constrained_moderate,C1,8050,2410,1420,59.166666666666664,58.921161825726145,604.3480652301378,2000.410378092073,601.4962388966054,93.80341880341881,85.73635427394439,6.196581196581197,0.30040842771997467,1553.1876480729736,0,390.0,72.338,8.035972222222233,110.0760570446642,78.70793000951645,31.36812703514775,71.50322433658765,29.308333333333277,0.0,78.70793000951645,224.951035601798,0,0,12425.501184583789,0,0,0,39,0.3,0.7,0.0,0.0,0.0,0.0,0.0,0.0,0.0,0,0,0,,,,,,,,,,,,,,,,,,,,,,,,,
strongly_constrained_moderate,C1,8051,2457,1005,41.875,40.9035409035409,1018.6655443048226,2408.1050770212455,1015.8078596337824,94.57700650759219,85.27054108216433,5.42299349240781,0.26261019070057945,1978.5776087897646,0,380.0,73.874,8.2013888888889,109.1492116209637,76.64046391201109,32.508747708952605,70.21623223276784,29.15499999999997,0.0,76.64046391201109,248.66184743953644,0,0,15828.62087031812,0,0,0,38,0.3,0.7,0.0,0.0,0.0,0.0,0.0,0.0,0.0,0,0,0,,,,,,,,,,,,,,,,,,,,,,,,,
strongly_constrained_moderate,C1,8052,2483,853,35.541666666666664,34.353604510672575,1331.4281083116532,3234.8596797602704,1328.570953109888,98.03536345776031,86.77811550151976,1.9646365422396856,0.20152949577210963,2521.0057947847404,0,410.0,75.188,8.325138888888898,120.1724659514782,82.71895887018978,37.45350708128843,68.83353704632228,29.127828463815987,0.0,82.71895887018978,310.13996415677724,0,0,20168.046358277927,0,0,0,41,0.3,0.7,0.0,0.0,0.0,0.0,0.0,0.0,0.0,0,0,0,,,,,,,,,,,,,,,,,,,,,,,,,
strongly_constrained_moderate,C1,8053,2509,1354,56.416666666666664,53.965723395775214,816.1248788505167,2328.8841520528877,813.2874916202314,96.55172413793103,87.82083543029692,3.4482758620689653,0.2679230956202727,1840.748558135428,0,390.0,75.72,8.394583333333344,111.50314598157496,78.78272483214457,32.72042114943042,70.65515877476929,29.12954814858631,0.0,78.78272483214457,242.90593317264566,0,0,14725.988465083425,0,0,0,39,0.3,0.7,0.0,0.0,0.0,0.0,0.0,0.0,0.0,0,0,0,,,,,,,,,,,,,,,,,,,,,,,,,
strongly_constrained_moderate,C1,8054,2496,1148,47.833333333333336,45.993589743589745,1084.6979466714386,2847.179220731874,1081.7375893748078,98.77300613496932,87.19481813652217,1.2269938650306749,0.22171901205290223,2278.8698882063604,0,410.0,75.03000000000002,8.330416666666679,119.03228669512164,82.73424689193047,36.298039803191166,69.50571915318939,29.2405555555555,0.0,82.73424689193047,286.1337119583617,0,0,18230.95910565088,0,0,0,41,0.3,0.7,0.0,0.0,0.0,0.0,0.0,0.0,0.0,0,0,0,,,,,,,,,,,,,,,,,,,,,,,,,
strongly_constrained_moderate,C1,8055,2539,1390,57.916666666666664,54.74596297755022,616.5556321336901,1997.7651896516247,613.536327343562,96.93251533742331,91.3658536585366,3.067484662576687,0.27777909301203013,1459.8217989809386,0,410.0,76.504,8.48652777777779,114.57404947231791,82.73854484707273,31.83550462524517,72.21403557623499,29.16944444444442,0.0,82.73854484707273,225.13783670148695,0,0,11678.574391847511,0,0,0,41,0.3,0.7,0.0,0.0,0.0,0.0,0.0,0.0,0.0,0,0,0,,,,,,,,,,,,,,,,,,,,,,,,,
strongly_constrained_moderate,C1,8056,2554,1249,52.041666666666664,48.90368050117463,681.8504364279125,2519.4946159319747,678.7045389579472,99.38398357289527,93.71069182389937,0.6160164271047228,0.22864378105890926,1800.6429623551944,0,420.0,76.08800000000001,8.476388888888899,118.97309870127015,84.75281596696115,34.22028273430901,71.23695767542141,29.172777777777736,0.0,84.75281596696115,262.36275293065034,0,0,14405.14369884155,0,0,0,42,0.3,0.7,0.0,0.0,0.0,0.0,0.0,0.0,0.0,0,0,0,,,,,,,,,,,,,,,,,,,,,,,,,
strongly_constrained_moderate,C2,8007,2513,1694,70.58333333333333,67.40947075208913,365.89194259267424,1602.1480707554292,363.24663827132474,92.79835390946502,76.27035027133695,7.20164609053498,0.3261165334534132,1086.0356755399985,0,2680.0,75.69400000000003,8.397777777777787,115.66090670999492,84.14373349733982,31.517173212655102,72.75036647284772,19.20227151949771,3.186902376766989,80.95683112057283,190.07899545949164,3.5,7,8688.285404319986,162,18.51851851851852,58,268,nan,nan,2.055547830354587,2.068847899881396,0,0.2875465216146579,0.564884818485352,0.013300069526808723,0.0,0,0,0,,,,,,,,,,,,,,,,,,,,,,,,,
strongly_constrained_moderate,C2,8008,2467,1366,56.916666666666664,55.370895824888535,548.2108820855207,2568.3192595759047,545.5942393732702,94.82071713147411,78.47328244274809,5.179282868525896,0.2584946064326993,1883.35112751874,0,2680.0,74.582,8.263055555555564,127.00800254639614,91.05036406747479,35.95763847892136,71.68868279320746,19.262152648095647,3.130004665327571,87.92035940214721,263.90831750332956,3.5,7,15066.809020149918,142,16.901408450704224,57,268,nan,nan,2.16583784853658,2.2459486874984544,0,0.20401296420000498,0.46266760740344454,0.08011083896187438,0.0,0,0,0,,,,,,,,,,,,,,,,,,,,,,,,,
strongly_constrained_moderate,C2,8009,2487,1047,43.625,42.09891435464415,972.2862257335311,2639.617833754664,969.4569778752796,96.04166666666667,83.208769307424,3.958333333333333,0.24374644239928353,1782.2069800821705,0,1980.0,74.95400000000001,8.313888888888899,118.14721463196162,83.77798785640019,34.369226775561394,70.90982899374782,19.184449286792994,2.7745707375039665,81.00341711889624,259.58617941390645,3.5,7,14257.65584065737,118,17.796610169491526,31,198,nan,nan,2.1111136558831953,2.2273003149155453,0,0.21402805611222447,0.4822459242171234,0.11618665903235043,0.0,0,0,0,,,,,,,,,,,,,,,,,,,,,,,,,
strongly_constrained_moderate,C2,8010,2518,1316,54.833333333333336,52.263701350278005,702.7655747251797,2740.7839016114985,700.1299315716975,95.10763209393347,76.63178873941206,4.892367906066536,0.24987883529819138,1614.9001182913426,0,2290.0,75.39000000000001,8.382916666666675,126.58455849035376,90.09771951191735,36.486838978436424,71.17591638855632,19.222777777777704,2.072585532969125,88.02513397894822,273.3141673898159,3.5,7,12919.20094633074,75,16.0,63,229,nan,nan,2.0964281504184843,2.1514204880348933,0,0.24832016975126728,0.5338435477038429,0.054992337616409294,0.0,0,0,0,,,,,,,,,,,,,,,,,,,,,,,,,
strongly_constrained_moderate,C2,8011,2468,1518,63.25,61.50729335494327,760.5344977448909,3928.586253629072,757.9312978139245,93.66602687140116,76.78479712378017,6.333973128598848,0.15912507122995362,3137.4099838674965,0,2940.0,74.728,8.274444444444457,129.75168466098972,87.60679711474435,42.14488754624535,67.51881283363686,19.222777777777708,3.181965089935014,84.42483202480933,353.3789776578322,3.5,7,25099.27987093997,139,38.1294964028777,74,294,nan,nan,2.07187708750835,2.1195724782899132,0,0.2871075484301937,0.563229652678246,0.04769539078156313,0.0,0,0,0,,,,,,,,,,,,,,,,,,,,,,,,,
strongly_constrained_moderate,C2,8012,2531,1745,72.70833333333333,68.9450809956539,340.862013741194,2655.07090549666,338.23692839079513,92.3828125,79.49479940564636,7.6171875,0.22127464218566067,1664.8846426216473,0,3100.0,76.358,8.466388888888895,133.14639325506263,94.88291555891936,38.263477696143255,71.26209973796014,19.172777777777647,3.446308365720935,91.43660719319843,271.54419480218,3.5,7,13319.077140973179,154,25.97402597402597,75,310,nan,nan,2.0971379378475263,2.1379942984560674,0,0.2879420813457902,0.5617234776064761,0.04085636060854103,0.0,0,0,0,,,,,,,,,,,,,,,,,,,,,,,,,
strongly_constrained_moderate,C2,8013,2553,1525,63.541666666666664,59.73364669016843,528.3896169561013,1988.3949352769778,525.7032235051106,94.12878787878788,79.01234567901234,5.871212121212121,0.2891273769303969,1399.4683501598627,0,2180.0,76.94999999999999,8.53500000000001,114.66418986903793,83.16358600902811,31.500603860009782,72.52794974962298,19.151666666666557,2.1970434505920746,80.96654255843606,214.11476512234904,3.5,7,11195.746801278903,107,15.887850467289718,44,218,nan,nan,1.960937259133652,2.0730383844612303,0,0.255403113920148,0.49724405311281666,0.11210112532757824,0.0,0,0,0,,,,,,,,,,,,,,,,,,,,,,,,,
strongly_constrained_moderate,C2,8014,2526,1341,55.875,53.087885985748215,934.2569318898022,4103.3155924048015,931.5730353337583,94.61077844311377,80.44444444444444,5.389221556886228,0.13745402064429196,2857.27912245604,0,2840.0,76.34400000000001,8.459166666666674,129.38810380949212,87.29546017412542,42.0926436353667,67.46791830465119,19.294630487783472,2.8737549936832294,84.42170518044219,368.7402471681257,3.5,7,22858.232979648317,135,31.11111111111111,65,284,nan,nan,1.9734237706181594,2.030584245413905,0,0.31983967935871743,0.6083831990366679,0.05716047479574535,0.0,0,0,0,,,,,,,,,,,,,,,,,,,,,,,,,
strongly_constrained_moderate,C2,8015,2557,937,39.041666666666664,36.64450527962456,1173.5138226467334,2958.1612608122045,1170.9008305863476,94.1747572815534,77.2771792360431,5.825242718446602,0.20821521450262936,2193.3641398187033,0,3110.0,77.596,8.58486111111112,129.98955809995684,91.58766102437085,38.401897075586014,70.45770626740922,19.13388888888884,3.595008550677667,87.99265247369317,287.32023547339554,3.5,7,17546.913118549623,156,19.230769230769234,68,311,nan,nan,2.0966828762419945,2.1459142060344467,0,0.2420365205936348,0.5060764637255495,0.04923132979245203,0.0,0,0,0,,,,,,,,,,,,,,,,,,,,,,,,,
strongly_constrained_moderate,C2,8016,2600,1495,62.291666666666664,57.49999999999999,545.89459007065,1911.8696423340773,543.1265525971585,95.38152610441767,81.20837297811609,4.618473895582329,0.2836031594107394,1254.50581565178,0,2250.0,78.14600000000002,8.676805555555564,118.08685358733797,86.82989640115184,31.256957186186114,73.53053601087929,19.18947384037346,2.3986133710212503,84.43128303013059,212.00636136029735,3.5,7,10036.04652521424,107,21.49532710280374,48,225,nan,nan,2.03592259145156,1.9908174558071368,0,0.29850746268656714,0.5642290429343632,-0.045105135644423165,0.0,0,0,0,,,,,,,,,,,,,,,,,,,,,,,,,
strongly_constrained_moderate,C2,8017,2550,1216,50.666666666666664,47.68627450980392,687.8601922312092,1971.7849611190497,685.1578105394042,94.02697495183044,80.40374199901527,5.973025048169557,0.27704626484266154,1326.731640895927,0,2420.0,76.8,8.520833333333345,123.62684301858795,90.8256522132815,32.80119080530644,73.46758195517893,19.169444444444338,2.800652285754866,88.02499992752662,224.19632145920409,3.5,7,10613.853127167422,129,20.155038759689923,53,242,nan,nan,2.0787473564640804,2.144574864013742,0,0.2854741741547612,0.5639707587109608,0.06582750754966155,0.0,0,0,0,,,,,,,,,,,,,,,,,,,,,,,,,
strongly_constrained_moderate,C2,8018,2502,1291,53.791666666666664,51.59872102318146,743.103477228127,2312.177263127604,740.3952400849942,93.00411522633745,81.64682539682539,6.995884773662551,0.26846435401301866,1674.7172679416615,0,2350.0,75.742,8.387361111111122,120.95596530061582,87.05626666710243,33.899698633513395,71.973520653354,19.139246462718145,2.476233783203301,84.58003288389912,243.58306543008302,3.5,7,13397.738143533292,104,32.69230769230769,50,235,nan,nan,2.116773832024238,2.1413917883159685,0,0.29381986722259684,0.5694357032642524,0.02461795629173038,0.0,0,0,0,,,,,,,,,,,,,,,,,,,,,,,,,
strongly_constrained_moderate,C2,8019,2524,1563,65.125,61.925515055467514,363.89730025827066,1412.9092311538836,361.14614643139055,93.19148936170212,80.23369036027263,6.808510638297872,0.33165389177047844,836.6682154521706,0,2780.0,76.54400000000001,8.470555555555569,118.29986605360973,87.76883764481167,30.531028408798065,74.19183180227577,19.159054790515068,3.2657854439995604,84.50305220081212,184.12133102806163,3.5,7,6693.345723617363,148,16.216216216216218,62,278,nan,nan,2.1676897101289194,2.121960456345763,0,0.3649819323686743,0.6485591653257732,-0.04572925378315687,0.0,0,0,0,,,,,,,,,,,,,,,,,,,,,,,,,
strongly_constrained_moderate,C2,8020,2551,1620,67.5,63.50450803606429,506.9805917187371,2135.4398210832096,504.24419725650534,94.87666034155598,80.73122529644269,5.1233396584440225,0.2758329310817417,1165.4893928986319,0,2070.0,77.01200000000001,8.536805555555565,116.63729608819443,83.29865921955081,33.338636868643626,71.41682979050299,19.2727777777777,2.3254274440991076,80.97323177545171,232.58100153336042,3.5,7,9323.915143189055,108,13.88888888888889,50,207,nan,nan,2.11061252940664,2.2044523830269234,0,0.25250501002004005,0.5413609110349331,0.09383985362028405,0.0,0,0,0,,,,,,,,,,,,,,,,,,,,,,,,,
strongly_constrained_moderate,C2,8021,2470,1276,53.166666666666664,51.659919028340084,776.4085394111393,2251.7993402443235,773.688617331684,93.85593220338984,80.93093093093093,6.1440677966101696,0.27998407252656143,1596.0854485187394,0,2200.0,74.20800000000001,8.240833333333342,120.43765285183414,86.62781077255525,33.80984207927889,71.9275149600659,19.171173326449864,2.194477667504966,84.4333331050503,242.95180644671558,3.5,7,12768.683588149916,99,23.232323232323232,51,220,nan,nan,2.218620915299988,2.250092020776247,0,0.298699439695718,0.5825943216722062,0.031471105476258636,0.0,0,0,0,,,,,,,,,,,,,,,,,,,,,,,,,
strongly_constrained_moderate,C2,8022,2497,1428,59.5,57.18862635162195,679.3477528392384,2971.4597217773344,676.6343787854207,94.57364341085271,80.06057546693589,5.426356589147287,0.2247085783968052,2125.131035623544,0,2170.0,75.184,8.342361111111122,123.60366596280966,87.02530153136169,36.57836443144795,70.40673175304218,19.151666666666607,2.6132530467197403,84.41204848464196,285.90955183566564,3.5,7,17001.04828498836,101,28.71287128712871,45,217,nan,nan,2.155762301805684,2.2170039560987265,0,0.2883902520066039,0.5756669080852413,0.06124165429304205,0.0,0,0,0,,,,,,,,,,,,,,,,,,,,,,,,,
strongly_constrained_moderate,C2,8023,2528,1127,46.958333333333336,44.58069620253164,944.5011828729794,2184.3103679742167,941.8669628553876,92.84332688588007,77.47389358528095,7.156673114119923,0.2854976232998674,1534.9746260252257,0,2600.0,76.448,8.468888888888902,117.01063978659164,83.68359531836515,33.32704446822648,71.51793672010545,19.20805360731522,2.727634083636498,80.95596123472865,234.30526832134842,3.5,7,12279.79700820181,95,27.368421052631582,59,260,nan,nan,2.1359935059993407,2.09667436138099,0,0.33611526851170703,0.6169446548770317,-0.03931914461835062,0.0,0,0,0,,,,,,,,,,,,,,,,,,,,,,,,,
strongly_constrained_moderate,C2,8024,2505,1240,51.666666666666664,49.50099800399202,795.8258077098827,2787.5461636951386,793.2653816902077,92.62948207171314,76.4852720918622,7.370517928286853,0.21846873341890155,2008.4543271783295,0,3270.0,75.60000000000004,8.381250000000007,128.42567768487942,91.55217255920164,36.87350512567777,71.28805875087144,19.29055555555548,3.546614642817942,88.0055579163837,277.308346598212,3.5,7,16067.634617426638,156,34.61538461538461,75,327,nan,nan,2.0890390051626433,2.0996297230222036,0,0.30928081328219353,0.5806441360432065,0.010590717859560178,0.0,0,0,0,,,,,,,,,,,,,,,,,,,,,,,,,
strongly_constrained_moderate,C2,8025,2450,1280,53.333333333333336,52.244897959183675,625.6210964724689,2486.3117998058724,622.7968953191922,95.7983193277311,84.65045592705167,4.201680672268908,0.2506098332006489,1700.6053929415716,0,1940.0,74.05200000000002,8.205000000000009,125.95504064724304,89.93095826870251,36.02408237854051,71.39925310378673,19.190555555555484,2.02379778799307,87.90716048070945,259.2343556617031,3.5,7,13604.843143532571,83,26.506024096385545,40,194,nan,nan,2.0899432000094866,2.1050266212899174,0,0.3210207397042606,0.6123071147851066,0.015083421280430694,0.0,0,0,0,,,,,,,,,,,,,,,,,,,,,,,,,
strongly_constrained_moderate,C2,8026,2499,986,41.083333333333336,39.455782312925166,978.3470188957017,3008.097620840786,975.6980910872519,92.96875,80.67438349270257,7.03125,0.23053200652465378,2057.0405173965173,0,3330.0,75.54000000000002,8.369583333333342,126.37722898305668,88.05942507696477,38.31780390609191,69.67981952569228,19.190726212101218,3.500901505558063,84.5585235714067,293.1547138019451,3.5,7,16456.324139172135,156,23.717948717948715,74,333,nan,nan,2.030721637449657,2.075977197112672,0,0.29414168142109465,0.5764700920601254,0.04525555966301536,0.0,0,0,0,,,,,,,,,,,,,,,,,,,,,,,,,
strongly_constrained_moderate,C2,8027,2458,1150,47.916666666666664,46.7860048820179,710.9210816573326,1796.0177959490131,708.1422031922195,96.22641509433963,81.8273599192327,3.7735849056603774,0.3087033185592295,1333.9675970233684,0,1630.0,74.58199999999998,8.251805555555565,123.25772163036227,89.95063244558372,33.30708918477855,72.97768549976674,19.200654143220138,1.969677993252329,87.98095445233137,211.64845626372744,3.5,7,10671.740776186949,80,21.25,36,163,nan,nan,2.1039470244837504,2.1804478522261914,0,0.29345647817373877,0.5822903247313977,0.07650082774244141,0.0,0,0,0,,,,,,,,,,,,,,,,,,,,,,,,,
strongly_constrained_moderate,C2,8028,2569,1324,55.166666666666664,51.537563254184505,1127.9184426624306,3908.6158073605197,1125.1706667399828,94.76861167002012,80.35714285714286,5.23138832997988,0.18311476373528832,2750.3039607064115,0,2000.0,77.47000000000004,8.59111111111112,128.50762133000305,86.58568404276821,41.921937287234826,67.37785910799735,19.187222222222147,2.1236299049136855,84.46205413785452,356.60394349840675,3.5,7,22002.431685651292,78,20.51282051282051,40,200,nan,nan,1.9862907633448719,2.028579887046821,0,0.37745946438331207,0.6533540432337921,0.04228912370194935,0.0,0,0,0,,,,,,,,,,,,,,,,,,,,,,,,,
strongly_constrained_moderate,C2,8029,2415,1526,63.583333333333336,63.18840579710145,358.1446818379097,1238.7607975449146,355.5685260669586,95.22862823061631,78.45188284518828,4.7713717693836974,0.36807946218023935,823.9299604038916,0,3270.0,73.12,8.096527777777787,114.4453413704528,85.04018672989315,29.40515464055965,74.3063769233062,19.154999999999937,4.120192962741543,80.91999376715162,170.11976358914183,3.5,7,6591.439683231133,181,32.04419889502763,65,327,nan,nan,2.152858348275498,2.118051893260205,0,0.24941989241641177,0.5342277582631474,-0.03480645501529376,0.0,0,0,0,,,,,,,,,,,,,,,,,,,,,,,,,
strongly_constrained_moderate,C2,8030,2556,1379,57.458333333333336,53.951486697965564,600.6019197935502,1632.4145254217726,597.8760418550045,94.28571428571428,81.73313638601674,5.714285714285714,0.3091237824430287,1130.4829729583532,0,2300.0,76.93200000000003,8.537500000000009,117.93029895368018,86.86407887558993,31.06622007809027,73.65713446525542,19.162158180902967,2.3565589259081374,84.50751994968181,197.70097404557706,3.5,7,9043.863783666826,103,30.097087378640776,58,230,nan,nan,2.02756970251182,2.112146623343775,0,0.21835904819347432,0.4832423998653986,0.08457692083195517,0.0,0,0,0,,,,,,,,,,,,,,,,,,,,,,,,,
strongly_constrained_moderate,C2,8031,2459,1178,49.083333333333336,47.90565270435137,827.0840336864482,3199.37454415367,824.3217315303997,94.95145631067962,81.53292181069959,5.048543689320388,0.21936447362994027,2144.407574078432,0,2120.0,74.33800000000004,8.23611111111112,125.06208343072373,86.83745231002445,38.22463112069929,69.43547550775192,19.29896495233924,2.404051060717349,84.43340124930708,305.59304715640445,3.5,7,17155.26059262746,110,26.36363636363636,43,212,nan,nan,1.9975269688312798,2.013708267599028,0,0.3359698119643543,0.6086059724459228,0.016181298767748264,0.0,0,0,0,,,,,,,,,,,,,,,,,,,,,,,,,
strongly_constrained_moderate,C2,8032,2553,1164,48.5,45.593419506462986,857.7656335271074,3357.4912800188554,854.9182000145228,97.79411764705883,86.80935788949726,2.2058823529411766,0.15741345190023837,2328.6824758807898,0,1510.0,77.26800000000001,8.557083333333342,132.96800755713565,93.13823157833188,39.82977597880378,70.04559464299025,19.254999999999928,1.624613564139916,91.51361801419196,319.48590514647594,3.5,7,18629.459807046318,67,11.940298507462686,32,151,nan,nan,2.221226452905812,2.2545090180360727,0,0.24933066132264525,0.5095859108048034,0.033282565130260525,0.0,0,0,0,,,,,,,,,,,,,,,,,,,,,,,,,
strongly_constrained_moderate,C2,8033,2553,1347,56.125,52.76145710928319,703.0189567366277,2268.9302692012166,700.3661254667737,93.07692307692308,79.73438268568617,6.923076923076923,0.2552132251168242,1586.17926885078,0,3170.0,77.07200000000002,8.54347222222223,122.7136493754395,88.18184436022545,34.53180501521406,71.85984999145057,19.303801244891563,3.760909129463001,84.42093523076245,241.2460865732073,3.5,7,12689.434150806239,151,24.503311258278146,69,317,nan,nan,2.0791138591175526,2.10221808805324,0,0.26801726319533264,0.5362564978185403,0.023104228935687064,0.0,0,0,0,,,,,,,,,,,,,,,,,,,,,,,,,
strongly_constrained_moderate,C2,8034,2425,1191,49.625,49.11340206185567,693.5909112381839,2771.8105192312637,690.9248081084203,94.67213114754098,79.34950955085182,5.327868852459016,0.24692682484671702,1681.171212358928,0,2140.0,73.394,8.128055555555564,122.87110931850614,87.03905751340004,35.832051805106104,70.83769162348624,19.121476961650927,2.4916701365481795,84.54738737685184,280.1116384481946,3.5,7,13449.369698871424,96,17.708333333333336,49,214,nan,nan,2.1259149878704777,2.152684316000422,0,0.21396477164856031,0.4796826674625738,0.02676932812994411,0.0,0,0,0,,,,,,,,,,,,,,,,,,,,,,,,,
strongly_constrained_moderate,C2,8035,2473,1607,66.95833333333333,64.98180347755762,358.65315266282556,2157.3836574529732,355.81686537756474,95.90163934426229,84.23173803526448,4.098360655737705,0.28145553510998833,1159.444290289488,0,1500.0,74.66200000000003,8.276111111111119,124.77668589461453,89.59975593068881,35.17692996392573,71.80809082104017,19.204999999999924,1.5758322701893772,88.02392366049943,237.65325781520582,3.5,7,9275.554322315904,58,29.310344827586203,30,150,nan,nan,2.2473907815631264,2.239791583166333,0,0.25096593186372745,0.5000928665048279,-0.007599198396793589,0.0,0,0,0,,,,,,,,,,,,,,,,,,,,,,,,,
strongly_constrained_moderate,C2,8036,2567,1235,51.458333333333336,48.110634982469804,587.68302896014,1434.9448238949835,584.922141220978,96.52509652509652,81.84480234260614,3.474903474903475,0.32209827685288894,966.5948084908498,0,1730.0,77.33600000000001,8.579305555555566,116.28226903085078,86.21650034057416,30.065768690276645,74.1441503155568,19.215610043210404,1.8550879519493548,84.3614123886248,185.79360073991108,3.5,7,7732.7584679267975,79,22.78481012658228,36,173,nan,nan,2.117321892106361,2.1943887775551105,0,0.24362819598929406,0.511243916273443,0.07706688544874984,0.0,0,0,0,,,,,,,,,,,,,,,,,,,,,,,,,
strongly_constrained_moderate,C2,8037,2453,1748,72.83333333333333,71.25968202201386,292.0667627004638,1784.5388320761697,289.4408744672643,90.89026915113871,77.86802030456853,9.109730848861282,0.31855709507459795,1059.2835914591021,0,3230.0,73.736,8.186805555555564,115.85768874386633,84.85078474046037,31.006904003405953,73.23707702131465,19.32611111111104,4.029884325463836,80.82090041499654,204.45987949587715,3.5,7,8474.268731672817,170,29.411764705882355,71,323,nan,nan,2.1608817635270543,2.233867735470942,0,0.27082164328657315,0.5509984234583286,0.07298597194388777,0.0,0,0,0,,,,,,,,,,,,,,,,,,,,,,,,,
strongly_constrained_moderate,C2,8038,2532,1364,56.833333333333336,53.87045813586098,514.1790051037965,2697.0990713712913,511.511360701336,93.25626204238921,81.27173373075011,6.74373795761079,0.22733977761397772,1633.5954185217072,0,2690.0,76.42200000000003,8.472083333333343,128.14324859100216,90.95746517981691,37.18578341118525,70.98108263988843,19.25841705555371,2.9803908111123123,87.97707436870459,271.8116508715558,3.5,7,13068.763348173654,122,17.21311475409836,59,269,nan,nan,2.1632445218305465,2.1540293702158415,0,0.3412562830579191,0.6297080916572294,-0.009215151614704818,0.0,0,0,0,,,,,,,,,,,,,,,,,,,,,,,,,
strongly_constrained_moderate,C2,8039,2544,1473,61.375,57.90094339622641,640.263890724537,1972.5274484662946,637.589511944638,95.28130671506352,79.22729553437028,4.71869328493648,0.2927381184987196,1483.5271195464627,0,1590.0,76.63399999999999,8.501805555555563,114.5587745318993,82.62129161957247,31.93748291232683,72.12131236317151,19.239974787020298,1.764468144772227,80.85682347480024,215.55004377155865,3.5,7,11868.216956371703,71,26.76056338028169,35,159,nan,nan,2.277054108216433,2.2706000235765655,0,0.2929093481079807,0.5758164456812387,-0.0064540846398679665,0.0,0,0,0,,,,,,,,,,,,,,,,,,,,,,,,,
strongly_constrained_moderate,C2,8040,2492,876,36.5,35.15248796147672,1068.3474083795911,3505.076491656547,1065.6211631394106,95.14563106796116,82.09408194233687,4.854368932038835,0.22177085807004038,2588.5806712754616,0,2460.0,74.94800000000001,8.319722222222232,131.66882596570719,90.71041759019916,40.95840837550801,68.89285821825773,19.154999999999937,2.795880084708495,87.91453750549067,327.63287875847834,3.5,7,20708.645370203692,139,28.776978417266186,51,246,nan,nan,2.0379129299322627,2.120340227967247,0,0.3023422410431723,0.5768317409425248,0.082427298034984,0.0,0,0,0,,,,,,,,,,,,,,,,,,,,,,,,,
strongly_constrained_moderate,C2,8041,2507,1525,63.541666666666664,60.82967690466693,544.7448323067711,2693.432371725495,542.1276334542573,92.5925925925926,76.32898696088265,7.4074074074074066,0.22986318968082686,1550.7228009445178,0,2660.0,75.61799999999998,8.38500000000001,124.48545687511893,87.76303585763097,36.722421017487974,70.50063361672272,19.272471091271363,3.349404153383346,84.41363170424762,271.48862952387117,3.5,7,12405.78240755614,142,11.971830985915492,52,266,nan,nan,2.1876314612696466,2.1825137879063914,0,0.22502856953576575,0.488946663496927,-0.00511767336325544,0.0,0,0,0,,,,,,,,,,,,,,,,,,,,,,,,,
strongly_constrained_moderate,C2,8042,2502,1201,50.041666666666664,48.00159872102318,740.4535988621853,3752.57342872902,737.814779910987,94.26877470355731,80.11022044088176,5.7312252964426875,0.17620574578017054,2465.9187693777135,0,2880.0,75.80400000000002,8.391666666666675,137.03770980512905,94.46415849166503,42.57355131346403,68.93296642653716,19.172777777777675,2.94646254078704,91.517695950878,349.01756534575696,3.5,7,19727.350155021704,145,21.379310344827587,68,288,nan,nan,1.9698786886750603,2.01246768345852,0,0.28316174333399624,0.5585052493906347,0.04258899478346005,0.0,0,0,0,,,,,,,,,,,,,,,,,,,,,,,,,
strongly_constrained_moderate,C2,8043,2464,1360,56.666666666666664,55.1948051948052,524.0080489019836,1620.3468472585967,521.4547242344136,92.84294234592446,75.47169811320755,7.157057654075547,0.3248017567545234,1180.784232200642,0,2550.0,74.70600000000002,8.267916666666677,113.98911960252512,83.87629714618122,30.112822456343903,73.58272213931826,19.179339219575837,2.9305553442064127,80.9457418019748,197.93637237415908,3.5,7,9446.273857605136,118,21.1864406779661,48,255,nan,nan,2.1770782945200753,2.227040287471495,0,0.29562573422707483,0.570732971109405,0.04996199295142009,0.0,0,0,0,,,,,,,,,,,,,,,,,,,,,,,,,
strongly_constrained_moderate,C2,8044,2549,830,34.583333333333336,32.56178893683798,1433.0459224226636,3943.3416230682897,1430.4035150601421,93.10344827586206,81.28128128128128,6.896551724137931,0.19893409636741421,3062.478622008278,0,2380.0,76.774,8.517777777777788,134.52611575924385,90.7454818754994,43.78063388374444,67.45566194589536,19.29055555555549,2.802590848757358,87.94289102674205,358.08747306594256,3.5,7,24499.828976066226,108,20.37037037037037,54,238,nan,nan,2.148381269581417,2.133704027773858,0,0.32572186626774674,0.6048785404381077,-0.01467724180755878,0.0,0,0,0,,,,,,,,,,,,,,,,,,,,,,,,,
strongly_constrained_moderate,C2,8045,2519,1275,53.125,50.61532354108773,765.752181086683,2300.3852431195846,763.1415020642153,92.6923076923077,77.78889444722361,7.307692307692308,0.2641519406622208,1668.506419124904,0,2610.0,75.94400000000002,8.422638888888898,120.93784162163824,87.29078902500467,33.64705259663358,72.17822631405932,19.150627488750576,2.8705962033055386,84.42019282169913,239.52344945859682,3.5,7,13348.051352999233,128,28.90625,59,261,nan,nan,1.9483777681946173,2.0107303214022982,0,0.2995865148017554,0.5736179637181376,0.06235255320768119,0.0,0,0,0,,,,,,,,,,,,,,,,,,,,,,,,,
strongly_constrained_moderate,C2,8046,2528,1208,50.333333333333336,47.78481012658228,799.6126827865323,2124.403640269842,796.8020754070453,98.38056680161942,82.74336283185842,1.6194331983805668,0.27187563254600994,1644.2052591698905,0,1420.0,76.45600000000002,8.469444444444454,123.55019943508775,89.43955492620343,34.11064450888432,72.39126714092778,19.272777777777687,1.4208901105349185,88.01866481566852,231.3883828520809,3.5,7,13153.642073359128,52,25.0,28,142,nan,nan,2.195005395406197,2.209598684548584,0,0.3097477005292637,0.6033218895841298,0.014593289142387342,0.0,0,0,0,,,,,,,,,,,,,,,,,,,,,,,,,
strongly_constrained_moderate,C2,8047,2542,1445,60.208333333333336,56.84500393391031,485.6001399182151,1590.4989774807266,482.8930188467223,91.94499017681729,81.70191834727004,8.055009823182711,0.315999580181608,1003.4990915630857,0,3040.0,76.48,8.488611111111119,118.19946792853402,87.5580633663996,30.641404562134444,74.07652919329477,19.272777777777737,3.182713789750357,84.37534957664923,194.1447802991581,3.5,7,8027.992732504686,147,22.448979591836736,73,304,nan,nan,1.9683366733466938,2.0858288004580587,0,0.3313484111079302,0.604241103926731,0.11749212711136559,0.0,0,0,0,,,,,,,,,,,,,,,,,,,,,,,,,
strongly_constrained_moderate,C2,8048,2611,1291,53.791666666666664,49.44465721945615,666.3208282550445,2494.805289201196,663.5096021452869,96.70542635658914,80.5727923627685,3.2945736434108532,0.24932037147784147,1187.8997945676626,0,1350.0,78.90000000000002,8.742916666666675,124.92628117456337,89.06717058060845,35.859110593954924,71.2957831956529,19.151177551902332,1.140007461971308,87.92716311863714,256.31257402879237,3.5,7,9503.198356541301,42,21.428571428571427,32,135,nan,nan,2.1265075605756967,2.1799599198396793,0,0.30267808343960645,0.5962973524806597,0.05345235926398251,0.0,0,0,0,,,,,,,,,,,,,,,,,,,,,,,,,
strongly_constrained_moderate,C2,8049,2520,1422,59.25,56.42857142857143,588.5241345924547,1776.5823038833487,585.8052050983675,94.78957915831663,81.54379020286987,5.210420841683367,0.30747822469228636,1270.6206953486399,0,2610.0,75.85800000000003,8.417916666666676,114.82953123234178,83.96285008117782,30.86668115116396,73.11956182359617,19.187222222222108,2.9805175059962328,80.98233257518159,204.01742024617096,3.5,7,10164.96556278912,109,33.94495412844037,59,261,nan,nan,2.1417961974368906,2.194995032080969,0,0.2772098819487715,0.5569309529128063,0.053198834644078076,0.0,0,0,0,,,,,,,,,,,,,,,,,,,,,,,,,
strongly_constrained_moderate,C2,8050,2410,788,32.833333333333336,32.697095435684645,1093.2093494315577,2838.6318998085326,1090.56722807649,90.5982905982906,78.11534500514932,9.401709401709402,0.25860188282299035,2074.7245815582596,0,2680.0,72.79599999999999,8.067777777777788,124.25675732925373,87.21573556507204,37.04102176418167,70.18993368221341,19.26041832336443,2.7034524795817063,84.51228308549034,281.2514307710675,3.5,7,16597.796652466077,119,45.378151260504204,68,268,nan,nan,2.1580209599526925,2.166004139426394,0,0.2993199513781662,0.5829991669187625,0.007983179473701496,0.0,0,0,0,,,,,,,,,,,,,,,,,,,,,,,,,
strongly_constrained_moderate,C2,8051,2457,1350,56.25,54.94505494505495,696.5815668503845,2753.3014925752755,693.9205177004262,93.92624728850325,76.45290581162325,6.073752711496746,0.24168864596475528,1810.7920206164824,0,3410.0,74.47999999999999,8.243472222222232,119.82523545965392,85.10049168978894,34.72474376986499,71.02050862937209,19.2194444444444,4.067396181287666,81.03309550850128,268.1536279195692,3.5,7,14486.336164931861,208,28.365384615384613,86,341,nan,nan,2.123416644609975,2.1664460997466635,0,0.2628653533482059,0.5235554298328917,0.043029455136688474,0.0,0,0,0,,,,,,,,,,,,,,,,,,,,,,,,,
strongly_constrained_moderate,C2,8052,2483,1274,53.083333333333336,51.30890052356021,772.0940373016941,2756.9136658135035,769.3016933917352,97.05304518664047,83.3839918946302,2.9469548133595285,0.22756992987030425,1974.8131140350122,0,1680.0,75.44200000000002,8.342777777777783,125.25166304139026,89.63837553685647,35.61328750453376,71.56661505343436,19.29610648110931,1.6619808259125637,87.97639471094392,273.08294499264554,3.5,7,15798.504912280096,70,17.142857142857142,38,168,nan,nan,2.0906288100676877,2.1805148759056574,0,0.28647504799809403,0.5573045449528669,0.08988606583796965,0.0,0,0,0,,,,,,,,,,,,,,,,,,,,,,,,,
strongly_constrained_moderate,C2,8053,2509,1228,51.166666666666664,48.943802311677956,603.7856735030824,2501.83359434543,601.060665375252,95.78544061302682,82.8384499245093,4.21455938697318,0.2540165186315121,1287.138027467025,0,2130.0,76.06800000000001,8.41875000000001,127.06456044626184,90.52155816547794,36.54300228078389,71.24060229505247,19.172777777777696,2.393756799131139,88.12780136634682,260.5032459414452,3.5,7,10297.104219736199,105,20.0,52,213,nan,nan,2.17743998635569,2.282138745576259,0,0.22800920990918006,0.49816199267906386,0.10469875922056879,0.0,0,0,0,,,,,,,,,,,,,,,,,,,,,,,,,
strongly_constrained_moderate,C2,8054,2496,1605,66.875,64.30288461538461,376.82009903538574,1140.4125234623054,374.03094910215896,96.93251533742331,82.21225710014947,3.067484662576687,0.3589246606392269,765.1895078705018,0,1860.0,75.32000000000002,8.350555555555564,115.48328466112713,86.3033857808194,29.17989888030773,74.73236151367455,19.219394164861978,1.8311169711771182,84.47226880964229,166.19360482195185,3.5,7,6121.516062964014,88,25.0,52,186,nan,nan,2.0689527202553255,2.1035404141616567,0,0.2937727306464782,0.5547527922672947,0.034587693906331186,0.0,0,0,0,,,,,,,,,,,,,,,,,,,,,,,,,
strongly_constrained_moderate,C2,8055,2539,1142,47.583333333333336,44.97833792831823,763.085452220799,3003.283760644989,760.1159422018235,96.52351738241309,87.60975609756098,3.476482617586912,0.20133765004346849,1623.6787019863782,0,1510.0,76.724,8.501805555555565,122.27923908920647,86.07971151373943,36.199527575467044,70.39601501849518,19.18095509742721,1.60283747602226,84.47687403771718,288.323716787859,3.5,7,12989.429615891022,76,13.157894736842104,25,151,nan,nan,2.0481119719754473,2.0344784056301584,0,0.32038880911429163,0.5811700511561306,-0.013633566345289018,0.0,0,0,0,,,,,,,,,,,,,,,,,,,,,,,,,
strongly_constrained_moderate,C2,8056,2554,1344,56.0,52.62333594361785,634.6987623360022,2855.4230313524167,631.6727219612916,98.15195071868584,88.58248669569424,1.8480492813141685,0.24253188143892795,1466.475766477642,0,890.0,76.18200000000002,8.482916666666675,128.93971716440862,92.1627881891834,36.77692897522519,71.47742388147816,19.27611111111102,0.6904281287654286,91.47236006041797,285.1407721327058,3.5,7,11731.806131821137,24,50.0,21,89,nan,nan,2.038267010210898,1.8991315965263862,0,0.25823074720870315,0.4879749231511749,-0.1391354136845119,0.0,0,0,0,,,,,,,,,,,,,,,,,,,,,,,,,
strongly_constrained_moderate,C3,8007,2513,935,38.958333333333336,37.20652606446478,1013.2419059370108,2461.8512374132583,1010.7587673795025,88.68312757201646,72.27429699062654,11.316872427983538,0.26222724343396386,1930.111206440733,0,4240.0,76.006,8.419444444444455,120.49131744849007,86.13551127511762,34.35580617337246,71.4869030392505,19.222777777777683,5.141023659216296,80.99448761590132,249.4309674945062,3.5,7,15440.889651525864,245,40.40816326530612,97,424,nan,nan,2.103593721108052,2.116157502036492,0,0.2811708204438803,0.56149354493062,0.012563780928440424,0.0,0,0,0,,,,,,,,,,,,,,,,,,,,,,,,,
strongly_constrained_moderate,C3,8008,2467,1310,54.583333333333336,53.10093230644507,602.53383054738,2075.3340713532552,600.0699404393434,92.82868525896414,73.2824427480916,7.171314741035857,0.30837533958220686,1493.1945490079208,0,3850.0,74.81599999999999,8.279305555555567,118.71520206342785,85.65355851191921,33.06164355150864,72.15045505811104,19.207332048104327,4.759778624503713,80.8937798874155,217.67050129406752,3.5,7,11945.556392063367,206,45.63106796116505,90,385,nan,nan,2.198042493827434,2.2502906365216626,0,0.22310920182907248,0.4918719906507773,0.05224814269422824,0.0,0,0,0,,,,,,,,,,,,,,,,,,,,,,,,,
strongly_constrained_moderate,C3,8009,2487,1332,55.5,53.55850422195416,765.0810842477803,2514.170920120749,762.4112599469036,93.54166666666667,78.22620827105132,6.458333333333334,0.25216050309127613,1898.5694435073858,0,3050.0,75.16799999999998,8.32875000000001,123.79741444075373,88.55212674528912,35.245287695464604,71.52986768368082,19.16944444444436,3.9890141228440235,84.56311262244509,252.85493086031244,3.5,7,15188.555548059087,172,40.116279069767444,59,305,nan,nan,2.0808235688458767,2.1977264136814556,0,0.22781506072643512,0.49986837849365234,0.11690284483557864,0.0,0,0,0,,,,,,,,,,,,,,,,,,,,,,,,,
strongly_constrained_moderate,C3,8010,2518,1253,52.208333333333336,49.76171564733916,876.793981567827,2686.7463434351794,874.1925900278517,95.10763209393347,75.7847533632287,4.892367906066536,0.23648083194728436,2007.4539921007963,0,2540.0,75.43999999999998,8.386388888888899,118.18203348453133,83.24958062302844,34.932452861502895,70.44182450450461,19.17653996405118,2.3071512615096914,80.94242936151873,264.76885415771017,3.5,7,16059.63193680637,83,24.096385542168676,68,254,nan,nan,2.116779012570596,2.1594097285480056,0,0.22522968013949976,0.509718004678696,0.042630715977409375,0.0,0,0,0,,,,,,,,,,,,,,,,,,,,,,,,,
strongly_constrained_moderate,C3,8011,2468,1612,67.16666666666667,65.3160453808752,443.04179173982567,1427.8618360484666,440.59770009410096,91.74664107485604,71.64869029275809,8.253358925143955,0.35098041304502725,1048.8521257187128,0,3610.0,74.86199999999997,8.283750000000014,110.73345612910028,81.58165822585545,29.151797903244823,73.67390224932765,19.204999999999895,4.124863689342522,77.45679453651293,176.43789178620048,3.5,7,8390.817005749705,170,47.647058823529406,92,361,nan,nan,2.1187330413038468,2.146824622696721,0,0.27204852182240585,0.5441564894058489,0.028091581392874244,0.0,0,0,0,,,,,,,,,,,,,,,,,,,,,,,,,
strongly_constrained_moderate,C3,8012,2531,1238,51.583333333333336,48.91347293559858,639.6256993056772,2108.7484000976574,637.1021701851856,92.1875,75.63150074294205,7.8125,0.276298507436121,1367.5922773901373,0,3720.0,76.48200000000003,8.475000000000009,121.64679257322905,88.7907488922527,32.856043680976356,72.99062064361652,19.222777777777743,4.317326974763298,84.47342191748939,227.4334162733254,3.5,7,10940.738219121098,196,32.142857142857146,90,372,nan,nan,2.1103240964687995,2.15213184990671,0,0.2959021491258379,0.5663536894919001,0.0418077534379103,0.0,0,0,0,,,,,,,,,,,,,,,,,,,,,,,,,
strongly_constrained_moderate,C3,8013,2553,1249,52.041666666666664,48.92283587935762,696.2428002625135,2034.9305515352066,693.7034803654526,90.71969696969697,75.1111111111111,9.280303030303031,0.28022745736087595,1377.5279674857322,0,3240.0,77.162,8.54972222222223,120.94321774054629,87.89886378680592,33.04435395374038,72.67779494288895,19.32178840683402,3.5027054643481503,84.39615832245777,221.23470077796588,3.5,7,11020.223739885862,159,30.18867924528302,75,324,nan,nan,2.0555110220440884,2.149739478957916,0,0.23547094188376752,0.4812779522849065,0.09422845691382765,0.0,0,0,0,,,,,,,,,,,,,,,,,,,,,,,,,
strongly_constrained_moderate,C3,8014,2526,1158,48.25,45.843230403800476,914.6244220489319,3577.452635803727,912.136221603976,92.61477045908184,73.72839506172839,7.385229540918163,0.2041300576296003,2269.2362242781182,0,3940.0,76.564,8.474444444444455,131.75034591766413,92.11540461856987,39.63494129909426,69.9166320793847,19.222777777777672,4.125149822523791,87.9902547960461,329.2799228060459,3.5,7,18153.889794224946,200,41.0,92,394,nan,nan,1.965931863727455,2.027062254590482,0,0.3160793130977402,0.5995277848587958,0.061130390863026865,0.0,0,0,0,,,,,,,,,,,,,,,,,,,,,,,,,
strongly_constrained_moderate,C3,8015,2557,899,37.458333333333336,35.15838873680094,1489.1329969679296,3746.816280742595,1486.6185857791593,93.59223300970874,73.84916748285994,6.407766990291262,0.16379845368420196,2782.4746295529912,0,3540.0,77.682,8.590833333333345,133.198927467004,92.0949665799264,41.103960887077584,69.14092202637303,19.240555555555456,4.152838892560871,87.94212768736553,340.1857434052091,3.5,7,22259.797036423937,179,36.87150837988827,73,354,nan,nan,2.106638809533962,2.1586455585943924,0,0.22399814827222836,0.4834775625963534,0.052006749060430894,0.0,0,0,0,,,,,,,,,,,,,,,,,,,,,,,,,
strongly_constrained_moderate,C3,8016,2600,1117,46.541666666666664,42.96153846153846,724.425309555548,1621.0032422708123,721.8087584333977,92.36947791164658,76.49857278782113,7.630522088353414,0.3102023885241101,1182.2278700040852,0,3560.0,78.40799999999999,8.69500000000001,115.910896598988,85.0100908455963,30.90080575339172,73.34089661966992,19.37611111111105,4.075070097610743,80.93502074798553,190.72697806960082,3.5,7,9457.822960032685,176,40.340909090909086,76,356,nan,nan,2.0671432956002094,2.0673960533679976,0,0.27676975572767154,0.5489827432726504,0.0002527577677878288,0.0,0,0,0,,,,,,,,,,,,,,,,,,,,,,,,,
strongly_constrained_moderate,C3,8017,2550,1371,57.125,53.764705882352935,686.0832694165687,2288.1635145996597,683.483802890498,92.48554913294798,77.30182176267849,7.514450867052023,0.25482679273079617,1562.6242940865839,0,3200.0,76.95599999999999,8.531666666666677,126.6262741116346,91.53098554661482,35.09528856501976,72.28435503513312,19.254999999999903,3.4968821222397573,88.03410342437508,241.97189914869645,3.5,7,12500.99435269267,156,40.38461538461539,83,320,nan,nan,2.0411331136849973,2.1150300601202403,0,0.293672089942597,0.5737454953325167,0.07389694643524337,0.0,0,0,0,,,,,,,,,,,,,,,,,,,,,,,,,
strongly_constrained_moderate,C3,8018,2502,1523,63.458333333333336,60.87130295763389,505.64391654416545,2241.901498811868,503.012000794481,91.76954732510289,79.01785714285714,8.23045267489712,0.2703877274380861,1465.4682370197202,0,3010.0,75.874,8.396527777777786,126.16422142479448,91.26498888932466,34.89923253546982,72.33824919509927,19.1349278693493,3.326558171943663,87.938430717381,236.18981804953117,3.5,7,11723.74589615776,141,36.17021276595745,64,301,nan,nan,2.13823298771456,2.1936917312886646,0,0.300819029363074,0.5807747638878951,0.055458743574104734,0.0,0,0,0,,,,,,,,,,,,,,,,,,,,,,,,,
strongly_constrained_moderate,C3,8019,2524,1256,52.333333333333336,49.76228209191759,674.4847656606187,1763.3204846583612,671.9241934205403,90.42553191489363,74.4888023369036,9.574468085106384,0.3089401202941984,1296.292490819548,0,3760.0,76.74000000000002,8.484166666666678,120.68443753571107,88.82461542258946,31.85982211312163,73.60072038808306,19.308333333333213,4.3467238069755005,84.47789161561396,202.29234820908576,3.5,7,10370.339926556388,188,31.382978723404253,84,376,nan,nan,2.161561759883403,2.1074877026780836,0,0.3299439788668245,0.611148932798028,-0.05407405720531973,0.0,0,0,0,,,,,,,,,,,,,,,,,,,,,,,,,
strongly_constrained_moderate,C3,8020,2551,1110,46.25,43.51234809878479,1096.6813300147778,3159.392578803292,1094.1205688966033,92.78937381404174,75.34584980237155,7.2106261859582546,0.19395673648870332,2398.688167577927,0,3270.0,77.25200000000001,8.553472222222231,126.46657054049874,88.4879369973286,37.97863354317014,69.96942877405841,19.169444444444387,4.042404456597148,84.44553254073145,298.2407422165972,3.5,7,19189.50534062342,189,41.7989417989418,74,327,nan,nan,2.1387130697037637,2.218357507093395,0,0.25917180896446357,0.544171291227421,0.07964443738963076,0.0,0,0,0,,,,,,,,,,,,,,,,,,,,,,,,,
strongly_constrained_moderate,C3,8021,2470,1389,57.875,56.23481781376518,500.4442970231515,1233.0261286611205,497.8180573283177,91.94915254237289,76.92692692692692,8.050847457627118,0.36183145387131554,873.4709808196775,0,2880.0,74.344,8.250277777777786,112.65401944269462,84.2101441058886,28.443875336806027,74.7511225276121,19.169444444444363,3.1782637944889442,81.03188031139966,167.479281347392,3.5,7,6987.76784655742,139,41.007194244604314,63,288,nan,nan,2.1967935871743487,2.267122925095474,0,0.31271599803380346,0.6002051698255775,0.07032933792112528,0.0,0,0,0,,,,,,,,,,,,,,,,,,,,,,,,,
strongly_constrained_moderate,C3,8022,2497,1502,62.583333333333336,60.15218261914297,473.2690748220988,1657.0293730423612,470.71271766133833,92.44186046511628,75.36597677940435,7.55813953488372,0.32824962870012464,1088.787652569269,0,3290.0,75.408,8.357916666666677,115.89960724258523,84.98802375358393,30.911583489001313,73.32900065459118,19.20499999999994,4.094292084194049,80.8937316693899,190.59474148434475,3.5,7,8710.301220554156,162,41.9753086419753,79,329,nan,nan,2.1888089905300796,2.245432040551692,0,0.2596172737632127,0.544594587166901,0.05662305002161185,0.0,0,0,0,,,,,,,,,,,,,,,,,,,,,,,,,
strongly_constrained_moderate,C3,8023,2528,1393,58.041666666666664,55.10284810126582,699.3667778305104,2545.3121864632926,696.822429218422,91.29593810444874,74.63948284435604,8.704061895551257,0.24330204834707458,1824.102304424456,0,3430.0,76.61399999999998,8.480416666666681,126.74245562129924,91.8867897628096,34.85566585848962,72.49882394370138,19.151666666666625,3.835229539348342,88.05156022346127,256.5845108828333,3.5,7,14592.818435395653,152,40.78947368421053,82,343,nan,nan,2.1577872726585245,2.1101826294097634,0,0.3010927515408175,0.5757658239393779,-0.047604643248761666,0.0,0,0,0,,,,,,,,,,,,,,,,,,,,,,,,,
strongly_constrained_moderate,C3,8024,2505,1163,48.458333333333336,46.427145708582835,1119.1806012012407,3023.8191601615235,1116.6468441347283,92.03187250996015,75.53669495756365,7.968127490039841,0.23345954582474282,2258.6734885454935,0,3670.0,75.68,8.386805555555561,121.61518305644144,85.11045033697943,36.50473271946202,69.9834084840211,19.208333333333236,4.1888644800357895,80.92158585694361,288.56998263714087,3.5,7,18069.387908363948,183,58.46994535519126,83,367,nan,nan,2.0959593605816287,2.1183646362492428,0,0.3148972363331314,0.590851970493247,0.0224052756676143,0.0,0,0,0,,,,,,,,,,,,,,,,,,,,,,,,,
strongly_constrained_moderate,C3,8025,2450,1537,64.04166666666667,62.73469387755102,426.463649093264,1351.9205447972543,423.6834954604971,95.7983193277311,82.06686930091185,4.201680672268908,0.3536375429106061,951.4125867514832,0,1950.0,74.054,8.2051388888889,116.53890059954901,86.52970826870249,30.009192330846503,74.24963494896515,19.232597557784228,2.028483522499785,84.50122474620274,176.8121878937373,3.5,7,7611.300694011865,83,37.34939759036144,40,195,nan,nan,2.0984776570685226,2.113384664064972,0,0.3172661111697078,0.6087158397345633,0.014907006996449049,0.0,0,0,0,,,,,,,,,,,,,,,,,,,,,,,,,
strongly_constrained_moderate,C3,8026,2499,1406,58.583333333333336,56.26250500200079,692.115147792274,1843.265650311737,689.5539401820909,91.796875,77.80573729240061,8.203125,0.3267709640809574,1415.3530060408834,0,3770.0,75.628,8.375694444444454,120.96572557271128,88.47492507696478,32.49080049574652,73.14049054645929,19.204999999999952,4.018979876266492,84.45594520069827,210.10634441440513,3.5,7,11322.824048327067,184,42.391304347826086,85,377,nan,nan,2.0554820689537716,2.085967969934203,0,0.30789056867275627,0.58779128556828,0.03048590098043112,0.0,0,0,0,,,,,,,,,,,,,,,,,,,,,,,,,
strongly_constrained_moderate,C3,8027,2458,1143,47.625,46.501220504475185,1060.1302563308504,2751.7781720438684,1057.484317589687,95.38784067085953,77.63755678950025,4.612159329140461,0.2485097636084943,1939.9006868233084,0,2900.0,74.83599999999997,8.269444444444455,121.10703120174561,84.89143800113928,36.21559320060632,70.09620924463358,19.185955900091077,3.8889108152683405,81.00252718587093,273.46862943567305,3.5,7,15519.205494586466,161,45.3416149068323,59,290,nan,nan,2.1239107428339827,2.1385017225462164,0,0.2730854968363694,0.5519203541323578,0.01459097971223346,0.0,0,0,0,,,,,,,,,,,,,,,,,,,,,,,,,
strongly_constrained_moderate,C3,8028,2569,1278,53.25,49.74698326196964,684.7841035520395,1778.2908950787419,682.1350029919985,93.36016096579478,76.73745173745174,6.639839034205232,0.29979841987828393,1325.7068993712921,0,2910.0,77.65200000000002,8.603750000000007,119.66255833600532,87.79993404276823,31.86262429323709,73.37293741976605,19.18722222222215,3.3476361432104973,84.45229789955773,203.35570854181722,3.5,7,10605.655194970337,126,31.746031746031743,61,291,nan,nan,2.063295129585013,2.1231001328499697,0,0.36477449280583646,0.6416224808974447,0.05980500326495688,0.0,0,0,0,,,,,,,,,,,,,,,,,,,,,,,,,
strongly_constrained_moderate,C3,8029,2415,1006,41.916666666666664,41.656314699792965,836.4189873137333,1939.0045114943537,834.0196606398076,92.84294234592446,72.7510460251046,7.157057654075547,0.3363386402273878,1476.7840432976218,0,4370.0,73.33999999999997,8.111805555555565,114.82306382331575,82.8036311743376,32.01943264897815,72.11411054294098,19.240555555555492,5.3542054953202545,77.44942567901734,209.0054559706951,3.5,7,11814.272346380974,242,49.586776859504134,93,437,nan,nan,2.116304898954536,2.1161310572953136,0,0.25508366129850063,0.5292332458881058,-0.00017384165922205126,0.0,0,0,0,,,,,,,,,,,,,,,,,,,,,,,,,
strongly_constrained_moderate,C3,8030,2556,950,39.583333333333336,37.16744913928012,1014.3050033424881,2941.6465951030473,1011.6986344171796,91.80952380952381,77.6957163958641,8.190476190476192,0.21358634149648514,2098.965953723234,0,3070.0,77.086,8.548194444444452,128.29028838518332,91.17421776447884,37.11607062070449,71.06868252625182,19.290555555555482,3.213087832219939,87.96112993225887,285.93303883515006,3.5,7,16791.72762978587,138,50.72463768115942,79,307,nan,nan,2.0454099688739182,2.0935487997271136,0,0.2365155843602098,0.5001086991894066,0.04813883085319575,0.0,0,0,0,,,,,,,,,,,,,,,,,,,,,,,,,
strongly_constrained_moderate,C3,8031,2459,1429,59.541666666666664,58.11305408702725,754.5304616653499,3278.6708809576,751.8600097045362,93.20388349514563,78.6522633744856,6.796116504854369,0.20312271487183348,2091.304387329147,0,2590.0,74.43200000000003,8.242638888888896,130.4124493265261,90.95420231002443,39.458247016501645,69.74349671348762,19.16944444444438,2.9139869191641217,88.04021539086033,311.05547291457106,3.5,7,16730.435098633177,126,49.2063492063492,57,259,nan,nan,2.000976311597554,2.0563177637325936,0,0.3200760495349674,0.5915242797391829,0.05534145213503931,0.0,0,0,0,,,,,,,,,,,,,,,,,,,,,,,,,
strongly_constrained_moderate,C3,8032,2553,1291,53.791666666666664,50.56795926361144,643.2286934272486,2095.581196771014,640.4881260924284,97.05882352941177,83.27526132404182,2.941176470588235,0.2731535329221426,1495.9415976428102,0,1910.0,77.34800000000001,8.562638888888896,127.51743725539782,93.38189824499855,34.135539010399285,73.23068927269057,19.23722222222208,1.9754157368759446,91.40648250812262,226.89384032895265,3.5,7,11967.532781142481,76,34.21052631578947,48,191,nan,nan,2.1615230460921846,2.2057569684824196,0,0.28879577336491163,0.5559953691489,0.04423392239023502,0.0,0,0,0,,,,,,,,,,,,,,,,,,,,,,,,,
strongly_constrained_moderate,C3,8033,2553,1404,58.5,54.99412455934195,687.3395868814642,2280.9476500845108,684.7265642059095,93.07692307692308,77.37333989178555,6.923076923076923,0.2649158792739572,1513.583448951609,0,3180.0,77.07400000000001,8.543611111111119,122.6656775572922,88.18148324911435,34.48419430817786,71.88765839403473,19.290685310543076,3.760909129463001,84.42057411965135,236.5512676806256,3.5,7,12108.667591612873,151,33.11258278145696,70,318,nan,nan,2.0744754815753956,2.099995910187723,0,0.2696004253404769,0.5370500361754867,0.025520428612326684,0.0,0,0,0,,,,,,,,,,,,,,,,,,,,,,,,,
strongly_constrained_moderate,C3,8034,2425,1227,51.125,50.5979381443299,789.690704576671,2625.032854310678,787.2519230583695,92.41803278688525,72.48322147651007,7.581967213114754,0.24991489436141706,1903.6090140632577,0,3750.0,73.71599999999998,8.150416666666676,119.23105184471554,85.54669640228892,33.684355442426615,71.74867207722319,19.18722222222213,4.590041576261162,80.95665482602776,263.26252895531076,3.5,7,15228.872112506064,190,36.31578947368421,96,375,nan,nan,2.129930315175806,2.150733284751321,0,0.23600610311532158,0.5098991821801396,0.02080296957551467,0.0,0,0,0,,,,,,,,,,,,,,,,,,,,,,,,,
strongly_constrained_moderate,C3,8035,2473,1523,63.458333333333336,61.58511928831379,470.6170315685229,1754.2390620294093,467.86275249780965,94.87704918032787,81.20906801007557,5.122950819672131,0.3157067437014659,1161.693149719735,0,2430.0,74.84800000000001,8.289027777777784,118.91564436914699,87.0362837084666,31.879360660680398,73.19161761280286,19.330380137568845,2.633035802239644,84.40324790622694,203.96238281660507,3.5,7,9293.54519775788,111,39.63963963963964,56,243,nan,nan,2.162818788261455,2.169132786120186,0,0.2931342136327449,0.5626517945046204,0.006313997858731158,0.0,0,0,0,,,,,,,,,,,,,,,,,,,,,,,,,
strongly_constrained_moderate,C3,8036,2567,1053,43.875,41.02064666926373,958.3089938771312,2487.845886828959,955.6900384807252,94.4015444015444,77.55002440214739,5.598455598455598,0.23539164071898844,1800.8368708455562,0,2640.0,77.51800000000003,8.591944444444453,125.59129071228224,90.97780589612971,34.61348481615255,72.43958190106609,19.326111111111025,3.0793135798540066,87.89849231627569,255.15890964703144,3.5,7,14406.694966764448,117,28.205128205128204,60,264,nan,nan,2.1415634616513364,2.227693881486823,0,0.28012510376401334,0.5622074082524247,0.08613041983548687,0.0,0,0,0,,,,,,,,,,,,,,,,,,,,,,,,,
strongly_constrained_moderate,C3,8037,2453,1437,59.875,58.581328984916425,573.2645994484203,2083.4248926644946,570.7612092793082,89.85507246376811,73.248730964467,10.144927536231885,0.29469746897064664,1420.6366940432229,0,3970.0,73.88399999999999,8.197083333333342,119.16645563633064,85.9097847404604,33.25667089587025,72.0922547219478,19.130207870887254,4.912437895451797,80.99734684500858,223.54758037903827,3.5,7,11365.093552345785,193,43.005181347150256,90,397,nan,nan,2.1584130828501924,2.227921082807326,0,0.25404820335858885,0.5312514511609734,0.06950799995713353,0.0,0,0,0,,,,,,,,,,,,,,,,,,,,,,,,,
strongly_constrained_moderate,C3,8038,2532,1271,52.958333333333336,50.19747235387045,912.2497526256119,2796.524001634994,909.6769626351185,91.90751445086705,76.5524093392946,8.092485549132949,0.23709412827111437,2048.88046742566,0,3430.0,76.57000000000001,8.482361111111118,124.56006272829916,88.53963184648359,36.020430881815564,71.0818780170444,19.15499999999993,4.0116637870346095,84.52796805944898,272.0894365140539,3.5,7,16391.043739405275,170,43.529411764705884,77,343,nan,nan,2.12895383242975,2.1124066314447076,0,0.324800070360156,0.6063918109952247,-0.016547200985042185,0.0,0,0,0,,,,,,,,,,,,,,,,,,,,,,,,,
strongly_constrained_moderate,C3,8039,2544,1534,63.916666666666664,60.29874213836478,407.34807273702256,1443.5454665553254,404.78229884344,93.28493647912886,77.7722027094832,6.715063520871143,0.33474948617749567,914.2203879920539,0,2930.0,76.90199999999997,8.520416666666675,117.92689361289112,87.53268050846138,30.394213104429745,74.22622425364453,19.359582850670716,3.1878674534293374,84.34481305503203,178.86707772467014,3.5,7,7313.7631039364305,134,29.1044776119403,73,293,nan,nan,2.1863876451788333,2.197115420431942,0,0.24146434132204928,0.5184370665449276,0.010727775253108448,0.0,0,0,0,,,,,,,,,,,,,,,,,,,,,,,,,
strongly_constrained_moderate,C3,8040,2492,1168,48.666666666666664,46.869983948635635,833.1550770901007,2359.0793828178994,830.5884054930274,93.59223300970874,76.63125948406677,6.407766990291262,0.2702515824496674,1725.6845612002382,0,3350.0,75.126,8.332083333333342,117.32047325115404,84.83500092353249,32.48547232762153,72.31048304921323,19.222777777777736,3.870072953078205,80.96492797045428,237.687622929155,3.5,7,13805.476489601906,187,42.780748663101605,78,335,nan,nan,2.0721057499614615,2.143633420687529,0,0.2910436257129644,0.566272145833418,0.07152767072606753,0.0,0,0,0,,,,,,,,,,,,,,,,,,,,,,,,,
strongly_constrained_moderate,C3,8041,2507,1195,49.791666666666664,47.66653370562425,861.4658214159412,2346.973467279334,858.999488644192,89.27875243664718,72.51755265797392,10.721247563352826,0.28495607477612855,1792.8486223717555,0,3820.0,75.84999999999997,8.401111111111122,119.59860818439994,85.59492474651985,34.00368343788009,71.56849569231407,19.14617837383543,4.653784027208032,80.94114071931182,238.2380573952149,3.5,7,14342.788978974046,202,46.03960396039604,80,382,nan,nan,2.135742236562261,2.1623023205184744,0,0.24835185691717698,0.5139990915386233,0.02656008395621327,0.0,0,0,0,,,,,,,,,,,,,,,,,,,,,,,,,
strongly_constrained_moderate,C3,8042,2502,1161,48.375,46.402877697841724,659.517368030874,1937.30610324937,657.0103821969775,91.89723320158103,75.40080160320642,8.102766798418973,0.29370880550257844,1235.666679328654,0,3670.0,75.962,8.402638888888896,121.13994756261116,88.53740849166505,32.602539070946115,73.08688031741511,19.141591611092874,4.0529825029775575,84.48442598868749,217.53295559793727,3.5,7,9885.333434629232,194,39.175257731958766,86,367,nan,nan,1.9737492477666705,2.0155354440659745,0,0.26705305655041867,0.5365507635547727,0.041786196299304156,0.0,0,0,0,,,,,,,,,,,,,,,,,,,,,,,,,
strongly_constrained_moderate,C3,8043,2464,1301,54.208333333333336,52.800324675324674,598.2875073949299,1848.3724459750379,595.9168946009936,89.06560636182903,70.88220295767465,10.934393638170974,0.31206581906021413,1256.4138228624547,0,4620.0,75.11999999999998,8.296666666666676,118.43283404800371,86.7112138128479,31.721620235155815,73.21551874516634,19.136005871882496,5.807892225336917,80.90332158751099,208.12512252960653,3.5,7,10051.310582899638,228,35.526315789473685,103,462,nan,nan,2.2057828641337345,2.23358333980033,0,0.3165967470248013,0.6020938242316508,0.027800475666595152,0.0,0,0,0,,,,,,,,,,,,,,,,,,,,,,,,,
strongly_constrained_moderate,C3,8044,2549,1333,55.541666666666664,52.29501765398196,495.33430180107183,1833.0459258253043,492.80806297951665,91.2885662431942,77.57757757757757,8.711433756805807,0.3054904138358063,870.4117515586098,0,3330.0,76.964,8.53097222222223,117.34198283867515,85.20500965327717,32.13697318539797,72.61255314768225,19.222777777777704,4.242302251782511,80.96270740149465,206.18757799036388,3.5,7,6963.294012468877,162,37.03703703703704,84,333,nan,nan,2.162815954489625,2.1874070722089343,0,0.29253345400478376,0.5673697071703753,0.02459111771930959,0.0,0,0,0,,,,,,,,,,,,,,,,,,,,,,,,,
strongly_constrained_moderate,C3,8045,2519,1277,53.208333333333336,50.69472012703454,741.5141599978972,2081.3130577609113,738.9711602963324,90.76923076923077,76.088044022011,9.230769230769232,0.2833153694251768,1488.948589365334,0,3690.0,76.16,8.437638888888898,117.72219884672279,84.93034458056025,32.79185426616256,72.144714771376,19.290555555555454,3.91002813943936,81.02031644112087,223.48659334874745,3.5,7,11911.588714922673,185,38.91891891891892,89,369,nan,nan,1.9158200794652893,1.9887636544765834,0,0.28819488688359374,0.5483341022754987,0.07294357501129425,0.0,0,0,0,,,,,,,,,,,,,,,,,,,,,,,,,
strongly_constrained_moderate,C3,8046,2528,1486,61.916666666666664,58.78164556962025,489.40453984946777,1816.7003974240165,486.72909705418743,96.76113360323887,78.22025565388398,3.2388663967611335,0.299950251396079,1220.102113845679,0,2680.0,76.70800000000001,8.486944444444452,123.52003720332672,90.97483270398122,32.54520449934551,73.65188253159872,19.32277777777766,3.0905303790878267,87.8843023248934,208.92868777202574,3.5,7,9760.816910765432,131,40.458015267175576,59,268,nan,nan,2.187312897399738,2.2455033523837797,0,0.2280115787129815,0.5048650886107926,0.05819045498404216,0.0,0,0,0,,,,,,,,,,,,,,,,,,,,,,,,,
strongly_constrained_moderate,C3,8047,2542,1249,52.041666666666664,49.1345397324941,741.6509791896385,2493.6586341751545,738.958318632479,91.94499017681729,80.81652729955731,8.055009823182711,0.23900006190569387,1822.668484844668,0,3060.0,76.48400000000001,8.488888888888894,126.26550269652607,91.12650781084406,35.138994885682,72.17055004316015,19.208475208764682,3.1827137897503563,87.9437940210937,255.74439491988934,3.5,7,14581.347878757344,147,27.89115646258503,74,306,nan,nan,1.9664881364151794,2.0884402256470236,0,0.3350473188369622,0.608682666833836,0.12195208923184447,0.0,0,0,0,,,,,,,,,,,,,,,,,,,,,,,,,
strongly_constrained_moderate,C3,8048,2611,1097,45.708333333333336,42.01455381080046,1117.042997030688,2649.3445640528453,1114.2928902760325,95.73643410852713,78.99761336515513,4.263565891472868,0.22902304881993488,2098.446724737982,0,1820.0,78.99399999999999,8.749444444444451,126.1155865054481,89.830976136164,36.28461036928409,71.22908327614475,19.154999999999955,1.8405441309534436,87.99043200521056,263.21071938966446,3.5,7,16787.573797903857,69,46.3768115942029,43,182,nan,nan,2.2037323053750817,2.210395312918831,0,0.2745618625786605,0.5546416343506119,0.006663007543749915,0.0,0,0,0,,,,,,,,,,,,,,,,,,,,,,,,,
strongly_constrained_moderate,C3,8049,2520,1231,51.291666666666664,48.84920634920635,715.6147599875375,1779.609012522885,712.9157770253729,94.18837675350701,80.70262246412668,5.811623246492986,0.30121973118156736,1317.2765622345169,0,2680.0,75.87200000000003,8.418888888888898,120.00971898970346,87.46587785895558,32.543841130747865,72.88232869411179,19.18722222222217,3.0023422802923987,84.4635355786632,209.02421505474607,3.5,7,10538.212497876135,110,45.45454545454545,62,268,nan,nan,2.1273694930845295,2.1762541476395416,0,0.2733992575314564,0.5520414063134308,0.04888465455501167,0.0,0,0,0,,,,,,,,,,,,,,,,,,,,,,,,,
strongly_constrained_moderate,C3,8050,2410,1389,57.875,57.63485477178423,555.904014214805,2197.3335154969295,553.2856403044098,90.5982905982906,77.13697219361482,9.401709401709402,0.28906076021778737,1470.349946676493,0,2800.0,72.82000000000001,8.069444444444455,120.76251334062799,87.24212445396094,33.520388886667035,72.2427200632054,19.304999999999964,2.7897350853747507,84.45238936858618,234.02916960354787,3.5,7,11762.799573411943,119,42.857142857142854,71,280,nan,nan,2.169354333667335,2.1798284068136273,0,0.2881544338677355,0.5710142180540961,0.01047407314629258,0.0,0,0,0,,,,,,,,,,,,,,,,,,,,,,,,,
strongly_constrained_moderate,C3,8051,2457,1343,55.958333333333336,54.66015466015466,789.5082403416333,2785.1008694909574,786.9077907826683,93.70932754880694,73.84769539078157,6.29067245119306,0.23713786991803104,2066.4840999921767,0,3760.0,74.54999999999995,8.248333333333344,121.06197652176276,85.37535280090005,35.6866237208627,70.5220212438482,19.244652185138634,4.395778064007219,80.97957473689283,269.03970406557517,3.5,7,16531.872799937413,228,40.78947368421053,97,376,nan,nan,2.097821705734415,2.146190397792753,0,0.2629621849932159,0.5237533887929737,0.04836869205833764,0.0,0,0,0,,,,,,,,,,,,,,,,,,,,,,,,,
strongly_constrained_moderate,C3,8052,2483,843,35.125,33.95086588803866,1165.812797968729,2678.1761386045623,1163.1437026877427,94.89194499017681,79.33130699088146,5.1080550098231825,0.25243428674900703,1964.2077450945362,0,2430.0,75.59200000000001,8.353194444444451,118.09306187269085,83.66029220352314,34.4327696691677,70.84268192970757,19.13722222222217,2.6461941204277433,81.01409808309539,264.7124290247262,3.5,7,15713.66196075629,121,34.710743801652896,54,243,nan,nan,2.0924029877937698,2.1712698123519765,0,0.2679723082528694,0.5351217220659796,0.07886682455820733,0.0,0,0,0,,,,,,,,,,,,,,,,,,,,,,,,,
strongly_constrained_moderate,C3,8053,2509,1275,53.125,50.81705858907931,863.1447895324676,2718.006775524023,860.5405382136976,94.44444444444444,77.10115752390539,5.555555555555555,0.23492559992890336,1892.7713767933926,0,2520.0,76.14600000000002,8.424166666666675,118.54243663889568,83.91014149881127,34.632295140084416,70.78489685041535,19.17277777777772,2.8463769652631736,81.0637645335481,265.87095278483724,3.5,7,15142.17101434714,121,45.45454545454545,65,252,nan,nan,2.1796868846864035,2.2740415328473547,0,0.2242563730080248,0.4978134482336788,0.09435464816095072,0.0,0,0,0,,,,,,,,,,,,,,,,,,,,,,,,,
strongly_constrained_moderate,C3,8054,2496,1204,50.166666666666664,48.23717948717949,821.1903836628467,2667.1943597740005,818.458782980817,96.11451942740287,79.42202291978077,3.885480572597137,0.23624746937139188,1910.8576035646101,0,2610.0,75.47,8.360972222222232,123.19400320360768,87.00496911415274,36.189034089454935,70.62435415006048,19.340555555555476,2.614036702775539,84.3909324113772,266.2613573866621,3.5,7,15286.860828516885,130,30.76923076923077,73,261,nan,nan,2.0144339311534463,2.051825169325994,0,0.2985718271987012,0.5650406586613785,0.03739123817254763,0.0,0,0,0,,,,,,,,,,,,,,,,,,,,,,,,,
strongly_constrained_moderate,C3,8055,2539,1113,46.375,43.83615596691611,1523.1858918820703,3609.6613312345576,1520.3400336795091,95.70552147239265,82.48780487804879,4.294478527607362,0.16928841093844577,2832.99199649333,0,2120.0,76.846,8.510277777777787,127.90945431725117,86.60501706929497,41.30443724795618,67.70806546831976,19.254999999999946,2.176246426733681,84.42877064256132,334.72171493374526,3.5,7,22663.935971946637,113,39.823008849557525,42,212,nan,nan,1.9459131028013474,1.992410352620134,0,0.30706093037138105,0.5676265818987702,0.0464972498187865,0.0,0,0,0,,,,,,,,,,,,,,,,,,,,,,,,,
strongly_constrained_moderate,C3,8056,2554,1574,65.58333333333333,61.62881754111198,412.41080481412564,1237.4797821672687,409.40188658023595,98.15195071868584,88.09869375907111,1.8480492813141685,0.3515561873246796,841.1510524392102,0,870.0,76.17800000000001,8.482638888888898,114.5061454592586,85.15262152251672,29.353523936741887,74.36511043227291,19.186452374864015,0.6904281287654285,84.46219339375129,164.03282791803414,3.5,7,6729.20841951368,24,16.666666666666664,21,87,nan,nan,2.038267010210898,1.8991315965263862,0,0.25823074720870315,0.4879749231511749,-0.1391354136845119,0.0,0,0,0,,,,,,,,,,,,,,,,,,,,,,,,,
strongly_constrained_moderate,C4,8007,2513,1589,66.20833333333333,63.231197771587745,448.22678337473496,1774.6505000786046,445.604533588957,91.35802469135803,77.10902812037494,8.641975308641975,0.30710271495069774,1116.7052927332136,0,3580.0,75.87400000000001,8.410277777777788,120.91951403840905,88.73534460845096,32.18416942995807,73.38380848955855,19.192922244408077,4.269527885280028,84.46581672317092,205.29005026166405,3.5,7,8933.642341865709,209,63.1578947368421,82,358,nan,nan,2.12372049488198,2.1135684542738167,0,0.282313129252517,0.5600227342873549,-0.010152040608162431,0.0,0,0,0,334,1.0848434038925916,3.248034143390993,6.720154872164128,10.730324080213904,,,,,,,,,,,,,,,,,,,,
strongly_constrained_moderate,C4,8008,2467,1043,43.458333333333336,42.27807053100932,1049.6131102763916,2780.170132428014,1047.0624992892733,93.82470119521913,76.23409669211196,6.175298804780876,0.225123573832993,2069.4208212058857,0,3120.0,74.66999999999999,8.269166666666676,124.26481846158464,88.14536406747476,36.11945439410986,70.93348315213136,19.20499999999996,3.6875347198824686,84.4578293475923,277.26225204471666,3.5,7,16555.36656964709,166,65.06024096385542,70,312,nan,nan,2.160237140948564,2.233967935871744,0,0.2105878423513694,0.47697706280837804,0.07373079492317969,0.0,0,0,0,288,0.8792791862506419,3.053052730036951,6.86034807004034,10.455548064783216,,,,,,,,,,,,,,,,,,,,
strongly_constrained_moderate,C4,8009,2487,1547,64.45833333333333,62.20345798150382,430.49780999354186,1871.7306274001405,427.6476767887357,97.29166666666667,84.05580468360738,2.7083333333333335,0.29798541877251283,1145.6145985376452,0,1040.0,74.766,8.300833333333344,117.33410882826978,85.67426563417798,31.65984319409181,73.01735743318326,19.184862138388173,1.170707850393886,84.5035577837841,216.19499831532306,3.5,7,9164.916788301161,53,75.47169811320755,15,104,nan,nan,2.000801603206413,2.1405811623246493,0,0.2741482965931864,0.5544833426732486,0.1397795591182365,0.0,0,0,0,80,0.2968336285557598,3.7104203569469973,7.86230987869203,10.670086834579706,,,,,,,,,,,,,,,,,,,,
strongly_constrained_moderate,C4,8010,2518,1295,53.958333333333336,51.429706115965054,582.9878390743984,1560.4674115331388,580.351494428116,95.10763209393347,76.63178873941206,4.892367906066536,0.3345722467680453,1104.739916659464,0,2270.0,75.38600000000001,8.382638888888895,112.67269191666666,82.98827506747288,29.684416849193784,73.65429338357467,19.25499999999989,2.0725855329691245,80.91568953450376,182.61998036334148,3.5,7,8837.919333275715,75,70.66666666666667,63,227,nan,nan,2.0964281504184843,2.1514204880348933,0,0.24832016975126728,0.5338435477038429,0.054992337616409294,0.0,0,0,0,204,0.479489864083007,2.3504405102108183,6.254334538243704,10.485460981726646,,,,,,,,,,,,,,,,,,,,
strongly_constrained_moderate,C4,8011,2468,1377,57.375,55.79416531604539,563.2497428998381,2123.583475040902,560.689552758432,93.47408829174664,74.73035439137135,6.525911708253358,0.29012081896590836,1452.7095981260811,0,2930.0,74.726,8.274305555555568,116.57412309435529,84.12338044807768,32.450742646277604,72.1629965682762,19.160833259792387,3.181965089935014,80.94141535814265,225.12556704949546,3.5,7,11621.676785008649,139,70.50359712230215,74,293,nan,nan,2.07187708750835,2.1195724782899132,0,0.2871075484301937,0.563229652678246,0.04769539078156313,0.0,0,0,0,270,0.7650661915540695,2.8335784872372947,6.468041508924216,10.405916022136807,,,,,,,,,,,,,,,,,,,,
strongly_constrained_moderate,C4,8012,2531,1434,59.75,56.65744764915054,451.98434893997285,1649.6234378548506,449.3633566607855,92.578125,79.34621099554235,7.421875,0.31093276361784916,1048.9685250263208,0,2930.0,76.32400000000001,8.464027777777783,123.7105138982254,91.26366555891934,32.44684833930604,73.77195574015678,19.20523314316675,3.2669065754701125,87.99675898344923,199.72601132794287,3.5,7,8391.748200210564,143,60.83916083916085,71,293,nan,nan,2.1207639158914846,2.154278706667066,0,0.2830586546226782,0.5594915115351874,0.03351479077558102,0.0,0,0,0,268,0.7443375342991203,2.7773788593250757,6.565501820296049,10.608645156025887,,,,,,,,,,,,,,,,,,,,
strongly_constrained_moderate,C4,8013,2553,1189,49.541666666666664,46.57265961613788,773.2705229845698,2450.8948280847517,770.6275068716536,93.93939393939394,76.8888888888889,6.0606060606060606,0.2446872724284639,1782.9970186737157,0,2210.0,76.956,8.535416666666675,121.85380531799899,86.68194712013923,35.17185819785975,71.13601983452827,19.237222222222165,2.212635360420244,84.46931175971899,249.6668487238955,3.5,7,14263.976149389726,107,57.009345794392516,44,221,nan,nan,1.96361250419621,2.074575547033153,0,0.25281018890573026,0.49471353259964335,0.11096304283694293,0.0,0,0,0,197,0.5324874669313431,2.7029820656413355,5.217646388337016,10.42174082249403,,,,,,,,,,,,,,,,,,,,
strongly_constrained_moderate,C4,8014,2526,1124,46.833333333333336,44.4972288202692,877.445363523694,2381.1353722381364,874.8080458721,94.61077844311377,78.46913580246914,5.389221556886228,0.24805478143649856,1635.3076538666273,0,2840.0,76.344,8.459166666666675,121.2786471982668,87.32790461856986,33.950742579696914,72.00600158064582,19.187222222222168,2.8737549936832294,84.45414962488664,250.72284151746783,3.5,7,13082.461230933017,135,62.22222222222222,65,284,nan,nan,1.9734237706181594,2.030584245413905,0,0.31983967935871743,0.6083831990366679,0.05716047479574535,0.0,0,0,0,260,0.7599857994355261,2.9230223055212545,6.716196355409899,10.684401029720902,,,,,,,,,,,,,,,,,,,,
strongly_constrained_moderate,C4,8015,2557,1577,65.70833333333333,61.67383652718029,531.9751548561787,2999.9566041459457,529.3023942890795,94.5631067961165,78.55044074436826,5.436893203883495,0.1979054603836441,1926.2824313553867,0,2350.0,77.44400000000003,8.574305555555563,128.90509443502398,90.67288324659305,38.23221118843093,70.34080665624717,19.3299214843308,2.6477523700906165,88.02513087650244,295.109354971244,3.5,7,15410.259450843094,118,66.94915254237289,50,235,nan,nan,2.077526481534498,2.130833094760951,0,0.23675923275121674,0.5027932479053527,0.053306613226452915,0.0,0,0,0,210,0.606897072866559,2.8899860612693287,6.460187619086355,10.394616983830929,,,,,,,,,,,,,,,,,,,,
strongly_constrained_moderate,C4,8016,2600,1203,50.125,46.26923076923077,692.1968420420525,3309.521616101913,689.4403973381001,94.97991967871486,81.06565176022835,5.020080321285141,0.2100138154673874,1679.2820087882017,0,2270.0,78.15000000000002,8.677083333333343,129.73138237786532,90.34200751226294,39.389374865602385,69.63774366415527,19.21265974141655,2.401593050440387,87.94041446182256,314.9982420164251,3.5,7,13434.256070305613,107,69.1588785046729,48,227,nan,nan,2.0330165281057164,1.9949205341375824,0,0.303815551895871,0.5710341894887278,-0.03809599396813428,0.0,0,0,0,202,0.577971511753276,2.861245107689485,6.475540902465582,10.446942877024412,,,,,,,,,,,,,,,,,,,,
strongly_constrained_moderate,C4,8017,2550,1443,60.125,56.58823529411765,545.2000603100215,2113.6642262935143,542.4531255431764,94.60500963391137,81.58542589857213,5.394990366088632,0.2688168654593127,1573.4787380147516,0,2430.0,76.80199999999999,8.520972222222234,129.80784881163433,94.23973554661484,35.5681132650195,72.59941244644398,19.138981254746597,2.800652285754866,91.43908326085997,233.74376911374628,3.5,7,12587.829904118013,129,65.89147286821705,53,243,nan,nan,2.0787473564640804,2.144574864013742,0,0.2854741741547612,0.5639707587109608,0.06582750754966155,0.0,0,0,0,217,0.637598023051396,2.938239737564037,6.554473377764225,10.549445869401097,,,,,,,,,,,,,,,,,,,,
strongly_constrained_moderate,C4,8018,2502,1033,43.041666666666664,41.286970423661074,895.233895110283,2155.9875504874626,892.5449282943699,92.5925925925926,80.90277777777779,7.4074074074074066,0.2745309946866638,1658.2445572442105,0,2280.0,75.728,8.386388888888899,124.31241130863187,90.44823888932464,33.864172419307195,72.75881622533066,19.201666666666593,2.4115791699104254,88.03665971941422,232.875204250669,3.5,7,13265.956457953685,102,58.82352941176471,48,228,nan,nan,2.1084434879611442,2.1272791889197116,0,0.2968696012715086,0.5722406012428194,0.01883570095856738,0.0,0,0,0,203,0.5517265535891056,2.7178647960054465,6.439815321937203,10.380781022831798,,,,,,,,,,,,,,,,,,,,
strongly_constrained_moderate,C4,8019,2524,1512,63.0,59.90491283676703,619.7510218890293,2296.004168263849,617.0096671321012,93.19148936170212,80.03894839337877,6.808510638297872,0.2858579808392571,1655.1086992461574,0,2920.0,76.57200000000002,8.472500000000013,127.07311328799062,91.31589320036721,35.7572200876234,71.86090813200944,19.22495861011318,3.409159188528851,87.90673401183838,244.99842421220052,3.5,7,13240.869593969259,154,59.74025974025974,66,292,nan,nan,2.171691698002747,2.1151741685618433,0,0.3704937965819279,0.6559821703618052,-0.05651752944090428,0.0,0,0,0,267,0.8146216429304332,3.0510173892525585,6.598308752290904,10.833817068487406,,,,,,,,,,,,,,,,,,,,
strongly_constrained_moderate,C4,8020,2551,1092,45.5,42.806742453939634,919.8338159237428,2466.190357938977,917.1313197007994,94.49715370018976,79.64426877470356,5.502846299810247,0.26141393607493346,1733.8219968904732,0,2070.0,77.01200000000001,8.536805555555564,121.45752711661943,86.8134369973286,34.644090119290844,71.47637454694204,19.207627431508186,2.325163466721379,84.48827353060723,258.060213627397,3.5,7,13870.57597512379,108,62.03703703703704,50,207,nan,nan,2.1057524885837253,2.2001051282893656,0,0.25388481881796376,0.5428380240424217,0.0943526397056408,0.0,0,0,0,183,0.5741950790397823,3.1376780275397937,7.84369979519397,10.995721910148859,,,,,,,,,,,,,,,,,,,,
strongly_constrained_moderate,C4,8021,2470,1257,52.375,50.890688259109304,623.9063820773674,1998.6842262116684,621.1932776401698,93.22033898305084,80.63063063063063,6.779661016949152,0.29187851393545516,1479.9716762006717,0,2680.0,74.304,8.247500000000008,124.09716174284739,90.83208855033305,33.26507319251436,73.19433198525054,19.303647155664805,2.882706105974826,87.94938244435822,223.44163329608034,3.5,7,11839.773409605375,122,55.73770491803278,58,268,nan,nan,2.207056087483609,2.2642074272000796,0,0.29139761003488457,0.5731680917916098,0.05715133971646998,0.0,0,0,0,243,0.6538482944015414,2.6907337218170424,6.483342708088458,10.430790018290281,,,,,,,,,,,,,,,,,,,,
strongly_constrained_moderate,C4,8022,2497,1340,55.833333333333336,53.66439727673208,682.7729100796874,2246.1365677790864,680.1060335415112,94.18604651162791,78.74810701665825,5.813953488372093,0.26707556170124275,1649.2756651258962,0,2600.0,75.26999999999998,8.348333333333343,120.80918574803482,87.62582930913948,33.18335643889534,72.53242273472145,19.28109850661183,3.1749078141438107,84.45092149499567,239.5339950834503,3.5,7,13194.205321007172,128,66.40625,55,260,nan,nan,2.146853028090079,2.2042729526850318,0,0.26488570361061103,0.5496803344053802,0.05741992459495261,0.0,0,0,0,236,0.7090039728209376,3.0042541221226173,6.493914406746626,10.385578963905573,,,,,,,,,,,,,,,,,,,,
strongly_constrained_moderate,C4,8023,2528,1210,50.416666666666664,47.86392405063291,1162.7900789397163,3788.387807691725,1160.156630887903,92.64990328820116,77.97115862754849,7.35009671179884,0.18693249476323986,2629.7558962581193,0,2600.0,76.448,8.468888888888902,123.9307410976169,83.62120642947626,40.30953466814064,67.47414377487672,19.200716065711703,2.7276340836364983,80.89357234583976,340.850995261511,3.5,7,21038.04717006496,95,58.94736842105262,59,260,nan,nan,2.1359935059993407,2.09667436138099,0,0.33611526851170703,0.6169446548770317,-0.03931914461835062,0.0,0,0,0,237,0.5745243371929973,2.42415332148944,5.609850632026777,10.676936944946647,,,,,,,,,,,,,,,,,,,,
strongly_constrained_moderate,C4,8024,2505,1323,55.125,52.81437125748503,801.025825636082,2559.098645897191,798.454480606572,93.22709163346615,76.63504742885672,6.772908366533864,0.2501501051223254,1902.7918290523876,0,3260.0,75.59800000000001,8.381111111111117,127.41107294226418,91.42864478142387,35.98242816084032,71.75879040187849,19.24055555555548,3.5207719832535416,87.90787279817033,261.71268779296895,3.5,7,15222.334632419097,156,75.64102564102564,75,326,nan,nan,2.086611761729439,2.0966384596435397,0,0.30970911923514804,0.5815149451235391,0.010026697914100623,0.0,0,0,0,301,0.8317823205143213,2.7633964136688416,6.500546121969819,10.46688505448401,,,,,,,,,,,,,,,,,,,,
strongly_constrained_moderate,C4,8025,2450,1271,52.958333333333336,51.87755102040816,644.8366144296175,3151.5885916753155,642.002074149646,95.7983193277311,85.15704154002026,4.201680672268908,0.1982191794416618,2132.493302679642,0,1920.0,74.04800000000002,8.204722222222234,128.96759984885335,89.9967360464803,38.970863802373046,69.78243849769564,19.12075853823674,2.02379778799307,87.97293825848723,305.8657098752446,3.5,7,17059.946421437136,83,65.06024096385542,38,192,nan,nan,2.080124320497282,2.0964683858735436,0,0.3237852951411806,0.615804573198439,0.016344065376261516,0.0,0,0,0,167,0.44296928215771914,2.6525106716031086,6.561335572041571,10.591582860797644,,,,,,,,,,,,,,,,,,,,
strongly_constrained_moderate,C4,8026,2499,1299,54.125,51.980792316926774,694.0515345136401,2128.1298795707266,691.3946327834502,92.96875,80.67438349270257,7.03125,0.2847516756360385,1463.4614787679589,0,2950.0,75.464,8.364305555555564,117.16821548771804,83.94820285474253,33.220012632975504,71.64759018075364,19.17926698125944,3.0555981272970283,80.8926047274455,225.11532615783594,3.5,7,11707.69183014367,143,62.93706293706294,68,295,nan,nan,2.037192031121066,2.0756955086643876,0,0.29843510550512786,0.5837835236956593,0.038503477543321944,0.0,0,0,0,272,0.767461079871282,2.821548087762066,6.568799144588411,10.619151871651411,,,,,,,,,,,,,,,,,,,,
strongly_constrained_moderate,C4,8027,2458,1142,47.583333333333336,46.46053702196908,793.9152340494608,2356.3415064648893,791.1450260078229,96.0167714884696,81.52448258455325,3.9832285115303985,0.2684235139142287,1631.0722663879376,0,1600.0,74.57599999999996,8.251388888888902,120.64579687831284,86.47327133447261,34.17252554384025,71.675328583301,19.137222222222146,1.9576374432507513,84.51563389122185,243.8722999797282,3.5,7,13048.578131103504,80,67.5,36,160,nan,nan,2.111811859012142,2.1865200990215725,0,0.2948544147117764,0.5855685643485442,0.07470824000943063,0.0,0,0,0,136,0.4282212285324931,3.1486855039153903,6.439761084038764,10.431831935420632,,,,,,,,,,,,,,,,,,,,
strongly_constrained_moderate,C4,8028,2569,1143,47.625,44.49202024133904,1081.525655028708,3403.563565423753,1078.8200875000216,94.36619718309859,78.95752895752895,5.633802816901409,0.20632887496286179,2550.2523494550765,0,2490.0,77.56800000000004,8.597916666666674,130.45064464487686,90.79565626499047,39.65498837988641,69.60153896683427,19.204999999999906,2.789521338002115,88.00613492698832,316.92446233986715,3.5,7,20402.01879564061,107,64.48598130841121,50,249,nan,nan,2.022831377039794,2.0935263383910683,0,0.3624928428285142,0.6374087319369645,0.07069496135127398,0.0,0,0,0,224,0.5721889745909721,2.554415065138268,6.421603949274868,10.47497009858489,,,,,,,,,,,,,,,,,,,,
strongly_constrained_moderate,C4,8029,2415,812,33.833333333333336,33.6231884057971,1314.5683111256653,2934.6426984086693,1312.0343885242564,94.63220675944333,76.0460251046025,5.36779324055666,0.24094075801194853,2262.647046369418,0,3700.0,73.20599999999999,8.102500000000008,122.35490305803954,85.50560339655982,36.84929966147972,69.88326684056126,19.30492122437721,4.5364494331808345,80.96915396337899,284.3944947973779,3.5,7,18101.176370955345,204,71.07843137254902,72,370,nan,nan,2.1142053559568708,2.1034980624072355,0,0.2630390463924968,0.5433267717765419,-0.010707293549635292,0.0,0,0,0,347,1.0457822128664702,3.0137815932751306,6.5001060254871845,10.484933853149414,,,,,,,,,,,,,,,,,,,,
strongly_constrained_moderate,C4,8030,2556,1191,49.625,46.5962441314554,832.22507292827,2525.0842706599624,829.5581169869228,93.33333333333333,79.4682422451994,6.666666666666667,0.2386169811775204,1779.879713875185,0,2440.0,76.96000000000002,8.53944444444445,130.04910749295846,93.96085665336771,36.08825083959075,72.25028949810766,19.226109898719297,2.4553640135565598,91.50549263981117,259.2025977035639,3.5,7,14239.03771100148,103,62.13592233009708,63,244,nan,nan,2.0359250611314375,2.109117317203214,0,0.22564394844735342,0.4927901958809965,0.07319225607177658,0.0,0,0,0,218,0.5915040452964604,2.71332130869936,6.6012761439196765,10.874503059312701,,,,,,,,,,,,,,,,,,,,
strongly_constrained_moderate,C4,8031,2459,1348,56.166666666666664,54.81903212688085,768.2236323535452,2965.351527041332,765.4919746321762,94.5631067961165,80.45267489711934,5.436893203883495,0.2088621407683604,2003.9209908816333,0,2130.0,74.34000000000003,8.23625000000001,124.65403093917354,86.90448008780223,37.74955085137133,69.71654220328288,19.272777777777716,2.404051060717349,84.50042902708486,291.38250960753385,3.5,7,16031.367927053065,110,64.54545454545455,44,213,nan,nan,2.00187676941184,2.017972452842192,0,0.33419219391163285,0.6069937683623502,0.01609568343035277,0.0,0,0,0,189,0.5978621502872556,3.16329180046167,7.726885424926877,10.414693970233202,,,,,,,,,,,,,,,,,,,,
strongly_constrained_moderate,C4,8032,2553,1153,48.041666666666664,45.16255385820603,751.6807330837486,2020.1791009444867,748.8575912674796,97.79411764705883,85.36585365853658,2.2058823529411766,0.275382925583483,1351.0116401714638,0,1510.0,77.26800000000001,8.557083333333342,122.44481049303387,89.60989824499853,32.834912248035316,73.18390863947364,19.32277777777768,1.6246135641399158,87.98528468085863,225.11032619988032,3.5,7,10808.09312137171,67,64.17910447761194,33,151,nan,nan,2.2274071953430674,2.2604256131310243,0,0.2473518465502433,0.5075597162563547,0.03301841778795687,0.0,0,0,0,126,0.4036926827393472,3.2039101804710097,7.925181475002319,10.64028195105493,,,,,,,,,,,,,,,,,,,,
strongly_constrained_moderate,C4,8033,2553,1444,60.166666666666664,56.56090873482178,587.9797014204507,1757.0792711922074,585.3263781210285,93.07692307692308,79.78357107722577,6.923076923076923,0.3126770600886015,1271.6507652539126,0,3160.0,77.07000000000002,8.543333333333344,116.42869191817661,84.6335388046699,31.795153113506714,72.69130779563201,19.137222222222146,3.7609091294630006,80.87262967520688,195.77826453552044,3.5,7,10173.2061220313,151,56.95364238410596,69,316,nan,nan,2.0791138591175526,2.10221808805324,0,0.26801726319533264,0.5362564978185403,0.023104228935687064,0.0,0,0,0,293,0.7816813730169088,2.667854515416071,5.194645468145609,10.397650999948382,,,,,,,,,,,,,,,,,,,,
strongly_constrained_moderate,C4,8034,2425,870,36.25,35.876288659793815,1164.4103842275595,2481.7324029002866,1161.806080206128,94.4672131147541,78.11048012390293,5.532786885245901,0.28006408718576187,1947.9285157298787,0,2690.0,73.504,8.135694444444454,118.48770177892254,84.10891862451113,34.3787831544114,70.98535743519083,19.358333333333267,3.176862372448794,80.93205625206234,255.21172388476288,3.5,7,15583.42812583903,130,64.61538461538461,66,269,nan,nan,2.153135539371426,2.1526467569284913,0,0.20646170389559607,0.4725037097632512,-0.0004887824429346466,0.0,0,0,0,246,0.6912550181150436,2.8099797484351368,6.615033489651978,10.67043817602098,,,,,,,,,,,,,,,,,,,,
strongly_constrained_moderate,C4,8035,2473,1243,51.791666666666664,50.26283865750101,1000.0228585961902,3022.097991692986,997.191103698511,95.90163934426229,84.08060453400503,4.098360655737705,0.21273201103238232,2215.2501450007394,0,1620.0,74.68600000000002,8.27777777777779,126.50330647365395,89.66125593068881,36.84205054296514,70.87661060413626,19.326111111111054,1.728598082082483,87.93265784860633,297.38679019408033,3.5,7,17722.001160005915,65,61.53846153846154,35,162,nan,nan,2.231163056039086,2.2171203721311237,0,0.24188523031464387,0.49300202658022985,-0.01404268390796191,0.0,0,0,0,137,0.3501409075688571,2.5557730479478615,6.461230246350169,10.421875165775418,,,,,,,,,,,,,,,,,,,,
strongly_constrained_moderate,C4,8036,2567,1478,61.583333333333336,57.57693805999221,510.3192447957758,2156.17913712019,507.5684480557093,96.13899613899613,81.7959980478282,3.861003861003861,0.2803165176261313,972.0160245875862,0,1870.0,77.36400000000002,8.58125000000001,125.14517302168497,89.93200034057415,35.21317268111082,71.86214071955526,19.222777777777715,1.9720165836616614,87.95998375691251,237.3139982929497,3.5,7,7776.12819670069,79,67.08860759493672,40,187,nan,nan,2.1312996363096564,2.1960216729755806,0,0.2392934016180509,0.5056846409251097,0.06472203666592444,0.0,0,0,0,162,0.44787279958836734,2.764646911039305,6.438215833622962,10.41108905337751,,,,,,,,,,,,,,,,,,,,
strongly_constrained_moderate,C4,8037,2453,1217,50.708333333333336,49.61271911944557,578.7103158440727,1972.9373166471082,576.1174535498104,90.89026915113871,76.497461928934,9.109730848861282,0.30330030408412323,1285.295929790668,0,3450.0,73.78,8.189861111111119,117.19989617395792,85.15845140712706,32.04144476683088,72.66085908534231,19.227145529493185,4.261710464122057,80.896740943005,216.66531228825696,3.5,7,10282.367438325344,180,70.0,79,345,nan,nan,2.145097648713576,2.2170925702336355,0,0.2574341229041935,0.5350690913535703,0.07199492152005875,0.0,0,0,0,322,0.9434481207281351,2.9299631078513513,6.508114631287754,10.4632459115237,,,,,,,,,,,,,,,,,,,,
strongly_constrained_moderate,C4,8038,2532,1285,53.541666666666664,50.75039494470774,701.1998028635936,2920.325851324419,698.5366116769143,92.8709055876686,81.17237953303527,7.129094412331407,0.2393795766032137,1981.6788947264756,0,2760.0,76.436,8.473055555555565,125.41078421575543,87.5186040687058,37.89218014704963,69.78554883935634,19.326111111111018,3.1058679588765847,84.41273610982921,281.2923300558721,3.5,7,15853.431157811807,127,70.07874015748031,59,276,nan,nan,2.1510640328275596,2.1392308426376565,0,0.3333333333333333,0.6213523724650843,-0.011833190189903618,0.0,0,0,0,252,0.6829858999699354,2.710261507817204,6.490582705009729,10.401215171441436,,,,,,,,,,,,,,,,,,,,
strongly_constrained_moderate,C4,8039,2544,932,38.833333333333336,36.63522012578616,928.6970210147823,2194.2522081349393,925.991987934355,95.28130671506352,80.6823883592574,4.71869328493648,0.27383227716841124,1580.8137941080727,0,1560.0,76.62800000000001,8.501388888888897,118.55273899175342,86.08404161957247,32.46869737218094,72.61244434475742,19.25499999999993,1.5993255720293083,84.48471604754317,236.8704255500278,3.5,7,12646.510352864587,62,58.06451612903226,37,156,nan,nan,2.2597012206230644,2.2303698305702317,0,0.2639825104754964,0.5434030506403034,-0.029331390052832935,0.0,0,0,0,132,0.3625796877313405,2.746815816146519,7.016083633061484,10.330090066418052,,,,,,,,,,,,,,,,,,,,
strongly_constrained_moderate,C4,8040,2492,1256,52.333333333333336,50.40128410914928,778.5800342681279,3147.1284697526494,775.9256348562853,94.36893203883496,79.5144157814871,5.631067961165048,0.22102698332368417,2297.0228431929454,0,3110.0,75.07800000000003,8.32875000000001,130.49616415394684,91.63233425686585,38.863829897080976,70.21841205138169,19.390555555555473,3.6751833756209136,87.95715088124493,303.78579665277675,3.5,7,18376.18274554356,182,60.98901098901099,68,311,nan,nan,2.051151253556063,2.1311574197345737,0,0.3048474571520664,0.582931152733534,0.08000616617851086,0.0,0,0,0,286,0.9272848088294268,3.242254576326667,7.603146194014698,10.6953380163759,,,,,,,,,,,,,,,,,,,,
strongly_constrained_moderate,C4,8041,2507,1500,62.5,59.83246908655764,445.5145397546012,3067.9541908223628,442.9362163719331,91.81286549707602,75.72718154463391,8.187134502923977,0.21359554015455812,1808.3164135002885,0,2740.0,75.63399999999999,8.38611111111112,130.1053614865133,91.34770252429763,38.75765896221568,70.21055971914481,19.15499999999994,3.3688019963852267,87.97890052791239,296.3236744442449,3.5,7,14466.53130800231,142,59.859154929577464,57,274,nan,nan,2.1749281695921963,2.172900016901272,0,0.23265808725885503,0.49960023129968784,-0.0020281526909240125,0.0,0,0,0,249,0.7874687451403588,3.162525080884975,7.737156003713608,10.407477850094438,,,,,,,,,,,,,,,,,,,,
strongly_constrained_moderate,C4,8042,2502,1296,54.0,51.798561151079134,597.1057706389191,1716.5699468107423,594.4735279741632,93.87351778656127,80.16032064128257,6.126482213438735,0.3101898842440639,1039.6577168652661,0,2850.0,75.798,8.391250000000007,115.28167715823186,83.89696404722058,31.384713111011287,72.77562758916697,19.18722222222213,2.94646254078704,80.95050150643354,204.34809260474887,3.5,7,8317.261734922131,145,71.03448275862068,68,285,nan,nan,1.9698786886750603,2.01246768345852,0,0.28316174333399624,0.5585052493906347,0.04258899478346005,0.0,0,0,0,262,0.7922408855520189,3.023820173862667,6.4873856492340565,10.669376933947206,,,,,,,,,,,,,,,,,,,,
strongly_constrained_moderate,C4,8043,2464,1447,60.291666666666664,58.725649350649356,499.31124870960343,1529.4925612089924,496.7777839369847,92.2465208747515,75.4207037225905,7.75347912524851,0.33413853994168163,1008.1649973681709,0,3050.0,74.80600000000003,8.274861111111122,110.91999379797045,81.11568603507013,29.804307762900343,73.12990495006171,19.30019109005066,3.7304759860587797,77.38521004901132,190.46694582443249,3.5,7,8065.319978945368,152,62.5,58,305,nan,nan,2.1647747792404597,2.2077299475275636,0,0.31215788467394157,0.5905511078433645,0.042955168287104245,0.0,0,0,0,283,0.7970227033365518,2.816334640765201,6.48295923601836,10.458996053785086,,,,,,,,,,,,,,,,,,,,
strongly_constrained_moderate,C4,8044,2549,1411,58.791666666666664,55.355041192624554,577.8534321997489,2696.569161173156,575.2032033471278,93.46642468239564,81.13113113113113,6.533575317604355,0.21968640399334524,1571.1846403894585,0,2240.0,76.74600000000001,8.515833333333346,127.30835157286131,90.57025965327718,36.73809191958413,71.14243373219853,19.137222222222125,2.6070615554514136,87.96319809782577,270.223099027546,3.5,7,12569.477123115668,107,66.35514018691589,51,224,nan,nan,2.160612682651736,2.1406128840595766,0,0.33057068911692733,0.6129041156436018,-0.019999798592159192,0.0,0,0,0,199,0.5566980030853301,2.7974774024388447,6.623961683362722,10.810415958985686,,,,,,,,,,,,,,,,,,,,
strongly_constrained_moderate,C4,8045,2519,1050,43.75,41.683207622072246,782.8403584803324,2238.7885807450216,780.1833859512001,92.88461538461539,78.78939469734867,7.115384615384615,0.28671507160515414,1635.0100231772483,0,2540.0,75.92999999999999,8.421666666666678,121.31976538697718,87.3467612472269,33.9730041397503,71.99713992902508,19.22277777777769,2.829285039739668,84.51747620748723,235.54669522281176,3.5,7,13080.080185417988,125,70.39999999999999,57,254,nan,nan,1.9544828788010808,2.012355145072754,0,0.30232639191426336,0.5782505707848049,0.057872266271673786,0.0,0,0,0,230,0.6640175248030573,2.887032716535032,6.4738286775536835,10.409433161839843,,,,,,,,,,,,,,,,,,,,
strongly_constrained_moderate,C4,8046,2528,1298,54.083333333333336,51.34493670886076,822.6732361772154,3349.8491500585446,819.8648326280235,98.582995951417,82.79252704031465,1.417004048582996,0.17533234184566082,2114.123511372231,0,1670.0,76.50600000000001,8.472916666666674,129.5455190776811,89.767360481759,39.7781585959221,69.29406830963455,19.222777777777715,1.7868604719310999,87.98050000982789,314.54974024248827,3.5,7,16912.988090977848,73,73.97260273972603,32,167,nan,nan,2.202348358689209,2.235710858336391,0,0.2841739817663496,0.5702614164480363,0.033362499647181694,0.0,0,0,0,142,0.40610943431966007,2.859925593800423,6.660021503921598,10.700888931751251,,,,,,,,,,,,,,,,,,,,
strongly_constrained_moderate,C4,8047,2542,1279,53.291666666666664,50.314712824547605,798.6167026847245,2169.241198480775,795.9232648075985,91.94499017681729,80.9640924741761,8.055009823182711,0.26895820578535845,1638.6390357126054,0,3050.0,76.48200000000003,8.488750000000008,121.41283867035263,87.66536892195516,33.74746974839747,72.20436477889703,19.140925401220798,3.182713789750356,84.4826551322048,231.7778798161577,3.5,7,13109.112285700843,147,63.94557823129252,74,305,nan,nan,1.9664881364151794,2.0884402256470236,0,0.3350473188369622,0.608682666833836,0.12195208923184447,0.0,0,0,0,281,0.7677980838343501,2.7323775225421714,6.572764832526445,10.734621901065111,,,,,,,,,,,,,,,,,,,,
strongly_constrained_moderate,C4,8048,2611,1310,54.583333333333336,50.17234775947913,957.3055103197427,2868.6295599751547,954.4807977521434,97.48062015503875,80.38186157517899,2.5193798449612403,0.2611309317685355,1991.7216450533388,0,1180.0,78.86600000000001,8.740555555555567,122.76263571928273,85.43153169171954,37.33110402756317,69.59082557258954,19.169444444444316,0.9889629111644569,84.44256878055509,282.80927747112776,3.5,7,15933.773160426708,37,67.56756756756756,27,118,nan,nan,2.140920138148638,2.18594636080672,0,0.3036711721314971,0.60301861851023,0.04502622265808212,0.0,0,0,0,94,0.23168253037147224,2.464707769909279,6.46328772418201,10.604440001770854,,,,,,,,,,,,,,,,,,,,
strongly_constrained_moderate,C4,8049,2520,1113,46.375,44.166666666666664,1210.0483830131357,3543.0096605290414,1207.2929496865247,95.19038076152304,83.02820385947551,4.809619238476954,0.158403574321023,2693.7531813621463,0,2480.0,75.83200000000002,8.416111111111118,130.3885320594041,90.81204452562228,39.57648753378182,69.64726352180188,19.137222222222118,2.8474094801131367,87.96463504550913,331.1786081500954,3.5,7,21550.025450897174,105,67.61904761904762,54,248,nan,nan,2.1605812521904797,2.2136919579068453,0,0.2733179363210727,0.5506362246380611,0.05311070571636547,0.0,0,0,0,223,0.6401940786745399,2.870825464908251,6.469343323260546,10.488183004781604,,,,,,,,,,,,,,,,,,,,
strongly_constrained_moderate,C4,8050,2410,1134,47.25,47.05394190871369,902.1102690197363,2389.357812573099,899.4502010274513,91.23931623931624,78.88774459320288,8.76068376068376,0.2731884637987402,1741.5914240264656,0,2550.0,72.77,8.065972222222232,117.2155803430051,83.56387445396092,33.65170588904419,71.29075691937027,19.145460225490215,2.634743922632921,80.929130531328,249.82845699392092,3.5,7,13932.731392211723,114,66.66666666666666,65,255,nan,nan,2.192678460369014,2.1972393061986044,0,0.28733328726418356,0.5719938078323126,0.004560845829590212,0.0,0,0,0,232,0.6452882566954941,2.781414899549543,6.456894858274609,10.448502143844962,,,,,,,,,,,,,,,,,,,,
strongly_constrained_moderate,C4,8051,2457,1274,53.083333333333336,51.85185185185185,789.496414772361,2520.139416401534,786.8167318790697,93.92624728850325,76.85370741482967,6.073752711496746,0.2605943561319713,1640.8252424572918,0,2680.0,74.334,8.233333333333343,117.7475182994558,83.88535280090004,33.862165498555775,71.2417161842533,19.326111111111036,2.996010330116465,80.88934247078359,255.57225420180617,3.5,7,13126.601939658336,147,66.66666666666666,69,268,nan,nan,2.1667580058075337,2.217504396548199,0,0.25412457568197616,0.5130611977246174,0.050746390740665004,0.0,0,0,0,245,0.7378916593734175,3.0118026913200717,7.728457450866699,10.414118878543377,,,,,,,,,,,,,,,,,,,,
strongly_constrained_moderate,C4,8052,2483,1112,46.333333333333336,44.78453483689086,981.851707401861,4124.060637088061,979.0656792862131,97.05304518664047,83.1306990881459,2.9469548133595285,0.15443489237388547,3149.6596309225984,0,1470.0,75.40000000000002,8.33986111111112,137.26990211902873,92.91840331463425,44.35149880439445,67.69029618310891,19.272777777777726,1.346009254374231,91.57239406026005,370.59610538271704,3.5,7,25197.277047380787,57,68.42105263157895,34,147,nan,nan,2.1400321303764556,2.213965120323291,0,0.2973219165603935,0.5726066716649805,0.07393298994683582,0.0,0,0,0,121,0.3206287636421621,2.6498244929104304,6.450336193665862,10.374102974310517,,,,,,,,,,,,,,,,,,,,
strongly_constrained_moderate,C4,8053,2509,1401,58.375,55.83897967317657,858.8855296836816,2746.2920076894397,856.1993206850233,95.59386973180077,80.22143935581279,4.406130268199234,0.2416551274969046,1863.838450315651,0,2210.0,76.08400000000002,8.419861111111121,119.08816053469047,83.4062248321446,35.68193570254587,70.03737773567197,19.29055555555548,2.5116098965903872,80.89461493555422,266.1063475925948,3.5,7,14910.707602525206,110,55.45454545454545,53,221,nan,nan,2.184915285115686,2.2912491649966604,0,0.23726240359506892,0.513907030748126,0.10633387988097406,0.0,0,0,0,198,0.5899265906773508,2.9794272256431857,6.659297400619831,10.437830118462443,,,,,,,,,,,,,,,,,,,,
strongly_constrained_moderate,C4,8054,2496,1521,63.375,60.9375,464.55359255044397,1492.2607384516878,461.76485107817876,97.13701431492842,82.16243148978575,2.8629856850715747,0.32811959579333305,963.7114784830068,0,1860.0,75.32000000000001,8.350555555555566,116.9176929719389,86.26166355859718,30.656029413341745,73.77982011610561,19.24985111619459,1.8311169711771185,84.43054658742005,190.8376566986669,3.5,7,7709.691827864056,88,72.72727272727273,52,186,nan,nan,2.0689527202553255,2.1035404141616567,0,0.2937727306464782,0.5547527922672947,0.034587693906331186,0.0,0,0,0,162,0.5140808273572475,3.1733384404768366,7.838967046700418,11.041637044399977,,,,,,,,,,,,,,,,,,,,
strongly_constrained_moderate,C4,8055,2539,1246,51.916666666666664,49.074438755415514,730.4940779868277,2730.1715496479214,727.5310246070973,96.52351738241309,86.63414634146342,3.476482617586912,0.26032668660527003,1663.4517130449574,0,1510.0,76.724,8.501805555555565,121.98618816247568,86.13782262485056,35.84836553762514,70.61276684055574,19.12029357246339,1.6028374760222595,84.53498514882828,268.4573975064219,3.5,7,13307.61370435966,76,67.10526315789474,25,151,nan,nan,2.0481119719754473,2.0344784056301584,0,0.32038880911429163,0.5811700511561306,-0.013633566345289018,0.0,0,0,0,127,0.39793017599731684,3.1333084724198175,7.719323504716158,10.374204022809863,,,,,,,,,,,,,,,,,,,,
strongly_constrained_moderate,C4,8056,2554,1215,50.625,47.57243539545811,690.9397409924825,2718.022855272256,687.9018636443503,98.15195071868584,89.40493468795356,1.8480492813141685,0.23338342440212986,1428.297155247624,0,890.0,76.18200000000002,8.482916666666677,128.81972540571135,92.1636770780723,36.65604832763906,71.54469301017943,19.222777777777704,0.6904281287654285,91.47324894930688,275.7205950016121,3.5,7,11426.377241980994,24,75.0,21,89,nan,nan,2.038267010210898,1.8991315965263862,0,0.25823074720870315,0.4879749231511749,-0.1391354136845119,0.0,0,0,0,63,0.1630531798582524,2.5881457120357525,7.668751128949223,10.44705812819302,,,,,,,,,,,,,,,,,,,,
strongly_constrained_moderate,C5,8007,2513,1718,71.58333333333333,68.36450457620374,304.2516178374917,1593.6378429182366,301.6915437571179,90.53497942386831,74.93833251110014,9.465020576131687,0.3242689587140031,727.9732917650057,0,3750.0,75.90800000000002,8.412638888888898,115.92235376914897,85.42731683067318,30.4950369384758,73.69356647191235,19.187222222222143,4.488377652140327,80.93893917853283,191.5570552510198,3.5,7,5823.7863341200455,218,11.46788990825688,85,375,nan,nan,2.1262752778283844,2.1099130078338497,0,0.27979823282929495,0.5569214862842059,-0.01636226999453452,0.9971762101631612,351,0,0,,,,,,351,0.9971762101631612,0.0028409578637127097,0.0021537260618060827,0.006263209506869316,0.00812745001167059,2.8409578637127098,6.263209506869316,8.12745001167059,36.111111111111114,175.02849002849004,36.111111111111114,0.0,31.76068376068376,0,0,0,0.0,55.19699621048376,14.300943908169547
strongly_constrained_moderate,C5,8008,2467,1539,64.125,62.38346169436563,507.003477345668,1950.250585962984,504.4602869087457,93.22709163346615,76.2849872773537,6.772908366533864,0.31929074734383756,1268.7627302589497,0,3390.0,74.72399999999998,8.272916666666674,112.59665112011142,81.56122517858587,31.035425941525546,72.43663498622281,19.187222222222182,4.078822740250186,77.48240243833568,206.36686782845973,3.5,7,10150.101842071595,179,12.849162011173185,78,339,nan,nan,2.184716436026627,2.2528779957391123,0,0.2045605406396389,0.46974054265752424,0.06816155971248491,1.0303202606737614,315,0,0,,,,,,315,1.0303202606737614,0.003270857970392893,0.002160601085051894,0.006602853932417932,0.009622978046536446,3.270857970392893,6.602853932417932,9.622978046536446,34.857142857142854,169.37460317460318,34.857142857142854,0.0,31.044444444444444,0,0,0,0.0,103.68875755749472,25.992537706812882
strongly_constrained_moderate,C5,8009,2487,1019,42.458333333333336,40.97305991154001,998.7028138323469,2632.5611357903927,995.9752663874661,94.16666666666667,79.97010463378176,5.833333333333333,0.24219021221928017,1800.0754894541155,0,2730.0,75.10400000000001,8.324305555555565,119.4109675577298,84.64857118973353,34.76239636799625,70.88843924559089,19.15499999999992,3.6919225846858357,80.95664860504772,261.8132116648348,3.5,7,14400.603915632924,165,23.636363636363637,52,273,nan,nan,2.074629258517034,2.195254509018036,0,0.2395190380761523,0.5174477535965323,0.12062525050100202,1.0716662211343646,243,0,0,,,,,,243,1.0716662211343646,0.0044101490581661094,0.005031474865972996,0.006933046667836606,0.00854565599001944,4.41014905816611,6.9330466678366065,8.54565599001944,38.641975308641975,185.7119341563786,38.641975308641975,0.0,32.4320987654321,0,0,0,0.0,186.69133519305063,40.55687766635221
strongly_constrained_moderate,C5,8010,2518,1458,60.75,57.903097696584595,571.9074722678479,3512.768331510662,569.2597029154682,95.10763209393347,77.13004484304933,4.892367906066536,0.17581950740624577,2370.2550802727433,0,2310.0,75.39399999999999,8.38319444444445,130.39292150677772,90.07721951191733,40.315701994860405,69.08137226393474,19.204999999999945,2.0963392176888704,87.98088029422846,324.9031608890364,3.5,7,18962.040642181946,75,28.000000000000004,64,231,nan,nan,2.0967955328131995,2.151253964239158,0,0.24590929431678893,0.5312457534665463,0.05445843142595872,0.48299309285357594,204,0,0,,,,,,204,0.48299309285357594,0.002367613200262627,0.0015139019815251231,0.006147996138315647,0.009322409052401781,2.367613200262627,6.147996138315647,9.322409052401781,26.83823529411765,134.66666666666666,26.83823529411765,0.0,24.86764705882353,0,0,0,0.0,6.618148867374597,1.7412006322221316
strongly_constrained_moderate,C5,8011,2468,1347,56.125,54.57860615883307,641.6030028047097,2419.462196764703,639.0709214879848,92.89827255278311,74.37082691319979,7.1017274472168905,0.28636233778749287,1773.8286271144732,0,3160.0,74.77199999999998,8.277500000000012,118.81690128070477,84.34707489252212,34.469826388182646,70.9891219038378,19.198501256267612,3.423631083652346,80.92344380886978,245.0981821807122,3.5,7,14190.629016915786,147,36.734693877551024,83,316,nan,nan,2.0904813039047374,2.115842606715137,0,0.29087526589014207,0.567810130009664,0.025361302810398955,0.6729581383988261,292,0,0,,,,,,292,0.6729581383988261,0.0023046511589000893,0.0017418654169887304,0.005121484654955566,0.007730894023552537,2.3046511589000893,5.121484654955566,7.730894023552537,31.695205479452056,155.63013698630138,31.695205479452056,0.0,28.05821917808219,0,0,0,0.0,19.188717206393303,5.444592219890704
strongly_constrained_moderate,C5,8012,2531,1156,48.166666666666664,45.67364677992888,712.87265632479,1752.6412290723724,710.2596260615069,92.578125,79.29668152550768,7.421875,0.3030173351208826,1308.2892972334407,0,3150.0,76.36800000000001,8.46708333333334,120.17475989332735,87.96972111447491,32.20503877885243,73.20149521626745,19.16619197313371,3.5075409994759292,84.46218011499897,206.05835412551613,3.5,7,10466.314377867524,154,14.935064935064934,77,315,nan,nan,2.0917918310848505,2.123277482800653,0,0.29213065305869473,0.5644806395423716,0.03148565171580274,0.7594424337148666,291,0,0,,,,,,291,0.7594424337148666,0.00260976781345315,0.0018609659746289253,0.005620425450615585,0.006947376998141408,2.6097678134531503,5.620425450615585,6.947376998141408,31.54639175257732,155.01374570446737,31.54639175257732,0.0,28.783505154639176,0,0,0,0.0,42.84929975579044,11.227757841848305
strongly_constrained_moderate,C5,8013,2553,1063,44.291666666666664,41.63728946337642,1011.2478575673503,2730.8319913353907,1008.5723082487407,92.99242424242425,79.50617283950618,7.007575757575757,0.2230633661919233,2029.4286824209744,0,2260.0,76.96600000000001,8.53611111111112,122.23953962657617,86.6277526756948,35.61178695088137,70.86721116614954,19.358333333333245,2.28106125095091,84.3466914247439,274.47682897542103,3.5,7,16235.429459367795,110,12.727272727272727,46,226,nan,nan,1.9780154368142229,2.0871247445385825,0,0.2610170836722951,0.5073931914407106,0.10910930772435962,0.5180994593538344,202,0,0,,,,,,202,0.5180994593538344,0.0025648488086823483,0.0018064830219373107,0.0057522462680935854,0.007161543006077409,2.564848808682348,5.752246268093585,7.161543006077409,30.965346534653467,152.94554455445544,30.965346534653467,0.0,28.599009900990097,0,0,0,0.0,3.1340112855272593,1.0382830430685037
strongly_constrained_moderate,C5,8014,2526,1183,49.291666666666664,46.83293745051465,916.3332160780067,2680.37600428808,913.7028676017849,94.61077844311377,77.77777777777779,5.389221556886228,0.24817649733940236,1884.9998052651763,0,2830.0,76.342,8.459027777777786,118.31533296761235,83.81309906301429,34.50223390459805,70.83874672943472,19.190555555555473,2.8737549936832303,80.93934406933106,265.6651714921998,3.5,7,15079.998442121409,135,20.74074074074074,65,283,nan,nan,1.9734237706181594,2.030584245413905,0,0.31983967935871743,0.6083831990366679,0.05716047479574535,0.6529297765810043,260,0,0,,,,,,260,0.6529297765810043,0.002511268371465401,0.001783265033736825,0.005678598734084516,0.007143986877053976,2.511268371465401,5.678598734084516,7.143986877053976,32.76923076923077,160.12692307692308,32.76923076923077,0.0,28.76153846153846,0,0,0,0.0,5.768633316946964,2.0450089365213233
strongly_constrained_moderate,C5,8015,2557,1174,48.916666666666664,45.91317950723504,811.0027017361725,3791.612350414841,808.3144185591765,95.14563106796116,78.94221351616063,4.854368932038835,0.20289672527724695,2511.594104011391,0,2010.0,77.37600000000003,8.569583333333345,132.30253071996603,90.25577213548193,42.04675858448409,68.2192333316125,19.18722222222214,2.2904289957434107,87.96534313973855,346.8443255017737,3.5,7,20092.75283209113,96,20.833333333333336,41,201,nan,nan,2.090066496629623,2.139187465840773,0,0.1931362725450902,0.44443439787211353,0.04912096921114957,0.41178960516117513,176,0,0,,,,,,176,0.41178960516117513,0.002339713665688495,0.001754304044879973,0.005403567221947014,0.008767524035647511,2.339713665688495,5.403567221947014,8.767524035647511,34.34659090909091,167.875,34.34659090909091,0.0,30.892045454545453,0,0,0,0.0,7.832390292757059,2.440840042784929
strongly_constrained_moderate,C5,8016,2600,1143,47.625,43.96153846153846,897.4108374875952,2934.7307387647375,894.7385865200359,93.17269076305222,78.44909609895338,6.827309236947792,0.2247623305725297,2159.6553932537663,0,3170.0,78.33,8.68958333333334,129.29179058005494,91.49511862337405,37.79667195668088,70.76637906621154,19.22125979764809,3.5713928354722744,87.92372578790179,282.4863639569425,3.5,7,17277.24314603013,157,23.56687898089172,66,317,nan,nan,2.04861778351223,2.048576605265325,0,0.2846652208526642,0.5544326204531616,-4.117824690477076e-05,1.0611177496612072,292,0,0,,,,,,292,1.0611177496612072,0.003633964896100025,0.002982595469802618,0.006767187151126562,0.009028272004798055,3.633964896100025,6.767187151126562,9.028272004798055,32.72260273972603,160.3013698630137,32.72260273972603,0.0,29.075342465753426,0,0,0,0.0,112.31871117134001,27.10001874323015
strongly_constrained_moderate,C5,8017,2550,1288,53.666666666666664,50.50980392156863,799.8892186658217,3643.420661082137,797.172704712461,94.21965317919076,80.89611029049729,5.780346820809249,0.20367281531754441,2341.760461558563,0,2420.0,76.79999999999998,8.520833333333345,131.33315487963398,90.79659665772593,40.53655822190804,69.13455839916466,19.204999999999902,2.800652285754866,87.99594437197106,336.83982334249254,3.5,7,18734.083692468506,129,15.503875968992247,53,242,nan,nan,2.0787473564640804,2.144574864013742,0,0.2854741741547612,0.5639707587109608,0.06582750754966155,0.5313222678378224,217,0,0,,,,,,217,0.5313222678378224,0.0024484897135383524,0.001842724857851863,0.005529102543368935,0.008655883138999343,2.4484897135383523,5.529102543368935,8.655883138999343,33.17972350230415,162.28571428571428,33.17972350230415,0.0,29.474654377880185,0,0,0,0.0,2.4773338782068977,0.8808901497556689
strongly_constrained_moderate,C5,8018,2502,1207,50.291666666666664,48.2414068745004,703.4396928999028,2509.0734714961754,700.7713459473105,92.18106995884774,80.30753968253968,7.818930041152264,0.24728618298925142,1524.5384239554385,0,2890.0,75.85000000000001,8.394861111111119,122.6594143144101,87.72310000043575,34.93631431397436,71.51762503575723,19.254999999999914,3.1778825442852474,84.54521745615051,255.63199055260208,3.5,7,12196.307391643506,139,23.741007194244602,60,289,nan,nan,2.130684009528491,2.17564941203161,0,0.29506560290392103,0.5740544234245634,0.04496540250311945,0.706720181973651,265,0,0,,,,,,265,0.706720181973651,0.0026668686112213246,0.0017879609949886799,0.005794160114601253,0.007676034001633525,2.6668686112213247,5.794160114601254,7.676034001633525,31.18867924528302,153.46037735849058,31.18867924528302,0.0,28.067924528301887,0,0,0,0.0,88.13621619299951,22.19503025874613
strongly_constrained_moderate,C5,8019,2524,1549,64.54166666666667,61.370839936608554,456.4596987874746,2197.407854608706,453.77451697299944,92.5531914893617,77.79941577409932,7.446808510638298,0.268193936627931,1346.7577685839292,0,2910.0,76.57000000000001,8.472361111111121,121.54638266744297,87.84958764481166,33.696795022631306,72.27659574631075,19.24508833532208,3.409159188528851,84.44042845628282,234.88929514209954,3.5,7,10774.062148671434,154,17.532467532467532,66,291,nan,nan,2.171691698002747,2.1151741685618433,0,0.3704937965819279,0.6559821703618052,-0.05651752944090428,0.5937470551580191,267,0,0,,,,,,267,0.5937470551580191,0.0022237717421648654,0.001778620993718505,0.004782809782773256,0.00733225280418992,2.2237717421648653,4.782809782773255,7.33225280418992,34.38202247191011,167.5243445692884,34.38202247191011,0.0,30.820224719101123,0,0,0,0.0,5.632750767954349,1.7785679058544304
strongly_constrained_moderate,C5,8020,2551,1291,53.791666666666664,50.60760486083888,820.928159116896,2487.082166464756,818.3204973396673,93.5483870967742,76.82806324110672,6.451612903225806,0.24281779682938837,1911.7171586012196,0,2830.0,77.164,8.547361111111119,123.32240065411943,87.83215921955082,35.4902414345686,71.22157755093693,19.290555555555496,3.3268302377210954,84.50532898182973,251.4402069809338,3.5,7,15293.737268809757,161,24.22360248447205,64,283,nan,nan,2.103163856670871,2.1946673269318557,0,0.25854024651619845,0.544773249687146,0.0915034702609853,0.9254223797470331,258,0,0,,,,,,258,0.9254223797470331,0.0035869084486319113,0.0031744790030643344,0.006537266075611113,0.007726709824055433,3.5869084486319114,6.537266075611113,7.726709824055433,36.33720930232558,176.4031007751938,36.33720930232558,0.0,31.984496124031008,0,0,0,0.0,130.93102593581997,31.357830693293167
strongly_constrained_moderate,C5,8021,2470,1202,50.083333333333336,48.663967611336034,700.5497294029257,2313.6428929693016,697.8477971790727,93.22033898305084,79.52952952952953,6.779661016949152,0.26461508912250203,1584.7910912753857,0,2670.0,74.30200000000002,8.24736111111112,121.82110200289631,87.40444966144416,34.41665234145215,71.74820143998214,19.18722222222214,2.882706105974826,84.52174355546931,245.25237314644284,3.5,7,12678.328730203086,122,26.229508196721312,58,267,nan,nan,2.207056087483609,2.2642074272000796,0,0.29139761003488457,0.5731680917916098,0.05715133971646998,0.8253874981310219,243,0,0,,,,,,243,0.8253874981310219,0.003396656370909555,0.002683351980522275,0.006996604660525918,0.009022519923746586,3.3966563709095547,6.996604660525918,9.022519923746586,31.234567901234566,153.9835390946502,31.234567901234566,0.0,28.493827160493826,0,0,0,0.0,34.30307736996627,10.658375148299335
strongly_constrained_moderate,C5,8022,2497,1558,64.91666666666667,62.39487384861834,551.8099144817293,3937.8233364386097,549.1948983436808,93.4108527131783,77.08228167592125,6.5891472868217065,0.1857660029519822,2166.87028284897,0,2910.0,75.33199999999998,8.3526388888889,130.20404573824382,87.91869042025061,42.285355317993236,67.52377771501685,19.282172471406597,3.4871855234638627,84.43150489678673,354.0758066296838,3.5,7,17334.96226279176,141,33.33333333333333,67,291,nan,nan,2.1701155119227216,2.2328477179077253,0,0.25772894102812366,0.541014108840228,0.06273220598500372,1.0818760024849325,267,0,0,,,,,,267,1.0818760024849325,0.004051970046760047,0.004754595924168825,0.007483679242432117,0.009019816061481833,4.051970046760046,7.483679242432117,9.019816061481833,33.98876404494382,165.2621722846442,33.98876404494382,0.0,29.670411985018728,0,0,0,0.0,69.63317354278293,17.685321732086383
strongly_constrained_moderate,C5,8023,2528,1069,44.541666666666664,42.28639240506329,828.343957977048,2842.737930106053,825.7112415056131,92.64990328820116,78.07061163600198,7.35009671179884,0.2414090850894051,1946.5706083439518,0,2610.0,76.45,8.469027777777791,124.27214099697389,87.09267865169849,37.17946234527541,70.08222273551982,19.306265067147343,2.7276340836364983,84.36504456806198,279.9914829124737,3.5,7,15572.564866751612,95,28.421052631578945,59,261,nan,nan,2.1359935059993407,2.09667436138099,0,0.33611526851170703,0.6169446548770317,-0.03931914461835062,0.5146560929715633,235,0,0,,,,,,235,0.5146560929715633,0.0021900259275385676,0.0015451950021088123,0.005252456944435834,0.0070409870240837336,2.1900259275385676,5.252456944435834,7.040987024083734,26.872340425531913,134.91914893617022,26.872340425531913,0.0,25.102127659574467,0,0,0,0.0,12.764008938285828,3.6609081857894408
strongly_constrained_moderate,C5,8024,2505,1279,53.291666666666664,51.05788423153692,760.5763075439703,2449.348867568226,758.0417541714475,92.03187250996015,75.63654518222667,7.968127490039841,0.2486207205703192,1704.4961722949474,0,3680.0,75.682,8.386944444444453,123.09508533080057,88.62970033697943,34.46538499382114,72.00100645675633,19.17277777777768,4.1888644800357895,84.44083585694362,253.18675687707795,3.5,7,13635.96937835958,183,28.415300546448087,83,368,nan,nan,2.0959593605816287,2.1183646362492428,0,0.3148972363331314,0.590851970493247,0.0224052756676143,1.02817193698138,344,0,0,,,,,,344,1.02817193698138,0.002988871909829593,0.0021313255419954658,0.0064934091293253,0.008286041906103492,2.988871909829593,6.4934091293253,8.286041906103492,32.39825581395349,159.1453488372093,32.39825581395349,0.0,29.566860465116278,0,0,0,0.0,101.93468812156969,29.40015410108795
strongly_constrained_moderate,C5,8025,2450,1286,53.583333333333336,52.48979591836734,604.6734791646603,2411.5880788565496,601.8597920402837,95.7983193277311,84.29584599797366,4.201680672268908,0.26396548367789896,1615.6218559460424,0,1930.0,74.05000000000001,8.204861111111121,120.59900738393729,86.42454160203583,34.17446578190144,71.6627304625285,19.254736947753518,2.02379778799307,84.40074381404278,248.54983527990305,3.5,7,12924.974847568335,83,19.27710843373494,40,193,nan,nan,2.0899432000094866,2.1050266212899174,0,0.3210207397042606,0.6123071147851066,0.015083421280430694,0.45178688364103436,169,0,0,,,,,,169,0.45178688364103436,0.0026732951694735762,0.001755757024511695,0.006135852076113223,0.008450493915006518,2.673295169473576,6.135852076113223,8.450493915006518,29.556213017751478,146.44378698224853,29.556213017751478,0.0,26.964497041420117,0,0,0,0.0,7.669997109851614,2.4631756164076677
strongly_constrained_moderate,C5,8026,2499,1490,62.083333333333336,59.62384953981593,494.2818657946742,1937.359104004001,491.667982832652,92.1875,79.81882234524409,7.8125,0.2909055399401026,1358.1044779029285,0,3340.0,75.542,8.369722222222233,124.91428160377878,91.49061952140922,33.42366208236955,73.24272160617504,19.15499999999995,3.500901505558063,87.98971801585114,220.19223471458454,3.5,7,10864.835823223428,156,32.69230769230769,74,334,nan,nan,2.030721637449657,2.075977197112672,0,0.29414168142109465,0.5764700920601254,0.04525555966301536,0.7981706440914422,308,0,0,,,,,,308,0.7981706440914422,0.0025914631301670204,0.0017400151118636131,0.0062507831607945255,0.007069937884807587,2.5914631301670203,6.2507831607945255,7.069937884807587,30.584415584415584,150.58116883116884,30.584415584415584,0.0,27.26948051948052,0,0,0,0.0,38.82323664601675,10.226368012032015
strongly_constrained_moderate,C5,8027,2458,1373,57.208333333333336,55.85842148087876,549.0801872665814,1815.1661912338136,546.3118097588493,96.22641509433963,81.57496214033316,3.7735849056603774,0.3079580155251902,1243.8480016503902,0,1710.0,74.59799999999998,8.252916666666678,123.34777012909275,89.95918800113928,33.388582127953455,72.93134517712822,19.358333333333295,2.080658226296688,87.87852977484259,212.244698690959,3.5,7,9950.78401320312,86,25.581395348837212,36,171,nan,nan,2.0942432810827136,2.1703406813627257,0,0.28363576468004503,0.5695531943055678,0.07609740028001209,0.353344383649528,144,0,0,,,,,,144,0.353344383649528,0.0024537804420106113,0.001813829643651843,0.005439231975469736,0.008054490899667144,2.4537804420106113,5.4392319754697365,8.054490899667144,35.833333333333336,173.95833333333334,35.833333333333336,0.0,32.0,0,0,0,0.0,4.886062803462868,1.4168878385592687
strongly_constrained_moderate,C5,8028,2569,1329,55.375,51.73219151420786,771.5972980057544,2655.155124601405,768.9133034720252,93.56136820925553,78.47490347490348,6.438631790744467,0.24781437759273983,1826.57405011641,0,2890.0,77.64800000000002,8.60347222222223,127.92829986174775,91.2008229316571,36.727476930090624,71.29057685454893,19.165683204096347,3.3023948032485424,87.89842812840857,265.626435625242,3.5,7,14612.59240093128,126,21.428571428571427,59,289,nan,nan,2.05470030971033,2.1151849152851163,0,0.3689196574968118,0.6452577648380693,0.06048460557478594,0.8761648265644908,264,0,0,,,,,,264,0.8761648265644908,0.0033188061612291317,0.0026342414785176516,0.006438587687443941,0.008181869052350521,3.3188061612291317,6.438587687443941,8.181869052350521,28.977272727272727,143.87878787878788,28.977272727272727,0.0,26.303030303030305,0,0,0,0.0,90.49341842199556,23.871316154458032
strongly_constrained_moderate,C5,8029,2415,1268,52.833333333333336,52.50517598343686,814.2193033983302,3144.174997959488,811.7962792491717,93.24055666003976,73.48326359832636,6.759443339960239,0.2306773022287325,2254.482170296744,0,4280.0,73.32199999999997,8.110555555555564,128.71011276647795,89.73910339655983,38.97100936991812,69.72187458135149,19.234850524797427,5.266934997164322,84.47216839939551,301.0010245220056,3.5,7,18035.85736237395,238,42.857142857142854,88,428,nan,nan,2.1252207385067168,2.127304113176849,0,0.2597670588702157,0.5350718123282456,0.002083374670132347,1.2237809316720814,404,0,0,,,,,,404,1.2237809316720814,0.0030291607219605976,0.0021418750984594226,0.0071729234419763074,0.01039109705016017,3.0291607219605976,7.172923441976307,10.39109705016017,34.67821782178218,168.54207920792078,34.67821782178218,0.0,30.353960396039604,0,0,0,0.0,122.03065562895831,29.185950571359307
strongly_constrained_moderate,C5,8030,2556,1002,41.75,39.201877934272304,882.6441780390811,2351.4819474401934,879.9634577729342,93.9047619047619,80.05908419497784,6.095238095238095,0.251194629118151,1698.9242775866685,0,2430.0,76.95800000000003,8.539305555555563,125.22801991828354,90.49632887558995,34.73169104269361,72.26523978790253,19.154999999999934,2.45536401355656,88.04096486203338,244.04429670547918,3.5,7,13591.394220693348,103,33.00970873786408,63,243,nan,nan,2.0359250611314375,2.109117317203214,0,0.22564394844735342,0.4927901958809965,0.07319225607177658,0.5593032699543983,218,0,0,,,,,,218,0.5593032699543983,0.002565611330066047,0.0018162115011364222,0.005303031404037025,0.008320054970681667,2.565611330066047,5.303031404037025,8.320054970681667,30.412844036697248,149.89449541284404,30.412844036697248,0.0,27.24770642201835,0,0,0,0.0,7.047263454867683,2.370361281276401
strongly_constrained_moderate,C5,8031,2459,1119,46.625,45.506303375355834,804.0171238486131,2839.4852508692215,801.2875820021702,94.75728155339806,80.50411522633745,5.242718446601942,0.2448644504399026,1958.8647591873219,0,2120.0,74.33800000000002,8.236111111111121,122.98460263115922,86.82978564335777,36.154816987801425,70.60215977098152,19.222777777777676,2.404051060717349,84.42573458264043,274.4344430884546,3.5,7,15670.918073498575,110,31.818181818181817,43,212,nan,nan,1.9975269688312798,2.013708267599028,0,0.3359698119643543,0.6086059724459228,0.016181298767748264,0.40901625622063875,188,0,0,,,,,,188,0.40901625622063875,0.002175618384152334,0.0017695230199024081,0.004495654115453364,0.006967268884181976,2.175618384152334,4.495654115453364,6.967268884181976,36.62234042553192,177.4787234042553,36.62234042553192,0.0,32.340425531914896,0,0,0,0.0,0.018116476120752248,0.012122039257855433
strongly_constrained_moderate,C5,8032,2553,1309,54.541666666666664,51.27301214257736,716.5464801574383,2304.4313828388163,713.7497239409702,97.79411764705883,84.3205574912892,2.2058823529411766,0.26612080337253374,1536.6598142415246,0,1520.0,77.27000000000002,8.557222222222231,119.90298437524011,86.141092689443,33.76189168579712,71.84232580889044,19.22277777777773,1.6253527216984913,84.51573996774451,236.59236677491364,3.5,7,12293.278513932197,67,17.91044776119403,34,152,nan,nan,2.2095127755511026,2.242015280561122,0,0.24348697394789579,0.5035787942733082,0.03250250501002004,0.3416872143279761,128,0,0,,,,,,128,0.3416872143279761,0.0026694313619373133,0.0018281533848494291,0.006070213345810771,0.0073052360676229,2.6694313619373133,6.070213345810771,7.3052360676229,35.859375,174.984375,35.859375,0.0,31.625,0,0,0,0.0,16.10120385214495,4.132464189540316
strongly_constrained_moderate,C5,8033,2553,1371,57.125,53.701527614571084,556.3985769852903,1662.981370960617,553.7262791409488,93.07692307692308,80.57058534185933,6.923076923076923,0.31279466696582237,1133.2624937718815,0,3160.0,77.07000000000002,8.543333333333342,119.66770497393664,88.24387213800324,31.42383283593339,73.74075750614801,19.221757285081104,3.75875496891076,84.48511716909248,195.1809330940088,3.5,7,9066.099950175052,151,22.516556291390728,69,316,nan,nan,2.0812721333077113,2.1044554863150964,0,0.2689351305350427,0.5371739604188771,0.023183353007384624,0.7379465827252716,286,0,0,,,,,,286,0.7379465827252716,0.0025802328067317188,0.0017817639745771885,0.005742445006035268,0.00856060185469687,2.580232806731719,5.742445006035268,8.56060185469687,30.314685314685313,149.43356643356643,30.314685314685313,0.0,27.17132867132867,0,0,0,0.0,42.00113835732444,10.769451885101327
strongly_constrained_moderate,C5,8034,2425,1389,57.875,57.27835051546391,572.7152447995545,3249.534648992302,570.1834636248173,94.05737704918032,75.58079504388229,5.942622950819672,0.2331736950318172,1816.368025216333,0,3060.0,73.578,8.140833333333342,126.6680727052285,88.04189084673337,38.626181858495116,69.50598439404475,19.187222222222147,3.6042031133116277,84.43768773342174,307.9597024633254,3.5,7,14530.944201730666,148,27.7027027027027,76,306,nan,nan,2.12467488167825,2.126849443567987,0,0.23131369121221165,0.5083526761191874,0.0021745618897369267,0.9704409269616008,282,0,0,,,,,,282,0.9704409269616008,0.003441279882842556,0.0022598090581595898,0.007320843567140399,0.010923686902970076,3.4412798828425557,7.3208435671403995,10.923686902970076,31.01063829787234,152.71985815602838,31.01063829787234,0.0,27.94326241134752,0,0,0,0.0,59.79353843393699,16.65478186611194
strongly_constrained_moderate,C5,8035,2473,1048,43.666666666666664,42.37767893247069,949.41892177677,2030.3640945574396,946.6072250780863,95.49180327868852,83.42569269521411,4.508196721311475,0.29298619764715295,1596.0341506739835,0,2120.0,74.786,8.284722222222232,119.7560561698938,86.74858926402214,33.00746690587166,72.43774723255324,19.258621526794375,2.3093521247279676,84.43923713929418,223.67969021047028,3.5,7,12768.273205391872,89,32.58426966292135,48,212,nan,nan,2.197075001065962,2.1995693514688957,0,0.25883682258133284,0.5231166614404805,0.002494350402933528,0.6910929614678025,188,0,0,,,,,,188,0.6910929614678025,0.0036760263907861836,0.0031867161160334945,0.00690926902461797,0.008735619951039553,3.6760263907861837,6.90926902461797,8.735619951039553,31.356382978723403,154.1968085106383,31.356382978723403,0.0,27.888297872340427,0,0,0,0.0,65.59232667871714,15.316015125385496
strongly_constrained_moderate,C5,8036,2567,997,41.541666666666664,38.839111803661865,1215.5938335763485,3872.114532822321,1212.8526316167874,95.94594594594594,81.45436798438263,4.054054054054054,0.1526726821165496,2747.7757652500773,0,1830.0,77.35600000000001,8.580694444444452,132.2339584832043,89.85072256279638,42.38323592040794,67.94829678656922,19.27611111111106,1.911710479102389,87.93901208369398,356.44605114007646,3.5,7,21982.206122000618,79,16.455696202531644,39,183,nan,nan,2.111590269145887,2.187767940945182,0,0.23553435985895843,0.5000929323761127,0.07617767179929479,0.3617217242717743,158,0,0,,,,,,158,0.3617217242717743,0.0022893780017200905,0.0017738394672051072,0.005011937476228923,0.00705358013510704,2.2893780017200904,5.011937476228923,7.05358013510704,32.278481012658226,158.5126582278481,32.278481012658226,0.0,29.5126582278481,0,0,0,0.0,1.7016846720136654,0.6066337434473228
strongly_constrained_moderate,C5,8037,2453,1319,54.958333333333336,53.770892784345705,522.1956123362378,1862.5488622458515,519.6226027679722,90.47619047619048,75.93908629441624,9.523809523809524,0.3084369610899391,1180.1102565832887,0,3690.0,73.82799999999999,8.193194444444453,117.18790243228182,85.60122918490484,31.586673247377,73.04613139088342,19.127639810240318,4.604341103018145,80.99688808188668,212.5559866836043,3.5,7,9440.88205266631,190,18.421052631578945,87,369,nan,nan,2.1610967599939768,2.2302871639232227,0,0.2576134928817172,0.5374056988255976,0.06919040392924578,0.9791392888873816,346,0,0,,,,,,346,0.9791392888873816,0.002829882337824802,0.0018586245132610202,0.006750955421011895,0.008098051883280277,2.829882337824802,6.750955421011895,8.098051883280277,33.164739884393065,162.0028901734104,33.164739884393065,0.0,28.927745664739884,0,0,0,0.0,40.58676772009853,10.610697698393588
strongly_constrained_moderate,C5,8038,2532,1278,53.25,50.4739336492891,681.2287902717437,2146.6850087978596,678.6243257475409,92.10019267822736,78.83755588673623,7.89980732177264,0.27036513875576407,1426.6204975645994,0,3410.0,76.566,8.48208333333334,121.25211000063754,88.39952073537246,32.852589265265074,72.90555251773158,19.239091858905528,3.9681709154608735,84.43134981991159,232.04122232872203,3.5,7,11412.963980516792,169,27.218934911242602,76,341,nan,nan,2.128351339903783,2.1122687014407364,0,0.32628032089415426,0.6082173571797351,-0.016082638463045966,0.9453459202777594,317,0,0,,,,,,317,0.9453459202777594,0.0029821637863651717,0.002153323031961918,0.005777490790933371,0.00799798988737166,2.9821637863651715,5.777490790933371,7.997989887371659,32.3186119873817,158.33753943217667,32.3186119873817,0.0,28.517350157728707,0,0,0,0.0,91.1585537206082,23.713359404971698
strongly_constrained_moderate,C5,8039,2544,1445,60.208333333333336,56.80031446540881,490.58759511670473,1834.9900157325803,487.864407287229,95.28130671506352,81.28449573507275,4.71869328493648,0.2949148603883086,1161.0754937089828,0,1500.0,76.616,8.500555555555563,117.5345951289284,85.96104161957247,31.57355350935594,73.13679987179805,19.35833333333326,1.5474506050494217,84.41359101452304,210.7347783560198,3.5,7,9288.603949671862,62,14.516129032258066,35,150,nan,nan,2.2732130928523713,2.2451569806279226,0,0.2675827846168528,0.5512068193134562,-0.02805611222444889,0.29180497070774436,126,0,0,,,,,,126,0.29180497070774436,0.002315912465934479,0.0017945109866559505,0.005138294363860041,0.006709708832204342,2.3159124659344794,5.138294363860041,6.709708832204342,32.5,159.515873015873,32.5,0.0,29.53968253968254,0,0,0,0.0,1.6155290651596212,0.4821271424323789
strongly_constrained_moderate,C5,8040,2492,1578,65.75,63.32263242375602,413.18868740974307,2617.8307960148154,410.5163272521222,94.5631067961165,80.32372281234194,5.436893203883495,0.24147036473667405,1709.7396842879689,0,2560.0,74.96800000000002,8.321111111111119,127.90393388248674,90.92325092353249,36.980682958954226,71.0871418599754,19.169444444444363,2.940516482824423,87.98273444070807,265.7658934903364,3.5,7,13677.917474303751,146,19.863013698630137,55,256,nan,nan,2.042032116180413,2.1220883325091746,0,0.2999245243734221,0.5736507580928318,0.08005621632876142,0.58520249533467,229,0,0,,,,,,229,0.58520249533467,0.00255546941194179,0.0018759779632091522,0.0057423221413046115,0.009300878969952464,2.55546941194179,5.742322141304611,9.300878969952464,37.2707423580786,180.0873362445415,37.2707423580786,0.0,32.34934497816594,0,0,0,0.0,11.233615194172451,3.6976577053137634
strongly_constrained_moderate,C5,8041,2507,1280,53.333333333333336,51.05704028719585,811.9008409023954,2675.703215479844,809.3432989195342,90.64327485380117,75.52657973921765,9.35672514619883,0.2363922838556431,1902.190549984389,0,2920.0,75.66999999999997,8.38861111111112,124.21694141881453,87.93575807985319,36.28118333896133,70.79208123742612,19.175389959517357,3.5112433596092303,84.42451472024396,265.97964977341246,3.5,7,15217.52439987511,149,19.463087248322147,62,292,nan,nan,2.159213950288637,2.1658540962522057,0,0.23016181616965273,0.4950346016089516,0.006640145963568931,0.8184358631260693,268,0,0,,,,,,268,0.8184358631260693,0.003053865160918169,0.0021532520186156034,0.006741128547582775,0.009347415994852781,3.053865160918169,6.741128547582775,9.347415994852781,35.31716417910448,171.98880597014926,35.31716417910448,0.0,31.567164179104477,0,0,0,0.0,15.741746346580058,4.727464484393276
strongly_constrained_moderate,C5,8042,2502,1303,54.291666666666664,52.078337330135895,620.1963599878054,1513.1175167453314,617.6500278505941,92.29249011857708,77.20440881763527,7.707509881422925,0.3308196003034415,1110.5753910288938,0,3660.0,75.96000000000002,8.402500000000007,115.50461011101771,85.00871404722058,30.495896063797144,73.59768061682917,19.23722222222214,4.052982502977557,80.95573154424302,187.84431975724678,3.5,7,8884.603128231149,194,25.773195876288657,86,366,nan,nan,1.9737492477666705,2.0155354440659745,0,0.26705305655041867,0.5365507635547727,0.041786196299304156,1.1048424420878291,343,0,0,,,,,,343,1.1048424420878291,0.0032211149915097057,0.0021600930485874414,0.006753263319842516,0.009014924988150597,3.2211149915097055,6.753263319842516,9.014924988150597,35.37900874635569,171.62099125364432,35.37900874635569,0.0,30.44606413994169,0,0,0,0.0,92.30005118555651,19.469728973836627
strongly_constrained_moderate,C5,8043,2464,1590,66.25,64.52922077922078,406.35828123765884,1748.8180715569192,403.92950718321623,89.86083499005964,72.36104028556859,10.139165009940358,0.3185062390255196,1110.1655043331218,0,4240.0,75.04399999999998,8.291388888888898,121.89389237055069,89.82049159062568,32.073400779924995,73.68744228593206,19.18722222222214,5.308093504695805,84.51239808592987,202.97278655736207,3.5,7,8881.324034664976,213,15.023474178403756,91,424,nan,nan,2.1869038076152303,2.224929859719439,0,0.3120541082164329,0.5939140380584323,0.03802605210420842,1.2900975437369198,396,0,0,,,,,,396,1.2900975437369198,0.0032578220801437368,0.002226768061518669,0.006470545020420104,0.008137630997225642,3.257822080143737,6.470545020420104,8.137630997225642,32.46212121212121,158.78787878787878,32.46212121212121,0.0,28.487373737373737,0,0,0,0.0,99.17821619485159,25.01202419842999
strongly_constrained_moderate,C5,8044,2549,1709,71.20833333333333,67.04590035307963,375.2423552956934,1502.0257159316945,372.68336928159295,92.01451905626135,78.67867867867868,7.985480943738657,0.32592517119966563,925.3365162473308,0,3220.0,76.94199999999998,8.529444444444456,119.92391823060416,88.58575965327717,31.33815857732698,73.86829996909691,19.16382949134964,4.136213104161341,84.44954654911584,185.2320852624898,3.5,7,7402.692129978646,161,20.496894409937887,78,322,nan,nan,2.169331952495596,2.1859154550712168,0,0.2953154631410472,0.5710719877682946,0.016583502575621047,1.1007616915740073,297,0,0,,,,,,297,1.1007616915740073,0.0037062683217980045,0.003294035792350769,0.0068264778703451155,0.009182247100397944,3.7062683217980044,6.826477870345116,9.182247100397944,31.767676767676768,155.6228956228956,31.767676767676768,0.0,28.006734006734007,0,0,0,0.0,96.74853328106624,21.432206032789928
strongly_constrained_moderate,C5,8045,2519,1023,42.625,40.61135371179039,878.1109230805112,2569.983474575155,875.4964092013137,92.5,78.13906953476739,7.5,0.23790193519747743,1810.1868461993154,0,3010.0,76.02400000000002,8.428194444444454,127.99223226255255,91.29417791389358,36.69805434865898,71.32790506116055,19.169444444444345,3.2907641749421312,88.00341373895142,261.3774234392481,3.5,7,14481.494769594521,142,22.535211267605636,67,301,nan,nan,1.9580029624466324,2.0129824867125556,0,0.2918009932909297,0.5644578411431307,0.05497952426592315,0.8197454966139048,276,0,0,,,,,,276,0.8197454966139048,0.002970092379035887,0.0021496594417840242,0.005992890219204128,0.009468931937590241,2.970092379035887,5.992890219204128,9.468931937590241,31.41304347826087,154.3586956521739,31.41304347826087,0.0,27.905797101449274,0,0,0,0.0,55.64449387910818,14.42005210775511
strongly_constrained_moderate,C5,8046,2528,1387,57.791666666666664,54.86550632911392,645.3692469143564,2742.1434005914602,642.6133258480226,97.77327935222672,80.97345132743364,2.2267206477732793,0.25036717917177487,1924.6848314305164,0,1970.0,76.56600000000002,8.477083333333342,131.15661660366234,93.57002714842568,37.58658945523668,71.34220870547593,19.208333333333258,2.111695946595182,91.45833120183046,273.568430566183,3.5,7,15397.47865144413,88,32.95454545454545,43,197,nan,nan,2.1684421474528004,2.2185775058889714,0,0.27444362409028583,0.5634941656320586,0.05013535843617059,0.4650790891610086,168,0,0,,,,,,168,0.4650790891610086,0.00276832791167267,0.0017457830253988504,0.005648854607716203,0.006392053095623851,2.76832791167267,5.648854607716203,6.392053095623851,32.32142857142857,158.7202380952381,32.32142857142857,0.0,29.595238095238095,0,0,0,0.0,79.73054503905605,18.960470398939055
strongly_constrained_moderate,C5,8047,2542,1402,58.416666666666664,55.15342250196695,593.6435817223833,2358.3894772273875,590.9396913546061,91.94499017681729,81.45597638957206,8.055009823182711,0.2445321370035504,1488.2650844185998,0,3050.0,76.482,8.488750000000008,126.2288686777203,91.10564669973293,35.12322197798737,72.17496889110066,19.34239020490192,3.1827137897503563,87.92293290998258,251.3187348416042,3.5,7,11906.1206753488,147,12.244897959183673,73,305,nan,nan,1.9683366733466938,2.0858288004580587,0,0.3313484111079302,0.604241103926731,0.11749212711136559,0.7408554130233824,280,0,0,,,,,,280,0.7408554130233824,0.002645912189369223,0.0017853020690381527,0.0061013269005343335,0.008498101029545069,2.645912189369223,6.101326900534334,8.498101029545069,30.696428571428573,151.23214285714286,30.696428571428573,0.0,28.064285714285713,0,0,0,0.0,28.777352498949433,7.365911258518424
strongly_constrained_moderate,C5,8048,2611,1301,54.208333333333336,49.82765224052088,643.2131331833143,2127.4865727676793,640.374397855248,97.09302325581395,81.05011933174224,2.9069767441860463,0.25835519707783705,1413.3815499365326,0,1200.0,78.87,8.740833333333342,126.88018726743566,92.39747613616402,34.482711131271664,72.82261961153192,19.308333333333273,0.9889629111644569,91.40851322499955,230.67695344884146,3.5,7,11307.052399492262,37,27.027027027027028,27,120,nan,nan,2.140920138148638,2.18594636080672,0,0.3036711721314971,0.60301861851023,0.04502622265808212,0.19531475706025958,94,0,0,,,,,,94,0.19531475706025958,0.0020778165644708465,0.0015136371366679668,0.004694748285692182,0.008105804910883307,2.0778165644708464,4.694748285692182,8.105804910883307,28.24468085106383,141.40425531914894,28.24468085106383,0.0,26.80851063829787,0,0,0,0.0,0.3234508357126136,0.13070352304281643
strongly_constrained_moderate,C5,8049,2520,901,37.541666666666664,35.75396825396825,941.7470037560836,1965.5025568030203,939.0265753952906,94.98997995991984,81.59327065809006,5.01002004008016,0.29507457270036047,1515.7636874382804,0,2550.0,75.84600000000002,8.417083333333341,116.65605265050128,83.75857230340003,32.897480347101265,71.79959410622155,19.13722222222217,2.873047789846276,80.88552451355376,213.94034183971172,3.5,7,12126.10949950624,106,31.132075471698112,58,255,nan,nan,2.1510607421740033,2.208796904153134,0,0.2694008707069311,0.5474278348480824,0.05773616197913068,0.6608728787396103,232,0,0,,,,,,232,0.6608728787396103,0.0028485899945672856,0.0018168414244428277,0.006454078981187194,0.00977251399308443,2.8485899945672855,6.454078981187195,9.77251399308443,32.52155172413793,159.7198275862069,32.52155172413793,0.0,29.90948275862069,0,0,0,0.0,18.241341012835473,5.986567603613178
strongly_constrained_moderate,C5,8050,2410,1395,58.125,57.8838174273859,570.4747934950292,1848.8632683108349,567.8019233108988,91.45299145299145,79.1967044284243,8.547008547008547,0.3148280151498197,1204.352637143854,0,2530.0,72.76599999999999,8.065694444444452,115.58816040499647,83.58276334284982,32.005397062146656,72.31083447473642,19.144121142188272,2.631470799049215,80.9512925438006,213.41536565792202,3.5,7,9634.821097150832,114,28.07017543859649,64,253,nan,nan,2.1991461183236045,2.1977868781040346,0,0.2838720920101072,0.5673205992816251,-0.001359240219569581,0.562643340555951,230,0,0,,,,,,230,0.562643340555951,0.0024462753937215262,0.0017494590720161796,0.00552883627824485,0.008230085019022226,2.446275393721526,5.52883627824485,8.230085019022226,32.28260869565217,158.61739130434782,32.28260869565217,0.0,28.556521739130435,0,0,0,0.0,11.353607375209437,3.536319598076648
strongly_constrained_moderate,C5,8051,2457,1243,51.791666666666664,50.59015059015059,706.6081302028343,2043.8346980728788,703.9816918986163,93.70932754880694,75.10020040080161,6.29067245119306,0.29407032516738896,1494.6441599895459,0,3760.0,74.55,8.248333333333344,117.79943290655078,85.4249083564556,32.374524550095174,72.51724923346822,19.133888888888848,4.395778064007219,81.02913029244837,223.49373986608882,3.5,7,11957.153279916367,228,28.947368421052634,97,376,nan,nan,2.097821705734415,2.146190397792753,0,0.2629621849932159,0.5237533887929737,0.04836869205833764,1.225776464678347,353,0,0,,,,,,353,1.225776464678347,0.0034724545741596237,0.002204827032983303,0.007583767315372825,0.009934587869793177,3.4724545741596238,7.583767315372825,9.934587869793177,37.60623229461756,181.47025495750708,37.60623229461756,0.0,31.43342776203966,0,0,0,0.0,199.87723671498128,42.16349443526562
strongly_constrained_moderate,C5,8052,2483,1178,49.083333333333336,47.44260974627467,781.1922462982885,2837.241500383434,778.4532328938375,96.85658153241651,81.45896656534954,3.143418467583497,0.21976986159796633,2007.896680603169,0,1950.0,75.49600000000001,8.346527777777787,126.39066903413445,89.97473664796759,36.41593238616687,71.1877999662048,19.137222222222125,1.973982169070249,88.00075447889735,279.32299961051575,3.5,7,16063.173444825352,85,35.294117647058826,46,195,nan,nan,2.0947306377460806,2.1883060238123306,0,0.28355534598608984,0.5504652261721925,0.09357538606625015,0.5018764054402709,170,0,0,,,,,,170,0.5018764054402709,0.0029522141496486523,0.001819260069169104,0.007001832698006182,0.010952905984595418,2.9522141496486523,7.001832698006182,10.952905984595418,33.088235294117645,162.1,33.088235294117645,0.0,29.13529411764706,0,0,0,0.0,87.7634547454718,19.692303979417744
strongly_constrained_moderate,C5,8053,2509,1216,50.666666666666664,48.46552411319251,624.919543443265,1568.6135196796206,622.2209743036517,95.59386973180077,80.47307498741823,4.406130268199234,0.3222973592209645,1006.4177472883821,0,2210.0,76.08400000000003,8.419861111111121,114.05903875340812,83.46005816547795,30.598980587930182,73.17268239119203,19.13722222222213,2.511609896590387,80.94844826888755,193.68989040100615,3.5,7,8051.341978307055,110,18.181818181818183,53,221,nan,nan,2.184915285115686,2.2912491649966604,0,0.23726240359506892,0.513907030748126,0.10633387988097406,0.4351089601404965,198,0,0,,,,,,198,0.4351089601404965,0.0021975200007095783,0.0017515515210106969,0.004987848596647381,0.006271408870816231,2.1975200007095785,4.987848596647381,6.271408870816231,33.86363636363637,165.35353535353536,33.86363636363637,0.0,29.762626262626263,0,0,0,0.0,4.564324386294831,1.7018403737832262
strongly_constrained_moderate,C5,8054,2496,1372,57.166666666666664,54.96794871794872,742.3178065204063,2697.0271371946997,739.5722214175305,96.11451942740287,80.66766317887394,3.885480572597137,0.2507154703326034,1858.4357638959934,0,2610.0,75.47,8.36097222222223,122.71951078744637,87.08946911415275,35.63004167329363,70.96627794173182,19.13388888888886,2.6140367027755396,84.4754324113772,270.3661291978243,3.5,7,14867.486111167947,130,15.384615384615385,73,261,nan,nan,2.0144339311534463,2.051825169325994,0,0.2985718271987012,0.5650406586613785,0.03739123817254763,0.850872149458155,237,0,0,,,,,,237,0.850872149458155,0.003590177845815,0.003562700003385544,0.006445292150601744,0.009092746069654822,3.590177845815,6.445292150601744,9.092746069654822,34.55696202531646,168.40084388185653,34.55696202531646,0.0,30.008438818565402,0,0,0,0.0,65.19480638154674,16.687404128047078
strongly_constrained_moderate,C5,8055,2539,1285,53.541666666666664,50.610476565577,804.587970759164,2445.6673704461364,801.6281283165107,96.52351738241309,86.39024390243902,3.476482617586912,0.2429684480802478,1656.0552382307296,0,1520.0,76.72600000000003,8.501944444444455,125.10377640154886,89.60323929151721,35.500537110031644,71.6231291083615,19.154999999999898,1.6028374760222597,88.00040181549495,252.9863526469129,3.5,7,13248.441905845837,76,22.36842105263158,25,152,nan,nan,2.0481119719754473,2.0344784056301584,0,0.32038880911429163,0.5811700511561306,-0.013633566345289018,0.2606158214621246,127,0,0,,,,,,127,0.2606158214621246,0.0020520930823789336,0.0017064479179680347,0.0039629997685551605,0.0057662250474095345,2.0520930823789336,3.9629997685551603,5.7662250474095345,36.14173228346457,175.11023622047244,36.14173228346457,0.0,31.62992125984252,0,0,0,0.0,0.0007645991611905933,0.015313966872801565
strongly_constrained_moderate,C5,8056,2554,1411,58.791666666666664,55.246671887235706,651.7427386752499,2629.5453358254376,648.7130140798706,98.15195071868584,88.77600387034349,1.8480492813141685,0.2274701615657292,1918.8306102937026,0,890.0,76.18200000000002,8.482916666666675,128.71378798833777,92.24906596696118,36.4647220213766,71.66991773664489,19.16944444444437,0.6904281287654285,91.55863783819575,265.5453127473392,3.5,7,15350.64488234962,24,29.166666666666668,21,89,nan,nan,2.038267010210898,1.8991315965263862,0,0.25823074720870315,0.4879749231511749,-0.1391354136845119,0.16856275033205748,63,0,0,,,,,,63,0.16856275033205748,0.00267559921161996,0.0017660930752754211,0.005182002275250852,0.005881486926227808,2.6755992116199603,5.182002275250852,5.881486926227808,29.523809523809526,147.0,29.523809523809526,0.0,27.206349206349206,0,0,0,0.0,11.378693239241018,3.5132455236259865
strongly_constrained_severe,C1,8007,2157,978,40.75,45.34075104311544,1086.1217549908934,13726.424247531753,1082.7305718097678,94.86552567237165,88.04347826086956,5.134474327628362,0.057929368461090695,2665.096401085469,0,290.0,51.87799999999983,6.298888888888892,139.16336181422022,58.51938760841114,80.64397420580907,42.050857959678446,29.264999999999958,0.0,58.51938760841114,1040.099138092093,0,0,15990.578406512817,0,0,0,29,0.3,0.7,0.0,0.0,0.0,0.0,0.0,0.0,0.0,0,0,0,,,,,,,,,,,,,,,,,,,,,,,,,
strongly_constrained_severe,C1,8008,2130,918,38.25,43.098591549295776,5841.161535700825,22256.496150237206,5837.823751369879,96.36363636363636,86.27218934911242,3.6363636363636362,0.030398967300287117,18217.492202813508,0,280.0,51.16399999999983,6.215555555555562,175.24214052272612,56.43474245011229,118.80739807261386,32.20386505310554,29.310374925509468,0.0,56.43474245011229,1633.6498859151257,0,0,109304.95321688105,0,0,0,28,0.3,0.7,0.0,0.0,0.0,0.0,0.0,0.0,0.0,0,0,0,,,,,,,,,,,,,,,,,,,,,,,,,
strongly_constrained_severe,C1,8009,2125,562,23.416666666666668,26.447058823529414,8855.844722609952,14180.407034227534,8852.33088026031,97.10843373493975,91.16959064327486,2.891566265060241,0.0,11434.144451805234,0,280.0,50.843999999999845,6.187083333333341,138.8494929911168,56.45668397227735,82.39280901883946,40.66034578598662,29.3361111111111,0.0,56.45668397227735,1070.7556263353065,0,0,68604.8667108314,0,0,0,28,0.3,0.7,0.0,0.0,0.0,0.0,0.0,0.0,0.0,0,0,0,,,,,,,,,,,,,,,,,,,,,,,,,
strongly_constrained_severe,C1,8010,2174,987,41.125,45.400183992640294,6925.691294910271,32758.56870404181,6922.48069178992,93.33333333333333,81.48361127084532,6.666666666666667,0.04082440284274343,20382.375741106665,0,270.0,51.64599999999983,6.304027777777784,220.48644992813226,54.36247127425078,166.12397865388147,24.655697115160716,29.387399807720055,0.0,54.36247127425078,2353.7845973713033,0,0,122294.25444663998,0,0,0,27,0.3,0.7,0.0,0.0,0.0,0.0,0.0,0.0,0.0,0,0,0,,,,,,,,,,,,,,,,,,,,,,,,,
strongly_constrained_severe,C1,8011,2099,925,38.541666666666664,44.06860409718914,1062.383856475207,12708.52133395497,1059.3204120704142,89.27789934354486,80.14616321559073,10.722100656455142,0.05838995763474081,7029.129601855475,0,260.0,50.475999999999836,6.1290277777777815,126.15584691259126,52.37385464985419,73.78199226273708,41.51520197565009,29.271964177571448,0.0,52.37385464985419,961.1107754654948,0,0,42174.77761113285,0,0,0,26,0.3,0.7,0.0,0.0,0.0,0.0,0.0,0.0,0.0,0,0,0,,,,,,,,,,,,,,,,,,,,,,,,,
strongly_constrained_severe,C1,8012,2175,1236,51.5,56.827586206896555,5976.280770773552,32634.8858334932,5972.987945362802,95.07829977628636,86.5162037037037,4.921700223713646,0.02232272457761962,26767.4441626699,0,290.0,51.90199999999983,6.323055555555562,225.58456377787004,58.48628347898856,167.0982802988815,25.92654501687411,29.436111111111117,0.0,58.48628347898856,2352.4984075843377,0,0,160604.66497601938,0,0,0,29,0.3,0.7,0.0,0.0,0.0,0.0,0.0,0.0,0.0,0,0,0,,,,,,,,,,,,,,,,,,,,,,,,,
strongly_constrained_severe,C1,8013,2190,491,20.458333333333332,22.420091324200914,14371.199539268193,23346.740907995983,14367.94434089692,92.5925925925926,84.97978047371461,7.4074074074074066,0.042552988849944705,18997.122556582275,0,290.0,52.47799999999982,6.381805555555559,182.59634983714767,58.412778383746655,124.18357145340102,31.990112855948816,29.411111111111087,0.0,58.412778383746655,1707.1562577650247,0,0,113982.73533949365,0,0,0,29,0.3,0.7,0.0,0.0,0.0,0.0,0.0,0.0,0.0,0,0,0,,,,,,,,,,,,,,,,,,,,,,,,,
strongly_constrained_severe,C1,8014,2185,998,41.583333333333336,45.67505720823799,6325.595435502785,12857.655897253302,6322.333785686816,94.47004608294931,85.89377498572244,5.529953917050691,0.05618917217096303,10270.143125474135,0,280.0,52.72799999999981,6.392916666666671,131.682452580285,56.45811336483699,75.22433921544803,42.87443942496078,29.253237774664626,0.0,56.45811336483699,971.816065569285,0,0,61620.85875284479,0,0,0,28,0.3,0.7,0.0,0.0,0.0,0.0,0.0,0.0,0.0,0,0,0,,,,,,,,,,,,,,,,,,,,,,,,,
strongly_constrained_severe,C1,8015,2167,770,32.083333333333336,35.53299492385787,12717.315589771777,33915.1340916193,12714.11064546971,92.12962962962963,84.38040345821327,7.87037037037037,0.02541651845545273,27718.865645395468,0,290.0,52.05799999999986,6.323888888888895,231.6428196950422,58.46179772933383,173.18102196570834,25.23790627583398,29.350555555555513,0.0,58.46179772933383,2441.668628508732,0,0,166313.1938723728,0,0,0,29,0.3,0.7,0.0,0.0,0.0,0.0,0.0,0.0,0.0,0,0,0,,,,,,,,,,,,,,,,,,,,,,,,,
strongly_constrained_severe,C1,8016,2230,612,25.5,27.443946188340806,14491.430234794403,43322.00255101177,14488.089984987684,94.4954128440367,85.0613154960981,5.5045871559633035,0.027983241575051648,20660.48647256489,0,290.0,53.25399999999981,6.48569444444445,274.0996035756835,58.419890215779986,215.67971335990356,21.313380046406845,29.421666666666646,0.0,58.419890215779986,3089.93674749991,0,0,123962.91883538934,0,0,0,29,0.3,0.7,0.0,0.0,0.0,0.0,0.0,0.0,0.0,0,0,0,,,,,,,,,,,,,,,,,,,,,,,,,
strongly_constrained_severe,C1,8017,2192,741,30.875,33.80474452554745,5371.04125313191,22990.659671528807,5367.67344531056,94.81981981981981,87.29977116704805,5.18018018018018,0.0760650024494093,18720.79612995865,0,290.0,52.70999999999983,6.40041666666667,181.20283229482416,58.49546417924989,122.70736811557425,32.28176041093854,29.28999999999997,0.0,58.49546417924989,1684.572714566841,0,0,112324.7767797519,0,0,0,29,0.3,0.7,0.0,0.0,0.0,0.0,0.0,0.0,0.0,0,0,0,,,,,,,,,,,,,,,,,,,,,,,,,
strongly_constrained_severe,C1,8018,2148,934,38.916666666666664,43.48230912476723,1403.241009874411,3755.322132774161,1399.9255285349795,95.3883495145631,87.09677419354838,4.611650485436893,0.06064120158684938,2659.7997775054746,0,300.0,51.927999999999855,6.291111111111118,95.90214972337998,60.5089520166076,35.393197706772376,63.09446888431546,29.362086833817834,0.0,60.5089520166076,348.7476272313952,0,0,15958.798665032846,0,0,0,30,0.3,0.7,0.0,0.0,0.0,0.0,0.0,0.0,0.0,0,0,0,,,,,,,,,,,,,,,,,,,,,,,,,
strongly_constrained_severe,C1,8019,2214,914,38.083333333333336,41.28274616079494,2454.100965655913,13666.238119884765,2450.8181605186874,93.54066985645932,82.57238307349665,6.4593301435406705,0.044671977746950094,10908.018368484012,0,290.0,53.44599999999984,6.479027777777783,138.40739218304287,58.509310934927655,79.89808124811525,42.273255793700294,29.264999999999986,0.0,58.509310934927655,1031.0975502849687,0,0,65448.11021090406,0,0,0,29,0.3,0.7,0.0,0.0,0.0,0.0,0.0,0.0,0.0,0,0,0,,,,,,,,,,,,,,,,,,,,,,,,,
strongly_constrained_severe,C1,8020,2150,515,21.458333333333332,23.953488372093023,14632.377303252715,34547.2488188466,14629.165376364048,93.70786516853933,84.98533724340176,6.292134831460674,0.0,23316.060021781966,0,280.0,51.643999999999814,6.273888888888894,232.32737955990382,56.44376224267714,175.8836173172267,24.294924838216733,29.275555555555542,0.0,56.44376224267714,2483.1037458062942,0,0,139896.36013069184,0,0,0,28,0.3,0.7,0.0,0.0,0.0,0.0,0.0,0.0,0.0,0,0,0,,,,,,,,,,,,,,,,,,,,,,,,,
strongly_constrained_severe,C1,8021,2088,732,30.5,35.05747126436782,1508.0296637191516,3762.722389487538,1504.6708246591675,95.46599496221663,86.39858072146659,4.534005037783375,0.07357268906394604,2674.4049259235403,0,290.0,50.013999999999854,6.08319444444445,93.49818883508324,58.534281916456756,34.96390691862647,62.60472277137094,29.289999999999992,0.0,58.534281916456756,349.04733714834873,0,0,16046.429555541243,0,0,0,29,0.3,0.7,0.0,0.0,0.0,0.0,0.0,0.0,0.0,0,0,0,,,,,,,,,,,,,,,,,,,,,,,,,
strongly_constrained_severe,C1,8022,2112,775,32.291666666666664,36.69507575757576,7437.952209461376,22791.369239991578,7434.63101042294,96.53579676674366,84.81238832638476,3.4642032332563506,0.050166429441417575,13694.677278185009,0,270.0,50.74999999999984,6.164305555555558,174.55424341099848,54.45454066455211,120.09970274644633,31.196343096819263,29.420151469730516,0.0,54.45454066455211,1666.5534946231896,0,0,82168.06366911005,0,0,0,27,0.3,0.7,0.0,0.0,0.0,0.0,0.0,0.0,0.0,0,0,0,,,,,,,,,,,,,,,,,,,,,,,,,
strongly_constrained_severe,C1,8023,2174,818,34.083333333333336,37.62649494020239,5937.011817976536,22683.15791850486,5933.840061611256,94.02654867256636,83.44947735191639,5.9734513274336285,0.09310894623699946,18661.364630664113,0,280.0,52.347999999999836,6.352777777777781,177.56199096414946,56.374443933604525,121.18754703054495,31.749161871578007,29.386111111111095,0.0,56.374443933604525,1657.997440459336,0,0,111968.18778398469,0,0,0,28,0.3,0.7,0.0,0.0,0.0,0.0,0.0,0.0,0.0,0,0,0,,,,,,,,,,,,,,,,,,,,,,,,,
strongly_constrained_severe,C1,8024,2145,771,32.125,35.94405594405594,7653.467239143909,22487.22954520016,7650.285243338143,92.10526315789474,82.51302837290099,7.894736842105263,0.04722639618691777,18347.764291022824,0,280.0,51.35599999999984,6.247638888888893,175.84225879058496,56.47356291427744,119.36869587630754,32.11603587368225,29.361111111111082,0.0,56.47356291427744,1641.318287398299,0,0,110086.58574613693,0,0,0,28,0.3,0.7,0.0,0.0,0.0,0.0,0.0,0.0,0.0,0,0,0,,,,,,,,,,,,,,,,,,,,,,,,,
strongly_constrained_severe,C1,8025,2122,719,29.958333333333332,33.88312912346842,15349.151085528749,44193.0876046408,15345.691827917257,96.0093896713615,90.68396226415094,3.9906103286384975,0.0,29814.228432070468,0,290.0,51.245999999999846,6.211250000000004,278.5788149108928,58.4631310423138,220.11568386857897,20.986208538870418,29.26499999999998,0.0,58.4631310423138,3155.488029836228,0,0,178885.3705924228,0,0,0,29,0.3,0.7,0.0,0.0,0.0,0.0,0.0,0.0,0.0,0,0,0,,,,,,,,,,,,,,,,,,,,,,,,,
strongly_constrained_severe,C1,8026,2127,939,39.125,44.14668547249647,6679.614816106822,13465.294558720068,6676.307345862418,95.4233409610984,86.92307692307692,4.576659038901601,0.03284334495137107,10598.76063856774,0,290.0,50.99799999999985,6.2002777777777816,137.4232393753178,58.4852043003845,78.93803507493325,42.558452679648354,29.411111111111083,0.0,58.4852043003845,1021.8399120122998,0,0,63592.56383140645,0,0,0,29,0.3,0.7,0.0,0.0,0.0,0.0,0.0,0.0,0.0,0,0,0,,,,,,,,,,,,,,,,,,,,,,,,,
strongly_constrained_severe,C1,8027,2121,588,24.5,27.722772277227726,2670.313109722292,13996.912258149056,2666.932105004078,95.91346153846155,87.91788856304986,4.086538461538462,0.028004143042261825,11342.363184045891,0,290.0,51.46999999999983,6.225555555555557,140.77029504043847,58.56425704428136,82.20603799615711,41.60270959683495,29.25840187137572,0.0,58.56425704428136,1057.1719440587922,0,0,68054.17910427535,0,0,0,29,0.3,0.7,0.0,0.0,0.0,0.0,0.0,0.0,0.0,0,0,0,,,,,,,,,,,,,,,,,,,,,,,,,
strongly_constrained_severe,C1,8028,2166,722,30.083333333333332,33.33333333333333,7385.3002472911285,23373.04038699492,7381.990041875453,95.02369668246445,83.65825688073394,4.976303317535545,0.06338891401455458,18827.728643746454,0,280.0,51.951999999999835,6.315277777777785,181.1775364683479,56.32521949403804,124.85231697430987,31.088412278902013,29.37587992308947,0.0,56.32521949403804,1708.9882775656956,0,0,112966.37186247873,0,0,0,28,0.3,0.7,0.0,0.0,0.0,0.0,0.0,0.0,0.0,0,0,0,,,,,,,,,,,,,,,,,,,,,,,,,
strongly_constrained_severe,C1,8029,2080,908,37.833333333333336,43.65384615384615,6443.515036296865,22854.164867842926,6440.369245500576,93.19727891156462,83.64856619890178,6.802721088435375,0.043186772608685066,18515.394456633214,0,270.0,50.169999999999845,6.0840277777777825,175.4138580582502,54.46540481441034,120.94845324383984,31.049659027694293,29.275555555555517,0.0,54.46540481441034,1667.2230053209294,0,0,111092.3667397993,0,0,0,27,0.3,0.7,0.0,0.0,0.0,0.0,0.0,0.0,0.0,0,0,0,,,,,,,,,,,,,,,,,,,,,,,,,
strongly_constrained_severe,C1,8030,2182,721,30.041666666666668,33.04307974335472,18702.664436993266,33794.43186941994,18699.3584282043,94.74835886214443,86.66666666666667,5.25164113785558,0.015696378944608562,27742.374300425567,0,300.0,52.19199999999984,6.351944444444448,233.5108746147718,60.470597365237836,173.04027724953397,25.8962660582714,29.26499999999999,0.0,60.470597365237836,2432.7296983382685,0,0,166454.24580255334,0,0,0,30,0.3,0.7,0.0,0.0,0.0,0.0,0.0,0.0,0.0,0,0,0,,,,,,,,,,,,,,,,,,,,,,,,,
strongly_constrained_severe,C1,8031,2117,932,38.833333333333336,44.024563060935286,4372.213804764802,12846.669095996385,4368.887235750959,92.85714285714286,88.23529411764706,7.142857142857142,0.09220887841129242,10491.652805451718,0,280.0,50.939999999999856,6.183750000000005,131.6812426589749,56.41647415235617,75.2647685066187,42.843212148644646,29.386111111111102,0.0,56.41647415235617,977.5237485136759,0,0,62949.91683271031,0,0,0,28,0.3,0.7,0.0,0.0,0.0,0.0,0.0,0.0,0.0,0,0,0,,,,,,,,,,,,,,,,,,,,,,,,,
strongly_constrained_severe,C1,8032,2242,641,26.708333333333332,28.59054415700268,20810.394552043854,42839.776092772096,20806.98114827167,97.63440860215053,90.48958919527294,2.3655913978494625,0.044688274735902644,35391.13718193328,0,290.0,54.073999999999835,6.557638888888897,271.7554666293315,58.47398064921559,213.28148598011592,21.517131329311145,29.264999999999958,0.0,58.47398064921559,3057.4916261393646,0,0,212346.82309159965,0,0,0,29,0.3,0.7,0.0,0.0,0.0,0.0,0.0,0.0,0.0,0,0,0,,,,,,,,,,,,,,,,,,,,,,,,,
strongly_constrained_severe,C1,8033,2216,839,34.958333333333336,37.86101083032491,4841.264386627051,14210.637902076216,4837.926223188514,95.16483516483515,87.9045996592845,4.835164835164836,0.012031219204487166,11413.772991200307,0,300.0,53.12399999999982,6.45916666666667,143.72307956598013,60.52675080703752,83.1963287589426,42.11345247389513,29.419418991997144,0.0,60.52675080703752,1073.6021389353346,0,0,68482.63794720183,0,0,0,30,0.3,0.7,0.0,0.0,0.0,0.0,0.0,0.0,0.0,0,0,0,,,,,,,,,,,,,,,,,,,,,,,,,
strongly_constrained_severe,C1,8034,2101,888,37.0,42.265587815326036,1325.361415105501,3907.5202573875863,1322.0653971995987,95.39951573849879,85.01184834123224,4.600484261501211,0.07288074924139425,2812.3266168653718,0,270.0,50.68199999999986,6.145833333333338,89.2891825938676,54.392503510317994,34.89667908354961,60.91723759833555,29.436111111111114,0.0,54.392503510317994,354.1635286797447,0,0,16873.959701192234,0,0,0,27,0.3,0.7,0.0,0.0,0.0,0.0,0.0,0.0,0.0,0,0,0,,,,,,,,,,,,,,,,,,,,,,,,,
strongly_constrained_severe,C1,8035,2121,710,29.583333333333332,33.47477604903347,4134.403076712241,23634.792226323865,4130.86878389237,98.05825242718447,91.28145114101814,1.9417475728155338,0.03482244914746258,15688.51116926354,0,290.0,50.973999999999855,6.191111111111116,183.95689889083354,58.46462824711858,125.49227064371492,31.781699191294553,29.3718827351794,0.0,58.46462824711858,1727.584831923225,0,0,94131.06701558124,0,0,0,29,0.3,0.7,0.0,0.0,0.0,0.0,0.0,0.0,0.0,0,0,0,,,,,,,,,,,,,,,,,,,,,,,,,
strongly_constrained_severe,C1,8036,2213,445,18.541666666666668,20.10845006778129,10698.384790142738,22803.95862208813,10695.114818019316,95.01133786848072,84.25507900677201,4.988662131519274,0.046668716717701626,18648.131476306415,0,280.0,53.215999999999816,6.461805555555561,177.53851549586759,56.533610781659895,121.0049047142077,31.843011993065684,29.252010303148236,0.0,56.533610781659895,1663.5400457723492,0,0,111888.78885783847,0,0,0,28,0.3,0.7,0.0,0.0,0.0,0.0,0.0,0.0,0.0,0,0,0,,,,,,,,,,,,,,,,,,,,,,,,,
strongly_constrained_severe,C1,8037,2103,772,32.166666666666664,36.7094626723728,1571.58404588141,24026.364765914463,1568.3628330165945,90.84158415841584,83.87286639199529,9.158415841584159,0.03721286360645066,9580.711482533858,0,280.0,50.35599999999984,6.1256944444444485,183.31862665992497,56.45604929973287,126.86257736019213,30.796679163686232,29.2505555555555,0.0,56.45604929973287,1751.6048163211944,0,0,57484.26889520314,0,0,0,28,0.3,0.7,0.0,0.0,0.0,0.0,0.0,0.0,0.0,0,0,0,,,,,,,,,,,,,,,,,,,,,,,,,
strongly_constrained_severe,C1,8038,2142,827,34.458333333333336,38.60877684407097,3004.6948151688166,12624.629843063141,3001.388711832514,92.11711711711712,87.75029446407538,7.882882882882883,0.10602388896281151,10188.690914202507,0,290.0,51.20599999999983,6.233472222222226,133.4510230039117,58.47290954887164,74.97811345504005,43.81600697595079,29.36111111111109,0.0,58.47290954887164,963.656473238629,0,0,61132.14548521505,0,0,0,29,0.3,0.7,0.0,0.0,0.0,0.0,0.0,0.0,0.0,0,0,0,,,,,,,,,,,,,,,,,,,,,,,,,
strongly_constrained_severe,C1,8039,2168,1115,46.458333333333336,51.42988929889298,614.5262644272692,1883.3821061213046,611.1743229927897,95.1167728237792,89.92339422510312,4.8832271762208075,0.17561952971252628,1237.8436340328496,0,280.0,52.083999999999804,6.32694444444445,81.94687787095378,56.43338479123922,25.513493079714564,68.86581436343182,29.32555555555555,0.0,56.43338479123922,214.00822720565037,0,0,7427.061804197098,0,0,0,28,0.3,0.7,0.0,0.0,0.0,0.0,0.0,0.0,0.0,0,0,0,,,,,,,,,,,,,,,,,,,,,,,,,
strongly_constrained_severe,C1,8040,2159,821,34.208333333333336,38.0268642890227,2485.5366865174574,12754.283397237545,2482.165526849548,95.50561797752809,88.68144690781797,4.49438202247191,0.06436500357416934,10402.961523045462,0,300.0,51.70799999999984,6.289583333333338,136.81279338464265,60.57441920371693,76.23837418092569,44.27540561460129,29.27555555555555,0.0,60.57441920371693,974.3168176129333,0,0,62417.76913827278,0,0,0,30,0.3,0.7,0.0,0.0,0.0,0.0,0.0,0.0,0.0,0,0,0,,,,,,,,,,,,,,,,,,,,,,,,,
strongly_constrained_severe,C1,8041,2106,888,37.0,42.16524216524217,8489.14835827343,22296.51241204493,8485.969840342832,92.10526315789474,81.21212121212122,7.894736842105263,0.09115505240320938,18331.695963302413,0,260.0,50.27199999999983,6.123611111111115,170.11059860584987,52.385723521957594,117.7248750838923,30.795096808363194,29.38640445537914,0.0,52.385723521957594,1628.853311639466,0,0,109990.17577981447,0,0,0,26,0.3,0.7,0.0,0.0,0.0,0.0,0.0,0.0,0.0,0,0,0,,,,,,,,,,,,,,,,,,,,,,,,,
strongly_constrained_severe,C1,8042,2156,714,29.75,33.116883116883116,1708.3892613009457,4567.000101080247,1705.0803534901158,94.61358313817331,86.92886061307115,5.386416861826698,0.031161848671200868,3505.2478438566677,0,280.0,51.895999999999866,6.298888888888895,94.68665084124302,56.50840262855185,38.17824821269118,59.679376265295325,29.300555555555558,0.0,56.50840262855185,398.7185500545801,0,0,21031.487063140008,0,0,0,28,0.3,0.7,0.0,0.0,0.0,0.0,0.0,0.0,0.0,0,0,0,,,,,,,,,,,,,,,,,,,,,,,,,
strongly_constrained_severe,C1,8043,2098,998,41.583333333333336,47.569113441372735,4902.508650623684,23567.20335010049,4899.253852083722,93.0622009569378,85.5952380952381,6.937799043062201,0.0096860475582419,19190.038579780627,0,280.0,50.76399999999984,6.147777777777783,181.41402730856743,56.36788262053744,125.04614468802995,31.07140250222284,29.250555555555515,0.0,56.36788262053744,1722.072560637216,0,0,115140.23147868378,0,0,0,28,0.3,0.7,0.0,0.0,0.0,0.0,0.0,0.0,0.0,0,0,0,,,,,,,,,,,,,,,,,,,,,,,,,
strongly_constrained_severe,C1,8044,2146,798,33.25,37.18546132339236,7206.845049569901,22575.541385458786,7203.50417824332,96.96969696969697,87.47030878859857,3.0303030303030303,0.03342572978168029,15176.458625015424,0,280.0,51.41199999999982,6.2527777777777835,176.59063950060863,56.49908745087169,120.09155204973696,31.994384079840742,29.265,0.0,56.49908745087169,1653.52211164235,0,0,91058.75175009253,0,0,0,28,0.3,0.7,0.0,0.0,0.0,0.0,0.0,0.0,0.0,0,0,0,,,,,,,,,,,,,,,,,,,,,,,,,
strongly_constrained_severe,C1,8045,2152,944,39.333333333333336,43.866171003717476,772.3959108924591,1967.9358609670571,769.0563954011712,96.5909090909091,86.2733644859813,3.4090909090909087,0.13221063283379164,1304.9513653327392,0,280.0,51.66399999999983,6.2777777777777795,81.6346033919818,56.35508898907166,25.279514402910134,69.0333346981225,29.375555555555533,0.0,56.35508898907166,221.8429535298833,0,0,7829.708191996437,0,0,0,28,0.3,0.7,0.0,0.0,0.0,0.0,0.0,0.0,0.0,0,0,0,,,,,,,,,,,,,,,,,,,,,,,,,
strongly_constrained_severe,C1,8046,2150,800,33.333333333333336,37.2093023255814,12022.667747322452,53063.27052902795,12019.219824773734,97.58454106280193,89.45852534562212,2.4154589371980677,0.013174611183377436,35475.66864893068,0,300.0,52.01199999999984,6.299444444444448,321.11642267306513,60.499829893772315,260.6165927792928,18.84046583172371,29.311111111111117,0.0,60.499829893772315,3772.465592660091,0,0,212854.01189358401,0,0,0,30,0.3,0.7,0.0,0.0,0.0,0.0,0.0,0.0,0.0,0,0,0,,,,,,,,,,,,,,,,,,,,,,,,,
strongly_constrained_severe,C1,8047,2194,734,30.583333333333332,33.45487693710118,1483.8039441278445,4468.412891651259,1480.635288594848,89.43820224719101,82.04688393367638,10.561797752808989,0.013457545618223687,3107.5020786195496,0,290.0,52.14599999999983,6.363750000000005,96.32755630156007,58.48973184572529,37.83782445583477,60.71962592159936,29.33611111111105,0.0,58.48973184572529,392.53200979863465,0,0,18645.012471717295,0,0,0,29,0.3,0.7,0.0,0.0,0.0,0.0,0.0,0.0,0.0,0,0,0,,,,,,,,,,,,,,,,,,,,,,,,,
strongly_constrained_severe,C1,8048,2253,1056,44.0,46.870838881491345,2424.4210549931768,12249.283550718792,2421.011809417491,96.19686800894854,87.04318936877077,3.803131991051454,0.1221807832615381,9681.419733631099,0,290.0,54.28199999999983,6.585833333333338,131.4582014789496,58.39167871920033,73.06652275974928,44.418437238813574,29.436111111111103,0.0,58.39167871920033,937.7213460248944,0,0,58088.51840178659,0,0,0,29,0.3,0.7,0.0,0.0,0.0,0.0,0.0,0.0,0.0,0,0,0,,,,,,,,,,,,,,,,,,,,,,,,,
strongly_constrained_severe,C1,8049,2127,819,34.125,38.5049365303244,12360.146688634899,22776.207236761093,12356.832690582467,93.61702127659575,86.9718309859155,6.382978723404255,0.00851590528286437,18649.80475877805,0,280.0,50.70399999999985,6.179861111111117,177.7941622237044,56.34228591079858,121.45187631290578,31.689615230396324,29.327658150224483,0.0,56.34228591079858,1664.9110689725924,0,0,111898.82855266829,0,0,0,28,0.3,0.7,0.0,0.0,0.0,0.0,0.0,0.0,0.0,0,0,0,,,,,,,,,,,,,,,,,,,,,,,,,
strongly_constrained_severe,C1,8050,2089,853,35.541666666666664,40.832934418382,1245.1063977351419,3251.8915412679657,1241.537664882778,98.98989898989899,92.8529238038984,1.0101010101010102,0.06820943364180954,2470.7194600589014,0,270.0,50.373999999999825,6.109444444444447,86.177419918863,54.484121253759625,31.693298665103352,63.22319849568139,29.25055555555553,0.0,54.484121253759625,308.11625666150104,0,0,14824.316760353411,0,0,0,27,0.3,0.7,0.0,0.0,0.0,0.0,0.0,0.0,0.0,0,0,0,,,,,,,,,,,,,,,,,,,,,,,,,
strongly_constrained_severe,C1,8051,2102,1088,45.333333333333336,51.76022835394862,928.8510159831917,2985.2080068495084,925.465077649167,95.55555555555556,86.85916322922806,4.444444444444445,0.09629125967381107,2126.4528204443955,0,270.0,50.62999999999984,6.143472222222229,83.69698334124794,54.37306788079256,29.323915460455385,64.9641907153375,29.445789887766665,0.0,54.37306788079256,289.1852955473555,0,0,12758.716922666375,0,0,0,27,0.3,0.7,0.0,0.0,0.0,0.0,0.0,0.0,0.0,0,0,0,,,,,,,,,,,,,,,,,,,,,,,,,
strongly_constrained_severe,C1,8052,2123,896,37.333333333333336,42.20442769665568,1198.4192009124247,13153.05936317139,1195.10693676534,95.8041958041958,85.71428571428572,4.195804195804196,0.053904194173994,9061.55697177507,0,290.0,51.34199999999984,6.219166666666673,136.03284632157334,58.53614016680999,77.49670615476333,43.030886840692965,29.348384019371466,0.0,58.53614016680999,997.840648386467,0,0,54369.34183065041,0,0,0,29,0.3,0.7,0.0,0.0,0.0,0.0,0.0,0.0,0.0,0,0,0,,,,,,,,,,,,,,,,,,,,,,,,,
strongly_constrained_severe,C1,8053,2168,863,35.958333333333336,39.80627306273063,10592.90377282729,32901.28847995363,10589.64658664431,96.07843137254902,86.60035108250439,3.9215686274509802,0.05998901451317095,26915.5963327679,0,280.0,52.51199999999983,6.356666666666672,224.6168509702734,56.44605426042446,168.1707967098489,25.1299285946693,29.250555555555547,0.0,56.44605426042446,2369.191608117874,0,0,161493.57799660738,0,0,0,28,0.3,0.7,0.0,0.0,0.0,0.0,0.0,0.0,0.0,0,0,0,,,,,,,,,,,,,,,,,,,,,,,,,
strongly_constrained_severe,C1,8054,2129,713,29.708333333333332,33.48990136214185,8307.162534003985,33961.817046766846,8303.980429624151,93.34862385321101,83.34317779090372,6.651376146788992,0.034639173396685284,16448.33823364284,0,270.0,51.26199999999983,6.221111111111112,226.79233036158888,54.468261751906326,172.32406860968254,24.01680059685627,29.350555555555545,0.0,54.468261751906326,2440.0210266496633,0,0,98690.02940185704,0,0,0,27,0.3,0.7,0.0,0.0,0.0,0.0,0.0,0.0,0.0,0,0,0,,,,,,,,,,,,,,,,,,,,,,,,,
strongly_constrained_severe,C1,8055,2170,780,32.5,35.944700460829495,1028.4373788112148,12680.634620071827,1024.977392956148,95.30516431924883,90.48165137614679,4.694835680751173,0.05594485516880282,3498.8516203707527,0,280.0,52.36799999999984,6.349166666666674,130.7970231932445,56.492307162643996,74.3047160306005,43.190820236925504,29.275555555555542,0.0,56.492307162643996,962.7902593258891,0,0,20993.109722224515,0,0,0,28,0.3,0.7,0.0,0.0,0.0,0.0,0.0,0.0,0.0,0,0,0,,,,,,,,,,,,,,,,,,,,,,,,,
strongly_constrained_severe,C1,8056,2190,701,29.208333333333332,32.009132420091326,5699.5321511219045,14535.91214196311,5695.988979224374,97.16981132075472,91.84597961494903,2.8301886792452833,0.022259338210953227,11602.61917880004,0,300.0,52.207999999999835,6.363055555555559,145.13298401450982,60.49678442847113,84.63619958603869,41.68369088478392,29.386111111111095,0.0,60.49678442847113,1097.1758117868858,0,0,69615.71507280025,0,0,0,30,0.3,0.7,0.0,0.0,0.0,0.0,0.0,0.0,0.0,0,0,0,,,,,,,,,,,,,,,,,,,,,,,,,
strongly_constrained_severe,C2,8007,2157,951,39.625,44.08901251738526,1110.251614675143,3566.711230639089,1107.069687875264,92.42053789731052,78.54691075514874,7.579462102689487,0.07986902470833664,2230.3665490873054,0,1860.0,52.19199999999983,6.320694444444449,94.85106538301824,61.22999871952223,33.621066663495995,64.55383339372021,19.25370849384603,1.463496982304861,59.76650173721738,331.8870347384582,2.5,5,13382.199294523834,93,16.129032258064516,30,186,nan,nan,1.1860051463874495,1.054167506610855,6,0.32450700217002054,0.5483914960659747,-0.1318376397765946,0.0,0,0,0,,,,,,,,,,,,,,,,,,,,,,,,,
strongly_constrained_severe,C2,8008,2130,769,32.041666666666664,36.10328638497652,1686.4221830065217,5455.710346425816,1683.2465452357605,95.68181818181817,80.23668639053254,4.318181818181818,0.015630597219954755,4012.865790356327,0,1360.0,51.37999999999983,6.230555555555559,107.59534841527223,64.17485356122339,43.42049485404883,59.64463567099182,19.396111111111157,0.9006734521817391,63.27418010904165,463.1117719210137,2.5,5,24077.19474213797,67,20.8955223880597,29,136,nan,nan,1.1040725518834276,1.13372507727319,10,0.237118304405421,0.4319824156590085,0.02965252538976258,0.0,0,0,0,,,,,,,,,,,,,,,,,,,,,,,,,
strongly_constrained_severe,C2,8009,2125,554,23.083333333333332,26.070588235294117,13297.436510953465,19658.30888263777,13294.185098639586,92.7710843373494,82.45614035087719,7.228915662650602,0.10031897059346577,15848.552710587368,0,1500.0,51.087999999999845,6.204027777777785,167.81725237446423,60.889795083388435,106.92745729107577,36.283394121791545,19.264444444444436,1.126818405707475,59.76297667768096,1444.3586857044822,2.5,5,95091.31626352419,86,30.23255813953488,31,150,nan,nan,1.1304865369837418,1.1222595567073999,6,0.21543839558816882,0.42782574252963884,-0.008226980276342161,0.0,0,0,0,,,,,,,,,,,,,,,,,,,,,,,,,
strongly_constrained_severe,C2,8010,2174,711,29.625,32.70469181232751,13091.641074060963,39257.3906134666,13088.554760161003,92.18390804597702,75.96319723979299,7.816091954022989,0.03855287588229012,23405.285927185443,0,1870.0,51.96599999999982,6.326250000000005,258.32679952043173,60.68205460758411,197.6447449128476,23.49042171398272,19.260555555555612,0.8314748820798346,59.85057972550427,2805.483657792625,2.5,5,140431.7155631126,58,41.37931034482759,43,187,nan,nan,0.9981020865259933,0.9810208652599315,3,0.2003418601909702,0.41282413484601,-0.017081221266061538,0.0,0,0,0,,,,,,,,,,,,,,,,,,,,,,,,,
strongly_constrained_severe,C2,8011,2099,794,33.083333333333336,37.827536922343974,909.3744903116196,3377.055850995681,906.4308694818317,87.96498905908096,74.78684531059683,12.035010940919037,0.05201615951516908,2133.1960503620203,0,2740.0,50.97199999999984,6.163472222222225,95.16246237556695,61.878493538743086,33.28396883682387,65.02405674890402,19.278888888888897,2.1204814117912627,59.75801212695182,314.4431273245371,2.5,5,12799.176302172125,126,40.476190476190474,57,274,nan,nan,1.1453022777071653,1.104504729302964,4,0.25414252629773165,0.47848347322892026,-0.04079754840420139,0.0,0,0,0,,,,,,,,,,,,,,,,,,,,,,,,,
strongly_constrained_severe,C2,8012,2175,1222,50.916666666666664,56.18390804597701,608.0587198246895,1980.9359610792114,604.9559751386436,91.2751677852349,81.36574074074075,8.724832214765101,0.1497703751785174,1269.4717587575972,0,2650.0,52.373999999999825,6.355833333333339,88.65388513339285,61.51025570121078,27.143629432182067,69.3824705016137,19.531666666666688,1.7322202051410565,59.77803549606972,220.9393245148765,2.5,5,7616.830552545582,111,18.91891891891892,54,265,nan,nan,1.2203681556661714,1.181750597970134,11,0.2585897601654923,0.48020482503476586,-0.03861755769603724,0.0,0,0,0,,,,,,,,,,,,,,,,,,,,,,,,,
strongly_constrained_severe,C2,8013,2190,1205,50.208333333333336,55.02283105022832,7358.733046878768,20808.209028766618,7355.549076842475,90.41394335511983,82.32235701906411,9.586056644880173,0.02461485849589314,16447.461631099577,0,2080.0,52.83599999999983,6.406666666666671,177.8427744101042,64.57175060596887,113.27102380413533,36.30833516860621,19.485555555555578,1.3003869770298904,63.27136362893897,1530.8421621953858,2.5,5,98684.76978659745,95,13.684210526315791,39,208,nan,nan,1.0144815947684844,1.0081215061702353,15,0.2522202299335513,0.4651111989008985,-0.006360088598249124,0.0,0,0,0,,,,,,,,,,,,,,,,,,,,,,,,,
strongly_constrained_severe,C2,8014,2185,555,23.125,25.400457665903893,17665.664683084146,55840.81905534647,17662.555920853705,92.62672811059907,80.41119360365505,7.373271889400922,0.058817347811703204,34455.831237335085,0,2220.0,53.11599999999982,6.419861111111115,339.2601191628282,64.72603003150364,274.53408913132455,19.07858494868898,19.521111111111136,1.4774578160303373,63.24857221547331,3961.0140701960554,2.5,5,206734.9874240105,95,15.789473684210526,43,222,nan,nan,1.2364434751856657,1.1116350347754334,7,0.3382352941176471,0.5776046356535968,-0.12480844041023224,0.0,0,0,0,,,,,,,,,,,,,,,,,,,,,,,,,
strongly_constrained_severe,C2,8015,2167,849,35.375,39.17858790955238,1363.9445353587357,22697.868380048956,1360.9896691955958,89.35185185185185,75.73487031700287,10.648148148148149,0.0,11833.40822690831,0,2850.0,52.569999999999844,6.359444444444449,183.68837716835895,61.77454772933383,121.91382943902514,33.63007974789531,19.28915471731029,2.017727079928869,59.75682064940496,1657.0155056000992,2.5,5,71000.44936144985,125,16.0,65,285,nan,nan,1.1189991924146803,1.0610325127867677,8,0.24101935213711004,0.4617713013217436,-0.05796667962791254,0.0,0,0,0,,,,,,,,,,,,,,,,,,,,,,,,,
strongly_constrained_severe,C2,8016,2230,749,31.208333333333332,33.58744394618834,1699.0071080500368,4314.62492116924,1695.9415549596629,90.59633027522935,76.25418060200668,9.403669724770642,0.027185335463395327,2981.1306062048975,0,2190.0,53.63399999999983,6.512083333333338,98.61596329455269,61.51375132689108,37.102211967661596,62.377072911773666,19.325000000000006,1.702808088181435,59.81094323870965,378.4044929537366,2.5,5,17886.783637229386,106,31.132075471698112,44,219,nan,nan,1.144576281275422,1.0544852080398421,11,0.3147979126569972,0.5391014826707372,-0.09009107323558008,0.0,0,0,0,,,,,,,,,,,,,,,,,,,,,,,,,
strongly_constrained_severe,C2,8017,2192,1102,45.916666666666664,50.27372262773723,685.9145873883722,3497.1761225992263,682.7022872074989,92.56756756756756,82.49427917620137,7.4324324324324325,0.08678133391834313,2062.68260353815,0,1840.0,53.019999999999825,6.421944444444448,98.4429779767445,64.5187975125832,33.92418046416131,65.53925819658227,19.33944444444443,1.2306999246735244,63.288097587909675,325.9613310832621,2.5,5,12376.095621228906,84,13.095238095238097,40,184,nan,nan,1.1124055339594854,1.0431948233817032,11,0.26949078880652877,0.5052244740729237,-0.06921071057778208,0.0,0,0,0,,,,,,,,,,,,,,,,,,,,,,,,,
strongly_constrained_severe,C2,8018,2148,882,36.75,41.06145251396648,1638.504385329825,5522.584234864039,1635.344159516947,91.74757281553399,81.22119815668202,8.25242718446602,0.005135219878405821,4031.087483754219,0,2050.0,52.27799999999984,6.315416666666672,113.52862526151733,68.16722979438536,45.36139546713197,60.04408988249409,19.26444444444447,1.2954396324989985,66.87179016188637,470.05687121907795,2.5,5,24186.52490252531,80,30.0,49,205,nan,nan,1.1549227487232532,1.1360786088305646,5,0.3017971426724417,0.5380339866705263,-0.018844139892688603,0.0,0,0,0,,,,,,,,,,,,,,,,,,,,,,,,,
strongly_constrained_severe,C2,8019,2214,1289,53.708333333333336,58.22041553748871,912.0649898827334,4541.580796493188,908.8573504915631,92.82296650717703,79.56570155902004,7.177033492822966,0.03917294006616736,3249.2221537101173,0,1940.0,53.77599999999984,6.501944444444448,104.59134859857899,64.71908871270543,39.87225988587357,61.878051655206136,19.335473376882337,1.4194464383081296,63.299642274397286,398.4391651035271,2.5,5,19495.332922260703,81,20.98765432098765,44,194,nan,nan,1.217161595919111,1.1310803425031883,6,0.3182273638185462,0.5593301304534725,-0.08608125341592275,0.0,0,0,0,,,,,,,,,,,,,,,,,,,,,,,,,
strongly_constrained_severe,C2,8020,2150,1059,44.125,49.25581395348837,4992.435714884401,21279.437991478022,4989.408664523208,92.13483146067416,77.88856304985337,7.865168539325842,0.05692037366779551,16338.893761003872,0,2470.0,52.08199999999982,6.30430555555556,171.62627157867945,57.755762242677136,113.87050933600231,33.65205204973522,19.556666666666686,1.5370339564976319,56.2187282861795,1556.2640991905052,2.5,5,98033.36256602322,105,18.095238095238095,59,247,nan,nan,1.1465268198735135,1.1267990526507563,10,0.27978033990058043,0.4974998747599178,-0.019727767222757205,0.0,0,0,0,,,,,,,,,,,,,,,,,,,,,,,,,
strongly_constrained_severe,C2,8021,2088,737,30.708333333333332,35.29693486590038,1639.4000983520364,4828.214660445478,1636.3315484921532,90.93198992443325,77.94204612655233,9.06801007556675,0.008902779845442087,3630.746025368622,0,2060.0,50.36799999999985,6.107777777777784,106.37322066947458,64.91286524979007,41.4603554196845,61.02369077597912,19.31914442514077,1.5910871331258758,63.321778116664206,419.2928733107841,2.5,5,21784.476152211737,82,24.390243902439025,39,206,nan,nan,1.271543086172345,1.1988231782714365,8,0.3147358546880996,0.5614803694808422,-0.0727199079009082,0.0,0,0,0,,,,,,,,,,,,,,,,,,,,,,,,,
strongly_constrained_severe,C2,8022,2112,784,32.666666666666664,37.121212121212125,1690.9027703639379,4165.737449689666,1687.799673662943,92.37875288683603,78.6777843954735,7.621247113163972,0.04922629060805336,2990.8951545112013,0,1840.0,51.063999999999844,6.186111111111113,93.10591529858452,57.315068442329874,35.79084685625463,61.558997898816884,19.425000000000043,1.1362551721648941,56.17881327016499,361.89895889275147,2.5,5,17945.370927067204,82,19.51219512195122,30,184,nan,nan,0.9815702834239909,0.9887632407672488,13,0.2732965931863728,0.4669574428017685,0.007192957343257943,0.0,0,0,0,,,,,,,,,,,,,,,,,,,,,,,,,
strongly_constrained_severe,C2,8023,2174,839,34.958333333333336,38.59245630174793,9424.586931940039,38948.02948881394,9421.504837260933,91.5929203539823,79.67479674796748,8.4070796460177,0.011479480554146,31657.047563654476,0,1960.0,52.683999999999834,6.376111111111115,257.47034932370315,61.23802726693784,196.23232205676536,23.7844969052909,19.289444444444445,1.41698077149486,59.82104649544298,2788.375853527956,2.5,5,189942.28538192683,78,38.46153846153847,40,196,nan,nan,1.1937058474490883,1.1173296313296988,4,0.276015718588014,0.5118363673092027,-0.0763762161193896,0.0,0,0,0,,,,,,,,,,,,,,,,,,,,,,,,,
strongly_constrained_severe,C2,8024,2145,571,23.791666666666668,26.620046620046622,13709.348254162242,20952.500649381687,13706.380408600522,90.19138755980862,75.27504342790967,9.808612440191387,0.10104040326810414,16533.177283525543,0,2980.0,51.89599999999983,6.285138888888891,172.06481288601697,58.46845180316633,113.59636108285065,33.98048143747921,19.268625713091488,2.1768527160424096,56.29159908712391,1535.6001564619,2.5,5,99199.06370115324,109,39.44954128440367,62,298,nan,nan,1.2011682940348785,1.1077047712446169,14,0.3475035176736452,0.5772398012975158,-0.09346352279026136,0.0,0,0,0,,,,,,,,,,,,,,,,,,,,,,,,,
strongly_constrained_severe,C2,8025,2122,871,36.291666666666664,41.04618284637135,1473.9819631095754,5830.194671519732,1470.7237027217288,94.13145539906104,84.49292452830188,5.868544600938967,0.06707911972026974,3310.2572487203156,0,1400.0,51.46799999999984,6.22666666666667,105.58566990810186,60.638631042313776,44.947038865788095,57.43073950763542,19.303888888888917,0.8371495220009887,59.80148152031279,483.3479325467381,2.5,5,19861.543492321896,56,25.0,29,140,nan,nan,1.0337259885624908,0.993254802287502,4,0.27391368102057784,0.4912160249520594,-0.040471186274989,0.0,0,0,0,,,,,,,,,,,,,,,,,,,,,,,,,
strongly_constrained_severe,C2,8026,2127,1109,46.208333333333336,52.13916314057357,615.8492974650205,2940.768153011345,612.7223438334025,91.76201372997713,81.12426035502959,8.237986270022883,0.06921172033541666,1569.0607002693177,0,2040.0,51.347999999999836,6.224583333333339,91.51505332858224,61.300982078162264,30.214071250419966,66.98458870811427,19.339444444444513,1.4879391775915578,59.81304290057071,285.42297655881487,2.5,5,9414.364201615906,85,28.235294117647058,37,204,nan,nan,1.1516080288920085,1.1018721935850313,5,0.2127356316911899,0.43999804753637284,-0.0497358353069776,0.0,0,0,0,,,,,,,,,,,,,,,,,,,,,,,,,
strongly_constrained_severe,C2,8027,2121,1413,58.875,66.61951909476662,2351.7745348021867,38043.189264708155,2348.525492864937,94.47115384615384,81.99413489736071,5.528846153846153,0.03716290328807999,24896.292568211687,0,1390.0,51.689999999999834,6.240833333333338,252.9704541969981,60.743673710948016,192.22678048605007,24.01216138215276,19.37500000000001,0.9783575029717073,59.765316207976305,2716.1496389823296,2.5,5,149377.75540927012,64,43.75,24,139,nan,nan,1.0840369263116398,1.0689575873057595,4,0.3008968757186505,0.506453471137935,-0.015079339005880618,0.0,0,0,0,,,,,,,,,,,,,,,,,,,,,,,,,
strongly_constrained_severe,C2,8028,2166,801,33.375,36.98060941828255,3721.2678200008086,21828.77955891438,3718.153697348302,91.4691943127962,78.03899082568807,8.530805687203792,0.05053042309677366,17317.613405557273,0,2530.0,52.40199999999985,6.346527777777784,184.39754133155574,65.20633060514913,119.19121072640662,35.36182214485441,19.325000000000045,1.915530297192379,63.29080030795676,1599.3098318475925,2.5,5,103905.68043334364,120,26.666666666666668,47,253,nan,nan,1.1098196392785573,1.1426171491920012,16,0.30141986099859297,0.5313179738786974,0.032797509913443906,0.0,0,0,0,,,,,,,,,,,,,,,,,,,,,,,,,
strongly_constrained_severe,C2,8029,2080,1008,42.0,48.46153846153846,9465.091889013971,22486.186788767875,9462.194840461234,87.75510204081633,75.77791336180599,12.244897959183673,0.005826643556821283,17874.96182371322,0,2890.0,50.693999999999825,6.12041666666667,183.64604262004448,61.97465481441035,121.67138780563413,33.74679570015737,19.35000000000004,2.204174183041303,59.770480631369054,1639.0223673527778,2.5,5,107249.77094227933,110,37.27272727272727,62,289,nan,nan,1.2100524578568903,1.1337970057762583,10,0.319830838146882,0.5831410389592275,-0.07625545208063185,0.0,0,0,0,,,,,,,,,,,,,,,,,,,,,,,,,
strongly_constrained_severe,C2,8030,2182,507,21.125,23.23556370302475,14256.830346590452,21018.070648916935,14253.700637710474,91.46608315098467,81.04347826086956,8.533916849015318,0.0408395994506607,16741.992690558924,0,1970.0,52.52599999999984,6.375138888888894,174.382210454475,61.01306958746004,113.36914086701496,34.98812718823081,19.325000000000017,1.3331966127098425,59.6798729747502,1535.5919799216701,2.5,5,100451.95614335354,85,36.470588235294116,33,197,nan,nan,1.1372745490981964,1.1004676018704074,10,0.20460921843687377,0.4212237029347048,-0.03680694722778891,0.0,0,0,0,,,,,,,,,,,,,,,,,,,,,,,,,
strongly_constrained_severe,C2,8031,2117,1052,43.833333333333336,49.692961738308924,1178.1884297233757,20776.953698069912,1174.9829141486919,91.70506912442397,83.06595365418895,8.294930875576037,0.010111978217392553,5058.869156240626,0,2120.0,51.30799999999984,6.209305555555559,170.02505025608374,57.69889081902283,112.32615943706092,33.93552346087795,19.289444444444484,1.481979639669563,56.216911179353275,1523.837818337492,2.5,5,30353.214937443747,98,26.53061224489796,45,212,nan,nan,1.1651977424236228,1.064066909328862,13,0.3330845364197783,0.5605927473917476,-0.10113083309476095,0.0,0,0,0,,,,,,,,,,,,,,,,,,,,,,,,,
strongly_constrained_severe,C2,8032,2242,748,31.166666666666668,33.36306868867083,6480.978634200057,21350.128863998325,6477.666233397219,96.34408602150538,85.87507034327518,3.655913978494624,0.017106975641807753,16899.446939597037,0,1190.0,54.25399999999981,6.570138888888895,180.02574257151184,64.1538139825489,115.87192858896294,35.635911323662505,19.289444444444502,0.8538375277928787,63.29997645475602,1563.6438341550343,2.5,5,101396.68163758222,49,8.16326530612245,22,119,nan,nan,1.1547252921684956,1.1528204924700889,6,0.2878628544217147,0.5228069112422419,-0.0019047996984067142,0.0,0,0,0,,,,,,,,,,,,,,,,,,,,,,,,,
strongly_constrained_severe,C2,8033,2216,842,35.083333333333336,37.99638989169675,1482.4426145108778,5797.424112279119,1479.3172870996973,92.3076923076923,80.29528676888131,7.6923076923076925,0.0,3727.688341416454,0,1750.0,53.41399999999983,6.479305555555559,110.07431649903862,64.72080636259307,45.35351013644555,58.797372921373835,19.253888888888874,1.42437238673851,63.29643397585457,484.2433421004543,2.5,5,22366.13004849873,67,26.865671641791046,28,175,nan,nan,1.2707963698096831,1.2567427849329234,5,0.2719196354492424,0.5021318839603676,-0.014053584876759893,0.0,0,0,0,,,,,,,,,,,,,,,,,,,,,,,,,
strongly_constrained_severe,C2,8034,2101,746,31.083333333333332,35.506901475487865,961.7093592274871,2786.724679218614,958.6273248188329,93.46246973365618,77.8436018957346,6.5375302663438255,0.12207003576283121,1671.7887469888542,0,1910.0,51.00999999999985,6.168611111111115,85.89696281295898,57.41489239920688,28.482070413752112,66.84158615040681,19.250000000000043,1.1309859506470883,56.28390644855978,269.6543027133269,2.5,5,10030.732481933124,71,18.30985915492958,46,191,nan,nan,1.1214314342971659,1.020223303750358,10,0.22034926996850845,0.44865423231633916,-0.10120813054680791,0.0,0,0,0,,,,,,,,,,,,,,,,,,,,,,,,,
strongly_constrained_severe,C2,8035,2121,723,30.125,34.08769448373409,964.875406672124,3640.750073347668,961.562281916466,94.90291262135922,84.20128730251609,5.097087378640777,0.0981600405832918,2383.988138804941,0,1220.0,51.159999999999854,6.204027777777783,100.00895467020513,64.08973935822966,35.919215311975464,64.08400084729954,19.400000000000095,0.83594175242047,63.2537976058092,334.9327352377023,2.5,5,14303.928832829646,45,28.888888888888886,28,122,nan,nan,1.2636812085709883,1.2425235085555728,8,0.23389085864035764,0.4135424832739044,-0.02115770001541545,0.0,0,0,0,,,,,,,,,,,,,,,,,,,,,,,,,
strongly_constrained_severe,C2,8036,2213,729,30.375,32.94170808856756,12488.627834667845,20701.725065534025,12485.606553103367,90.02267573696146,75.2821670428894,9.977324263038549,0.08940194610145542,16263.221954104403,0,2450.0,53.64999999999983,6.491944444444447,173.3479438718591,61.50324967054877,111.84469420131035,35.47965340506878,19.485555555555585,1.7642489696153012,59.73900070093347,1513.430973797542,2.5,5,97579.3317246264,97,28.865979381443296,57,245,nan,nan,1.2347326231410192,1.147083640966143,18,0.3168442147452801,0.5613697715227833,-0.08764898217487606,0.0,0,0,0,,,,,,,,,,,,,,,,,,,,,,,,,
strongly_constrained_severe,C2,8037,2103,757,31.541666666666668,35.9961959106039,6039.8116666100705,38794.62924338718,6036.690042721767,88.86138613861387,78.86992348440259,11.138613861386139,0.014238765747842337,31406.301489192065,0,2530.0,50.805999999999834,6.156944444444447,253.13252378060986,58.38410485528842,194.74841892532143,23.06463981131479,19.47111111111117,2.1543602107234534,56.22974464456496,2769.017555950649,2.5,5,188437.8089351524,122,21.311475409836063,47,253,nan,nan,1.260419573323863,1.2644783237360797,6,0.3054209685193171,0.5561389279173259,0.004058750412216835,0.0,0,0,0,,,,,,,,,,,,,,,,,,,,,,,,,
strongly_constrained_severe,C2,8038,2142,1102,45.916666666666664,51.44724556489262,3319.6756165571824,20301.748235721298,3316.6022658416223,88.28828828828829,79.03415783274441,11.711711711711711,0.044524596180581334,16502.98257248434,0,2100.0,51.56799999999983,6.258611111111113,172.20137053496708,61.45999288220497,110.74137765276214,35.690768715295995,19.498598947609356,1.702477145877132,59.75751573632784,1495.3885338997654,2.5,5,99017.89543490604,85,23.52941176470588,37,210,nan,nan,1.199632425472707,1.1860508581930702,10,0.2767400085144382,0.5175572023714755,-0.013581567279636993,0.0,0,0,0,,,,,,,,,,,,,,,,,,,,,,,,,
strongly_constrained_severe,C2,8039,2168,1032,43.0,47.601476014760145,1129.6643639951221,4773.858899950267,1126.3098381832856,95.32908704883228,89.92339422510312,4.670912951167728,0.048737065888895724,3070.7008640703298,0,1390.0,52.30599999999981,6.3423611111111144,105.31524863936701,64.4203847912392,40.89486384812783,61.169095286319966,19.344779668452674,1.1115422762448284,63.30884251499437,417.00737399138853,2.5,5,18424.20518442198,64,18.75,31,139,nan,nan,1.275691879627023,1.1037778035409667,0,0.35972771990261515,0.5951539933278829,-0.17191407608605638,0.0,0,0,0,,,,,,,,,,,,,,,,,,,,,,,,,
strongly_constrained_severe,C2,8040,2159,755,31.458333333333332,34.9698934691987,1235.5983015986108,3853.411472451194,1232.3532175007977,93.48314606741573,82.84714119019837,6.51685393258427,0.0782559733525217,2679.1682268406084,0,1660.0,51.97999999999983,6.3084722222222265,101.2483607321689,64.36811364816135,36.880247084007564,63.57447486822386,19.41990102794046,1.1132562418872443,63.2548574062741,351.58689139336764,2.5,5,16075.009361043654,66,30.303030303030305,35,166,nan,nan,1.0781427720305476,1.0385365325245082,11,0.2814683420895846,0.5037770461681406,-0.03960623950603911,0.0,0,0,0,,,,,,,,,,,,,,,,,,,,,,,,,
strongly_constrained_severe,C2,8041,2106,870,36.25,41.31054131054131,9889.422501428853,74085.06595767493,9886.432986069767,88.37719298245614,77.39393939393939,11.62280701754386,0.0,43314.41935460615,0,2530.0,50.72599999999983,6.155138888888893,419.7657144309841,61.672362410846475,358.0933520201376,14.692091395422043,19.366934939340858,1.8290212606021004,59.84334115024438,5229.764323541994,2.5,5,259886.51612763686,128,17.96875,53,253,nan,nan,1.1692113039638603,1.0612750925579977,9,0.3008814238646785,0.5517989518712114,-0.10793621140586257,0.0,0,0,0,,,,,,,,,,,,,,,,,,,,,,,,,
strongly_constrained_severe,C2,8042,2156,932,38.833333333333336,43.22820037105751,911.1325840913502,2652.513670012474,908.0593824402974,91.10070257611241,79.58357432041643,8.899297423887589,0.09204824149574058,1828.1173300154646,0,2510.0,52.34199999999986,6.329861111111116,91.21500336524032,61.52884707299629,29.686156292244014,67.45474406948642,19.41055555555561,1.715614508152588,59.81323256484371,262.6032529332398,2.5,5,10968.703980092787,117,17.94871794871795,56,251,nan,nan,1.117131699296028,1.0437284826062383,9,0.2697446174400082,0.5104242703527759,-0.07340321668978983,0.0,0,0,0,,,,,,,,,,,,,,,,,,,,,,,,,
strongly_constrained_severe,C2,8043,2098,974,40.583333333333336,46.42516682554814,12809.728639709969,39506.33359952542,12806.678951144664,90.43062200956938,77.67857142857143,9.569377990430622,0.04456943122854331,31409.877785108005,0,2250.0,51.157999999999845,6.175138888888894,260.58388793195405,61.38352150942632,199.20036642252776,23.55614615952592,19.279989899908713,1.5694426691841432,59.81407884024217,2824.688129655506,2.5,5,188459.266710648,95,9.473684210526317,42,225,nan,nan,1.1519963002928935,1.1718822259904427,12,0.28522429474333283,0.5080557093261074,0.01988592569754894,0.0,0,0,0,,,,,,,,,,,,,,,,,,,,,,,,,
strongly_constrained_severe,C2,8044,2146,860,35.833333333333336,40.07455731593662,5494.498987500984,38341.47243129236,5491.317014230017,93.29004329004329,82.6603325415677,6.70995670995671,0.044064688936216435,28564.817668700416,0,1770.0,51.70999999999982,6.2734722222222254,254.51298341721142,61.11775411753835,193.39522929967308,24.013609560087087,19.289444444444484,1.3178320596857624,59.79992205785259,2742.5214562924116,2.5,5,171388.90601220253,86,27.906976744186046,37,177,nan,nan,1.215556112224449,1.0686372745490984,10,0.3298346693386774,0.5494925024721002,-0.1469188376753507,0.0,0,0,0,,,,,,,,,,,,,,,,,,,,,,,,,
strongly_constrained_severe,C2,8045,2152,490,20.416666666666668,22.769516728624538,14721.807558697177,21502.49195671303,14718.636781824842,92.27272727272727,80.2570093457944,7.727272727272727,0.09643965250163355,17326.3389984499,0,1800.0,51.96799999999982,6.298888888888892,182.20057683244917,64.2866445446272,117.91393228782196,35.28344732066622,19.385555555555598,0.9994712966590851,63.28717324796811,1576.0009774472508,2.5,5,103958.03399069942,71,30.985915492957744,33,180,nan,nan,0.9925406368292139,1.0105395977139466,13,0.2657537296815854,0.4580747653304728,0.01799896088473243,0.0,0,0,0,,,,,,,,,,,,,,,,,,,,,,,,,
strongly_constrained_severe,C2,8046,2150,689,28.708333333333332,32.04651162790697,1886.685630058716,5567.882117100206,1883.3540096125844,96.85990338164251,83.17972350230414,3.140096618357488,0.007858978494018067,3953.955686839677,0,950.0,52.14199999999983,6.308472222222228,112.84390530166911,67.24760767155004,45.596297630119054,59.59347781501795,19.343027957347022,0.40554035059241966,66.84206732095763,472.29517253697003,2.5,5,23723.73412103807,32,31.25,21,95,nan,nan,1.0745701930176141,0.9983124143022889,2,0.20567450690855396,0.40752080619825587,-0.0762577787153254,0.0,0,0,0,,,,,,,,,,,,,,,,,,,,,,,,,
strongly_constrained_severe,C2,8047,2194,840,35.0,38.28623518687329,1074.9990512923634,3900.856768231913,1071.9448149401624,88.08988764044943,77.87307032590051,11.910112359550562,0.0906893773656038,1920.23346665874,0,2700.0,52.62799999999982,6.397222222222227,92.07919602597988,57.750342956836406,34.32885306914348,62.71812249592439,19.364444444444516,1.4483435592579468,56.30199939757846,348.5301740100166,2.5,5,11521.400799952444,93,36.55913978494624,64,270,nan,nan,1.0632288198444133,1.0532403389456078,16,0.2902340113297461,0.5067040483324193,-0.009988480898805488,0.0,0,0,0,,,,,,,,,,,,,,,,,,,,,,,,,
strongly_constrained_severe,C2,8048,2253,758,31.583333333333332,33.64403018197958,22542.852898371344,56195.08475199292,22539.50254633733,95.97315436241611,83.49944629014396,4.026845637583892,0.029786039816088045,46047.6110044784,0,970.0,54.41799999999981,6.595277777777781,340.0524853472165,63.81287316364474,276.2396121835717,18.765595287000327,19.310017237291184,0.5035185560890642,63.30935460755567,3982.4397130498332,2.5,5,276285.6660268704,30,30.0,21,97,nan,nan,1.1533192968214914,1.088937368407702,2,0.40135968138809264,0.6130227354533041,-0.0643819284137896,0.0,0,0,0,,,,,,,,,,,,,,,,,,,,,,,,,
strongly_constrained_severe,C2,8049,2127,815,33.958333333333336,38.316878232252,6029.9391023780045,38297.2189790228,6026.81543177882,91.48936170212765,80.22300469483568,8.51063829787234,0.07350010103976327,19921.824605598686,0,2200.0,51.08799999999985,6.206527777777782,254.17382907996787,61.21745257746524,192.95637650250262,24.084876400947273,19.300000000000093,1.4181325998781635,59.79931997758707,2743.271925208845,2.5,5,119530.94763359214,104,29.807692307692307,50,220,nan,nan,1.11533411650888,1.0647798059172535,7,0.29287145720011454,0.5128438319376807,-0.0505543105916266,0.0,0,0,0,,,,,,,,,,,,,,,,,,,,,,,,,
strongly_constrained_severe,C2,8050,2089,922,38.416666666666664,44.13595021541407,1222.087678258116,4162.250119656782,1218.6928907620368,96.71717171717171,85.82398109864147,3.2828282828282833,0.10393822742150162,3067.33823643155,0,1060.0,50.53199999999985,6.120416666666671,97.39617517639115,60.536871253759614,36.85930392263154,62.15528602034237,19.2665886418926,0.7139521372439088,59.822919116515706,369.8680751753791,2.5,5,18404.0294185893,35,34.285714285714285,20,106,nan,nan,1.4481547364391705,1.2452995879399251,7,0.5088604174641418,0.7300223352372833,-0.20285514849924569,0.0,0,0,0,,,,,,,,,,,,,,,,,,,,,,,,,
strongly_constrained_severe,C2,8051,2102,729,30.375,34.68125594671741,12904.005855581732,22319.280501041874,12900.724208206317,94.81481481481482,82.38067177371833,5.185185185185185,0.07439019758098432,17999.297646119216,0,1790.0,50.93399999999984,6.164583333333337,177.0285605244195,57.70062343634811,119.3279370880714,32.59396295457581,19.36055555555559,1.434302729854373,56.26632070649374,1626.6086319741462,2.5,5,107995.78587671528,85,35.294117647058826,33,179,nan,nan,1.1719020863813516,1.1197486998536954,2,0.2979455844203745,0.5426924005507153,-0.05215338652765653,0.0,0,0,0,,,,,,,,,,,,,,,,,,,,,,,,,
strongly_constrained_severe,C2,8052,2123,850,35.416666666666664,40.037682524729156,1856.3994233488527,5491.152229071761,1853.1031396002122,95.8041958041958,84.29752066115702,4.195804195804196,0.03544947983798085,4020.399581296808,0,1230.0,51.529999999999845,6.2322222222222265,107.78277704568627,63.965890166809984,43.81688687887629,59.34704218995631,19.35022520713249,0.7325046719506912,63.23338549485929,461.7750932130605,2.5,5,24122.39748778084,44,31.818181818181817,23,123,nan,nan,1.0385914686515891,1.1150873174921272,6,0.2709418837675351,0.45647137557210044,0.07649584884053821,0.0,0,0,0,,,,,,,,,,,,,,,,,,,,,,,,,
strongly_constrained_severe,C2,8053,2168,966,40.25,44.557195571955724,863.4077481479984,20073.273697523593,860.3199180522107,94.11764705882352,80.16383850204798,5.88235294117647,0.08883736625985537,10400.476544554313,0,1860.0,52.82799999999983,6.378611111111115,170.83012308110378,61.213748704868905,109.61637437623486,35.833111632078435,19.30892869912634,1.3992993641868994,59.814449340682,1473.0866034145051,2.5,5,62402.85926732587,81,13.580246913580247,28,186,nan,nan,1.1782499911064734,1.2032941622890754,12,0.23279695485645846,0.4672784633447475,0.02504417118260189,0.0,0,0,0,,,,,,,,,,,,,,,,,,,,,,,,,
strongly_constrained_severe,C2,8054,2129,822,34.25,38.60967590418037,1567.5756306535793,21487.224624961138,1564.6019852744544,90.82568807339449,76.84583579444772,9.174311926605505,0.027906602718055076,8681.512988512834,0,2340.0,51.675999999999846,6.249861111111114,177.23818288217933,61.228483974128544,116.0096989080508,34.54587661555452,19.48555555555559,1.475062524146432,59.753421449982106,1574.9132389657168,2.5,5,52089.077931077,110,20.909090909090907,47,234,nan,nan,1.0765401771284504,1.1146625047329684,10,0.3083032424295596,0.5401322742139368,0.03812232760451779,0.0,0,0,0,,,,,,,,,,,,,,,,,,,,,,,,,
strongly_constrained_severe,C2,8055,2170,868,36.166666666666664,40.0,967.322088595175,3176.468488413184,963.9382067719165,94.13145539906104,85.89449541284404,5.868544600938967,0.07993149187828354,1862.1201796652254,0,1440.0,52.599999999999845,6.365277777777785,92.92194232718549,60.85019605153286,32.07174627565262,65.48528208469267,19.29335696549313,1.0427878502789507,59.807408201253914,300.48872148094273,2.5,5,11172.721077991351,72,6.944444444444445,18,144,nan,nan,1.0748741577643481,1.0169788395689017,9,0.3069919366291639,0.5400779134076472,-0.057895318195446036,0.0,0,0,0,,,,,,,,,,,,,,,,,,,,,,,,,
strongly_constrained_severe,C2,8056,2190,878,36.583333333333336,40.09132420091324,3992.7514437844543,21041.87388943501,3989.3806273564655,93.86792452830188,85.33408833522084,6.132075471698113,0.03458930732523844,16627.766409129374,0,1310.0,52.409999999999826,6.37708333333334,179.1405104742195,64.25358998402668,114.88692049019282,35.86770508464837,19.515715206744208,0.9738424036647605,63.279747580361914,1545.6728660608694,2.5,5,99766.59845477623,47,40.42553191489361,25,131,nan,nan,1.340255732704347,1.2697075567063334,8,0.4008370723748381,0.617905139780309,-0.07054817599801373,0.0,0,0,0,,,,,,,,,,,,,,,,,,,,,,,,,
strongly_constrained_severe,C3,8007,2157,838,34.916666666666664,38.85025498377376,11389.332741091566,37322.420351353634,11386.334479925144,87.77506112469437,74.14187643020595,12.224938875305623,0.06036302419785802,30515.39468491248,0,2950.0,52.40999999999984,6.335833333333337,254.86749591017187,65.59422094174448,189.27327496842742,25.736597249287207,19.275000000000066,2.2640796550852746,63.33014128665919,2673.0121734009535,2.5,5,183092.3681094749,148,16.89189189189189,49,295,nan,nan,1.153288526511507,1.0406444658269607,12,0.29435043371942443,0.524083241339697,-0.112644060684546,0.0,0,0,0,,,,,,,,,,,,,,,,,,,,,,,,,
strongly_constrained_severe,C3,8008,2130,690,28.75,32.3943661971831,7449.984846591517,22876.922797796495,7446.94801107116,93.18181818181819,76.62721893491124,6.8181818181818175,0.03186972234158166,18245.09321325017,0,2230.0,51.55399999999984,6.242638888888891,188.36151016508651,64.81977022789005,123.54173993719645,34.4124286172264,19.375000000000036,1.5359548319232121,63.28381539596684,1669.950763708865,2.5,5,109470.55927950102,112,27.67857142857143,52,223,nan,nan,1.1378855271518646,1.1008455936262769,11,0.2656141551395474,0.49194179246580805,-0.03703993352558776,0.0,0,0,0,,,,,,,,,,,,,,,,,,,,,,,,,
strongly_constrained_severe,C3,8009,2125,690,28.75,32.470588235294116,2146.6407326843414,6602.153126568886,2143.4479099434966,90.8433734939759,80.46783625730994,9.156626506024097,0.024414577393731294,4405.471888582652,0,2070.0,51.201999999999856,6.211944444444451,109.89826033092896,61.446656194499546,48.45160413642941,55.912310176220736,19.459507907483296,1.6882599437997297,59.75839625069982,536.611365663044,2.5,5,26432.83133149591,114,35.96491228070175,42,207,nan,nan,1.1291530429279613,1.0715958232253984,11,0.24861301550469359,0.47517194432011517,-0.05755721970256303,0.0,0,0,0,,,,,,,,,,,,,,,,,,,,,,,,,
strongly_constrained_severe,C3,8010,2174,711,29.625,32.70469181232751,14642.490938689602,38224.48707704929,14639.419930929174,92.18390804597702,75.33064979873491,7.816091954022989,0.06870224655964087,31223.875465284433,0,1870.0,51.96599999999983,6.326250000000005,253.20426795002174,60.69488794091745,192.5093800091043,23.97072072770021,19.300000000000004,0.8314748820798347,59.86341305883761,2732.388111474197,2.5,5,187343.2527917066,58,34.48275862068966,43,187,nan,nan,0.9981020865259933,0.9810208652599315,3,0.2003418601909702,0.41282413484601,-0.017081221266061538,0.0,0,0,0,,,,,,,,,,,,,,,,,,,,,,,,,
strongly_constrained_severe,C3,8011,2099,764,31.833333333333332,36.39828489757027,1320.76207669426,21257.17382059875,1317.9107947122873,87.08971553610503,71.5590742996346,12.910284463894966,0.09553001852657851,11267.839262679252,0,2890.0,51.001999999999825,6.16555555555556,172.4819176217087,58.53138242763196,113.95053519407676,33.934793417594264,19.361927190944943,2.244430627749229,56.286951799882736,1551.4443084086722,2.5,5,67607.03557607552,128,57.8125,58,289,nan,nan,1.144134422691537,1.099715915347178,5,0.2557862978704662,0.4780645901369872,-0.04441850734435905,0.0,0,0,0,,,,,,,,,,,,,,,,,,,,,,,,,
strongly_constrained_severe,C3,8012,2175,915,38.125,42.06896551724138,1292.0917654317184,4264.700408402553,1289.2043150994998,87.69574944071589,74.36342592592592,12.304250559284116,0.0869408071656687,2615.271570331539,0,3560.0,52.55599999999983,6.368472222222228,95.9996668082471,58.79842236787746,37.20124444036964,61.24856921151962,19.45241935421946,2.5474748076872302,56.25094756019024,366.5785617186011,2.5,5,15691.629421989232,160,22.5,74,356,nan,nan,1.2121655074855595,1.1549451844866203,16,0.2832724272073559,0.5141846923162572,-0.05722032299893906,0.0,0,0,0,,,,,,,,,,,,,,,,,,,,,,,,,
strongly_constrained_severe,C3,8013,2190,736,30.666666666666668,33.60730593607306,1662.6257029761293,5022.026420230181,1659.6083964641623,87.58169934640523,76.94974003466204,12.418300653594772,0.0458147850134499,3296.3876857390146,0,2620.0,52.943999999999825,6.414166666666671,102.0337444989496,61.506806161524416,40.52693833742518,60.28084773675791,19.314444444444497,1.7487771568995614,59.75802900462486,425.058405495221,2.5,5,19778.32611443409,119,22.689075630252102,50,262,nan,nan,1.0653797390699766,1.0783117254918002,17,0.24448079833135655,0.45930222420061584,0.012931986421823237,0.0,0,0,0,,,,,,,,,,,,,,,,,,,,,,,,,
strongly_constrained_severe,C3,8014,2185,732,30.5,33.50114416475973,1791.0768226016799,5188.034888900142,1788.0161828687228,91.93548387096774,77.38435179897202,8.064516129032258,0.04401573591276264,3620.606139985685,0,2380.0,53.14799999999981,6.422083333333339,102.68636300610571,61.256807809281426,41.42955519682428,59.65427737044217,19.26279927092895,1.5256264211916926,59.73118138808974,434.0864149000203,2.5,5,21723.636839914114,99,11.11111111111111,47,238,nan,nan,1.215816247880376,1.1064572584082193,8,0.3428757968425539,0.5747497038795983,-0.10935898947215697,0.0,0,0,0,,,,,,,,,,,,,,,,,,,,,,,,,
strongly_constrained_severe,C3,8015,2167,991,41.291666666666664,45.73142593447162,1044.9367423860685,3644.2010416056687,1042.1247708784724,86.57407407407408,72.62247838616716,13.425925925925927,0.08650421416615557,1869.66201249839,0,3830.0,52.765999999999835,6.3730555555555615,92.67392342792083,58.86004772933385,33.81387569858698,63.513063386286376,19.385555555555616,2.6340211265923448,56.2260266027415,331.3966155912422,2.5,5,11217.97207499034,162,30.246913580246915,86,383,nan,nan,1.1254115861150096,1.0792320335493877,13,0.23112710434492964,0.4470950466137782,-0.0461795525656217,0.0,0,0,0,,,,,,,,,,,,,,,,,,,,,,,,,
strongly_constrained_severe,C3,8016,2230,1110,46.25,49.775784753363226,831.9795220201985,3907.1679198607153,829.0083252720879,88.30275229357798,73.96878483835006,11.697247706422019,0.03112455387343943,2439.3765113001646,0,3140.0,53.823999999999806,6.525277777777782,97.0673826070517,62.2693624380022,34.79802016904951,64.15065572549855,19.258650822398078,2.466162477049619,59.80319996095258,345.3593247634358,2.5,5,14636.259067800986,149,36.241610738255034,73,314,nan,nan,1.1450173073419565,1.08287281633975,12,0.2908038298819862,0.5206317783183122,-0.06214449100220645,0.0,0,0,0,,,,,,,,,,,,,,,,,,,,,,,,,
strongly_constrained_severe,C3,8017,2192,801,33.375,36.54197080291971,1595.6579291272471,4662.647131729245,1592.5236130500757,92.11711711711712,79.11899313501144,7.882882882882883,0.021803447133579176,3423.3627759458304,0,1960.0,53.043999999999826,6.423611111111115,104.24763663464667,64.60257529036097,39.64506134428571,61.97030203837765,19.2680774484521,1.27551722312641,63.32705806723457,403.39498204176437,2.5,5,20540.176655674983,88,14.772727272727273,44,196,nan,nan,1.1086104793857376,1.0372430253765959,11,0.27530341582040485,0.5137574852979703,-0.07136745400914188,0.0,0,0,0,,,,,,,,,,,,,,,,,,,,,,,,,
strongly_constrained_severe,C3,8018,2148,680,28.333333333333332,31.65735567970205,2981.6149042905286,22225.788376791006,2978.5072463603246,90.53398058252428,80.06912442396313,9.466019417475728,3.4194890338677606e-05,18106.1648559799,0,2150.0,52.297999999999845,6.316805555555561,185.03013848814288,64.70906312771871,120.32107536042416,34.97217461784767,19.264444444444482,1.3795216278485216,63.329541499870174,1623.415485645202,2.5,5,108636.98913587938,83,44.57831325301205,50,215,nan,nan,1.1757932107870563,1.1493342013977192,5,0.31155712440108646,0.5526842743637537,-0.02645900938933705,0.0,0,0,0,,,,,,,,,,,,,,,,,,,,,,,,,
strongly_constrained_severe,C3,8019,2214,985,41.041666666666664,44.489611562782294,1210.2738026978584,5136.905233261674,1207.2274348089466,90.9090909090909,74.16481069042315,9.090909090909092,0.0,3324.985892035053,0,2340.0,53.855999999999824,6.507500000000005,106.6109572096409,64.87558871270542,41.73536849693547,60.8526463045758,19.435555555555574,1.590843302063931,63.28474541064149,434.7416197160325,2.5,5,19949.91535221032,86,17.441860465116278,50,234,nan,nan,1.165497661990648,1.090180360721443,10,0.30666889334224007,0.5369784882754256,-0.07531730126920509,0.0,0,0,0,,,,,,,,,,,,,,,,,,,,,,,,,
strongly_constrained_severe,C3,8020,2150,837,34.875,38.93023255813953,6268.876019703154,21496.453863015395,6266.002124583704,89.43820224719101,73.60703812316716,10.561797752808989,0.07726468529909784,17556.731302430333,0,3170.0,52.22199999999982,6.314027777777783,178.85442830525653,61.901456687121595,116.95297161813498,34.60996592238265,19.264444444444475,2.100591037700948,59.800865649420636,1570.4666815037929,2.5,5,105340.387814582,138,21.73913043478261,71,317,nan,nan,1.1426653306613226,1.1303006012024048,13,0.2753306613226453,0.497218862759192,-0.01236472945891783,0.0,0,0,0,,,,,,,,,,,,,,,,,,,,,,,,,
strongly_constrained_severe,C3,8021,2088,704,29.333333333333332,33.71647509578544,11984.079957757072,38090.76471027015,11981.038996541636,90.6801007556675,77.05499704316972,9.319899244332493,0.09788147311771896,31352.31781614847,0,2390.0,50.43399999999985,6.112361111111116,253.83861267677443,61.64453191645675,192.19408076031766,24.284930990759808,19.5316666666667,1.9337246483097843,59.710807268146965,2723.916441922426,2.5,5,188113.9068968908,97,43.29896907216495,46,239,nan,nan,1.276526025023019,1.1975843579049994,9,0.33561718030655907,0.5898606563217904,-0.07894166711801984,0.0,0,0,0,,,,,,,,,,,,,,,,,,,,,,,,,
strongly_constrained_severe,C3,8022,2112,709,29.541666666666668,33.57007575757576,1575.6379626804096,3949.593149405354,1572.6484479559317,89.60739030023095,75.87849910661107,10.392609699769054,0.08087858015882123,2825.3976478332647,0,2580.0,51.21199999999983,6.196388888888889,93.15074874996694,58.061957331218764,35.08879141874816,62.331176195982394,19.360284296201826,1.8330479894361142,56.22890934178266,354.39099719279426,2.5,5,16952.385886999586,119,31.092436974789916,44,258,nan,nan,1.0430613292701105,1.0347637423607547,14,0.24848043193825667,0.45237210389118643,-0.0082975869093559,0.0,0,0,0,,,,,,,,,,,,,,,,,,,,,,,,,
strongly_constrained_severe,C3,8023,2174,688,28.666666666666668,31.646734130634773,1635.8616909691455,3278.540684014152,1632.8715499532343,89.82300884955751,75.6678281068525,10.176991150442479,0.1293053578772665,2421.5765646233317,0,2180.0,52.727999999999824,6.379166666666671,89.92053394996209,57.83974948916007,32.080784460802036,64.32318286871612,19.37500000000007,1.5801346647018253,56.25961482445825,306.379076865955,2.5,5,14529.459387739986,83,30.120481927710845,44,218,nan,nan,1.1783567134268538,1.1132958987281496,6,0.2912557788845016,0.5243232938195144,-0.06506081469870434,0.0,0,0,0,,,,,,,,,,,,,,,,,,,,,,,,,
strongly_constrained_severe,C3,8024,2145,831,34.625,38.74125874125875,1000.8293906974624,20062.333884891,997.9046104180396,89.95215311004785,73.71163867979155,10.047846889952153,0.09682165727149593,10339.796380816984,0,3140.0,51.92799999999984,6.287361111111115,171.27668823961085,62.10772958094411,109.16895865866672,36.261636197716115,19.335555555555597,2.3006784416371815,59.80705113930692,1472.4667374566864,2.5,5,62038.778284901906,117,47.863247863247864,64,314,nan,nan,1.193194469747576,1.1093904981680534,14,0.3441225886115666,0.5767604997091921,-0.08380397157952267,0.0,0,0,0,,,,,,,,,,,,,,,,,,,,,,,,,
strongly_constrained_severe,C3,8025,2122,738,30.75,34.77851083883129,3445.055611927884,21939.9999448231,3441.817148024265,94.13145539906104,83.78537735849056,5.868544600938967,0.018070295113218237,17561.441596487242,0,1400.0,51.46799999999983,6.22666666666667,178.76595718304603,60.60315882009156,118.16279836295446,33.900838713960184,19.36771791340407,0.8371495220009888,59.766009298090566,1597.500351464648,2.5,5,105368.64957892345,56,30.357142857142854,29,140,nan,nan,1.0337259885624908,0.993254802287502,4,0.27391368102057784,0.4912160249520594,-0.040471186274989,0.0,0,0,0,,,,,,,,,,,,,,,,,,,,,,,,,
strongly_constrained_severe,C3,8026,2127,1032,43.0,48.51904090267983,894.1820111912087,2896.8562327952377,891.1582736244898,89.93135011441647,78.57988165680474,10.068649885583524,0.07376637130586368,1822.6496951104227,0,2610.0,51.46199999999984,6.232500000000006,87.45722659089031,58.09023207816228,29.366994512728034,66.42130598297872,19.43555555555558,1.8584755581655832,56.231756519996694,272.5271023991423,2.5,5,10935.898170662536,107,43.925233644859816,51,261,nan,nan,1.1183346284405546,1.0917590282606031,11,0.23402723814976892,0.45633922442031805,-0.026575600179951742,0.0,0,0,0,,,,,,,,,,,,,,,,,,,,,,,,,
strongly_constrained_severe,C3,8027,2121,681,28.375,32.10749646393211,2004.967045656109,22449.073654151347,2001.7808070717435,93.26923076923077,80.52785923753666,6.730769230769231,0.009058732539183087,9701.433365653873,0,1690.0,51.749999999999844,6.245000000000005,181.44836232699438,61.12228482205912,120.32607750493523,33.68577375854654,19.314444444444483,1.2595181726414686,59.862766649417665,1633.2146365696954,2.5,5,58208.60019392323,75,32.0,29,169,nan,nan,1.1028108849277503,1.0983809724712583,6,0.2941145448792321,0.501809759130871,-0.004429912456491931,0.0,0,0,0,,,,,,,,,,,,,,,,,,,,,,,,,
strongly_constrained_severe,C3,8028,2166,576,24.0,26.59279778393352,14008.70219251268,21991.59638705295,14005.700666421528,88.15165876777252,75.22935779816513,11.848341232227488,0.07799465394149499,17187.376318523413,0,3090.0,52.51399999999984,6.354305555555561,180.97432681335937,62.20930282737136,118.76502398598802,34.3746562967069,19.400000000000077,2.40524647985048,59.804056347520884,1605.726730468212,2.5,5,103124.25791114048,141,34.04255319148936,59,309,nan,nan,1.1207071677601779,1.1184423641804158,18,0.30368957092266724,0.5340232349019199,-0.0022648035797622596,0.0,0,0,0,,,,,,,,,,,,,,,,,,,,,,,,,
strongly_constrained_severe,C3,8029,2080,961,40.041666666666664,46.20192307692308,9892.94065321096,19532.72666952479,9890.103711321424,86.62131519274377,73.70347773032337,13.378684807256235,0.14584482040248656,15879.687209166788,0,3320.0,50.77999999999984,6.126388888888892,168.9896669208389,62.30459925885481,106.6850676619841,36.86888103521774,19.289444444444467,2.4572130284094524,59.84738623044535,1437.1551316528842,2.5,5,95278.12325500074,133,42.10526315789473,70,332,nan,nan,1.1748449279511404,1.12115659891211,15,0.316194293348602,0.5674570839617609,-0.05368832903903045,0.0,0,0,0,,,,,,,,,,,,,,,,,,,,,,,,,
strongly_constrained_severe,C3,8030,2182,850,35.416666666666664,38.95508707607699,8612.415983681161,22158.47331081416,8609.345624309746,90.59080962800876,79.01449275362319,9.409190371991247,0.007921888780212225,17927.228961811667,0,2010.0,52.53399999999983,6.375694444444449,184.5895100177811,64.65234736523783,119.93716265254325,35.024930376059835,19.335555555555583,1.333427507807196,63.31891985743063,1618.068484269342,2.5,5,107563.37377086999,85,43.529411764705884,35,201,nan,nan,1.139689214494563,1.101317388876113,10,0.2034232399224679,0.41878524939542255,-0.03837182561845001,0.0,0,0,0,,,,,,,,,,,,,,,,,,,,,,,,,
strongly_constrained_severe,C3,8031,2117,921,38.375,43.5049598488427,15170.331774147095,40045.36038828921,15167.146981355527,91.70506912442397,81.34284016636958,8.294930875576037,0.03669831667260345,31928.823923709937,0,2130.0,51.30999999999984,6.2094444444444505,262.84744398228145,61.254751930133935,201.59269205214747,23.304298113799852,19.264444444444514,1.4819796396695628,59.77277229046438,2856.961432782338,2.5,5,191572.94354225963,98,41.83673469387755,45,213,nan,nan,1.1651977424236228,1.064066909328862,13,0.3330845364197783,0.5605927473917476,-0.10113083309476095,0.0,0,0,0,,,,,,,,,,,,,,,,,,,,,,,,,
strongly_constrained_severe,C3,8032,2242,956,39.833333333333336,42.64049955396967,1108.5382403748515,4228.607425754236,1105.2725506850038,95.6989247311828,84.46820483961733,4.301075268817205,0.017188089083738024,2641.2580484866394,0,1210.0,54.25799999999982,6.570416666666672,101.23708697323237,64.11406398254891,37.123022990683474,63.330609265259696,19.390587569227193,0.856428982919859,63.25763499962905,370.1793612937983,2.5,5,15847.548290919834,49,8.16326530612245,23,121,nan,nan,1.149463976496683,1.147596163200187,6,0.2822732844329436,0.5177062340402665,-0.001867813296495904,0.0,0,0,0,,,,,,,,,,,,,,,,,,,,,,,,,
strongly_constrained_severe,C3,8033,2216,982,40.916666666666664,44.314079422382676,1024.9219346510133,20363.317738969487,1021.8732898550952,90.76923076923077,78.25099375354911,9.230769230769232,0.03893507592382676,7711.969663797,0,2370.0,53.537999999999826,6.487916666666671,176.2932444936792,65.26875080703752,111.02449368664168,37.02283147291992,19.431895025071775,1.9546123721985373,63.31413843483899,1494.678069880432,2.5,5,46271.81798278199,95,41.05263157894737,40,237,nan,nan,1.248524446152579,1.2125346583578116,9,0.28366321684464824,0.5165194031077573,-0.035989787794767615,0.0,0,0,0,,,,,,,,,,,,,,,,,,,,,,,,,
strongly_constrained_severe,C3,8034,2101,892,37.166666666666664,42.4559733460257,17578.47990693672,72171.30956765177,17575.502738931933,92.49394673123487,75.17772511848342,7.506053268765134,0.04185476750413714,51036.50590801804,0,2300.0,51.08799999999985,6.174027777777783,405.7505986901398,57.702586843651325,348.04801184648846,14.221195736969733,19.36539231254883,1.4669745833778562,56.23561226027348,5092.793776282183,2.5,5,306219.0354481082,88,23.863636363636363,58,230,nan,nan,1.2122375592306107,1.1225066956342593,10,0.22334388402974173,0.4580173855236052,-0.08973086359635159,0.0,0,0,0,,,,,,,,,,,,,,,,,,,,,,,,,
strongly_constrained_severe,C3,8035,2121,669,27.875,31.541725601131542,11789.164290724144,21805.909085514,11785.932402096329,93.20388349514563,81.91925102399064,6.796116504854369,0.11991400927948077,17631.990349420095,0,2030.0,51.321999999999846,6.215277777777782,183.8526817406784,64.84660046934079,119.00608127133764,35.27095708117328,19.349999999999994,1.51766589650536,63.328934572835436,1597.069875245164,2.5,5,105791.94209652058,87,40.229885057471265,46,203,nan,nan,1.214461355142718,1.154536099225478,12,0.27297838921085416,0.4807335752139079,-0.05992525591723989,0.0,0,0,0,,,,,,,,,,,,,,,,,,,,,,,,,
strongly_constrained_severe,C3,8036,2213,1265,52.708333333333336,57.16222322638952,820.3923470139924,3981.4722390111147,817.4149779448909,89.56916099773242,73.9841986455982,10.430839002267573,0.040693084792151425,2404.6085103561877,0,2510.0,53.66199999999981,6.492777777777782,96.91784993240387,61.52036078165988,35.39748915074397,63.47681136608762,19.485555555555596,1.7736112929392165,59.746749488720674,347.69598578961154,2.5,5,14427.651062137129,97,29.896907216494846,59,251,nan,nan,1.2271466008940959,1.1478855146189817,19,0.32657622938184055,0.5713917169303173,-0.07926108627511433,0.0,0,0,0,,,,,,,,,,,,,,,,,,,,,,,,,
strongly_constrained_severe,C3,8037,2103,786,32.75,37.375178316690445,1130.0781039527435,3449.2250352660467,1127.1552306411184,86.88118811881188,73.27839905826957,13.118811881188119,0.1311602703850418,2348.5148828813476,0,3200.0,50.93999999999983,6.166250000000005,91.68062333200353,59.05291041084398,32.62771292115956,64.41154986151801,19.261307950721744,2.757211047252647,56.29569936359133,310.56556862417904,2.5,5,14091.089297288088,155,33.5483870967742,62,320,nan,nan,1.2777133213796013,1.280561122244489,6,0.29451007277713326,0.5396715871429099,0.002847800864887673,0.0,0,0,0,,,,,,,,,,,,,,,,,,,,,,,,,
strongly_constrained_severe,C3,8038,2142,937,39.041666666666664,43.74416433239963,11187.616102497252,38956.719871323534,11184.658896614368,86.03603603603604,76.97290930506479,13.963963963963963,0.010782060894776907,31917.415422265745,0,2900.0,51.727999999999824,6.269722222222225,258.29111389680054,61.98049288220498,196.31062101459554,23.996370586318,19.449208781754038,2.2206373545201377,59.75985552768484,2783.8238475590597,2.5,5,191504.49253359446,122,35.24590163934426,55,290,nan,nan,1.1258561078200358,1.115175405756568,13,0.27234689158536857,0.5073239831133706,-0.010680702063467596,0.0,0,0,0,,,,,,,,,,,,,,,,,,,,,,,,,
strongly_constrained_severe,C3,8039,2168,813,33.875,37.5,11779.999479007176,20715.120984684407,11776.758002057026,94.0552016985138,84.38420742486741,5.9447983014862,0.07488409633078022,16793.58380004456,0,1450.0,52.317999999999806,6.343194444444446,168.9893443002665,57.422579235683656,111.56676506458288,33.98000002512176,19.5316666666667,1.219418408477792,56.203160827205856,1510.17106418218,2.5,5,100761.50280026732,70,17.142857142857142,32,145,nan,nan,1.2872722188563175,1.1175374003821594,0,0.35727268490469316,0.5875859335310589,-0.1697348184741576,0.0,0,0,0,,,,,,,,,,,,,,,,,,,,,,,,,
strongly_constrained_severe,C3,8040,2159,619,25.791666666666668,28.670680870773506,1917.3834786960688,22535.95215279661,1914.1685204261632,93.48314606741573,81.38856476079347,6.51685393258427,0.030924310710302164,6515.9229665337825,0,1660.0,51.97999999999984,6.3084722222222265,186.40964686341937,64.3608080926058,122.04883877081353,34.52654365026632,19.44611111111117,1.1132562418872438,63.24755185071855,1646.95660192451,2.5,5,39095.5377992027,66,31.818181818181817,35,166,nan,nan,1.0781427720305476,1.0385365325245082,11,0.2814683420895846,0.5037770461681406,-0.03960623950603911,0.0,0,0,0,,,,,,,,,,,,,,,,,,,,,,,,,
strongly_constrained_severe,C3,8041,2106,1018,42.416666666666664,48.338081671415004,662.9878653308047,1585.3936579574743,660.1382916853618,85.74561403508771,72.9090909090909,14.25438596491228,0.21025987402036042,1072.207781784368,0,2990.0,50.81799999999983,6.161527777777783,77.16634519580545,54.73194574417983,22.43439945162561,70.92722300803604,19.359398210578796,2.0152560375810737,52.71668970659874,181.34407558778366,2.5,5,6433.24669070621,150,28.666666666666668,64,299,nan,nan,1.1308320867086286,1.0488441672076547,13,0.2943986564678653,0.5430024398909479,-0.08198791950097377,0.0,0,0,0,,,,,,,,,,,,,,,,,,,,,,,,,
strongly_constrained_severe,C3,8042,2156,861,35.875,39.935064935064936,4878.671407268082,21428.557231511822,4875.683291251247,89.46135831381733,77.55928282244071,10.53864168618267,0.11185046823575788,16777.920097838574,0,2840.0,52.40799999999985,6.3344444444444505,173.54547508976046,58.230041517440746,115.3154335723197,33.55318914960085,19.435555555555588,1.9662913202512355,56.26375019718951,1567.5317622856967,2.5,5,100667.52058703144,127,37.79527559055118,63,284,nan,nan,1.1206592289055723,1.0518350133102028,14,0.26560583854275716,0.501625460791386,-0.06882421559536984,0.0,0,0,0,,,,,,,,,,,,,,,,,,,,,,,,,
strongly_constrained_severe,C3,8043,2098,711,29.625,33.889418493803625,6213.320030304882,55667.6751764357,6210.392846557569,87.08133971291866,73.63095238095238,12.918660287081341,0.011101617541224152,22803.06742030921,0,3000.0,51.30799999999984,6.1855555555555615,334.7209726967126,61.94946595387078,272.7715067428418,18.507793358381097,19.471111111111085,2.2228349405506016,59.72663101332017,3944.7136911065263,2.5,5,136818.40452185526,131,22.900763358778626,53,300,nan,nan,1.1625937387141776,1.1772732744641228,13,0.26697210675768496,0.4867559524121984,0.01467953574994512,0.0,0,0,0,,,,,,,,,,,,,,,,,,,,,,,,,
strongly_constrained_severe,C3,8044,2146,607,25.291666666666668,28.28518173345759,29178.90345113568,56306.772517533835,29175.950688258465,89.82683982683983,77.0190023752969,10.173160173160174,0.002690306336032552,46405.734602370554,0,3070.0,51.9699999999998,6.291527777777779,338.1383444366575,62.39297633976059,275.745368096897,18.45190803299993,19.35968086066559,2.614432998376934,59.77854334138365,3985.6074974276034,2.5,5,278434.4076142233,148,41.891891891891895,71,307,nan,nan,1.2393891230737337,1.136687167438325,14,0.3246907608320089,0.5544311915910317,-0.10270195563540876,0.0,0,0,0,,,,,,,,,,,,,,,,,,,,,,,,,
strongly_constrained_severe,C3,8045,2152,1228,51.166666666666664,57.06319702602231,559.7933923941287,2904.7567739563187,556.7287993556333,90.22727272727272,77.80373831775701,9.772727272727273,0.11760845472262531,1858.4075579187645,0,2370.0,52.08199999999982,6.306805555555557,96.39490871997461,64.63797787796054,31.756930842014057,67.05538574213773,19.35000000000001,1.310683433322306,63.32729444463824,281.7462438939483,2.5,5,11150.445347512588,98,26.53061224489796,50,237,nan,nan,0.9925604633925387,0.9995058610371429,15,0.2551129656573421,0.4518765828913494,0.006945397644604281,0.0,0,0,0,,,,,,,,,,,,,,,,,,,,,,,,,
strongly_constrained_severe,C3,8046,2150,561,23.375,26.093023255813954,2403.1283777739477,5642.720181652699,2399.819716247479,96.85990338164251,82.31566820276498,3.140096618357488,0.027956443825851395,4130.2421372324425,0,940.0,52.13999999999983,6.308333333333339,108.61273057726883,63.71510767155006,44.89762290571876,58.66265154453705,19.31843661641521,0.40554035059241966,63.30956732095764,476.88340650366035,2.5,5,24781.452823394644,32,46.875,21,94,nan,nan,1.0745701930176141,0.9983124143022889,2,0.20567450690855396,0.40752080619825587,-0.0762577787153254,0.0,0,0,0,,,,,,,,,,,,,,,,,,,,,,,,,
strongly_constrained_severe,C3,8047,2194,959,39.958333333333336,43.710118505013675,13288.717028517114,72455.79959239464,13285.662792164912,88.08988764044943,77.87307032590051,11.910112359550562,0.027828298929596807,36905.63330006754,0,2710.0,52.629999999999825,6.397361111111117,410.63848663260853,61.178926290169734,349.4595603424388,14.898488154839102,19.385555555555587,1.4483435592579466,59.73058273091179,5109.237435821444,2.5,5,221433.79980040522,93,27.956989247311824,64,271,nan,nan,1.0632288198444133,1.0532403389456078,16,0.2902340113297461,0.5067040483324193,-0.009988480898805488,0.0,0,0,0,,,,,,,,,,,,,,,,,,,,,,,,,
strongly_constrained_severe,C3,8048,2253,1067,44.458333333333336,47.35907678650688,2097.4043747063583,20416.82368287242,2094.130596327263,94.1834451901566,80.45404208194907,5.8165548098434,0.10616279937836275,16067.609795138766,0,1100.0,54.443999999999825,6.597083333333338,175.18489076969345,63.91590094142252,111.26898982827092,36.48482506716259,19.282604853556133,0.5635994349918173,63.352301506430706,1493.7513025935966,2.5,5,96405.6587708326,33,18.181818181818183,23,110,nan,nan,1.1292802997298947,1.111440271848044,3,0.3980352008364556,0.6147924870326961,-0.01784002788185066,0.0,0,0,0,,,,,,,,,,,,,,,,,,,,,,,,,
strongly_constrained_severe,C3,8049,2127,706,29.416666666666668,33.19228960977903,8648.076033232306,55791.25353928159,8644.980751670997,91.01654846335697,79.04929577464789,8.983451536643026,0.024771229286334892,40251.08679426088,0,2210.0,51.08999999999984,6.206666666666672,334.22160483383203,61.15417479968747,273.06743003414454,18.29749301517837,19.33944444444443,1.4244198743960141,59.72975492529145,3952.000667326368,2.5,5,241506.52076556528,104,35.57692307692308,50,221,nan,nan,1.1169692325828129,1.0666627372391846,7,0.29143581280207476,0.5115853175696266,-0.05030649534362843,0.0,0,0,0,,,,,,,,,,,,,,,,,,,,,,,,,
strongly_constrained_severe,C3,8050,2089,667,27.791666666666668,31.92915270464337,19402.534507105884,37605.9423154998,19399.17963131909,95.95959595959596,85.4695806261075,4.040404040404041,0.09032279298395125,31076.089016265505,0,1170.0,50.55399999999984,6.1219444444444475,245.56403375361714,56.95659347598183,188.6074402776353,23.194192001719742,19.511788581391276,0.7525691267861927,56.20402434919565,2689.3349477335228,2.5,5,186456.534097593,35,25.71428571428571,26,117,nan,nan,1.4230044246909659,1.2092501835353877,7,0.4912597472172067,0.7162792151156055,-0.2137542411555785,0.0,0,0,0,,,,,,,,,,,,,,,,,,,,,,,,,
strongly_constrained_severe,C3,8051,2102,720,30.0,34.25309229305423,1794.7646322731878,5469.047875117001,1791.6100704074504,92.8395061728395,77.4896876841485,7.160493827160494,0.0,3694.909535048549,0,2030.0,50.98199999999985,6.16791666666667,99.69284448928927,57.85534565857034,41.837498830718914,58.03359905613503,19.253888888888884,1.6211710143825673,56.234174644187775,449.97468150536537,2.5,5,22169.457210291293,97,35.051546391752574,37,203,nan,nan,1.1648537717145522,1.1138962416812237,5,0.2975469655889319,0.5432655571349049,-0.050957530033328695,0.0,0,0,0,,,,,,,,,,,,,,,,,,,,,,,,,
strongly_constrained_severe,C3,8052,2123,627,26.125,29.533678756476682,11869.401073158033,22175.11354190781,11866.115790501386,95.8041958041958,83.3530106257379,4.195804195804196,0.033340591285113734,17463.005867644864,0,1220.0,51.527999999999835,6.232083333333339,179.4130294086361,60.55066794458776,118.86236146404836,33.74931472043531,19.321199995875336,0.7325046719506911,59.81816327263707,1615.7026324681347,2.5,5,104778.0352058692,44,15.909090909090908,23,122,nan,nan,1.0385914686515891,1.1150873174921272,6,0.2709418837675351,0.45647137557210044,0.07649584884053821,0.0,0,0,0,,,,,,,,,,,,,,,,,,,,,,,,,
strongly_constrained_severe,C3,8053,2168,958,39.916666666666664,44.18819188191882,3481.035223707529,55651.85606505395,3477.9906078618737,93.89978213507625,77.17963721474547,6.1002178649237475,0.03839925765502953,22711.355125243525,0,1930.0,52.841999999999814,6.379583333333336,333.16814515377604,61.12960981598003,272.038535337796,18.34797555083342,19.475000000000062,1.4204125180884215,59.709197297891606,3941.0875295303777,2.5,5,136268.1307514611,85,18.823529411764707,29,193,nan,nan,1.1724813262889417,1.1958462379304065,12,0.23323920568409548,0.4633524236980516,0.023364911641464748,0.0,0,0,0,,,,,,,,,,,,,,,,,,,,,,,,,
strongly_constrained_severe,C3,8054,2129,833,34.708333333333336,39.12635039924847,8625.441309410138,39347.51705813756,8622.548299204598,88.9908256880734,74.54223272297696,11.009174311926607,0.024568164549361504,31864.088245007246,0,3030.0,51.81399999999984,6.259444444444448,259.7964274425082,61.66484508523966,198.1315823572686,23.73583258718437,19.335555555555622,1.891946837640677,59.77289824759898,2809.549971855392,2.5,5,191184.52947004346,141,24.113475177304963,65,303,nan,nan,1.0538699777176732,1.0973415362192918,14,0.3163249576075227,0.5435897721067403,0.04347155850161862,0.0,0,0,0,,,,,,,,,,,,,,,,,,,,,,,,,
strongly_constrained_severe,C3,8055,2170,709,29.541666666666668,32.672811059907836,1715.3557761673594,4193.643942700094,1712.0096256979264,93.89671361502347,84.23165137614679,6.103286384976526,0.03733268254564953,3042.4089051741394,0,1560.0,52.62399999999984,6.366944444444451,96.96849309940289,60.88014049597731,36.08835260342558,62.7834243371904,19.38555555555559,1.1310944902649123,59.7490460057124,366.3620755874786,2.5,5,18254.45343104484,77,31.16883116883117,21,156,nan,nan,1.0745952336327331,1.0140424734360807,10,0.2925563356929686,0.5298081046504282,-0.0605527601966523,0.0,0,0,0,,,,,,,,,,,,,,,,,,,,,,,,,
strongly_constrained_severe,C3,8056,2190,742,30.916666666666668,33.881278538812786,12036.173434273898,38307.13020584259,12032.812208974072,93.86792452830188,85.16421291053227,6.132075471698113,0.0770248471023272,20015.361258482062,0,1310.0,52.409999999999826,6.377083333333337,259.2503522964364,64.28478442847111,194.96556786796526,24.796411599458704,19.350000000000016,0.9738424036647605,63.31094202480635,2742.1563275507297,2.5,5,120092.16755089238,47,29.78723404255319,25,131,nan,nan,1.340255732704347,1.2697075567063334,8,0.4008370723748381,0.617905139780309,-0.07054817599801373,0.0,0,0,0,,,,,,,,,,,,,,,,,,,,,,,,,
strongly_constrained_severe,C4,8007,2157,804,33.5,37.27399165507649,5573.215389706819,38453.33213343304,5570.120134689677,90.46454767726162,76.31578947368422,9.535452322738386,0.06188203381603478,19850.049661050554,0,2190.0,52.257999999999825,6.3252777777777816,255.83861829585956,61.436415386188905,194.40220290967068,24.013737955362927,19.4605555555556,1.744898964877331,59.691516421311576,2750.7506363417447,2.5,5,119100.29796630332,113,66.3716814159292,38,219,nan,nan,1.1647254905851308,1.0438897597174548,6,0.32250639893648686,0.5543783900772593,-0.12083573086767596,0.0,0,0,0,202,0.5586696853861213,2.7656915118124816,5.29031422920525,7.9652490094304085,,,,,,,,,,,,,,,,,,,,
strongly_constrained_severe,C4,8008,2130,760,31.666666666666668,35.68075117370892,1487.9885971841477,3386.463403328673,1484.8710058866366,94.0909090909091,78.63905325443787,5.909090909090909,0.048710204179129184,2194.9302976995064,0,1370.0,51.38199999999983,6.230694444444448,89.82875386336397,57.12054800566784,32.70820585769613,63.58826717395226,19.48555555555557,0.9006927566902027,56.21985524897762,320.1641510234763,2.5,5,13169.581786197037,67,55.223880597014926,31,137,nan,nan,1.085344242203415,1.116795574620315,11,0.23377333178754203,0.4275033318548791,0.031451332416899916,0.0,0,0,0,121,0.36185185913927853,2.990511232556021,6.590658100321889,7.915901020169258,,,,,,,,,,,,,,,,,,,,
strongly_constrained_severe,C4,8009,2125,939,39.125,44.188235294117646,15921.652646016604,38246.37278613987,15918.324529839396,94.93975903614458,83.5672514619883,5.0602409638554215,0.014815740427232308,30988.954629255106,0,950.0,50.97799999999985,6.196388888888895,257.6492351378295,63.9659617500551,193.68327338777436,24.826761746774253,19.289444444444463,0.6447681843905452,63.32119356566455,2740.972412481485,2.5,5,185933.72777553063,53,62.264150943396224,18,95,nan,nan,1.114176404757567,1.0510111131353619,5,0.23946594487676653,0.46388613060290546,-0.06316529162220547,0.0,0,0,0,77,0.2537224320694804,3.2950965203828626,6.620142562314868,7.985247066244483,,,,,,,,,,,,,,,,,,,,
strongly_constrained_severe,C4,8010,2174,888,37.0,40.84636614535418,1204.7423283021262,4853.1534444275585,1201.64863717784,92.18390804597702,76.76825761932145,7.816091954022989,0.0013017771915604269,3152.7419537614,0,1880.0,51.96799999999985,6.326388888888895,105.32245950774933,64.11116571869523,41.211293789054096,60.87131464488647,19.255461436976393,0.8314748820798347,63.27969083661538,418.40201436292955,2.5,5,18916.451722568403,58,60.3448275862069,43,188,nan,nan,0.9981020865259933,0.9810208652599315,3,0.2003418601909702,0.41282413484601,-0.017081221266061538,0.0,0,0,0,170,0.36246380116790533,2.1321400068700314,5.235445441212505,7.85789592191577,,,,,,,,,,,,,,,,,,,,
strongly_constrained_severe,C4,8011,2099,1118,46.583333333333336,53.26345878989996,4436.650780056496,21843.15839460561,4433.737459131735,87.96498905908096,73.14250913520097,12.035010940919037,0.04124510892247335,17480.460366990847,0,2740.0,50.971999999999845,6.163472222222229,179.58761293961132,61.94641020540974,117.64120273420156,34.493698753176275,19.264444444444425,2.1204814117912627,59.82592879361847,1595.3446631965232,2.5,5,104882.7622019451,126,67.46031746031747,57,274,nan,nan,1.1453022777071653,1.104504729302964,4,0.25414252629773165,0.47848347322892026,-0.04079754840420139,0.0,0,0,0,257,0.6544193862937391,2.5463789349950936,5.2992654498666525,7.974339881911874,,,,,,,,,,,,,,,,,,,,
strongly_constrained_severe,C4,8012,2175,1039,43.291666666666664,47.770114942528735,4483.219740111367,22733.080980141436,4480.164951304055,90.82774049217002,78.7037037037037,9.172259507829978,0.0,18174.635613096252,0,2700.0,52.383999999999844,6.3565277777777816,188.13147706596604,64.98892236787744,123.1425546980886,34.54441722428504,19.47111111111116,1.759279501466225,63.22964286641121,1664.2666315754154,2.5,5,109047.81367857751,111,52.25225225225225,55,270,nan,nan,1.219128733657792,1.1840347361389445,11,0.2605448993224544,0.4799174829593803,-0.035093997518847224,0.0,0,0,0,252,0.5860145231708884,2.325454457027335,5.239325889851898,7.9115331172943115,,,,,,,,,,,,,,,,,,,,
strongly_constrained_severe,C4,8013,2190,691,28.791666666666668,31.552511415525114,1752.8136847147014,4644.223600039153,1749.6135125143462,90.6318082788671,83.30444829578279,9.368191721132897,0.031480720756853785,3119.9762303132406,0,2070.0,52.83399999999981,6.406527777777783,100.58005680307272,61.094333939302196,39.48572286377052,60.74199585999415,19.300000000000054,1.3003869770298904,59.79394696227231,404.1987660348697,2.5,5,18719.857381879454,95,60.0,39,207,nan,nan,1.0144815947684844,1.0081215061702353,15,0.2522202299335513,0.4651111989008985,-0.006360088598249124,0.0,0,0,0,190,0.4903171721380204,2.580616695463265,5.318201158661395,8.01053293980658,,,,,,,,,,,,,,,,,,,,
strongly_constrained_severe,C4,8014,2185,890,37.083333333333336,40.73226544622426,1058.4585421493957,4021.9576086377424,1055.3632603484514,91.93548387096774,80.46830382638493,8.064516129032258,0.05814694620266098,2452.0172810412437,0,2260.0,53.12399999999981,6.4204166666666715,97.11874317059522,61.240946698170305,35.877796472424926,63.05780398187063,19.275000000000045,1.4870981212866274,59.753848576883684,362.4454880236836,2.5,5,14712.103686247463,95,65.26315789473685,43,226,nan,nan,1.2311129435905304,1.1119367922447767,7,0.3383129896155948,0.5743534976744011,-0.11917615134575371,0.0,0,0,0,209,0.4972762013785541,2.379311968318441,5.249395268037915,7.939324947074056,,,,,,,,,,,,,,,,,,,,
strongly_constrained_severe,C4,8015,2167,890,37.083333333333336,41.070604522381174,835.5352836211587,19888.708090289303,832.6192193764869,88.42592592592592,74.69740634005764,11.574074074074074,0.11503133675339487,4484.71409173302,0,3200.0,52.63999999999984,6.3643055555555605,169.91104742716118,62.086131062667164,107.82491636449399,36.540373332277134,19.46055555555554,2.2920221389153212,59.79410892375184,1461.6496572442047,2.5,5,26908.284550398123,140,55.00000000000001,71,320,nan,nan,1.119724597710272,1.0748030714895138,8,0.23341732970892282,0.4509484952378788,-0.04492152622075834,0.0,0,0,0,303,0.7498268142808229,2.4746759547221875,5.294642993248999,7.9670618288218975,,,,,,,,,,,,,,,,,,,,
strongly_constrained_severe,C4,8016,2230,828,34.5,37.130044843049326,1086.4004590163697,21398.79164391047,1083.294767110899,90.82568807339449,77.98216276477146,9.174311926605505,0.04567179930372744,14121.977998196178,0,2560.0,53.70799999999982,6.5172222222222285,182.00129310878629,65.35569577133553,116.64559733745075,35.90946781475391,19.350000000000026,2.0347893202451437,63.320906451090394,1567.2595801657271,2.5,5,84731.86798917707,129,58.139534883720934,54,256,nan,nan,1.1586281807312104,1.0836294437614726,11,0.29754466917027333,0.5176726789428499,-0.0749987369697378,0.0,0,0,0,238,0.6249330097343773,2.62576894846377,5.33511508256197,8.043010951951146,,,,,,,,,,,,,,,,,,,,
strongly_constrained_severe,C4,8017,2192,535,22.291666666666668,24.40693430656934,24936.347637214672,56140.29315507794,24933.131312531827,92.56756756756756,82.72311212814645,7.4324324324324325,0.0,46116.250965157706,0,1840.0,53.019999999999825,6.421944444444449,339.8887170024065,64.5200475125832,275.3686694898233,18.982697655164113,19.435555555555624,1.2306999246735242,63.289347587909674,3984.2937181205302,2.5,5,276697.50579094625,84,65.47619047619048,40,184,nan,nan,1.1124055339594854,1.0431948233817032,11,0.26949078880652877,0.5052244740729237,-0.06921071057778208,0.0,0,0,0,166,0.41334395948797464,2.4900238523371967,5.263555212877691,8.066832087934017,,,,,,,,,,,,,,,,,,,,
strongly_constrained_severe,C4,8018,2148,974,40.583333333333336,45.344506517690874,3644.4110830338295,21467.130163848175,3641.244021537656,91.74757281553399,81.62442396313364,8.25242718446602,0.04140740770857584,17370.0082939026,0,2040.0,52.275999999999854,6.315277777777782,180.84147350829596,64.63170201660759,116.20977149168834,35.73942457046097,19.328923532550675,1.295439632498999,63.33626238410859,1574.2765815926155,2.5,5,104220.0497634156,80,63.74999999999999,49,204,nan,nan,1.1549227487232532,1.1360786088305646,5,0.3017971426724417,0.5380339866705263,-0.018844139892688603,0.0,0,0,0,186,0.443943535676226,2.386793202560355,5.239092803094536,7.993805222213268,,,,,,,,,,,,,,,,,,,,
strongly_constrained_severe,C4,8019,2214,1338,55.75,60.43360433604336,646.0774671521498,20186.709564637396,642.8516575329776,92.82296650717703,79.62138084632517,7.177033492822966,0.11307295871660973,4610.351705739517,0,1780.0,53.74399999999984,6.499722222222228,166.84347647472055,57.59472760159431,109.24874887312622,34.520215484913386,19.349586005038773,1.322013691923471,56.272713909670834,1471.1321403513782,2.5,5,27662.110234437092,74,68.91891891891892,41,178,nan,nan,1.2291991390187784,1.134194314555036,6,0.32123506271802865,0.563341747128965,-0.09500482446374231,0.0,0,0,0,162,0.3836819757707417,2.3684072578440847,5.167915520723909,8.097448851913214,,,,,,,,,,,,,,,,,,,,
strongly_constrained_severe,C4,8020,2150,718,29.916666666666668,33.395348837209305,2013.0877472843317,5504.170675979409,2010.0676243060473,92.13483146067416,77.12609970674487,7.865168539325842,0.03801182511668547,3865.6279318176175,0,2540.0,52.09599999999983,6.305277777777784,100.7127604693252,57.81851224267714,42.89424822664806,57.40932129478005,19.36444444444446,1.5725285075255298,56.24598373515161,460.78698018564086,2.5,5,23193.767590905707,108,62.03703703703704,61,254,nan,nan,1.149862750711507,1.1368787996160392,10,0.2777150940536536,0.4947194368730268,-0.012983951095468248,0.0,0,0,0,238,0.5809461190365255,2.440950079985401,5.164455494377762,8.573486004024744,,,,,,,,,,,,,,,,,,,,
strongly_constrained_severe,C4,8021,2088,923,38.458333333333336,44.20498084291188,2682.6193928394523,21593.35608930727,2679.5556297920252,90.93198992443325,77.94204612655233,9.06801007556675,0.04368555232156163,17388.307290829227,0,2080.0,50.37199999999985,6.108055555555562,178.49180768405353,61.427059694234515,117.064747989819,34.4144980608667,19.289444444444474,1.6099338407116572,59.81712585352286,1576.8943359682796,2.5,5,104329.84374497535,83,66.26506024096386,40,208,nan,nan,1.2704886212215007,1.1989109108268894,8,0.3097923595882865,0.557053385537554,-0.07157771039461121,0.0,0,0,0,191,0.46420013322494924,2.43036718965942,5.179729545488954,8.009719895198941,,,,,,,,,,,,,,,,,,,,
strongly_constrained_severe,C4,8022,2112,1480,61.666666666666664,70.07575757575758,3580.3308829917505,20131.52273159982,3577.270092645338,90.99307159353349,77.60571768910066,9.006928406466514,0.1159050479722316,15856.872687544674,0,2060.0,51.10799999999984,6.1891666666666705,166.05374181981716,57.73895733121877,108.31478448859839,34.77124736753635,19.300000000000043,1.4372860237498115,56.30167130746896,1470.49586280149,2.5,5,95141.23612526806,92,52.17391304347826,31,206,nan,nan,1.0185001582111592,1.0081847906338994,14,0.27345216749288054,0.47246811196735233,-0.01031536757725978,0.0,0,0,0,190,0.5051795835606754,2.6588399134772387,6.6288846312090755,8.02033394575119,,,,,,,,,,,,,,,,,,,,
strongly_constrained_severe,C4,8023,2174,913,38.041666666666664,41.99632014719411,3543.722308869317,39446.47561959153,3540.643472289751,91.5929203539823,79.61672473867596,8.4070796460177,0.0,25866.89563456446,0,1960.0,52.683999999999834,6.376111111111114,259.4615176613028,61.168332822493404,198.29318483880942,23.57510792885349,19.307804611281124,1.4169807714948601,59.75135205099854,2815.640005310533,2.5,5,155201.37380738676,78,62.82051282051282,40,196,nan,nan,1.1937058474490883,1.1173296313296988,4,0.276015718588014,0.5118363673092027,-0.0763762161193896,0.0,0,0,0,179,0.42511561745777726,2.374947583563001,5.246623931452632,7.914053043350577,,,,,,,,,,,,,,,,,,,,
strongly_constrained_severe,C4,8024,2145,789,32.875,36.78321678321678,1438.5077513621588,4287.088625478797,1435.5377785729493,90.19138755980862,75.56456282570933,9.808612440191387,0.07366642859193162,2960.643573351763,0,2990.0,51.89799999999984,6.2852777777777815,99.45705815389412,61.97100735872188,37.486050795172254,62.30931068042603,19.32500000000005,2.1768527160424096,59.79415464267947,375.1167082397216,2.5,5,17763.861440110577,109,65.13761467889908,62,299,nan,nan,1.2011682940348785,1.1077047712446169,14,0.3475035176736452,0.5772398012975158,-0.09346352279026136,0.0,0,0,0,282,0.6295318885240704,2.2323825834186892,5.143425217829645,7.747302995994687,,,,,,,,,,,,,,,,,,,,
strongly_constrained_severe,C4,8025,2122,785,32.708333333333336,36.99340245051838,9238.83639984795,38005.99256927534,9235.565430622013,94.13145539906104,85.02358490566037,5.868544600938967,0.04723352918847248,16607.95691479217,0,1300.0,51.44799999999983,6.22527777777778,256.24206808328177,64.03263104231377,192.209437040968,24.989117330064005,19.43555555555562,0.7772996095689978,63.25533143274478,2724.081674257093,2.5,5,99647.74148875299,51,56.86274509803921,26,130,nan,nan,1.052426281133696,1.0014314342971657,4,0.2740838820498139,0.49776509447403994,-0.0509948468365302,0.0,0,0,0,112,0.25303974794223905,2.2592834637699917,4.4754277914762355,7.788617862388492,,,,,,,,,,,,,,,,,,,,
strongly_constrained_severe,C4,8026,2127,623,25.958333333333332,29.29007992477668,13094.162015922991,21169.43636720262,13091.053216484552,91.76201372997713,80.76923076923077,8.237986270022883,0.028886707955360177,16588.20030166349,0,2250.0,51.38999999999983,6.2275000000000045,175.43825248301573,61.310426522606704,114.12782596040907,34.94701164362213,19.460463894870948,1.5830197165144888,59.72740680609222,1548.6186932723144,2.5,5,99529.20180998094,97,67.0103092783505,41,225,nan,nan,1.1223986434407278,1.0799098196392787,6,0.2207684599969169,0.4449534418388946,-0.042488823801449055,0.0,0,0,0,208,0.4862882951274514,2.337924495805055,5.264771054498851,7.935989880934358,,,,,,,,,,,,,,,,,,,,
strongly_constrained_severe,C4,8027,2121,1082,45.083333333333336,51.013672795851015,984.8614840710665,2451.7079409360476,981.6493680687161,93.75,80.93841642228739,6.25,0.11496069054177603,1706.9524772553968,0,1490.0,51.70999999999984,6.2422222222222254,90.35880887961082,60.871479266503556,29.48732961310724,67.36640292326719,19.328888888888947,1.0953095119962706,59.77616975450729,254.1402635931555,2.5,5,10241.714863532387,71,49.29577464788733,27,149,nan,nan,1.117781016578612,1.1054836946620517,4,0.3032428493350337,0.5166928928955964,-0.012297321916560392,0.0,0,0,0,132,0.3572154729627073,2.7061778254750553,5.308320699259639,7.996937958523631,,,,,,,,,,,,,,,,,,,,
strongly_constrained_severe,C4,8028,2166,1029,42.875,47.50692520775623,5186.366908798041,20814.39165385424,5183.268479523979,90.52132701421802,76.72018348623854,9.47867298578199,0.08851964671433521,16248.759616470843,0,2240.0,52.34399999999983,6.342500000000005,174.89405241060578,61.47935838292692,113.41469402767885,35.15234368209924,19.310555555555606,1.6828037940153366,59.796554588911576,1531.3018649802268,2.5,5,97492.55769882507,109,73.39449541284404,42,224,nan,nan,1.098138305596701,1.118962562806773,15,0.29929424065522353,0.5275256624208706,0.020824257210072316,0.0,0,0,0,207,0.5530350776389241,2.671667041733933,5.202028481289744,7.778860861435533,,,,,,,,,,,,,,,,,,,,
strongly_constrained_severe,C4,8029,2080,735,30.625,35.33653846153847,10132.290787639042,22523.90637094132,10129.39526911643,88.20861678004535,75.28981086028065,11.791383219954648,0.03901913298998671,18236.233476363694,0,2630.0,50.64199999999983,6.116805555555559,182.98701524874764,61.80887703663258,121.17813821211504,33.77773933992598,19.26390175116018,2.035724698399125,59.77315233823346,1646.6180407743625,2.5,5,109417.40085818214,98,60.204081632653065,58,263,nan,nan,1.222640402756733,1.1406715870765922,10,0.3341805562344201,0.5962987368077437,-0.08196881568014078,0.0,0,0,0,246,0.5402750445064157,2.196240018318763,5.175163911189884,7.790768053382635,,,,,,,,,,,,,,,,,,,,
strongly_constrained_severe,C4,8030,2182,1008,42.0,46.1961503208066,1033.6096833966003,3339.793146165645,1030.4940068762796,91.46608315098467,80.28985507246377,8.533916849015318,0.0801273987076747,2254.1902031865848,0,1970.0,52.52599999999983,6.375138888888891,93.66100074915362,61.09006958746004,32.570931161693586,65.22466031627587,19.44481085454372,1.3331966127098422,59.75687297475021,306.63743705856723,2.5,5,13525.14121911951,85,62.35294117647059,33,197,nan,nan,1.1372745490981964,1.1004676018704074,10,0.20460921843687377,0.4212237029347048,-0.03680694722778891,0.0,0,0,0,180,0.45967273507267237,2.553737417070402,5.35623834002763,8.03439598530531,,,,,,,,,,,,,,,,,,,,
strongly_constrained_severe,C4,8031,2117,766,31.916666666666668,36.18327822390175,2979.967380067641,39795.85797420724,2976.7668120702556,91.70506912442397,82.65002970885324,8.294930875576037,0.020393177797750652,23956.085360895548,0,2140.0,51.31199999999984,6.209583333333338,265.88592244793716,64.84214081902283,201.04378162891436,24.38720343748906,19.358593245910264,1.4819796396695628,63.360161179353284,2846.611479523352,2.5,5,143736.51216537325,98,64.28571428571429,45,214,nan,nan,1.1651977424236228,1.064066909328862,13,0.3330845364197783,0.5605927473917476,-0.10113083309476095,0.0,0,0,0,196,0.4957664899993688,2.529420867343718,5.279178032651544,7.945340825244784,,,,,,,,,,,,,,,,,,,,
strongly_constrained_severe,C4,8032,2242,681,28.375,30.374665477252456,1453.7733249795028,4302.27546131094,1450.4379829629409,96.55913978494624,86.94428812605514,3.4408602150537635,0.02032209752750456,3008.8208433573423,0,1040.0,54.22399999999982,6.568055555555563,101.87065433009016,64.01103620477112,37.859618125319045,62.835599344789706,19.339444444444464,0.743814909713815,63.2672212950573,380.3695197692807,2.5,5,18052.92506014405,45,68.88888888888889,18,104,nan,nan,1.2078575756163492,1.189681688959314,6,0.2787901384163677,0.5200661431952852,-0.018175886657034998,0.0,0,0,0,86,0.2549165685195476,2.964146145576135,6.694450392387807,8.053929079324007,,,,,,,,,,,,,,,,,,,,
strongly_constrained_severe,C4,8033,2216,852,35.5,38.44765342960289,3329.062294249188,40154.91592995684,3325.9559158075003,91.64835164835165,79.78421351504828,8.35164835164835,0.0,18070.801571688495,0,2030.0,53.469999999999814,6.4831944444444485,268.4143855606097,65.04005636259308,203.37432919801654,24.231211090549625,19.275000000000027,1.746074215133632,63.29398214745944,2869.4004190931037,2.5,5,108424.80943013098,82,58.536585365853654,35,203,nan,nan,1.280236147971619,1.2479337052483346,8,0.28552239614363867,0.5190946821619045,-0.03230244272328441,0.0,0,0,0,185,0.43801108468323946,2.3676274847742675,5.169084435328841,7.815241813659668,,,,,,,,,,,,,,,,,,,,
strongly_constrained_severe,C4,8034,2101,873,36.375,41.55164207520228,4221.500090930712,38079.37414120261,4218.425979509483,93.7046004842615,77.42890995260663,6.2953995157385,0.1424760988097659,16674.879654978675,0,1820.0,50.99199999999985,6.167361111111114,249.1173375795199,57.31667017698465,191.80066740253525,23.00790090881924,19.33896809203624,1.0812744772869676,56.23539569969769,2727.6411297495856,2.5,5,100049.27792987206,65,63.07692307692307,45,182,nan,nan,1.1094719559601132,1.0165391023009878,10,0.2185334524470628,0.4443515824470329,-0.0929328536591255,0.0,0,0,0,166,0.40147836366668344,2.418544359437852,5.4203306790441275,7.946420926600695,,,,,,,,,,,,,,,,,,,,
strongly_constrained_severe,C4,8035,2121,1199,49.958333333333336,56.529938708156536,791.3760655496045,20860.043002944665,788.0742300893321,93.68932038834951,83.85020479812756,6.310679611650485,0.07128134590240019,10536.219890230892,0,1710.0,51.257999999999846,6.210833333333337,175.17385452086967,61.08932269156302,114.08453182930667,34.873539124119134,19.263035333064657,1.3466119802701866,59.74271071129283,1533.5047734071854,2.5,5,63217.31934138535,77,71.42857142857143,38,171,nan,nan,1.2529214272701248,1.2102126330583245,10,0.2561746870364105,0.4703237186408217,-0.042708794211800225,0.0,0,0,0,154,0.3293359430972487,2.138545085047069,5.164920666720718,7.9399519599974155,,,,,,,,,,,,,,,,,,,,
strongly_constrained_severe,C4,8036,2213,879,36.625,39.71983732489833,1667.2580478746545,21889.134103841145,1664.1569363729725,92.06349206349206,77.14446952595937,7.936507936507936,0.02482150519170495,9042.209462933193,0,1990.0,53.55799999999981,6.48555555555556,179.7268324997622,61.160833003882104,118.5659994958801,34.02988421551525,19.3691895911498,1.4038794324217656,59.75695357146033,1598.374496574215,2.5,5,54253.256777599156,76,56.57894736842105,46,199,nan,nan,1.2167742077561718,1.1410953775683237,15,0.3147724019467506,0.5637607144508829,-0.07567883018784821,0.0,0,0,0,182,0.4325132784433663,2.376446584853661,5.340456229168922,8.085211971774697,,,,,,,,,,,,,,,,,,,,
strongly_constrained_severe,C4,8037,2103,817,34.041666666666664,38.84926295767951,1265.9829453872392,4638.084072379522,1262.9147718225793,88.86138613861387,76.45673925838729,11.138613861386139,0.09701420546521793,2587.8502681795476,0,2530.0,50.80599999999984,6.1569444444444485,97.01617695107966,58.43366041084397,38.58251654023567,60.230842161827404,19.254093461422496,2.154360210723453,56.279300200120524,400.5519471418801,2.5,5,15527.101609077286,122,65.57377049180327,47,253,nan,nan,1.260419573323863,1.2644783237360797,6,0.3054209685193171,0.5561389279173259,0.004058750412216835,0.0,0,0,0,237,0.6347973984666169,2.678470035724122,5.315033812075853,8.245686069130898,,,,,,,,,,,,,,,,,,,,
strongly_constrained_severe,C4,8038,2142,1015,42.291666666666664,47.385620915032675,1253.0219103962418,4087.046869560055,1249.9075289735615,88.96396396396396,80.56537102473497,11.036036036036036,0.04166236164036487,2675.117215172665,0,2140.0,51.57599999999983,6.259166666666672,98.37585753722915,61.45518732664942,36.92067021057973,62.4697856416575,19.49611111111114,1.7139515117929114,59.74123581485651,368.68825914468727,2.5,5,16050.70329103599,85,55.294117647058826,39,214,nan,nan,1.19523310580552,1.1744809415785888,10,0.27856728685797993,0.5175791993020816,-0.02075216422693102,0.0,0,0,0,197,0.4616125673055649,2.343211001551091,5.224047740921378,8.010075893253088,,,,,,,,,,,,,,,,,,,,
strongly_constrained_severe,C4,8039,2168,986,41.083333333333336,45.47970479704797,1204.6990197031394,3263.4808646999386,1201.3621602772437,95.32908704883228,88.09664113140838,4.670912951167728,0.07138771644273628,2298.983849906653,0,1370.0,52.30199999999981,6.3420833333333375,88.3935159307225,57.40724590235031,30.98627002837219,64.94508708912839,19.278888888888932,1.1115422762448282,56.29570362610548,299.922172929105,2.5,5,13793.903099439922,64,57.8125,31,137,nan,nan,1.275691879627023,1.1037778035409667,0,0.35972771990261515,0.5951539933278829,-0.17191407608605638,0.0,0,0,0,121,0.3362752969842404,2.7791346858201686,6.498257163912058,7.99369509331882,,,,,,,,,,,,,,,,,,,,
strongly_constrained_severe,C4,8040,2159,690,28.75,31.959240389069016,1550.8165551503373,21407.349352081677,1547.5797075868434,93.48314606741573,82.08868144690781,6.51685393258427,0.055989436474976756,14191.572054961674,0,1660.0,51.97999999999983,6.3084722222222265,181.48194921777142,64.47525253705024,117.00669668072118,35.52708840463378,19.261420424059477,1.113256241887244,63.361996295163,1571.1830825405866,2.5,5,85149.43232977008,66,51.515151515151516,35,166,nan,nan,1.0781427720305476,1.0385365325245082,11,0.2814683420895846,0.5037770461681406,-0.03960623950603911,0.0,0,0,0,148,0.3538815362844616,2.3910914613814973,5.226368561852723,7.89506291039288,,,,,,,,,,,,,,,,,,,,
strongly_constrained_severe,C4,8041,2106,594,24.75,28.205128205128204,19930.47379517052,55259.98812418492,19927.443452532756,89.25438596491229,78.3030303030303,10.74561403508772,0.04663934874740872,45370.40261321738,0,2270.0,50.673999999999836,6.15152777777778,328.0953551292754,57.79030685529092,270.3050482739844,17.6138753419781,19.4355555555556,1.5977485426049314,56.19255831268599,3913.4451559862873,2.5,5,272222.4156793043,113,63.716814159292035,50,227,nan,nan,1.1604631063074013,1.048571075800891,9,0.3147052398636135,0.5629413048975596,-0.11189203050651068,0.0,0,0,0,211,0.5827857863623649,2.762017944845331,6.518168956972659,7.925407961010933,,,,,,,,,,,,,,,,,,,,
strongly_constrained_severe,C4,8042,2156,793,33.041666666666664,36.781076066790355,1552.876565991341,21992.02816209844,1549.8086077995263,90.63231850117096,80.04626951995373,9.367681498829041,0.025666600271750138,5760.051597561304,0,2730.0,52.385999999999854,6.332916666666673,185.05993911337268,65.1588470729963,119.90109204037637,35.20959067920056,19.294865015147646,1.8006268211561747,63.35822025184012,1612.9389059073642,2.5,5,34560.309585367824,124,66.93548387096774,60,273,nan,nan,1.0891665684309797,1.019332783213486,14,0.2651420488034893,0.5007581629874805,-0.06983378521749381,0.0,0,0,0,255,0.6304996944963932,2.472547821554483,5.172460386529565,7.777730002999306,,,,,,,,,,,,,,,,,,,,
strongly_constrained_severe,C4,8043,2098,766,31.916666666666668,36.510962821734985,1117.427156029503,21129.706643042173,1114.3419150239135,91.38755980861244,77.97619047619048,8.61244019138756,0.08671092647254473,2408.5325853564673,0,2240.0,51.15599999999985,6.175000000000002,171.47941749139216,57.81252150942632,113.66689598196585,33.713971248081926,19.400462547098755,1.5694426691841434,56.243078840242184,1549.3354338159074,2.5,5,14451.1955121388,95,60.0,42,224,nan,nan,1.1519963002928935,1.1718822259904427,12,0.28522429474333283,0.5080557093261074,0.01988592569754894,0.0,0,0,0,208,0.5074292039498687,2.439563480528215,5.36372736096382,8.103628177195787,,,,,,,,,,,,,,,,,,,,
strongly_constrained_severe,C4,8044,2146,932,38.833333333333336,43.42963653308481,960.0137019315652,20122.919495639195,956.8626996234153,92.85714285714286,81.11638954869359,7.142857142857142,0.04874003995058528,4723.677035780508,0,1570.0,51.66999999999983,6.270694444444448,170.64144932741542,61.04628189531613,109.59516743209927,35.774591774701,19.325000000000063,1.2178676587164168,59.82841423659971,1480.5271438629327,2.5,5,28342.062214683054,76,64.47368421052632,31,157,nan,nan,1.2530346407099917,1.0704838247924422,7,0.33705983395362155,0.5558809803879393,-0.1825508159175494,0.0,0,0,0,140,0.3876814553514123,2.7691532525100877,6.499827315565197,8.017665008082986,,,,,,,,,,,,,,,,,,,,
strongly_constrained_severe,C4,8045,2152,752,31.333333333333332,34.94423791821561,6502.853758732009,20549.070906551853,6499.708115894394,92.27272727272727,80.2570093457944,7.727272727272727,0.06850074475770723,16789.82225746403,0,1790.0,51.965999999999816,6.298750000000002,172.4141493967551,60.75967232240498,111.65447707435011,35.24053712238335,19.375000000000046,0.9994712966590852,59.76020102574589,1505.2270303174246,2.5,5,100738.93354478419,71,54.929577464788736,33,179,nan,nan,0.9925406368292139,1.0105395977139466,13,0.2657537296815854,0.4580747653304728,0.01799896088473243,0.0,0,0,0,162,0.4033686718903482,2.489930073397211,6.357982708141194,7.786679081618786,,,,,,,,,,,,,,,,,,,,
strongly_constrained_severe,C4,8046,2150,956,39.833333333333336,44.46511627906977,7704.237143751154,23129.435776574654,7700.914347299047,96.85990338164251,82.83410138248848,3.140096618357488,0.0,18011.125319035367,0,950.0,52.14199999999984,6.30847222222223,193.32128083599122,67.29591322710561,126.02536760888557,34.810401077467375,19.253888888888905,0.40554035059241966,66.8903728765132,1691.7704111791568,2.5,5,108066.7519142122,32,53.125,21,95,nan,nan,1.0745701930176141,0.9983124143022889,2,0.20567450690855396,0.40752080619825587,-0.0762577787153254,0.0,0,0,0,76,0.1829857041593641,2.4077066336758435,5.578477750532329,7.896780967712402,,,,,,,,,,,,,,,,,,,,
strongly_constrained_severe,C4,8047,2194,1143,47.625,52.096627164995446,934.0817764543673,4098.553151266775,931.027540102166,88.08988764044943,77.87307032590051,11.910112359550562,0.030910277539133554,2447.6752968155747,0,2710.0,52.629999999999825,6.397361111111117,97.4784357616574,61.23275962350307,36.24567613815431,62.816723663090045,19.289444444444467,1.4483435592579463,59.78441606424512,363.9218809058204,2.5,5,14686.051780893447,93,51.61290322580645,64,271,nan,nan,1.0632288198444133,1.0532403389456078,16,0.2902340113297461,0.5067040483324193,-0.009988480898805488,0.0,0,0,0,254,0.5360180058050901,2.1103071094688586,3.9567645988427103,7.900730008259416,,,,,,,,,,,,,,,,,,,,
strongly_constrained_severe,C4,8048,2253,641,26.708333333333332,28.450954283177985,13413.997711284972,37407.86842972924,13410.650682188392,95.97315436241611,83.38870431893687,4.026845637583892,0.0765312556544065,19078.85480170853,0,970.0,54.41799999999981,6.595277777777781,253.3310013544315,63.759567608089185,189.5714337463423,25.168482052018636,19.350000000000037,0.503518556089064,63.25604905200012,2681.7377934864735,2.5,5,114473.12881025118,30,56.666666666666664,21,97,nan,nan,1.1533192968214914,1.088937368407702,2,0.40135968138809264,0.6130227354533041,-0.0643819284137896,0.0,0,0,0,79,0.18958016438409686,2.399748916254391,5.311528267338872,7.993733044713736,,,,,,,,,,,,,,,,,,,,
strongly_constrained_severe,C4,8049,2127,857,35.708333333333336,40.29149036201222,11131.909913805508,21261.99245321843,11128.781262862536,91.25295508274232,80.39906103286386,8.747044917257684,0.06313272923660956,17232.547062569174,0,2170.0,51.081999999999844,6.206111111111115,181.18152139396267,64.70467479968747,116.47684659427522,35.712623617390356,19.346735467928035,1.409223520248479,63.29545127943898,1562.3777367418077,2.5,5,103395.28237541509,104,72.11538461538461,49,217,nan,nan,1.12736024813446,1.0757897704957655,7,0.2987583206614234,0.5179723978364815,-0.05157047763869447,0.0,0,0,0,199,0.5446122193243355,2.736744820725304,5.404567392542958,7.993376813828945,,,,,,,,,,,,,,,,,,,,
strongly_constrained_severe,C4,8050,2089,794,33.083333333333336,38.008616562948774,1540.362030957795,4198.644684184792,1536.9537900270852,96.96969696969697,86.23744831659775,3.0303030303030303,0.07278879210802953,3121.010631561918,0,1060.0,50.53199999999984,6.120416666666669,97.92873141255254,60.514232364870736,37.414499047681815,61.79415529231904,19.300000000000036,0.7139521372439089,59.80028022762683,369.84086499363247,2.5,5,18726.06378937151,35,68.57142857142857,20,106,nan,nan,1.4481547364391705,1.2452995879399251,7,0.5088604174641418,0.7300223352372833,-0.20285514849924569,0.0,0,0,0,89,0.20566476392559707,2.3108400441078323,5.328695941716433,8.024143986403942,,,,,,,,,,,,,,,,,,,,
strongly_constrained_severe,C4,8051,2102,1001,41.708333333333336,47.621313035204565,840.3225878523677,3237.6263508383345,837.0334815017897,94.81481481481482,82.55745433117265,5.185185185185185,0.1351746792172878,2085.833312905621,0,1790.0,50.93399999999984,6.164583333333336,88.82560079626589,57.742873436348106,31.08272735991778,65.00701702968446,19.25537141740275,1.4343027298543731,56.30857070649373,296.65878780779394,2.5,5,12514.999877433727,85,65.88235294117646,33,179,nan,nan,1.1719020863813516,1.1197486998536954,2,0.2979455844203745,0.5426924005507153,-0.05215338652765653,0.0,0,0,0,163,0.44925722968764603,2.756179323237092,6.462511117570102,7.8264521434903145,,,,,,,,,,,,,,,,,,,,
strongly_constrained_severe,C4,8052,2123,835,34.791666666666664,39.331135186057466,8528.406882802568,21958.19933126124,8525.110599053925,95.8041958041958,84.29752066115702,4.195804195804196,0.02775901924303698,17651.402862513885,0,1230.0,51.529999999999845,6.232222222222227,183.11235742528066,63.95305683347665,119.15930059180403,34.9255821577049,19.41055555555555,0.7325046719506914,63.22055216152595,1604.359033667205,2.5,5,105908.41717508333,44,65.9090909090909,23,123,nan,nan,1.0385914686515891,1.1150873174921272,6,0.2709418837675351,0.45647137557210044,0.07649584884053821,0.0,0,0,0,105,0.24845846346579492,2.3662710806266185,5.314447823911905,7.935573114082217,,,,,,,,,,,,,,,,,,,,
strongly_constrained_severe,C4,8053,2168,827,34.458333333333336,38.14575645756458,1353.0479370587639,3522.317718728788,1349.9322761977342,94.55337690631809,80.39789350497367,5.446623093681917,0.14413418646349077,2193.7866369163767,0,1840.0,52.82399999999983,6.378333333333339,95.72861266695656,61.15741537153558,34.57119729542099,63.88624431893161,19.385555555555626,1.3586270320158185,59.79878833951976,330.6972696004977,2.5,5,13162.719821498264,81,69.1358024691358,27,184,nan,nan,1.166800667202669,1.1921447685790743,12,0.23558494233976937,0.4700682102987217,0.02534410137640551,0.0,0,0,0,167,0.4218851220794022,2.526258216044325,5.292061693035066,7.9736048355698586,,,,,,,,,,,,,,,,,,,,
strongly_constrained_severe,C4,8054,2129,1066,44.416666666666664,50.07045561296384,6578.547737096554,21420.426718950817,6575.614321513549,89.90825688073394,76.19610159480213,10.091743119266056,0.004688317323968258,17458.79003972113,0,2900.0,51.78799999999984,6.257638888888892,178.54054095461495,61.61315064079521,116.92739031381973,34.509333460828536,19.435555555555638,1.8398178741953288,59.77333276659988,1567.7204030973783,2.5,5,104752.74023832682,138,63.76811594202898,61,290,nan,nan,1.0691933317183817,1.1188751128630887,14,0.327247902398203,0.5540879561598776,0.04968178114470699,0.0,0,0,0,273,0.6805792811792344,2.4929643999239355,5.258313147351146,7.920566014945507,,,,,,,,,,,,,,,,,,,,
strongly_constrained_severe,C4,8055,2170,914,38.083333333333336,42.11981566820276,897.917131394282,37363.43733018894,894.5336550320615,94.13145539906104,85.83715596330275,5.868544600938967,0.0786533253613911,12988.16490674699,0,1440.0,52.59999999999983,6.365277777777785,249.14919392926325,60.78655716264397,188.3626367666193,24.39765355207293,19.262818274417377,1.0427878502789507,59.743769312365025,2674.632078240641,2.5,5,77928.98944048192,72,58.333333333333336,18,144,nan,nan,1.0748741577643481,1.0169788395689017,9,0.3069919366291639,0.5400779134076472,-0.057895318195446036,0.0,0,0,0,127,0.37477114773355424,2.9509539191618446,6.653390428982675,8.04989505559206,,,,,,,,,,,,,,,,,,,,
strongly_constrained_severe,C4,8056,2190,685,28.541666666666668,31.27853881278539,2011.8266562391502,22526.524117153473,2008.4438522091505,93.86792452830188,86.18346545866365,6.132075471698113,0.0,6567.42167396704,0,1300.0,52.40799999999983,6.376944444444449,185.7189325385469,64.2288122062489,121.49012033229805,34.58387969838125,19.37802718365115,0.9697309879589673,63.259081218289936,1647.2464737018583,2.5,5,39404.53004380224,47,59.57446808510638,25,130,nan,nan,1.3392857142857142,1.2681076438591472,8,0.40441597480675634,0.6206575148270347,-0.07117807042656742,0.0,0,0,0,112,0.2788772080093622,2.4899750715121627,6.452053016982973,7.809636881574988,,,,,,,,,,,,,,,,,,,,
strongly_constrained_severe,C5,8007,2157,921,38.375,42.698191933240615,1039.4739210194757,20496.799321061633,1036.347417159307,90.95354523227384,78.26086956521739,9.04645476772616,0.0761756415755211,10693.766855648892,0,2290.0,52.27799999999984,6.326666666666671,173.3534503930665,61.60824871952224,111.74520167354426,35.539095749077944,19.330572412364774,1.845931835915619,59.76231688360662,1504.5655274448059,2.5,5,64162.60113389335,114,17.543859649122805,39,229,nan,nan,1.180682118954891,1.0518773395848302,6,0.3338942035013423,0.5687266949809309,-0.12880477937006088,0.4862101098988205,212,0,0,,,,,,212,0.4862101098988205,0.002293443914617078,0.0017472129547968507,0.0053411064669489855,0.007166366092860699,2.293443914617078,5.341106466948985,7.166366092860699,30.495283018867923,151.3443396226415,30.495283018867923,0.0,26.900943396226417,0,0,0,0.0,25.5924730971439,6.542867721588974
strongly_constrained_severe,C5,8008,2130,1110,46.25,52.112676056338024,895.2670560940195,4618.96532596828,892.1546881194085,94.0909090909091,78.81656804733727,5.909090909090909,0.014749605018860195,3162.914953711053,0,1640.0,51.43599999999984,6.234444444444448,103.68994523710732,64.42315911677895,39.26678612032839,62.13057492649148,19.350000000000005,1.161150578790671,63.262008537988265,402.32960463073556,2.5,5,18977.48972226632,81,25.925925925925924,34,164,nan,nan,1.1300546298075604,1.1143657177368436,11,0.27601778900266283,0.4940131026744848,-0.01568891207071679,0.4825130032841116,146,0,0,,,,,,146,0.4825130032841116,0.003304883584137751,0.002182845608331263,0.006808728910982609,0.008699871134012938,3.304883584137751,6.808728910982609,8.699871134012938,33.5958904109589,165.16438356164383,33.5958904109589,0.0,28.910958904109588,0,0,0,0.0,61.18757304150198,16.944224951736867
strongly_constrained_severe,C5,8009,2125,739,30.791666666666668,34.77647058823529,1281.953115991636,3507.622864588179,1278.7376177277652,91.08433734939759,81.28654970760235,8.91566265060241,0.06216659211885437,2470.5718052944253,0,2060.0,51.19999999999984,6.211805555555561,94.9378422695451,61.447545083388434,33.490297186156674,64.72397477596776,19.339444444444485,1.6882599437997294,59.759285139588705,322.06745785002494,2.5,5,14823.430831766547,114,27.192982456140353,41,206,nan,nan,1.1313420491777206,1.0734802939211758,11,0.24992842828514172,0.47642735455110213,-0.05786175525654484,0.7937799589708447,189,0,0,,,,,,189,0.7937799589708447,0.004199893962808702,0.0048063709400594234,0.0064391513820737595,0.007730748038738966,4.199893962808702,6.439151382073759,7.730748038738966,33.17460317460318,162.4814814814815,33.17460317460318,0.0,27.56084656084656,0,0,0,0.0,172.1846665247115,40.455529587157635
strongly_constrained_severe,C5,8010,2174,971,40.458333333333336,44.66421343146274,1043.418509275131,2871.440971288684,1040.3332629210345,92.18390804597702,76.02070155261644,7.816091954022989,0.08222243599427702,1872.6004543185493,0,1860.0,51.963999999999835,6.326111111111116,86.42711671035565,57.096249052028554,29.330867658327087,66.06288769689723,19.300000000000015,0.8314748820798346,56.26477416994872,274.626630029189,2.5,5,11235.602725911294,58,25.862068965517242,43,186,nan,nan,0.9981020865259933,0.9810208652599315,3,0.2003418601909702,0.41282413484601,-0.017081221266061538,0.418688487727195,170,0,0,,,,,,170,0.418688487727195,0.002462873457218794,0.0015320765087381005,0.005842473520897329,0.007751948898658156,2.462873457218794,5.842473520897329,7.751948898658156,24.0,122.81176470588235,24.0,0.0,22.28235294117647,0,0,0,0.0,7.908535235329091,2.524198310828152
strongly_constrained_severe,C5,8011,2099,1142,47.583333333333336,54.40686040971892,874.674788442035,2925.212641815896,871.7691963922181,87.96498905908096,72.77710109622411,12.035010940919037,0.10313735556624441,2027.4399950726388,0,2730.0,50.96999999999983,6.163333333333336,88.27110011463218,58.43352131652086,29.83757879811131,66.19779434111152,19.26444444444451,2.120481411791263,56.31303990472959,278.2097675611806,2.5,5,12164.639970435828,126,35.714285714285715,57,273,nan,nan,1.1453022777071653,1.104504729302964,4,0.25414252629773165,0.47848347322892026,-0.04079754840420139,0.6095532006584108,257,0,0,,,,,,257,0.6095532006584108,0.00237180233719226,0.0017221898306161165,0.00576017596758902,0.007243407890200615,2.37180233719226,5.760175967589021,7.243407890200615,28.59922178988327,142.4941634241245,28.59922178988327,0.0,24.813229571984436,0,0,0,0.0,3.9038911194706287,1.5628262153501573
strongly_constrained_severe,C5,8012,2175,772,32.166666666666664,35.49425287356322,1534.8445914460456,5173.509379708494,1531.744177142369,91.2751677852349,80.90277777777779,8.724832214765101,0.010971677376927785,3231.519185306968,0,2650.0,52.37399999999984,6.3558333333333366,102.97679829428564,61.41239459009966,41.56440370418597,59.6371178822206,19.531666666666716,1.7322202051410562,59.680174384958605,439.687265545174,2.5,5,19389.11511184181,111,12.612612612612612,54,265,nan,nan,1.2203681556661714,1.181750597970134,11,0.2585897601654923,0.48020482503476586,-0.03861755769603724,0.5580714775715023,247,0,0,,,,,,247,0.5580714775715023,0.002259398694621467,0.0016690718475729227,0.005259169568307697,0.007056336849927902,2.259398694621467,5.259169568307697,7.056336849927902,26.477732793522268,133.48178137651823,26.477732793522268,0.0,24.157894736842106,0,0,0,0.0,27.25616686863016,8.214753569387096
strongly_constrained_severe,C5,8013,2190,691,28.791666666666668,31.552511415525114,14618.386023317787,39114.29799533704,14615.243752359742,90.41394335511983,80.01155401502022,9.586056644880173,0.0067633352967970675,31644.20166820507,0,2110.0,52.841999999999814,6.407083333333337,262.2845527287734,64.64733393930221,197.63721878947115,24.647785493548895,19.250000000000004,1.310293388099463,63.33704055120273,2800.9197241681686,2.5,5,189865.21000923036,96,16.666666666666664,39,211,nan,nan,1.0057212871338532,1.0073722574683046,15,0.2562119056766382,0.46624542248596085,0.001650970334451287,0.46105530485510826,193,0,0,,,,,,193,0.46105530485510826,0.0023888875899228407,0.0017423229292035103,0.005495830159634352,0.0072782039642333984,2.388887589922841,5.495830159634352,7.278203964233398,28.756476683937823,143.54922279792746,28.756476683937823,0.0,25.528497409326423,0,0,0,0.0,7.953247908300647,2.8386947008560575
strongly_constrained_severe,C5,8014,2185,886,36.916666666666664,40.54919908466819,1503.0651493702528,3953.258122085616,1499.981332133585,91.93548387096774,79.89720159908624,8.064516129032258,0.07877576176617458,2918.1942116587884,0,2370.0,53.14599999999981,6.421944444444449,92.83842295960724,57.731613364836974,35.10680959477027,62.18504313667115,19.581666666666692,1.5256264211916928,56.205986943645286,347.65162461190056,2.5,5,17509.16526995273,99,16.161616161616163,47,237,nan,nan,1.215816247880376,1.1064572584082193,8,0.3428757968425539,0.5747497038795983,-0.10935898947215697,0.4433051967062056,221,0,0,,,,,,221,0.4433051967062056,0.002005905867448894,0.0015388289466500282,0.004813927924260497,0.005603308090940118,2.005905867448894,4.813927924260497,5.603308090940118,26.60633484162896,134.26696832579185,26.60633484162896,0.0,24.506787330316744,0,0,0,0.0,16.14640431504723,6.29299224310667
strongly_constrained_severe,C5,8015,2167,791,32.958333333333336,36.50207660359945,1612.292056191339,5080.287295393608,1609.3355998243962,88.88888888888889,75.96541786743516,11.11111111111111,0.022890928539949285,3352.5112864818097,0,3100.0,52.61999999999985,6.362916666666674,103.38872677815289,61.97418661822272,41.414540159930176,59.94288598911203,19.34555773938659,2.2037860252573354,59.77040059296539,432.2942775970615,2.5,5,20115.067718890867,140,12.142857142857142,69,310,nan,nan,1.1090645454731989,1.0618711826383143,8,0.23941398154671117,0.45787180979705744,-0.047193362834884775,0.7070352293085307,289,0,0,,,,,,289,0.7070352293085307,0.00244648868272848,0.0016312829684466124,0.005537191731855273,0.007106567034497857,2.44648868272848,5.537191731855273,7.106567034497857,27.92387543252595,139.7058823529412,27.92387543252595,0.0,25.05190311418685,0,0,0,0.0,48.80449412509012,14.615199554348287
strongly_constrained_severe,C5,8016,2230,1002,41.75,44.93273542600897,1295.903789712245,4100.4252469055145,1292.8295344623464,90.82568807339449,76.64437012263099,9.174311926605505,0.06413916369027972,2638.57069581621,0,2690.0,53.73399999999981,6.519027777777783,93.62274384652605,58.45058466022442,35.17215918630163,62.4320354849259,19.31444444444447,2.1446101937503705,56.305974466474055,354.59325865225594,2.5,5,15831.424174897254,137,27.73722627737226,59,269,nan,nan,1.140573637393364,1.079289012808225,11,0.2923079360301632,0.5172737143565583,-0.06128462458513866,0.6977837258018553,248,0,0,,,,,,248,0.6977837258018553,0.0028136440556526423,0.0017585029127076268,0.005779155134223399,0.007197377970442176,2.8136440556526425,5.779155134223399,7.197377970442176,29.637096774193548,147.3991935483871,29.637096774193548,0.0,25.758064516129032,0,0,0,0.0,86.69057800201612,20.707563434265474
strongly_constrained_severe,C5,8017,2192,771,32.125,35.17335766423358,1727.0887506840552,23008.46013401197,1723.926703796219,92.56756756756756,79.0045766590389,7.4324324324324325,0.0,12714.106675214398,0,1840.0,53.019999999999825,6.421944444444448,188.46297966931672,64.52735306813875,123.93562660117794,34.23874183744762,19.35000000000008,1.2306999246735244,63.296653143465235,1679.3788706930916,2.5,5,76284.64005128638,84,20.238095238095237,40,184,nan,nan,1.1124055339594854,1.0431948233817032,11,0.26949078880652877,0.5052244740729237,-0.06921071057778208,0.3814091340173036,166,0,0,,,,,,166,0.3814091340173036,0.0022976453856464072,0.0017067149747163057,0.005476083082612604,0.006735284812748432,2.2976453856464074,5.476083082612604,6.735284812748432,28.012048192771083,140.86746987951807,28.012048192771083,0.0,25.542168674698797,0,0,0,0.0,6.42561849788296,1.7144281766818026
strongly_constrained_severe,C5,8018,2148,706,29.416666666666668,32.86778398510242,1523.4819704164693,4680.561605700364,1520.3255363337832,91.74757281553399,81.0483870967742,8.25242718446602,0.014240577512030339,3149.6278474517103,0,2040.0,52.27599999999984,6.315277777777783,104.10470584055484,64.62742423882982,39.47728160172504,62.07925349485372,19.3894444444445,1.2954396324989985,63.331984606330806,408.3959235394654,2.5,5,18897.76708471026,80,33.75,49,204,nan,nan,1.1549227487232532,1.1360786088305646,5,0.3017971426724417,0.5380339866705263,-0.018844139892688603,0.4265705393627286,186,0,0,,,,,,186,0.4265705393627286,0.00229338999657381,0.001706550014205277,0.005139632034115493,0.006695129908621311,2.29338999657381,5.139632034115493,6.695129908621311,27.016129032258064,135.93010752688173,27.016129032258064,0.0,24.451612903225808,0,0,0,0.0,10.479523309126645,3.612899906332042
strongly_constrained_severe,C5,8019,2214,740,30.833333333333332,33.42366757000904,12373.759345799223,54891.50710003669,12370.561729237876,92.58373205741627,79.28730512249443,7.4162679425837315,0.05519716967561983,22108.615136989185,0,1940.0,53.77599999999983,6.501944444444448,330.10579245700256,61.19175537937208,268.9140370776305,18.53701352039817,19.425000000000043,1.4194464383081298,59.772308941063955,3890.705590399269,2.5,5,132651.69082193513,81,18.51851851851852,45,194,nan,nan,1.2143269590027512,1.1287320403518903,6,0.316429469107707,0.5577478638310082,-0.08559491865086104,0.3670040066353977,175,0,0,,,,,,175,0.3670040066353977,0.0020971657522022725,0.0015135719440877438,0.005404380103573201,0.006881419103592634,2.0971657522022724,5.4043801035732,6.881419103592634,26.914285714285715,135.7657142857143,26.914285714285715,0.0,24.76,0,0,0,0.0,12.245022663468184,3.989506653095261
strongly_constrained_severe,C5,8020,2150,1012,42.166666666666664,47.06976744186046,807.287624352943,2433.408552088347,804.3247377529636,91.68539325842696,75.48387096774194,8.314606741573034,0.14280168495078657,1651.989237038042,0,2720.0,52.13199999999983,6.3077777777777815,85.47211583457545,57.98909557601047,27.483020258564977,67.84563013304104,19.35000000000006,1.7093560044392402,56.27973957157123,251.15639741798094,2.5,5,9911.935422228253,113,10.619469026548673,65,272,nan,nan,1.1439989353707416,1.1335013777555112,11,0.27047062875751504,0.4893345043121456,-0.010497557615230465,0.5940545201301575,256,0,0,,,,,,256,0.5940545201301575,0.0023205254692584276,0.0016851421678438783,0.0054815171170048416,0.0068585919216275215,2.3205254692584276,5.481517117004842,6.8585919216275215,27.5390625,138.00390625,27.5390625,0.0,25.13671875,0,0,0,0.0,23.55979170688822,6.5917632103878
strongly_constrained_severe,C5,8021,2088,664,27.666666666666668,31.800766283524908,1414.93744916046,21649.643002455865,1411.8599044734563,91.43576826196474,77.82377291543466,8.564231738035264,0.037540003534594746,2863.1545483691266,0,1950.0,50.345999999999854,6.106250000000005,178.1133054614958,61.309948583123415,116.8033568783724,34.421880175806,19.264410247863687,1.5451082330591084,59.764840350064304,1581.0748568427043,2.5,5,17178.927290214757,77,28.57142857142857,36,195,nan,nan,1.2830605030285291,1.2053770462272861,8,0.30789669226092636,0.5581931870018461,-0.07768345680124293,0.5587097832467407,178,0,0,,,,,,178,0.5587097832467407,0.0031388190070041613,0.0021221828646957874,0.0066858931677415976,0.009047735016793013,3.1388190070041615,6.685893167741598,9.047735016793013,27.97752808988764,140.25842696629215,27.97752808988764,0.0,25.640449438202246,0,0,0,0.0,32.11183665075675,9.285853355231303
strongly_constrained_severe,C5,8022,2112,916,38.166666666666664,43.371212121212125,1318.4442000687857,21559.64272218224,1315.4261340062687,90.06928406466513,76.65276950565814,9.930715935334874,0.06429399014977978,14075.22699450557,0,2400.0,51.17599999999983,6.193888888888891,177.453132525453,61.44042955344098,116.01270297201201,34.62346856267994,19.352972128794185,1.6700992956692984,59.770330257771676,1578.2033578923642,2.5,5,84451.36196703343,109,35.77981651376147,38,240,nan,nan,1.0263306882823944,1.0191054755250413,14,0.26787206700396304,0.4704999763198214,-0.007225212757353271,0.8025672594085336,222,0,0,,,,,,222,0.8025672594085336,0.0036151678351735747,0.004573312122374773,0.006130531546659768,0.007908527972176671,3.6151678351735748,6.130531546659768,7.908527972176671,30.2027027027027,149.26576576576576,30.2027027027027,0.0,25.153153153153152,0,0,0,0.0,159.4167352293239,37.75718357698129
strongly_constrained_severe,C5,8023,2174,694,28.916666666666668,31.922723091076357,1523.9576670976815,21179.47414606205,1520.8861937945082,91.5929203539823,78.62950058072009,8.4070796460177,0.09239871022960149,11522.378248665585,0,1960.0,52.683999999999834,6.376111111111113,175.98180810866495,61.162805044715626,114.81900306394932,34.75518617637394,19.481212580374926,1.4169807714948601,59.74582427322076,1550.5154036876581,2.5,5,69134.26949199352,78,23.076923076923077,40,196,nan,nan,1.1937058474490883,1.1173296313296988,4,0.276015718588014,0.5118363673092027,-0.0763762161193896,0.40196141018532217,179,0,0,,,,,,179,0.40196141018532217,0.0022455944703090626,0.0015501261223107576,0.005257085501216351,0.007604865124449134,2.2455944703090625,5.257085501216351,7.604865124449134,26.81564245810056,135.50837988826817,26.81564245810056,0.0,24.39664804469274,0,0,0,0.0,11.966534853769609,3.7990207921571
strongly_constrained_severe,C5,8024,2145,1081,45.041666666666664,50.396270396270396,1206.6114573833663,4944.243752918661,1203.6487083522784,90.19138755980862,74.46438911407066,9.808612440191387,0.033497126673188965,3010.4062424768445,0,2990.0,51.89799999999985,6.2852777777777815,102.12136672833527,61.88597958094411,40.23538714739117,60.600422383274676,19.48555555555561,2.176852716042409,59.7091268649017,420.19851681000847,2.5,5,18062.43745486107,109,45.87155963302752,62,299,nan,nan,1.2011682940348785,1.1077047712446169,14,0.3475035176736452,0.5772398012975158,-0.09346352279026136,0.714305303292349,282,0,0,,,,,,282,0.714305303292349,0.002532997529405493,0.0017003359971567988,0.005875762086361646,0.006789026083424687,2.5329975294054927,5.875762086361646,6.789026083424687,25.638297872340427,129.63829787234042,25.638297872340427,0.0,23.418439716312058,0,0,0,0.0,57.71236187345748,16.403898411949033
strongly_constrained_severe,C5,8025,2122,1113,46.375,52.45051837888784,14900.89236291132,55748.62024188035,14897.62795654629,94.36619718309859,84.61084905660378,5.633802816901409,0.03415743363995135,31194.838697135325,0,1290.0,51.445999999999835,6.225138888888894,337.88928521819196,64.03174215342489,273.8575430647671,18.950509813318405,19.48555555555561,0.7768606192976143,63.25488153412728,3956.637445014647,2.5,5,187169.03218281202,51,13.725490196078432,26,129,nan,nan,1.0590369929047287,1.007582733033635,4,0.27655310621242485,0.5000022522381345,-0.05145425987109355,0.33105184719897807,111,0,0,,,,,,111,0.33105184719897807,0.0029824490738646673,0.0017874748446047306,0.005782100954093039,0.007156996987760067,2.982449073864667,5.782100954093039,7.156996987760067,25.945945945945947,131.40540540540542,25.945945945945947,0.0,24.324324324324323,0,0,0,0.0,22.26311183350101,6.329038243704794
strongly_constrained_severe,C5,8026,2127,884,36.833333333333336,41.56088387400094,10585.930153059386,37320.49152301908,10582.834308725349,91.53318077803203,80.29585798816568,8.466819221967963,0.04301717714797978,30669.845384972854,0,2240.0,51.387999999999835,6.227361111111115,245.33184585697808,57.81714874482894,187.51469711214915,23.56691547437131,19.299999999999997,1.583019716514489,56.23412902831444,2664.6009826873865,2.5,5,184019.0723098371,97,22.68041237113402,41,224,nan,nan,1.1223986434407278,1.0799098196392787,6,0.2207684599969169,0.4449534418388946,-0.042488823801449055,0.571817867225036,208,0,0,,,,,,208,0.571817867225036,0.002749124361658827,0.0017834044992923737,0.005867738300003107,0.007331626024097204,2.749124361658827,5.867738300003108,7.331626024097204,27.620192307692307,138.83653846153845,27.620192307692307,0.0,25.23076923076923,0,0,0,0.0,56.41917505718227,16.23849337825908
strongly_constrained_severe,C5,8027,2121,1261,52.541666666666664,59.45308816595946,1328.6608068071164,21521.896734705442,1325.3986933754009,94.71153846153845,82.28739002932551,5.288461538461538,0.005155876745834744,16561.310904698366,0,1390.0,51.68999999999983,6.240833333333337,181.36216278629988,64.254423710948,117.10773907535187,35.42879216028063,19.40216402836273,0.9782775663267944,63.27614614462121,1576.532160266373,2.5,5,99367.8654281902,64,29.6875,24,139,nan,nan,1.090362543268355,1.0751585816260625,4,0.3033836267576476,0.5085419479205564,-0.015203961642292855,0.2554214287083596,121,0,0,,,,,,121,0.2554214287083596,0.0021109208984161952,0.001740847947075963,0.004724870203062892,0.00621082098223269,2.1109208984161953,4.724870203062892,6.21082098223269,30.49586776859504,151.21487603305786,30.49586776859504,0.0,27.05785123966942,0,0,0,0.0,2.950735747388775,1.0602801766308472
strongly_constrained_severe,C5,8028,2166,734,30.583333333333332,33.887349953831944,1140.7763666660126,4793.819559631384,1137.7614918311594,88.38862559241706,75.63073394495413,11.61137440758294,0.038871317474202,2631.869298240546,0,3010.0,52.49799999999982,6.353194444444448,102.5592496721925,62.078997271815794,40.480252400376685,60.52988635372948,19.521111111111185,2.3599706610785676,59.719026610737224,411.82361342617486,2.5,5,15791.215789443278,138,31.88405797101449,58,301,nan,nan,1.1209461175872872,1.1200146772418074,18,0.3080527251686472,0.5399545581060711,-0.000931440345479688,0.8519878354854882,284,0,0,,,,,,284,0.8519878354854882,0.002999957167202423,0.00211929006036371,0.0060033233836293215,0.008585987845435739,2.9999571672024232,6.003323383629321,8.585987845435739,28.838028169014084,143.21830985915494,28.838028169014084,0.0,24.60211267605634,0,0,0,0.0,96.32950106170065,25.997899449498888
strongly_constrained_severe,C5,8029,2080,725,30.208333333333332,34.855769230769226,1279.266041003425,21205.021610172935,1276.3891281125204,87.07482993197279,75.045759609518,12.925170068027212,0.07926336073727787,8458.638704258348,0,3190.0,50.753999999999834,6.124583333333339,177.6537897237147,62.180710369965915,115.47307935374876,35.00106047085666,19.285550362768554,2.3802386289881037,59.80047174097781,1553.8302075149118,2.5,5,50751.83222555009,128,32.03125,65,319,nan,nan,1.1696771025494699,1.1175994372851663,14,0.3137400629072715,0.5681913047892664,-0.05207766526430345,0.8110353171359748,291,0,0,,,,,,291,0.8110353171359748,0.0027870629454844493,0.0017129180487245321,0.006330428528599441,0.0079856279771775,2.787062945484449,6.330428528599441,7.985627977177501,26.185567010309278,131.95189003436425,26.185567010309278,0.0,23.45017182130584,0,0,0,0.0,89.45457176769271,21.43959013642805
strongly_constrained_severe,C5,8030,2182,912,38.0,41.79651695692026,8453.318084897155,39760.769980981924,8450.20792576407,91.46608315098467,80.34782608695652,8.533916849015318,0.0,26433.70413921738,0,1980.0,52.52799999999982,6.375277777777782,266.43764896188213,64.71134736523783,201.7263015966443,24.287613862895086,19.25388888888894,1.3331966127098425,63.37815075252798,2841.698038492027,2.5,5,158602.22483530425,85,43.529411764705884,33,198,nan,nan,1.1372745490981964,1.1004676018704074,10,0.20460921843687377,0.4212237029347048,-0.03680694722778891,0.4415014658588916,180,0,0,,,,,,180,0.4415014658588916,0.0024527859214382866,0.0017480819951742887,0.00532429254380986,0.007611849112436175,2.4527859214382866,5.32429254380986,7.611849112436175,28.416666666666668,141.63888888888889,28.416666666666668,0.0,24.5,0,0,0,0.0,22.31554679994093,7.288517381592713
strongly_constrained_severe,C5,8031,2117,720,30.0,34.01039206424185,10379.448881117436,21741.74990055362,10376.233184410778,91.70506912442397,84.25430778371955,8.294930875576037,0.04301823105134565,17483.45146823362,0,2130.0,51.30999999999985,6.209444444444447,178.516381708944,61.25475193013394,117.26162977881008,34.313238563172696,19.36978241498503,1.4819796396695633,59.772772290464374,1591.3257902683306,2.5,5,104900.70880940174,98,30.612244897959183,45,213,nan,nan,1.1651977424236228,1.064066909328862,13,0.3330845364197783,0.5605927473917476,-0.10113083309476095,0.43013067939318717,196,0,0,,,,,,196,0.43013067939318717,0.0021945442826183017,0.0017181599978357553,0.005328186438418925,0.006494912086054683,2.1945442826183017,5.328186438418925,6.494912086054683,28.392857142857142,141.98469387755102,28.392857142857142,0.0,25.382653061224488,0,0,0,0.0,9.294332223892624,3.205176585149216
strongly_constrained_severe,C5,8032,2242,1072,44.666666666666664,47.814451382694024,1910.0021794647137,21643.659147746745,1906.6668946309098,96.34408602150538,86.94428812605514,3.655913978494624,0.0,16939.254018678992,0,1080.0,54.2319999999998,6.568611111111119,181.54442700431443,64.05203620477113,117.49239079954333,35.28174191943051,19.40000000000004,0.7491655073857741,63.30287069738536,1581.8683636688822,2.5,5,101635.52411207395,45,13.333333333333334,20,108,nan,nan,1.1808951235804943,1.1679358717434871,6,0.27080828323313294,0.5100954308803655,-0.012959251837007349,0.21489762980490923,90,0,0,,,,,,90,0.21489762980490923,0.002387751442276769,0.0017425514524802566,0.0051056291209533805,0.006019296124577522,2.387751442276769,5.10562912095338,6.019296124577522,32.166666666666664,159.12222222222223,32.166666666666664,0.0,27.4,0,0,0,0.0,13.744180835190246,3.6519753627643743
strongly_constrained_severe,C5,8033,2216,1039,43.291666666666664,46.88628158844765,995.5508330079091,5349.821288119151,992.3772247009877,93.18681318681318,81.71493469619534,6.813186813186813,0.01498454988533557,2987.1630097700076,0,1750.0,53.41399999999981,6.479305555555557,108.37923608093992,64.71955636259308,43.65967971834685,59.71582629929144,19.433062131289418,1.4243723867385099,63.29518397585457,453.7016897909358,2.5,5,17922.97805862005,67,26.865671641791046,28,175,nan,nan,1.2707963698096831,1.2567427849329234,5,0.2719196354492424,0.5021318839603676,-0.014053584876759893,0.358212276827544,157,0,0,,,,,,157,0.358212276827544,0.0022816068587741653,0.001701211091130972,0.005238441517576573,0.008789530023932457,2.281606858774165,5.238441517576573,8.789530023932457,27.802547770700638,139.59872611464968,27.802547770700638,0.0,24.401273885350317,0,0,0,0.0,15.572017976030509,5.461429860029466
strongly_constrained_severe,C5,8034,2101,744,31.0,35.41170871013803,11984.001395310264,23316.270682547656,11980.952322816629,92.7360774818402,76.5995260663507,7.263922518159806,0.0,18038.10486410346,0,1990.0,51.02599999999984,6.169722222222228,186.03393993713465,60.971447954762425,125.06249198237222,32.77436793273644,19.35000000000003,1.1817975275819639,59.78965042718047,1698.232282632441,2.5,5,108228.62918462073,74,10.81081081081081,49,199,nan,nan,1.138518795833425,1.0375035785857432,10,0.2306370983725693,0.45916020672856295,-0.10101521724768218,0.4787993479985744,182,0,0,,,,,,182,0.4787993479985744,0.0026307656483438155,0.0016200889367610216,0.0062126320786774145,0.007177019026130438,2.6307656483438153,6.212632078677414,7.177019026130438,27.774725274725274,139.1098901098901,27.774725274725274,0.0,25.016483516483518,0,0,0,0.0,42.37003655295483,10.424780326725033
strongly_constrained_severe,C5,8035,2121,737,30.708333333333332,34.74776049033475,1721.9301829811857,4702.294146624176,1718.6689215078761,93.20388349514563,82.79695728496196,6.796116504854369,0.06478789845816109,3105.1830460400206,0,1850.0,51.285999999999845,6.212777777777782,100.76497756070341,61.26240602489635,39.50257153580707,60.797320168101365,19.26869246515336,1.4593888474152774,59.80301717748107,408.05642939585607,2.5,5,18631.09827624012,85,35.294117647058826,44,185,nan,nan,1.2495347838534212,1.1831520183223592,11,0.27043372459204124,0.4799254775177058,-0.06638276553106214,0.5489821101073176,165,0,0,,,,,,165,0.5489821101073176,0.0033271643036807126,0.0026944249402731657,0.005730755114927886,0.0070635490119457245,3.327164303680713,5.730755114927886,7.0635490119457245,28.454545454545453,141.87272727272727,28.454545454545453,0.0,25.12727272727273,0,0,0,0.0,108.79587969907814,26.25308841692414
strongly_constrained_severe,C5,8036,2213,599,24.958333333333332,27.067329417080888,19678.2679375868,39220.9610458418,19675.229852244036,90.47619047619048,75.90293453724605,9.523809523809524,0.013334473865374384,32128.284725014957,0,2280.0,53.61599999999982,6.489583333333339,258.8710788380295,61.48274967054877,197.38832916748075,23.75033547452294,19.355271733845964,1.6999290036152386,59.78282066693354,2798.8308798191097,2.5,5,192769.70835008973,90,32.22222222222222,51,228,nan,nan,1.2482215616066257,1.158269144924921,17,0.3202328828272659,0.5674807436944224,-0.08995241668170464,0.47798628848977387,211,0,0,,,,,,211,0.47798628848977387,0.0022653378601411086,0.0015526858624070883,0.00543489248957485,0.006833016173914075,2.2653378601411087,5.43489248957485,6.833016173914075,26.872037914691944,135.33649289099526,26.872037914691944,0.0,24.649289099526065,0,0,0,0.0,28.182254156101695,7.064837772780528
strongly_constrained_severe,C5,8037,2103,966,40.25,45.93437945791726,4914.935471861569,21045.07898581894,4911.91513740744,88.11881188118812,75.7504414361389,11.881188118811881,0.04670203216334092,16651.065572914016,0,2570.0,50.813999999999844,6.157500000000003,171.47685191178508,58.49354929973287,112.9833026120522,34.11163002328992,19.29080850818381,2.1590467956695205,56.33450250406334,1538.000204608969,2.5,5,99906.3934374841,122,23.770491803278688,49,257,nan,nan,1.2598558112074774,1.2598059188917257,6,0.3076859112415703,0.5591124693206828,-4.989231575183475e-05,0.5761572499759495,240,0,0,,,,,,240,0.5761572499759495,0.002400655208233123,0.0016934984596446157,0.0065980976331047715,0.009045762941241264,2.4006552082331227,6.598097633104771,9.045762941241264,29.875,148.25,29.875,0.0,25.408333333333335,0,0,0,0.0,23.17412069029659,5.604293797846436
strongly_constrained_severe,C5,8038,2142,817,34.041666666666664,38.14192343604108,1224.1939898473236,3341.8354660444456,1221.0874289180047,88.28828828828829,81.21319199057714,11.711711711711711,0.05879253979999318,2315.6520640565777,0,2180.0,51.58399999999983,6.259722222222227,94.83468245832903,61.48763177109387,33.347050687235146,64.83665066112488,19.325000000000028,1.7286345417458846,59.75899722934798,312.4937963241388,2.5,5,13893.912384339468,85,20.0,40,218,nan,nan,1.1958543953578802,1.168695600155535,10,0.27984326862680586,0.5214451457272727,-0.02715879520234499,0.38586880709044635,201,0,0,,,,,,201,0.38586880709044635,0.0019197453089076933,0.001502980012446642,0.004565234994515777,0.00647651799954474,1.9197453089076932,4.565234994515777,6.47651799954474,26.34328358208955,132.56716417910448,26.34328358208955,0.0,23.28358208955224,0,0,0,0.0,5.403917918445851,1.7649927449710947
strongly_constrained_severe,C5,8039,2168,855,35.625,39.43726937269373,1756.7819172150957,4999.448992818798,1753.431628527697,95.32908704883228,89.2162639952858,4.670912951167728,0.0010500551737607814,3458.185930150324,0,1380.0,52.30399999999982,6.342222222222228,101.8340503618074,60.909273680128095,40.924776681679305,59.81228622815533,19.385555555555577,1.1115422762448282,59.79773140388326,428.02566972082764,2.5,5,20749.115580901947,64,23.4375,31,138,nan,nan,1.275691879627023,1.1037778035409667,0,0.35972771990261515,0.5951539933278829,-0.17191407608605638,0.22797250631265342,121,0,0,,,,,,121,0.22797250631265342,0.0018840703001045738,0.0016905530355870724,0.003019290044903755,0.006597659084945917,1.8840703001045738,3.019290044903755,6.597659084945917,31.487603305785125,154.83471074380165,31.487603305785125,0.0,25.892561983471076,0,0,0,0.0,0.0,0.0
strongly_constrained_severe,C5,8040,2159,909,37.875,42.10282538212135,7988.891808251614,21198.648513295437,7985.650607724699,93.48314606741573,82.43873978996498,6.51685393258427,0.06518026839772924,16917.55773904042,0,1660.0,51.97999999999984,6.308472222222227,180.24332367466124,64.42016920371691,115.82315447094435,35.74066871957774,19.302169988874006,1.1132562418872443,63.30691296182967,1554.8041048209648,2.5,5,101505.34643424254,66,25.757575757575758,35,166,nan,nan,1.0781427720305476,1.0385365325245082,11,0.2814683420895846,0.5037770461681406,-0.03960623950603911,0.37606481183320284,148,0,0,,,,,,148,0.37606481183320284,0.0025409784583324516,0.0017366580432280898,0.006214845401700587,0.008261736948043108,2.5409784583324515,6.214845401700587,8.261736948043108,27.364864864864863,137.32432432432432,27.364864864864863,0.0,24.56756756756757,0,0,0,0.0,18.743729635325394,6.189948101674706
strongly_constrained_severe,C5,8041,2106,863,35.958333333333336,40.97815764482431,19644.778387006947,72129.658511739,19641.813700031216,87.06140350877193,76.30303030303031,12.938596491228072,0.05449951482552392,48008.67652500505,0,2800.0,50.77999999999981,6.158888888888893,405.532175445482,58.170334633068705,347.3618408124133,14.34419712052882,19.521111111111182,1.9613182421061492,56.20901639096256,5086.044196986635,2.5,5,288052.0591500303,143,16.083916083916083,60,280,nan,nan,1.1446529422481326,1.0462288212789215,10,0.29472581526689745,0.5478436765000693,-0.09842412096921115,0.7221016851253808,264,0,0,,,,,,264,0.7221016851253808,0.0027352336557779572,0.0017853250028565526,0.006121945660561323,0.007846305146813393,2.7352336557779573,6.121945660561323,7.846305146813393,31.420454545454547,155.11363636363637,31.420454545454547,0.0,27.299242424242426,0,0,0,0.0,39.53811537217903,12.309602523900216
strongly_constrained_severe,C5,8042,2156,901,37.541666666666664,41.790352504638214,1250.9298251357961,3472.4060558826777,1247.9262734167353,89.92974238875878,77.84846732215154,10.070257611241217,0.06742124454417639,2383.5142207965687,0,2780.0,52.395999999999844,6.333611111111119,99.15989653586973,65.0563470729963,34.103549462873424,65.60751810532906,19.264444444444525,1.8273473706137733,63.228999702382524,323.32201966192105,2.5,5,14301.085324779417,124,30.64516129032258,61,278,nan,nan,1.099460459380299,1.025697548944042,14,0.2709572992138123,0.5072488307524164,-0.07376291043625713,0.7443257947452366,260,0,0,,,,,,260,0.7443257947452366,0.00286279151825091,0.001800315105356276,0.005968698288779705,0.00801224703900516,2.86279151825091,5.968698288779705,8.01224703900516,28.384615384615383,141.8,28.384615384615383,0.0,25.25769230769231,0,0,0,0.0,53.95656549932119,16.04251414227103
strongly_constrained_severe,C5,8043,2098,834,34.75,39.75214489990467,1307.6417667601042,4846.029222751446,1304.6939768916839,88.75598086124403,73.98809523809524,11.24401913875598,0.011370703646023482,3101.497874957008,0,2770.0,51.26199999999983,6.182361111111115,101.76709101989721,61.83913262053744,39.92795839935977,60.76535351535875,19.33555555555554,2.078987160955601,59.76014545958184,416.0780150745138,2.5,5,18608.987249742044,125,14.399999999999999,49,277,nan,nan,1.1757437952828735,1.186079852011716,13,0.2849468167103437,0.5037384341253262,0.0103360567288423,0.7058848887681961,260,0,0,,,,,,260,0.7058848887681961,0.0027149418798776775,0.0017248295480385423,0.00589642535196617,0.007583473809063435,2.7149418798776774,5.89642535196617,7.583473809063435,28.384615384615383,141.44230769230768,28.384615384615383,0.0,24.21153846153846,0,0,0,0.0,54.4242726762835,12.712688775600718
strongly_constrained_severe,C5,8044,2146,753,31.375,35.08853681267474,1640.3149241905671,5308.081803187584,1637.277438829681,91.34199134199135,79.27553444180523,8.658008658008658,0.03959536235806143,3722.8929693832106,0,2290.0,51.81399999999983,6.280694444444445,103.89640656474016,61.53611522864947,42.360291336090704,59.22833836443125,19.284395086683656,1.739564838575246,59.796550390074216,446.07933902674563,2.5,5,22337.35781629926,109,22.018348623853214,55,229,nan,nan,1.2022630165992365,1.091749536809468,13,0.3122565886489961,0.5294094207058991,-0.11051347978976823,0.6521691631060094,212,0,0,,,,,,212,0.6521691631060094,0.003076269637292497,0.0021674014860764146,0.006203709705732761,0.007607669103890657,3.076269637292497,6.203709705732761,7.607669103890657,30.141509433962263,149.26415094339623,30.141509433962263,0.0,25.787735849056602,0,0,0,0.0,40.33681267111147,10.086280244100033
strongly_constrained_severe,C5,8045,2152,737,30.708333333333332,34.24721189591078,1822.8829364605022,5933.846303007559,1819.7853015026108,91.13636363636364,78.79672897196261,8.863636363636363,0.0,4135.038861960269,0,2130.0,52.033999999999814,6.303472222222223,110.57206182053653,64.47167232240498,46.10038949813155,58.30738005685869,19.289444444444456,1.1717639498681733,63.2999083725368,495.5902341928349,2.5,5,24810.233171761614,87,36.7816091954023,43,213,nan,nan,0.9730229690149531,0.9887775551102206,13,0.2647448743641128,0.45999081578380474,0.01575458609526747,0.6157505018636584,195,0,0,,,,,,195,0.6157505018636584,0.0031576948813520946,0.002177960006520152,0.006429765187203882,0.00780915399082005,3.1576948813520946,6.429765187203882,7.80915399082005,28.076923076923077,140.74358974358975,28.076923076923077,0.0,25.117948717948718,0,0,0,0.0,52.09251795111797,15.229151535870153
strongly_constrained_severe,C5,8046,2150,823,34.291666666666664,38.27906976744186,1379.3779650801957,3559.700163232613,1376.0425337653846,96.85990338164251,83.6405529953917,3.140096618357488,0.06600193224196259,2415.994093237448,0,940.0,52.13999999999984,6.30833333333334,98.1579483575376,63.678385449327834,34.47956290820977,64.87338673520465,19.485555555555603,0.4055403505924197,63.27284509873543,328.3006896395271,2.5,5,14495.964559424687,32,21.875,21,94,nan,nan,1.0745701930176141,0.9983124143022889,2,0.20567450690855396,0.40752080619825587,-0.0762577787153254,0.17671632673591375,76,0,0,,,,,,76,0.17671632673591375,0.002325214825472549,0.0015752465697005391,0.005675099149812013,0.007177851162850857,2.3252148254725493,5.675099149812013,7.177851162850857,27.236842105263158,138.07894736842104,27.236842105263158,0.0,26.013157894736842,0,0,0,0.0,5.366227141708919,1.9863097772346046
strongly_constrained_severe,C5,8047,2194,872,36.333333333333336,39.744758432087515,16830.954697678077,73876.08062418114,16827.895760276995,88.08988764044943,78.33047455688965,11.910112359550562,0.0,60621.55580899191,0,2720.0,52.63199999999983,6.397500000000006,422.3855948472056,64.74887073461417,357.6367241125915,15.329327402378986,19.44611111111117,1.4483435592579466,63.300527175356244,5213.377667641318,2.5,5,363729.3348539514,93,25.806451612903224,64,272,nan,nan,1.0632288198444133,1.0532403389456078,16,0.2902340113297461,0.5067040483324193,-0.009988480898805488,0.5440462054684758,254,0,0,,,,,,254,0.5440462054684758,0.002141914194757779,0.0015119954477995634,0.005392657860647887,0.006579464999958873,2.1419141947577787,5.392657860647887,6.579464999958873,23.74015748031496,121.44881889763779,23.74015748031496,0.0,22.137795275590552,0,0,0,0.0,17.02631334406293,5.245416193160979
strongly_constrained_severe,C5,8048,2253,761,31.708333333333332,33.77718597425655,1803.4973641565953,4880.683737502282,1800.1558271012755,95.97315436241611,83.00110741971207,4.026845637583892,0.046825078154359316,3364.669068062309,0,970.0,54.41799999999982,6.595277777777783,105.09586879285958,63.76759538586696,41.32827340699261,60.67564416975395,19.264444444444464,0.5035185560890642,63.264076829777906,420.6863675291369,2.5,5,20188.014408373856,30,30.0,21,97,nan,nan,1.1533192968214914,1.088937368407702,2,0.40135968138809264,0.6130227354533041,-0.0643819284137896,0.15398328378796577,79,0,0,,,,,,79,0.15398328378796577,0.0019491554909869086,0.0015221689827740192,0.0037319776369258754,0.005574594950303435,1.9491554909869087,3.7319776369258753,5.574594950303435,26.772151898734176,135.78481012658227,26.772151898734176,0.0,24.59493670886076,0,0,0,0.0,1.057998407546274,0.3924250553890088
strongly_constrained_severe,C5,8049,2127,937,39.041666666666664,44.05265632346027,6719.952625848292,20709.87118145118,6716.841246384403,91.25295508274232,79.81220657276995,8.747044917257684,0.06327614575648642,16508.85813601854,0,2200.0,51.087999999999845,6.206527777777783,169.09404521505095,57.678008133020796,111.41603708203016,34.110017333648194,19.385555555555584,1.4244198743960144,56.25358825862479,1519.795293126197,2.5,5,99053.14881611125,104,18.269230769230766,50,220,nan,nan,1.1169692325828129,1.0666627372391846,7,0.29143581280207476,0.5115853175696266,-0.05030649534362843,0.5847471237648278,204,0,0,,,,,,204,0.5847471237648278,0.0028664074694354307,0.0018192115239799023,0.006330923724453894,0.007212735945358872,2.8664074694354307,6.330923724453894,7.212735945358872,30.441176470588236,151.59313725490196,30.441176470588236,0.0,27.681372549019606,0,0,0,0.0,38.45816206672871,12.138535159727555
strongly_constrained_severe,C5,8050,2089,1050,43.75,50.26328386787937,834.1726321531586,2921.330893724446,830.7982234433791,96.46464646464646,85.76491435321914,3.535353535353535,0.1214869130945973,1911.663988324343,0,1060.0,50.53199999999983,6.120416666666672,91.03000716116485,60.556482364870725,30.47352479629412,66.52364890805511,19.275000000000016,0.713952137243909,59.84253022762682,283.1059385414729,2.5,5,11469.983929946056,35,37.142857142857146,20,106,nan,nan,1.4481547364391705,1.2452995879399251,7,0.5088604174641418,0.7300223352372833,-0.20285514849924569,0.273679408011958,89,0,0,,,,,,89,0.273679408011958,0.003075049528224247,0.0017919440288096666,0.00624978677369654,0.007502682972699404,3.0750495282242474,6.24978677369654,7.502682972699404,25.617977528089888,130.2134831460674,25.617977528089888,0.0,24.471910112359552,0,0,0,0.0,7.4904212527282485,2.7371182335001043
strongly_constrained_severe,C5,8051,2102,775,32.291666666666664,36.86964795432921,11639.623727149647,39371.55950013858,11636.355957427997,94.81481481481482,81.73246906305245,5.185185185185185,0.013406652685235014,17880.303158561834,0,1860.0,50.947999999999844,6.16555555555556,259.2008018950801,61.335262325237,197.8655395698431,23.663222442523317,19.367139526462854,1.527420819856245,59.80784150538076,2813.472359258494,2.5,5,107281.818951371,88,29.545454545454547,34,186,nan,nan,1.2017289015901624,1.1352053218863765,2,0.303589427375461,0.5534390395254466,-0.06652357970378626,0.4169391030445695,166,0,0,,,,,,166,0.4169391030445695,0.002511681343641985,0.0017205419717356563,0.006380931125022471,0.008584375027567148,2.511681343641985,6.380931125022471,8.584375027567148,31.44578313253012,155.789156626506,31.44578313253012,0.0,26.56024096385542,0,0,0,0.0,8.28188734356744,2.7308642449078966
strongly_constrained_severe,C5,8052,2123,791,32.958333333333336,37.25859632595384,1255.9519567828283,3189.5381544297547,1252.6556730341879,95.8041958041958,84.29752066115702,4.195804195804196,0.11628455617941474,2282.7431049842126,0,1230.0,51.52999999999984,6.232222222222228,96.58446567254062,64.05447350014332,32.529992172397286,66.31964369644412,19.26416236593823,0.7325046719506912,63.32196882819263,304.3074913651741,2.5,5,13696.458629905272,44,29.545454545454547,23,123,nan,nan,1.0385914686515891,1.1150873174921272,6,0.2709418837675351,0.45647137557210044,0.07649584884053821,0.18395140813663602,105,0,0,,,,,,105,0.18395140813663602,0.0017519181727298667,0.0015161291230469942,0.0026413488667458296,0.0037142231594771147,1.7519181727298667,2.6413488667458296,3.7142231594771147,26.428571428571427,133.89523809523808,26.428571428571427,0.0,24.104761904761904,0,0,0,0.0,0.0,0.0
strongly_constrained_severe,C5,8053,2168,947,39.458333333333336,43.68081180811808,7605.537932249409,20575.443911215018,7602.462168680534,94.11764705882352,79.57870099473377,5.88235294117647,0.057967222152767776,16553.735727352065,0,1930.0,52.84199999999984,6.37958333333334,173.23726154665655,61.16810981598001,112.06915173067655,35.308864426667306,19.354036553062453,1.420412518088422,59.7476972978916,1505.7778370683457,2.5,5,99322.41436411238,85,11.76470588235294,29,193,nan,nan,1.1724813262889417,1.1958462379304065,12,0.23323920568409548,0.4633524236980516,0.023364911641464748,0.35941248130984604,176,0,0,,,,,,176,0.35941248130984604,0.002042116371078671,0.001706596463918686,0.004720011900644749,0.006394549971446395,2.042116371078671,4.720011900644749,6.394549971446395,28.295454545454547,141.3181818181818,28.295454545454547,0.0,24.994318181818183,0,0,0,0.0,12.92478421121448,4.6433269989308705
strongly_constrained_severe,C5,8054,2129,787,32.791666666666664,36.965711601690934,2093.826259584836,5962.096050422509,2090.8965964690515,89.44954128440367,76.25516834022446,10.550458715596331,0.015328209940201495,4381.199292014314,0,2910.0,51.78999999999983,6.257777777777781,107.7131257463875,61.61653952968409,46.096586216703415,57.20429994275845,19.350000000000055,1.8398178741953288,59.77672165548877,492.9245376515229,2.5,5,26287.19575208589,138,21.73913043478261,62,291,nan,nan,1.070579114433246,1.1174026885888566,14,0.3287304536079458,0.5548480728010602,0.04682357415561048,0.7240969145204872,274,0,0,,,,,,274,0.7240969145204872,0.002642689469052873,0.0017647870117798448,0.005407974054105579,0.0074583610985428095,2.6426894690528733,5.407974054105579,7.4583610985428095,28.905109489051096,143.77372262773721,28.905109489051096,0.0,25.054744525547445,0,0,0,0.0,63.06363090086609,15.792603708273548
strongly_constrained_severe,C5,8055,2170,747,31.125,34.42396313364055,1744.2268836145527,21960.785311259053,1740.8368967393208,94.13145539906104,86.35321100917432,5.868544600938967,0.03183290638482259,14884.979114534208,0,1450.0,52.60199999999983,6.3654166666666745,183.4291170391864,64.33241827375508,119.09669876543131,35.07208632531966,19.346111111111096,1.0427878502789507,63.28963042347612,1611.2990285619194,2.5,5,89309.87468720526,72,13.88888888888889,18,145,nan,nan,1.0748741577643481,1.0169788395689017,9,0.3069919366291639,0.5400779134076472,-0.057895318195446036,0.25509966700337827,127,0,0,,,,,,127,0.25509966700337827,0.0020086587953021913,0.00171245401725173,0.0037010512780398103,0.0052312680054455996,2.0086587953021913,3.7010512780398104,5.2312680054456,32.83464566929134,161.03149606299212,32.83464566929134,0.0,27.77952755905512,0,0,0,0.0,0.1743860093241585,0.09203475388207127
strongly_constrained_severe,C5,8056,2190,882,36.75,40.273972602739725,1470.9067536076977,21737.74767958483,1467.5349381772123,93.86792452830188,85.5039637599094,6.132075471698113,0.026530497466745562,5874.908916436531,0,1310.0,52.40999999999983,6.3770833333333385,182.2960881320624,64.31295109513779,117.98313703692462,35.27939175993013,19.25000000000007,0.9738424036647604,63.339108691473015,1592.1997428183117,2.5,5,35249.45349861919,47,27.659574468085108,25,131,nan,nan,1.340255732704347,1.2697075567063334,8,0.4008370723748381,0.617905139780309,-0.07054817599801373,0.2648932009469718,113,0,0,,,,,,113,0.2648932009469718,0.00234418761899975,0.001703934045508504,0.005038576247170566,0.005870976019650698,2.34418761899975,5.038576247170566,5.870976019650698,28.4070796460177,142.34513274336283,28.4070796460177,0.0,24.58407079646018,0,0,0,0.0,17.76254680358302,5.881608575784508
