scenario,strategy,replication,requested_tasks,completed_tasks,throughput,completion_rate,mean_delay,max_delay,mean_tardiness,urgent_deadline_violation_rate,normal_deadline_violation_rate,urgent_on_time_rate,idle_ratio,charging_wait,low_soc_stops,detour_distance_m,traction_energy,aux_energy,wpt_input_energy,battery_delivered_energy,wpt_loss,mean_efficiency,fleet_min_soc,opportunity_charging_energy,mandatory_charging_energy,pad_utilization,mean_queue,max_queue,pad_waiting_time,charging_contention_events,different_decision_rate_C4_vs_C3,deferred_charging_requests,charging_sessions,c1_start_soc,c1_target_soc,solver_computation_time_s,solver_calls,solver_mean_time_s,solver_median_time_s,solver_p95_time_s,solver_max_time_s,solver_mean_binary_variables,solver_mean_constraints,solver_mean_available_agv_slot_pairs,solver_mean_actual_busy_agv_slot_pairs,solver_mean_forecast_busy_agv_slot_pairs,solver_infeasible_calls,solver_time_limit_calls,solver_fallback_calls,solver_safety_slack_total,solver_reserve_slack_total,solver_task_slack_total
v3_primary_challenge,C1,1007,2167,2161,90.04166666666667,99.72311952007384,3.7648619588327095,99.90188858260578,2.001372958899575,38.526315789473685,23.817966903073284,61.473684210526315,0.2974239257823281,20.805810690717507,0,140.0,26.065999999999885,4.518888888888884,36.22738671836188,28.116706026925137,8.110680691436748,77.61174231392783,29.703888888888752,0.0,28.116706026925137,50.31581488661372,0.0,0,104.02905345358752,0,0.0,0,14,0.3,0.7,0.0,0,,,,,,,,,,,,,,,
v3_primary_challenge,C2,1007,2167,2161,90.04166666666667,99.72311952007384,6.951984197795282,225.93364605127655,5.133957756388973,42.315789473684205,24.40898345153665,57.684210526315795,0.2609670913170677,41.95578589446292,0,7790.0,27.595999999999805,4.625138888888893,49.351847125855656,33.371747913152184,15.980099212703463,67.62005853205153,19.55847991604417,12.32046941934279,21.0512784938094,68.54423211924396,2.0,4,209.77892947231462,386,40.41450777202073,170,779,,,0.0,0,,,,,,,,,,,,,,,
v3_primary_challenge,C3,1007,2167,2025,84.375,93.44716197508076,11.198221486413996,383.59273636767807,10.414733755789486,19.789473684210524,6.973995271867617,80.21052631578948,0.27319605235421957,152.74151559741043,0,12570.0,28.551999999999694,4.691527777777792,44.949421152480916,37.49512269359195,7.4542984588889825,83.41625260623064,19.766949967394083,19.96525098862472,17.529871704967228,62.42975160066797,2.0,4,763.7075779870521,587,58.43270868824531,266,1257,,,0.0,0,,,,,,,,,,,,,,,
v3_primary_challenge,C4,1007,2167,2016,84.0,93.03184125519151,14.78098560125398,405.6586430453635,13.651816514645144,27.368421052631575,14.420803782505908,72.63157894736842,0.2659411786145113,143.5887793372085,0,11410.0,28.31999999999972,4.6754166666666785,47.561175698775926,36.00820602692528,11.552969671850663,75.70924288116791,19.624576911785425,18.462830129418016,17.54537589750726,66.05718847052215,2.0,4,717.9438966860424,548,56.56934306569343,244,1141,,,0.0,0,,,,,,,,,,,,,,,
v3_primary_challenge,C5,1007,2167,2007,83.625,92.61652053530226,13.795020345810745,509.49022166795646,12.93706300897001,22.10526315789474,8.21513002364066,77.89473684210526,0.2567807984382473,169.4385464107068,0,12310.0,28.499999999999698,4.6879166666666805,50.85891256223098,37.117372693591946,13.741539868639045,72.98105842938566,19.596905952207024,19.559878678064646,17.557494015527297,70.63737855865415,2.0,4,847.1927320535341,578,49.13494809688581,262,1231,,,4.374915583175607,1226,0.003568446642068195,0.0033056509564630687,0.00732626547687687,0.014889695099554956,27.5163132137031,139.37194127243066,27.5163132137031,0.0,23.62153344208809,0.0,0.0,0.0,0.0,311.7470491827818,99.23866823123964
v3_primary_challenge,C1,1008,2146,2136,89.0,99.53401677539608,2.280287193709866,105.3094276990471,1.0049469153607153,35.99088838268793,9.607498535442293,64.00911161731207,0.31942871654997146,14.439715826228905,0,120.0,25.637999999999902,4.462916666666661,30.405662042010267,24.108708917965487,6.296953124044775,79.29019563742918,29.611111111111033,0.0,24.108708917965487,42.23008616945871,0.0,0,72.19857913114453,0,0.0,0,12,0.3,0.7,0.0,0,,,,,,,,,,,,,,,
v3_primary_challenge,C2,1008,2146,2136,89.0,99.53401677539608,0.6691983485411455,83.25537280665351,0.13043286762115222,15.03416856492027,0.05858230814294041,84.96583143507974,0.30458426115476833,4.7369515717340015e-17,0,11850.0,27.983999999999753,4.6258333333333415,35.749665984283396,29.403605996354816,6.346059987928604,82.24861739766047,19.64779299534326,18.859692206021244,10.543913790333564,49.65231386706031,2.0,4,2.3684757858670006e-16,564,34.04255319148936,259,1185,,,0.0,0,,,,,,,,,,,,,,,
v3_primary_challenge,C3,1008,2146,2136,89.0,99.53401677539608,0.4281887237263722,3.571786913525769,0.011974988757186097,9.56719817767654,0.0,90.43280182232346,0.32161712434812784,4.7369515717340015e-17,0,14630.0,28.539999999999687,4.6644444444444595,29.61783523467397,23.508821382448396,6.109013852225601,79.37386779343795,28.985003722297183,23.508821382448396,0.0,41.135882270380556,2.0,4,2.3684757858670006e-16,699,58.798283261802574,317,1463,,,0.0,0,,,,,,,,,,,,,,,
v3_primary_challenge,C4,1008,2146,2136,89.0,99.53401677539608,0.4281887237263722,3.571786913525769,0.011974988757186097,9.56719817767654,0.0,90.43280182232346,0.3216171243481278,2.3684757858670008e-17,0,14630.0,28.53999999999969,4.6644444444444595,29.617835234673972,23.96003846334313,5.657796771330857,80.8973318728332,23.060911210573845,23.96003846334313,0.0,41.135882270380556,2.0,4,1.1842378929335003e-16,699,51.78826895565093,317,1463,,,0.0,0,,,,,,,,,,,,,,,
v3_primary_challenge,C5,1008,2146,2136,89.0,99.53401677539608,0.4281887237263722,3.571786913525769,0.011974988757186097,9.56719817767654,0.0,90.43280182232346,0.3216171243481277,0.0,0,14630.0,28.539999999999687,4.6644444444444595,29.61783523467397,23.891023971997605,5.726811262676387,80.6643152097358,24.358036555789425,23.891023971997605,0.0,41.13588227038054,2.0,4,0.0,699,44.20600858369099,317,1463,,,3.3913753671804443,1463,0.002318096628284651,0.001548002939671278,0.006374139862600706,0.0122741989325732,27.477785372522213,139.21736158578264,27.477785372522213,0.0,23.493506493506494,0.0,0.0,0.0,0.0,39.45516843614544,13.641889634451351
v3_primary_challenge,C1,1009,2120,2119,88.29166666666667,99.95283018867924,5.1668398354555345,130.81548588941254,3.2252823862967674,42.26044226044227,24.927028604786926,57.73955773955773,0.3009658784147442,40.26596096688774,0,150.0,25.527999999999913,4.422777777777773,39.65228377069208,30.148979184834086,9.503304585857997,76.03339913328749,29.62635651907463,0.0,30.148979184834086,55.072616348183445,0.0,0,201.32980483443868,0,0.0,0,15,0.3,0.7,0.0,0,,,,,,,,,,,,,,,
v3_primary_challenge,C2,1009,2120,2119,88.29166666666667,99.95283018867924,0.8947445280472737,83.90241558518937,0.19545784710600636,17.690417690417693,1.3426736719206023,82.30958230958231,0.30306932404243575,1.890491817794609,0,11420.0,27.78199999999977,4.579305555555566,38.895043344723085,33.0074871994282,5.887556145294902,84.86296546036975,19.618939284849706,18.957051117902168,14.05043608152603,54.02089353433765,2.0,4,9.452459088973047,548,39.78102189781022,252,1142,,,0.0,0,,,,,,,,,,,,,,,
v3_primary_challenge,C3,1009,2120,2120,88.33333333333333,100.0,0.4122889213091797,4.0288304580807255,0.011007360279188347,9.336609336609335,0.0,90.66339066339066,0.3276505622905711,0.0,0,14580.0,28.4139999999997,4.623194444444461,30.045797575394378,24.25168339398193,5.794114181412475,80.71572516298431,21.628866674074562,24.25168339398193,0.0,41.73027441027001,2.0,4,0.0,696,61.206896551724135,320,1458,,,0.0,0,,,,,,,,,,,,,,,
v3_primary_challenge,C4,1009,2120,2105,87.70833333333333,99.29245283018868,0.7849745881632483,302.46607848092003,0.30916396334441504,11.302211302211306,1.0507880910682998,88.6977886977887,0.2854049958256731,38.690057794915674,0,14010.0,28.299999999999713,4.615277777777792,45.25420150275765,33.718695563949815,11.535505938807871,74.50953600826456,19.82573635792241,23.204651149357076,10.514044414592735,62.853057642719,2.0,4,193.4502889745784,669,54.55904334828101,308,1401,,,0.0,0,,,,,,,,,,,,,,,
v3_primary_challenge,C5,1009,2120,2120,88.33333333333333,100.0,0.4122889213091797,4.0288304580807255,0.011007360279188347,9.336609336609335,0.0,90.66339066339066,0.3276505622905711,0.0,0,14580.0,28.413999999999703,4.623194444444461,30.045797575394374,24.184984714705568,5.860812860688839,80.49373511892244,21.15900074945295,24.184984714705568,0.0,41.73027441027001,2.0,4,0.0,696,47.270114942528735,320,1458,,,4.9899792791111395,1458,0.00342248235878679,0.002492441504728049,0.0074490797356702365,0.014706454006955028,27.366255144032923,138.44444444444446,27.366255144032923,0.0,22.99108367626886,0.0,0.0,0.0,0.0,230.6415402834623,76.10473949537518
v3_primary_challenge,C1,1010,2162,2148,89.5,99.35245143385754,12.171285237702987,216.59644267008565,9.895865618292081,51.70842824601367,36.390017411491584,48.29157175398633,0.2930542801771743,62.70576016223139,0,130.0,26.033999999999892,4.510416666666662,38.30045913621727,26.112415352536047,12.188043783681213,68.17781285510466,29.636413104514816,0.0,26.112415352536047,53.19508213363508,0.0,0,313.52880081115694,0,0.0,0,13,0.3,0.7,0.0,0,,,,,,,,,,,,,,,
v3_primary_challenge,C2,1010,2162,2113,88.04166666666667,97.73358001850139,1.8271872684570685,227.35908842843904,1.139833619398655,12.300683371298405,5.3975623911781785,87.6993166287016,0.2783656910908422,51.96022338046722,0,13790.0,28.7659999999997,4.700138888888904,43.588351207296796,31.86507775446026,11.723273452836562,73.10457237282691,19.82991609588879,21.34081867198179,10.52425908247847,60.539376676801126,2.0,4,259.80111690233605,614,46.25407166123778,299,1379,,,0.0,0,,,,,,,,,,,,,,,
v3_primary_challenge,C3,1010,2162,2153,89.70833333333333,99.58371877890842,0.4032687898204915,4.418069406834669,0.011896557311936399,7.744874715261963,0.0,92.25512528473804,0.31724210487335097,0.0,0,15150.0,29.03799999999967,4.719027777777795,29.592842245593634,23.806066696230737,5.786775549362925,80.44535397668824,29.84075768665553,23.806066696230737,0.0,41.10116978554675,2.0,4,0.0,687,58.806404657933044,332,1515,,,0.0,0,,,,,,,,,,,,,,,
v3_primary_challenge,C4,1010,2162,2153,89.70833333333333,99.58371877890842,0.4032687898204915,4.418069406834669,0.011896557311936399,7.744874715261963,0.0,92.25512528473804,0.31724210487335097,2.3684757858670008e-17,0,15150.0,29.037999999999663,4.719027777777795,29.59284224559363,24.067512435027428,5.525329810566239,81.32883024647988,23.24786229902225,24.067512435027428,0.0,41.10116978554675,2.0,4,1.1842378929335003e-16,687,51.67394468704513,332,1515,,,0.0,0,,,,,,,,,,,,,,,
v3_primary_challenge,C5,1010,2162,2153,89.70833333333333,99.58371877890842,0.4032687898204915,4.418069406834669,0.011896557311936399,7.744874715261963,0.0,92.25512528473804,0.31724210487335097,0.0,0,15150.0,29.03799999999967,4.719027777777796,29.592842245593634,23.9304680060161,5.662374239577565,80.86573032564772,21.77217535315861,23.9304680060161,0.0,41.10116978554675,2.0,4,0.0,687,41.04803493449782,332,1515,,,3.5468894286314026,1515,0.0023411811410108266,0.0015348619781434536,0.006017450732178985,0.009494793019257486,26.504950495049506,134.819801980198,26.504950495049506,0.0,22.93003300330033,0.0,0.0,0.0,0.0,69.19169687726182,25.049230356806856
v3_primary_challenge,C1,1011,2201,2166,90.25,98.40981372103589,24.137060701986726,237.28028052586936,21.113193711531405,69.23076923076923,54.1196388261851,30.76923076923077,0.27432966422042426,86.52822214015528,0,150.0,26.527999999999903,4.593472222222218,41.14132088064727,30.146267378699644,10.995053501947625,73.27491372033302,29.634150509726233,0.0,30.146267378699644,57.14072344534343,0.0,0,432.6411107007764,0,0.0,0,15,0.3,0.7,0.0,0,,,,,,,,,,,,,,,
v3_primary_challenge,C2,1011,2201,2196,91.5,99.77283053157655,5.846500081605937,154.71740090506464,4.098902637446054,40.79254079254079,28.555304740406317,59.20745920745921,0.2821301827870488,26.86780714033499,0,9360.0,28.3699999999998,4.721388888888894,38.33313419666244,32.2470058906125,6.0861283060499485,84.12306107080634,19.621536832530744,14.689958199260463,17.557047691352032,53.240464162031174,2.0,4,134.33903570167496,439,50.79726651480638,219,936,,,0.0,0,,,,,,,,,,,,,,,
v3_primary_challenge,C3,1011,2201,1925,80.20833333333333,87.4602453430259,30.987338482571545,386.8658603820523,29.74840173447894,29.13752913752914,18.397291196388267,70.86247086247086,0.26841783576308187,143.6834403593671,0,11350.0,28.767999999999752,4.749027777777787,43.269579125290534,35.83773960092199,7.431839524368556,82.82433137875213,19.74068383530727,18.29737290675224,17.540366694169748,60.09663767401465,2.0,4,718.4172017968355,560,61.42857142857143,251,1135,,,0.0,0,,,,,,,,,,,,,,,
v3_primary_challenge,C4,1011,2201,2195,91.45833333333333,99.72739663789186,14.111670317769853,233.2903118229021,11.95424496722307,53.379953379953385,36.8510158013544,46.620046620046615,0.28830307331172267,61.24110594203691,0,7430.0,27.983999999999835,4.694583333333335,36.11089360777983,29.53993404536638,6.57095956241346,81.803386995115,19.65837570637193,11.972887121558262,17.567046923808114,50.15401889969422,2.0,4,306.2055297101845,366,56.01092896174863,164,743,,,0.0,0,,,,,,,,,,,,,,,
v3_primary_challenge,C5,1011,2201,1955,81.45833333333333,88.82326215356656,33.712017024582615,328.6614382869867,32.17252343852276,34.96503496503497,25.73363431151241,65.03496503496503,0.2767643603666337,123.54707033399835,0,10050.0,28.50799999999978,4.730972222222229,40.26483026801188,33.535600712033066,6.729229555978814,83.28757500978514,19.690045789705117,15.991845070814755,17.543755641218315,55.92337537223872,2.0,4,617.7353516699917,490,48.36734693877551,219,1005,,,3.293838493991643,1000,0.003293838493991643,0.002374748990405351,0.007020835275761783,0.009831974050030112,27.225,138.187,27.225,0.0,23.354,0.0,0.0,0.0,0.0,192.71467842248023,66.57466192890392
v3_primary_challenge,C1,1012,2155,2134,88.91666666666667,99.02552204176334,4.969305439311334,92.90735446204131,2.8547565652265545,46.02803738317757,34.74232773595831,53.97196261682243,0.30440958180583155,25.627685255984083,0,140.0,25.8499999999999,4.4888888888888845,34.91255054990062,28.15048175909749,6.762068790803131,80.63140995345475,29.661111111111012,0.0,28.15048175909749,48.48965354152865,0.0,0,128.13842627992042,0,0.0,0,14,0.3,0.7,0.0,0,,,,,,,,,,,,,,,
v3_primary_challenge,C2,1012,2155,2099,87.45833333333333,97.4013921113689,2.8508948311101485,323.579008263936,1.9857146476345462,20.09345794392523,7.411696583671102,79.90654205607477,0.26035136266640324,89.41687384178707,0,12280.0,28.27799999999974,4.6575000000000095,50.773509440094806,36.85325953687542,13.920249903219398,72.58363651296705,19.619937781925266,19.316110101341682,17.53714943553374,70.5187631112428,2.0,4,447.08436920893536,583,42.710120068610635,266,1228,,,0.0,0,,,,,,,,,,,,,,,
v3_primary_challenge,C3,1012,2155,2150,89.58333333333333,99.76798143851508,0.43896390259897616,4.471381576697847,0.01476969067506769,9.112149532710278,0.0,90.88785046728972,0.3217196635858913,2.3684757858670008e-17,0,14590.0,28.73999999999969,4.689583333333348,28.68092110907907,22.964482242585156,5.716438866493942,80.06884491347682,23.524089149960766,22.964482242585156,0.0,39.83461265149875,2.0,4,1.1842378929335003e-16,709,59.52045133991537,328,1459,,,0.0,0,,,,,,,,,,,,,,,
v3_primary_challenge,C4,1012,2155,2150,89.58333333333333,99.76798143851508,0.4748404534689478,77.3491699147271,0.048265051811058605,9.112149532710278,0.057903879559928484,90.88785046728972,0.3110647544543805,2.3684757858670008e-17,0,14570.0,28.73599999999969,4.6893055555555705,32.51668839642301,26.794102132219024,5.722586264204008,82.40107911839665,19.716455112901723,23.279924887864105,3.514177244354914,45.16206721725421,2.0,4,1.1842378929335003e-16,708,53.38983050847458,328,1457,,,0.0,0,,,,,,,,,,,,,,,
v3_primary_challenge,C5,1012,2155,2150,89.58333333333333,99.76798143851508,0.43896390259897616,4.471381576697847,0.01476969067506769,9.112149532710278,0.0,90.88785046728972,0.3217196635858914,2.3684757858670008e-17,0,14590.0,28.73999999999969,4.689583333333349,28.680921109079076,23.06846827528989,5.61245283378921,80.43140660495546,21.90149851585474,23.06846827528989,0.0,39.83461265149875,2.0,4,1.1842378929335003e-16,709,48.09590973201692,328,1459,,,4.344976635067724,1459,0.0029780511549470346,0.0016821549506857991,0.007373264199122785,0.010745287989266217,27.501713502398903,139.23098012337218,27.501713502398903,0.0,23.43385880740233,0.0,0.0,0.0,0.0,108.13730396954237,37.02908018222972
v3_primary_challenge,C1,1013,2173,2157,89.875,99.26369075011505,2.6556831610384464,111.46128274589992,1.3445036054279365,38.13747228381374,11.672473867595823,61.86252771618626,0.3042476194563725,20.438693613762236,0,140.0,25.9219999999999,4.516388888888884,33.17085699570589,28.143001253275106,5.02785574243079,84.84255096851534,29.644832999276876,0.0,28.143001253275106,46.07063471625819,0.0,0,102.19346806881119,0,0.0,0,14,0.3,0.7,0.0,0,,,,,,,,,,,,,,,
v3_primary_challenge,C2,1013,2173,2098,87.41666666666667,96.54855039116428,3.1657544160127835,236.63698598054398,2.271160401975427,19.290465631929045,9.29152148664344,80.70953436807096,0.27907680914418365,53.0194393587097,0,12950.0,28.48399999999973,4.694305555555568,42.23234870809388,34.9191285644323,7.313220143661596,82.68336863239625,19.66500657583229,20.880108735099473,14.039019829332824,58.65603987235265,2.0,4,265.09719679354845,620,45.322580645161295,281,1295,,,0.0,0,,,,,,,,,,,,,,,
v3_primary_challenge,C3,1013,2173,2164,90.16666666666667,99.58582604693972,0.49324020705760324,5.417435976621399,0.02079807198261153,12.195121951219512,0.05807200929152101,87.8048780487805,0.31549968118251065,1.1842378929335004e-17,0,14470.0,28.787999999999705,4.715416666666682,29.120114774296134,23.349714573884796,5.770400200411356,80.18414334855308,24.46118029624854,23.349714573884796,0.0,40.4446038531891,2.0,4,5.921189464667501e-17,693,59.16305916305916,318,1447,,,0.0,0,,,,,,,,,,,,,,,
v3_primary_challenge,C4,1013,2173,2164,90.16666666666667,99.58582604693972,0.49324020705760324,5.417435976621399,0.02079807198261153,12.195121951219512,0.05807200929152101,87.8048780487805,0.31549968118251065,1.1842378929335004e-17,0,14470.0,28.7879999999997,4.715416666666682,29.120114774296134,23.656191544506434,5.4639232297897165,81.23660132475638,19.93669953915242,23.656191544506434,0.0,40.4446038531891,2.0,4,5.921189464667501e-17,693,53.96825396825397,318,1447,,,0.0,0,,,,,,,,,,,,,,,
v3_primary_challenge,C5,1013,2173,2117,88.20833333333333,97.42291762540268,2.025211957619612,319.5172277148522,1.3356373679366464,16.851441241685137,4.587688734030193,83.14855875831486,0.2677772169823215,47.029802430111204,0,13070.0,28.507999999999733,4.695972222222235,46.30020188636426,34.99204202222033,11.308159864143946,75.57643508359244,19.714340957434853,20.948803432609004,14.043238589611331,64.30583595328373,2.0,4,235.14901215055605,620,44.67741935483871,284,1307,,,2.881679530837573,1303,0.0022115729323388894,0.0015348059823736548,0.005672748724464314,0.01029878796543926,27.087490406753645,137.43054489639295,27.087490406753645,0.0,23.194167306216425,0.0,0.0,0.0,0.0,26.540937205522578,9.447306339183386
v3_primary_challenge,C1,1014,2235,2232,93.0,99.86577181208054,5.617111022818904,134.0126755248611,3.7548676986514606,46.41255605381166,21.63219675796534,53.58744394618834,0.2814512713170634,41.13120086061516,0,140.0,26.65999999999989,4.645138888888884,35.17754232585718,28.1480017824373,7.029540543419884,80.01696514695732,29.59333333333321,0.0,28.1480017824373,48.85769767480164,0.0,0,205.6560043030758,0,0.0,0,14,0.3,0.7,0.0,0,,,,,,,,,,,,,,,
v3_primary_challenge,C2,1014,2235,2232,93.0,99.86577181208054,1.6102696596796227,89.54072146721397,0.44982481501470406,28.47533632286996,6.9312465064281685,71.52466367713004,0.273253838271485,0.0,0,9150.0,28.461999999999783,4.770277777777784,38.1286182222654,31.726430599674348,6.402187622591059,83.20897026671567,19.648908516842344,14.163956313153559,17.562474286520786,52.95641419759083,2.0,4,0.0,417,38.84892086330935,209,915,,,0.0,0,,,,,,,,,,,,,,,
v3_primary_challenge,C3,1014,2235,2141,89.20833333333333,95.79418344519016,9.75436205141538,484.5697546964754,9.046179582124319,15.695067264573993,4.304080491894913,84.30493273542601,0.24182993810615078,219.06887835945682,0,12850.0,29.2019999999997,4.821666666666681,49.44122228178571,37.52230733799299,11.918914943792728,75.89275832247439,19.610156046242793,19.97111519192171,17.551192146071273,68.66836428025795,2.0,4,1095.344391797284,593,57.67284991568297,277,1285,,,0.0,0,,,,,,,,,,,,,,,
v3_primary_challenge,C4,1014,2235,2000,83.33333333333333,89.48545861297539,24.500194515009802,471.6374806259936,23.367305395372156,24.439461883408075,13.527110117384012,75.56053811659193,0.24579743621984215,194.85659578575257,0,10970.0,28.82599999999974,4.795555555555566,48.0129229608568,34.721390671326326,13.291532289530476,72.31676084297851,19.788064155362385,17.186421274720445,17.53496939660588,66.68461522341224,2.0,4,974.2829789287629,509,50.29469548133595,246,1097,,,0.0,0,,,,,,,,,,,,,,,
v3_primary_challenge,C5,1014,2235,2102,87.58333333333333,94.04921700223714,13.19008895348475,251.78341531538803,11.799908435900015,29.147982062780265,19.899385131358304,70.85201793721974,0.2687984745836017,78.28092721582789,0,10400.0,28.711999999999748,4.787638888888898,39.73254914990338,33.90777956021519,5.824769589688199,85.34005566138624,19.727812477572357,16.362190325764608,17.54558923445058,55.18409604153249,2.0,4,391.4046360791394,486,39.50617283950617,234,1040,,,3.075712545076385,1035,0.0029717029421027874,0.0017356250900775194,0.0069880286115221665,0.01151257602032274,27.0,137.46280193236714,27.0,0.0,23.520772946859903,0.0,0.0,0.0,0.0,105.85128870791692,39.87724493521364
v3_primary_challenge,C1,1015,2188,2166,90.25,98.99451553930531,9.686122752735372,157.34190078625215,6.99477138160974,61.43187066974596,45.58404558404558,38.56812933025404,0.2728330365366671,62.358345733293426,0,150.0,26.257999999999903,4.558472222222216,42.98010684679983,30.158560101437562,12.821546745362276,70.16864850740379,29.67370152488753,0.0,30.158560101437562,59.69459284277755,0.0,0,311.7917286664671,0,0.0,0,15,0.3,0.7,0.0,0,,,,,,,,,,,,,,,
v3_primary_challenge,C2,1015,2188,2184,91.0,99.81718464351006,5.377521467225837,140.98775198072568,3.7728408422828665,38.337182448036955,22.22222222222222,61.662817551963045,0.2917494644456157,22.021945561790492,0,9640.0,28.155999999999775,4.690277777777782,36.17019279957831,30.098220673743306,6.071972125835019,83.21277367947623,19.72089188445419,16.053749814891937,14.044470858851362,50.236378888303214,2.0,4,110.10972780895244,496,40.92741935483871,187,964,,,0.0,0,,,,,,,,,,,,,,,
v3_primary_challenge,C3,1015,2188,1953,81.375,89.25959780621572,39.340554470294556,394.2973653296958,37.64259862718398,40.184757505773675,26.609686609686612,59.815242494226325,0.2861077602516174,151.2741835323108,0,9350.0,28.097999999999782,4.686250000000006,38.20120630941773,32.135643434771,6.065562874646734,84.12206456121416,19.617566750388715,14.577782703523868,17.557860731247132,53.0572309853024,2.0,4,756.3709176615539,441,61.224489795918366,193,935,,,0.0,0,,,,,,,,,,,,,,,
v3_primary_challenge,C4,1015,2188,2072,86.33333333333333,94.6983546617916,28.024168427600628,328.04172696072055,26.12287378531766,43.87990762124711,31.225071225071222,56.12009237875289,0.2914678430508592,109.97635599897399,0,8710.0,27.9699999999998,4.6773611111111135,36.27157650169066,31.35983787921544,4.911738622475231,86.45843633996367,19.74104003756662,13.808672315419162,17.55116556379628,50.37718958568148,2.0,4,549.8817799948699,416,52.88461538461539,173,871,,,0.0,0,,,,,,,,,,,,,,,
v3_primary_challenge,C5,1015,2188,2085,86.875,95.29250457038391,29.637202229913186,320.734843245364,27.665547678025945,45.03464203233256,32.763532763532766,54.96535796766744,0.29167665406632953,107.44716082984475,0,8380.0,27.903999999999805,4.672777777777779,36.19640453612133,30.699893434770978,5.496511101350357,84.81475944422812,19.65137503852393,13.13413074346828,17.565762691302695,50.2727840779463,2.0,4,537.2358041492238,400,50.74999999999999,164,838,,,2.641698212828487,833,0.0031713063779453625,0.001924620009958744,0.007177003007382153,0.010413339012302458,27.010804321728692,137.41656662665065,27.010804321728692,0.0,23.403361344537814,0.0,0.0,0.0,0.0,99.18957272468487,33.86543801042424
v3_primary_challenge,C1,1016,2129,2125,88.54166666666667,99.81211836542978,10.595791517961027,141.1310891075501,8.170173975943085,54.91990846681922,38.41607565011821,45.08009153318078,0.3047763445904176,70.42834477258978,0,150.0,25.683999999999912,4.444861111111106,37.380515947449695,30.163671021462036,7.216844925987655,80.69356523560765,29.662341199746784,0.0,30.163671021462036,51.9173832603468,0.0,0,352.14172386294894,0,0.0,0,15,0.3,0.7,0.0,0,,,,,,,,,,,,,,,
v3_primary_challenge,C2,1016,2129,2122,88.41666666666667,99.67120713950212,0.6317670133631517,150.93051976177497,0.14253749987343334,11.21281464530892,0.23640661938534313,88.78718535469108,0.30248064102294947,14.16837300881045,0,14380.0,28.529999999999696,4.642500000000016,38.206969231738164,30.10375555462026,8.103213677117928,78.79126808523027,19.80163389618841,23.09098735770043,7.0127681969198274,53.065235044080815,2.0,4,70.84186504405224,671,47.988077496274215,300,1438,,,0.0,0,,,,,,,,,,,,,,,
v3_primary_challenge,C3,1016,2129,2127,88.625,99.90605918271488,0.4209402115406583,3.7609962898756444,0.010169763797742077,8.924485125858128,0.0,91.07551487414187,0.3259047698177796,0.0,0,14850.0,28.623999999999686,4.649027777777794,29.774282865599314,24.00757881613769,5.766704049461644,80.63192965723997,22.9517406099733,24.00757881613769,0.0,41.35317064666575,2.0,4,0.0,695,60.28776978417266,311,1485,,,0.0,0,,,,,,,,,,,,,,,
v3_primary_challenge,C4,1016,2129,2125,88.54166666666667,99.81211836542978,0.5712153211721848,160.9411306446646,0.13646773085618,10.068649885583525,0.11820330969266601,89.93135011441647,0.3010529419307485,15.525743840712142,0,14470.0,28.547999999999693,4.643750000000016,38.720940904930536,30.491858845007876,8.229082059922689,78.74772185901399,19.66094597896408,23.461058731410937,7.030800113596939,53.779084590181334,2.0,4,77.6287192035607,677,55.24372230428361,302,1447,,,0.0,0,,,,,,,,,,,,,,,
v3_primary_challenge,C5,1016,2129,2125,88.54166666666667,99.81211836542978,0.6343589206027515,228.4166751774649,0.21713702552905653,9.382151029748286,0.11820330969266601,90.61784897025171,0.29309345430413075,40.702039090010274,0,14620.0,28.577999999999694,4.64583333333335,41.586356450512895,33.951132449221376,7.635224001291552,81.64007464713261,19.752089906597245,23.422218558442573,10.528913890778805,57.758828403490185,2.0,4,203.51019545005136,680,56.029411764705884,305,1462,,,3.498956215218641,1459,0.0023981879473739826,0.0015311659080907702,0.006152377359103411,0.010843606083653867,26.936257710760795,136.75119945167924,26.936257710760795,0.0,23.063742289239205,0.0,0.0,0.0,0.0,88.1295373866664,30.637678955828772
v3_primary_challenge,C1,1017,2134,2128,88.66666666666667,99.71883786316776,4.029656261528321,102.09869320094137,2.366060417626188,39.86784140969163,23.39285714285714,60.13215859030837,0.31240463581036526,28.91396184333481,0,120.0,25.587999999999898,4.44444444444444,34.13433110826851,24.101248690146594,10.03308241812191,70.60706305830742,29.676622875681012,0.0,24.101248690146594,47.408793205928475,0.0,0,144.56980921667406,0,0.0,0,12,0.3,0.7,0.0,0,,,,,,,,,,,,,,,
v3_primary_challenge,C2,1017,2134,2103,87.625,98.5473289597001,1.272815918470114,173.00989277887712,0.5939680644016567,16.079295154185026,3.452380952380951,83.92070484581498,0.28450916050876407,30.212627587362466,0,12520.0,28.067999999999742,4.616666666666678,44.17670221684491,34.04423241781794,10.132469799026994,77.06377051575528,19.683027065588952,20.010641706743538,14.0335907110744,61.35653085672907,2.0,4,151.06313793681232,576,36.97916666666667,289,1252,,,0.0,0,,,,,,,,,,,,,,,
v3_primary_challenge,C3,1017,2134,2131,88.79166666666667,99.85941893158387,0.36891630117860824,4.3543638225032435,0.006777986511525325,6.38766519823789,0.0,93.6123348017621,0.3235697113210859,0.0,0,15160.0,28.595999999999684,4.65333333333335,30.11490392440902,24.111812035021863,6.003091889387179,80.06604336359355,32.99189773877602,24.111812035021863,0.0,41.82625545056813,2.0,4,0.0,711,59.774964838255976,355,1516,,,0.0,0,,,,,,,,,,,,,,,
v3_primary_challenge,C4,1017,2134,2131,88.79166666666667,99.85941893158387,0.36891630117860824,4.3543638225032435,0.006777986511525325,6.38766519823789,0.0,93.6123348017621,0.3235697113210859,0.0,0,15160.0,28.595999999999687,4.65333333333335,30.11490392440902,24.36684230398429,5.748061620424759,80.9129006858104,31.95648309648772,24.36684230398429,0.0,41.82625545056813,2.0,4,0.0,711,50.63291139240506,355,1516,,,0.0,0,,,,,,,,,,,,,,,
v3_primary_challenge,C5,1017,2134,2131,88.79166666666667,99.85941893158387,0.36891630117860824,4.3543638225032435,0.006777986511525325,6.38766519823789,0.0,93.6123348017621,0.323569711321086,0.0,0,15160.0,28.595999999999687,4.65333333333335,30.11490392440902,24.42137055179566,5.69353337261338,81.09396800034756,23.127199864652567,24.42137055179566,0.0,41.82625545056813,2.0,4,0.0,711,40.787623066104075,355,1516,,,4.241017746855505,1516,0.002797505110062998,0.0016184895066544414,0.006420916266506538,0.009522326057776809,26.87335092348285,136.42018469656992,26.87335092348285,0.0,23.00065963060686,0.0,0.0,0.0,0.0,62.59992276957347,22.100677955447622
v3_primary_challenge,C1,1018,2228,2212,92.16666666666667,99.2818671454219,8.131374129872501,154.51805734634019,5.895436911067824,51.75438596491229,32.61851015801355,48.24561403508772,0.28350709155881654,49.205886873797375,0,140.0,26.711999999999904,4.6399999999999935,35.13744703882604,28.13585424664619,7.0015927921798475,80.0737009025065,29.634883381964222,0.0,28.13585424664619,48.80200977614727,0.0,0,246.0294343689869,0,0.0,0,14,0.3,0.7,0.0,0,,,,,,,,,,,,,,,
v3_primary_challenge,C2,1018,2228,2127,88.625,95.46678635547576,5.7296192052217885,435.31475756186677,4.758655210165109,27.192982456140346,6.320541760722342,72.80701754385966,0.23514526561000318,104.71791363466856,0,11610.0,29.005999999999744,4.799305555555565,52.54770438039884,36.193506635067486,16.354197745331362,68.8774268292646,19.677339823119738,18.638460661159534,17.55504597390795,72.98292275055397,2.0,4,523.5895681733429,496,44.354838709677416,260,1161,,,0.0,0,,,,,,,,,,,,,,,
v3_primary_challenge,C3,1018,2228,2196,91.5,98.56373429084381,2.4871589455994725,417.19050711299184,1.9004267732642557,16.00877192982456,1.3544018058690765,83.99122807017544,0.24864641950805627,168.7419792386937,0,13790.0,29.441999999999695,4.829583333333347,47.687288977099726,38.94465980220189,8.742629174897836,81.66675153394398,19.713912314083284,21.404072164890728,17.540587637311162,66.23234580152743,2.0,4,843.7098961934685,596,59.06040268456376,316,1379,,,0.0,0,,,,,,,,,,,,,,,
v3_primary_challenge,C4,1018,2228,2144,89.33333333333333,96.22980251346499,4.634100159110485,245.21637039993973,3.5791372047107117,26.973684210526315,10.891647855530472,73.02631578947368,0.2609146476657159,61.20500341494723,0,12090.0,29.101999999999737,4.805972222222231,43.270726840342235,36.73060424664633,6.5401225936959175,84.8855726000923,19.64449244108042,19.185379418837037,17.5452248278093,60.09823172269757,2.0,4,306.0250170747361,518,52.702702702702695,270,1209,,,0.0,0,,,,,,,,,,,,,,,
v3_primary_challenge,C5,1018,2228,2126,88.58333333333333,95.42190305206462,6.442136644324883,260.66982743192176,5.412698034452149,25.877192982456144,11.907449209932274,74.12280701754386,0.25740017648128394,80.29347314421223,0,12400.0,29.163999999999724,4.810277777777788,44.53593646673775,37.05985424664633,7.4760822200914365,83.21337146312163,19.676578147419963,19.516108557609726,17.543745689036605,61.85546731491357,2.0,4,401.4673657210612,528,49.24242424242424,281,1240,,,3.126219318015501,1235,0.0025313516745064783,0.0015262679662555456,0.006421918666455894,0.013316648080945015,25.979757085020243,132.65182186234819,25.979757085020243,0.0,22.36842105263158,0.0,0.0,0.0,0.0,35.20486793775005,14.434819441624382
v3_primary_challenge,C1,1019,2165,2145,89.375,99.07621247113164,10.243649763424525,140.452704269839,7.804697374519547,53.4521158129176,43.006993006993014,46.5478841870824,0.29366647862175205,43.41105253716946,0,150.0,26.09999999999991,4.5187499999999945,37.78006769616928,30.142293243108426,7.63777445306086,79.78358716960349,29.66833333333322,0.0,30.142293243108426,52.47231624467956,0.0,0,217.05526268584734,0,0.0,0,15,0.3,0.7,0.0,0,,,,,,,,,,,,,,,
v3_primary_challenge,C2,1019,2165,2147,89.45833333333333,99.16859122401847,4.253623463108759,140.49469917739492,2.4621271011108803,39.198218262806236,29.13752913752914,60.801781737193764,0.28009305238340587,16.053801322863244,0,10480.0,28.165999999999798,4.662222222222227,42.66650114197385,34.34148768755299,8.325013454420874,80.48817402036514,19.850583142781588,16.81559223832361,17.52589544922938,59.2590293638526,2.0,4,80.26900661431621,507,44.37869822485207,230,1048,,,0.0,0,,,,,,,,,,,,,,,
v3_primary_challenge,C3,1019,2165,2092,87.16666666666667,96.62817551963049,5.627561139947197,409.01863110237343,4.92638519045597,18.485523385300674,3.6713286713286664,81.51447661469933,0.2659764047010583,168.5154865056134,0,13610.0,28.79199999999973,4.705694444444456,47.74849430761896,39.31404324310861,8.434451064510382,82.33567113096481,19.636995640226846,21.76608091837514,17.547962324733465,66.31735320502636,2.0,4,842.5774325280671,658,59.87841945288754,300,1361,,,0.0,0,,,,,,,,,,,,,,,
v3_primary_challenge,C4,1019,2165,2099,87.45833333333333,96.95150115473442,4.025900416265038,354.06373482204896,3.1856688878387573,20.935412026726052,6.235431235431232,79.06458797327394,0.26616474135747753,113.61300250806303,0,13320.0,28.733999999999735,4.701666666666677,47.680693111308095,39.2780432431086,8.402649868199534,82.37724890327422,19.703289039345417,21.732993359206567,17.545049883902024,66.22318487681683,2.0,4,568.0650125403151,643,60.80870917573873,290,1332,,,0.0,0,,,,,,,,,,,,,,,
v3_primary_challenge,C5,1019,2165,2089,87.04166666666667,96.48960739030024,4.732936956618329,467.94074743598856,3.9453504760688407,20.48997772828508,4.836829836829837,79.51002227171492,0.25402826340196427,135.23767410166377,0,13440.0,28.75799999999974,4.703333333333344,52.049825175292824,39.193182131997474,12.856643043295396,75.29935403241626,19.729584221512237,21.659107666942255,17.534074465055216,72.29142385457342,2.0,4,676.1883705083188,651,48.38709677419355,294,1344,,,3.203970354516059,1339,0.002392808330482494,0.0015879350248724222,0.006216382572893049,0.00930587004404515,27.916355489171025,141.09185959671396,27.916355489171025,0.0,23.665421956684092,0.0,0.0,0.0,0.0,157.6268067529084,53.743274352558295
v3_primary_challenge,C1,1020,2168,2120,88.33333333333333,97.7859778597786,7.251129857610433,141.47236882597747,5.11093103894063,47.59493670886076,32.09249858996051,52.40506329113924,0.2854916537827866,50.5693675005787,0,150.0,25.901999999999898,4.508749999999994,40.42300463819682,30.132958486736314,10.29004615146051,74.54408388599309,29.671666666666596,0.0,30.132958486736314,56.14306199749559,0.0,0,252.8468375028935,0,0.0,0,15,0.3,0.7,0.0,0,,,,,,,,,,,,,,,
v3_primary_challenge,C2,1020,2168,2162,90.08333333333333,99.72324723247232,2.209011876646708,121.29464507041752,1.1176577814677857,21.772151898734183,11.393119007332208,78.22784810126582,0.29339195641929916,7.434491546531523,0,11030.0,28.077999999999765,4.659861111111118,37.57889568905232,31.037390574913964,6.5415051141383636,82.59260951075777,19.865482534827436,17.01892765751913,14.018462917394825,52.19291067923933,2.0,4,37.17245773265761,508,38.77952755905512,256,1103,,,0.0,0,,,,,,,,,,,,,,,
v3_primary_challenge,C3,1020,2168,2103,87.625,97.00184501845018,4.3628800219211215,406.90190720587367,3.7682956911707626,12.151898734177212,3.0456852791878153,87.84810126582279,0.26257012636636157,162.5476187898375,0,14240.0,28.7199999999997,4.704444444444459,48.674754508109835,39.9297084867365,8.745046021373355,82.03371314401535,19.735708378590157,22.382027372972424,17.547681113764078,67.60382570570815,2.0,4,812.7380939491874,664,60.24096385542169,317,1424,,,0.0,0,,,,,,,,,,,,,,,
v3_primary_challenge,C4,1020,2168,2079,86.625,95.89483394833948,5.400057780802999,461.3839104825267,4.650445990829098,17.46835443037975,6.147772137619856,82.53164556962025,0.2513761241936808,139.0546202104949,0,13600.0,28.591999999999715,4.695555555555568,52.704595290274874,39.33109737562536,13.373497914649533,74.6255561948747,19.599993151783,21.76589912856354,17.565198247061822,73.20082679204847,2.0,4,695.2731010524745,637,51.49136577708007,299,1360,,,0.0,0,,,,,,,,,,,,,,,
v3_primary_challenge,C5,1020,2168,2043,85.125,94.23431734317343,9.372134903939342,504.21670852173725,8.629630307749954,17.215189873417724,5.978567399887192,82.78481012658227,0.24747666358896342,174.34387250959037,0,13600.0,28.59199999999971,4.695555555555568,54.10840110797314,38.948708486736464,15.15969262123669,71.98273778043162,19.596181689451022,21.401851459367663,17.5468570273688,75.15055709440718,2.0,4,871.719362547952,637,47.409733124018835,299,1360,,,3.961901775910519,1355,0.0029239127497494607,0.0016615649219602346,0.006838953413534909,0.010304367053322494,27.132841328413285,137.65608856088562,27.132841328413285,0.0,23.23911439114391,0.0,0.0,0.0,0.0,208.73022312542514,68.60092980638962
v3_primary_challenge,C1,1021,2077,2070,86.25,99.66297544535388,4.896641904334951,118.51435326682264,2.9994058740689318,44.067796610169495,26.08173076923077,55.932203389830505,0.3268189224426856,42.534208508298654,0,140.0,24.889999999999908,4.324722222222219,34.64518792063319,28.10748264066467,6.537705279968518,81.1295430264503,29.661111111111044,0.0,28.10748264066467,48.11831655643498,0.0,0,212.67104254149325,0,0.0,0,14,0.3,0.7,0.0,0,,,,,,,,,,,,,,,
v3_primary_challenge,C2,1021,2077,2075,86.45833333333333,99.90370727010111,1.026106689339092,180.17987576192087,0.28602800128545774,19.128329297820823,3.605769230769229,80.87167070217917,0.3079653152176713,1.9938605812244108,0,12020.0,27.26599999999977,4.489722222222231,41.432486521638324,30.626107050779524,10.806379470858815,73.91810055808475,19.777146629428515,20.105808106895577,10.520298943883937,57.545120168942134,2.0,4,9.969302906122055,576,36.63194444444444,251,1202,,,0.0,0,,,,,,,,,,,,,,,
v3_primary_challenge,C3,1021,2077,2075,86.45833333333333,99.90370727010111,0.3523624837113242,3.927491739775481,0.012846377652533013,7.263922518159804,0.0,92.7360774818402,0.33454286136856126,0.0,0,15420.0,27.9459999999997,4.536944444444461,31.864569907317925,25.58189212365101,6.282677783666953,80.2831866177988,32.21401041855233,25.58189212365101,0.0,44.256347093497155,2.0,4,0.0,749,59.813084112149525,330,1542,,,0.0,0,,,,,,,,,,,,,,,
v3_primary_challenge,C4,1021,2077,2075,86.45833333333333,99.90370727010111,0.3523624837113242,3.927491739775481,0.012846377652533013,7.263922518159804,0.0,92.7360774818402,0.33454286136856126,0.0,0,15420.0,27.945999999999696,4.536944444444461,31.864569907317936,25.724756233661886,6.139813673656073,80.73153445499355,25.25565625957072,25.724756233661886,0.0,44.25634709349716,2.0,4,0.0,749,53.67156208277704,330,1542,,,0.0,0,,,,,,,,,,,,,,,
v3_primary_challenge,C5,1021,2077,2075,86.45833333333333,99.90370727010111,0.3523624837113242,3.927491739775481,0.012846377652533013,7.263922518159804,0.0,92.7360774818402,0.33454286136856126,0.0,0,15420.0,27.9459999999997,4.536944444444461,31.864569907317932,25.38791189205928,6.47665801525868,79.67442198624735,23.873985622922067,25.38791189205928,0.0,44.256347093497155,2.0,4,0.0,749,45.52736982643525,330,1542,,,3.993177372845821,1542,0.0025896091912100006,0.0016163319814950228,0.006928693340159951,0.011465010000392795,27.714007782101167,139.85278858625162,27.714007782101167,0.0,23.05252918287938,0.0,0.0,0.0,0.0,63.68058100933144,22.25497704123051
v3_primary_challenge,C1,1022,2140,2136,89.0,99.81308411214953,4.55202181197504,124.88993846102936,2.670759237150307,42.517814726840854,25.538103548574753,57.482185273159146,0.31247014295823133,20.5471819240823,0,130.0,25.751999999999903,4.46333333333333,33.51074853503674,26.095934103547457,7.414814431489286,77.87332496098433,29.754988748940725,0.0,26.095934103547457,46.54270629866214,0.0,0,102.7359096204115,0,0.0,0,13,0.3,0.7,0.0,0,,,,,,,,,,,,,,,
v3_primary_challenge,C2,1022,2140,2136,89.0,99.81308411214953,2.812903611161666,173.02438321151033,1.43380437655432,36.342042755344416,15.241419429901104,63.657957244655584,0.2906724113796244,26.510089129347275,0,9320.0,27.58999999999981,4.590972222222228,41.357931903335185,32.824173082692525,8.533758820642664,79.36608909606895,19.704881202654132,15.270781426382408,17.55339165631012,57.44157208796554,2.0,4,132.5504456467364,467,43.683083511777305,211,932,,,0.0,0,,,,,,,,,,,,,,,
v3_primary_challenge,C3,1022,2140,2136,89.0,99.81308411214953,0.5330634697597588,7.386009976900736,0.028772012411647733,13.064133016627078,0.3490401396160525,86.93586698337292,0.32306532247679876,0.0,0,14280.0,28.581999999999695,4.659861111111128,29.696483908352423,24.0181192489565,5.678364659395951,80.87866335650993,27.0959207118399,24.0181192489565,0.0,41.245116539378394,2.0,4,0.0,703,56.33001422475107,308,1428,,,0.0,0,,,,,,,,,,,,,,,
v3_primary_challenge,C4,1022,2140,2136,89.0,99.81308411214953,0.5330634697597588,7.386009976900736,0.028772012411647733,13.064133016627078,0.3490401396160525,86.93586698337292,0.32306532247679876,0.0,0,14280.0,28.581999999999695,4.659861111111128,29.696483908352427,24.39623625062066,5.300247657731792,82.15193531298492,22.951704496696195,24.39623625062066,0.0,41.245116539378394,2.0,4,0.0,703,55.19203413940256,308,1428,,,0.0,0,,,,,,,,,,,,,,,
v3_primary_challenge,C5,1022,2140,2136,89.0,99.81308411214953,0.5330634697597588,7.386009976900736,0.028772012411647733,13.064133016627078,0.3490401396160525,86.93586698337292,0.32306532247679876,0.0,0,14280.0,28.58199999999969,4.659861111111128,29.696483908352423,23.81236959250895,5.8841143158435045,80.18582154708051,25.158330752827517,23.81236959250895,0.0,41.245116539378394,2.0,4,0.0,703,49.217638691322904,308,1428,,,4.3460323720937595,1428,0.003043440036480224,0.0019350629299879074,0.00738497152924537,0.011605359963141382,27.615546218487395,139.6890756302521,27.615546218487395,0.0,23.198179271708682,0.0,0.0,0.0,0.0,88.59908337394694,28.170882839284793
v3_primary_challenge,C1,1023,2108,2099,87.45833333333333,99.573055028463,6.0284440215398085,154.20410240176741,4.159305585847764,46.650124069478906,26.510263929618773,53.349875930521094,0.3354933234793356,55.756658291225285,0,110.0,25.361999999999902,4.396249999999995,28.42240354743921,22.10690123914482,6.3155023082943895,77.77984434795134,29.64666666666661,0.0,22.10690123914482,39.475560482554464,0.0,0,278.78329145612645,0,0.0,0,11,0.3,0.7,0.0,0,,,,,,,,,,,,,,,
v3_primary_challenge,C2,1023,2108,2093,87.20833333333333,99.28842504743834,0.6606141632346357,84.55708163136224,0.11040238776144103,16.873449131513652,0.46920821114369016,83.12655086848635,0.31459093086076917,0.0,0,13620.0,28.06399999999971,4.583888888888902,35.94726489012306,29.885902722637997,6.061362167485075,83.13818259605478,19.76634438005391,22.871068897303324,7.014833825334669,49.926756791837605,2.0,4,0.0,678,41.44542772861357,304,1362,,,0.0,0,,,,,,,,,,,,,,,
v3_primary_challenge,C3,1023,2108,2099,87.45833333333333,99.573055028463,0.506678461200047,5.800026870446163,0.026454623160660516,14.1439205955335,0.11730205278592809,85.8560794044665,0.3295124701619257,0.0,0,14650.0,28.269999999999687,4.59819444444446,30.57551074170672,24.75854321063519,5.816967531071559,80.97507649107932,38.16095382494813,24.75854321063519,0.0,42.46598714125937,2.0,4,0.0,735,62.04081632653061,325,1465,,,0.0,0,,,,,,,,,,,,,,,
v3_primary_challenge,C4,1023,2108,2099,87.45833333333333,99.573055028463,0.506678461200047,5.800026870446163,0.026454623160660516,14.1439205955335,0.11730205278592809,85.8560794044665,0.3295124701619257,0.0,0,14650.0,28.26999999999969,4.59819444444446,30.575510741706722,25.054854670484303,5.520656071222443,81.94419017932566,31.157606110751495,25.054854670484303,0.0,42.46598714125937,2.0,4,0.0,735,56.19047619047619,325,1465,,,0.0,0,,,,,,,,,,,,,,,
v3_primary_challenge,C5,1023,2108,2099,87.45833333333333,99.573055028463,0.506678461200047,5.800026870446163,0.026454623160660516,14.1439205955335,0.11730205278592809,85.8560794044665,0.32951247016192575,0.0,0,14650.0,28.269999999999687,4.59819444444446,30.57551074170672,24.63741577559324,5.938094966113507,80.57891815356143,26.668631173503627,24.63741577559324,0.0,42.46598714125937,2.0,4,0.0,735,47.21088435374149,325,1465,,,3.1685918236617,1465,0.0021628613130796584,0.0015785699943080544,0.005649629607796669,0.012516016024164855,28.41296928327645,143.16860068259385,28.41296928327645,0.0,23.795221843003414,0.0,0.0,0.0,0.0,5.990404598658067,2.219596613446201
v3_primary_challenge,C1,1024,2089,2085,86.875,99.80852082336045,2.9312932926528914,102.45144076627984,1.4383099469118341,29.562982005141393,18.999999999999993,70.4370179948586,0.33387622842185505,29.130810786208336,0,130.0,25.073999999999906,4.352499999999996,30.90455776813218,26.125337288314988,4.7792204798171944,84.53554807134185,29.64871192243322,0.0,26.125337288314988,42.92299690018358,0.0,0,145.6540539310417,0,0.0,0,13,0.3,0.7,0.0,0,,,,,,,,,,,,,,,
v3_primary_challenge,C2,1024,2089,2086,86.91666666666667,99.85639061752035,0.3424254369830056,3.8618322079422795,0.005456564076469874,5.398457583547556,0.0,94.60154241645245,0.33316867534591366,0.0,0,15370.0,28.121999999999694,4.564166666666684,31.15927687547108,25.115044173660674,6.044232701810437,80.6021406531148,21.13820351383591,25.115044173660674,0.0,43.27677343815431,2.0,4,0.0,751,45.539280958721704,331,1537,,,0.0,0,,,,,,,,,,,,,,,
v3_primary_challenge,C3,1024,2089,2086,86.91666666666667,99.85639061752035,0.3424254369830056,3.8618322079422795,0.005456564076469874,5.398457583547556,0.0,94.60154241645245,0.3331686753459136,0.0,0,15370.0,28.121999999999694,4.564166666666683,31.159276875471072,24.899439724701924,6.259837150769185,79.91019760892794,32.124481346622325,24.899439724701924,0.0,43.27677343815431,2.0,4,0.0,751,57.65645805592543,331,1537,,,0.0,0,,,,,,,,,,,,,,,
v3_primary_challenge,C4,1024,2089,2086,86.91666666666667,99.85639061752035,0.3424254369830056,3.8618322079422795,0.005456564076469874,5.398457583547556,0.0,94.60154241645245,0.33316867534591355,0.0,0,15370.0,28.121999999999694,4.564166666666684,31.159276875471075,25.387862072097317,5.771414803373787,81.4776997988773,31.286766340924544,25.387862072097317,0.0,43.27677343815431,2.0,4,0.0,751,52.99600532623169,331,1537,,,0.0,0,,,,,,,,,,,,,,,
v3_primary_challenge,C5,1024,2089,2086,86.91666666666667,99.85639061752035,0.3424254369830056,3.8618322079422795,0.005456564076469874,5.398457583547556,0.0,94.60154241645245,0.33316867534591355,0.0,0,15370.0,28.121999999999698,4.564166666666683,31.15927687547108,24.98565785474842,6.173619020722695,80.18689892773925,22.33927682724924,24.98565785474842,0.0,43.27677343815431,2.0,4,0.0,751,43.142476697736356,331,1537,,,4.487419801182114,1537,0.0029195964874314338,0.0017130050109699368,0.007185140624642369,0.012620871071703732,27.765126870527002,140.16590761223162,27.765126870527002,0.0,23.30448926480156,0.0,0.0,0.0,0.0,128.1956647212107,41.309883112487576
v3_primary_challenge,C1,1025,2110,2089,87.04166666666667,99.00473933649289,6.730680405515759,115.45883549759407,4.527377999903633,46.666666666666664,36.92307692307693,53.333333333333336,0.3045972774323696,80.22012847247775,0,150.0,25.483999999999916,4.407222222222218,39.344980124346954,30.15621991953243,9.188760204814518,76.6456605753158,29.643333333333267,0.0,30.15621991953243,54.64580572825965,0.0,0,401.1006423623888,0,0.0,0,15,0.3,0.7,0.0,0,,,,,,,,,,,,,,,
v3_primary_challenge,C2,1025,2110,2103,87.625,99.66824644549763,1.308977656820767,103.00531199406396,0.37625194615260604,18.80952380952381,7.633136094674553,81.19047619047619,0.3080689856239995,3.3943493339576523,0,12510.0,27.95599999999976,4.5788888888888994,38.09516517536018,31.102195591909293,6.9929695834508925,81.64341970625209,19.623457356044014,20.584962018457382,10.517233573451911,52.90995163244471,2.0,4,16.971746669788264,604,42.05298013245033,258,1251,,,0.0,0,,,,,,,,,,,,,,,
v3_primary_challenge,C3,1025,2110,2103,87.625,99.66824644549763,0.41517274486458056,5.22252709112654,0.014130233845820038,6.904761904761902,0.0,93.0952380952381,0.32808714407522255,0.0,0,15060.0,28.465999999999703,4.614305555555572,30.888628132919866,24.9189533941262,5.969674738793694,80.67355172555745,27.66483122014603,24.9189533941262,0.0,42.90087240683318,2.0,4,0.0,734,58.991825613079016,312,1506,,,0.0,0,,,,,,,,,,,,,,,
v3_primary_challenge,C4,1025,2110,2103,87.625,99.66824644549763,0.45183336865442436,78.15309368954767,0.048641968611798404,6.904761904761902,0.059171597633134176,93.0952380952381,0.3173933949116508,0.0,0,15060.0,28.46599999999971,4.614305555555571,34.73837783180569,28.474899312938582,6.263478518867138,81.9695710916806,19.68006028945265,24.958902327411213,3.5159969855273676,48.247746988619056,2.0,4,0.0,734,50.95367847411444,312,1506,,,0.0,0,,,,,,,,,,,,,,,
v3_primary_challenge,C5,1025,2110,2103,87.625,99.66824644549763,0.41517274486458056,5.22252709112654,0.014130233845820038,6.904761904761902,0.0,93.0952380952381,0.3280871440752225,0.0,0,15060.0,28.465999999999703,4.614305555555571,30.88862813291986,24.922009309446633,5.966618823473262,80.68344506011181,23.549736332149294,24.922009309446633,0.0,42.90087240683318,2.0,4,0.0,734,50.817438692098094,312,1506,,,3.595642302185297,1506,0.002387544689366067,0.0015875919489189982,0.006245618511456996,0.010097541031427681,27.5,138.93691899070384,27.5,0.0,23.144090305444887,0.0,0.0,0.0,0.0,43.200781865018854,13.183954524276261
v3_primary_challenge,C1,1026,2066,2065,86.04166666666667,99.95159728944822,5.215466540540261,121.63102320456771,3.3627622401221835,44.13265306122449,24.193548387096776,55.86734693877551,0.32785864457819464,35.07821866833254,0,140.0,24.961999999999904,4.315972222222218,35.37088795184993,28.153807064921196,7.217080886928727,79.59598612069541,29.592236048863956,0.0,28.153807064921196,49.12623326645822,0.0,0,175.39109334166272,0,0.0,0,14,0.3,0.7,0.0,0,,,,,,,,,,,,,,,
v3_primary_challenge,C2,1026,2066,1999,83.29166666666667,96.75701839303001,5.74226631812285,255.2708442033904,4.646733645367483,26.530612244897956,14.516129032258062,73.46938775510205,0.28681403106735587,69.61665737641137,0,11590.0,27.251999999999764,4.475000000000009,50.146948815751855,36.66408484269911,13.482863973052758,73.11329145350197,19.634000677744233,19.11372992777134,17.550354914927773,69.64854002187762,2.0,4,348.0832868820568,591,46.36209813874789,257,1159,,,0.0,0,,,,,,,,,,,,,,,
v3_primary_challenge,C3,1026,2066,2065,86.04166666666667,99.95159728944822,0.4234125910546373,4.101383649361984,0.017506769508197118,12.244897959183676,0.0,87.75510204081633,0.3388254737403228,9.473903143468003e-17,0,15180.0,27.969999999999686,4.524861111111129,31.422829453483768,25.04422243354339,6.378607019940409,79.70072354756329,28.168543302486537,25.04422243354339,0.0,43.64281868539417,2.0,4,4.736951571734001e-16,785,58.47133757961783,331,1518,,,0.0,0,,,,,,,,,,,,,,,
v3_primary_challenge,C4,1026,2066,2065,86.04166666666667,99.95159728944822,0.4234125910546373,4.101383649361984,0.017506769508197118,12.244897959183676,0.0,87.75510204081633,0.3388254737403228,9.473903143468003e-17,0,15180.0,27.96999999999969,4.524861111111129,31.422829453483768,25.271626806839393,6.151202646644401,80.42441513502087,25.290688218545622,25.271626806839393,0.0,43.64281868539417,2.0,4,4.736951571734001e-16,785,54.394904458598724,331,1518,,,0.0,0,,,,,,,,,,,,,,,
v3_primary_challenge,C5,1026,2066,2065,86.04166666666667,99.95159728944822,0.4234125910546373,4.101383649361984,0.017506769508197118,12.244897959183676,0.0,87.75510204081633,0.3388254737403228,9.473903143468003e-17,0,15180.0,27.969999999999686,4.524861111111128,31.422829453483768,25.22893276013543,6.193896693348373,80.28854561770969,25.3811044982377,25.22893276013543,0.0,43.64281868539417,2.0,4,4.736951571734001e-16,785,48.53503184713376,331,1518,,,4.248122864053585,1518,0.0027984999104437316,0.0016553154564462602,0.00666521460516378,0.011520455940626562,28.468379446640316,143.10737812911725,28.468379446640316,0.0,23.511198945981555,0.0,0.0,0.0,0.0,43.56039661900525,13.463016270608673
v3_primary_challenge,C1,1027,2159,2142,89.25,99.21259842519686,2.7111266251073207,96.30040731929608,1.1951090620274671,38.38862559241706,15.083477259643063,61.61137440758294,0.30660749818767175,19.366262029682012,0,140.0,26.027999999999903,4.506249999999994,33.721300652438195,28.124015199778356,5.597285452659836,83.40133581930763,29.703888888888773,0.0,28.124015199778356,46.835139795053045,0.0,0,96.83131014841007,0,0.0,0,14,0.3,0.7,0.0,0,,,,,,,,,,,,,,,
v3_primary_challenge,C2,1027,2159,2135,88.95833333333333,98.88837424733673,4.576296641985075,148.30861181761733,3.001430215409301,35.78199052132701,24.755325273459995,64.21800947867298,0.28780427150030535,20.170312346673672,0,10540.0,28.10799999999978,4.65069444444445,40.49046225989006,33.93959853311181,6.550863726778257,83.82121773584308,19.590395184652092,16.3824701633933,17.557128369718512,56.236753138736226,2.0,4,100.85156173336836,501,38.72255489021956,260,1054,,,0.0,0,,,,,,,,,,,,,,,
v3_primary_challenge,C3,1027,2159,2149,89.54166666666667,99.53682260305698,0.48288343212354995,5.192176695220163,0.022475011006019053,13.744075829383885,0.0,86.25592417061611,0.3199299963423323,0.0,0,14530.0,28.905999999999693,4.706111111111126,28.925201316760344,23.132177181733994,5.793024135026377,79.97239821570523,19.741781146178354,23.132177181733994,0.0,40.17389071772272,2.0,4,0.0,682,59.2375366568915,358,1453,,,0.0,0,,,,,,,,,,,,,,,
v3_primary_challenge,C4,1027,2159,2113,88.04166666666667,97.86938397406206,2.231645910181748,470.12791709120916,1.626089391044101,15.402843601895732,4.490500863557855,84.59715639810426,0.24739133793172785,165.8963043658836,0,14170.0,28.833999999999698,4.701111111111125,55.03911834457795,40.08051519977855,14.958603144799405,72.82186998136571,19.655513370619627,22.532279501881995,17.54823569789656,76.44321992302497,2.0,4,829.481521829418,662,47.88519637462236,346,1417,,,0.0,0,,,,,,,,,,,,,,,
v3_primary_challenge,C5,1027,2159,2082,86.75,96.43353404353867,4.270725740876359,508.6985892239119,3.6463734644727968,15.63981042654028,4.6056419113413956,84.36018957345972,0.2439403952682319,146.0577787512468,0,13750.0,28.74999999999971,4.69527777777779,56.281457703436494,39.35265408866741,16.928803614769095,69.92117065628982,19.72431081285347,21.802151507609345,17.55050258105807,78.16869125477294,2.0,4,730.2888937562341,646,42.26006191950464,340,1375,,,4.656925451243296,1370,0.003399215657841822,0.002322213025763631,0.007495830173138529,0.010333226062357426,27.043795620437955,137.1970802919708,27.043795620437955,0.0,23.193430656934307,0.0,0.0,0.0,0.0,101.02598679588272,37.7211441378661
v3_primary_challenge,C1,1028,2109,2103,87.625,99.71550497866288,2.6257089940028653,101.8473788962617,1.156917674994417,38.313253012048186,16.115702479338843,61.686746987951814,0.3187526252478795,19.733245319569697,0,130.0,25.461999999999897,4.40444444444444,34.349054910763385,26.10053507961928,8.248519831144103,75.98618112616717,29.69936487088888,0.0,26.10053507961928,47.70702070939359,0.0,0,98.66622659784849,0,0.0,0,13,0.3,0.7,0.0,0,,,,,,,,,,,,,,,
v3_primary_challenge,C2,1028,2109,2106,87.75,99.85775248933145,0.872077144079273,89.89104032799659,0.1880770719495023,22.40963855421687,1.0625737898465215,77.59036144578313,0.31123488017656464,0.0,0,12110.0,27.85799999999973,4.570833333333347,37.055443136436715,30.18983370960472,6.865609426832016,81.4720622782648,19.635282852840678,19.660781246042276,10.529052463562442,51.46589324505102,2.0,4,0.0,561,32.44206773618538,256,1211,,,0.0,0,,,,,,,,,,,,,,,
v3_primary_challenge,C3,1028,2109,2106,87.75,99.85775248933145,0.4672142819731,6.2452068042281095,0.02591184925888442,12.530120481927709,0.17709563164108877,87.46987951807229,0.3290194187783033,0.0,0,14930.0,28.42199999999966,4.61000000000002,30.653009239810793,24.706581977437285,5.94642726237352,80.60083688406505,32.36072508676672,24.706581977437285,0.0,42.57362394418169,2.0,4,0.0,726,57.30027548209367,327,1493,,,0.0,0,,,,,,,,,,,,,,,
v3_primary_challenge,C4,1028,2109,2106,87.75,99.85775248933145,0.4672142819731,6.2452068042281095,0.02591184925888442,12.530120481927709,0.17709563164108877,87.46987951807229,0.3290194187783033,0.0,0,14930.0,28.42199999999966,4.61000000000002,30.653009239810793,24.711275895192497,5.94173334461832,80.61614995730523,27.938225287461492,24.711275895192497,0.0,42.57362394418168,2.0,4,0.0,726,55.64738292011019,327,1493,,,0.0,0,,,,,,,,,,,,,,,
v3_primary_challenge,C5,1028,2109,2106,87.75,99.85775248933145,0.4672142819731,6.2452068042281095,0.02591184925888442,12.530120481927709,0.17709563164108877,87.46987951807229,0.32901941877830326,0.0,0,14930.0,28.42199999999966,4.61000000000002,30.65300923981079,24.572504646910822,6.080504592899988,80.16343339954084,25.70164823574971,24.572504646910822,0.0,42.57362394418168,2.0,4,0.0,726,40.633608815426996,327,1493,,,3.7856233788188547,1493,0.002535581633502247,0.0016108370618894696,0.006400518375448876,0.011152516002766788,27.61888814467515,139.50904219691895,27.61888814467515,0.0,23.36503683858004,0.0,0.0,0.0,0.0,24.51267614910122,8.631821918812035
v3_primary_challenge,C1,1029,2179,2164,90.16666666666667,99.31161083065626,6.323243618359054,111.97404917030605,4.124003408625355,50.68493150684932,33.42906375646181,49.31506849315068,0.27619317449628605,48.989749795461805,0,150.0,26.157999999999898,4.540277777777773,42.67045718133703,30.11925315396922,12.551204027367802,70.58572873023402,29.69999999999987,0.0,30.11925315396922,59.264523862968076,0.0,0,244.94874897730904,0,0.0,0,15,0.3,0.7,0.0,0,,,,,,,,,,,,,,,
v3_primary_challenge,C2,1029,2179,2112,88.0,96.92519504359798,22.611148333608497,293.58520182291466,20.535394934174782,43.83561643835616,38.42619184376795,56.16438356164384,0.2799078128365378,80.25259371841096,0,8340.0,27.795999999999815,4.65402777777778,41.33318737884638,30.482697598413736,10.850489780432648,73.74872234995905,19.68993026720806,12.922683324080602,17.560014274333135,57.40720469284219,2.0,4,401.2629685920548,365,41.369863013698634,197,834,,,0.0,0,,,,,,,,,,,,,,,
v3_primary_challenge,C3,1029,2179,2062,85.91666666666667,94.63056447911886,8.643247106450207,413.43905832839056,7.980028521288848,14.155251141552515,5.686387133831127,85.84474885844749,0.26262384141234774,161.56979842748325,0,13320.0,28.79199999999971,4.723194444444458,47.55541709155476,38.49664204285825,9.058775048696525,80.9511184997992,19.69998606958572,20.945058752659413,17.55158329019884,66.04919040493719,2.0,4,807.8489921374162,606,59.57095709570957,310,1332,,,0.0,0,,,,,,,,,,,,,,,
v3_primary_challenge,C4,1029,2179,1984,82.66666666666667,91.05094079853143,18.80997275508749,427.19327054819587,17.721874448026288,22.146118721461182,15.163699023549682,77.85388127853882,0.2595214233445523,162.11280640076149,0,11930.0,28.51399999999974,4.7038888888888994,48.67228759596114,36.20805870952492,12.464228886436228,74.39152852254574,19.761739998020033,18.659856128081444,17.548202581443473,67.60039943883494,2.0,4,810.5640320038074,536,51.49253731343284,274,1193,,,0.0,0,,,,,,,,,,,,,,,
v3_primary_challenge,C5,1029,2179,2006,83.58333333333333,92.06057824690225,16.114177498261483,403.9977233737154,15.008226272958778,22.831050228310502,15.738081562320506,77.1689497716895,0.2618657692266574,130.1926326105512,0,11800.0,28.487999999999744,4.702083333333343,47.82832307840333,35.96258648730267,11.86573659110066,75.19098344374407,19.82901584437762,18.433966873974374,17.528619613328306,66.42822649778243,2.0,4,650.9631630527559,527,45.54079696394687,271,1180,,,3.682940085651353,1175,0.0031344170941713643,0.0019454319262877107,0.007006790151353925,0.012361011002212763,26.65531914893617,135.62212765957446,26.65531914893617,0.0,23.115744680851066,0.0,0.0,0.0,0.0,120.27045624201001,42.13790955735223
v3_primary_challenge,C1,1030,2186,2151,89.625,98.39890210430009,2.578934283748631,130.53099672191675,1.2338570712879664,34.29203539823009,12.399077277970017,65.7079646017699,0.2811192859512733,11.331514451519276,0,140.0,26.073999999999902,4.543194444444439,40.197057057541635,28.137792939402356,12.05926411813928,69.99963429940512,29.66316465618078,0.0,28.137792939402356,55.829245913252265,0.0,0,56.65757225759638,0,0.0,0,14,0.3,0.7,0.0,0,,,,,,,,,,,,,,,
v3_primary_challenge,C2,1030,2186,2182,90.91666666666667,99.81701738334858,1.4944373501269188,111.94645331159045,0.42485462559382337,24.77876106194691,8.650519031141869,75.22123893805309,0.2828370658693438,5.7258878806419435,0,11360.0,28.31799999999975,4.699027777777786,39.578656287036196,32.70239021544755,6.876266071588669,82.6263276304281,19.59170313123699,18.65168183469992,14.050708380747626,54.97035595421696,2.0,4,28.629439403209712,572,37.58741258741259,249,1136,,,0.0,0,,,,,,,,,,,,,,,
v3_primary_challenge,C3,1030,2186,2183,90.95833333333333,99.86276303751144,0.5208527051954206,6.3803849459409925,0.02072008811772675,13.716814159292035,0.40369088811995635,86.28318584070797,0.31512843107024885,0.0,0,13830.0,28.8119999999997,4.733333333333348,27.953764814710375,22.524000978037833,5.429763836672582,80.57591214398718,20.531795355733898,22.524000978037833,0.0,38.82467335376446,2.0,4,0.0,687,60.11644832605532,309,1383,,,0.0,0,,,,,,,,,,,,,,,
v3_primary_challenge,C4,1030,2186,2141,89.20833333333333,97.94144556267155,1.942647046853667,269.08769452633425,1.201194576617758,19.026548672566367,5.940023068050748,80.97345132743364,0.2704430373666835,63.69725834894668,0,13170.0,28.679999999999715,4.7241666666666795,44.0405065479939,35.76182310446391,8.278683443530028,81.20211575107984,19.77432513512884,21.738005088335242,14.023818016128661,61.16737020554714,2.0,4,318.4862917447334,658,51.671732522796354,289,1317,,,0.0,0,,,,,,,,,,,,,,,
v3_primary_challenge,C5,1030,2186,2180,90.83333333333333,99.72552607502287,0.6313524709517169,153.38447328135152,0.12261973705119185,13.938053097345138,0.519031141868509,86.06194690265487,0.293435468934532,14.001308005619745,0,13740.0,28.7939999999997,4.732083333333348,35.76323118356845,29.40953449261083,6.353696690957651,82.2339970951035,19.835713964834927,22.395177050152558,7.014357442458271,49.67115442162289,2.0,4,70.00654002809873,680,36.76470588235294,308,1374,,,4.008164064842276,1372,0.00292140237962265,0.0019232850754633546,0.0064783358189743016,0.008809327031485736,27.78061224489796,140.55174927113703,27.78061224489796,0.0,23.636297376093296,0.0,0.0,0.0,0.0,184.60895086427706,66.15457551048854
v3_primary_challenge,C1,1031,2102,2089,87.04166666666667,99.38154138915318,9.96843541265157,148.151112591794,7.985093733590376,50.38363171355499,25.77440093512565,49.61636828644501,0.3263334899044776,44.435222842087654,0,120.0,25.221999999999905,4.379027777777773,32.319943634388075,24.123245311603306,8.19669832278477,74.63888422731168,29.63922965601381,0.0,24.123245311603306,44.88881060331677,0.0,0,222.17611421043827,0,0.0,0,12,0.3,0.7,0.0,0,,,,,,,,,,,,,,,
v3_primary_challenge,C2,1031,2102,2091,87.125,99.476688867745,4.250696408603698,206.06996114434733,2.4330647867998443,42.1994884910486,25.36528345996494,57.8005115089514,0.29581031005146513,53.696294148454236,0,8860.0,26.96999999999982,4.500416666666671,43.30828838147252,31.863011903148028,11.445276478324502,73.57254949096341,19.632598975450755,14.308631114100677,17.554380789047347,60.15040052982297,2.0,4,268.48147074227114,444,39.189189189189186,201,886,,,0.0,0,,,,,,,,,,,,,,,
v3_primary_challenge,C3,1031,2102,2091,87.125,99.476688867745,0.6002967406000886,6.971695827987909,0.0353795843106177,14.83375959079284,0.6428988895382792,85.16624040920716,0.3325162839895327,0.0,0,14380.0,28.0739999999997,4.5770833333333485,30.094137763768188,24.013533527726715,6.08060423604151,79.79472186984465,31.460436403320717,24.013533527726715,0.0,41.797413560789195,2.0,4,0.0,755,60.397350993377486,308,1438,,,0.0,0,,,,,,,,,,,,,,,
v3_primary_challenge,C4,1031,2102,2091,87.125,99.476688867745,0.6002967406000886,6.971695827987909,0.0353795843106177,14.83375959079284,0.6428988895382792,85.16624040920716,0.3325162839895327,0.0,0,14380.0,28.0739999999997,4.577083333333349,30.094137763768188,24.461902931495608,5.632234832272619,81.28461138682795,28.16857680596784,24.461902931495608,0.0,41.797413560789195,2.0,4,0.0,755,54.437086092715234,308,1438,,,0.0,0,,,,,,,,,,,,,,,
v3_primary_challenge,C5,1031,2102,2091,87.125,99.476688867745,0.6002967406000886,6.971695827987909,0.0353795843106177,14.83375959079284,0.6428988895382792,85.16624040920716,0.3325162839895327,0.0,0,14380.0,28.0739999999997,4.5770833333333485,30.09413776376818,24.14783458621319,5.946303177555032,80.24099170332755,23.84248677677521,24.14783458621319,0.0,41.797413560789195,2.0,4,0.0,755,51.523178807947026,308,1438,,,4.110266570001841,1438,0.002858321675940084,0.00176575145451352,0.006812061578966673,0.010442967992275953,29.082058414464534,146.07858136300416,29.082058414464534,0.0,24.033379694019473,0.0,0.0,0.0,0.0,33.33274138176288,10.946431360361686
v3_primary_challenge,C1,1032,2108,2105,87.70833333333333,99.85768500948767,2.849824741643814,92.37891028994066,1.238514749170463,41.04308390022676,18.476304739052186,58.95691609977324,0.3260301521555735,18.879021728849974,0,130.0,25.809999999999917,4.427361111111108,31.829145223993503,26.11040268339685,5.718742540596658,82.03299994281423,29.708490741234762,0.0,26.11040268339685,44.20714614443541,0.0,0,94.39510864424986,0,0.0,0,13,0.3,0.7,0.0,0,,,,,,,,,,,,,,,
v3_primary_challenge,C2,1032,2108,2074,86.41666666666667,98.38709677419355,1.8152893810387567,211.7552419941807,0.9195285814289685,21.08843537414966,6.478704259148172,78.91156462585033,0.29136581458076505,44.34912502655478,0,13640.0,28.511999999999738,4.615000000000014,44.30830675092455,32.790717299712995,11.517589451211583,74.00580095295285,19.70447526337362,22.250960095738446,10.53975720397455,61.539314931839705,2.0,4,221.7456251327739,698,40.40114613180516,303,1364,,,0.0,0,,,,,,,,,,,,,,,
v3_primary_challenge,C3,1032,2108,2106,87.75,99.90512333965845,0.5831913354649746,7.039707822564984,0.05379726811977217,14.058956916099774,0.959808038392318,85.94104308390023,0.33092924204030677,0.0,0,14890.0,28.761999999999716,4.632361111111128,30.065472865489532,24.090891501961448,5.974581363528132,80.12809780089648,32.703716951709936,24.090891501961448,0.0,41.75760120206885,2.0,4,0.0,756,58.201058201058196,331,1489,,,0.0,0,,,,,,,,,,,,,,,
v3_primary_challenge,C4,1032,2108,2106,87.75,99.90512333965845,0.5831913354649746,7.039707822564984,0.05379726811977217,14.058956916099774,0.959808038392318,85.94104308390023,0.3309292420403067,0.0,0,14890.0,28.76199999999971,4.632361111111129,30.065472865489536,24.354354476359276,5.711118389130292,81.00439525870311,26.98244268581447,24.354354476359276,0.0,41.75760120206885,2.0,4,0.0,756,52.24867724867725,331,1489,,,0.0,0,,,,,,,,,,,,,,,
v3_primary_challenge,C5,1032,2108,2106,87.75,99.90512333965845,0.5831913354649746,7.039707822564984,0.05379726811977217,14.058956916099774,0.959808038392318,85.94104308390023,0.33092924204030666,0.0,0,14890.0,28.76199999999971,4.632361111111128,30.065472865489532,23.71269683979309,6.352776025696478,78.87019421208427,22.342401090899912,23.71269683979309,0.0,41.75760120206885,2.0,4,0.0,756,42.46031746031746,331,1489,,,3.083770532743074,1489,0.0020710346089610975,0.001579619012773037,0.005384909571148453,0.009202264016494155,27.834116856950974,140.64875755540632,27.834116856950974,0.0,23.67897918065816,0.0,0.0,0.0,0.0,48.874360824997865,16.866916596050977
v3_primary_challenge,C1,1033,2186,2180,90.83333333333333,99.72552607502287,14.435827974715169,154.2913241618186,11.329371158575768,68.72427983539094,55.00000000000001,31.275720164609055,0.2943983252044582,77.79845472036936,0,130.0,26.397999999999904,4.565694444444439,35.41660292639504,26.127768664831173,9.288834261563878,73.77265605945185,29.628888888888795,0.0,26.127768664831173,49.18972628665979,0.0,0,388.9922736018468,0,0.0,0,13,0.3,0.7,0.0,0,,,,,,,,,,,,,,,
v3_primary_challenge,C2,1033,2186,2181,90.875,99.77127172918573,1.4996175507982588,167.13458655771854,0.4493419874624164,28.395061728395067,5.470588235294116,71.60493827160494,0.27966546291242883,6.1094770451850975,0,10260.0,28.423999999999786,4.706388888888895,40.7204333515256,30.791462739403435,9.92897061212216,75.61673637800278,19.708773702486347,16.753019464596292,14.038443274807143,56.55615743267444,2.0,4,30.54738522592549,474,42.82700421940928,227,1026,,,0.0,0,,,,,,,,,,,,,,,
v3_primary_challenge,C3,1033,2186,2181,90.875,99.77127172918573,0.5230401105854471,4.626243758502824,0.023124700932486184,12.139917695473246,0.0,87.86008230452676,0.31478884120306977,2.3684757858670008e-17,0,14130.0,29.197999999999706,4.760138888888904,28.076017166894886,22.32246365042193,5.753553516472967,79.50723038003727,25.266825640328,22.32246365042193,0.0,38.99446828735403,2.0,4,1.1842378929335003e-16,646,57.27554179566563,315,1413,,,0.0,0,,,,,,,,,,,,,,,
v3_primary_challenge,C4,1033,2186,2181,90.875,99.77127172918573,0.5230401105854471,4.626243758502824,0.023124700932486184,12.139917695473246,0.0,87.86008230452676,0.31478884120306966,2.3684757858670008e-17,0,14130.0,29.197999999999702,4.760138888888904,28.076017166894882,22.5958145323055,5.480202634589407,80.48084027726262,23.475121527911245,22.5958145323055,0.0,38.99446828735403,2.0,4,1.1842378929335003e-16,646,50.61919504643962,315,1413,,,0.0,0,,,,,,,,,,,,,,,
v3_primary_challenge,C5,1033,2186,2181,90.875,99.77127172918573,0.5230401105854471,4.626243758502824,0.023124700932486184,12.139917695473246,0.0,87.86008230452676,0.3147888412030697,0.0,0,14130.0,29.197999999999702,4.760138888888904,28.07601716689488,22.32571908873465,5.750298078160251,79.51882546595482,20.701152085316636,22.32571908873465,0.0,38.99446828735403,2.0,4,0.0,646,51.39318885448917,315,1413,,,3.758954163757153,1413,0.002660264800960476,0.0016484350198879838,0.006146097579039631,0.010401974082924426,26.656050955414013,135.54281670205236,26.656050955414013,0.0,22.830856334041048,0.0,0.0,0.0,0.0,154.81629863427833,48.64925623696556
v3_primary_challenge,C1,1034,2097,2094,87.25,99.85693848354794,4.61028662629477,153.3040461335877,3.0753475505055934,38.228438228438236,21.942446043165464,61.771561771561764,0.3189940358264503,30.38377737039648,0,130.0,25.507999999999903,4.392638888888885,35.46214710247788,26.123826240091248,9.338320862386627,73.6667922689483,29.69561798317295,0.0,26.123826240091248,49.25298208677482,0.0,0,151.9188868519824,0,0.0,0,13,0.3,0.7,0.0,0,,,,,,,,,,,,,,,
v3_primary_challenge,C2,1034,2097,2080,86.66666666666667,99.18931807343824,1.608733391631568,174.47083987846491,0.8739830688311824,14.918414918414925,7.194244604316546,85.08158508158508,0.3069768616404474,32.052371177307215,0,13290.0,28.139999999999716,4.575416666666682,39.788329809438906,31.906662475497114,7.881667333941818,80.19100733383375,19.730972079486794,21.38051025974482,10.526152215752289,55.261569179776295,2.0,4,160.26185588653607,655,42.44274809160306,308,1329,,,0.0,0,,,,,,,,,,,,,,,
v3_primary_challenge,C3,1034,2097,2095,87.29166666666667,99.90462565569862,0.4408793251336665,6.33554474619929,0.024174902971456365,10.023310023310028,0.2997601918465209,89.97668997668997,0.33374795737383767,0.0,0,14840.0,28.449999999999683,4.596944444444462,30.15073534541841,24.21186967893971,5.938865666478738,80.30275017030009,28.52375050300352,24.21186967893971,0.0,41.876021313081175,2.0,4,0.0,750,58.93333333333334,342,1484,,,0.0,0,,,,,,,,,,,,,,,
v3_primary_challenge,C4,1034,2097,2095,87.29166666666667,99.90462565569862,0.4408793251336665,6.33554474619929,0.024174902971456365,10.023310023310028,0.2997601918465209,89.97668997668997,0.33374795737383767,0.0,0,14840.0,28.449999999999683,4.596944444444462,30.15073534541842,24.772725228130568,5.378010117287884,82.16292221176266,23.898959891217913,24.772725228130568,0.0,41.876021313081175,2.0,4,0.0,750,53.06666666666666,342,1484,,,0.0,0,,,,,,,,,,,,,,,
v3_primary_challenge,C5,1034,2097,2095,87.29166666666667,99.90462565569862,0.4408793251336665,6.33554474619929,0.024174902971456365,10.023310023310028,0.2997601918465209,89.97668997668997,0.33374795737383767,0.0,0,14840.0,28.449999999999676,4.596944444444462,30.15073534541842,24.16118148920387,5.989553856214579,80.13463423828335,23.23683028256771,24.16118148920387,0.0,41.876021313081175,2.0,4,0.0,750,44.4,342,1484,,,4.845011477358639,1484,0.00326483253191283,0.0019654305069707334,0.007407777506159618,0.010500184027478099,28.392857142857142,143.04716981132074,28.392857142857142,0.0,23.785714285714285,0.0,0.0,0.0,0.0,63.77058763855406,20.747586492081673
v3_primary_challenge,C1,1035,2222,2208,92.0,99.36993699369937,10.987675990102195,136.62595944679592,7.968646354139446,69.40639269406392,56.109865470852014,30.59360730593607,0.2735082544419016,48.396781171899555,0,140.0,26.88799999999991,4.644722222222218,39.33702840091543,28.14476231657206,11.192266084343366,71.54775909793199,29.636111111110985,0.0,28.14476231657206,54.63476166793809,0.0,0,241.98390585949775,0,0.0,0,14,0.3,0.7,0.0,0,,,,,,,,,,,,,,,
v3_primary_challenge,C2,1035,2222,2216,92.33333333333333,99.72997299729973,10.842702016735334,197.21499303580447,8.701915089944006,48.630136986301366,37.38789237668162,51.369863013698634,0.2799188512533483,41.639513420921745,0,8240.0,28.507999999999832,4.757222222222225,37.02921354879459,30.10627334617348,6.922940202621115,81.30411224235556,19.741153987739953,12.562102895828975,17.54417045034451,51.42946326221471,2.0,4,208.19756710460874,388,34.79381443298969,190,824,,,0.0,0,,,,,,,,,,,,,,,
v3_primary_challenge,C3,1035,2222,1965,81.875,88.43384338433843,31.04978612573066,429.06107872453555,29.595996477009813,35.15981735159818,18.77802690582959,64.84018264840182,0.26746930089654375,155.67590744229358,0,10540.0,28.967999999999783,4.7891666666666755,41.511051677244254,33.4768734276833,8.03417824956097,80.6456884975401,19.679516025808454,15.945814334176482,17.531059093506812,57.65423844061704,2.0,4,778.3795372114679,481,58.004158004158,257,1054,,,0.0,0,,,,,,,,,,,,,,,
v3_primary_challenge,C4,1035,2222,2015,83.95833333333333,90.68406840684068,30.173069912805804,376.20818361175355,28.406178620109777,42.465753424657535,25.728699551569512,57.534246575342465,0.26951717833650807,122.91398934238377,0,9380.0,28.735999999999805,4.773055555555562,40.7738157988571,31.87837342768327,8.895442371173827,78.1834439654697,19.782197840795103,14.338633750959703,17.539739676723567,56.630299720634866,2.0,4,614.5699467119189,432,53.93518518518518,230,938,,,0.0,0,,,,,,,,,,,,,,,
v3_primary_challenge,C5,1035,2222,2076,86.5,93.42934293429343,26.496544509253184,310.44726519361404,24.660677799250266,42.922374429223744,28.251121076233186,57.077625570776256,0.28003746729971507,101.95876592859007,0,8820.0,28.62399999999982,4.765277777777782,36.986511772102574,30.79326231657215,6.193249455530426,83.25538376343525,19.670007801951826,13.24940756615925,17.5438547504129,51.370155239031355,2.0,4,509.79382964295036,400,48.75,215,882,,,1.8093843625392765,877,0.00206315206674946,0.0015963190235197544,0.00533505156636238,0.009148449054919183,26.579247434435576,135.2690992018244,26.579247434435576,0.0,23.004561003420754,0.0,0.0,0.0,0.0,41.49331662670539,16.37339198234595
v3_primary_challenge,C1,1036,2208,2197,91.54166666666667,99.50181159420289,8.6470040197785,107.29498695706134,6.0151933306954914,57.63440860215054,46.471600688468165,42.365591397849464,0.282103200517439,28.97921372217866,0,150.0,26.44999999999989,4.596805555555552,37.642847813721964,30.14360514549933,7.499242668222642,80.0779082779998,29.686111111110947,0.0,30.14360514549933,52.28173307461385,0.0,0,144.8960686108933,0,0.0,0,15,0.3,0.7,0.0,0,,,,,,,,,,,,,,,
v3_primary_challenge,C2,1036,2208,2203,91.79166666666667,99.77355072463769,2.582124836723931,119.36246556293426,1.0130321132152476,37.634408602150536,16.52323580034424,62.365591397849464,0.2781875327992946,16.225821939020825,0,9080.0,28.23599999999979,4.7208333333333385,39.052488192253946,31.490491490537224,7.5619967017167085,80.63632548971196,19.74138444791543,13.94475647977639,17.54573501076083,54.239566933686014,2.0,4,81.12910969510412,432,35.41666666666667,197,908,,,0.0,0,,,,,,,,,,,,,,,
v3_primary_challenge,C3,1036,2208,1900,79.16666666666667,86.05072463768117,40.71088055848758,526.769427722024,39.33185144101113,34.83870967741935,19.965576592082613,65.16129032258064,0.25403561265700486,199.67050177458665,0,10900.0,28.599999999999753,4.746111111111125,47.74717944347826,34.225494034388326,13.521685409089944,71.68066141980907,19.523767832432558,16.680253747249026,17.545240287139293,66.31552700483093,2.0,4,998.3525088729332,513,60.42884990253411,259,1090,,,0.0,0,,,,,,,,,,,,,,,
v3_primary_challenge,C4,1036,2208,1888,78.66666666666667,85.5072463768116,49.739549197835316,438.7915909704579,48.04946631218157,42.58064516129032,26.04704532415376,57.41935483870968,0.26501029369633217,175.479031730863,0,9430.0,28.305999999999784,4.725694444444452,43.79629426932042,31.939244034388317,11.857050234932107,72.92681850656474,19.623405785532142,14.384392214132575,17.55485182025574,60.828186485167265,2.0,4,877.395158654315,441,53.51473922902494,226,943,,,0.0,0,,,,,,,,,,,,,,,
v3_primary_challenge,C5,1036,2208,1941,80.875,87.90760869565217,35.84579284767754,478.69951137798006,34.329097095097154,38.494623655913976,22.94893861158921,61.505376344086024,0.2606005975631262,147.61900830787744,0,10240.0,28.467999999999765,4.736944444444453,45.38378487727455,33.28621625661051,12.097568620664038,73.34385253813026,19.724014721662062,15.740589952953753,17.545626303656757,63.033034551770214,2.0,4,738.0950415393872,482,47.71784232365145,244,1024,,,3.0848872751230374,1019,0.0030273672964897325,0.0018418419640511274,0.00678655770607292,0.010649778065271676,26.90873405299313,136.88812561334643,26.90873405299313,0.0,23.464180569185476,0.0,0.0,0.0,0.0,195.12672736002799,68.31708141132543
v3_primary_challenge,C1,1037,2115,2101,87.54166666666667,99.33806146572104,10.427901191927639,166.03551809923664,8.434702545232,43.80952380952381,32.8023598820059,56.19047619047619,0.32146614384776157,46.09558652934718,0,140.0,25.387999999999906,4.406805555555553,32.77218821480583,28.142882310265417,4.629305904540416,85.87428500593994,29.646666666666555,0.0,28.142882310265417,45.516928076119214,0.0,0,230.4779326467359,0,0.0,0,14,0.3,0.7,0.0,0,,,,,,,,,,,,,,,
v3_primary_challenge,C2,1037,2115,2107,87.79166666666667,99.62174940898345,0.5305839525971662,87.91854158791297,0.087142189810223,11.190476190476195,0.1769911504424737,88.80952380952381,0.3113936477637485,0.0,0,13890.0,28.13799999999971,4.597777777777792,36.39828680505054,29.787973191937272,6.610313613113288,81.83894300158096,19.80262302744214,22.77502783188706,7.0129453600502085,50.553176118125776,2.0,4,0.0,674,40.94955489614243,267,1389,,,0.0,0,,,,,,,,,,,,,,,
v3_primary_challenge,C3,1037,2115,2112,88.0,99.8581560283688,0.3998504082185883,5.558017431469974,0.011640114323159926,9.999999999999998,0.05899705014749124,90.0,0.3276314430780319,0.0,0,15030.0,28.365999999999687,4.613611111111129,30.552680491908497,24.654342692653607,5.898337799254922,80.69453251142075,28.95020993604141,24.654342692653607,0.0,42.43427846098407,2.0,4,0.0,736,57.33695652173913,296,1503,,,0.0,0,,,,,,,,,,,,,,,
v3_primary_challenge,C4,1037,2115,2112,88.0,99.8581560283688,0.3998504082185883,5.558017431469974,0.011640114323159926,9.999999999999998,0.05899705014749124,90.0,0.32763144307803194,0.0,0,15030.0,28.365999999999683,4.613611111111128,30.552680491908504,24.96844274917879,5.584237742729745,81.72259306606952,20.184841288714466,24.96844274917879,0.0,42.43427846098407,2.0,4,0.0,736,55.29891304347826,296,1503,,,0.0,0,,,,,,,,,,,,,,,
v3_primary_challenge,C5,1037,2115,2112,88.0,99.8581560283688,0.3998504082185883,5.558017431469974,0.011640114323159926,9.999999999999998,0.05899705014749124,90.0,0.32763144307803194,0.0,0,15030.0,28.365999999999683,4.613611111111129,30.5526804919085,24.49972635107966,6.052954140828875,80.18846777639726,24.55458551479575,24.49972635107966,0.0,42.43427846098407,2.0,4,0.0,736,48.233695652173914,296,1503,,,4.604998756549321,1503,0.0030638714281765278,0.001726538990624249,0.007532354036811732,0.01599917805287987,27.49500998003992,139.01064537591483,27.49500998003992,0.0,23.14836992681304,0.0,0.0,0.0,0.0,85.14349622988422,29.176990711729385
v3_primary_challenge,C1,1038,2192,2186,91.08333333333333,99.72627737226277,12.712428753431881,186.30435586455891,9.76274996691424,65.40284360189574,50.847457627118644,34.59715639810427,0.27780352396842173,77.56941763841384,0,150.0,26.419999999999902,4.574722222222218,40.79073137136816,30.15883930195373,10.631892069414429,73.93551987921165,29.60055555555541,0.0,30.15883930195373,56.65379357134467,0.0,0,387.8470881920692,0,0.0,0,15,0.3,0.7,0.0,0,,,,,,,,,,,,,,,
v3_primary_challenge,C2,1038,2192,2186,91.08333333333333,99.72627737226277,5.484814079957974,190.63045572914828,3.8427425643984225,37.91469194312796,26.4406779661017,62.08530805687204,0.27956605473052787,21.52810620392651,0,9200.0,28.229999999999812,4.700416666666673,40.156220297009945,32.01148274852274,8.144737548487198,79.71737009049711,19.722768693288575,14.453372146120667,17.558110602402074,55.772528190291595,2.0,4,107.64053101963255,433,44.80369515011547,203,920,,,0.0,0,,,,,,,,,,,,,,,
v3_primary_challenge,C3,1038,2192,1972,82.16666666666667,89.96350364963503,20.82643015989348,408.55671963387357,19.82329448056722,23.222748815165872,12.372881355932208,76.77725118483413,0.26534256339862167,159.77558877678555,0,12220.0,28.833999999999744,4.742361111111125,45.276677176496165,37.2288393019539,8.047837874542267,82.2252020766223,19.659440231006172,19.67653607023476,17.552303231719133,62.88427385624469,2.0,4,798.8779438839277,561,57.39750445632799,282,1222,,,0.0,0,,,,,,,,,,,,,,,
v3_primary_challenge,C4,1038,2192,1981,82.54166666666667,90.37408759124088,20.768757745836282,341.3860392399899,19.56314198072744,25.355450236966824,17.231638418079097,74.64454976303317,0.2731232516181573,117.72227447154141,0,11510.0,28.69199999999976,4.7325000000000115,42.47562941746337,35.973311524176104,6.502317893287268,84.6916502887326,19.720405474573706,18.422840928136917,17.550470596039187,58.993929746476915,2.0,4,588.6113723577071,539,56.58627087198516,265,1151,,,0.0,0,,,,,,,,,,,,,,,
v3_primary_challenge,C5,1038,2192,1964,81.83333333333333,89.59854014598541,22.129674915118063,379.82275728663905,20.963471203895338,24.881516587677723,15.988700564971747,75.11848341232228,0.26713193631244136,134.9191710982765,0,11690.0,28.727999999999756,4.735000000000013,44.632502927521074,36.2858115241761,8.346691403344979,81.29907386798538,19.721057600959266,18.73628119251704,17.54953033165906,61.989587399334845,2.0,4,674.5958554913826,544,50.0,267,1169,,,2.9048748115310445,1164,0.0024955969171228903,0.0016478330362588167,0.006392847833922132,0.009090642095543444,26.675257731958762,135.53951890034364,26.675257731958762,0.0,22.941580756013746,0.0,0.0,0.0,0.0,130.11656072746206,42.773706033618865
v3_primary_challenge,C1,1039,2106,2084,86.83333333333333,98.95536562203229,9.703869682478775,182.13561581892523,7.590360428810596,48.37092731829574,33.391915641476274,51.62907268170426,0.32512811290820964,45.736710726655936,0,130.0,25.57399999999991,4.408472222222219,32.35387935304454,26.124679836234325,6.229199516810216,80.74666889606226,29.682943638232917,0.0,26.124679836234325,44.9359435458952,0.0,0,228.68355363327967,0,0.0,0,13,0.3,0.7,0.0,0,,,,,,,,,,,,,,,
v3_primary_challenge,C2,1039,2106,2102,87.58333333333333,99.81006647673314,0.6056458027261692,79.7472060176117,0.06368227443770826,16.79197994987469,0.05858230814294041,83.20802005012531,0.3221398099849753,0.0,0,14150.0,28.37799999999971,4.603194444444461,33.42966840540883,26.94270975421415,6.486958651194715,80.5952049164056,19.811426507735494,23.433281079600924,3.509428674613225,46.430095007512314,2.0,4,0.0,728,46.97802197802198,280,1415,,,0.0,0,,,,,,,,,,,,,,,
v3_primary_challenge,C3,1039,2106,2103,87.625,99.85754985754986,0.5394842832250851,4.42974716797183,0.027558257163463933,16.29072681704261,0.0,83.70927318295739,0.3304453595206329,0.0,0,14550.0,28.457999999999696,4.608750000000017,30.439670572572098,24.255607538340797,6.184063034231334,79.68419855435788,33.0252832763361,24.255607538340797,0.0,42.27732023968352,2.0,4,0.0,753,59.8937583001328,288,1455,,,0.0,0,,,,,,,,,,,,,,,
v3_primary_challenge,C4,1039,2106,2103,87.625,99.85754985754986,0.5394842832250851,4.42974716797183,0.027558257163463933,16.29072681704261,0.0,83.70927318295739,0.3304453595206329,0.0,0,14550.0,28.4579999999997,4.608750000000017,30.439670572572105,24.74927955040039,5.690391022171744,81.30600326765992,24.21061890801932,24.74927955040039,0.0,42.27732023968352,2.0,4,0.0,753,53.917662682602916,288,1455,,,0.0,0,,,,,,,,,,,,,,,
v3_primary_challenge,C5,1039,2106,2103,87.625,99.85754985754986,0.5394842832250851,4.42974716797183,0.027558257163463933,16.29072681704261,0.0,83.70927318295739,0.33044535952063303,0.0,0,14550.0,28.4579999999997,4.608750000000017,30.439670572572098,24.144347252123605,6.295323320448527,79.31868774519215,22.727413093823657,24.144347252123605,0.0,42.27732023968352,2.0,4,0.0,753,44.8871181938911,288,1455,,,2.763427459052764,1455,0.0018992628584555077,0.0015882400330156088,0.004813472053501755,0.007850068039260805,28.11340206185567,141.6302405498282,28.11340206185567,0.0,23.457044673539517,0.0,0.0,0.0,0.0,14.37105072992338,4.023606920277015
v3_primary_challenge,C1,1040,2148,2144,89.33333333333333,99.81378026070763,7.470908097798349,144.03424660273012,5.3981813708939015,48.44444444444444,34.57008244994111,51.55555555555556,0.3211374950820612,39.72885549857166,0,130.0,26.087999999999905,4.496666666666663,29.590501770457983,26.11703978515395,3.473461985304028,88.26156442952987,29.60777777777767,0.0,26.11703978515395,41.09791912563608,0.0,0,198.6442774928583,0,0.0,0,13,0.3,0.7,0.0,0,,,,,,,,,,,,,,,
v3_primary_challenge,C2,1040,2148,2129,88.70833333333333,99.11545623836126,5.974597919395221,193.88650269291867,4.201049290022093,42.44444444444444,25.795053003533564,57.55555555555556,0.27646410250195996,26.612490625010324,0,8870.0,27.835999999999835,4.618055555555559,45.67292309929444,32.74007961449261,12.932843484801829,71.68378416094498,19.604571266199528,15.189924211062895,17.550155403429713,63.43461541568672,2.0,4,133.0624531250516,431,39.675174013921115,179,887,,,0.0,0,,,,,,,,,,,,,,,
v3_primary_challenge,C3,1040,2148,2147,89.45833333333333,99.95344506517691,0.5885127010752406,6.5895386712940915,0.0496100906973955,14.000000000000002,0.6478209658421719,86.0,0.32418298840827253,0.0,0,13670.0,28.795999999999733,4.684722222222236,28.49412417302185,22.515905091391605,5.978219081630273,79.01946715284409,24.5741650537518,22.515905091391605,0.0,39.57517246253038,2.0,4,0.0,653,58.652373660030634,295,1367,,,0.0,0,,,,,,,,,,,,,,,
v3_primary_challenge,C4,1040,2148,2124,88.5,98.88268156424581,1.2140012770497113,268.6980949737745,0.5457107137981584,16.44444444444444,2.7090694935217874,83.55555555555556,0.28105216727954363,63.83255345453488,0,12560.0,28.573999999999753,4.6693055555555665,44.02121977936427,34.779037714016596,9.242182065347691,79.00516589120024,19.652910765218696,20.74210308608034,14.036934627936255,61.14058302689486,2.0,4,319.16276727267444,587,54.00340715502555,267,1256,,,0.0,0,,,,,,,,,,,,,,,
v3_primary_challenge,C5,1040,2148,2147,89.45833333333333,99.95344506517691,0.5885127010752406,6.5895386712940915,0.0496100906973955,14.000000000000002,0.6478209658421719,86.0,0.32418298840827253,0.0,0,13670.0,28.79599999999973,4.684722222222235,28.494124173021852,22.679530799087097,5.814593373934779,79.59371083446041,23.279920919614913,22.679530799087097,0.0,39.57517246253038,2.0,4,0.0,653,56.35528330781011,295,1367,,,3.483236245927401,1367,0.002548087963370447,0.0016511700814589858,0.006943743699230254,0.010650053969584405,27.564008778346746,139.44476956839796,27.564008778346746,0.0,23.228237015362108,0.0,0.0,0.0,0.0,118.85175510718626,37.37790129085065
v3_primary_challenge,C1,1041,2146,2139,89.125,99.67381174277726,2.6605670007233186,125.41236856971051,1.2942843062030789,32.8735632183908,12.857977790765629,67.1264367816092,0.3196835782174124,22.767953587946167,0,130.0,25.7899999999999,4.4734722222222185,30.31391184173155,26.09817166638716,4.21574017534439,86.09305127838762,29.653888888888858,0.0,26.09817166638716,42.10265533573826,0.0,0,113.83976793973082,0,0.0,0,13,0.3,0.7,0.0,0,,,,,,,,,,,,,,,
v3_primary_challenge,C2,1041,2146,2140,89.16666666666667,99.72041006523766,0.3963611242651829,3.5783758812446953,0.009400814558835041,7.126436781609192,0.0,92.87356321839081,0.3224393556879962,0.0,0,14560.0,28.67599999999969,4.6738888888889045,29.321831952321347,23.648480728957157,5.673351223364204,80.65144349579072,19.70431966736351,23.648480728957157,0.0,40.72476660044633,2.0,4,0.0,691,47.756874095513744,302,1456,,,0.0,0,,,,,,,,,,,,,,,
v3_primary_challenge,C3,1041,2146,2140,89.16666666666667,99.72041006523766,0.3963611242651829,3.5783758812446953,0.009400814558835041,7.126436781609192,0.0,92.87356321839081,0.3224393556879962,0.0,0,14560.0,28.675999999999693,4.673888888888905,29.32183195232134,23.26516530415872,6.056666648162636,79.34417379510585,28.302086266946713,23.26516530415872,0.0,40.72476660044633,2.0,4,0.0,691,60.781476121562946,302,1456,,,0.0,0,,,,,,,,,,,,,,,
v3_primary_challenge,C4,1041,2146,2140,89.16666666666667,99.72041006523766,0.3963611242651829,3.5783758812446953,0.009400814558835041,7.126436781609192,0.0,92.87356321839081,0.32243935568799625,0.0,0,14560.0,28.67599999999969,4.673888888888905,29.321831952321343,23.72423586581258,5.597596086508785,80.90980094418823,25.725173619708684,23.72423586581258,0.0,40.72476660044633,2.0,4,0.0,691,51.808972503617944,302,1456,,,0.0,0,,,,,,,,,,,,,,,
v3_primary_challenge,C5,1041,2146,2140,89.16666666666667,99.72041006523766,0.3963611242651829,3.5783758812446953,0.009400814558835041,7.126436781609192,0.0,92.87356321839081,0.3224393556879962,0.0,0,14560.0,28.67599999999969,4.673888888888905,29.321831952321347,23.263140556200646,6.058691396120716,79.3372685377489,23.864512868583287,23.263140556200646,0.0,40.72476660044633,2.0,4,0.0,691,45.151953690303905,302,1456,,,3.9346299829194322,1456,0.00270235575749961,0.0016496930038556457,0.006646296445978805,0.01618066697847098,27.259615384615383,138.0831043956044,27.259615384615383,0.0,23.111263736263737,0.0,0.0,0.0,0.0,39.35324790820929,12.534539941867406
v3_primary_challenge,C1,1042,2196,2146,89.41666666666667,97.72313296903461,9.133483448488787,150.1226066194083,6.669872392884473,56.65859564164648,38.362310712282664,43.341404358353515,0.27483449089323025,60.40437791616268,0,150.0,26.235999999999898,4.566944444444437,41.4595832784371,30.111797707864135,11.34778557057296,72.62928212673356,29.753888888888795,0.0,30.111797707864135,57.58275455338487,0.0,0,302.02188958081337,0,0.0,0,15,0.3,0.7,0.0,0,,,,,,,,,,,,,,,
v3_primary_challenge,C2,1042,2196,2126,88.58333333333333,96.81238615664846,22.111965359249698,326.50295420629203,19.39931721148202,55.44794188861986,48.73808188446439,44.55205811138014,0.2482696939451529,72.87941816393986,0,6450.0,27.49599999999986,4.654444444444441,51.02291017974494,31.149325485641974,19.87358469410297,61.04968410447044,19.693888888888804,10.099580089774859,21.049745395867117,70.86515302742353,2.0,4,364.3970908196994,275,50.90909090909091,151,645,,,0.0,0,,,,,,,,,,,,,,,
v3_primary_challenge,C3,1042,2196,2069,86.20833333333333,94.2167577413479,11.128620816517818,517.1070660543825,10.335366296451067,18.644067796610166,7.010656197420073,81.35593220338984,0.24476453819844748,218.21765729870725,0,13520.0,28.90999999999971,4.752638888888902,52.28476624855888,38.531797707864314,13.752968540694596,73.69603131567287,19.626540000033152,20.96502057462739,17.566777133236926,72.61773090077625,2.0,4,1091.0882864935363,591,59.56006768189509,310,1352,,,0.0,0,,,,,,,,,,,,,,,
v3_primary_challenge,C4,1042,2196,2075,86.45833333333333,94.48998178506375,7.535201939524957,322.0570112402723,6.510223487013724,23.970944309927354,11.946158160403819,76.02905569007264,0.2624417505966664,83.58918903672917,0,12510.0,28.70799999999973,4.738611111111121,45.92096978520005,37.30705622304192,8.613913562158146,81.24187358749046,19.675810215903827,19.760674570164312,17.546381652877603,63.77912470166676,2.0,4,417.94594518364585,538,52.23048327137546,289,1251,,,0.0,0,,,,,,,,,,,,,,,
v3_primary_challenge,C5,1042,2196,2072,86.33333333333333,94.35336976320583,10.612749090927414,458.414381349923,9.79064253932313,19.370460048426153,7.459338194054965,80.62953995157385,0.2505736814764701,191.64432966409603,0,13320.0,28.86999999999971,4.749861111111125,50.193474668470735,38.40363104119764,11.789843627273111,76.51120249166783,19.685707179915187,20.84318064014896,17.560450401048683,69.71315926176496,2.0,4,958.2216483204803,581,50.94664371772806,305,1332,,,4.349895837018266,1327,0.00327799234138528,0.0020064309937879443,0.008043952553998679,0.011464672978036106,26.382818387339864,134.3232856066315,26.382818387339864,0.0,22.669932177844764,0.0,0.0,0.0,0.0,162.37796019931181,53.5030810404052
v3_primary_challenge,C1,1043,2134,2113,88.04166666666667,99.01593252108715,7.8155872375685576,133.61077721635988,5.871111111991271,43.60189573459715,27.920560747663547,56.39810426540285,0.2999503705905697,42.04872437242718,0,150.0,25.6459999999999,4.448472222222218,38.617866587394886,30.113049709537062,8.504816877857825,77.97698933313461,29.658111768107876,0.0,30.113049709537062,53.63592581582623,0.0,0,210.2436218621359,0,0.0,0,15,0.3,0.7,0.0,0,,,,,,,,,,,,,,,
v3_primary_challenge,C2,1043,2134,2130,88.75,99.81255857544518,1.051428222360768,89.20109618401912,0.23863266653404808,19.66824644549763,4.614485981308414,80.33175355450237,0.3025763961682698,0.0,0,12900.0,28.195999999999742,4.625555555555567,37.67249737942283,31.259250146316482,6.4132472331063575,82.97631513909312,19.771044615220447,20.73286757633796,10.526382569978516,52.32291302697617,2.0,4,0.0,628,32.802547770700635,300,1290,,,0.0,0,,,,,,,,,,,,,,,
v3_primary_challenge,C3,1043,2134,2130,88.75,99.81255857544518,0.4087340101200393,3.509136097165174,0.008301503644473424,8.056872037914697,0.0,91.9431279620853,0.32454067155778143,0.0,0,14780.0,28.5719999999997,4.6516666666666815,29.765358239198676,24.108844021496296,5.6565142177024175,80.99631735574683,22.95328160253703,24.108844021496296,0.0,41.34077533222043,2.0,4,0.0,729,58.984910836762694,345,1478,,,0.0,0,,,,,,,,,,,,,,,
v3_primary_challenge,C4,1043,2134,2130,88.75,99.81255857544518,0.4087340101200393,3.509136097165174,0.008301503644473424,8.056872037914697,0.0,91.9431279620853,0.3245406715577814,0.0,0,14780.0,28.5719999999997,4.6516666666666815,29.765358239198683,24.19088030226786,5.5744779369308475,81.2719272782356,21.736142343109865,24.19088030226786,0.0,41.34077533222043,2.0,4,0.0,729,54.458161865569274,345,1478,,,0.0,0,,,,,,,,,,,,,,,
v3_primary_challenge,C5,1043,2134,2117,88.20833333333333,99.20337394564199,0.9363195551869516,327.99670566247056,0.47140449631670756,10.189573459715639,1.1098130841121545,89.81042654028435,0.2774463050493029,92.25141840417463,0,14640.0,28.543999999999706,4.649722222222238,46.71933018225093,37.80785181408842,8.911478368162536,80.92550057246315,19.77072757621529,23.780186282416395,14.027665531672024,64.88795858645967,2.0,4,461.2570920208731,724,43.92265193370166,340,1464,,,5.145587464096025,1460,0.003524374975408236,0.0022584160324186087,0.007573834509821608,0.020818081102333963,27.852739726027398,140.72671232876712,27.852739726027398,0.0,23.5972602739726,0.0,0.0,0.0,0.0,228.90532692981074,73.00220772355699
v3_primary_challenge,C1,1044,2171,2164,90.16666666666667,99.67756794104099,2.456891562295594,140.7877183138745,0.935406478491573,36.29629629629629,16.477916194790488,63.70370370370371,0.2940856428703987,18.57257030617377,0,140.0,26.0399999999999,4.522083333333328,37.02916856665648,28.116861709668303,8.912306856988181,75.93165819819835,29.68944444444434,0.0,28.116861709668303,51.42940078702289,0.0,0,92.86285153086887,0,0.0,0,14,0.3,0.7,0.0,0,,,,,,,,,,,,,,,
v3_primary_challenge,C2,1044,2171,2148,89.5,98.94058037770613,1.7512079270411045,191.23706953587947,0.7284679512369764,26.41975308641975,7.304643261608157,73.58024691358025,0.27280102004163315,18.116426134767536,0,11100.0,28.231999999999758,4.674305555555563,44.69163278501206,35.16978082232826,9.521851962683801,78.69432963327068,19.749322221009933,17.632584229330565,17.5371965929977,62.071712201405674,2.0,4,90.58213067383767,521,41.45873320537428,248,1110,,,0.0,0,,,,,,,,,,,,,,,
v3_primary_challenge,C3,1044,2171,2166,90.25,99.76969138645785,0.4535932302591911,5.193132172643891,0.016507086150909484,12.592592592592588,0.0,87.4074074074074,0.3179520838937492,0.0,0,14710.0,28.95399999999968,4.72444444444446,28.437249798250285,22.848846397127794,5.588403401122508,80.3482986548638,19.714603748653538,22.848846397127794,0.0,39.49618027534765,2.0,4,0.0,665,58.49624060150376,350,1471,,,0.0,0,,,,,,,,,,,,,,,
v3_primary_challenge,C4,1044,2171,2142,89.25,98.66421004145555,1.2609715901290484,293.7778295192785,0.6553012585658072,17.037037037037038,3.567383918459799,82.96296296296296,0.27589484943510456,50.229193403136115,0,13990.0,28.809999999999693,4.714444444444458,43.57785420336232,32.51180901647732,11.066045186885027,74.60626414682167,19.818705888097867,21.994874606225206,10.516934410252114,60.52479750466993,2.0,4,251.14596701568055,631,49.44532488114105,330,1399,,,0.0,0,,,,,,,,,,,,,,,
v3_primary_challenge,C5,1044,2171,2166,90.25,99.76969138645785,0.4535932302591911,5.193132172643891,0.016507086150909484,12.592592592592588,0.0,87.4074074074074,0.3179520838937492,0.0,0,14710.0,28.953999999999677,4.724444444444459,28.43724979825029,22.91521835920713,5.522031439043168,80.58169661897853,19.738727359551948,22.91521835920713,0.0,39.49618027534765,2.0,4,0.0,665,42.255639097744364,350,1471,,,5.019995090551674,1469,0.0034172873318935836,0.0022241229889914393,0.0074465313693508495,0.012577234068885446,26.936691626957113,136.76038121170865,26.936691626957113,0.0,23.125936010891763,0.0,0.0,0.0,0.0,197.48931804674723,57.96708616944999
v3_primary_challenge,C1,1045,2116,2110,87.91666666666667,99.7164461247637,10.783392179799225,167.37681678864155,8.644706992190832,49.18793503480279,33.531157270029674,50.81206496519721,0.3127209049712671,52.64272016154904,0,130.0,25.47799999999991,4.414305555555552,35.82047421034383,26.097161500571413,9.723312709772422,72.85543275425252,29.656577433275032,0.0,26.097161500571413,49.75065862547755,0.0,0,263.2136008077452,0,0.0,0,13,0.3,0.7,0.0,0,,,,,,,,,,,,,,,
v3_primary_challenge,C2,1045,2116,2112,88.0,99.8109640831758,0.9273238119163719,145.97254009041475,0.22786659805089834,15.313225058004642,4.272997032640946,84.68677494199535,0.314953115948202,13.456885907602459,0,13440.0,28.139999999999716,4.599166666666681,35.01687825864726,28.717503694510814,6.299374564136443,82.01046216168386,19.642585741149095,21.696242416033858,7.02126127847696,48.63455313701009,2.0,4,67.28442953801229,636,38.83647798742139,313,1344,,,0.0,0,,,,,,,,,,,,,,,
v3_primary_challenge,C3,1045,2116,2112,88.0,99.8109640831758,0.36515997870464406,3.8606667661796865,0.010863663232412389,8.584686774941996,0.0,91.415313225058,0.3268092757001256,0.0,0,15120.0,28.475999999999683,4.6225000000000165,30.748660747954762,24.253917943559156,6.494742804395642,78.87796526283636,31.98400044785115,24.253917943559156,0.0,42.70647326104833,2.0,4,0.0,726,60.05509641873278,349,1512,,,0.0,0,,,,,,,,,,,,,,,
v3_primary_challenge,C4,1045,2116,2112,88.0,99.8109640831758,0.36515997870464406,3.8606667661796865,0.010863663232412389,8.584686774941996,0.0,91.415313225058,0.32680927570012563,0.0,0,15120.0,28.475999999999683,4.622500000000017,30.74866074795477,24.63167246029389,6.116988287660902,80.10648874173243,28.098134148034287,24.63167246029389,0.0,42.70647326104833,2.0,4,0.0,726,53.994490358126725,349,1512,,,0.0,0,,,,,,,,,,,,,,,
v3_primary_challenge,C5,1045,2116,2112,88.0,99.8109640831758,0.36515997870464406,3.8606667661796865,0.010863663232412389,8.584686774941996,0.0,91.415313225058,0.32680927570012563,0.0,0,15120.0,28.475999999999686,4.622500000000017,30.748660747954766,24.20312991644883,6.545530831505964,78.71279375333019,25.655302389166234,24.20312991644883,0.0,42.70647326104833,2.0,4,0.0,726,45.17906336088154,349,1512,,,3.557994745322503,1512,0.0023531711278587985,0.0015885700122453272,0.006468931533163414,0.013470517937093973,27.36111111111111,138.42261904761904,27.36111111111111,0.0,23.17195767195767,0.0,0.0,0.0,0.0,32.54541119596613,10.819900192235691
v3_primary_challenge,C1,1046,2191,2175,90.625,99.26973984481971,6.08940343321831,98.55213527614676,3.97815302397759,52.65700483091788,28.306133933595945,47.34299516908212,0.2926418727860799,15.480591812726733,0,150.0,26.5639999999999,4.583472222222219,35.54892579701124,30.152650355854792,5.396275441156449,84.82014485621914,29.675555555555423,0.0,30.152650355854792,49.37350805140451,0.0,0,77.40295906363366,0,0.0,0,15,0.3,0.7,0.0,0,,,,,,,,,,,,,,,
v3_primary_challenge,C2,1046,2191,2182,90.91666666666667,99.5892286627111,4.791685471022829,146.1749347584436,2.9633546386466767,44.44444444444444,28.02476083286438,55.55555555555556,0.27560568003134345,6.539616690148372,0,9040.0,28.34199999999981,4.706944444444449,41.68195518871635,32.041182420112264,9.640772768604087,76.8706320877819,19.623702225817087,14.49126292017688,17.549919499935374,57.891604428772716,2.0,4,32.698083450741855,449,44.766146993318486,202,904,,,0.0,0,,,,,,,,,,,,,,,
v3_primary_challenge,C3,1046,2191,1943,80.95833333333333,88.68096759470562,26.831037887251473,406.90715357553444,25.57892101445255,29.71014492753623,16.432189082723692,70.28985507246377,0.2742642638150166,154.40650833710237,0,11050.0,28.74399999999976,4.734861111111121,42.16486502659401,35.005011466966025,7.159853559627995,83.01938461059424,19.597852970348317,17.443408692394943,17.56160277457108,58.56231253693615,2.0,4,772.0325416855119,525,61.904761904761905,252,1105,,,0.0,0,,,,,,,,,,,,,,,
v3_primary_challenge,C4,1046,2191,1994,83.08333333333333,91.00867183934277,25.681476935321797,343.0073651790704,24.08988546164125,38.40579710144928,23.41024198086663,61.59420289855072,0.27948320718598724,115.67004009240642,0,9970.0,28.527999999999786,4.7198611111111175,40.286045413044604,33.15390035585491,7.132145057189696,82.29623934524903,19.66021594025149,15.601056104130395,17.552844251724512,55.952840851450844,2.0,4,578.350200462032,473,49.68287526427061,228,997,,,0.0,0,,,,,,,,,,,,,,,
v3_primary_challenge,C5,1046,2191,1924,80.16666666666667,87.81378366042902,36.26062872828019,498.20163742070093,34.79592460476545,36.23188405797102,21.15925717501407,63.76811594202898,0.26109858368627475,175.84255090650421,0,10120.0,28.557999999999783,4.721944444444453,46.90450987294108,33.46337257807713,13.441137294863953,71.34361422542428,19.633026738608276,15.910226891551545,17.553145686525582,65.14515260130706,2.0,4,879.2127545325212,479,43.63256784968685,232,1012,,,2.605302157229744,1006,0.0025897635757750935,0.0016705849557183683,0.006238158792257309,0.00822236796375364,27.28628230616302,138.41053677932405,27.28628230616302,0.0,23.40854870775348,0.0,0.0,0.0,0.0,69.98906071399105,26.52908433023464
v3_primary_challenge,C1,1047,2159,2154,89.75,99.76841130152849,5.8512563758472265,138.44655311164195,3.8752754066031274,50.57736720554272,27.46234067207416,49.42263279445728,0.3004352116119755,29.884480091995513,0,140.0,25.799999999999905,4.490416666666661,35.94332381968883,28.115167920030657,7.828155899658173,78.22083472600242,29.686111111110986,0.0,28.115167920030657,49.921283082901155,0.0,0,149.42240045997758,0,0.0,0,14,0.3,0.7,0.0,0,,,,,,,,,,,,,,,
v3_primary_challenge,C2,1047,2159,2154,89.75,99.76841130152849,2.198260209156848,144.08469135986888,0.9723582959654824,30.023094688221708,14.658169177288528,69.9769053117783,0.2845294508841307,11.200890916263306,0,10680.0,27.90799999999978,4.636805555555562,41.66939768171294,34.695222950672104,6.9741747310408435,83.26307765638397,19.702456210707915,17.14226020864863,17.552962742023468,57.874163446823545,2.0,4,56.00445458131653,515,41.94174757281554,261,1068,,,0.0,0,,,,,,,,,,,,,,,
v3_primary_challenge,C3,1047,2159,2155,89.79166666666667,99.81472904122278,0.540056839338854,5.06705520732697,0.0302413997346962,13.62586605080831,0.0,86.37413394919169,0.32093872197211376,0.0,0,14250.0,28.621999999999698,4.686388888888903,28.562060090039022,22.862699633663443,5.699360456375599,80.04569544910655,23.39883925408118,22.862699633663443,0.0,39.669527902832016,2.0,4,0.0,709,60.64880112834978,349,1425,,,0.0,0,,,,,,,,,,,,,,,
v3_primary_challenge,C4,1047,2159,2155,89.79166666666667,99.81472904122278,0.540056839338854,5.06705520732697,0.0302413997346962,13.62586605080831,0.0,86.37413394919169,0.32093872197211376,0.0,0,14250.0,28.621999999999698,4.686388888888903,28.562060090039022,23.129294527594354,5.432765562444691,80.97908363290875,20.6586583592086,23.129294527594354,0.0,39.669527902832016,2.0,4,0.0,709,55.00705218617772,349,1425,,,0.0,0,,,,,,,,,,,,,,,
v3_primary_challenge,C5,1047,2159,2155,89.79166666666667,99.81472904122278,0.540056839338854,5.06705520732697,0.0302413997346962,13.62586605080831,0.0,86.37413394919169,0.32093872197211376,0.0,0,14250.0,28.6219999999997,4.686388888888903,28.56206009003902,23.028319358399276,5.5337407316397655,80.62555461967665,23.033190214472175,23.028319358399276,0.0,39.669527902832016,2.0,4,0.0,709,49.92947813822285,349,1425,,,4.444551361026242,1425,0.0031189834112464857,0.0019511380232870579,0.007801906019449234,0.011711840983480215,27.71578947368421,140.12491228070175,27.71578947368421,0.0,23.35017543859649,0.0,0.0,0.0,0.0,218.47860121181088,65.77705565715479
v3_primary_challenge,C1,1048,2178,2171,90.45833333333333,99.67860422405876,8.202814283227347,131.4032541863485,5.995194232179731,52.94117647058824,30.338983050847457,47.05882352941176,0.2954620539870172,35.413315038169834,0,140.0,26.201999999999906,4.542083333333327,35.83366056467382,28.15662323348952,7.677037331184297,78.57590541907233,29.59666666666657,0.0,28.15662323348952,49.76897300649142,0.0,0,177.06657519084916,0,0.0,0,14,0.3,0.7,0.0,0,,,,,,,,,,,,,,,
v3_primary_challenge,C2,1048,2178,2145,89.375,98.48484848484848,3.8306420176354545,156.42440230962384,2.492624145655821,30.88235294117647,18.248587570621467,69.11764705882352,0.2740496083527698,16.016296610143375,0,10900.0,28.35399999999978,4.691527777777784,43.54214099300286,35.41464520389578,8.127495789107098,81.33418430110464,19.655006585271472,17.85573410072998,17.558911103165794,60.4751958236151,2.0,4,80.08148305071687,539,38.40445269016698,264,1090,,,0.0,0,,,,,,,,,,,,,,,
v3_primary_challenge,C3,1048,2178,2173,90.54166666666667,99.7704315886134,0.5330830240280525,7.127702873063572,0.03709402968928366,12.254901960784315,0.5649717514124242,87.74509803921569,0.3153574465650938,0.0,0,14170.0,29.007999999999704,4.736944444444458,28.67131923656619,22.862740786230297,5.8085784503359115,79.74080507977506,21.416154784697497,22.862740786230297,0.0,39.821276717453074,2.0,4,0.0,673,57.05794947994056,341,1417,,,0.0,0,,,,,,,,,,,,,,,
v3_primary_challenge,C4,1048,2178,2156,89.83333333333333,98.98989898989899,1.3576894759513412,278.2842122928674,0.6019263093393676,18.137254901960787,2.824858757062143,81.86274509803921,0.2671563414475088,80.08219769287956,0,12950.0,28.763999999999733,4.720000000000011,46.02371707889679,38.77345656682303,7.250260512073781,84.24668633425479,19.639565868191394,21.20764150838192,17.56581505844111,63.92182927624557,2.0,4,400.4109884643978,618,54.20711974110033,310,1295,,,0.0,0,,,,,,,,,,,,,,,
v3_primary_challenge,C5,1048,2178,2135,88.95833333333333,98.0257116620753,2.621288642776532,264.0794913783803,1.7431850381337597,19.362745098039213,8.47457627118644,80.63725490196079,0.2681208212035931,74.13799065762137,0,12950.0,28.763999999999733,4.720000000000011,45.67650436670645,38.679151011267436,6.997353355439042,84.68062858037057,19.68453026373523,21.12665955657293,17.5524914546945,63.439589398203445,2.0,4,370.68995328810684,618,40.45307443365696,310,1295,,,3.4151643209625036,1289,0.0026494680535007783,0.0016796530690044165,0.0061535053886473175,0.011607885942794383,27.207137315748643,137.91698991466254,27.207137315748643,0.0,23.326609775019396,0.0,0.0,0.0,0.0,119.1332771269236,42.98521941427505
v3_primary_challenge,C1,1049,2195,2171,90.45833333333333,98.90660592255125,12.869976953839004,212.4567893765139,10.269528944031409,58.02752293577982,42.41046048891416,41.97247706422018,0.2659540110175358,90.5835260013372,0,150.0,26.2159999999999,4.56430555555555,44.75655603368711,30.135015290606123,14.621540743080995,67.33095206861822,29.681897278593013,0.0,30.135015290606123,62.161883380121,0.0,0,452.91763000668595,0,0.0,0,15,0.3,0.7,0.0,0,,,,,,,,,,,,,,,
v3_primary_challenge,C2,1049,2195,2135,88.95833333333333,97.26651480637814,8.265733288468896,286.73623795731254,6.498042330178157,41.51376146788991,26.20807276861853,58.48623853211009,0.2730127030068051,47.665407443996614,0,8980.0,27.981999999999793,4.68694444444445,42.215426917550154,32.19078461265203,10.024642304898126,76.25360434118791,19.713297966050128,14.65540571543663,17.5353788972154,58.63253738548634,2.0,4,238.32703721998308,447,43.624161073825505,208,898,,,0.0,0,,,,,,,,,,,,,,,
v3_primary_challenge,C3,1049,2195,2142,89.25,97.58542141230069,3.8586049181461273,404.4612537130752,3.0838040397645474,20.18348623853211,4.6048891415577,79.81651376146789,0.25997555510743464,164.9645243495306,0,13280.0,28.841999999999693,4.746666666666682,46.908800161323505,38.7577097350507,8.151090426272827,82.62353673886247,19.680442003725844,21.20926885484159,17.548440880209107,65.15111133517158,2.0,4,824.822621747653,631,64.02535657686212,299,1328,,,0.0,0,,,,,,,,,,,,,,,
v3_primary_challenge,C4,1049,2195,2043,85.125,93.0751708428246,11.735951596973463,347.36931695956446,10.475457674250254,28.899082568807344,15.122228538942583,71.10091743119266,0.26922346346461035,107.85177542837287,0,11120.0,28.409999999999748,4.7166666666666766,43.57955315274026,35.630043068384026,7.949510084356252,81.75862414996705,19.754339887805873,18.089882194096788,17.540160874287242,60.52715715658372,2.0,4,539.2588771418644,533,55.53470919324578,259,1112,,,0.0,0,,,,,,,,,,,,,,,
v3_primary_challenge,C5,1049,2195,2059,85.79166666666667,93.80410022779043,13.407747673314226,330.5637819975338,11.927501286377343,35.550458715596335,19.1017623649801,64.44954128440367,0.27400444924616074,82.90446908733433,0,9770.0,28.139999999999777,4.697916666666675,41.858398271382136,33.41526529060623,8.443132980775918,79.82929751387947,19.68009246388079,15.880486346918136,17.53477894368809,58.13666426580855,2.0,4,414.5223454366717,477,49.47589098532495,231,977,,,1.9844858117867261,970,0.0020458616616358,0.001587984908837825,0.005273850442608819,0.011209363001398742,28.221649484536083,142.57628865979382,28.221649484536083,0.0,23.7319587628866,0.0,0.0,0.0,0.0,19.68992397024781,7.952520876303104
v3_primary_challenge,C1,1050,2158,2148,89.5,99.5366079703429,2.579692137838766,102.62680918778867,1.060813091139974,37.70114942528736,13.929193267556583,62.29885057471264,0.30631350409757313,18.19356883468667,0,140.0,25.861999999999888,4.493472222222216,33.927138524873676,28.128220693321737,5.798917831551942,82.90773085003775,29.62888888888886,0.0,28.128220693321737,47.12102572899122,0.0,0,90.96784417343333,0,0.0,0,14,0.3,0.7,0.0,0,,,,,,,,,,,,,,,
v3_primary_challenge,C2,1050,2158,2084,86.83333333333333,96.57089898053754,9.456642675057129,230.04701444051145,8.135866016677735,31.034482758620683,18.51421938479396,68.96551724137932,0.2902643513671893,44.79377226011716,0,11170.0,28.067999999999763,4.646666666666673,39.70483350781183,31.773283513013524,7.931549994798324,80.02371677685592,19.73670661276083,17.737228656964046,14.036054856049478,55.14560209418313,2.0,4,223.96886130058581,529,46.880907372400756,273,1117,,,0.0,0,,,,,,,,,,,,,,,
v3_primary_challenge,C3,1050,2158,2148,89.5,99.5366079703429,0.4623708602232739,5.054656402997837,0.01770314886402347,10.344827586206895,0.0,89.65517241379311,0.3202142621356392,2.3684757858670008e-17,0,14320.0,28.697999999999695,4.69041666666668,28.922865631169866,23.06523832710738,5.857627304062519,79.74741722082412,21.08634196283412,23.06523832710738,0.0,40.17064670995819,2.0,4,1.1842378929335003e-16,686,61.66180758017493,344,1432,,,0.0,0,,,,,,,,,,,,,,,
v3_primary_challenge,C4,1050,2158,2101,87.54166666666667,97.35866543095459,4.09322157306044,190.70458478085177,2.7839867425670173,31.034482758620683,18.68833430063842,68.96551724137932,0.28319013183507924,33.97288132534532,0,11340.0,28.101999999999762,4.649027777777784,42.25155253937143,35.54213735998855,6.7094151793828996,84.12031090897591,19.68288720894879,17.992200683408075,17.549936676580476,58.68271186023814,2.0,4,169.8644066267266,536,48.134328358208954,276,1134,,,0.0,0,,,,,,,,,,,,,,,
v3_primary_challenge,C5,1050,2158,2032,84.66666666666667,94.16126042632067,9.32641405626226,383.45984676616524,8.381004809877451,21.379310344827584,11.723737666860124,78.62068965517241,0.2580203559947637,114.09399502311969,0,12530.0,28.339999999999733,4.665555555555565,51.31267184188504,37.650137359988555,13.662534481896497,73.37395619546719,19.659162368619327,20.100964247830476,17.549173112158083,71.26759978039591,2.0,4,570.4699751155985,593,48.566610455311974,301,1253,,,3.2503080867463723,1248,0.002604413531046773,0.0016070690471678972,0.006143103766953571,0.010998700046911836,27.271634615384617,138.40144230769232,27.271634615384617,0.0,23.49599358974359,0.0,0.0,0.0,0.0,77.4502787341024,28.90819306507793
v3_primary_challenge,C1,1051,2195,2169,90.375,98.81548974943051,17.4414070414623,184.90759236647756,14.424545002574314,68.83408071748879,52.48713550600343,31.16591928251121,0.27826021996870487,69.60887570165771,0,150.0,26.759999999999906,4.60208333333333,40.32632081126624,30.09887834475876,10.227442466507485,74.63829513638603,29.778888888888734,0.0,30.09887834475876,56.00877890453644,0.0,0,348.04437850828856,0,0.0,0,15,0.3,0.7,0.0,0,,,,,,,,,,,,,,,
v3_primary_challenge,C2,1051,2195,2192,91.33333333333333,99.86332574031891,3.7867165245640337,124.98200819305906,1.9281022576702538,42.37668161434978,26.357918810749005,57.62331838565022,0.2781990567362057,18.14386043650702,0,8900.0,28.509999999999806,4.723611111111118,40.348339574965934,31.95427126422689,8.394068310739062,79.1960006306006,19.73825875958793,14.411858141202424,17.54241312302446,56.03936052078603,2.0,4,90.7193021825351,417,40.28776978417266,202,890,,,0.0,0,,,,,,,,,,,,,,,
v3_primary_challenge,C3,1051,2195,1958,81.58333333333333,89.20273348519362,23.48186721155027,423.0044947646403,22.325696876798933,25.11210762331838,14.00800457404231,74.88789237668162,0.26330062090071016,167.85046960356374,0,11930.0,29.11599999999973,4.765694444444461,45.711776475744315,36.87421167809226,8.837564797652073,80.66676581177836,19.693181814699145,19.313839403111047,17.56037227498121,63.488578438533814,2.0,4,839.2523480178187,551,58.802177858439194,274,1193,,,0.0,0,,,,,,,,,,,,,,,
v3_primary_challenge,C4,1051,2195,2041,85.04166666666667,92.98405466970388,14.376122522062756,272.21489788670686,12.982339039105876,29.372197309417036,18.23899371069182,70.62780269058297,0.2764347567429933,73.15892800084994,0,10680.0,28.865999999999758,4.748333333333343,40.98348757252241,34.79217369424064,6.191313878281779,84.89315027832632,19.660934967518003,17.255854966746057,17.536318727494578,56.92151051739225,2.0,4,365.79464000424974,490,53.87755102040816,250,1068,,,0.0,0,,,,,,,,,,,,,,,
v3_primary_challenge,C5,1051,2195,1966,81.91666666666667,89.56719817767653,21.99313893471159,411.6294359322113,20.80202305766093,25.336322869955154,14.465408805031444,74.66367713004485,0.2648649513278371,147.81437889648126,0,11840.0,29.097999999999733,4.764444444444457,45.14861752197861,36.74104501142557,8.407572510553045,81.37800674304107,19.650199743746914,19.18176937843605,17.559275632989518,62.706413224970305,2.0,4,739.0718944824063,549,51.36612021857923,271,1184,,,3.809600433218293,1179,0.0032312132597271358,0.002004235051572323,0.007397599180694667,0.010743122082203627,26.768447837150127,135.93044953350298,26.768447837150127,0.0,23.016115351993214,0.0,0.0,0.0,0.0,122.9513945595831,43.473101145633095
v3_primary_challenge,C1,1052,2218,2213,92.20833333333333,99.77457168620379,4.683259300897179,153.0309283190635,2.6016521947066247,44.059405940594054,28.886438809261307,55.940594059405946,0.2835834469492666,17.954455931154893,0,140.0,26.711999999999897,4.627499999999994,36.109959098264,28.1466709541153,7.963288144148693,77.94711391813364,29.67888888888884,0.0,28.1466709541153,50.15272096981111,0.0,0,89.77227965577445,0,0.0,0,14,0.3,0.7,0.0,0,,,,,,,,,,,,,,,
v3_primary_challenge,C2,1052,2218,2171,90.45833333333333,97.8809738503156,10.662571222071673,209.16855176331532,8.870734666097366,35.148514851485146,25.964718853362733,64.85148514851485,0.2823648203745738,54.61690194187223,0,8860.0,28.45599999999979,4.7486111111111144,36.548664665153446,31.061173747881504,5.4874909172719475,84.98579642362728,19.65755084572138,13.524394643933602,17.536779103947904,50.76203425715757,2.0,4,273.08450970936116,386,34.97409326424871,215,886,,,0.0,0,,,,,,,,,,,,,,,
v3_primary_challenge,C3,1052,2218,2029,84.54166666666667,91.47880973850316,17.837802178629694,510.3709366544099,16.777020453847857,19.554455445544548,10.308710033076075,80.44554455445545,0.24567153693230187,194.27650440879975,0,12080.0,29.099999999999717,4.793333333333345,49.7582467043713,36.40983762078212,13.348409083589193,73.17347381048997,19.647156948239157,18.852689334949403,17.557148285832717,69.1086759782935,2.0,4,971.3825220439988,535,58.13084112149532,282,1208,,,0.0,0,,,,,,,,,,,,,,,
v3_primary_challenge,C4,1052,2218,1988,82.83333333333333,89.6302975653742,24.779168772564745,361.05714166815284,23.35569859235695,27.22772277227723,19.404630650496145,72.77227722772277,0.26736620685005963,128.8714688688199,0,10120.0,28.707999999999757,4.766111111111119,41.9481655339785,33.35311539855988,8.595050135418626,79.51030748065364,19.694756076491828,15.804755370251572,17.548360028308306,58.261341019414594,2.0,4,644.3573443440995,443,50.112866817155755,243,1012,,,0.0,0,,,,,,,,,,,,,,,
v3_primary_challenge,C5,1052,2218,2054,85.58333333333333,92.60595130748422,12.65042709968412,378.57138710323005,11.637390634279642,19.554455445544548,9.15104740904079,80.44554455445545,0.26278732312209235,141.81100120088578,0,12170.0,29.11799999999971,4.794583333333344,43.59656367604673,36.75514317633769,6.84142049970905,84.30743177250018,19.830043790488318,19.222842992486207,17.53230018385148,60.550782883398256,2.0,4,709.0550060044291,535,52.149532710280376,284,1217,,,3.77943489770405,1212,0.003118345625168358,0.00195473397616297,0.007284185307798908,0.0118512490298599,26.41089108910891,134.5957095709571,26.41089108910891,0.0,22.823432343234323,0.0,0.0,0.0,0.0,189.20006570490378,64.0820491322523
v3_primary_challenge,C1,1053,2165,2160,90.0,99.76905311778292,4.49070845413484,147.54994051298678,2.968445808463351,39.08872901678657,19.393592677345538,60.91127098321343,0.311659534871553,27.50019945635122,0,130.0,25.773999999999905,4.496111111111105,31.302567446240914,26.10869509568368,5.193872350557239,83.40751965640774,29.667276881637545,0.0,26.10869509568368,43.47578811977906,0.0,0,137.5009972817561,0,0.0,0,13,0.3,0.7,0.0,0,,,,,,,,,,,,,,,
v3_primary_challenge,C2,1053,2165,2163,90.125,99.90762124711317,1.649248646281562,135.48762552257588,0.7278102152686896,22.54196642685852,7.78032036613272,77.45803357314148,0.3009371670721918,12.157095042573443,0,12070.0,28.16199999999975,4.661944444444454,35.162619854010934,29.845566894722925,5.317052959288037,84.87867803547209,19.59945454733118,19.315648494430853,10.529918400292068,48.83697201945965,2.0,4,60.78547521286722,577,37.43500866551127,268,1207,,,0.0,0,,,,,,,,,,,,,,,
v3_primary_challenge,C3,1053,2165,2163,90.125,99.90762124711317,0.46227221436527005,6.112415380774352,0.01752591439476319,8.39328537170264,0.22883295194507935,91.60671462829735,0.3193720278966946,0.0,0,14430.0,28.633999999999702,4.694722222222237,28.52606995718992,22.952917091428073,5.573152865761877,80.46294889507853,25.410078047388456,22.952917091428073,0.0,39.619541607208255,2.0,4,0.0,717,58.43793584379359,319,1443,,,0.0,0,,,,,,,,,,,,,,,
v3_primary_challenge,C4,1053,2165,2163,90.125,99.90762124711317,0.46227221436527005,6.112415380774352,0.01752591439476319,8.39328537170264,0.22883295194507935,91.60671462829735,0.3193720278966946,0.0,0,14430.0,28.633999999999705,4.694722222222237,28.526069957189925,23.117651061161315,5.408418896028641,81.04043457740511,20.835917288921586,23.117651061161315,0.0,39.619541607208255,2.0,4,0.0,717,50.767085076708504,319,1443,,,0.0,0,,,,,,,,,,,,,,,
v3_primary_challenge,C5,1053,2165,2163,90.125,99.90762124711317,0.46227221436527005,6.112415380774352,0.01752591439476319,8.39328537170264,0.22883295194507935,91.60671462829735,0.3193720278966946,0.0,0,14430.0,28.633999999999705,4.694722222222237,28.52606995718992,22.752928661336412,5.77314129585354,79.76187640106939,21.677149717008945,22.752928661336412,0.0,39.619541607208255,2.0,4,0.0,717,42.53835425383542,319,1443,,,4.4023717667441815,1443,0.0030508466852004028,0.0019096259493380785,0.007433061383198943,0.019429348059929907,27.546777546777548,139.55440055440056,27.546777546777548,0.0,23.607761607761606,0.0,0.0,0.0,0.0,113.93529065564213,40.490562178913805
v3_primary_challenge,C1,1054,2101,2098,87.41666666666667,99.85721085197525,4.088210857112792,119.09819248502154,2.558004822143935,39.682539682539684,18.37349397590361,60.317460317460316,0.32882077609039667,25.7351679566026,0,130.0,25.067999999999905,4.367083333333326,31.524520607457177,26.11224009196407,5.412280515493111,82.8315215863653,29.675862696714667,0.0,26.11224009196407,43.78405639924608,0.0,0,128.675839783013,0,0.0,0,13,0.3,0.7,0.0,0,,,,,,,,,,,,,,,
v3_primary_challenge,C2,1054,2101,2093,87.20833333333333,99.61922893860067,0.966611497597805,112.93471904410738,0.21894200086051724,22.90249433106576,1.2048192771084376,77.09750566893425,0.30886640337791926,0.012543299622581496,0,11780.0,27.397999999999726,4.528888888888898,38.708094783949065,30.530273388926908,8.177821395022178,78.87309762811363,19.800850309952235,20.006888358973026,10.523385029953882,53.76124275548484,2.0,4,0.06271649811290748,619,38.28756058158319,232,1178,,,0.0,0,,,,,,,,,,,,,,,
v3_primary_challenge,C3,1054,2101,2099,87.45833333333333,99.90480723465016,0.4492128072557091,5.297109438110662,0.0179789119316144,11.111111111111116,0.0,88.88888888888889,0.33082858430662676,0.0,0,14710.0,27.983999999999675,4.569583333333348,30.801709649614324,24.552845090046695,6.248864559567663,79.71260481755151,30.554626344961584,24.552845090046695,0.0,42.78015229113105,2.0,4,0.0,746,61.93029490616622,300,1471,,,0.0,0,,,,,,,,,,,,,,,
v3_primary_challenge,C4,1054,2101,2099,87.45833333333333,99.90480723465016,0.4492128072557091,5.297109438110662,0.0179789119316144,11.111111111111116,0.0,88.88888888888889,0.3308285843066268,0.0,0,14710.0,27.983999999999675,4.569583333333348,30.801709649614338,25.090810050240297,5.710899599374058,81.45914735143428,28.136096035859953,25.090810050240297,0.0,42.78015229113105,2.0,4,0.0,746,55.22788203753352,300,1471,,,0.0,0,,,,,,,,,,,,,,,
v3_primary_challenge,C5,1054,2101,2099,87.45833333333333,99.90480723465016,0.4492128072557091,5.297109438110662,0.0179789119316144,11.111111111111116,0.0,88.88888888888889,0.33082858430662676,0.0,0,14710.0,27.983999999999675,4.569583333333348,30.801709649614327,25.065775086141787,5.73593456347257,81.37786951204392,21.348838282815123,25.065775086141787,0.0,42.78015229113105,2.0,4,0.0,746,43.029490616621985,300,1471,,,4.329418993438594,1471,0.0029431808249072698,0.0018119850428774953,0.006884651491418481,0.010064273956231773,28.32766825288919,142.68796736913663,28.32766825288919,0.0,23.558803535010195,0.0,0.0,0.0,0.0,83.44717020030623,29.33335554755304
v3_primary_challenge,C1,1055,2142,2130,88.75,99.43977591036415,4.960065197469225,142.75671006534856,2.9809073091448726,46.27539503386004,26.486168334314296,53.72460496613996,0.284841588604439,46.25201137055084,0,150.0,25.901999999999898,4.476249999999995,43.25702810240197,30.12243020067126,13.134597901730713,69.63592165731475,29.682777777777712,0.0,30.12243020067126,60.079205697780516,0.0,0,231.26005685275422,0,0.0,0,15,0.3,0.7,0.0,0,,,,,,,,,,,,,,,
v3_primary_challenge,C2,1055,2142,2137,89.04166666666667,99.76657329598507,8.37539127794631,214.83476762937232,6.728301951842766,36.3431151241535,26.662742789876393,63.6568848758465,0.29476877162596515,50.09319031615303,0,9270.0,27.7259999999998,4.602916666666672,39.68324221465254,32.408225124669585,7.275017089982958,81.66728149219435,19.60397969063463,14.858312522088045,17.549912602581543,55.11561418701743,2.0,4,250.46595158076514,421,48.45605700712589,222,927,,,0.0,0,,,,,,,,,,,,,,,
v3_primary_challenge,C3,1055,2142,2137,89.04166666666667,99.76657329598507,0.3942763859607224,4.015896867651342,0.012919442956840417,9.480812641083524,0.0,90.51918735891647,0.32111938092166914,0.0,0,14920.0,28.85599999999968,4.681388888888906,30.19702286819906,24.234102465466783,5.962920402732312,80.25328381291548,22.961847805485384,24.234102465466783,0.0,41.94030953916542,2.0,4,0.0,708,54.66101694915254,344,1492,,,0.0,0,,,,,,,,,,,,,,,
v3_primary_challenge,C4,1055,2142,2132,88.83333333333333,99.53314659197012,0.5276977310999127,127.58479374202967,0.11914141477234172,11.28668171557562,0.05885815185403542,88.71331828442437,0.2999643740375657,10.124090652987748,0,14390.0,28.749999999999687,4.674027777777794,37.812825346476316,30.827177656822165,6.985647689654186,81.52571878550428,19.655007178289175,23.803794680815017,7.023382976007151,52.51781298121716,2.0,4,50.620453264938746,686,46.93877551020408,331,1439,,,0.0,0,,,,,,,,,,,,,,,
v3_primary_challenge,C5,1055,2142,2137,89.04166666666667,99.76657329598507,0.3942763859607224,4.015896867651342,0.012919442956840417,9.480812641083524,0.0,90.51918735891647,0.3211193809216692,0.0,0,14920.0,28.85599999999967,4.681388888888906,30.197022868199067,24.129268897618125,6.067753970580967,79.90611856981774,21.747894841365135,24.129268897618125,0.0,41.94030953916542,2.0,4,0.0,708,49.293785310734464,344,1492,,,6.061245525139384,1492,0.0040624970007636626,0.004528083081822842,0.008333326585125178,0.012111171963624656,26.642091152815013,135.25603217158178,26.642091152815013,0.0,22.867292225201073,0.0,0.0,0.0,0.0,272.76912254187215,87.29600444168878
v3_primary_challenge,C1,1056,2079,2073,86.375,99.71139971139971,3.5467911958212675,127.3577613075715,1.940898941921486,36.69950738916257,20.502092050209207,63.30049261083743,0.32421275202201477,37.91422256539065,0,120.0,24.891999999999904,4.327361111111106,35.38340927207468,24.126281123190125,11.25712814888455,68.18529254113194,29.68545094118264,0.0,24.126281123190125,49.14362398899261,0.0,0,189.57111282695325,0,0.0,0,12,0.3,0.7,0.0,0,,,,,,,,,,,,,,,
v3_primary_challenge,C2,1056,2079,2073,86.375,99.71139971139971,0.449484044129657,77.10370434179653,0.042549640410141205,8.374384236453203,0.059772863120144404,91.62561576354679,0.3321780136474177,0.0,0,14050.0,27.6779999999997,4.52083333333335,32.515915086929574,26.52817376390485,5.987741323024762,81.58519818059305,19.908010924430837,23.02357431012638,3.504599453778458,45.16099317629112,2.0,4,0.0,689,36.284470246734394,325,1405,,,0.0,0,,,,,,,,,,,,,,,
v3_primary_challenge,C3,1056,2079,2073,86.375,99.71139971139971,0.39743823418937746,3.7649380113288013,0.008039733818120374,8.374384236453203,0.0,91.62561576354679,0.3362115763208307,0.0,0,14980.0,27.863999999999674,4.533750000000018,31.06383252450091,25.07954784266787,5.9842846818330715,80.73552361218447,36.730523359924796,25.07954784266787,0.0,43.14421183958464,2.0,4,0.0,748,58.9572192513369,337,1498,,,0.0,0,,,,,,,,,,,,,,,
v3_primary_challenge,C4,1056,2079,2073,86.375,99.71139971139971,0.39743823418937746,3.7649380113288013,0.008039733818120374,8.374384236453203,0.0,91.62561576354679,0.3362115763208307,0.0,0,14980.0,27.863999999999674,4.533750000000019,31.0638325245009,24.951272102041425,6.112560422459508,80.32258119587038,30.535884378580363,24.951272102041425,0.0,43.14421183958464,2.0,4,0.0,748,53.7433155080214,337,1498,,,0.0,0,,,,,,,,,,,,,,,
v3_primary_challenge,C5,1056,2079,2073,86.375,99.71139971139971,0.39743823418937746,3.7649380113288013,0.008039733818120374,8.374384236453203,0.0,91.62561576354679,0.33621157632083076,0.0,0,14980.0,27.863999999999677,4.533750000000018,31.063832524500903,24.75228412341268,6.311548401088259,79.68200351289516,26.72595203006517,24.75228412341268,0.0,43.14421183958464,2.0,4,0.0,748,45.32085561497326,337,1498,,,3.90185675106477,1498,0.002604710781752183,0.0016298459959216416,0.006900133221643044,0.013851730967871845,28.518024032042725,143.63084112149534,28.518024032042725,0.0,23.845794392523363,0.0,0.0,0.0,0.0,15.43896917999956,5.520239985811626
