strategy,agv_id,time_h,soc
C1,1,0.0,52.13674812382657
C1,1,0.07841584231365077,51.855081457159905
C1,1,0.12286028675809521,51.53063701271545
C1,1,0.203864813626118,51.334525901604344
C1,1,0.29007163291651866,51.09563701271546
C1,1,0.3663534795347029,50.72841479049324
C1,1,0.4762536403410086,50.489525901604345
C1,1,0.5663912417090116,50.1650814571599
C1,1,0.6198533213343851,49.840637012715455
C1,1,0.6670755435566073,49.47341479049323
C1,1,0.7745472685249458,49.277303679382115
C1,1,0.8741171639776234,48.99563701271545
C1,1,0.9340255241051146,48.79952590160433
C1,1,1.0515499503075212,48.51785923493767
C1,1,1.1186313817599252,48.32174812382655
C1,1,1.1993432028030995,48.040081457159886
C1,1,1.284164771146027,47.71563701271544
C1,1,1.3313869933682492,47.348414790493216
C1,1,1.3730536600349157,47.06674812382655
C1,1,1.4147203267015824,46.785081457159876
C1,1,1.4746227230548727,46.50341479049321
C1,1,1.5630829442790712,46.136192568270985
C1,1,1.5991940553901824,45.94008145715987
C1,1,1.6605417097268411,45.743970346048755
C1,1,1.7274302820480518,45.50508145715987
C1,1,1.7911327696437964,45.2234147904932
C1,1,1.8948990307156162,44.85619256827098
C1,1,1.9421212529378382,44.48897034604875
C1,1,1.9810101418267272,44.250081457159865
C1,1,2.058040717488161,43.92563701271542
C1,1,2.1008993153746243,43.64397034604875
C1,1,2.17924409425789,43.31952590160431
C1,1,2.219035480814263,43.12341479049319
C1,1,2.3111344091768466,42.79897034604875
C1,1,2.40010647158792,42.56008145715986
C1,1,2.4450731248804356,42.27841479049319
C1,1,2.4895175693248803,41.95397034604875
C1,1,2.5442640766043167,41.757859234937634
C1,1,2.6115558910626655,41.47619256827097
C1,1,2.692621958811819,41.15174812382652
C1,1,2.78426365244223,40.82730367938208
C1,1,2.825930319108897,40.54563701271541
C1,1,2.9396419201907413,40.26397034604874
C1,1,2.9868641424129634,39.89674812382651
C1,1,3.0257530313018526,39.657859234937625
C1,1,3.0618641424129636,39.46174812382651
C1,1,3.1081702674549114,39.180081457159844
C1,1,3.1586705690659977,38.81285923493762
C1,1,3.2104453155382404,38.53119256827095
C1,1,3.312113385887192,38.33508145715984
C1,1,3.488060323216824,38.01063701271539
C1,1,3.5396049553331492,37.771748123826505
C1,1,3.598657487237877,37.49008145715983
C1,1,3.67124052624687,37.251192568270945
C1,1,3.707351637357981,37.05508145715983
C1,1,3.759824880418044,36.85897034604872
C1,1,3.8717682756313723,36.662859234937606
C1,1,3.9450177568231704,36.42397034604872
C1,1,4.032023276734383,36.142303679382046
C1,1,4.0737730349957335,35.90341479049316
C1,1,4.109884146106845,35.70730367938204
C1,1,4.158635172640218,35.42563701271538
C1,1,4.217744790239346,35.14397034604871
C1,1,4.306367328591168,34.947859234937596
C1,1,4.362252433063496,34.58063701271537
C1,1,4.3983635441746065,34.384525901604256
C1,1,4.4400302108412735,34.10285923493759
C1,1,4.484474655285718,33.778414790493144
C1,1,4.528068807429681,33.53952590160426
C1,1,4.606453956940781,33.17230367938203
C1,1,4.722979052793467,32.80508145715981
C1,1,4.7702012750156895,32.437859234937584
C1,1,4.817423497237911,32.07063701271536
C1,1,4.8535346083490225,31.874525901604244
C1,1,4.8952012750156895,31.592859234937578
C1,1,5.010819715704168,31.268414790493132
C1,1,5.091392326361533,30.986748123826462
C1,1,5.136765837995559,30.79063701271535
C1,1,5.203338151027267,30.466192568270905
C1,1,5.2422270399161555,30.22730367938202
C1,1,5.281115928805044,29.988414790493128
C1,1,5.322782595471711,29.70674812382646
C1,1,5.358893706582823,29.510637012715346
C1,1,5.406115928805044,29.14341479049312
C1,1,5.450560373249489,28.81897034604868
C1,1,5.497043469192732,28.53730367938201
C1,1,5.551259382600129,28.25563701271534
C1,1,5.604253846419521,28.059525901604225
C1,1,5.661715521161426,27.77785923493756
C1,1,5.755605993604834,27.410637012715334
C1,1,5.797272660271501,27.128970346048664
C1,1,5.8631831810208865,26.80452590160422
C1,1,5.910193890153906,26.56563701271533
C1,1,5.946305001265017,26.36952590160422
C1,1,5.994559444849581,26.173414790493105
C1,1,6.0951710385549935,25.934525901604218
C1,1,6.166044760753618,25.610081457159772
C1,1,6.220064805759479,25.371192568270885
C1,1,6.264509250203924,25.04674812382644
C1,1,6.347140328071993,24.765081457159773
C1,1,6.389043881168199,24.526192568270886
C1,1,6.427932770057088,24.287303679381996
C1,1,6.478083732572034,24.04841479049311
C1,1,6.519750399238701,23.766748123826442
C1,1,6.575564081661389,23.485081457159776
C1,1,6.617700395747663,23.288970346048664
C1,1,6.669083746661629,23.092859234937553
C1,1,6.732679947159761,22.76841479049311
C1,1,6.7749032588527465,22.486748123826445
C1,1,6.821208119842038,22.247859234937557
C1,1,6.863669369746195,22.008970346048667
C1,1,6.9141861064952765,21.727303679382
C1,1,6.966932722297709,21.445637012715334
C1,1,7.033265151838744,21.206748123826447
C1,1,7.0783920186315195,20.882303679382
C1,1,7.122836463075965,20.55785923493756
C1,1,7.174017059612126,20.276192568270893
C1,1,7.289789505835361,19.908970346048672
C1,1,7.3299086268955085,19.866192568270893
C1,1,9.189020441564807,90.0
C1,1,9.225131552675919,89.80388888888889
C1,1,9.264020441564808,89.56500000000001
C1,1,9.308464886009252,89.24055555555556
C1,1,9.344575997120364,89.04444444444445
C1,1,9.38624266378703,88.76277777777779
C1,1,9.433464886009252,88.39555555555556
C1,1,9.477909330453697,88.07111111111111
C1,1,9.516798219342585,87.83222222222223
C1,1,9.56124266378703,87.50777777777778
C1,1,9.602909330453697,87.22611111111111
C1,1,9.639020441564808,87.03
C1,1,9.703080774662293,86.74833333333332
C1,1,9.7713877497592,86.46666666666665
C1,1,9.81860997198142,86.09944444444444
C1,1,9.85974237458098,85.86055555555555
C1,1,9.895853485692092,85.66444444444444
C1,1,9.9493723536193,85.29722222222222
C1,1,10.008053906436535,84.93
C1,1,10.063798793223489,84.56277777777778
C1,1,10.108243237667933,84.23833333333334
C1,1,10.155465459890156,83.87111111111112
C1,1,10.202687682112378,83.5038888888889
C1,1,10.241576571001266,83.26500000000001
C1,1,10.277687682112377,83.0688888888889
C1,1,10.313798793223489,82.8727777777778
C1,1,10.361021015445711,82.50555555555557
C1,1,10.402687682112377,82.22388888888891
C1,1,10.441576571001265,81.98500000000001
C1,1,10.480465459890155,81.74611111111113
C1,1,10.516576571001266,81.55000000000003
C1,1,10.552687682112378,81.35388888888892
C1,1,10.594354348779044,81.07222222222225
C1,1,10.63602101544571,80.79055555555557
C1,1,10.6749099043346,80.55166666666669
C1,1,10.716576571001266,80.27000000000002
C1,1,10.752687682112377,80.07388888888892
C1,1,10.7999099043346,79.70666666666669
C1,1,10.841576571001266,79.42500000000003
C1,1,10.877687682112377,79.22888888888892
C1,1,10.916576571001267,78.99000000000002
C1,1,10.961021015445711,78.66555555555557
C1,1,11.008243237667934,78.29833333333336
C1,1,11.055465459890154,77.93111111111114
C1,1,11.097132126556822,77.64944444444447
C1,1,11.13602101544571,77.41055555555559
C1,1,11.180465459890154,77.08611111111114
C1,1,11.2249099043346,76.76166666666668
C1,1,11.26102101544571,76.56555555555558
C1,1,11.308243237667932,76.19833333333335
C1,1,11.3499099043346,75.91666666666669
C1,1,11.38602101544571,75.72055555555558
C1,1,11.4249099043346,75.4816666666667
C1,1,11.461021015445711,75.28555555555559
C1,1,11.499909904334599,75.0466666666667
C1,1,11.547132126556821,74.67944444444447
C1,1,11.58879879322349,74.3977777777778
C1,1,11.627687682112377,74.15888888888892
C1,1,11.663798793223489,73.96277777777782
C1,1,11.702687682112378,73.72388888888892
C1,1,11.749909904334599,73.3566666666667
C1,1,11.78602101544571,73.16055555555559
C1,1,11.827687682112378,72.87888888888892
C1,1,11.872132126556822,72.55444444444447
C1,1,11.908243237667932,72.35833333333336
C1,1,11.9499099043346,72.0766666666667
C1,1,11.991576571001266,71.79500000000003
C1,1,12.03602101544571,71.47055555555558
C1,1,12.0749099043346,71.2316666666667
C1,1,12.113798793223488,70.9927777777778
C1,1,12.155465459890156,70.71111111111114
C1,1,12.1999099043346,70.38666666666668
C1,1,12.236021015445711,70.19055555555558
C1,1,12.280465459890156,69.86611111111112
C1,1,12.327687682112378,69.49888888888891
C1,1,12.369354348779044,69.21722222222225
C1,1,12.416576571001267,68.85000000000002
C1,1,12.461021015445711,68.52555555555557
C1,1,12.508243237667934,68.15833333333336
C1,1,12.544354348779043,67.96222222222225
C1,1,12.591576571001266,67.59500000000003
C1,1,12.630465459890155,67.35611111111113
C1,1,12.6749099043346,67.0316666666667
C1,1,12.71379879322349,66.7927777777778
C1,1,12.76102101544571,66.42555555555558
C1,1,12.805465459890154,66.10111111111114
C1,1,12.847132126556822,65.81944444444446
C1,1,12.88602101544571,65.58055555555558
C1,1,12.927687682112378,65.29888888888891
C1,1,12.96379879322349,65.1027777777778
C1,1,13.008243237667934,64.77833333333335
C1,1,13.047132126556821,64.53944444444446
C1,1,13.086021015445711,64.30055555555558
C1,1,13.127687682112377,64.01888888888891
C1,1,13.166576571001267,63.780000000000015
C1,1,13.205465459890155,63.54111111111113
C1,1,13.241576571001266,63.34500000000002
C1,1,13.288798793223489,62.9777777777778
C1,1,13.330465459890155,62.69611111111113
C1,1,13.369354348779044,62.45722222222224
C1,1,13.408243237667932,62.218333333333355
C1,1,13.4499099043346,61.93666666666668
C1,1,13.494354348779044,61.612222222222236
C1,1,13.53602101544571,61.33055555555556
C1,1,13.572132126556822,61.134444444444455
C1,1,13.611021015445711,60.89555555555557
C1,1,13.655465459890156,60.57111111111112
C1,1,13.697132126556822,60.28944444444445
C1,1,13.744354348779044,59.92222222222223
C1,1,13.78602101544571,59.640555555555565
C1,1,13.8249099043346,59.40166666666668
C1,1,13.866576571001266,59.120000000000005
C1,1,13.913798793223489,58.75277777777779
C1,1,13.961021015445711,58.38555555555557
C1,1,13.997132126556822,58.18944444444446
C1,1,14.038798793223489,57.90777777777779
C1,1,14.086021015445711,57.54055555555557
C1,1,14.133243237667934,57.17333333333335
C1,1,14.177687682112378,56.84888888888891
C1,1,14.222132126556822,56.524444444444455
C1,1,14.258243237667934,56.32833333333335
C1,1,14.294354348779043,56.13222222222224
C1,1,14.330465459890155,55.93611111111113
C1,1,14.374909904334599,55.61166666666668
C1,1,14.419354348779043,55.28722222222223
C1,1,14.455465459890155,55.091111111111125
C1,1,14.491576571001266,54.89500000000002
C1,1,14.530465459890156,54.65611111111113
C1,1,14.577687682112378,54.288888888888906
C1,1,14.613798793223488,54.0927777777778
C1,1,14.655465459890156,53.81111111111113
C1,1,14.691576571001265,53.61500000000002
C1,1,14.733243237667933,53.33333333333336
C1,1,14.772132126556821,53.09444444444446
C1,1,14.816576571001265,52.77000000000002
C1,1,14.861021015445711,52.445555555555565
C1,1,14.905465459890156,52.12111111111112
C1,1,14.941576571001265,51.92500000000001
C1,1,14.983243237667933,51.64333333333334
C1,1,15.019354348779045,51.44722222222223
C1,1,15.058243237667932,51.20833333333334
C1,1,15.102687682112377,50.8838888888889
C1,1,15.144354348779045,50.602222222222224
C1,1,15.180465459890154,50.406111111111116
C1,1,15.216576571001266,50.21000000000001
C1,1,15.252687682112377,50.0138888888889
C1,1,15.288798793223489,49.81777777777779
C1,1,15.3249099043346,49.62166666666668
C1,1,15.369354348779044,49.29722222222223
C1,1,15.41102101544571,49.015555555555565
C1,1,15.447132126556822,48.81944444444445
C1,1,15.529345639193103,48.53777777777778
C1,1,15.574800144611036,48.21333333333334
C1,1,15.625289397507489,47.846111111111114
C1,1,15.687306420518237,47.60722222222222
C1,1,15.757674448562172,47.32555555555555
C1,1,15.830128006344118,47.086666666666666
C1,1,15.891542742439274,46.805
C1,1,15.937249277028101,46.566111111111105
C1,1,16.01869568763768,46.24166666666667
C1,1,16.112532736296128,45.91722222222222
C1,1,16.154199402962792,45.63555555555555
C1,1,16.201421625185016,45.268333333333324
C1,1,16.243088291851684,44.98666666666666
C1,1,16.28753273629613,44.66222222222221
C1,1,16.35488450793384,44.466111111111104
C1,1,16.415068295485398,44.22722222222221
C1,1,16.53457671417276,43.90277777777777
C1,1,16.596442669652763,43.66388888888888
C1,1,16.66822921564477,43.42499999999999
C1,1,16.740580060797235,43.057777777777765
C1,1,16.799654229547528,42.7761111111111
C1,1,16.857620536908502,42.579999999999984
C1,1,16.921799900139476,42.38388888888887
C1,1,16.995549252134627,42.05944444444442
C1,1,17.116500320272053,41.734999999999985
C1,1,17.15538920916094,41.4961111111111
C1,1,17.199833653605385,41.17166666666665
C1,1,17.2674926835719,40.80444444444443
C1,1,17.31471490579412,40.4372222222222
C1,1,17.35360379468301,40.198333333333316
C1,1,17.450675543545906,39.83111111111109
C1,1,17.584401362457317,39.5922222222222
C1,1,17.71784271407974,39.26777777777776
C1,1,17.776196458847316,38.986111111111086
C1,1,17.829981231311592,38.78999999999998
C1,1,17.88468401286023,38.59388888888886
C1,1,17.923572901749118,38.354999999999976
C1,1,17.96246179063801,38.11611111111108
C1,1,17.99857290174912,37.91999999999997
C1,1,18.066975858257575,37.55277777777775
C1,1,18.115076815708054,37.271111111111075
C1,1,18.176843843299995,36.90388888888885
C1,1,18.22128828774444,36.579444444444405
C1,1,18.26017717663333,36.34055555555552
C1,1,18.29906606552222,36.10166666666663
C1,1,18.33517717663333,35.905555555555516
C1,1,18.38239939885555,35.53833333333329
C1,1,18.429621621077775,35.17111111111107
C1,1,18.523371386360235,34.80388888888884
C1,1,18.58259815328943,34.43666666666662
C1,1,18.70703080354285,34.11222222222218
C1,1,18.81601120717837,33.830555555555506
C1,1,18.97513784497308,33.54888888888884
C1,1,19.03992050938506,33.224444444444394
C1,1,19.121360013299526,32.94277777777773
C1,1,19.177652217447413,32.5755555555555
C1,1,19.27596058888024,32.20833333333328
C1,1,19.39160400284683,31.883888888888833
C1,1,19.439337836634287,31.644999999999946
C1,1,19.508649977308593,31.44888888888883
C1,1,19.553094421753038,31.12444444444439
C1,1,19.591983310641925,30.8855555555555
C1,1,19.657712613560086,30.561111111111057
C1,1,19.73251485471668,30.322222222222166
C1,1,19.79755813432666,30.0405555555555
C1,1,19.833669245437772,29.844444444444385
C1,1,19.891385523989875,29.562777777777715
C1,1,19.96056341025135,29.281111111111045
C1,1,20.05263673054759,29.042222222222158
C1,1,20.0887478416587,28.846111111111046
C1,1,20.128845024280018,28.64999999999993
C1,1,20.260785866535898,28.411111111111044
C1,1,20.340102160122616,28.129444444444374
C1,1,20.378991049011503,27.890555555555487
C1,1,20.426213271233728,27.523333333333262
C1,1,20.490339945040613,27.241666666666593
C1,1,20.609027040958303,27.002777777777702
C1,1,20.726420268122148,26.67833333333326
C1,1,20.76253137923326,26.482222222222145
C1,1,20.820646680223998,26.20055555555548
C1,1,20.868142400042032,25.833333333333254
C1,1,20.9098090667087,25.551666666666584
C1,1,21.007229053848963,25.18444444444436
C1,1,21.069130142336462,24.859999999999914
C1,1,21.14593487265093,24.621111111111027
C1,1,21.31035557853773,24.38222222222214
C1,1,21.412344489720574,24.100555555555474
C1,1,21.529563399924626,23.818888888888807
C1,1,21.614431705945453,23.494444444444362
C1,1,21.678625044424987,23.255555555555475
C1,1,21.734108331796264,22.93111111111103
C1,1,21.770219442907376,22.734999999999918
C1,1,21.832217519592838,22.45333333333325
C1,1,21.86832863070395,22.257222222222143
C1,1,21.95436578876733,21.889999999999922
C1,1,22.02158395217374,21.608333333333256
C1,1,22.112237955572365,21.412222222222145
C1,1,22.171152059578283,21.216111111111033
C1,1,22.226765009082413,20.891666666666588
C1,1,22.337258753890335,20.69555555555548
C1,1,22.38170319833478,20.371111111111034
C1,1,22.46831761302732,20.003888888888813
C1,1,22.531791998943678,19.636666666666592
C1,1,22.534569776721458,19.593888888888813
C1,1,24.176352408522114,90.0
C1,1,24.223574630744338,89.63277777777779
C1,1,24.265241297411006,89.35111111111111
C1,1,24.312463519633226,88.9838888888889
C1,1,24.348574630744338,88.78777777777779
C1,1,24.38468574185545,88.59166666666668
C1,1,24.439225078744713,88.39555555555557
C1,1,24.475336189855824,88.19944444444447
C1,1,24.51700285652249,87.9177777777778
C1,1,24.55589174541138,87.6788888888889
C1,1,24.6031139676336,87.31166666666668
C1,1,24.650336189855825,86.94444444444447
C1,1,24.697558412078045,86.57722222222225
C1,1,24.733669523189157,86.38111111111114
C1,1,24.7781139676336,86.05666666666669
C1,1,24.872874637587007,85.77500000000002
C1,1,24.91731908203145,85.45055555555557
C1,1,24.96487937161643,85.08333333333336
C1,1,25.05230967138051,84.80166666666669
C1,1,25.129144294045286,84.47722222222224
C1,1,25.168033182934174,84.23833333333334
C1,1,25.229634594213568,83.87111111111113
C1,1,25.276901530955136,83.58944444444447
C1,1,25.329141787444293,83.22222222222224
C1,1,25.434188192205305,82.85500000000002
C1,1,25.472587210593414,82.65888888888891
C1,1,25.520591579611274,82.4627777777778
C1,1,25.567813801833495,82.09555555555559
C1,1,25.603924912944606,81.89944444444448
C1,1,25.645591579611274,81.61777777777782
C1,1,25.684480468500162,81.37888888888892
C1,1,25.720591579611273,81.18277777777782
C1,1,25.765036024055718,80.85833333333336
C1,1,25.810125955986,80.53388888888891
C1,1,25.84623706709711,80.3377777777778
C1,1,25.88790373376378,80.05611111111114
C1,1,25.92401484487489,79.86000000000003
C1,1,26.010878903356662,79.53555555555558
C1,1,26.058101125578887,79.16833333333336
C1,1,26.116357524023336,78.80111111111114
C1,1,26.187156385480712,78.60500000000003
C1,1,26.231600829925156,78.28055555555558
C1,1,26.270489718814044,78.0416666666667
C1,1,26.38201538786609,77.8027777777778
C1,1,26.427776354585255,77.6066666666667
C1,1,26.466665243474143,77.36777777777782
C1,1,26.577013001679912,77.17166666666671
C1,1,26.682666275315803,76.84722222222226
C1,1,26.718777386426915,76.65111111111115
C1,1,26.76322183087136,76.3266666666667
C1,1,26.81044405309358,75.95944444444449
C1,1,26.852110719760248,75.6777777777778
C1,1,26.893777386426915,75.39611111111114
C1,1,26.93544405309358,75.11444444444447
C1,1,26.97433294198247,74.87555555555558
C1,1,27.015999608649135,74.59388888888891
C1,1,27.092324679237535,74.31222222222225
C1,1,27.13954690145976,73.94500000000002
C1,1,27.191576458980965,73.57777777777781
C1,1,27.268842821842426,73.25333333333336
C1,1,27.307731710731314,73.01444444444446
C1,1,27.386813685904308,72.69000000000003
C1,1,27.500989461742886,72.40833333333335
C1,1,27.545930133932206,72.12666666666668
C1,1,27.660605077335298,71.75944444444447
C1,1,27.755322827146372,71.47777777777779
C1,1,27.831881403899878,71.2816666666667
C1,1,27.8791036261221,70.91444444444447
C1,1,27.95093874032156,70.6327777777778
C1,1,28.01678862232784,70.39388888888891
C1,1,28.073389261899557,70.06944444444446
C1,1,28.17716694918532,69.78777777777779
C1,1,28.21327806029643,69.59166666666668
C1,1,28.25542535705143,69.3527777777778
C1,1,28.35703680204403,69.02833333333335
C1,1,28.404105490933112,68.7038888888889
C1,1,28.45086197695548,68.42222222222223
C1,1,28.567523160722647,68.09777777777778
C1,1,28.609189827389315,67.81611111111111
C1,1,28.648078716278203,67.57722222222222
C1,1,28.692523160722647,67.25277777777777
C1,1,28.739745382944868,66.88555555555556
C1,1,28.784189827389312,66.5611111111111
C1,1,28.82585649405598,66.27944444444444
C1,1,28.873785085428025,65.99777777777777
C1,1,28.918502504752478,65.75888888888888
C1,1,28.979670239246964,65.43444444444442
C1,1,29.018559128135852,65.19555555555554
C1,1,29.06022579480252,64.91388888888888
C1,1,29.104670239246964,64.58944444444442
C1,1,29.1436946173006,64.39333333333332
C1,1,29.209635904935798,64.15444444444442
C1,1,29.291016544424235,63.787222222222205
C1,1,29.33768472834913,63.54833333333332
C1,1,29.381241662664547,63.26666666666665
C1,1,29.46212355092652,63.07055555555554
C1,1,29.522281512031658,62.70333333333332
C1,1,29.61652459100709,62.3361111111111
C1,1,29.65541347989598,62.097222222222214
C1,1,29.71007459275708,61.901111111111106
C1,1,29.80933799598983,61.576666666666654
C1,1,29.866335001123225,61.25222222222221
C1,1,29.902446112234337,61.0561111111111
C1,1,29.957404197606703,60.73166666666665
C1,1,29.999413073241357,60.49277777777776
C1,1,30.074698661326934,60.168333333333315
C1,1,30.110809772438046,59.97222222222221
C1,1,30.17093038351679,59.60499999999998
C1,1,30.209819272405678,59.366111111111096
C1,1,30.254263716850122,59.04166666666665
C1,1,30.29315260573901,58.80277777777776
C1,1,30.32926371685012,58.606666666666655
C1,1,30.376485939072342,58.23944444444443
C1,1,30.415374827961234,58.00055555555554
C1,1,30.451485939072345,57.804444444444435
C1,1,30.498708161294566,57.43722222222222
C1,1,30.54315260573901,57.112777777777765
C1,1,30.587597050183454,56.78833333333332
C1,1,30.6320414946279,56.46388888888887
C1,1,30.712343686473833,56.26777777777776
C1,1,30.76877871582065,56.02888888888887
C1,1,30.807667604709536,55.789999999999985
C1,1,30.849334271376204,55.50833333333331
C1,1,30.917435642222607,55.141111111111094
C1,1,30.99064113940496,54.85944444444443
C1,1,31.035085583849405,54.534999999999975
C1,1,31.07675225051607,54.25333333333331
C1,1,31.17263223558413,54.0572222222222
C1,1,31.24132415963936,53.775555555555535
C1,1,31.282990826306026,53.49388888888886
C1,1,31.32999119065223,53.29777777777775
C1,1,31.38778923338414,52.930555555555536
C1,1,31.426967888570143,52.73444444444443
C1,1,31.463078999681255,52.53833333333332
C1,1,31.5075234441257,52.213888888888874
C1,1,31.55474566634792,51.84666666666665
C1,1,31.596412333014587,51.56499999999998
C1,1,31.64085677745903,51.24055555555553
C1,1,31.688078999681256,50.87333333333331
C1,1,31.756563664846976,50.677222222222206
C1,1,31.792674775958087,50.4811111111111
C1,1,31.870281598154055,50.19944444444443
C1,1,31.937527028850795,49.874999999999986
C1,1,31.984749251073016,49.50777777777776
C1,1,32.074609290127654,49.14055555555554
C1,1,32.113498179016545,48.90166666666665
C1,1,32.18526396545264,48.577222222222204
C1,1,32.23178462955393,48.29555555555554
C1,1,32.27067351844282,48.05666666666665
C1,1,32.34006393037688,47.689444444444426
C1,1,32.48119411215044,47.36499999999998
C1,1,32.56864966998403,46.997777777777756
C1,1,32.620939759761754,46.63055555555553
C1,1,32.659828648650645,46.391666666666644
C1,1,32.70149531531731,46.10999999999997
C1,1,32.7403842042062,45.871111111111084
C1,1,32.782050870872865,45.58944444444442
C1,1,32.85537945641403,45.26499999999997
C1,1,32.89982390085847,44.94055555555553
C1,1,32.93593501196958,44.74444444444441
C1,1,32.972046123080695,44.548333333333304
C1,1,33.008157234191806,44.35222222222219
C1,1,33.05260167863625,44.02777777777774
C1,1,33.097046123080695,43.7033333333333
C1,1,33.14426834530292,43.33611111111107
C1,1,33.18635812928394,43.139999999999965
C1,1,33.25262157225257,42.90111111111107
C1,1,33.294499142000845,42.70499999999996
C1,1,33.35765251190943,42.42333333333329
C1,1,33.422971942191886,42.1844444444444
C1,1,33.5068281393158,41.902777777777736
C1,1,33.59868884695233,41.70666666666662
C1,1,33.64591106917455,41.339444444444396
C1,1,33.69027141748339,41.05777777777773
C1,1,33.75767921267795,40.818888888888836
C1,1,33.82364607449059,40.57999999999995
C1,1,33.93011356161087,40.38388888888883
C1,1,33.97920011031592,40.187777777777725
C1,1,34.022276380024245,39.99166666666661
C1,1,34.062423733802504,39.75277777777772
C1,1,34.10906018561212,39.47111111111105
C1,1,34.15883205421297,39.18944444444438
C1,1,34.21407737318351,38.99333333333327
C1,1,34.27664327969734,38.626111111111044
C1,1,34.31553216858623,38.38722222222216
C1,1,34.35164327969734,38.19111111111104
C1,1,34.4126252704583,37.82388888888882
C1,1,34.50442102644846,37.58499999999993
C1,1,34.54053213755957,37.388888888888815
C1,1,34.6027422941275,37.02166666666659
C1,1,34.647186738571946,36.697222222222145
C1,1,34.69235555498492,36.50111111111104
C1,1,34.736799999429365,36.17666666666659
C1,1,34.77770203665341,35.937777777777704
C1,1,34.82214648109785,35.61333333333326
C1,1,34.8665909255423,35.28888888888881
C1,1,34.90825759220897,35.00722222222215
C1,1,34.94714648109785,34.76833333333326
C1,1,34.983257592208965,34.572222222222145
C1,1,35.04792683710493,34.33333333333326
C1,1,35.12911863727983,34.09444444444436
C1,1,35.236752430074304,33.898333333333255
C1,1,35.28397465229652,33.53111111111103
C1,1,35.32008576340763,33.334999999999916
C1,1,35.365005003128914,33.1388888888888
C1,1,35.41222722535113,32.771666666666576
C1,1,35.44833833646224,32.57555555555546
C1,1,35.53506639840241,32.293888888888794
C1,1,35.61966573256657,31.96944444444435
C1,1,35.67725612694913,31.602222222222125
C1,1,35.79412243520668,31.277777777777683
C1,1,35.894533450728126,30.996111111111013
C1,1,35.971007184750505,30.714444444444343
C1,1,36.038170399618295,30.432777777777677
C1,1,36.10426721673826,30.065555555555452
C1,1,36.17387281772325,29.783888888888782
C1,1,36.2827092926715,29.544999999999895
C1,1,36.3416793741432,29.22055555555545
C1,1,36.42089043743139,28.853333333333225
C1,1,36.46255710409805,28.571666666666555
C1,1,36.501445992986945,28.332777777777668
C1,1,36.58639581010878,28.051111111111
C1,1,36.63713835515563,27.76944444444433
C1,1,36.76256896267301,27.53055555555544
C1,1,36.840952974536066,27.33444444444433
C1,1,37.02346082462035,26.967222222222105
C1,1,37.08083511453667,26.77111111111099
C1,1,37.23512549901931,26.48944444444432
C1,1,37.35203414813471,26.29333333333321
C1,1,37.440104933447714,25.926111111110984
C1,1,37.514416937136474,25.687222222222093
C1,1,37.577029142204616,25.36277777777765
C1,1,37.65590527222014,25.08111111111098
C1,1,37.72434846582329,24.75666666666654
C1,1,37.768792910267734,24.432222222222094
C1,1,37.829158780397634,24.10777777777765
C1,1,37.87360322484208,23.783333333333207
C1,1,37.99568448796005,23.50166666666654
C1,1,38.07439232410563,23.219999999999875
C1,1,38.145908684373424,22.852777777777654
C1,1,38.22221872365762,22.571111111110987
C1,1,38.26250908866193,22.374999999999876
C1,1,38.315622719139654,22.13611111111099
C1,1,38.50783571140028,21.768888888888764
C1,1,38.56805828154263,21.487222222222098
C1,1,38.62663597813398,21.29111111111099
C1,1,38.66803863790989,21.094999999999878
C1,1,38.77463456011723,20.898888888888767
C1,1,38.81179747967773,20.702777777777655
C1,1,38.85068636856662,20.463888888888768
C1,1,38.927699413626705,20.22499999999988
C1,1,39.02930020117158,19.900555555555435
C1,1,39.03751413782156,19.857777777777656
C1,1,40.32071707938983,90.0
C1,1,40.35682819050094,89.80388888888889
C1,1,40.40876086799165,89.47944444444444
C1,1,40.476694697653414,89.24055555555556
C1,1,40.512805808764526,89.04444444444445
C1,1,40.60905845636313,88.72
C1,1,40.673672525403965,88.39555555555555
C1,1,40.737519288817225,88.19944444444444
C1,1,40.810851238478534,87.87499999999999
C1,1,40.85807346070075,87.50777777777778
C1,1,40.93433613722879,87.14055555555555
C1,1,41.012641358588546,86.94444444444444
C1,1,41.10871441250471,86.74833333333333
C1,1,41.15038107917138,86.46666666666667
C1,1,41.192047745838046,86.185
C1,1,41.25193794057839,85.86055555555555
C1,1,41.29638238502283,85.5361111111111
C1,1,41.338049051689495,85.25444444444443
C1,1,41.37693794057839,85.01555555555555
C1,1,41.42769622737632,84.73388888888887
C1,1,41.48050906479065,84.49499999999999
C1,1,41.53877045803484,84.12777777777777
C1,1,41.66001860193664,83.76055555555556
C1,1,41.727551674239685,83.47888888888887
C1,1,41.79853887315738,83.19722222222221
C1,1,41.84298331760183,82.87277777777776
C1,1,42.01967784379867,82.50555555555555
C1,1,42.12087065063052,82.1811111111111
C1,1,42.21381982673425,81.89944444444443
C1,1,42.28416746549648,81.61777777777776
C1,1,42.328611909940925,81.29333333333331
C1,1,42.36750079882981,81.05444444444441
C1,1,42.40916746549648,80.77277777777775
C1,1,42.4563896877187,80.40555555555554
C1,1,42.532323644790594,80.16666666666664
C1,1,42.57954586701282,79.79944444444442
C1,1,42.61565697812393,79.60333333333331
C1,1,42.68457738107319,79.2361111111111
C1,1,42.7206884921843,79.03999999999999
C1,1,42.75957738107319,78.8011111111111
C1,1,42.795688492184304,78.60499999999999
C1,1,42.84595914178607,78.28055555555554
C1,1,42.89318136400829,77.91333333333333
C1,1,42.934848030674964,77.63166666666666
C1,1,42.97373691956385,77.39277777777777
C1,1,43.01540358623051,77.1111111111111
C1,1,43.06262580845274,76.74388888888888
C1,1,43.10984803067496,76.37666666666667
C1,1,43.157070252897185,76.00944444444444
C1,1,43.21971557249694,75.72777777777777
C1,1,43.29100911933511,75.44611111111111
C1,1,43.33348367324089,75.25
C1,1,43.375150339907556,74.96833333333332
C1,1,43.419594784352,74.64388888888888
C1,1,43.46126145101867,74.3622222222222
C1,1,43.49737256212978,74.16611111111109
C1,1,43.533483673240895,73.96999999999998
C1,1,43.59567250990787,73.7311111111111
C1,1,43.639055781224336,73.535
C1,1,43.67516689233545,73.33888888888889
C1,1,43.71683355900212,73.05722222222222
C1,1,43.76127800344656,72.73277777777777
C1,1,43.80850022566878,72.36555555555555
C1,1,43.852944670113224,72.0411111111111
C1,1,43.90016689233545,71.67388888888888
C1,1,43.93627800344656,71.47777777777777
C1,1,43.97516689233545,71.23888888888888
C1,1,44.014055781224336,71.0
C1,1,44.05572244789101,70.71833333333333
C1,1,44.09461133677989,70.47944444444444
C1,1,44.13627800344656,70.19777777777777
C1,1,44.17516689233545,69.95888888888888
C1,1,44.21683355900212,69.67722222222221
C1,1,44.25294467011323,69.4811111111111
C1,1,44.294611336779894,69.19944444444444
C1,1,44.33905578122434,68.87499999999999
C1,1,44.37516689233545,68.67888888888888
C1,1,44.41127800344656,68.48277777777777
C1,1,44.455722447891006,68.15833333333332
C1,1,44.49183355900212,67.96222222222221
C1,1,44.5469024356955,67.63777777777776
C1,1,44.63387355883904,67.27055555555555
C1,1,44.675540225505706,66.98888888888888
C1,1,44.7144291143946,66.74999999999999
C1,1,44.76165133661682,66.38277777777776
C1,1,44.797762447727926,66.18666666666667
C1,1,44.84220689217238,65.86222222222221
C1,1,44.88387355883904,65.58055555555555
C1,1,44.91998466995015,65.38444444444444
C1,1,44.956095781061265,65.18833333333333
C1,1,44.99776244772793,64.90666666666665
C1,1,45.03942911439459,64.62499999999999
C1,1,45.078318003283485,64.3861111111111
C1,1,45.12276244772793,64.06166666666665
C1,1,45.16720689217237,63.7372222222222
C1,1,45.20887355883904,63.455555555555534
C1,1,45.24498466995015,63.259444444444426
C1,1,45.28665133661682,62.97777777777775
C1,1,45.383628511317845,62.65333333333331
C1,1,45.43085073354006,62.28611111111108
C1,1,45.475295177984506,61.96166666666664
C1,1,45.52251740020673,61.59444444444442
C1,1,45.569739622428955,61.2272222222222
C1,1,45.60862851131784,60.98833333333331
C1,1,45.64751740020673,60.74944444444442
C1,1,45.72048467952999,60.55333333333331
C1,1,45.76530338315539,60.314444444444426
C1,1,45.814581951187634,60.07555555555554
C1,1,45.9009297645565,59.751111111111086
C1,1,45.948151986778726,59.38388888888887
C1,1,46.0044972292728,59.01666666666665
C1,1,46.04060834038391,58.82055555555554
C1,1,46.08934541162326,58.53888888888888
C1,1,46.13656763384549,58.17166666666665
C1,1,46.17545652273438,57.932777777777765
C1,1,46.21990096717882,57.60833333333332
C1,1,46.256012078289935,57.41222222222221
C1,1,46.30045652273438,57.08777777777776
C1,1,46.36095842015418,56.76333333333331
C1,1,46.438473640597586,56.39611111111109
C1,1,46.4745847517087,56.19999999999998
C1,1,46.52180697393092,55.832777777777764
C1,1,46.560695862819806,55.59388888888888
C1,1,46.66527972595916,55.269444444444424
C1,1,46.71250194818138,54.90222222222221
C1,1,46.75694639262582,54.57777777777776
C1,1,46.79861305929249,54.29611111111109
C1,1,46.84305750373694,53.97166666666664
C1,1,46.87916861484805,53.775555555555535
C1,1,46.92361305929249,53.45111111111108
C1,1,46.96805750373694,53.12666666666664
C1,1,47.01527972595916,52.75944444444441
C1,1,47.06250194818138,52.392222222222195
C1,1,47.09861305929249,52.19611111111109
C1,1,47.145835281514714,51.82888888888887
C1,1,47.19305750373694,51.46166666666665
C1,1,47.23750194818138,51.1372222222222
C1,1,47.27916861484805,50.85555555555553
C1,1,47.31805750373694,50.616666666666646
C1,1,47.36250194818138,50.29222222222219
C1,1,47.398613059292494,50.096111111111085
C1,1,47.43750194818138,49.8572222222222
C1,1,47.4847241704036,49.489999999999974
C1,1,47.523613059292494,49.251111111111086
C1,1,47.559724170403605,49.05499999999997
C1,1,47.60416861484805,48.730555555555526
C1,1,47.648613059292494,48.40611111111108
C1,1,47.69027972595916,48.124444444444414
C1,1,47.73194639262582,47.84277777777775
C1,1,47.768057503736934,47.64666666666663
C1,1,47.806946392625825,47.407777777777746
C1,1,47.84861305929249,47.12611111111107
C1,1,47.89027972595916,46.844444444444406
C1,1,47.926390837070265,46.64833333333329
C1,1,47.97361305929249,46.281111111111066
C2,1,0.0,52.13674812382657
C2,1,0.002777777777777778,52.09397034604879
C2,1,0.019444444444444445,52.99397034604879
C2,1,0.022222222222222223,52.95119256827101
C2,1,0.036749175646984114,53.73564805320815
C2,1,0.03952695342476189,53.69287027543037
C2,1,0.03952695342476189,53.69287027543037
C2,1,0.04230473120253967,53.650092497652594
C2,1,0.058971397869206334,54.60009249765258
C2,1,0.061749175646984115,54.5573147198748
C2,1,0.061749175646984115,54.5573147198748
C2,1,0.06452695342476189,54.514536942097024
C2,1,0.0658159207672821,54.588008080620675
C2,1,0.06859369854505988,54.545230302842896
C2,1,0.07272640199976252,54.754999631874846
C2,1,0.11717084644420696,54.43055518743039
C2,1,0.17650106468564503,54.10611074298595
C2,1,0.21623299217500905,53.86722185409706
C2,1,0.29007163291651866,53.62833296520817
C2,1,0.34678680331299144,53.432221854097065
C2,1,0.39065537275307344,53.23611074298596
C2,1,0.4828680397078125,52.99722185409706
C2,1,0.5663912417090116,52.67277740965262
C2,1,0.6104888212754261,52.391110742985944
C2,1,0.6549332657198705,52.0666662985415
C2,1,0.6577110434976483,52.02388852076372
C2,1,0.674377710164315,52.93491903602134
C2,1,0.6771554879420928,52.89214125824356
C2,1,0.6938221546087594,53.80317177350119
C2,1,0.6965999323865372,53.76039399572341
C2,1,0.7103624648018578,54.512679215578174
C2,1,0.7131402425796356,54.469901437800395
C2,1,0.7298069092463023,55.369901437800394
C2,1,0.7325846870240801,55.327123660022615
C2,1,0.7355572534941127,55.48764224940438
C2,1,0.7383350312718905,55.4448644716266
C2,1,0.7384361574138347,55.45032528329159
C2,1,0.7412139351916125,55.40754750551381
C2,1,0.7509919072126582,55.96489191071341
C2,1,0.753769684990436,55.92211413293563
C2,1,0.7704363516571026,56.833144648193255
C2,1,0.7732141294348803,56.790366870415475
C2,1,0.77959855918375,57.139351489839804
C2,1,0.7823763369615278,57.096573712062025
C2,1,0.7990430036281944,58.04657371206202
C2,1,0.8018207814059721,58.00379593428424
C2,1,0.8178086632276936,58.91510519812236
C2,1,0.8205864410054714,58.87232742034458
C2,1,0.8324504973109567,59.512986460840786
C2,1,0.8352282750887344,59.47020868306301
C2,1,0.8518949417554011,60.37020868306301
C2,1,0.8546727195331789,60.327430905285226
C2,1,0.8546727195331789,60.327430905285226
C2,1,0.8574504973109567,60.28465312750745
C2,1,0.8629040709537299,60.579146104217195
C2,1,0.8656818487315077,60.536368326439415
C2,1,0.8656818487315077,60.536368326439415
C2,1,0.8684596265092854,60.493590548661636
C2,1,0.885126293175952,61.33956353515488
C2,1,0.8879040709537298,61.2967857573771
C2,1,0.8901758827836633,61.41209924368828
C2,1,0.8929536605614411,61.369321465910495
C2,1,0.8979144129940035,61.64048527659267
C2,1,0.9340255241051146,61.44437416548156
C2,1,1.0424086299825122,61.162707498814896
C2,1,1.1033043807278409,60.838263054370444
C2,1,1.1060821585056186,60.795485276592665
C2,1,1.1109924034492706,60.92046808204561
C2,1,1.158214625671493,60.55324585982339
C2,1,1.2198948851557592,60.27157919315672
C2,1,1.2909360602116282,59.98991252649005
C2,1,1.329824949100517,59.751023637601165
C2,1,1.3659360602116282,59.55491252649006
C2,1,1.407602726878295,59.27324585982339
C2,1,1.4103805046560727,59.230468082045604
C2,1,1.4138918527388582,59.3986913409452
C2,1,1.4611140749610803,59.03146911872298
C2,1,1.5086287097148945,58.70702467427853
C2,1,1.584812844094577,58.38258022983408
C2,1,1.6475631137583007,58.01535800761186
C2,1,1.6503408915360784,57.97258022983408
C2,1,1.6516948982439483,58.0413074157374
C2,1,1.6905837871328373,57.80241852684851
C2,1,1.7523239856588535,57.606307415737405
C2,1,1.814594531977628,57.36741852684851
C2,1,1.8948990307156162,57.00019630462629
C2,1,1.9421212529378382,56.632974082404075
C2,1,1.9810101418267272,56.39408519351519
C2,1,2.0363426842507697,56.1551963046263
C2,1,2.0870592281426763,55.78797408240408
C2,1,2.1231703392537873,55.59186297129297
C2,1,2.203599726071169,55.26741852684852
C2,1,2.266739809592224,54.900196304626306
C2,1,2.325160591213142,54.53297408240408
C2,1,2.40010647158792,54.294085193515194
C2,1,2.4028842493656977,54.251307415737415
C2,1,2.403406458213769,54.27100741145624
C2,1,2.4450731248804356,53.98934074478957
C2,1,2.4895175693248803,53.66489630034512
C2,1,2.492295347102658,53.62211852256734
C2,1,2.5081529654932058,54.38183250738192
C2,1,2.5109307432709835,54.33905472960414
C2,1,2.5109307432709835,54.33905472960414
C2,1,2.5137085210487613,54.296276951826364
C2,1,2.521237489712689,54.70284125967845
C2,1,2.5240152674904666,54.660063481900664
C2,1,2.526595818873327,54.7707276976564
C2,1,2.5293735966511046,54.72794991987862
C2,1,2.5460402633177712,55.62794991987862
C2,1,2.548818041095549,55.58517214210084
C2,1,2.5654847077622156,56.485172142100836
C2,1,2.5682624855399934,56.44239436432306
C2,1,2.5689726720724284,56.48074443707455
C2,1,2.571750449850206,56.43796665929677
C2,1,2.571750449850206,56.43796665929677
C2,1,2.574528227627984,56.39518888151899
C2,1,2.574528227627984,56.39518888151899
C2,1,2.5773060054057617,56.352411103741204
C2,1,2.5939726720724283,57.198384090234455
C2,1,2.596750449850206,57.155606312456676
C2,1,2.613417116516873,58.00157929894992
C2,1,2.616194894294651,57.95880152117214
C2,1,2.6328615609613175,58.80477450766539
C2,1,2.6356393387390953,58.76199672988761
C2,1,2.6356393387390953,58.76199672988761
C2,1,2.638417116516873,58.71921895210983
C2,1,2.6386057803869636,58.72825754649439
C2,1,2.6413835581647414,58.68547976871661
C2,1,2.6456448829693753,58.915591308166825
C2,1,2.648422660747153,58.872813530389045
C2,1,2.648422660747153,58.872813530389045
C2,1,2.6928671051915973,58.54836908594459
C2,1,2.7632554024585545,58.22392464150015
C2,1,2.7660331802363323,58.18114686372237
C2,1,2.773249336085859,58.592467747145385
C2,1,2.80936044719697,58.39635663603428
C2,1,2.8121382249747477,58.3535788582565
C2,1,2.8130319536102615,58.40184020457424
C2,1,2.860254175832484,58.034617982352025
C2,1,2.9652164766107774,57.83850687124092
C2,1,3.0013275877218883,57.64239576012981
C2,1,3.0457720321663326,57.317951315685356
C2,1,3.084660921055222,57.07906242679647
C2,1,3.1235498099441106,56.84017353790758
C2,1,3.172695335380422,56.644062426796474
C2,1,3.1754731131582,56.60128464901869
C2,1,3.1804251411508666,56.8686941606227
C2,1,3.2193140300397554,56.629805271733815
C2,1,3.312113385887192,56.43369416062271
C2,1,3.461702463366365,56.2375830495116
C2,1,3.5308323895969624,55.870360827289375
C2,1,3.569721278485851,55.63147193840049
C2,1,3.621445800346309,55.43536082728938
C2,1,3.673610172781869,55.23924971617827
C2,1,3.70972128389298,55.04313860506716
C2,1,3.759824880418044,54.847027493956055
C2,1,3.837987447096879,54.60813860506717
C2,1,3.891247726563325,54.41202749395606
C2,1,3.99458089105145,54.087583049511615
C2,1,4.042170174233723,53.89147193840051
C2,1,4.086614618678167,53.567027493956054
C2,1,4.0893923964559455,53.524249716178275
C2,1,4.089778992191593,53.545125885903225
C2,1,4.1286678810804815,53.30623699701433
C2,1,4.187237016248009,53.067348108125444
C2,1,4.190014794025786,53.024570330347665
C2,1,4.206681460692453,53.870543316840916
C2,1,4.209459238470231,53.82776553906313
C2,1,4.226125905136898,54.67373852555638
C2,1,4.228903682914676,54.6309607477786
C2,1,4.231198007533516,54.747416946765725
C2,1,4.233975785311293,54.704639168987946
C2,1,4.2454598548483995,55.324778923991666
C2,1,4.248237632626178,55.28200114621389
C2,1,4.264197967182375,56.191740215917186
C2,1,4.2669757449601535,56.14896243813941
C2,1,4.270256217480057,56.32610795421421
C2,1,4.273033995257835,56.28333017643643
C2,1,4.280218029391822,56.64798010512033
C2,1,4.282995807169599,56.60520232734255
C2,1,4.299662473836266,57.50520232734255
C2,1,4.302440251614044,57.46242454956477
C2,1,4.302440251614044,57.46242454956477
C2,1,4.305218029391821,57.419646771786994
C2,1,4.305218029391821,57.419646771786994
C2,1,4.3079958071696,57.376868994009214
C2,1,4.3079958071696,57.376868994009214
C2,1,4.310773584947377,57.33409121623143
C2,1,4.3150302108412735,57.563949014501816
C2,1,4.362252433063496,57.1967267922796
C2,1,4.3983635441746065,57.00061568116849
C2,1,4.4400302108412735,56.71894901450182
C2,1,4.484474655285718,56.39450457005737
C2,1,4.523446401180304,56.19839345894626
C2,1,4.566870210470934,56.002282347835155
C2,1,4.569647988248711,55.95950457005737
C2,1,4.586314654915378,56.859504570057375
C2,1,4.589092432693156,56.816726792279596
C2,1,4.6057590993598225,57.716726792279594
C2,1,4.608536877137601,57.673949014501815
C2,1,4.613717117648008,57.95368200206386
C2,1,4.616494895425786,57.91090422428608
C2,1,4.626076244923211,58.428297097147016
C2,1,4.628854022700989,58.38551931936924
C2,1,4.645520689367656,59.28551931936924
C2,1,4.648298467145433,59.24274154159146
C2,1,4.6649651338121,60.14274154159146
C2,1,4.667742911589878,60.099963763813676
C2,1,4.671539276818201,60.30496748614317
C2,1,4.67431705459598,60.26218970836539
C2,1,4.6757568305712445,60.33116714977368
C2,1,4.678534608349023,60.2883893719959
C2,1,4.694328127058864,61.04503244019141
C2,1,4.697105904836643,61.002254662413634
C2,1,4.7025172709141465,61.29446843059888
C2,1,4.705295048691925,61.2516906528211
C2,1,4.709805220466835,61.495239928666265
C2,1,4.7542496649112795,61.17079548422182
C2,1,4.757027442689057,61.12801770644404
C2,1,4.7587517862367195,61.22630528866081
C2,1,4.803196230681165,60.90186084421636
C2,1,4.839307341792275,60.70574973310525
C2,1,4.880974008458942,60.424083066438584
C2,1,4.96372915329679,60.1851941775497
C2,1,5.017766700926151,59.860749733105244
C2,1,5.099768773970381,59.57908306643858
C2,1,5.136765837995559,59.38297195532747
C2,1,5.139543615773337,59.34019417754969
C2,1,5.156210282440004,60.24019417754969
C2,1,5.158988060217781,60.19741639977191
C2,1,5.158988060217781,60.19741639977191
C2,1,5.161765837995559,60.154638621994124
C2,1,5.178432504662226,61.000611608487375
C2,1,5.181210282440003,60.957833830709596
C2,1,5.188797022571358,61.34292446310985
C2,1,5.191574800349136,61.30014668533207
C2,1,5.1937286987781786,61.42291889578746
C2,1,5.196506476555956,61.38014111800968
C2,1,5.196506476555956,61.38014111800968
C2,1,5.199284254333734,61.337363340231896
C2,1,5.199284254333734,61.337363340231896
C2,1,5.246506476555956,60.97014111800968
C2,1,5.293728698778178,60.60291889578746
C2,1,5.32983980988929,60.40680778467635
C2,1,5.3659509210004,60.210696673565245
C2,1,5.404839809889289,59.97180778467636
C2,1,5.449284254333734,59.647363340231905
C2,1,5.452062032111511,59.604585562454126
C2,1,5.453989584648517,59.70867339945243
C2,1,5.4567673624262945,59.66589562167465
C2,1,5.4567673624262945,59.66589562167465
C2,1,5.498434029092961,59.38422895500798
C2,1,5.546236550879512,59.14534006611909
C2,1,5.59842106392794,58.86367339945242
C2,1,5.642865508372385,58.53922895500797
C2,1,5.645643286150163,58.49645117723019
C2,1,5.6623099528168295,59.39645117723019
C2,1,5.665087730594607,59.35367339945241
C2,1,5.669432100873279,59.588269394500706
C2,1,5.672209878651057,59.54549161672292
C2,1,5.688876545317724,60.445491616722926
C2,1,5.691654323095501,60.40271383894515
C2,1,5.708320989762168,61.302713838945145
C2,1,5.711098767539946,61.259936061167366
C2,1,5.711098767539946,61.259936061167366
C2,1,5.713876545317723,61.21715828338958
C2,1,5.714952107947027,61.27175209916991
C2,1,5.717729885724805,61.22897432139213
C2,1,5.717729885724805,61.22897432139213
C2,1,5.720507663502582,61.186196543614344
C2,1,5.721654507459253,61.229460500401004
C2,1,5.724432285237031,61.18668272262322
C2,1,5.736275091444764,61.8261942578408
C2,1,5.783497313666986,61.45897203561857
C2,1,5.825163980333652,61.177305368951906
C2,1,5.9031803884855325,60.93841648006302
C2,1,5.939291499596644,60.74230536895191
C2,1,5.9754026107077545,60.5461942578408
C2,1,5.978180388485533,60.503416480063024
C2,1,5.993267080970039,60.88742525627633
C2,1,6.032155969858928,60.64853636738744
C2,1,6.15017800159785,60.32409192294299
C2,1,6.1529557793756275,60.28131414516521
C2,1,6.166456288620757,61.05084317213756
C2,1,6.169234066398535,61.008065394359775
C2,1,6.1787410828789495,61.49062614183441
C2,1,6.181518860656728,61.44784836405663
C2,1,6.181518860656728,61.44784836405663
C2,1,6.184296638434505,61.40507058627885
C2,1,6.193462758831605,61.844205245763504
C2,1,6.196240536609382,61.801427467985725
C2,1,6.204632153232662,62.254574765642836
C2,1,6.243521042121551,62.01568587675395
C2,1,6.285187708788218,61.734019210087276
C2,1,6.347140328071993,61.45235254342061
C2,1,6.349918105849771,61.40957476564283
C2,1,6.35015499227931,61.42307729212653
C2,1,6.3529327700570875,61.38029951434875
C2,1,6.353048584784523,61.386900953812585
C2,1,6.3558263625623015,61.344123176034806
C2,1,6.3655038086359435,61.759130211884205
C2,1,6.368281586413721,61.716352434106426
C2,1,6.370348730229565,61.76896843113787
C2,1,6.373126508007342,61.72619065336009
C2,1,6.3860004028918045,62.42138097712105
C2,1,6.430444847336249,62.09693653267661
C2,1,6.478083732572034,61.858047643787714
C2,1,6.519750399238701,61.57638097712105
C2,1,6.564194843683145,61.251936532676595
C2,1,6.603293657743876,61.01304764378771
C2,1,6.644960324410543,60.73138097712104
C2,1,6.708130494269429,60.449714310454375
C2,1,6.710908272047207,60.40693653267659
C2,1,6.7158684294742015,60.6747850337343
C2,1,6.760312873918646,60.35034058928985
C2,1,6.801979540585313,60.068673922623184
C2,1,6.80475731836309,60.025896144845404
C2,1,6.80475731836309,60.025896144845404
C2,1,6.843646207251979,59.78700725595652
C2,1,6.8825350961408684,59.54811836706762
C2,1,6.940134725162637,59.352007255956515
C2,1,6.988690949753035,59.15589614484541
C2,1,7.033265151838744,58.91700725595652
C2,1,7.036042929616522,58.87422947817874
C2,1,7.036042929616522,58.87422947817874
C2,1,7.080487374060966,58.549785033734295
C2,1,7.124931818505411,58.22534058928984
C2,1,7.165990322862368,58.029229478178735
C2,1,7.238209027902266,57.79034058928985
C2,1,7.332273814999878,57.42311836706763
C2,1,7.380516346685067,57.055896144845406
C2,1,7.416627457796179,56.8597850337343
C2,1,7.470460652266237,56.49256281151208
C2,1,7.536122009781606,56.210896144845414
C2,1,7.5777886764482725,55.92922947817874
C2,1,7.676644950039924,55.604785033734295
C2,1,7.721089394484368,55.28034058928984
C2,1,7.723867172262146,55.23756281151206
C2,1,7.72700513606065,55.317434900063134
C2,1,7.765894024949539,55.07854601117425
C2,1,7.807560691616206,54.79687934450757
C2,1,7.85200513606065,54.47243490006313
C2,1,7.941850285486586,54.190768233396454
C2,1,8.021280379901807,53.86632378895201
C2,1,8.068948089649101,53.54187934450756
C2,1,8.159108182999336,53.30299045561867
C2,1,8.22111463843307,53.06410156672978
C2,1,8.261717295491454,52.825212677840895
C2,1,8.345858222244688,52.45799045561868
C2,1,8.400837189422779,52.133546011174225
C2,1,8.43694830053389,51.93743490006312
C2,1,8.484170522756113,51.5702126778409
C2,1,8.525837189422779,51.28854601117423
C2,1,8.619290615723123,51.092434900063125
C2,1,8.655401726834235,50.89632378895202
C2,1,8.691512837945346,50.70021267784091
C2,1,8.730401726834234,50.461323788952015
C2,1,8.773346384511775,50.22243490006313
C2,1,8.815013051178441,49.94076823339646
C2,1,8.85667971784511,49.65910156672979
C2,1,8.859457495622886,49.61632378895201
C2,1,8.863877055987516,49.84065350979117
C2,1,8.866654833765294,49.79787573201339
C2,1,8.874475164130535,50.22017357173646
C2,1,8.877252941908313,50.17739579395868
C2,1,8.89391960857498,51.0884263092163
C2,1,8.896697386352757,51.04564853143852
C2,1,8.901466513837262,51.30633777161072
C2,1,8.90424429161504,51.26355999383294
C2,1,8.90424429161504,51.26355999383294
C2,1,8.907022069392816,51.22078221605516
C2,1,8.923688736059484,52.019256453173725
C2,1,8.926466513837262,51.976478675395946
C2,1,8.926466513837262,51.976478675395946
C2,1,8.929244291615039,51.93370089761816
C2,1,8.930903038762185,52.0282494850055
C2,1,8.933680816539963,51.985471707227724
C2,1,8.93604166727104,52.09857641641451
C2,1,8.974930556159928,51.85968752752562
C2,1,9.081514583412051,51.663576416414514
C2,1,9.176358014847889,51.38190974974785
C2,1,9.244491384830381,51.057465305303396
C2,1,9.306260123189164,50.73302086085894
C2,1,9.351341422206195,50.536909749747835
C2,1,9.421633357469425,50.34079863863673
C2,1,9.488443019292292,50.01635419419228
C2,1,9.49122079707007,49.9735764164145
C2,1,9.496072632860391,50.238786644014596
C2,1,9.540517077304836,49.91434219957016
C2,1,9.543294855082614,49.87156442179238
C2,1,9.544553804328324,49.90360905713283
C2,1,9.547331582106102,49.860831279355054
C2,1,9.547331582106102,49.860831279355054
C2,1,9.583442693217213,49.66472016824394
C2,1,9.6463678680031,49.29749794602172
C2,1,9.718277133332855,49.05860905713283
C2,1,9.77243000802788,48.86249794602172
C2,1,9.775207785805659,48.81972016824393
C2,1,9.791874452472326,49.71972016824394
C2,1,9.794652230250103,49.67694239046615
C2,1,9.797202480008762,49.81465587743371
C2,1,9.79998025778654,49.77187809965592
C2,1,9.815560609473637,50.61321709075926
C2,1,9.818338387251416,50.57043931298148
C2,1,9.820675057499274,50.69661950636579
C2,1,9.82345283527705,50.65384172858801
C2,1,9.82345283527705,50.65384172858801
C2,1,9.826230613054829,50.611063950810234
C2,1,9.829145851236898,50.77041620739682
C2,1,9.87636807345912,50.403193985174596
C2,1,9.948883669387374,50.03597176295238
C2,1,9.993363666671797,49.83986065184126
C2,1,10.063798793223489,49.47263842961904
C2,1,10.066576571001265,49.42986065184126
C2,1,10.07000366694954,49.59404752121107
C2,1,10.117225889171761,49.22682529898884
C2,1,10.169809675537058,48.85960307676662
C2,1,10.217031897759279,48.49238085454439
C2,1,10.219809675537057,48.449603076766614
C2,1,10.221202090467536,48.52571502626053
C2,1,10.262868757134202,48.24404835959386
C2,1,10.298979868245313,48.04793724848275
C2,1,10.301757646023091,48.00515947070497
C2,1,10.301982439167848,48.017447075574616
C2,1,10.340871328056735,47.77855818668573
C2,1,10.343649105834514,47.73578040890795
C2,1,10.34606078601117,47.86601113844742
C2,1,10.387727452677838,47.584344471780746
C2,1,10.390505230455615,47.54156669400297
C2,1,10.402363957703223,48.109699985536814
C2,1,10.449586179925445,47.74247776331459
C2,1,10.493409939863316,47.5035888744257
C2,1,10.564041755993623,47.13636665220348
C2,1,10.617377383436946,46.76914442998125
C2,1,10.720853942804244,46.44469998553681
C2,1,10.804653155025674,46.24858887442569
C2,1,10.918561622880608,45.966922207759026
C2,1,10.95467273399172,45.77081109664791
C2,1,10.998715524505064,45.574699985536796
C2,1,11.047061307577502,45.25025554109236
C2,1,11.114067665184322,44.92581109664791
C2,1,11.172174194292142,44.55858887442569
C2,1,11.24251445159002,44.23414442998124
C2,1,11.299226036074446,43.952477763314576
C2,1,11.374208024693019,43.62803331887013
C2,1,11.461929735159586,43.38914442998124
C2,1,11.533124885741678,43.0646999855368
C2,1,11.592479624778882,42.74025554109235
C2,1,11.66239675303385,42.458588874425686
C2,1,11.78533903428969,42.17692220775901
C2,1,11.788116812067468,42.134144429981234
C2,1,11.792720708892766,42.382754858547294
C2,1,11.83716515333721,42.05831041410285
C2,1,11.882258573029267,41.73386596965841
C2,1,11.92340095497765,41.537754858547295
C2,1,11.972776022059872,41.21331041410285
C2,1,12.020424669248328,40.97442152521396
C2,1,12.059313558137218,40.735532636325075
C2,1,12.109085708813511,40.36831041410285
C2,1,12.145196819924623,40.172199302991736
C2,1,12.194176998458932,39.80497708076951
C2,1,12.238621442903376,39.480532636325066
C2,1,12.34676920544077,39.11331041410284
C2,1,12.398160920090724,38.917199302991726
C2,1,12.463529391977302,38.67831041410284
C2,1,12.46630716975508,38.63553263632506
C2,1,12.480238364293351,39.39703723662645
C2,1,12.48301614207113,39.354259458848674
C2,1,12.498367178270769,40.133453175223146
C2,1,12.501144956048545,40.09067539744537
C2,1,12.504188591978526,40.26416264545418
C2,1,12.506966369756302,40.2213848676764
C2,1,12.506966369756302,40.2213848676764
C2,1,12.50974414753408,40.17860708989861
C2,1,12.525574554710875,41.04392613031936
C2,1,12.528352332488652,41.001148352541584
C2,1,12.531540393255801,41.17330363396757
C2,1,12.56765150436691,40.977192522856456
C2,1,12.609318171033578,40.69552585618978
C2,1,12.612095948811355,40.652748078412
C2,1,12.618915352238472,41.0414540737577
C2,1,12.657804241127362,40.80256518486881
C2,1,12.697986524838424,40.563676295979924
C2,1,12.700764302616202,40.520898518202145
C2,1,12.701442521811085,40.55752235472587
C2,1,12.74588696625553,40.23307791028142
C2,1,12.78199807736664,40.03696679917031
C2,1,12.839196988386608,39.79807791028142
C2,1,12.883884349534416,39.473633465836976
C2,1,12.886662127312192,39.4308556880592
C2,1,12.90332879397886,40.3808556880592
C2,1,12.906106571756638,40.33807791028142
C2,1,12.91944502981953,41.098370019866316
C2,1,12.922222807597308,41.05559224208854
C2,1,12.922222807597308,41.05559224208854
C2,1,12.925000585375086,41.01281446431075
C2,1,12.940671443822657,41.86941227907192
C2,1,12.943449221600433,41.826634501294144
C2,1,12.947553647142946,42.0232711845262
C2,1,12.950331424920725,41.98049340674842
C2,1,12.955465885881623,42.226477494674484
C2,1,12.991576996992734,42.030366383563376
C2,1,13.000913542382271,41.98758860578559
C2,1,13.001596396812046,42.02446274499342
C2,1,13.004374174589824,41.98168496721564
C2,1,13.02104084125649,42.88168496721564
C2,1,13.023818619034268,42.83890718943786
C2,1,13.023818619034268,42.83890718943786
C2,1,13.026596396812046,42.79612941166008
C2,1,13.028750194573771,42.88849274989118
C2,1,13.03152797235155,42.8457149721134
C2,1,13.046339415794563,43.480888053230125
C2,1,13.049117193572341,43.43811027545234
C2,1,13.058076078422687,43.927819324333036
C2,1,13.060853856200465,43.88504154655526
C2,1,13.062152876846085,43.955188661418724
C2,1,13.10659732129053,43.63074421697428
C2,1,13.166541040167692,43.39185532808539
C2,1,13.213763262389914,43.02463310586317
C2,1,13.249874373501024,42.82852199475206
C2,1,13.293330624883398,42.546855328085385
C2,1,13.334730698021065,42.35074421697427
C2,1,13.381952920243288,41.983521994752046
C2,1,13.384730698021064,41.94074421697427
C2,1,13.384730698021064,41.94074421697427
C2,1,13.429175142465509,41.61629977252982
C2,1,13.431952920243287,41.57352199475204
C2,1,13.448619586909954,42.371996231870604
C2,1,13.45139736468773,42.32921845409282
C2,1,13.45139736468773,42.32921845409282
C2,1,13.454175142465509,42.28644067631504
C2,1,13.454175142465509,42.28644067631504
C2,1,13.498619586909953,41.96199623187059
C2,1,13.537508475798843,41.723107342981706
C2,1,13.540286253576621,41.68032956520393
C2,1,13.556952920243287,42.580329565203925
C2,1,13.559730698021065,42.537551787426146
C2,1,13.57639736468773,43.43755178742615
C2,1,13.579175142465509,43.394774009648366
C2,1,13.579175142465509,43.394774009648366
C2,1,13.581952920243287,43.35199623187059
C2,1,13.598619586909955,44.251996231870585
C2,1,13.601397364687731,44.209218454092806
C2,1,13.611639618345285,44.762300151600684
C2,1,13.614417396123063,44.719522373822905
C2,1,13.61993675786703,45.02122079223297
C2,1,13.622714535644809,44.97844301445519
C2,1,13.639381202311476,45.82441600094844
C2,1,13.642158980089253,45.78163822317066
C2,1,13.642158980089253,45.78163822317066
C2,1,13.686603424533699,45.457193778726214
C2,1,13.735240902555963,45.08997155650399
C2,1,13.782474343687808,44.808304889837316
C2,1,13.88135298195295,44.44108266761509
C2,1,13.935905476940494,44.07386044539287
C2,1,14.062897164733066,43.74941600094843
C2,1,14.105636339222098,43.553304889837314
C2,1,14.1585491720952,43.27163822317065
C2,1,14.219710852415725,43.07552711205953
C2,1,14.27008533692903,43.03274933428175
C2,1,14.278029450494213,43.413339535394286
C2,1,14.28080722827199,43.37056175761651
C2,1,14.297473894938657,44.28159227287413
C2,1,14.300251672716435,44.23881449509635
C2,1,14.300251672716435,44.23881449509635
C2,1,14.303029450494211,44.19603671731857
C2,1,14.306009753377175,44.358945529584005
C2,1,14.308787531154953,44.316167751806226
C2,1,14.32254040879231,45.05882314422344
C2,1,14.325318186570087,45.01604536644566
C2,1,14.331284111623749,45.30186361380135
C2,1,14.334061889401525,45.25908583602357
C2,1,14.345388957970968,45.68639227318726
C2,1,14.348166735748746,45.64361449540948
C2,1,14.357375488885276,46.14088716478209
C2,1,14.360153266663053,46.098109387004314
C2,1,14.365741005757293,46.40354543657336
C2,1,14.368518783535071,46.36076765879558
C2,1,14.373635023874334,46.63704463711575
C2,1,14.409746134985445,46.440933526004635
C2,1,14.473685325648612,46.20204463711575
C2,1,14.555414550429585,45.96315574822686
C2,1,14.558192328207364,45.92037797044908
C2,1,14.57485899487403,46.766350956942325
C2,1,14.577636772651807,46.723573179164546
C2,1,14.580830721481215,46.8856928449598
C2,1,14.583608499258993,46.84291506718202
C2,1,14.584750247699933,46.89187774106876
C2,1,14.587528025477711,46.84909996329098
C2,1,14.604194692144379,47.74909996329098
C2,1,14.606972469922155,47.7063221855132
C2,1,14.60815950783403,47.770422232754356
C2,1,14.610937285611808,47.72764445497658
C2,1,14.612763875709078,47.81515356304333
C2,1,14.615541653486854,47.77237578526555
C2,1,14.615541653486854,47.77237578526555
C2,1,14.654430542375744,47.533486896376665
C2,1,14.70136571930797,47.29459800748778
C2,1,14.780064066416825,46.92737578526555
C2,1,14.823671392327702,46.688486896376666
C2,1,14.876685439237725,46.36404245193222
C2,1,14.92173257439593,46.167931340821106
C2,1,14.99982216301789,45.97182022970999
C2,1,15.002599940795669,45.92904245193221
C2,1,15.019266607462335,46.77501543842546
C2,1,15.022044385240113,46.73223766064768
C2,1,15.025733729058963,46.91950277316565
C2,1,15.02851150683674,46.87672499538786
C2,1,15.033804831276164,47.16256451511677
C2,1,15.036582609053943,47.11978673733899
C2,1,15.037597255475685,47.14561301643248
C2,1,15.040375033253463,47.10283523865469
C2,1,15.05576593043459,47.93394368643563
C2,1,15.058543708212369,47.891165908657854
C2,1,15.058543708212369,47.891165908657854
C2,1,15.09465481932348,47.69505479754674
C2,1,15.151466483721642,47.327832575324514
C2,1,15.187577594832753,47.1317214642134
C2,1,15.234687123438611,46.807277019768954
C2,1,15.300222166595379,46.52561035310229
C2,1,15.33633327770649,46.32949924199117
C2,1,15.429169321260611,46.00505479754673
C2,1,15.531379619419099,45.76616590865784
C2,1,15.575824063863543,45.441721464213394
C2,1,15.578601841641321,45.398943686435615
C2,1,15.578601841641321,45.398943686435615
C2,1,15.625824063863544,45.03172146421339
C2,1,15.664393349932942,44.835610353102275
C2,1,15.731614547133438,44.46838813088006
C2,1,15.794448688982321,44.14394368643561
C2,1,15.870503753622646,43.86227701976894
C2,1,15.909392642511534,43.62338813088005
C2,1,15.912170420289312,43.58061035310227
C2,1,15.912170420289312,43.58061035310227
C2,1,15.959392642511535,43.21338813088005
C2,1,16.01869568763768,42.8889436864356
C2,1,16.092698782084188,42.52172146421338
C2,1,16.137143226528632,42.19727701976893
C2,1,16.184365448750853,41.83005479754671
C2,1,16.22603211541752,41.54838813088004
C2,1,16.27325433763974,41.18116590865782
C2,1,16.31715892029777,40.9850547975467
C2,1,16.374282356021578,40.61783257532448
C2,1,16.462667853146858,40.42172146421337
C2,1,16.53457671417276,40.097277019768924
C2,1,16.594622045928887,39.7300547975467
C2,1,16.645867499711095,39.49116590865781
C2,1,16.681978610822206,39.2950547975467
C2,1,16.740580060797235,38.92783257532447
C2,1,16.79168651724201,38.73172146421336
C2,1,16.842456566242802,38.49283257532447
C2,1,16.887107044652353,38.25394368643558
C2,1,16.962789892612506,37.92949924199114
C2,1,16.965567670390286,37.88672146421336
C2,1,16.97978219194812,38.6543056283365
C2,1,16.982559969725898,38.61152785055872
C2,1,16.999226636392564,39.51152785055873
C2,1,17.002004414170344,39.46875007278094
C2,1,17.01867108083701,40.36875007278095
C2,1,17.021448858614786,40.32597229500317
C2,1,17.037303747253592,41.18213628149854
C2,1,17.04008152503137,41.139358503720764
C2,1,17.04156037272326,41.22019502620476
C2,1,17.04433815050104,41.177417248426984
C2,1,17.061004817167706,42.12741724842699
C2,1,17.063782594945483,42.08463947064921
C2,1,17.07205587582761,42.55621648093022
C2,1,17.074833653605385,42.51343870315243
C2,1,17.082746222559155,42.940717426655986
C2,1,17.08552400033693,42.8979396488782
C2,1,17.08552400033693,42.8979396488782
C2,1,17.08830177811471,42.85516187110042
C2,1,17.093626878254025,43.12545532319436
C2,1,17.096404656031805,43.08267754541657
C2,1,17.099894661142606,43.27113782139999
C2,1,17.14433910558705,42.946693376955544
C2,1,17.193172992147147,42.57947115473332
C2,1,17.23885968101135,42.25502671028888
C2,1,17.277748569900236,42.016137821399994
C2,1,17.333964008371193,41.64891559917777
C2,1,17.33674178614897,41.60613782139998
C2,1,17.353408452815636,42.320870187583076
C2,1,17.356186230593416,42.278092409805296
C2,1,17.357721893723532,42.343947698364325
C2,1,17.360499671501312,42.301169920586545
C2,1,17.377166338167978,43.01590228676964
C2,1,17.379944115945754,42.97312450899186
C2,1,17.391467544430967,43.46729454745848
C2,1,17.394245322208747,43.4245167696807
C2,1,17.40197654216831,43.62130319708065
C2,1,17.404754319946086,43.57852541930287
C2,1,17.404754319946086,43.57852541930287
C2,1,17.407532097723863,43.53574764152509
C2,1,17.412492204138793,43.81847370717612
C2,1,17.415269981916573,43.77569592939834
C2,1,17.428120975428417,44.46964957903793
C2,1,17.467009864317305,44.23076069014904
C2,1,17.583606600850658,43.863538467926816
C2,1,17.586384378628434,43.82076069014904
C2,1,17.598617152124962,44.34535023891825
C2,1,17.60139492990274,44.30257246114047
C2,1,17.618061596569405,45.20257246114047
C2,1,17.620839374347185,45.15979468336269
C2,1,17.63750604101385,46.05979468336269
C2,1,17.640283818791627,46.01701690558491
C2,1,17.656950485458292,46.917016905584916
C2,1,17.659728263236072,46.87423912780713
C2,1,17.673398269635296,47.61241947336527
C2,1,17.676176047413076,47.56964169558749
C2,1,17.688030825059247,48.245364021419256
C2,1,17.690808602837023,48.20258624364148
C2,1,17.70109803350661,48.724861067213354
C2,1,17.703875811284387,48.682083289435575
C2,1,17.720542477951053,49.58208328943557
C2,1,17.723320255728833,49.539305511657794
C2,1,17.723724064255777,49.561111172112824
C2,1,17.726501842033553,49.51833339433504
C2,1,17.730493553107515,49.73388579232882
C2,1,17.73327133088529,49.69110801455104
C2,1,17.73452979218065,49.73858266424805
C2,1,17.73730756995843,49.69580488647027
C2,1,17.73730756995843,49.69580488647027
C2,1,17.78452979218065,49.328582664248046
C2,1,17.829981231311592,49.13247155313693
C2,1,17.895565123516253,48.765249330914706
C2,1,17.942787345738477,48.39802710869248
C2,1,17.98723179018292,48.073582664248036
C2,1,18.027191945772614,47.83469377535915
C2,1,18.063303056883726,47.638582664248034
C2,1,18.10987337897228,47.35691599758137
C2,1,18.112651156750058,47.31413821980359
C2,1,18.112651156750058,47.31413821980359
C2,1,18.154317823416726,47.032471553136915
C2,1,18.192025498152013,46.83636044202581
C2,1,18.236469942596457,46.51191599758136
C2,1,18.28369216481868,46.14469377535914
C2,1,18.319803275929793,45.94858266424802
C2,1,18.35869216481868,45.709693775359135
C2,1,18.394803275929792,45.51358266424802
C2,1,18.436469942596457,45.23191599758135
C2,1,18.523371386360235,44.86469377535913
C2,1,18.56409215783084,44.668582664248014
C2,1,18.632030744035294,44.30136044202579
C2,1,18.768636831295815,44.0624715531369
C2,1,18.869769856367608,43.69524933091468
C2,1,18.97513784497308,43.413582664248004
C2,1,19.0248890329881,43.089138219803566
C2,1,19.095397282874348,42.80747155313689
C2,1,19.131801712206894,42.611360442025784
C2,1,19.134579489984674,42.568582664248
C2,1,19.15124615665134,43.468582664248004
C2,1,19.154023934429116,43.42580488647022
C2,1,19.15555925849881,43.508712386233604
C2,1,19.15833703627659,43.465934608455825
C2,1,19.16983692997613,43.89976076342143
C2,1,19.172614707753908,43.85698298564365
C2,1,19.189281374420574,44.57171535182674
C2,1,19.192059152198354,44.52893757404896
C2,1,19.20872581886502,45.24366994023205
C2,1,19.211503596642796,45.200892162454274
C2,1,19.218402909380654,45.496761889544246
C2,1,19.221180687158434,45.45398411176647
C2,1,19.227654409967023,45.764130164620866
C2,1,19.2304321877448,45.72135238684309
C2,1,19.2304321877448,45.72135238684309
C2,1,19.23320996552258,45.6785746090653
C2,1,19.233371829370906,45.68731525687491
C2,1,19.236149607148683,45.64453747909713
C2,1,19.25281627381535,46.490510465590376
C2,1,19.25559405159313,46.4477326878126
C2,1,19.266258533892177,46.989044524208545
C2,1,19.269036311669957,46.946266746430766
C2,1,19.272312389115108,47.069854678505
C2,1,19.275090166892888,47.027076900727224
C2,1,19.28446410705557,47.50288291000527
C2,1,19.287241884833346,47.46010513222749
C2,1,19.303908551500015,48.174837498410575
C2,1,19.30668632927779,48.132059720632796
C2,1,19.323352995944457,48.84679208681589
C2,1,19.326130773722237,48.80401430903811
C2,1,19.34261320846913,49.51084608426437
C2,1,19.345390986246905,49.46806830648659
C2,1,19.347159558402385,49.563571202882514
C2,1,19.349937336180165,49.52079342510473
C2,1,19.35886437945032,50.029634891503605
C2,1,19.361642157228097,49.986857113725826
C2,1,19.368052362397243,50.33300819285975
C2,1,19.37083014017502,50.29023041508197
C2,1,19.374247057501233,50.43676129941893
C2,1,19.421469279723457,50.06953907719671
C2,1,19.462317578539537,49.83065018830782
C2,1,19.522784513022508,49.4634279660856
C2,1,19.567228957466952,49.13898352164116
C2,1,19.570006735244732,49.09620574386337
C2,1,19.58160361064044,49.722437015231534
C2,1,19.584381388418215,49.679659237453755
C2,1,19.588110994646044,49.8689680045938
C2,1,19.63533321686827,49.50174578237158
C2,1,19.638110994646045,49.4589680045938
C2,1,19.646082253364465,49.66186425295867
C2,1,19.648860031142245,49.61908647518089
C2,1,19.66552669780891,50.04331108748704
C2,1,19.66830447558669,50.00053330970926
C2,1,19.681169611876005,50.32799575698533
C2,1,19.683947389653785,50.28521797920755
C2,1,19.689319815777726,50.578884627600175
C2,1,19.692097593555502,50.536106849822396
C2,1,19.69362596582779,50.57500923790265
C2,1,19.69640374360557,50.53223146012486
C2,1,19.696533430741475,50.538444570339294
C2,1,19.69931120851925,50.49566679256151
C2,1,19.69931120851925,50.49566679256151
C2,1,19.746533430741476,50.12844457033929
C2,1,19.81285910932813,49.761222348117066
C2,1,19.854525775994794,49.4795556814504
C2,1,19.920659533455925,49.24066679256151
C2,1,19.923437311233705,49.19788901478373
C2,1,19.93345153397249,49.706194729848164
C2,1,19.936229311750267,49.663416952070385
C2,1,19.952895978416937,50.37814931825347
C2,1,19.955673756194713,50.33537154047569
C2,1,19.96590049514019,50.77393441996597
C2,1,19.96867827291797,50.73115664218819
C2,1,19.985344939584635,51.64218715744582
C2,1,19.988122717362412,51.59940937966804
C2,1,19.994996024369993,51.97511692514632
C2,1,19.99777380214777,51.93233914736853
C2,1,19.99777380214777,51.93233914736853
C2,1,20.000551579925546,51.88956136959075
C2,1,20.0137478416587,52.45546909198925
C2,1,20.01652561943648,52.41269131421147
C2,1,20.017828163075162,52.4869363016164
C2,1,20.02060594085294,52.444158523838624
C2,1,20.02060594085294,52.444158523838624
C2,1,20.059494829741826,52.20526963494974
C2,1,20.062272607519606,52.16249185717196
C2,1,20.073989604666497,52.79520970310416
C2,1,20.076767382444277,52.752431925326384
C2,1,20.076881525033826,52.758671168256654
C2,1,20.118548191700494,52.47700450158999
C2,1,20.16366002226263,52.28089339047888
C2,1,20.31329131568118,52.08478227936777
C2,1,20.354957982347845,51.8031156127011
C2,1,20.39992606280896,51.47867116825665
C2,1,20.44714828503118,51.11144894603443
C2,1,20.490339945040613,50.82978227936776
C2,1,20.59184472697893,50.462560057145545
C2,1,20.709224018689998,50.13811561270109
C2,1,20.75644624091222,49.77089339047887
C2,1,20.800890685356663,49.44644894603443
C2,1,20.84255735202333,49.164782279367756
C2,1,20.878668463134442,48.96867116825664
C2,1,20.88144624091222,48.92589339047886
C2,1,20.898112907578888,49.640625756661954
C2,1,20.900890685356664,49.597847978884175
C2,1,20.900890685356664,49.597847978884175
C2,1,20.90366846313444,49.555070201106396
C2,1,20.92033512980111,50.45507020110639
C2,1,20.923112907578886,50.41229242332861
C2,1,20.925577979954337,50.54540633160285
C2,1,20.928355757732113,50.50262855382507
C2,1,20.94502242439878,51.4136590690827
C2,1,20.94780020217656,51.37088129130491
C2,1,20.94968608277223,51.473966977552465
C2,1,20.95246386055001,51.431189199774686
C2,1,20.960006831626742,51.7157429725948
C2,1,20.96278460940452,51.672965194817024
C2,1,20.965193848537428,51.80306410799401
C2,1,20.967971626315205,51.76028633021623
C2,1,20.981024328277282,52.47377091785723
C2,1,20.983802106055062,52.43099314007945
C2,1,20.9841739529483,52.44986748568685
C2,1,21.02028506405941,52.253756374575744
C2,1,21.069130142336462,51.92931193013129
C2,1,21.139592747646734,51.647645263464625
C2,1,21.196722298576,51.36597859679796
C2,1,21.39264087681202,50.998756374575734
C2,1,21.50560278457109,50.802645263464626
C2,1,21.553714675194694,50.43542304124241
C2,1,21.62566836610061,50.06820081902019
C2,1,21.678625044424987,49.829311930131304
C2,1,21.730908858033153,49.54764526346464
C2,1,21.76979774692204,49.308756374575744
C2,1,21.817019969144265,48.94153415235352
C2,1,21.864242191366486,48.574311930131294
C2,1,21.920024453641254,48.33542304124241
C2,1,21.96724667586348,47.96820081902018
C2,1,22.02158395217374,47.686534152353516
C2,1,22.119794316292488,47.31931193013129
C2,1,22.171152059578283,47.12320081902018
C2,1,22.219470304736827,46.79875637457573
C2,1,22.297738033959384,46.47431193013129
C2,1,22.34028586978139,46.2354230412424
C2,1,22.393946217065213,46.03931193013129
C2,1,22.46831761302732,45.672089707909066
C2,1,22.510668092642785,45.47597859679795
C2,1,22.55511253708723,45.151534152353506
C2,1,22.600865404200025,44.91264526346462
C2,1,22.657847299157705,44.7165341523535
C2,1,22.66062507693548,44.673756374575724
C2,1,22.66754505935982,45.04743542548994
C2,1,22.670322837137597,45.00465764771216
C2,1,22.686989503804263,45.71939001389525
C2,1,22.689767281582043,45.67661223611747
C2,1,22.70381262157404,46.27893178129715
C2,1,22.70659039935182,46.236154003519374
C2,1,22.723257066018487,47.18615400351938
C2,1,22.726034843796263,47.1433762257416
C2,1,22.726034843796263,47.1433762257416
C2,1,22.728812621574043,47.10059844796382
C2,1,22.745204547457597,47.9966111289893
C2,1,22.747982325235373,47.95383335121152
C2,1,22.759833915025204,48.62937396923192
C2,1,22.76261169280298,48.58659619145414
C2,1,22.76590422598533,48.76439298330099
C2,1,22.768682003763107,48.721615205523214
C2,1,22.769897331175258,48.790888868015735
C2,1,22.772675108953035,48.748111090237956
C2,1,22.789341775619704,49.648111090237954
C2,1,22.79211955339748,49.605333312460175
C2,1,22.796847488312565,49.86064179787467
C2,1,22.79962526609034,49.81786402009689
C2,1,22.80711389568562,50.22720622482246
C2,1,22.809891673463397,50.18442844704468
C2,1,22.813242245251814,50.365359323619174
C2,1,22.81602002302959,50.322581545841395
C2,1,22.81948584481764,50.50973592239586
C2,1,22.822263622595415,50.466958144618076
C2,1,22.827647047024843,50.67004439756834
C2,1,22.86653593591373,50.431155508679446
C2,1,22.869313713691508,50.38837773090167
C2,1,22.872385772161255,50.55426888826795
C2,1,22.9168302166057,50.2298244438235
C2,1,22.958584641302572,50.033713332712395
C2,1,23.016613354587353,49.75204666604572
C2,1,23.12394048762237,49.470379999379055
C2,1,23.168384932066814,49.14593555493461
C2,1,23.24835814218369,48.864268888267944
C2,1,23.30588029387456,48.58260222160127
C2,1,23.358445195095697,48.34371333271238
C2,1,23.467779080545988,48.06204666604572
C2,1,23.509445747212656,47.78037999937904
C2,1,23.592620703925387,47.49871333271238
C2,1,23.688298193562016,47.21704666604571
C2,1,23.738767095860748,46.892602221601265
C2,1,23.791256297671506,46.69649111049015
C2,1,23.83266382659701,46.500379999379035
C2,1,23.835441604374786,46.457602221601256
C2,1,23.852108271041455,47.357602221601255
C2,1,23.854886048819232,47.314824443823476
C2,1,23.854886048819232,47.314824443823476
C2,1,23.85766382659701,47.272046666045696
C2,1,23.85766382659701,47.272046666045696
C2,1,23.89377493770812,47.07593555493458
C2,1,23.950223890853568,46.794268888267915
C2,1,23.99744611307579,46.42704666604569
C2,1,24.04466833529801,46.059824443823466
C2,1,24.100276334822254,45.69260222160124
C2,1,24.160153181082794,45.410935554934575
C2,1,24.201819847749462,45.1292688882679
C2,1,24.262747634208203,44.76204666604568
C2,1,24.265525411985983,44.7192688882679
C2,1,24.2702489461516,44.977465914152255
C2,1,24.311915612818265,44.69579924748558
C2,1,24.405917580069175,44.32857702526336
C2,1,24.408695357846955,44.28579924748558
C2,1,24.409476728588864,44.31930750503945
C2,1,24.412254506366644,44.27652972726167
C2,1,24.417695555133005,44.552708543733736
C2,1,24.45936222179967,44.27104187706707
C2,1,24.506584444021893,43.903819654844845
C2,1,24.56444661197888,43.66493076595596
C2,1,24.60055772308999,43.46881965484484
C2,1,24.63944661197888,43.229930765955956
C2,1,24.683891056423324,42.90548632151151
C2,1,24.748067971566226,42.623819654844844
C2,1,24.759998933121945,42.58104187706706
C2,1,24.77666559978861,43.37951611418562
C2,1,24.77944337756639,43.33673833640784
C2,1,24.782032959760503,43.46080121642195
C2,1,24.784810737538283,43.41802343864416
C2,1,24.80147740420495,44.32905395390179
C2,1,24.804255181982725,44.28627617612401
C2,1,24.820921848649395,45.19730669138164
C2,1,24.82369962642717,45.15452891360386
C2,1,24.82369962642717,45.15452891360386
C2,1,24.826477404204947,45.111751135826076
C2,1,24.83120797092034,45.381393438603354
C2,1,24.83398574869812,45.33861566082557
C2,1,24.835547712570172,45.40559882887549
C2,1,24.83832549034795,45.36282105109771
C2,1,24.844818064857915,45.673870259824604
C2,1,24.847595842635695,45.631092482046824
C2,1,24.8541910861447,45.947060403814625
C2,1,24.89030219725581,45.75094929270351
C2,1,24.942654238108304,45.38372707048129
C2,1,24.94543201588608,45.340949292703506
C2,1,24.95139867885556,45.626802892465484
C2,1,24.998620901077782,45.25958067024326
C2,1,25.086901327769446,44.892358448021035
C2,1,25.15684837023269,44.52513622579881
C2,1,25.204445684423813,44.28624733690992
C2,1,25.26491623772596,44.047358448021036
C2,1,25.311522714937887,43.76569178135436
C2,1,25.314300492715667,43.722914003576584
C2,1,25.330967159382332,44.62291400357658
C2,1,25.33374493716011,44.5801362257988
C2,1,25.350411603826778,45.48013622579881
C2,1,25.353189381604555,45.43735844802102
C2,1,25.36985604827122,46.33735844802103
C2,1,25.372633826049,46.29458067024325
C2,1,25.386965969983084,47.06851644268377
C2,1,25.38974374776086,47.025738664905994
C2,1,25.406410414427526,47.92573866490599
C2,1,25.409188192205306,47.88296088712821
C2,1,25.410430433619485,47.95004192349392
C2,1,25.41320821139726,47.90726414571614
C2,1,25.41772754806169,48.13665834981463
C2,1,25.420505325839468,48.09388057203685
C2,1,25.435258640598185,48.890559569007586
C2,1,25.43803641837596,48.84778179122981
C2,1,25.43803641837596,48.84778179122981
C2,1,25.44081419615374,48.80500401345203
C2,1,25.44081419615374,48.80500401345203
C2,1,25.476925307264853,48.60889290234091
C2,1,25.536608572372252,48.28444845789647
C2,1,25.578275239038916,48.0027817912298
C2,1,25.617164127927808,47.76389290234091
C2,1,25.656053016816696,47.52500401345202
C2,1,25.692164127927807,47.32889290234091
C2,1,25.694941905705583,47.286115124563125
C2,1,25.694941905705583,47.286115124563125
C2,1,25.697719683483363,47.243337346785346
C2,1,25.702852843548605,47.52052799030841
C2,1,25.741741732437493,47.28163910141952
C2,1,25.821387217399682,46.9144168791973
C2,1,25.868948503200336,46.71830576808618
C2,1,25.871726280978113,46.6755279903084
C2,1,25.876484000062753,46.93559362645623
C2,1,25.879261777840533,46.89281584867845
C2,1,25.8959284445072,47.79281584867846
C2,1,25.898706222284975,47.75003807090067
C2,1,25.899924807226004,47.8158416577162
C2,1,25.90270258500378,47.77306387993842
C2,1,25.903302589923857,47.807264160382765
C2,1,25.906080367701637,47.764486382604986
C2,1,25.922747034368303,48.71448638260499
C2,1,25.92552481214608,48.67170860482721
C2,1,25.942191478812745,49.621708604827205
C2,1,25.944969256590525,49.578930827049426
C2,1,25.946665456276662,49.67561420915925
C2,1,25.94944323405444,49.63283643138146
C2,1,25.966109900721108,50.53283643138147
C2,1,25.968887678498884,50.49005865360369
C2,1,25.968887678498884,50.49005865360369
C2,1,25.97166545627666,50.4472808758259
C2,1,25.987016747340835,51.322304466483715
C2,1,25.98979452511861,51.279526688705936
C2,1,26.001876464059652,51.96819720834534
C2,1,26.004654241837432,51.92541943056755
C2,1,26.006025835014626,52.00360024166757
C2,1,26.008803612792402,51.96082246388979
C2,1,26.008803612792402,51.96082246388979
C2,1,26.056025835014626,51.59360024166757
C2,1,26.105338717155945,51.397489130556465
C2,1,26.10811649493372,51.35471135277868
C2,1,26.12310559458213,52.1155337564433
C2,1,26.12588337235991,52.07275597866552
C2,1,26.142550039026577,52.98378649392315
C2,1,26.145327816804354,52.94100871614537
C2,1,26.1510452743696,53.253535414843064
C2,1,26.153823052147377,53.210757637065285
C2,1,26.16195251782918,53.64974878388279
C2,1,26.16473029560696,53.606971006105006
C2,1,26.164922912437138,53.61619898069689
C2,1,26.167700690214915,53.573421202919114
C2,1,26.174251857556456,53.94683774138686
C2,1,26.177029635334232,53.90405996360907
C2,1,26.17824048701893,53.97024733366164
C2,1,26.222684931463373,53.64580288921719
C2,1,26.268699570638322,53.4069140003283
C2,1,26.281493854755524,53.36413622255052
C2,1,26.29816052142219,54.26413622255052
C2,1,26.300938299199967,54.22135844477274
C2,1,26.317604965866636,55.12135844477274
C2,1,26.320382743644412,55.07858066699496
C2,1,26.337049410311078,55.97858066699496
C2,1,26.339827188088858,55.93580288921718
C2,1,26.343126498977202,56.113965677187764
C2,1,26.34590427675498,56.07118789940998
C2,1,26.34590427675498,56.07118789940998
C2,1,26.348682054532755,56.0284101216322
C2,1,26.348682054532755,56.0284101216322
C2,1,26.351459832310535,55.98563234385442
C2,1,26.3681264989772,56.83160533034767
C2,1,26.370904276754978,56.788827552569884
C2,1,26.387570943421647,57.634800539063136
C2,1,26.390348721199423,57.59202276128536
C2,1,26.390348721199423,57.59202276128536
C2,1,26.3931264989772,57.54924498350758
C2,1,26.3931264989772,57.54924498350758
C2,1,26.39590427675498,57.50646720572979
C2,1,26.401940873926783,57.8324434530073
C2,1,26.404718651704563,57.789665675229514
C2,1,26.41067154338474,58.09182480840668
C2,1,26.41344932116252,58.0490470306289
C2,1,26.421469676795144,58.4821462347906
C2,1,26.460358565684032,58.24325734590171
C2,1,26.577013001679912,58.0471462347906
C2,1,26.682666275315803,57.72270179034615
C2,1,26.718777386426915,57.52659067923504
C2,1,26.754888497538026,57.330479568123934
C2,1,26.757666275315803,57.287701790346155
C2,1,26.761661578283327,57.49049689334903
C2,1,26.79777268939444,57.294385782237924
C2,1,26.842217133838883,56.96994133779347
C2,1,26.886661578283327,56.645496893349026
C2,1,26.929406639007603,56.36383022668235
C2,1,26.97107330567427,56.08216356001569
C2,1,27.05459282980153,55.8432746711268
C2,1,27.111102871315914,55.51883022668235
C2,1,27.11388064909369,55.47605244890457
C2,1,27.12015097269528,55.81879981739989
C2,1,27.122928750473058,55.776022039622106
C2,1,27.122928750473058,55.776022039622106
C2,1,27.164595417139726,55.49435537295544
C2,1,27.25539879497322,55.29824426184433
C2,1,27.29428768386211,55.059355372955444
C2,1,27.348833912795914,54.82046648406656
C2,1,27.41417713621773,54.496022039622105
C2,1,27.51541312232673,54.25713315073322
C2,1,27.60805376847948,53.932688706288765
C2,1,27.660605077335298,53.56546648406655
C2,1,27.722127532292607,53.36935537295544
C2,1,27.827073741511686,53.13046648406655
C2,1,27.865962630400578,52.891577595177665
C2,1,27.907629297067242,52.60991092851099
C2,1,27.994540318369054,52.413799817399884
C2,1,28.06111128170792,52.046577595177666
C2,1,28.109539624461487,51.85046648406656
C2,1,28.182264445466814,51.61157759517767
C2,1,28.22393111213348,51.329910928511005
C2,1,28.275581259999257,50.96268870628878
C2,1,28.37713263270376,50.681022039622114
C2,1,28.42744122796627,50.44213315073323
C2,1,28.53051099224649,50.16046648406656
C2,1,28.579986296594473,49.921577595177666
C2,1,28.624430741038918,49.59713315073323
C2,1,28.627208518816698,49.55435537295544
C2,1,28.628986893417544,49.650387601401206
C2,1,28.673431337861988,49.32594315695676
C2,1,28.72784603758666,48.95872093473454
C2,1,28.772290482031103,48.6342764902901
C2,1,28.85975360521535,48.30983204584565
C2,1,28.917128554174276,47.98538760140121
C2,1,28.976207305616345,47.61816537917898
C2,1,29.015096194505233,47.379276490290096
C2,1,29.062318416727454,47.01205426806787
C2,1,29.065096194505234,46.96927649029009
C2,1,29.0817628611719,47.88030700554772
C2,1,29.084540638949676,47.837529227769934
C2,1,29.100306932841036,48.69934371862289
C2,1,29.103084710618816,48.65656594084511
C2,1,29.10758350618949,48.899500901661455
C2,1,29.110361283967265,48.856723123883675
C2,1,29.12198371524729,49.48433441300495
C2,1,29.124761493025066,49.441556635227165
C2,1,29.139886482000374,50.303681006819644
C2,1,29.14266425977815,50.260903229041865
C2,1,29.15772833124818,51.07436308842348
C2,1,29.16050610902596,51.0315853106457
C2,1,29.17074701604691,51.584594289776966
C2,1,29.173524793824686,51.54181651199919
C2,1,29.173655515234646,51.548875468136956
C2,1,29.176433293012423,51.50609769035918
C2,1,29.189705424356152,52.22279278292052
C2,1,29.19248320213393,52.18001500514274
C2,1,29.209149868800594,53.13001500514274
C2,1,29.211927646578374,53.08723722736496
C2,1,29.21550606735578,53.29120721167699
C2,1,29.218283845133556,53.24842943389921
C2,1,29.23495051180022,54.19842943389921
C2,1,29.237728289578,54.15565165612143
C2,1,29.24379432220201,54.50141551569006
C2,1,29.24657209997979,54.458637737912284
C2,1,29.257749254942606,55.069601492605635
C2,1,29.260527032720383,55.026823714827856
C2,1,29.277193699387052,55.937854230085485
C2,1,29.27997147716483,55.8950764523077
C2,1,29.27997812907021,55.895440057634794
C2,1,29.282755906847985,55.852662279857014
C2,1,29.294502101168938,56.48695677318849
C2,1,29.297279878946714,56.44417899541071
C2,1,29.29879583946024,56.52704417267558
C2,1,29.30157361723802,56.484266394897794
C2,1,29.302894155457466,56.55557545874793
C2,1,29.35011637767969,56.188353236525714
C2,1,29.402084055297554,55.821131014303496
C2,1,29.482054691669603,55.45390879208127
C2,1,29.554118453224493,55.086686569859054
C2,1,29.63534810256768,54.76224212541461
C2,1,29.638125880345456,54.71946434763682
C2,1,29.641073878936446,54.86909997796855
C2,1,29.643851656714222,54.826322200190766
C2,1,29.660518323380888,55.72632220019077
C2,1,29.663296101158668,55.68354442241299
C2,1,29.67396348164597,56.25958296872744
C2,1,29.67674125942375,56.21680519094966
C2,1,29.67674125942375,56.21680519094966
C2,1,29.679519037201526,56.17402741317188
C2,1,29.679519037201526,56.17402741317188
C2,1,29.682296814979306,56.1312496353941
C2,1,29.698963481645972,57.081249635394094
C2,1,29.70174125942375,57.038471857616315
C2,1,29.717523044437836,57.93803360341923
C2,1,29.720300822215613,57.89525582564144
C2,1,29.73696748888228,58.523995195326286
C2,1,29.73974526666006,58.48121741754851
C2,1,29.756411933326724,59.109956787233344
C2,1,29.7591897111045,59.067179009455565
C2,1,29.764893551545384,59.28235275207056
C2,1,29.76767132932316,59.23957497429277
C2,1,29.778344403048095,59.81592095543922
C2,1,29.781122180825875,59.77314317766144
C2,1,29.78115620194565,59.774980318129266
C2,1,29.783933979723425,59.73220254035149
C2,1,29.800600646390095,60.632202540351486
C2,1,29.80337842416787,60.58942476257371
C2,1,29.80337842416787,60.58942476257371
C2,1,29.806156201945647,60.54664698479593
C2,1,29.82189055667878,60.94714101698896
C2,1,29.824668334456558,60.90436323921118
C2,1,29.824668334456558,60.90436323921118
C2,1,29.827446112234338,60.8615854614334
C2,1,29.833820980812053,61.16699556089276
C2,1,29.83659875858983,61.12421778311498
C2,1,29.83659875858983,61.12421778311498
C2,1,29.878265425256497,60.842551116448305
C2,1,29.881043203034274,60.799773338670526
C2,1,29.89770986970094,61.51450570485362
C2,1,29.90048764747872,61.47172792707584
C2,1,29.91295975316226,62.00658098346472
C2,1,29.915737530940035,61.96380320568694
C2,1,29.9324041976067,62.59254257537178
C2,1,29.93518197538448,62.549764797594
C2,1,29.93518197538448,62.549764797594
C2,1,29.937959753162257,62.506987019816215
C2,1,29.937959753162257,62.506987019816215
C2,1,29.940737530940034,62.464209242038436
C2,1,29.957404197606703,63.31018222853169
C2,1,29.96018197538448,63.26740445075391
C2,1,29.96018197538448,63.26740445075391
C2,1,29.962959753162256,63.22462667297613
C2,1,29.962959753162256,63.22462667297613
C2,1,29.965737530940036,63.18184889519834
C2,1,29.9699645820707,63.41010965625421
C2,1,30.011631248737366,63.12844298958754
C2,1,30.088314614218728,62.846776322920874
C2,1,30.132863549051326,62.5651096562542
C2,1,30.192478525045328,62.19788743403198
C2,1,30.23970074726755,61.830665211809766
C2,1,30.281367413934216,61.5489985451431
C2,1,30.317478525045328,61.35288743403199
C2,1,30.35358963615644,61.156776322920884
C2,1,30.40081185837866,60.78955410069866
C2,1,30.46369062194505,60.42233187847644
C2,1,30.510912844167276,60.055109656254224
C2,1,30.558161077787652,59.77344298958756
C2,1,30.620063428894323,59.57733187847645
C2,1,30.712343686473833,59.38122076736534
C2,1,30.76877871582065,59.14233187847645
C2,1,30.771556493598425,59.09955410069867
C2,1,30.77387928474802,59.22652211776979
C2,1,30.812768173636908,58.987633228880895
C2,1,30.895301789161973,58.74874433999201
C2,1,30.935361305109502,58.50985545110312
C2,1,30.99843024543307,58.18541100665867
C2,1,31.05818212726365,57.903744339992
C2,1,31.060959905041425,57.86096656221422
C2,1,31.077626571708095,58.70693954870747
C2,1,31.08040434948587,58.66416177092969
C2,1,31.097071016152537,59.51013475742294
C2,1,31.099848793930317,59.46735697964516
C2,1,31.112495442145867,60.10928034524752
C2,1,31.115273219923644,60.06650256746974
C2,1,31.13193988659031,60.490727179775895
C2,1,31.13471766436809,60.447949401998116
C2,1,31.136521124473017,60.49385373182751
C2,1,31.139298902250797,60.45107595404973
C2,1,31.155965568917463,61.362106469307356
C2,1,31.15874334669524,61.31932869152957
C2,1,31.15874334669524,61.31932869152957
C2,1,31.16152112447302,61.27655091375179
C2,1,31.162907560585417,61.35233605010283
C2,1,31.165685338363193,61.30955827232505
C2,1,31.16776200712253,61.42792839160719
C2,1,31.17053978490031,61.38515061382941
C2,1,31.17511531142687,61.58136722788132
C2,1,31.17789308920465,61.538589450103544
C2,1,31.194559755871317,62.43858945010354
C2,1,31.197337533649094,62.39581167232576
C2,1,31.19965749297269,62.5210894758
C2,1,31.20243527075047,62.47831169802222
C2,1,31.20243527075047,62.47831169802222
C2,1,31.205213048528247,62.43553392024444
C2,1,31.21413540290659,62.86299012657729
C2,1,31.216913180684365,62.82021234879951
C2,1,31.216913180684365,62.82021234879951
C2,1,31.261357625128813,62.49576790435506
C2,1,31.3063570040349,62.25687901546617
C2,1,31.348023670701565,61.9752123487995
C2,1,31.412366254928273,61.65076790435505
C2,1,31.45681069937272,61.326323459910604
C2,1,31.498477366039385,61.04465679324393
C2,1,31.54292181048383,60.720212348799485
C2,1,31.590144032706053,60.35299012657727
C2,1,31.631810699372718,60.071323459910595
C2,1,31.679032921594942,59.70410123768838
C2,1,31.72944705308303,59.33687901546616
C2,1,31.76978102452233,59.09799012657727
C2,1,31.77255880230011,59.05521234879949
C2,1,31.780086701307187,59.24682355106492
C2,1,31.827308923529408,58.8796013288427
C2,1,31.902920442315818,58.512379106620486
C2,1,31.905698220093594,58.4696013288427
C2,1,31.905698220093594,58.4696013288427
C2,1,31.952920442315815,58.10237910662048
C2,1,31.955698220093595,58.0596013288427
C2,1,31.955698220093595,58.0596013288427
C2,1,31.99736488676026,57.77793466217604
C2,1,32.074609290127654,57.41071243995381
C2,1,32.113498179016545,57.171823551064925
C2,1,32.16655812902944,56.89015688439826
C2,1,32.21799747366611,56.565712439953806
C2,1,32.262441918110554,56.24126799550936
C2,1,32.305088737500206,55.95960132884269
C2,1,32.30786651527798,55.91682355106491
C2,1,32.324533181944645,56.866823551064904
C2,1,32.327310959722425,56.824045773287125
C2,1,32.33884420098891,57.48144052547668
C2,1,32.34162197876669,57.4386627476989
C2,1,32.358288645433355,58.3386627476989
C2,1,32.36106642321113,58.29588496992112
C2,1,32.3777330898778,59.19588496992112
C2,1,32.38051086765557,59.15310719214334
C2,1,32.38570098202366,59.43337336801965
C2,1,32.38847875980143,59.390595590241865
C2,1,32.4051454264681,60.18906982736043
C2,1,32.407923204245876,60.14629204958265
C2,1,32.422163666107885,60.828530564871585
C2,1,32.424941443885665,60.785752787093806
C2,1,32.436749667705996,61.4588215448529
C2,1,32.439527445483776,61.416043767075124
C2,1,32.44365418016726,61.6512676440334
C2,1,32.44643195794503,61.608489866255624
C2,1,32.448182946160394,61.703043229885154
C2,1,32.450960723938174,61.660265452107375
C2,1,32.46762739060484,62.56026545210738
C2,1,32.47040516838262,62.517487674329594
C2,1,32.474586310368636,62.743269341574546
C2,1,32.47736408814641,62.70049156379677
C2,1,32.494030754813075,63.54646455029002
C2,1,32.496808532590855,63.50368677251224
C2,1,32.50985240160152,64.16577242185498
C2,1,32.5126301793793,64.12299464407721
C2,1,32.52142744776181,64.5444581737045
C2,1,32.52420522553959,64.50168039592671
C2,1,32.53161644858053,64.87786206529745
C2,1,32.53439422635831,64.83508428751966
C2,1,32.551060893024975,65.73508428751967
C2,1,32.553838670802755,65.69230650974188
C2,1,32.55821371047362,65.92855865196883
C2,1,32.5609914882514,65.88578087419104
C2,1,32.561296546325174,65.90225401017487
C2,1,32.564074324102954,65.8594762323971
C2,1,32.57308582973621,66.34609753659268
C2,1,32.57586360751398,66.3033197588149
C2,1,32.57586360751398,66.3033197588149
C2,1,32.57864138529176,66.26054198103711
C2,1,32.591244481098634,66.94945027304391
C2,1,32.630133369987526,66.71056138415501
C2,1,32.67180003665419,66.42889471748835
C2,1,32.71068892554308,66.19000582859947
C2,1,32.752355592209746,65.90833916193279
C2,1,32.78846670332086,65.7122280508217
C2,1,32.85537945641403,65.38778360637724
C2,1,32.89982390085847,65.06333916193279
C2,1,32.93593501196958,64.86722805082168
C2,1,32.972046123080695,64.67111693971057
C2,1,33.008157234191806,64.47500582859946
C2,1,33.05260167863625,64.15056138415501
C2,1,33.097046123080695,63.826116939710566
C2,1,33.14426834530292,63.45889471748835
C2,1,33.14704612308069,63.41611693971056
C2,1,33.15024701817283,63.59108372601495
C2,1,33.15302479595061,63.54830594823717
C2,1,33.15302479595061,63.54830594823717
C2,1,33.19469146261727,63.266639281570505
C2,1,33.28315427406994,62.94219483712605
C2,1,33.28593205184772,62.89941705934827
C2,1,33.29094449729575,63.17340650490102
C2,1,33.29372227507352,63.13062872712324
C2,1,33.299940555471046,63.44625856144776
C2,1,33.30271833324882,63.403480783669984
C2,1,33.30271833324882,63.403480783669984
C2,1,33.3054961110266,63.360703005892205
C2,1,33.315985845242764,63.934091083964205
C2,1,33.35765251190943,63.65242441729754
C2,1,33.42025323069895,63.370757750630865
C2,1,33.42303100847673,63.327979972853086
C2,1,33.43969767514339,64.22797997285309
C2,1,33.44247545292117,64.1852021950753
C2,1,33.456578938020755,64.94679039045272
C2,1,33.45935671579853,64.90401261267493
C2,1,33.46516147264913,65.21746948260743
C2,1,33.46793925042691,65.17469170482964
C2,1,33.46793925042691,65.17469170482964
C2,1,33.47071702820469,65.13191392705187
C2,1,33.487383694871355,66.04294444230949
C2,1,33.490161472649135,66.00016666453172
C2,1,33.5068281393158,66.91119717978934
C2,1,33.50960591709358,66.86841940201155
C2,1,33.52548176437407,67.7362222816977
C2,1,33.52825954215185,67.69344450391992
C2,1,33.540915469975,68.38524069066682
C2,1,33.54369324775277,68.34246291288905
C2,1,33.5453214474088,68.4204674415826
C2,1,33.54809922518658,68.37768966380482
C2,1,33.56257773584122,69.15952923915528
C2,1,33.565355513619,69.1167514613775
C2,1,33.58202218028566,70.0167514613775
C2,1,33.58479995806344,69.97397368359972
C2,1,33.58479995806344,69.97397368359972
C2,1,33.58757773584122,69.93119590582194
C2,1,33.58946360606623,70.0330328979725
C2,1,33.592241383844005,69.99025512019472
C2,1,33.592241383844005,69.99025512019472
C2,1,33.595019161621785,69.94747734241695
C2,1,33.595019161621785,69.94747734241695
C2,1,33.63946360606623,69.6230328979725
C2,1,33.64224138384401,69.5802551201947
C2,1,33.64729617515066,69.86837822467386
C2,1,33.65007395292844,69.82560044689608
C2,1,33.65007395292844,69.82560044689608
C2,1,33.6917406195951,69.54393378022941
C2,1,33.740197704105846,69.30504489134051
C2,1,33.79055248501584,69.1089337802294
C2,1,33.83257042779917,68.82726711356274
C2,1,33.93011356161087,68.63115600245163
C2,1,33.98835641672803,68.26393378022941
C2,1,33.99113419450581,68.22115600245164
C2,1,33.992890616826536,68.30530348080745
C2,1,34.04011283904875,67.93808125858524
C2,1,34.04289061682653,67.89530348080746
C2,1,34.04289061682653,67.89530348080746
C2,1,34.0845572834932,67.61363681414079
C2,1,34.12507420722953,67.3747479252519
C2,1,34.12785198500731,67.33197014747412
C2,1,34.12909506006967,67.39909620084173
C2,1,34.131872837847446,67.35631842306394
C2,1,34.148502127708106,68.25430007553959
C2,1,34.151279905485886,68.2115222977618
C2,1,34.15546349539446,68.43743615282463
C2,1,34.15824127317224,68.39465837504686
C2,1,34.1749079398389,69.19313261216541
C2,1,34.17768571761668,69.15035483438764
C2,1,34.177717640177754,69.15188419494365
C2,1,34.180495417955534,69.10910641716586
C2,1,34.180495417955534,69.10910641716586
C2,1,34.18327319573331,69.06632863938809
C2,1,34.19993986239997,70.01632863938808
C2,1,34.20271764017775,69.9735508616103
C2,1,34.20271764017775,69.9735508616103
C2,1,34.20549541795553,69.93077308383252
C2,1,34.209580378455634,70.16361583233851
C2,1,34.212358156233414,70.12083805456074
C2,1,34.212358156233414,70.12083805456074
C2,1,34.25680260067786,69.79639361011628
C2,1,34.3012470451223,69.47194916567183
C2,1,34.337358156233414,69.27583805456072
C2,1,34.373469267344525,69.07972694344961
C2,1,34.418420125009405,68.79806027678295
C2,1,34.511878609769056,68.55917138789405
C2,1,34.55076749865795,68.32028249900517
C2,1,34.6027422941275,67.95306027678295
C2,1,34.647186738571946,67.6286158323385
C2,1,34.696017372123386,67.34694916567183
C2,1,34.698795149901166,67.30417138789406
C2,1,34.69971456632244,67.3538198746429
C2,1,34.744159010766886,67.02937543019844
C2,1,34.746936788544666,66.98659765242067
C2,1,34.746936788544666,66.98659765242067
C2,1,34.79138123298911,66.66215320797622
C2,1,34.830270121877994,66.42326431908732
C2,1,34.866381232989106,66.22715320797622
C2,1,34.90804789965578,65.94548654130955
C2,1,34.955270121877994,65.57826431908734
C2,1,34.996936788544666,65.29659765242066
C2,1,35.04792683710493,65.05770876353178
C2,1,35.122027042590865,64.73326431908733
C2,1,35.18348689718802,64.3660420968651
C2,1,35.26909862163492,64.04159765242066
C2,1,35.31354306607936,63.71715320797621
C2,1,35.31632084385714,63.674375430198424
C2,1,35.32261398649584,63.993805150547914
C2,1,35.32539176427362,63.95102737277013
C2,1,35.3288938920178,64.15064865418847
C2,1,35.365005003128914,63.954537543077365
C2,1,35.41222722535113,63.58731532085514
C2,1,35.44833833646224,63.39120420974403
C2,1,35.53087231346439,63.109537543077366
C2,1,35.6181163657343,62.78509309863291
C2,1,35.62089414351208,62.742315320855134
C2,1,35.62574653524329,62.950405006276554
C2,1,35.62852431302107,62.907627228498775
C2,1,35.630033904726915,62.98914518061453
C2,1,35.67725612694913,62.621922958392304
C2,1,35.79379930941256,62.29747851394786
C2,1,35.84883036263911,62.05858962505897
C2,1,35.94368737740014,61.73414518061452
C2,1,35.94646515517792,61.69136740283674
C2,1,35.963131821844584,62.60239791809437
C2,1,35.965909599622364,62.55962014031658
C2,1,35.977187749660644,63.17610447074809
C2,1,35.97996552743842,63.133326692970314
C2,1,35.98465270993719,63.35788236116661
C2,1,35.98743048771496,63.31510458338882
C2,1,35.98743048771496,63.31510458338882
C2,1,35.99020826549274,63.272326805611044
C2,1,35.99283720765226,63.4142896822251
C2,1,35.99561498543004,63.37151190444732
C2,1,35.99650373295163,63.41662328815206
C2,1,36.038170399618295,63.134956621485394
C2,1,36.09785392083178,62.81051217704095
C2,1,36.1217697872858,62.76773439926316
C2,1,36.13126393396743,63.28670183986094
C2,1,36.134041711745205,63.24392406208316
C2,1,36.134041711745205,63.24392406208316
C2,1,36.175708378411876,62.962257395416486
C2,1,36.2797124581884,62.59503517319427
C2,1,36.28249023596618,62.55225739541649
C2,1,36.29076503278941,62.999096423870974
C2,1,36.29354281056719,62.95631864609319
C2,1,36.29723492969875,63.050295914523744
C2,1,36.30001270747653,63.007518136745965
C2,1,36.3166793741432,63.95751813674596
C2,1,36.31945715192097,63.91474035896818
C2,1,36.31945715192097,63.91474035896818
C2,1,36.32223492969875,63.8719625811904
C2,1,36.33890159636542,64.58669494737349
C2,1,36.3416793741432,64.54391716959572
C2,1,36.35277795186588,65.01986793261577
C2,1,36.35555572964366,64.97709015483798
C2,1,36.35555572964366,64.97709015483798
C2,1,36.358333507421435,64.9343123770602
C2,1,36.358333507421435,64.9343123770602
C2,1,36.361111285199215,64.89153459928242
C2,1,36.37366821520917,65.60727960984988
C2,1,36.376445992986945,65.56450183207211
C2,1,36.383091633098864,65.88288417718373
C2,1,36.42475829976553,65.60121751051705
C2,1,36.46642496643219,65.31955084385038
C2,1,36.502536077543304,65.12343973273927
C2,1,36.58639581010878,64.8417730660726
C2,1,36.636885271556125,64.56010639940594
C2,1,36.718858395315024,64.36399528829483
C2,1,36.7987822285626,64.08232862162816
C2,1,36.85328593503604,63.80066195496149
C2,1,37.02346082462035,63.433439732739274
C2,1,37.02623860239813,63.390661954961494
C2,1,37.042905269064796,64.2906619549615
C2,1,37.04568304684257,64.2478841771837
C2,1,37.04568304684257,64.2478841771837
C2,1,37.04846082462035,64.20510639940593
C2,1,37.065127491287015,65.11613691466356
C2,1,37.067905269064795,65.07335913688578
C2,1,37.067905269064795,65.07335913688578
C2,1,37.070683046842575,65.030581359108
C2,1,37.08547462373415,65.82932651125313
C2,1,37.08825240151193,65.78654873347534
C2,1,37.104919068178596,66.68654873347535
C2,1,37.10769684595637,66.64377095569756
C2,1,37.1218802415032,67.40967431522633
C2,1,37.12465801928098,67.36689653744854
C2,1,37.141324685947644,68.26689653744855
C2,1,37.144102463725424,68.22411875967076
C2,1,37.16076913039209,69.12411875967076
C2,1,37.16354690816987,69.08134098189298
C2,1,37.180213574836536,69.98134098189298
C2,1,37.18299135261431,69.9385632041152
C2,1,37.19345883235264,70.50380710998506
C2,1,37.19623661013042,70.46102933220727
C2,1,37.212903276797086,71.25950356932584
C2,1,37.215681054574866,71.21672579154806
C2,1,37.23234772124153,72.01520002866663
C2,1,37.23512549901931,71.97242225088884
C2,1,37.23512549901931,71.97242225088884
C2,1,37.237903276797084,71.92964447311107
C2,1,37.25456994346375,72.82964447311106
C2,1,37.25734772124153,72.78686669533329
C2,1,37.274014387908196,73.6868666953333
C2,1,37.276792165685976,73.64408891755551
C2,1,37.28248272831951,73.95137929976643
C2,1,37.28526050609729,73.90860152198864
C2,1,37.2980028234139,74.63491360903555
C2,1,37.300780601191676,74.59213583125776
C2,1,37.314494133443354,75.34174261245239
C2,1,37.31727191122113,75.2989648346746
C2,1,37.31727191122113,75.2989648346746
C2,1,37.32004968899891,75.25618705689683
C2,1,37.32624448438284,75.60929039378108
C2,1,37.32902226216062,75.5665126160033
C2,1,37.337139877958556,75.91462798082492
C2,1,37.37602876684745,75.67573909193604
C2,1,37.44873284489815,75.39407242526937
C2,1,37.514416937136474,75.15518353638048
C2,1,37.517194714914254,75.11240575860269
C2,1,37.53258469776017,75.77238888990134
C2,1,37.535362475537944,75.72961111212355
C2,1,37.53964395827072,75.9347303316509
C2,1,37.542421736048496,75.89195255387312
C2,1,37.55908840271517,76.79195255387312
C2,1,37.56186618049294,76.74917477609534
C2,1,37.569979097566524,77.18727229806859
C2,1,37.5727568753443,77.1444945202908
C2,1,37.5727568753443,77.1444945202908
C2,1,37.57553465312208,77.10171674251302
C2,1,37.58197236732869,77.4493533096702
C2,1,37.58475014510647,77.40657553189241
C2,1,37.601416811773134,78.30657553189242
C2,1,37.604194589550914,78.26379775411463
C2,1,37.614238605553474,78.80617461825284
C2,1,37.617016383331254,78.76339684047507
C2,1,37.617016383331254,78.76339684047507
C2,1,37.61979416110903,78.72061906269728
C2,1,37.63646082777569,79.51909329981585
C2,1,37.63923860555347,79.47631552203806
C2,1,37.65590527222014,80.27478975915663
C2,1,37.65868304999792,80.23201198137885
C2,1,37.66235373313101,80.407868736243
C2,1,37.66513151090879,80.36509095846523
C2,1,37.6653269950515,80.37564710217157
C2,1,37.66810477282928,80.33286932439378
C2,1,37.67287358306712,80.59038507723724
C2,1,37.675651360844896,80.54760729945947
C2,1,37.679904021378846,80.77725096829276
C2,1,37.682681799156626,80.73447319051499
C2,1,37.68585883996658,80.90603339425245
C2,1,37.7330810621888,80.53881117203024
C2,1,37.780303284411026,80.17158894980801
C2,1,37.829158780397634,79.84714450536356
C2,1,37.87360322484208,79.52270006091912
C2,1,37.976900975031576,79.32658894980801
C2,1,38.039832108995,79.1304778386969
C2,1,38.096597200459016,78.89158894980801
C2,1,38.178016090052665,78.60992228314134
C2,1,38.22221872365762,78.32825561647468
C2,1,38.269587449149554,77.96103339425245
C2,1,38.315622719139654,77.72214450536356
C2,1,38.442920834329584,77.39770006091912
C2,1,38.54879012767055,77.07325561647467
C2,1,38.594904727059166,76.87714450536356
C2,1,38.64212694928139,76.50992228314134
C2,1,38.70597610873986,76.1854778386969
C2,1,38.77463456011723,75.98936672758579
C2,1,38.777412337895,75.946588949808
C2,1,38.777412337895,75.946588949808
C2,1,38.81352344900611,75.7504778386969
C2,1,38.852412337895004,75.511588949808
C2,1,38.927699413626705,75.27270006091912
C2,1,38.98444439409305,74.9054778386969
C2,1,39.04994139220916,74.58103339425244
C2,1,39.10520634999062,74.38492228314134
C2,1,39.14131746110172,74.18881117203023
C2,1,39.18020634999061,73.94992228314135
C2,1,39.22465079443506,73.6254778386969
C2,1,39.26353968332395,73.386588949808
C2,1,39.36900516394114,73.06214450536356
C2,1,39.45745396757064,72.78047783869688
C2,1,39.49819273645603,72.541588949808
C2,1,39.534303847567145,72.3454778386969
C2,1,39.53708162534492,72.30270006091911
C2,1,39.54585436417935,72.72298841781463
C2,1,39.58752103084601,72.44132175114795
C2,1,39.65354439367187,72.07409952892574
C2,1,39.728514773087035,71.79243286225908
C2,1,39.79470574971968,71.46798841781462
C2,1,39.84192797194191,71.1007661955924
C2,1,39.84470574971969,71.05798841781463
C2,1,39.852256956824874,71.41975507777312
C2,1,39.855034734602654,71.37697729999533
C2,1,39.87170140126932,72.32697729999533
C2,1,39.8744791790471,72.28419952221755
C2,1,39.88271834903143,72.75383221132445
C2,1,39.88549612680921,72.71105443354668
C2,1,39.88549612680921,72.71105443354668
C2,1,39.88827390458698,72.66827665576889
C2,1,39.90149885615601,73.30186364266925
C2,1,39.90427663393378,73.25908586489146
C2,1,39.912558038584905,73.73112593000516
C2,1,39.91533581636268,73.68834815222739
C2,1,39.91533581636268,73.68834815222739
C2,1,39.9625580385849,73.32112593000517
C2,1,40.00144692747379,73.08223704111629
C2,1,40.08773883541958,72.88612593000518
C2,1,40.14325670014829,72.56168148556073
C2,1,40.20218281602192,72.32279259667183
C2,1,40.24925103706125,72.12668148556072
C2,1,40.25202881483903,72.08390370778295
C2,1,40.25558134681965,72.27574043473687
C2,1,40.25835912459743,72.23296265695909
C2,1,40.262648189857714,72.46457218101403
C2,1,40.30709263430216,72.14012773656958
C2,1,40.3515370787466,71.81568329212513
C2,1,40.40876086799165,71.49123884768068
C2,1,40.476694697653414,71.2523499587918
C2,1,40.512805808764526,71.05623884768069
C2,1,40.60267306363805,70.77457218101402
C2,1,40.66527245413041,70.4073499587918
C2,1,40.7209143657198,70.08290551434735
C2,1,40.76859388593502,69.88679440323624
C2,1,40.82436861661624,69.51957218101403
C2,1,40.86047972772735,69.32346106990292
C2,1,40.93433613722879,68.9562388476807
C2,1,41.02037036199241,68.58901662545847
C2,1,41.10871441250471,68.39290551434736
C2,1,41.155936634726935,68.02568329212515
C2,1,41.158714412504715,67.98290551434737
C2,1,41.17538107917138,68.893936029605
C2,1,41.17815885694916,68.85115825182721
C2,1,41.19313387398604,69.66972010105337
C2,1,41.195911651763815,69.62694232327559
C2,1,41.20276833662307,69.80146879184296
C2,1,41.20554611440085,69.75869101406519
C2,1,41.20749349613394,69.85198706268775
C2,1,41.21027127391172,69.80920928490997
C2,1,41.21027127391172,69.80920928490997
C2,1,41.213049051689495,69.76643150713218
C2,1,41.224307318748515,70.37437792831926
C2,1,41.26597398541519,70.0927112616526
C2,1,41.3020850965263,69.89660015054149
C2,1,41.33819620763741,69.70048903943038
C2,1,41.34097398541518,69.6577112616526
C2,1,41.35764065208185,70.56874177691023
C2,1,41.36041842985963,70.52596399913244
C2,1,41.377085096526294,71.43699451439008
C2,1,41.379862874304074,71.3942167366123
C2,1,41.38291071371373,71.56081721908018
C2,1,41.38568849149151,71.51803944130239
C2,1,41.38602956070966,71.53645717908265
C2,1,41.38880733848743,71.49367940130486
C2,1,41.39081124129282,71.60189015279586
C2,1,41.3935890190706,71.55911237501807
C2,1,41.39371542829319,71.56593847303803
C2,1,41.39649320607097,71.52316069526024
C2,1,41.40169980241962,71.80776278451535
C2,1,41.448922024641845,71.44054056229314
C2,1,41.513133184141495,71.24442945118203
C2,1,41.599332467625594,70.96276278451535
C2,1,41.65931603312504,70.63831834007091
C2,1,41.70993470896229,70.39942945118202
C2,1,41.770732926410865,70.11776278451535
C2,1,41.81795514863309,69.75054056229312
C2,1,41.898840332782825,69.38331834007091
C2,1,42.015637174976426,69.1872072289598
C2,1,42.06008161942087,68.86276278451535
C2,1,42.12335901555588,68.81998500673757
C2,1,42.12335901555588,68.81998500673757
C2,1,42.12613679333365,68.7772072289598
C2,1,42.142803460000316,69.40594659864463
C2,1,42.145581237778096,69.36316882086685
C2,1,42.151249359773985,69.5769951079264
C2,1,42.154027137551765,69.5342173301486
C2,1,42.17069380421843,70.43421733014861
C2,1,42.17347158199621,70.39143955237083
C2,1,42.17347158199621,70.39143955237083
C2,1,42.17624935977398,70.34866177459304
C2,1,42.192916026440656,71.24866177459305
C2,1,42.19569380421843,71.20588399681526
C2,1,42.20935985740806,71.94385086905534
C2,1,42.21213763518584,71.90107309127755
C2,1,42.21324727652649,71.96172811861679
C2,1,42.21602505430426,71.91895034083902
C2,1,42.21842362376105,72.04847309150524
C2,1,42.22120140153882,72.00569531372746
C2,1,42.23786806820549,72.90569531372746
C2,1,42.240645845983266,72.86291753594968
C2,1,42.24250079882981,72.96308498966305
C2,1,42.24527857660759,72.92030721188526
C2,1,42.2512888954735,73.24486443064427
C2,1,42.25406667325127,73.20208665286648
C2,1,42.25880464139715,73.45793693274352
C2,1,42.26158241917492,73.41515915496575
C2,1,42.26158241917492,73.41515915496575
C2,1,42.2643601969527,73.37238137718796
C2,1,42.2643601969527,73.37238137718796
C2,1,42.308804641397145,73.04793693274351
C2,1,42.311582419174925,73.00515915496574
C2,1,42.311582419174925,73.00515915496574
C2,1,42.34769353028604,72.80904804385463
C2,1,42.35047130806381,72.76627026607684
C2,1,42.35139862813722,72.81634555004067
C2,1,42.39584307258166,72.49190110559621
C2,1,42.45523790830696,72.16745666115176
C2,1,42.54933735162414,71.80023443892955
C2,1,42.597215784221376,71.56134555004066
C2,1,42.68457738107319,71.19412332781843
C2,1,42.68735515885097,71.15134555004066
C2,1,42.68735515885097,71.15134555004066
C2,1,42.72624404773986,70.91245666115177
C2,1,42.77892816805928,70.67356777226289
C2,1,42.85119636597831,70.3919011055962
C2,1,42.85397414375609,70.34912332781843
C2,1,42.85397414375609,70.34912332781843
C2,1,42.898418588200535,70.02467888337398
C2,1,42.901196365978315,69.9819011055962
C2,1,42.90921133106242,70.41470922013804
C2,1,42.95365577550687,70.09026477569358
C2,1,43.03625662781379,69.72304255347137
C2,1,43.08347885003601,69.35582033124915
C2,1,43.08625662781379,69.31304255347138
C2,1,43.08625662781379,69.31304255347138
C2,1,43.13347885003601,68.94582033124915
C2,1,43.17974103672337,68.6213758868047
C2,1,43.26766768027941,68.42526477569359
C2,1,43.34029367347547,68.05804255347138
C2,1,43.343071451253245,68.0152647756936
C2,1,43.35973811791992,68.43948938799976
C2,1,43.36251589569769,68.39671161022197
C2,1,43.36862456780914,68.55219855371305
C2,1,43.37140234558692,68.50942077593528
C2,1,43.37140234558692,68.50942077593528
C2,1,43.41584679003137,68.18497633149083
C2,1,43.45751345669803,67.90330966482416
C2,1,43.49362456780914,67.70719855371306
C2,1,43.50583911919919,67.66442077593527
C2,1,43.52250578586585,68.56442077593528
C2,1,43.52528356364363,68.52164299815749
C2,1,43.5419502303103,69.4216429981575
C2,1,43.54472800808808,69.37886522037971
C2,1,43.54472800808808,69.37886522037971
C2,1,43.54750578586585,69.33608744260194
C2,1,43.55008120663899,69.47516016435134
C2,1,43.552858984416766,69.43238238657355
C2,1,43.55678362101899,69.62040565958894
C2,1,43.55956139879676,69.57762788181117
C2,1,43.57622806546343,70.48865839706879
C2,1,43.579005843241205,70.44588061929102
C2,1,43.579365029790495,70.46551441371538
C2,1,43.582142807568275,70.4227366359376
C2,1,43.592078247538616,70.95925039433611
C2,1,43.594856025316396,70.91647261655832
C2,1,43.60256094282018,71.33253816176295
C2,1,43.60533872059796,71.28976038398517
C2,1,43.60533872059796,71.28976038398517
C2,1,43.60811649837574,71.24698260620738
C2,1,43.6175401857102,71.75586172226825
C2,1,43.65365129682131,71.55975061115714
C2,1,43.69531796348798,71.27808394449046
C2,1,43.73142907459909,71.08197283337935
C2,1,43.7675401857102,70.88586172226825
C2,1,43.81198463015465,70.56141727782381
C2,1,43.859206852376865,70.19419505560158
C2,1,43.898095741265756,69.95530616671269
C2,1,43.9425401857102,69.63086172226825
C2,1,43.97865129682131,69.43475061115714
C2,1,44.04221361213308,69.19586172226825
C2,1,44.131141657450314,68.91419505560158
C2,1,44.19057874926158,68.54697283337936
C2,1,44.24558419690585,68.17975061115715
C2,1,44.29327055907615,67.8553061667127
C2,1,44.346325469320035,67.57363950004603
C2,1,44.38547745078882,67.37752838893492
C2,1,44.3882552285666,67.33475061115713
C2,1,44.39014999068388,67.43706776549043
C2,1,44.39292776846166,67.39428998771264
C2,1,44.40959443512833,68.34428998771264
C2,1,44.41237221290611,68.30151220993486
C2,1,44.41342480237436,68.36150980962523
C2,1,44.41620258015213,68.31873203184745
C2,1,44.41770427341284,68.40081733495076
C2,1,44.42048205119061,68.35803955717297
C2,1,44.437148717857276,69.15651379429154
C2,1,44.439926495635056,69.11373601651376
C2,1,44.45659316230172,69.91221025363232
C2,1,44.4593709400795,69.86943247585454
C2,1,44.47603760674617,70.6679067129731
C2,1,44.47881538452395,70.62512893519532
C2,1,44.49548205119061,71.42360317231389
C2,1,44.49825982896839,71.3808253945361
C2,1,44.502457991251056,71.58195286009331
C2,1,44.505235769028836,71.53917508231554
C2,1,44.505235769028836,71.53917508231554
C2,1,44.508013546806616,71.49639730453775
C2,1,44.52102180476901,72.19884323450715
C2,1,44.523799582546786,72.15606545672937
C2,1,44.523799582546786,72.15606545672937
C2,1,44.526577360324566,72.1132876789516
C2,1,44.54324402699123,73.01328767895158
C2,1,44.54602180476901,72.97050990117381
C2,1,44.54652417536385,72.9976379132952
C2,1,44.54930195314163,72.95486013551742
C2,1,44.565968619808295,73.85486013551741
C2,1,44.568746397586075,73.81208235773964
C2,1,44.58541306425274,74.71208235773965
C2,1,44.58819084203052,74.66930457996186
C2,1,44.58819084203052,74.66930457996186
C2,1,44.590968619808294,74.62652680218407
C2,1,44.603974828193415,75.33746996578286
C2,1,44.606752605971195,75.29469218800507
C2,1,44.60897362656006,75.41609723989336
C2,1,44.61175140433784,75.37331946211557
C2,1,44.61937662793534,75.76036345288277
C2,1,44.62215440571311,75.717585675105
C2,1,44.62215440571311,75.717585675105
C2,1,44.66382107237978,75.43591900843832
C2,1,44.70712399495676,75.19703011954944
C2,1,44.70990177273453,75.15425234177165
C2,1,44.71889218659436,75.61059117754002
C2,1,44.766114408816584,75.2433689553178
C2,1,44.81333663103881,74.87614673309558
C2,1,44.85500329770547,74.59448006642891
C2,1,44.893892186594364,74.35559117754002
C2,1,44.93555885326103,74.07392451087335
C2,1,44.97722551992769,73.79225784420669
C2,1,45.0236469351923,73.51059117754002
C2,1,45.06531360185897,73.22892451087336
C2,1,45.1172312228506,72.86170228865113
C2,1,45.168275953261286,72.66559117754002
C2,1,45.211921753576576,72.38392451087336
C2,1,45.3157897428388,72.0594800664289
C2,1,45.390570934059646,71.77781339976224
C2,1,45.43501537850409,71.45336895531779
C2,1,45.43779315628186,71.41059117754
C2,1,45.43864368246708,71.45651959154169
C2,1,45.47475479357819,71.26040848043058
C2,1,45.48478524943553,71.2176307026528
C2,1,45.484789434927094,71.21784315142058
C2,1,45.487567212704874,71.1750653736428
C2,1,45.49586819700214,71.623318525695
C2,1,45.543090419224356,71.25609630347279
C2,1,45.6162917536649,70.93165185902834
C2,1,45.622619802380115,70.88887408125055
C2,1,45.63928646904678,71.51761345093539
C2,1,45.64206424682456,71.47483567315761
C2,1,45.658730913491226,72.10357504284245
C2,1,45.661508691269006,72.06079726506466
C2,1,45.67817535793567,72.6895366347495
C2,1,45.68095313571345,72.64675885697173
C2,1,45.68095313571345,72.64675885697173
C2,1,45.683730913491225,72.60398107919394
C2,1,45.68437356841888,72.62033888144572
C2,1,45.68715134619666,72.57756110366793
C2,1,45.69203728083299,72.82556322663443
C2,1,45.694815058610764,72.78278544885664
C2,1,45.71148172527743,73.6287584353499
C2,1,45.71425950305521,73.58598065757211
C2,1,45.7264144942665,74.202948310521
C2,1,45.72919227204428,74.16017053274321
C2,1,45.732376406440316,74.33422114871149
C2,1,45.735154184218096,74.2914433709337
C2,1,45.75182085088476,75.00617573711679
C2,1,45.754598628662535,74.96339795933902
C2,1,45.760401069702105,75.21222950416988
C2,1,45.763178847479885,75.1694517263921
C2,1,45.77569306229874,75.84521932661049
C2,1,45.77847084007652,75.80244154883272
C2,1,45.78256505581549,76.02352919873692
C2,1,45.78534283359326,75.98075142095915
C2,1,45.802009500259935,76.93075142095914
C2,1,45.80478727803771,76.88797364318137
C2,1,45.82145394470437,77.83797364318136
C2,1,45.82423172248215,77.79519586540357
C2,1,45.84089838914882,78.74519586540357
C2,1,45.8436761669266,78.70241808762579
C2,1,45.845077800872275,78.78231122252929
C2,1,45.84785557865005,78.73953344475152
C2,1,45.85648532011206,79.20553948369991
C2,1,45.85926309788984,79.16276170592212
C2,1,45.87249447684913,79.796656619155
C2,1,45.87527225462691,79.75387884137723
C2,1,45.878724947153486,79.94032423781238
C2,1,45.88150272493126,79.89754646003459
C2,1,45.898169391597925,80.7975464600346
C2,1,45.900947169375705,80.75476868225681
C2,1,45.900947169375705,80.75476868225681
C2,1,45.903724947153485,80.71199090447904
C2,1,45.91524972356796,81.20621874746602
C2,1,45.91802750134574,81.16344096968825
C2,1,45.934694168012406,82.06344096968824
C2,1,45.937471945790186,82.02066319191047
C2,1,45.95413861245685,82.92066319191048
C2,1,45.956916390234625,82.87788541413269
C2,1,45.956916390234625,82.87788541413269
C2,1,45.959694168012405,82.8351076363549
C2,1,45.959694168012405,82.8351076363549
C2,1,45.962471945790185,82.79232985857713
C2,1,45.97913861245685,83.59080409569569
C2,1,45.98191639023463,83.54802631791792
C2,1,45.98191639023463,83.54802631791792
C2,1,45.9846941680124,83.50524854014013
C2,1,45.996833383285754,84.0868195794163
C2,1,45.99961116106353,84.04404180163853
C2,1,45.99961116106353,84.04404180163853
C2,1,46.00238893884131,84.00126402386074
C2,1,46.01905560550797,84.91229453911838
C2,1,46.02183338328575,84.86951676134059
C2,1,46.03346529425071,85.5053383117308
C2,1,46.03624307202848,85.46256053395301
C2,1,46.0476787449566,86.0430167567263
C2,1,46.05045652273438,86.00023897894852
C2,1,46.060797225165814,86.55863691024618
C2,1,46.063575002943594,86.51585913246839
C2,1,46.079158414367974,87.40411358365834
C2,1,46.081936192145754,87.36133580588057
C2,1,46.0878692599108,87.6995206684883
C2,1,46.09064703768858,87.65674289071053
C2,1,46.10099670182371,88.22247448169675
C2,1,46.10377447960149,88.17969670391898
C2,1,46.11340214000079,88.69959036548106
C2,1,46.11617991777857,88.65681258770329
C2,1,46.13063250162936,89.3904023190711
C2,1,46.13341027940713,89.34762454129331
C2,1,46.135226063628586,89.4456768892519
C2,1,46.138003841406366,89.40289911147413
C2,1,46.14484539513944,89.69629190475482
C2,1,46.189289839583886,89.37184746031036
C2,1,46.23706882515699,89.17573634919925
C2,1,46.29350329976259,88.89406968253259
C2,1,46.37517779743291,88.61240301586591
C2,1,46.4471544652802,88.2451807936437
C2,1,46.52003434800012,87.87795857142147
C2,1,46.66527972595916,87.55351412697703
C2,1,46.66816459873133,87.51073634919925
C2,1,46.66834909261714,87.520699019033
C2,1,46.67112687039492,87.47792124125523
C2,1,46.67112687039492,87.47792124125523
C2,1,46.712793537061586,87.19625457458856
C2,1,46.75446020372826,86.9145879079219
C2,1,46.75723798150603,86.87181013014411
C2,1,46.760561328402076,87.0612409032186
C2,1,46.763339106179856,87.01846312544083
C2,1,46.77114194466798,87.44498056353932
C2,1,46.773919722445754,87.40220278576155
C2,1,46.77416833241675,87.4157922619597
C2,1,46.77694611019452,87.37301448418191
C2,1,46.79361277686119,88.27301448418191
C2,1,46.79639055463897,88.23023670640413
C2,1,46.813057221305634,89.13023670640413
C2,1,46.815834999083414,89.08745892862635
C2,1,46.82016329767943,89.32118705281134
C2,1,46.82294107545721,89.27840927503357
C2,1,46.82294107545721,89.27840927503357
C2,1,46.82571885323499,89.23563149725578
C2,1,46.829213134743846,89.42663532226418
C2,1,46.831990912521626,89.38385754448639
C2,1,46.84280042928502,90.0
C2,1,46.89202335082845,89.80388888888889
C2,1,46.94564817501865,89.43666666666668
C2,1,47.009647846966956,89.06944444444446
C2,1,47.074550826834965,88.70222222222223
C2,1,47.127695718301474,88.33500000000002
C2,1,47.19841192129821,87.9677777777778
C2,1,47.237300810187094,87.72888888888892
C2,1,47.240078587964874,87.68611111111113
C2,1,47.25674525463154,88.59714162636875
C2,1,47.25952303240932,88.55436384859098
C2,1,47.25952303240932,88.55436384859098
C2,1,47.2623008101871,88.5115860708132
C2,1,47.2623008101871,88.5115860708132
C2,1,47.29841192129821,88.31547495970209
C2,1,47.334523032409315,88.11936384859098
C2,1,47.37618969907599,87.83769718192431
C2,1,47.41785636574265,87.55603051525765
C2,1,47.45611189374519,87.35991940414654
C2,1,47.506714093686476,87.31714162636875
C2,1,47.50859351552893,87.41863040586111
C2,1,47.5113712933067,87.37585262808332
C2,1,47.51677259580569,87.67109771200627
C2,1,47.51955037358347,87.6283199342285
C2,1,47.536217040250136,88.42679417134705
C2,1,47.538994818027916,88.38401639356928
C2,1,47.5473813488492,88.78580212154498
C2,1,47.55015912662697,88.74302434376719
C2,1,47.562339165158654,89.43728654007275
C2,1,47.56511694293643,89.39450876229496
C2,1,47.56833085134037,89.5484821459552
C2,1,47.57110862911815,89.50570436817743
C2,1,47.572939910125974,89.60459354260009
C2,1,47.575717687903754,89.5618157648223
C2,1,47.58150014225551,89.89141566287219
C2,1,47.62594458669995,89.56697121842774
C2,1,47.664833475588836,89.32808232953884
C2,1,47.71205569781106,88.96086010731663
C2,1,47.71483347558884,88.91808232953885
C2,1,47.731500142255506,89.63281469572195
C2,1,47.73427792003328,89.59003691794416
C2,1,47.73427792003328,89.59003691794416
C2,1,47.73705569781106,89.54725914016637
C2,1,47.747100480512394,89.97801901864172
C2,1,47.749878258290174,89.93524124086395
C2,1,47.751077494570474,90.0
C2,1,47.833290168240815,89.71833333333333
C2,1,47.836067946018595,89.67555555555555
C2,1,47.84012406170556,89.84949778530294
C2,1,47.88456850615,89.52505334085849
C2,1,47.92071217853429,89.32894222974738
C2,1,47.97603149880477,89.00449778530295
C4,1,0.0,52.13674812382657
C4,1,0.002777777777777778,52.09397034604879
C4,1,0.019444444444444445,52.99397034604879
C4,1,0.022222222222222223,52.95119256827101
C4,1,0.036749175646984114,53.73564805320815
C4,1,0.03952695342476189,53.69287027543037
C4,1,0.03952695342476189,53.69287027543037
C4,1,0.04230473120253967,53.650092497652594
C4,1,0.058971397869206334,54.60009249765258
C4,1,0.061749175646984115,54.5573147198748
C4,1,0.061749175646984115,54.5573147198748
C4,1,0.06452695342476189,54.514536942097024
C4,1,0.0658159207672821,54.588008080620675
C4,1,0.06859369854505988,54.545230302842896
C4,1,0.07272640199976252,54.754999631874846
C4,1,0.11717084644420696,54.43055518743039
C4,1,0.1248145155669913,54.387777409652614
C4,1,0.13205662024120057,54.77885106205992
C4,1,0.13483439801897834,54.73607328428214
C4,1,0.13483439801897834,54.73607328428214
C4,1,0.13761217579675614,54.693295506504356
C4,1,0.145464002206984,55.069464372678
C4,1,0.1482417799847618,55.02668659490022
C4,1,0.16490844665142845,55.976686594900215
C4,1,0.16768622442920622,55.933908817122436
C4,1,0.16775370251500688,55.937755068013075
C4,1,0.17053148029278464,55.89497729023529
C4,1,0.17734410328612016,56.28329680085542
C4,1,0.18012188106389793,56.24051902307764
C4,1,0.18821006480929756,56.67728094532922
C4,1,0.19098784258707535,56.63450316755144
C4,1,0.20765450925374201,57.349235533734536
C4,1,0.21043228703151978,57.30645775595675
C4,1,0.21395732722939229,57.45762537524771
C4,1,0.21673510500717005,57.41484759746993
C4,1,0.23340177167383672,58.364847597469925
C4,1,0.23617954945161448,58.322069819692146
C4,1,0.24629471222083762,58.89863409753786
C4,1,0.2539605218054075,58.85585631976008
C4,1,0.2706271884720742,59.805856319760075
C4,1,0.27340496624985194,59.763078541982296
C4,1,0.2791585894350861,60.091035063540645
C4,1,0.2819363672128639,60.048257285762865
C4,1,0.28274234372468093,60.082820735725605
C4,1,0.2855201215024587,60.040042957947826
C4,1,0.30218678816912536,60.940042957947824
C4,1,0.30496456594690313,60.897265180170045
C4,1,0.30496456594690313,60.897265180170045
C4,1,0.3077423437246809,60.854487402392266
C4,1,0.31067569220188035,60.96514610274949
C4,1,0.3134534699796581,60.92236832497171
C4,1,0.31913125731248065,61.22896884094412
C4,1,0.3663534795347029,60.8617466187219
C4,1,0.4687314804234857,60.665635507610794
C4,1,0.5385505396804363,60.29841328538858
C4,1,0.5413283174582141,60.25563550761079
C4,1,0.5416339157442934,60.272340069452525
C4,1,0.5777450268554046,60.07622895834142
C4,1,0.6194116935220713,59.794562291674744
C4,1,0.6610783601887379,59.51289562500808
C4,1,0.6771554879420928,59.4701178472303
C4,1,0.6938221546087594,60.38114836248793
C4,1,0.6965999323865372,60.33837058471014
C4,1,0.7103624648018578,61.09065580456491
C4,1,0.7131402425796356,61.04787802678713
C4,1,0.7298069092463023,61.94787802678713
C4,1,0.7325846870240801,61.90510024900935
C4,1,0.7355572534941127,62.06561883839111
C4,1,0.7383350312718905,62.02284106061333
C4,1,0.7384361574138347,62.02830187227833
C4,1,0.7412139351916125,61.98552409450054
C4,1,0.7509919072126582,62.54286849970014
C4,1,0.753769684990436,62.50009072192236
C4,1,0.7704363516571026,63.41112123717999
C4,1,0.7732141294348803,63.36834345940221
C4,1,0.77959855918375,63.71732807882654
C4,1,0.7823763369615278,63.67455030104876
C4,1,0.7990430036281944,64.62455030104876
C4,1,0.8018207814059721,64.58177252327097
C4,1,0.8178086632276936,65.49308178710909
C4,1,0.8205864410054714,65.45030400933132
C4,1,0.8324504973109567,66.09096304982752
C4,1,0.8352282750887344,66.04818527204974
C4,1,0.8518949417554011,66.94818527204974
C4,1,0.8546727195331789,66.90540749427197
C4,1,0.8546727195331789,66.90540749427197
C4,1,0.8574504973109567,66.86262971649418
C4,1,0.8629040709537299,67.15712269320393
C4,1,0.8656818487315077,67.11434491542614
C4,1,0.8656818487315077,67.11434491542614
C4,1,0.8684596265092854,67.07156713764837
C4,1,0.885126293175952,67.91754012414162
C4,1,0.8879040709537298,67.87476234636384
C4,1,0.8901758827836633,67.99007583267502
C4,1,0.8929536605614411,67.94729805489723
C4,1,0.8979144129940035,68.2184618655794
C4,1,0.9340255241051146,68.02235075446829
C4,1,0.9438898132098811,67.97957297669052
C4,1,0.9605564798765478,68.82554596318377
C4,1,0.9633342576543256,68.78276818540598
C4,1,0.9800009243209922,69.62874117189924
C4,1,1.0035197410936234,69.58596339412145
C4,1,1.0098832836408547,69.90896649972294
C4,1,1.0126610614186324,69.86618872194515
C4,1,1.0126610614186324,69.86618872194515
C4,1,1.0154388391964102,69.82341094416738
C4,1,1.0270561804485563,70.45843608737935
C4,1,1.0687228471152228,70.17676942071269
C4,1,1.0866377140611743,70.1339916429349
C4,1,1.0908585626750824,70.34823507738153
C4,1,1.0936363404528602,70.30545729960375
C4,1,1.0936363404528602,70.30545729960375
C4,1,1.1380807848973045,69.98101285515929
C4,1,1.1993432028030995,69.69934618849263
C4,1,1.2107374630014736,69.65656841071485
C4,1,1.2274041296681402,70.50254139720809
C4,1,1.245197997792403,70.45976361943032
C4,1,1.2492693935449615,70.69183317732615
C4,1,1.2520471713227392,70.64905539954836
C4,1,1.2549053425634291,70.79413153917208
C4,1,1.2576831203412069,70.75135376139431
C4,1,1.2597919203428185,70.85839303151114
C4,1,1.304236364787263,70.53394858706669
C4,1,1.351458587009485,70.16672636484446
C4,1,1.3542363647872628,70.12394858706669
C4,1,1.3579324086470634,70.32353495549592
C4,1,1.3968212975359524,70.08464606660702
C4,1,1.441265741980397,69.76020162216258
C4,1,1.4962229723146048,69.4785349554959
C4,1,1.5630829442790712,69.11131273327369
C4,1,1.5991940553901824,68.91520162216258
C4,1,1.6031186693138562,68.8724238443848
C4,1,1.6160516545505712,69.60960400287756
C4,1,1.6626363660801002,69.3279373362109
C4,1,1.7274302820480518,69.089048447322
C4,1,1.7724916741330858,68.76460400287755
C4,1,1.8234453083655704,68.56849289176644
C4,1,1.8270864582176722,68.52571511398867
C4,1,1.8437531248843388,69.3716881004819
C4,1,1.8465309026621166,69.32891032270413
C4,1,1.8476768084933939,69.38707464540367
C4,1,1.9056649589363381,69.06263020095922
C4,1,1.9473316256030047,68.78096353429255
C4,1,1.9501094033807824,68.73818575651477
C4,1,1.9501094033807824,68.73818575651477
C4,1,1.9973316256030047,68.37096353429256
C4,1,2.063429318403052,68.00374131207033
C4,1,2.1078737628474964,67.67929686762588
C4,1,2.1375774275912236,67.63651908984811
C4,1,2.15424409425789,68.48249207634134
C4,1,2.214082304649485,68.24360318745246
C4,1,2.266739809592224,67.87638096523024
C4,1,2.325160591213142,67.50915874300803
C4,1,2.40010647158792,67.27026985411914
C4,1,2.4028842493656977,67.22749207634135
C4,1,2.403406458213769,67.24719207206019
C4,1,2.4450731248804356,66.9655254053935
C4,1,2.4895175693248803,66.64108096094907
C4,1,2.492295347102658,66.59830318317128
C4,1,2.5081529654932058,67.35801716798586
C4,1,2.5109307432709835,67.31523939020808
C4,1,2.5109307432709835,67.31523939020808
C4,1,2.5137085210487613,67.2724616124303
C4,1,2.521237489712689,67.67902592028238
C4,1,2.5240152674904666,67.63624814250461
C4,1,2.526595818873327,67.74691235826033
C4,1,2.5293735966511046,67.70413458048256
C4,1,2.5460402633177712,68.60413458048255
C4,1,2.6078615609613176,68.36524569159367
C4,1,2.6356393387390953,68.32246791381588
C4,1,2.6356393387390953,68.32246791381588
C4,1,2.648422660747153,68.27969013603811
C4,1,2.648422660747153,68.27969013603811
C4,1,2.6928671051915973,67.95524569159366
C4,1,2.7632554024585545,67.63080124714921
C4,1,2.7660331802363323,67.58802346937142
C4,1,2.773249336085859,67.99934435279444
C4,1,2.80936044719697,67.80323324168333
C4,1,2.8121382249747477,67.76045546390556
C4,1,2.8130319536102615,67.8087168102233
C4,1,2.860254175832484,67.44149458800108
C4,1,2.9007530313018526,67.3987168102233
C4,1,2.917419697968519,68.3487168102233
C4,1,2.920197475746297,68.30593903244552
C4,1,2.920746413823954,68.33722850287197
C4,1,2.973332722452604,68.05556183620529
C4,1,3.020554944674826,67.68833961398308
C4,1,3.064999389119271,67.36389516953862
C4,1,3.1081702674549114,67.08222850287196
C4,1,3.110948045232689,67.03945072509417
C4,1,3.1114483468437757,67.06646701209283
C4,1,3.1586705690659977,66.69924478987062
C4,1,3.1614483468437755,66.65646701209283
C4,1,3.1687786488715735,66.84304868424262
C4,1,3.2104453155382404,66.56138201757594
C4,1,3.278196354047677,66.19415979535373
C4,1,3.3852126297012366,65.8269375731315
C4,1,3.428369130033032,65.78415979535373
C4,1,3.443615878772379,66.65322447349654
C4,1,3.4742868063126835,66.61044669571875
C4,1,3.4802615350429686,66.95100623334501
C4,1,3.5308323895969624,66.58378401112279
C4,1,3.569721278485851,66.34489512223391
C4,1,3.621445800346309,66.1487840111228
C4,1,3.673610172781869,65.95267290001169
C4,1,3.70972128389298,65.75656178890058
C4,1,3.7125199635807364,65.7137840111228
C4,1,3.7237137693069324,66.32565792702863
C4,1,3.776064213360105,66.04399126036196
C4,1,3.8213207804302125,66.00121348258418
C4,1,3.8356571645202613,66.7753782234468
C4,1,3.890744234508709,66.40815600122457
C4,1,3.9083367193068472,66.3653782234468
C4,1,3.9083367193068472,66.3653782234468
C4,1,3.911114497084625,66.32260044566901
C4,1,3.9138450731528285,66.47824328155662
C4,1,3.99458089105145,66.15379883711216
C4,1,4.042170174233723,65.95768772600105
C4,1,4.086614618678167,65.6332432815566
C4,1,4.0893923964559455,65.59046550377883
C4,1,4.089778992191593,65.61134167350377
C4,1,4.1286678810804815,65.3724527846149
C4,1,4.139190728195773,65.3296750068371
C4,1,4.14763268394405,65.79112776454515
C4,1,4.150410461721827,65.74834998676738
C4,1,4.150410461721827,65.74834998676738
C4,1,4.153188239499605,65.7055722089896
C4,1,4.161325724634053,66.0954265430771
C4,1,4.16410350241183,66.05264876529931
C4,1,4.168495836458887,66.30301180598155
C4,1,4.171273614236665,66.26023402820378
C4,1,4.176078123572679,66.38252549482728
C4,1,4.217744790239346,66.10085882816061
C4,1,4.248237632626178,66.05808105038284
C4,1,4.264197967182375,66.96782012008613
C4,1,4.306367328591168,66.77170900897502
C4,1,4.354301070719646,66.4044867867528
C4,1,4.357078848497424,66.36170900897503
C4,1,4.360547850430295,66.5104734865615
C4,1,4.399436739319183,66.2715845976726
C4,1,4.446658961541406,65.90436237545039
C4,1,4.488325628208073,65.62269570878372
C4,1,4.492890845624749,65.57991793100594
C4,1,4.498468847919962,65.81912465774788
C4,1,4.501246625697739,65.77634687997009
C4,1,4.505581031218336,66.02340799464406
C4,1,4.541692142329446,65.82729688353295
C4,1,4.5579760837516226,65.78451910575517
C4,1,4.5592317347185585,65.85609121087053
C4,1,4.562009512496337,65.81331343309274
C4,1,4.5636715614317485,65.89767634318802
C4,1,4.566449339209526,65.85489856541025
C4,1,4.566449339209526,65.85489856541025
C4,1,4.608116005876193,65.57323189874357
C4,1,4.648298467145433,65.5304541209658
C4,1,4.6649651338121,66.4304541209658
C4,1,4.730439238169976,66.23434300985468
C4,1,4.77488368261442,65.90989856541024
C4,1,4.816550349281087,65.62823189874358
C4,1,4.852661460392198,65.43212078763247
C4,1,4.888772571503309,65.23600967652136
C4,1,4.896073878543843,65.19323189874358
C4,1,4.91274054521051,66.14323189874357
C4,1,4.915518322988287,66.1004541209658
C4,1,4.9248402644079015,66.63180478188379
C4,1,4.947062486630124,66.589027004106
C4,1,4.950208649561112,66.7589198023794
C4,1,4.955764205116668,66.71614202460162
C4,1,4.966375271259723,67.25474254349672
C4,1,4.9691530490375015,67.21196476571893
C4,1,4.973322256481706,67.437101967706
C4,1,4.976100034259484,67.39432418992821
C4,1,4.976100034259484,67.39432418992821
C4,1,5.012211145370595,67.1982130788171
C4,1,5.016875316227779,67.15543530103932
C4,1,5.033541982894445,68.10543530103932
C4,1,5.036319760672224,68.06265752326154
C4,1,5.042251406770822,68.40076135088165
C4,1,5.12668328338602,68.0763169064372
C4,1,5.173905505608242,67.70909468421497
C4,1,5.191574800349136,67.6663169064372
C4,1,5.1937286987781786,67.78908911689258
C4,1,5.229850280857171,67.59297800578148
C4,1,5.271516947523837,67.31131133911481
C4,1,5.313183614190504,67.02964467244814
C4,1,5.352072503079393,66.79075578355925
C4,1,5.396516947523837,66.46631133911481
C4,1,5.432628058634949,66.27020022800369
C4,1,5.471516947523837,66.03131133911481
C4,1,5.51873916974606,65.66408911689258
C4,1,5.557628058634949,65.4252002280037
C4,1,5.565047441797643,65.38242245022592
C4,1,5.56814273530841,65.55161686074517
C4,1,5.590364957530632,65.5088390829674
C4,1,5.590364957530632,65.5088390829674
C4,1,5.634809401975077,65.18439463852295
C4,1,5.637587179752854,65.14161686074516
C4,1,5.637587179752854,65.14161686074516
C4,1,5.676476068641743,64.90272797185628
C4,1,5.711098767539946,64.8599501940785
C4,1,5.711098767539946,64.8599501940785
C4,1,5.713876545317723,64.81717241630072
C4,1,5.714952107947027,64.87176623208104
C4,1,5.7573726070749345,64.59009956541438
C4,1,5.796261495963824,64.35121067652548
C4,1,5.832372607074935,64.15509956541437
C4,1,5.846724148391227,64.11232178763659
C4,1,5.863390815057894,64.95829477412984
C4,1,5.866168592835671,64.91551699635207
C4,1,5.866168592835671,64.91551699635207
C4,1,5.871724148391227,64.87273921857428
C4,1,5.871724148391227,64.87273921857428
C4,1,5.874501926169005,64.8299614407965
C4,1,5.874501926169005,64.8299614407965
C4,1,5.916168592835672,64.54829477412983
C4,1,5.9522797039467825,64.35218366301872
C4,1,5.994559444849581,64.15607255190761
C4,1,5.997337222627359,64.11329477412984
C4,1,6.014003889294026,65.01329477412983
C4,1,6.016781667071803,64.97051699635206
C4,1,6.03344833373847,65.87051699635205
C4,1,6.063016903159277,65.82773921857428
C4,1,6.074911092868893,66.47789740535764
C4,1,6.097133315091115,66.43511962757987
C4,1,6.105733557153406,66.89953269894356
C4,1,6.108511334931183,66.85675492116577
C4,1,6.108621098722852,66.8626821659159
C4,1,6.111398876500631,66.81990438813811
C4,1,6.1216003163091735,67.37753376604691
C4,1,6.124378094086951,67.33475598826914
C4,1,6.132286389513766,67.7855288275976
C4,1,6.135064167291544,67.74275104981983
C4,1,6.135329307392608,67.75724409319307
C4,1,6.179773751837052,67.43279964874861
C4,1,6.184296638434505,67.39002187097083
C4,1,6.193462758831605,67.82915653045548
C4,1,6.196240536609382,67.7863787526777
C4,1,6.204632153232662,68.2395260503348
C4,1,6.243521042121551,68.00063716144592
C4,1,6.285187708788218,67.71897049477926
C4,1,6.347140328071993,67.43730382811258
C4,1,6.349918105849771,67.3945260503348
C4,1,6.35015499227931,67.4080285768185
C4,1,6.3529327700570875,67.36525079904072
C4,1,6.353048584784523,67.37185223850456
C4,1,6.3558263625623015,67.32907446072677
C4,1,6.3655038086359435,67.74408149657619
C4,1,6.414793174674009,67.41963705213173
C4,1,6.458886842762825,67.18074816324284
C4,1,6.5005535094294915,66.89908149657617
C4,1,6.50333128720727,66.85630371879839
C4,1,6.511019692874493,67.22464334978605
C4,1,6.5582419150967155,66.85742112756384
C4,1,6.606771675470091,66.53297668311939
C4,1,6.642882786581201,66.33686557200828
C4,1,6.683432037638163,66.09797668311938
C4,1,6.732679947159761,65.77353223867493
C4,1,6.768791058270873,65.57742112756382
C4,1,6.813235502715317,65.25297668311939
C4,1,6.816013280493095,65.2101989053416
C4,1,6.8201830593772454,65.44787630173815
C4,1,6.86462750382169,65.1234318572937
C4,1,6.9141861064952765,64.84176519062703
C4,1,6.95906174859841,64.60287630173815
C4,1,6.98136180378237,64.56009852396036
C4,1,6.985445725611896,64.79288206824336
C4,1,6.9882235033896745,64.75010429046557
C4,1,6.991247365398198,64.92246442495144
C4,1,6.994025143175976,64.87968664717366
C4,1,6.994376262949856,64.89750891779718
C4,1,6.997154040727633,64.85473114001941
C4,1,6.998490535808229,64.88874958646431
C4,1,7.045712758030452,64.52152736424209
C4,1,7.048490535808229,64.47874958646432
C4,1,7.04901815594929,64.50553072965236
C4,1,7.096240378171513,64.13830850743014
C4,1,7.140684822615957,63.813864062985694
C4,1,7.143462600393735,63.771086285207915
C4,1,7.143462600393735,63.771086285207915
C4,1,7.187907044838179,63.44664184076346
C4,1,7.279991007826038,63.12219739631901
C4,1,7.329477238425957,62.84053072965234
C4,1,7.332255016203735,62.797752951874564
C4,1,7.333294124462846,62.854552511836914
C4,1,7.336071902240623,62.811774734059135
C4,1,7.337860288660381,62.90834760072603
C4,1,7.385082510882603,62.541125378503814
C4,1,7.387860288660381,62.498347600726035
C4,1,7.404351957668686,63.38889772717451
C4,1,7.46000011156154,63.02167550495229
C4,1,7.471018624335352,62.97889772717451
C4,1,7.485455046961188,63.80177381684712
C4,1,7.497233120892718,63.75899603906934
C4,1,7.506154469209751,64.18640404656006
C4,1,7.508932246987528,64.14362626878227
C4,1,7.510861811096427,64.24909977584343
C4,1,7.558084033318649,63.881877553621216
C4,1,7.625547950969798,63.514655331399
C4,1,7.680019851738512,63.147433109176774
C4,1,7.68279762951629,63.104655331398995
C4,1,7.6846181700614515,63.1918746147755
C4,1,7.68739594783923,63.14909683699772
C4,1,7.70151633597869,63.95395896094694
C4,1,7.704294113756467,63.91118118316916
C4,1,7.7100794926741285,64.18834974423245
C4,1,7.712857270451907,64.14557196645467
C4,1,7.714140587866678,64.17823685641947
C4,1,7.753029476755566,63.939347967530594
C4,1,7.797473921200011,63.61490352308614
C4,1,7.836362810088899,63.376014634197254
C4,1,7.853215369348151,63.333236856419475
C4,1,7.855548700775427,63.45167297778011
C4,1,7.885679383684772,63.408895200002334
C4,1,7.90018361881992,64.14510666684721
C4,1,7.921955056482236,64.10232888906943
C4,1,7.937731832016037,64.95427476789465
C4,1,7.940509609793815,64.91149699011687
C4,1,7.943630138625552,65.06099670281655
C4,1,7.94640791640333,65.01821892503877
C4,1,7.9630745830699965,65.91821892503877
C4,1,7.965852360847775,65.875441147261
C4,1,7.976835935457363,66.46855417617877
C4,1,7.979613713235141,66.425776398401
C4,1,7.980500833132392,66.47368087285255
C4,1,7.983278610910169,66.43090309507477
C4,1,7.984806515105806,66.50845703560225
C4,1,7.987584292883583,66.46567925782448
C4,1,8.00425095955025,67.36567925782447
C4,1,8.007028737328028,67.3229014800467
C4,1,8.02029522453347,68.03929178914059
C4,1,8.023073002311248,67.9965140113628
C4,1,8.024503645204657,68.05048410202555
C4,1,8.027281422982435,68.00770632424778
C4,1,8.043948089649101,68.90770632424777
C4,1,8.04672586742688,68.86492854647
C4,1,8.058868409873746,69.52062583860078
C4,1,8.061646187651522,69.47784806082299
C4,1,8.067577788759523,69.79815452065498
C4,1,8.141443449663125,69.47371007621052
C4,1,8.209088527807795,69.14926563176607
C4,1,8.211866305585573,69.1064878539883
C4,1,8.218395637325335,69.45907176793547
C4,1,8.260062303992003,69.17740510126879
C4,1,8.307410090281547,68.93851621237991
C4,1,8.360773477351788,68.69962732349101
C4,1,8.423030318034025,68.3324051012688
C4,1,8.467474762478469,68.00796065682435
C4,1,8.511919206922913,67.6835162123799
C4,1,8.58955839669731,67.40184954571323
C4,1,8.641667767099174,67.07740510126878
C4,1,8.68611221154362,66.75296065682433
C4,1,8.727778878210286,66.47129399015766
C4,1,8.730556655988064,66.42851621237989
C4,1,8.734457495622886,66.59579959291777
C4,1,8.737235273400664,66.55302181513999
C4,1,8.737235273400664,66.55302181513999
C4,1,8.740013051178442,66.51024403736221
C4,1,8.744383911900929,66.74627051637654
C4,1,8.788828356345373,66.42182607193209
C4,1,8.827717245234263,66.1829371830432
C4,1,8.863828356345374,65.98682607193209
C4,1,8.910586275241647,65.79071496082098
C4,1,8.929244291615039,65.7479371830432
C4,1,8.930903038762185,65.84248577043054
C4,1,8.933680816539963,65.79970799265277
C4,1,8.93604166727104,65.91281270183956
C4,1,8.974930556159928,65.67392381295066
C4,1,9.00424429161504,65.63114603517289
C4,1,9.020910958281705,66.58114603517288
C4,1,9.081514583412051,66.38503492406177
C4,1,9.15341944099228,66.14614603517288
C4,1,9.235634236700662,65.82170159072844
C4,1,9.29155853653693,65.62559047961733
C4,1,9.333225203203597,65.34392381295065
C4,1,9.418573810375912,65.01947936850621
C4,1,9.455654414730676,64.8233682573951
C4,1,9.500491457789986,64.58447936850621
C4,1,9.542158124456654,64.30281270183954
C4,1,9.583442693217213,64.06392381295065
C4,1,9.596388093024876,64.02114603517288
C4,1,9.596388093024876,64.02114603517288
C4,1,9.601943648580432,63.97836825739509
C4,1,9.618610315247098,64.92836825739509
C4,1,9.621388093024876,64.8855904796173
C4,1,9.623718056546936,65.01839840037466
C4,1,9.626495834324713,64.97562062259689
C4,1,9.630637679106465,65.21170577515677
C4,1,9.633415456884244,65.16892799737899
C4,1,9.65008212355091,66.06892799737899
C4,1,9.718277133332855,65.8300391084901
C4,1,9.73249886087031,65.78726133071233
C4,1,9.73631889691677,66.00500338536057
C4,1,9.739096674694547,65.96222560758278
C4,1,9.742847903701849,66.17604566099892
C4,1,9.79551011628876,65.89437899433226
C4,1,9.79998025778654,65.85160121655449
C4,1,9.815560609473637,66.69294020765781
C4,1,9.82345283527705,66.65016242988003
C4,1,9.82345283527705,66.65016242988003
C4,1,9.826230613054829,66.60738465210225
C4,1,9.829145851236898,66.76673690868884
C4,1,9.87636807345912,66.39951468646662
C4,1,9.881964596803202,66.35673690868884
C4,1,9.892826346024442,66.90806169432281
C4,1,9.89560412380222,66.86528391654504
C4,1,9.901661447165152,67.1727438326747
C4,1,9.987829703481543,66.80552161045247
C4,1,10.052466942047783,66.43829938823026
C4,1,10.055244719825561,66.39552161045248
C4,1,10.062555544852179,66.79514469190997
C4,1,10.109777767074402,66.42792246968774
C4,1,10.157252871148385,66.18903358079886
C4,1,10.193363982259497,65.99292246968776
C4,1,10.196141760037275,65.95014469190997
C4,1,10.196572020495486,65.97198401539815
C4,1,10.199349798273264,65.92920623762038
C4,1,10.200567041769842,65.99099154458575
C4,1,10.247789263992065,65.62376932236353
C4,1,10.28945593065873,65.34210265569686
C4,1,10.292233708436509,65.29932487791909
C4,1,10.293605817158912,65.3689708927402
C4,1,10.335272483825579,65.08730422607353
C4,1,10.379716928270023,64.76285978162907
C4,1,10.382494706047801,64.7200820038513
C4,1,10.385224912868987,64.85088199237461
C4,1,10.421336023980098,64.6547708812635
C4,1,10.424113801757874,64.61199310348572
C4,1,10.438492083599812,65.34181138531356
C4,1,10.441269861377588,65.29903360753579
C4,1,10.454521050974428,65.93387761779074
C4,1,10.457298828752206,65.89109984001297
C4,1,10.467352880383519,66.37277391238877
C4,1,10.470130658161295,66.32999613461098
C4,1,10.48223524711885,66.9836439383188
C4,1,10.545089223215145,66.7875328272077
C4,1,10.6024755278263,66.50586616054103
C4,1,10.691484934387544,66.30975504942992
C4,1,10.757969533982743,65.98531060498547
C4,1,10.890634290591255,65.61808838276325
C4,1,10.940327998393537,65.42197727165214
C4,1,10.943105776171313,65.37919949387437
C4,1,10.95125764744866,65.81940054285107
C4,1,10.954035425226438,65.77662276507328
C4,1,10.962604413393953,66.26505509062164
C4,1,11.0332888888245,65.89783286839943
C4,1,11.036066666602279,65.85505509062165
C4,1,11.052733333268947,66.27927970292781
C4,1,11.061308441546032,66.23650192515002
C4,1,11.06655308583034,66.50271156844742
C4,1,11.124001730049876,66.26382267955854
C4,1,11.167106889586153,66.06771156844744
C4,1,11.21370472125504,65.78604490178076
C4,1,11.216482499032818,65.74326712400298
C4,1,11.216482499032818,65.74326712400298
C4,1,11.255371387921706,65.50437823511409
C4,1,11.260337147185556,65.46160045733632
C4,1,11.261406659504924,65.51588716919076
C4,1,11.315527612751675,65.2342205025241
C4,1,11.37120287948449,64.99533161363522
C4,1,11.37727883781501,64.95255383585743
C4,1,11.389575341489156,65.65345454528372
C4,1,11.392353119266934,65.61067676750595
C4,1,11.39846905353335,65.95928502069165
C4,1,11.425818624048475,65.91650724291387
C4,1,11.428817307516306,66.06016953257406
C4,1,11.431595085294084,66.01739175479628
C4,1,11.436344587338173,66.27700823246292
C4,1,11.439122365115951,66.23423045468513
C4,1,11.45357528235828,67.0242533732204
C4,1,11.456353060136058,66.98147559544262
C4,1,11.473019726802724,67.88147559544262
C4,1,11.491458219075012,67.83869781766484
C4,1,11.508124885741678,68.74972833292247
C4,1,11.574328178904901,68.55361722181136
C4,1,11.57710595668268,68.51083944403358
C4,1,11.593772623349345,69.30931368115213
C4,1,11.596550401127123,69.26653590337436
C4,1,11.604741268688336,69.65894770701107
C4,1,11.688030398001462,69.29172548478884
C4,1,11.80266502201077,69.05283659589996
C4,1,11.805442799788548,69.01005881812218
C4,1,11.807275512411483,69.11452343762947
C4,1,11.843386623522594,68.91841232651836
C4,1,11.897339799628229,68.55119010429614
C4,1,11.93708936745706,68.31230121540726
C4,1,11.95055379983765,68.26952343762947
C4,1,11.955690303776837,68.55029414745
C4,1,11.958468081554615,68.50751636967223
C4,1,11.970634420449661,69.12506001265609
C4,1,12.01458251353968,68.8861711237672
C4,1,12.05347140242857,68.64728223487832
C4,1,12.094035681178294,68.45117112376721
C4,1,12.132924570067184,68.21228223487832
C4,1,12.171813458956072,67.97339334598944
C4,1,12.213415387737049,67.77728223487833
C4,1,12.220844173204204,67.73450445710054
C4,1,12.220844173204204,67.73450445710054
C4,1,12.27098773087823,67.41006001265609
C4,1,12.341071085653732,67.17117112376721
C4,1,12.343848863431509,67.12839334598942
C4,1,12.343848863431509,67.12839334598942
C4,1,12.385515530098177,66.84672667932276
C4,1,12.411194870815741,66.80394890154497
C4,1,12.415822252389164,67.03882729010375
C4,1,12.463529391977302,66.79993840121486
C4,1,12.46630716975508,66.75716062343709
C4,1,12.480238364293351,67.51866522373848
C4,1,12.48301614207113,67.47588744596071
C4,1,12.498367178270769,68.25508116233517
C4,1,12.501144956048545,68.21230338455739
C4,1,12.504188591978526,68.3857906325662
C4,1,12.506966369756302,68.34301285478843
C4,1,12.506966369756302,68.34301285478843
C4,1,12.50974414753408,68.30023507701064
C4,1,12.525574554710875,69.16555411743138
C4,1,12.528352332488652,69.1227763396536
C4,1,12.531540393255801,69.2949316210796
C4,1,12.56765150436691,69.09882050996849
C4,1,12.609318171033578,68.81715384330181
C4,1,12.612095948811355,68.77437606552404
C4,1,12.618915352238472,69.16308206086973
C4,1,12.657804241127362,68.92419317198085
C4,1,12.697986524838424,68.68530428309195
C4,1,12.700764302616202,68.64252650531417
C4,1,12.701442521811085,68.6791503418379
C4,1,12.74588696625553,68.35470589739344
C4,1,12.78199807736664,68.15859478628234
C4,1,12.787985626070476,68.11581700850455
C4,1,12.800308099497718,68.78123057357563
C4,1,12.860226783042789,68.49956390690896
C4,1,12.863004560820567,68.45678612913117
C4,1,12.863004560820567,68.45678612913117
C4,1,12.899115671931678,68.26067501802007
C4,1,12.961111696486197,67.9790083513534
C4,1,13.018399429276464,67.65456390690895
C4,1,13.06763908346266,67.41567501802007
C4,1,13.070416861240439,67.37289724024228
C4,1,13.076014023170131,67.58404660406421
C4,1,13.07879180094791,67.54126882628644
C4,1,13.07879180094791,67.54126882628644
C4,1,13.117680689836797,67.30237993739755
C4,1,13.122990360135487,67.25960215961977
C4,1,13.127652151278802,67.49622712217483
C4,1,13.13042992905658,67.45344934439706
C4,1,13.133025691976746,67.58520606298507
C4,1,13.135803469754523,67.5424282852073
C4,1,13.139229547086948,67.72743646115829
C4,1,13.142007324864727,67.68465868338052
C4,1,13.142461374154472,67.70917734502673
C4,1,13.14523915193225,67.66639956724894
C4,1,13.150079016674159,67.9277522633121
C4,1,13.194523461118605,67.60330781886765
C4,1,13.233412350007493,67.36441892997877
C4,1,13.236190127785271,67.32164115220098
C4,1,13.245184517514044,67.83432136674108
C4,1,13.247962295291822,67.7915435889633
C4,1,13.251663958216731,67.95028548703124
C4,1,13.254441735994508,67.90750770925345
C4,1,13.267082109265075,68.54911256881894
C4,1,13.269859887042854,68.50633479104116
C4,1,13.286526553709521,69.22106715722424
C4,1,13.339461472432193,68.85384493500203
C4,1,13.386683694654415,68.4866227127798
C4,1,13.425572583543303,68.24773382389093
C4,1,13.472794805765526,67.8805116016687
C4,1,13.475572583543304,67.83773382389093
C4,1,13.475572583543304,67.83773382389093
C4,1,13.520017027987748,67.51328937944648
C4,1,13.558905916876636,67.27440049055758
C4,1,13.623458121099219,66.94995604611313
C4,1,13.68123157053572,66.66828937944646
C4,1,13.72546721597187,66.3866227127798
C4,1,13.761578327082981,66.19051160166869
C4,1,13.85006451638199,65.82328937944646
C4,1,13.90676608966065,65.58440049055758
C4,1,14.059094617914685,65.25995604611313
C4,1,14.10076128458135,64.97828937944647
C4,1,14.144988437714034,64.73940049055757
C4,1,14.155672834207996,64.6966227127798
C4,1,14.172339500874664,65.64662271277979
C4,1,14.175117278652442,65.60384493500202
C4,1,14.179477468258348,65.85237574253868
C4,1,14.182255246036126,65.8095979647609
C4,1,14.183599741304615,65.8822007092593
C4,1,14.186377519082392,65.83942293148152
C4,1,14.203044185749059,66.73942293148151
C4,1,14.21770804364948,66.69664515370374
C4,1,14.222394690420108,66.89762704185385
C4,1,14.225172468197886,66.85484926407608
C4,1,14.24108160370005,67.71394258119282
C4,1,14.3169183393831,67.47505369230393
C4,1,14.325318186570087,67.43227591452616
C4,1,14.331284111623749,67.71809416188184
C4,1,14.334061889401525,67.67531638410405
C4,1,14.345388957970968,68.10262282126774
C4,1,14.348166735748746,68.05984504348996
C4,1,14.357375488885276,68.55711771286258
C4,1,14.360153266663053,68.5143399350848
C4,1,14.365741005757293,68.81977598465386
C4,1,14.368518783535071,68.77699820687607
C4,1,14.373635023874334,69.05327518519624
C4,1,14.409746134985445,68.85716407408513
C4,1,14.473685325648612,68.61827518519624
C4,1,14.555414550429585,68.37938629630736
C4,1,14.558192328207364,68.33660851852957
C4,1,14.57485899487403,69.18258150502282
C4,1,14.629194692144377,68.85813706057837
C4,1,14.631972469922156,68.81535928280059
C4,1,14.636808601736263,69.07651040076242
C4,1,14.672919712847374,68.88039928965131
C4,1,14.684699052641303,68.83762151187352
C4,1,14.685687309154757,68.88778381071995
C4,1,14.756015400436645,68.52056158849773
C4,1,14.770727852797545,68.47778381071996
C4,1,14.77847453942005,68.89610488833517
C4,1,14.781252317197827,68.85332711055739
C4,1,14.784782503438812,69.04395716757058
C4,1,14.78756028121659,69.0011793897928
C4,1,14.795106313765075,69.408665147411
C4,1,14.797884091542853,69.36588736963321
C4,1,14.798513753496755,69.40030584489124
C4,1,14.801291531274533,69.35752806711346
C4,1,14.817958197941199,70.20350105360671
C4,1,14.820735975718977,70.16072327582893
C4,1,14.826367789498779,70.44658501518934
C4,1,14.876685439237725,70.12214057074489
C4,1,14.92173257439593,69.92602945963378
C4,1,14.99982216301789,69.72991834852267
C4,1,15.002599940795669,69.6871405707449
C4,1,15.019266607462335,70.53311355723815
C4,1,15.022044385240113,70.49033577946037
C4,1,15.025733729058963,70.67760089197833
C4,1,15.079263922142351,70.39593422531166
C4,1,15.08204169992013,70.35315644753388
C4,1,15.098708366586795,70.77738105984004
C4,1,15.164382247774679,70.45293661539559
C4,1,15.211604469996901,70.08571439317338
C4,1,15.272165906310697,69.76126994872892
C4,1,15.274943684088475,69.71849217095114
C4,1,15.279848936997835,69.98337582805664
C4,1,15.321515603664501,69.70170916138997
C4,1,15.32429338144228,69.65893138361218
C4,1,15.340960048108947,70.45740562073075
C4,1,15.366288420187793,70.41462784295297
C4,1,15.38295508685446,71.26060082944622
C4,1,15.385732864632237,71.21782305166843
C4,1,15.385732864632237,71.21782305166843
C4,1,15.411354297158326,71.17504527389066
C4,1,15.421093822187643,71.66940777845537
C4,1,15.46276048885431,71.62663000067758
C4,1,15.479427155520977,72.53766051593522
C4,1,15.490456750304213,72.49488273815743
C4,1,15.492490730530209,72.60471767036121
C4,1,15.500910097258794,72.56193989258342
C4,1,15.517576763925462,73.47297040784106
C4,1,15.520354541703238,73.43019263006327
C4,1,15.521650415061714,73.5010274404721
C4,1,15.524428192839492,73.45824966269431
C4,1,15.529795508248274,73.76418664099494
C4,1,15.532573286026052,73.72140886321715
C4,1,15.532573286026052,73.72140886321715
C4,1,15.53535106380383,73.67863108543938
C4,1,15.53535106380383,73.67863108543938
C4,1,15.579795508248274,73.35418664099493
C4,1,15.649581880134562,73.07251997432826
C4,1,15.69014378001953,72.83363108543936
C4,1,15.757674448562172,72.5519644187727
C4,1,15.802230239214618,72.3130755298838
C4,1,15.881696692701322,71.98863108543935
C4,1,15.8844744704791,71.94585330766158
C4,1,15.886522527672165,72.06259256766624
C4,1,15.889300305449943,72.01981478988846
C4,1,15.889300305449943,72.01981478988846
C4,1,15.936522527672164,71.65259256766625
C4,1,15.939300305449942,71.60981478988846
C4,1,15.942411099450466,71.77779766591671
C4,1,15.945188877228244,71.73501988813894
C4,1,15.96185554389491,72.68501988813892
C4,1,15.964633321672688,72.64224211036114
C4,1,15.974251243193237,73.1904636370324
C4,1,16.071746420685212,72.99435252592129
C4,1,16.074524198462992,72.95157474814351
C4,1,16.079437335061176,73.16226941291566
C4,1,16.115548446172287,72.96615830180455
C4,1,16.157215112838955,72.68449163513789
C4,1,16.2016595572834,72.36004719069344
C4,1,16.243326223950067,72.07838052402677
C4,1,16.28777066839451,71.75393607958232
C4,1,16.303270031408882,71.71115830180453
C4,1,16.313774564477317,72.30991668670535
C4,1,16.316552342255093,72.26713890892758
C4,1,16.317423800145413,72.31137269897212
C4,1,16.374282356021578,71.9441504767499
C4,1,16.415068295485398,71.70526158786102
C4,1,16.512245728655028,71.38081714341656
C4,1,16.570164219673227,71.0991504767499
C4,1,16.58648788376752,71.05637269897211
C4,1,16.603154550434187,72.00637269897211
C4,1,16.605932328211967,71.96359492119433
C4,1,16.606125326429638,71.97459581960155
C4,1,16.661873651837613,71.60737359737934
C4,1,16.703540318504277,71.32570693071266
C4,1,16.76314764267599,71.00126248626822
C4,1,16.831759726367142,70.76237359737932
C4,1,16.834537504144922,70.71959581960155
C4,1,16.843270729885045,71.19696992835468
C4,1,16.84604850766282,71.15419215057689
C4,1,16.848218155763465,71.27135314801166
C4,1,16.850995933541242,71.22857537023387
C4,1,16.86217332942373,71.83955229403757
C4,1,16.86495110720151,71.79677451625979
C4,1,16.881617773868175,72.59524875337834
C4,1,16.88439555164595,72.55247097560057
C4,1,16.885688789028364,72.6144279795406
C4,1,16.92910336282058,72.41831686842949
C4,1,16.995549252134627,72.09387242398503
C4,1,17.080449261612152,71.85498353509615
C4,1,17.13807132269847,71.5305390906517
C4,1,17.183552032748693,71.24887242398503
C4,1,17.18632981052647,71.20609464620725
C4,1,17.18632981052647,71.20609464620725
C4,1,17.22521869941536,70.96720575731837
C4,1,17.227996477193138,70.92442797954058
C4,1,17.233052544741803,71.19745562716848
C4,1,17.274719211408467,70.91578896050181
C4,1,17.277496989186247,70.87301118272403
C4,1,17.28674178614897,71.26946451920699
C4,1,17.289519563926746,71.22668674142922
C4,1,17.294620790305146,71.48561672427603
C4,1,17.330731901416257,71.28950561316492
C4,1,17.3751763458607,70.96506116872047
C4,1,17.450675543545906,70.59783894649824
C4,1,17.455356433319857,70.55506116872047
C4,1,17.472023099986522,71.50506116872046
C4,1,17.474800877764302,71.46228339094269
C4,1,17.48720302580911,72.16920582949679
C4,1,17.528869692475777,72.126428051719
C4,1,17.536384378628433,72.50786134094646
C4,1,17.539162156406213,72.46508356316868
C4,1,17.545512473568426,72.82705164141488
C4,1,17.551068029123982,72.78427386363711
C4,1,17.567734695790648,73.7342738636371
C4,1,17.570512473568428,73.69149608585931
C4,1,17.579479720098526,74.20262913807495
C4,1,17.582257497876302,74.15985136029718
C4,1,17.582257497876302,74.15985136029718
C4,1,17.629479720098526,73.79262913807496
C4,1,17.676176047413076,73.74985136029719
C4,1,17.688030825059247,74.42557368612896
C4,1,17.762612953144664,74.18668479724006
C4,1,17.765390730922444,74.14390701946229
C4,1,17.778607077211845,74.85758971908997
C4,1,17.828647439629844,74.61870083020108
C4,1,17.893708566283774,74.25147860797885
C4,1,17.935375232950438,73.96981194131219
C4,1,17.97426412183933,73.73092305242331
C4,1,17.977041899617106,73.68814527464552
C4,1,17.988303056883726,74.29624776704297
C4,1,17.991080834661503,74.25346998926518
C4,1,17.996741957864128,74.5591706422069
C4,1,17.999519735641904,74.51639286442912
C4,1,18.002697212238736,74.6879766006579
C4,1,18.005474990016513,74.64519882288012
C4,1,18.019753636035354,75.42569575726368
C4,1,18.02253141381313,75.38291797948591
C4,1,18.02253141381313,75.38291797948591
C4,1,18.05864252492424,75.1868068683748
C4,1,18.107389033426756,74.86236242393035
C4,1,18.143500144537867,74.66625131281924
C4,1,18.196976164871902,74.29902909059703
C4,1,18.241552667831225,73.97458464615258
C4,1,18.244330445609005,73.93180686837479
C4,1,18.244330445609005,73.93180686837479
C4,1,18.28877489005345,73.60736242393034
C4,1,18.33599711227567,73.24014020170813
C4,1,18.38321933449789,72.8729179794859
C4,1,18.422108223386783,72.63402909059702
C4,1,18.467703188136483,72.43791797948592
C4,1,18.539823958049222,72.24180686837481
C4,1,18.587848197873114,71.91736242393036
C4,1,18.665364136876185,71.87458464615257
C4,1,18.68203080354285,72.67305888327114
C4,1,18.768636831295815,72.43416999438224
C4,1,18.81601120717837,72.15250332771558
C4,1,18.909240915530354,71.82805888327113
C4,1,18.982212147810152,71.58916999438225
C4,1,19.03992050938506,71.2647255499378
C4,1,19.114236766951926,71.06861443882669
C4,1,19.117014544729702,71.0258366610489
C4,1,19.117014544729702,71.0258366610489
C4,1,19.15868121139637,70.74416999438223
C4,1,19.262847353825098,70.41972554993778
C4,1,19.3134807561144,70.05250332771557
C4,1,19.39160400284683,69.72805888327112
C4,1,19.39438178062461,69.68528110549333
C4,1,19.4004489477454,69.83971160267016
C4,1,19.439337836634287,69.60082271378127
C4,1,19.450467414037362,69.5580449360035
C4,1,19.45366488911791,69.7307085903531
C4,1,19.45644266689569,69.68793081257532
C4,1,19.472538866197482,70.37819928938677
C4,1,19.522784513022508,70.01097706716455
C4,1,19.567228957466952,69.6865326227201
C4,1,19.570006735244732,69.64375484494232
C4,1,19.58160361064044,70.26998611631048
C4,1,19.584381388418215,70.2272083385327
C4,1,19.588110994646044,70.41651710567275
C4,1,19.63533321686827,70.04929488345053
C4,1,19.638110994646045,70.00651710567276
C4,1,19.646082253364465,70.20941335403762
C4,1,19.648860031142245,70.16663557625984
C4,1,19.66552669780891,70.590860188566
C4,1,19.683947389653785,70.54808241078821
C4,1,19.689319815777726,70.84174905918084
C4,1,19.74097787518592,70.51730461473639
C4,1,19.79755813432666,70.23563794806972
C4,1,19.833669245437772,70.03952683695861
C4,1,19.836447023215552,69.99674905918083
C4,1,19.84971885732321,70.71342810099438
C4,1,19.891385523989875,70.43176143432771
C4,1,19.894557598586665,70.38898365654993
C4,1,19.895849052047502,70.45957686726152
C4,1,19.947976440624036,70.09235464503931
C4,1,20.00478938402908,69.85346575615041
C4,1,20.01652561943648,69.81068797837263
C4,1,20.017828163075162,69.88493296577757
C4,1,20.02060594085294,69.8421551879998
C4,1,20.02060594085294,69.8421551879998
C4,1,20.059494829741826,69.6032662991109
C4,1,20.062272607519606,69.56048852133311
C4,1,20.073989604666497,70.19320636726533
C4,1,20.076767382444277,70.15042858948755
C4,1,20.076881525033826,70.15666783241782
C4,1,20.118548191700494,69.87500116575114
C4,1,20.16366002226263,69.67889005464004
C4,1,20.22053604436949,69.63611227686226
C4,1,20.221896977647006,69.70960267384821
C4,1,20.224674755424786,69.66682489607042
C4,1,20.241341422091452,70.56682489607043
C4,1,20.24411919986923,70.52404711829264
C4,1,20.260785866535898,71.42404711829265
C4,1,20.279957982347845,71.38126934051486
C4,1,20.2843525722362,71.61857719448615
C4,1,20.28713035001398,71.57579941670838
C4,1,20.296676246610144,72.09127783290108
C4,1,20.29945402438792,72.0485000551233
C4,1,20.29945402438792,72.0485000551233
C4,1,20.302231802165696,72.00572227734551
C4,1,20.302231802165696,72.00572227734551
C4,1,20.338342913276808,71.8096111662344
C4,1,20.37445402438792,71.6135000551233
C4,1,20.421676246610144,71.24627783290109
C4,1,20.434352572236204,71.2035000551233
C4,1,20.434352572236204,71.2035000551233
C4,1,20.43713035001398,71.16072227734553
C4,1,20.448134556178733,71.75494941024223
C4,1,20.450912333956513,71.71217163246445
C4,1,20.450912333956513,71.71217163246445
C4,1,20.45369011173429,71.66939385468667
C4,1,20.470356778400955,72.46786809180523
C4,1,20.473134556178735,72.42509031402746
C4,1,20.4898012228454,73.22356455114601
C4,1,20.492579000623177,73.18078677336824
C4,1,20.501540225545092,73.6101052073586
C4,1,20.58052767574261,73.24288298513638
C4,1,20.669159360943752,73.0039940962475
C4,1,20.726420268122148,72.67954965180304
C4,1,20.76253137923326,72.48343854069194
C4,1,20.76530915701104,72.44066076291415
C4,1,20.77898001355733,73.17888701641397
C4,1,20.78175779133511,73.1361092386362
C4,1,20.78175779133511,73.1361092386362
C4,1,20.817868902446218,72.93999812752509
C4,1,20.865091124668442,72.57277590530286
C4,1,20.90675779133511,72.2911092386362
C4,1,20.923112907578886,72.24833146085842
C4,1,20.925577979954337,72.38144536913266
C4,1,21.007229053848963,72.01422314691044
C4,1,21.054758659510036,71.73255648024377
C4,1,21.057536437287812,71.68977870246599
C4,1,21.07420310395448,72.53575168895924
C4,1,21.096425326176703,72.49297391118145
C4,1,21.09792608098007,72.56914979256133
C4,1,21.100703858757846,72.52637201478356
C4,1,21.107045983762042,72.8878731400226
C4,1,21.10982376153982,72.84509536224483
C4,1,21.124218226625494,73.66557987212832
C4,1,21.12699600440327,73.62280209435053
C4,1,21.143662671069936,74.4212763314691
C4,1,21.153846891486356,74.37849855369132
C4,1,21.15505563190933,74.44457051831279
C4,1,21.15783340968711,74.40179274053502
C4,1,21.16047774048261,74.55251959587848
C4,1,21.16325551826039,74.5097418181007
C4,1,21.179922184927054,75.4097418181007
C4,1,21.18269996270483,75.36696404032291
C4,1,21.1993666293715,76.26696404032292
C4,1,21.221588851593722,76.22418626254513
C4,1,21.238255518260388,77.12418626254514
C4,1,21.26047774048261,77.08140848476735
C4,1,21.271466689648843,77.67481173974386
C4,1,21.27424446742662,77.63203396196609
C4,1,21.290911134093285,78.58203396196608
C4,1,21.293688911871065,78.5392561841883
C4,1,21.293688911871065,78.5392561841883
C4,1,21.33535557853773,78.49647840641052
C4,1,21.3454186545898,79.03988451322226
C4,1,21.348196432367576,78.99710673544448
C4,1,21.348196432367576,78.99710673544448
C4,1,21.35588330596401,78.9543289576667
C4,1,21.370677823053907,79.75323288052128
C4,1,21.373455600831686,79.71045510274351
C4,1,21.390122267498352,80.6104551027435
C4,1,21.39290004527613,80.56767732496573
C4,1,21.409566711942798,81.46767732496572
C4,1,21.412344489720574,81.42489954718795
C4,1,21.42050357316436,81.8654900531523
C4,1,21.423281350942137,81.82271227537453
C4,1,21.423281350942137,81.82271227537453
C4,1,21.426059128719913,81.77993449759674
C4,1,21.442725795386583,82.67993449759675
C4,1,21.44550357316436,82.63715671981896
C4,1,21.462170239831025,83.53715671981897
C4,1,21.464948017608805,83.49437894204118
C4,1,21.469491673459977,83.73973635800456
C4,1,21.472269451237754,83.69695858022678
C4,1,21.4780332445754,84.00820342045968
C4,1,21.48081102235318,83.96542564268191
C4,1,21.487896733257962,84.32508484361466
C4,1,21.49067451103574,84.28230706583687
C4,1,21.49622762125637,84.58217501775101
C4,1,21.49900539903415,84.53939723997324
C4,1,21.506492452972473,84.9661593144577
C4,1,21.50927023075025,84.92338153667993
C4,1,21.525936897416916,85.76935452317316
C4,1,21.528714675194696,85.72657674539539
C4,1,21.532514349700833,85.91944206477496
C4,1,21.53529212747861,85.87666428699717
C4,1,21.551958794145275,86.77666428699717
C4,1,21.554736571923055,86.73388650921939
C4,1,21.56733220210331,87.4140505389531
C4,1,21.570109979881085,87.37127276117532
C4,1,21.570109979881085,87.37127276117532
C4,1,21.572887757658865,87.32849498339755
C4,1,21.578446143878388,87.6286478392518
C4,1,21.581223921656164,87.58587006147401
C4,1,21.593712667201952,88.18418655580842
C4,1,21.59649044497973,88.14140877803065
C4,1,21.607060088932936,88.71216955150388
C4,1,21.609837866710716,88.6693917737261
C4,1,21.626156009320983,89.55057147468062
C4,1,21.628933787098763,89.50779369690285
C4,1,21.6380487186376,90.0
C4,1,21.678625044424987,89.76111111111112
C4,1,21.730908858033153,89.47944444444444
C4,1,21.76979774692204,89.24055555555556
C4,1,21.817019969144265,88.87333333333333
C4,1,21.864242191366486,88.50611111111112
C4,1,21.920024453641254,88.26722222222223
C4,1,21.96724667586348,87.9
C4,1,22.02158395217374,87.61833333333334
C4,1,22.119794316292488,87.25111111111113
C4,1,22.171152059578283,87.05500000000002
C4,1,22.219470304736827,86.73055555555557
C4,1,22.297738033959384,86.40611111111112
C4,1,22.337258753890335,86.21000000000001
C4,1,22.38170319833478,85.88555555555556
C4,1,22.454992028613344,85.51833333333335
C4,1,22.513014321880142,85.15111111111112
C4,1,22.51579209965792,85.10833333333335
C4,1,22.52033030338001,85.35639985785008
C4,1,22.55644141449112,85.16028874673897
C4,1,22.599319370998693,84.96417763562786
C4,1,22.658089201610213,84.63973319118341
C4,1,22.703656170470932,84.4436220800723
C4,1,22.78687121412426,84.16195541340564
C4,1,22.835736377201453,83.92306652451674
C4,1,22.880180821645897,83.59862208007229
C4,1,22.92462526609034,83.27417763562785
C4,1,22.973880545167596,83.03528874673896
C4,1,23.022946772742603,82.75362208007229
C4,1,23.12394048762237,82.47195541340562
C4,1,23.168384932066814,82.14751096896117
C4,1,23.24835814218369,81.8658443022945
C4,1,23.30588029387456,81.58417763562782
C4,1,23.358445195095697,81.34528874673894
C4,1,23.451999110918223,81.14917763562784
C4,1,23.496443555362667,80.82473319118338
C4,1,23.54361204406697,80.54306652451672
C4,1,23.592620703925387,80.26139985785005
C4,1,23.688298193562016,79.97973319118337
C4,1,23.738767095860748,79.65528874673893
C4,1,23.791256297671506,79.45917763562782
C4,1,23.83266382659701,79.26306652451672
C4,1,23.835441604374786,79.22028874673893
C4,1,23.852108271041455,80.12028874673894
C4,1,23.854886048819232,80.07751096896115
C4,1,23.854886048819232,80.07751096896115
C4,1,23.85766382659701,80.03473319118338
C4,1,23.85766382659701,80.03473319118338
C4,1,23.89377493770812,79.83862208007227
C4,1,23.906703619271198,79.79584430229448
C4,1,23.9085572241869,79.90149978248941
C4,1,23.911335001964677,79.85872200471164
C4,1,23.925472452659815,80.62214434224904
C4,1,23.92825023043759,80.57936656447127
C4,1,23.92825023043759,80.57936656447127
C4,1,23.964361341548702,80.38325545336016
C4,1,23.967139119326482,80.34047767558238
C4,1,23.967139119326482,80.34047767558238
C4,1,24.008805785993147,80.05881100891571
C4,1,24.044916897104258,79.8626998978046
C4,1,24.05583189037781,79.81992212002682
C4,1,24.070075954050118,80.63183374934837
C4,1,24.14764921101025,80.35016708268171
C4,1,24.186538099899142,80.11127819379283
C4,1,24.245873987149547,79.87238930490393
C4,1,24.292629320772875,79.59072263823727
C4,1,24.361792561208723,79.39461152712616
C4,1,24.43373010416976,79.02738930490393
C4,1,24.46984121528087,78.83127819379283
C4,1,24.511507881947537,78.54961152712616
C4,1,24.515438433657053,78.50683374934839
C4,1,24.525557723089992,78.99163326395723
C4,1,24.56972274157701,78.70996659729056
C4,1,24.572500519354787,78.66718881951277
C4,1,24.572500519354787,78.66718881951277
C4,1,24.614167186021454,78.38552215284611
C4,1,24.6586116304659,78.06107770840165
C4,1,24.661389408243675,78.01829993062388
C4,1,24.661389408243675,78.01829993062388
C4,1,24.697500519354787,77.82218881951277
C4,1,24.75175402461479,77.49774437506832
C4,1,24.862042894521778,77.25885548617943
C4,1,24.864820672299555,77.21607770840166
C4,1,24.864820672299555,77.21607770840166
C4,1,24.900931783410666,77.01996659729055
C4,1,24.956976766285294,76.6955221528461
C4,1,24.95975454406307,76.65274437506831
C4,1,24.962135562208,76.78846240932941
C4,1,25.00380222887467,76.50679574266273
C4,1,25.01342078249162,76.46401796488496
C4,1,25.030087449158287,77.37504848014258
C4,1,25.086901327769446,77.00782625792037
C4,1,25.15684837023269,76.64060403569815
C4,1,25.204445684423813,76.40171514680925
C4,1,25.21838784121609,76.35893736903148
C4,1,25.22602734883707,76.7467063936792
C4,1,25.228805126614848,76.70392861590142
C4,1,25.23523486428847,77.05538984944752
C4,1,25.238012642066245,77.01261207166974
C4,1,25.23921729150038,77.0776631411131
C4,1,25.275328402611493,76.881552030002
C4,1,25.278106180389273,76.83877425222421
C4,1,25.281919565222072,77.04469703319545
C4,1,25.28469734299985,77.00191925541768
C4,1,25.287520723962256,77.15625042819474
C4,1,25.290298501740036,77.11347265041695
C4,1,25.299433004805067,77.50519614979166
C4,1,25.33832189369396,77.26630726090276
C4,1,25.38974374776086,77.22352948312499
C4,1,25.406410414427526,78.12352948312498
C4,1,25.41320821139726,78.08075170534721
C4,1,25.41772754806169,78.3101459094457
C4,1,25.471369751709297,78.11403479833459
C4,1,25.474147529487073,78.0712570205568
C4,1,25.484480468500163,78.56629215629691
C4,1,25.536608572372252,78.24184771185246
C4,1,25.578275239038916,77.96018104518579
C4,1,25.617164127927808,77.72129215629691
C4,1,25.656053016816696,77.48240326740802
C4,1,25.692164127927807,77.28629215629691
C4,1,25.694941905705583,77.24351437851912
C4,1,25.694941905705583,77.24351437851912
C4,1,25.697719683483363,77.20073660074135
C4,1,25.702852843548605,77.47792724426441
C4,1,25.741741732437493,77.23903835537553
C4,1,25.75115782929927,77.19626057759774
C4,1,25.765681511541555,78.02411046540796
C4,1,25.821387217399682,77.65688824318573
C4,1,25.868948503200336,77.46077713207463
C4,1,25.871726280978113,77.41799935429685
C4,1,25.876484000062753,77.67806499044468
C4,1,25.879261777840533,77.63528721266691
C4,1,25.8959284445072,78.5352872126669
C4,1,25.90270258500378,78.49250943488913
C4,1,25.903302589923857,78.52670971533348
C4,1,25.906080367701637,78.4839319375557
C4,1,25.922747034368303,79.43393193755568
C4,1,25.92552481214608,79.39115415977791
C4,1,25.942191478812745,80.3411541597779
C4,1,25.944969256590525,80.29837638200013
C4,1,25.946665456276662,80.39505976410994
C4,1,25.97166545627666,80.35228198633216
C4,1,25.987016747340835,81.22730557698998
C4,1,25.98979452511861,81.18452779921219
C4,1,26.001876464059652,81.87319831885159
C4,1,26.004654241837432,81.8304205410738
C4,1,26.006025835014626,81.90860135217383
C4,1,26.008803612792402,81.86582357439605
C4,1,26.008803612792402,81.86582357439605
C4,1,26.056025835014626,81.49860135217382
C4,1,26.105338717155945,81.30249024106271
C4,1,26.10811649493372,81.25971246328494
C4,1,26.12310559458213,82.02053486694956
C4,1,26.187156385480712,81.82442375583845
C4,1,26.2260452743696,81.58553486694956
C4,1,26.23258845952721,81.54275708917179
C4,1,26.241638484035008,82.00212166481374
C4,1,26.244416261812788,81.95934388703596
C4,1,26.256162236176863,82.59362650269615
C4,1,26.258940013954643,82.55084872491838
C4,1,26.266982652712638,82.98515121785013
C4,1,26.269760430490415,82.94237344007234
C4,1,26.28642709715708,83.84237344007235
C4,1,26.38201538786609,83.60348455118346
C4,1,26.427776354585255,83.40737344007235
C4,1,26.43055413236303,83.36459566229458
C4,1,26.447220799029697,84.26459566229457
C4,1,26.497707598723103,83.9829289956279
C4,1,26.582411476634782,83.74404010673902
C4,1,26.693085707118435,83.46237344007234
C4,1,26.73753015156288,83.1379289956279
C4,1,26.784752373785103,82.77070677340568
C4,1,26.82364126267399,82.53181788451678
C4,1,26.86530792934066,82.25015121785012
C4,1,26.87197925592277,82.20737344007235
C4,1,26.87955017552139,82.63891585719368
C4,1,26.930996402423926,82.31447141274924
C4,1,26.933774180201702,82.27169363497146
C4,1,26.950440846868368,83.18272415022908
C4,1,27.014188286399598,82.90105748356241
C4,1,27.092324679237535,82.61939081689574
C4,1,27.095102457015315,82.57661303911796
C4,1,27.099463694908952,82.81211988537436
C4,1,27.13835258379784,82.57323099648546
C4,1,27.229408364121507,82.24878655204103
C4,1,27.275924720644095,81.92434210759657
C4,1,27.285332046130574,81.88156432981879
C4,1,27.29280949063485,82.30777866656234
C4,1,27.295587268412625,82.26500088878457
C4,1,27.309945023907026,83.08339295196538
C4,1,27.386813685904308,82.75894850752093
C4,1,27.47028036154877,82.43450406307647
C4,1,27.5197210645768,82.15283739640981
C4,1,27.531464370704782,82.11005961863202
C4,1,27.54813103737145,82.95603260512527
C4,1,27.611121076528914,82.91325482734749
C4,1,27.611121076528914,82.91325482734749
C4,1,27.613898854306694,82.87047704956971
C4,1,27.613898854306694,82.87047704956971
C4,1,27.61667663208447,82.82769927179193
C4,1,27.633343298751136,83.77769927179193
C4,1,27.636121076528916,83.73492149401415
C4,1,27.643679235882168,84.1657365771495
C4,1,27.69090145810439,83.79851435492729
C4,1,27.708238643403718,83.7557365771495
C4,1,27.713656160479708,84.06453505048086
C4,1,27.754970740920303,84.02175727270308
C4,1,27.768141314219054,84.65273908073115
C4,1,27.830655066500153,84.41385019184227
C4,1,27.875099510944597,84.08940574739782
C4,1,27.941217985474808,83.76496130295337
C4,1,28.003742559160028,83.56885019184226
C4,1,28.016666837263475,83.52607241406447
C4,1,28.01896289550865,83.63607301540628
C4,1,28.073389261899557,83.31162857096184
C4,1,28.076206291128155,83.26885079318406
C4,1,28.09287295779482,84.06732503030263
C4,1,28.095650735572598,84.02454725252484
C4,1,28.112317402239267,84.8230214896434
C4,1,28.184836876560944,84.54135482297673
C4,1,28.232059098783168,84.17413260075452
C4,1,28.328463613203464,83.93524371186562
C4,1,28.386863205518043,83.65357704519896
C4,1,28.437513574549314,83.45746593408785
C4,1,28.545988529625618,83.09024371186563
C4,1,28.593228581960577,82.89413260075452
C4,1,28.63211747084947,82.65524371186564
C4,1,28.634895248627245,82.61246593408785
C4,1,28.63960606075602,82.81448412805433
C4,1,28.642383838533796,82.77170635027656
C4,1,28.65905050520046,83.67170635027655
C4,1,28.707727694895528,83.3472619058321
C4,1,28.746616583784416,83.10837301694322
C4,1,28.749394361562196,83.06559523916543
C4,1,28.76500516311197,83.90857852285323
C4,1,28.806671829778633,83.62691185618655
C4,1,28.873785085428025,83.34524518951989
C4,1,28.879340640983582,83.30246741174211
C4,1,28.879613615863587,83.31802697990247
C4,1,28.882391393641367,83.27524920212468
C4,1,28.899058060308032,83.98998156830778
C4,1,28.90183583808581,83.94720379053
C4,1,28.918502504752478,84.6619361567131
C4,1,28.92405806030803,84.61915837893531
C4,1,28.92898508339412,84.88847848178366
C4,1,28.931762861171897,84.84570070400588
C4,1,28.93522579480252,85.03499099659435
C4,1,28.938003572580296,84.99221321881656
C4,1,28.952422641230203,85.77084292591144
C4,1,28.95520041900798,85.72806514813365
C4,1,28.956055517319953,85.7714685524972
C4,1,28.994944406208845,85.53257966360832
C4,1,29.031055517319956,85.33646855249721
C4,1,29.0754999617644,85.01202410805276
C4,1,29.136418043952148,84.81591299694165
C4,1,29.202172775692627,84.4914685524972
C4,1,29.257172734022443,84.20980188583053
C4,1,29.34172432339116,83.8425796636083
C4,1,29.391171468465142,83.60369077471942
C4,1,29.42879021759319,83.56091299694164
C4,1,29.429753947631593,83.61584560913067
C4,1,29.43253172540937,83.57306783135289
C4,1,29.43483246944738,83.68984986965242
C4,1,29.495574148569,83.36540542520797
C4,1,29.50967400878005,83.3226276474302
C4,1,29.526340675446715,84.27262764743018
C4,1,29.529118453224495,84.22984986965241
C4,1,29.53684249839009,84.6701204440914
C4,1,29.559064720612312,84.62734266631361
C4,1,29.569302368784868,85.1801756676316
C4,1,29.584072604400124,85.13739788985383
C4,1,29.590903658123235,85.48413110499605
C4,1,29.63847352771281,85.1596866605516
C4,1,29.688296101158667,84.79246443832939
C4,1,29.70174125942375,84.7496866605516
C4,1,29.717523044437836,85.64924840635452
C4,1,29.80933799598983,85.32480396191006
C4,1,29.866335001123225,85.00035951746561
C4,1,29.902446112234337,84.8042484063545
C4,1,29.97038191713213,84.6081372952434
C4,1,29.973159694909906,84.56535951746562
C4,1,29.989826361576572,85.46535951746563
C4,1,30.046429248304065,85.18369285079895
C4,1,30.09444407538782,84.94480396191007
C4,1,30.150359879200487,84.6631372952434
C4,1,30.199251053010858,84.38147062857672
C4,1,30.243695497455303,84.05702618413228
C4,1,30.288139941899747,83.73258173968783
C4,1,30.32980660856641,83.45091507302116
C4,1,30.368695497455303,83.21202618413227
C4,1,30.40480660856641,83.01591507302116
C4,1,30.428996832589462,82.97313729524338
C4,1,30.435510080818162,83.32485269959327
C4,1,30.43828785859594,83.28207492181548
C4,1,30.44013767703294,83.38751457272447
C4,1,30.484582121477384,83.06307012828002
C4,1,30.532396583926253,82.73862568383556
C4,1,30.538716633343206,82.69584790605778
C4,1,30.55298683494373,83.4664387924861
C4,1,30.555764612721507,83.42366101470833
C4,1,30.555764612721507,83.42366101470833
C4,1,30.614551926734848,83.09921657026388
C4,1,30.623735425487972,83.05643879248609
C4,1,30.640402092154638,84.0064387924861
C4,1,30.643179869932418,83.96366101470831
C4,1,30.659846536599083,84.91366101470831
C4,1,30.66262431437686,84.87088323693052
C4,1,30.66794445925937,85.17413149523362
C4,1,30.679010353140498,85.13135371745585
C4,1,30.694278778562758,85.90635424466691
C4,1,30.697056556340534,85.86357646688913
C4,1,30.711841606717318,86.70632433836563
C4,1,30.714619384495094,86.66354656058786
C4,1,30.729889826931757,87.48815045216767
C4,1,30.732667604709537,87.4453726743899
C4,1,30.735141478477487,87.57896185785921
C4,1,30.737919256255264,87.53618408008143
C4,1,30.754107566341684,88.35787646188668
C4,1,30.810978622837688,87.99065423966445
C4,1,30.903126634402536,87.62343201744224
C4,1,30.987366480062352,87.29898757299779
C4,1,31.031810924506797,86.97454312855334
C4,1,31.073477591173464,86.69287646188667
C4,1,31.17263223558413,86.49676535077556
C4,1,31.219559755871316,86.17232090633111
C4,1,31.222337533649096,86.12954312855334
C4,1,31.222337533649096,86.12954312855334
C4,1,31.258448644760207,85.93343201744223
C4,1,31.297337533649095,85.69454312855333
C4,1,31.30011531142687,85.65176535077555
C4,1,31.301856406892245,85.75100779230175
C4,1,31.343523073558913,85.46934112563508
C4,1,31.36278923338414,85.4265633478573
C4,1,31.36278923338414,85.4265633478573
C4,1,31.365567011161918,85.38378557007952
C4,1,31.36792181048383,85.49660036560732
C4,1,31.37069958826161,85.45382258782953
C4,1,31.38439513801507,86.10995520630841
C4,1,31.387172915792846,86.06717742853063
C4,1,31.387172915792846,86.06717742853063
C4,1,31.426061804681737,85.82828853964173
C4,1,31.473284026903958,85.46106631741952
C4,1,31.517728471348402,85.13662187297507
C4,1,31.564950693570626,84.76939965075286
C4,1,31.60661736023729,84.48773298408618
C4,1,31.645506249126182,84.2488440951973
C4,1,31.68161736023729,84.05273298408619
C4,1,31.685002608638587,84.0099552063084
C4,1,31.701669275305253,84.90995520630841
C4,1,31.749661546689435,84.67106631741952
C4,1,31.79410599113388,84.34662187297506
C4,1,31.870281598154055,84.0649552063084
C4,1,31.927759765934617,83.86884409519729
C4,1,31.930537543712397,83.82606631741952
C4,1,31.932078820914207,83.91391911792276
C4,1,31.973745487580874,83.6322524512561
C4,1,32.04179172271815,83.35058578458943
C4,1,32.04456950049593,83.30780800681164
C4,1,32.04631022497709,83.40180712879435
C4,1,32.08519911386598,83.16291823990547
C4,1,32.135458545216686,82.79569601768324
C4,1,32.20503950517554,82.42847379546102
C4,1,32.24115061628665,82.23236268434991
C4,1,32.243928394064426,82.18958490657214
C4,1,32.25901381878998,82.95529661502802
C4,1,32.26179159656776,82.91251883725023
C4,1,32.263422070833535,83.00056444760207
C4,1,32.266199848611315,82.9577866698243
C4,1,32.28286651527798,83.90778666982429
C4,1,32.28564429305576,83.86500889204652
C4,1,32.2881918703061,84.01022079531602
C4,1,32.33297015874576,83.72855412864935
C4,1,32.38051086765557,83.44688746198268
C4,1,32.424941443885665,83.4041096842049
C4,1,32.436749667705996,84.077178441964
C4,1,32.439527445483776,84.03440066418622
C4,1,32.44365418016726,84.2696245411445
C4,1,32.44643195794503,84.22684676336671
C4,1,32.448182946160394,84.32140012699625
C4,1,32.450960723938174,84.27862234921847
C4,1,32.46762739060484,85.17862234921847
C4,1,32.47040516838262,85.13584457144069
C4,1,32.474586310368636,85.36162623868564
C4,1,32.47736408814641,85.31884846090786
C4,1,32.494030754813075,86.16482144740111
C4,1,32.496808532590855,86.12204366962332
C4,1,32.50985240160152,86.78412931896608
C4,1,32.52420522553959,86.7413515411883
C4,1,32.53161644858053,87.11753321055902
C4,1,32.53439422635831,87.07475543278123
C4,1,32.551060893024975,87.97475543278124
C4,1,32.553838670802755,87.93197765500345
C4,1,32.55821371047362,88.1682297972304
C4,1,32.5609914882514,88.12545201945262
C4,1,32.561296546325174,88.14192515543645
C4,1,32.564074324102954,88.09914737765867
C4,1,32.57308582973621,88.58576868185425
C4,1,32.57586360751398,88.54299090407648
C4,1,32.57586360751398,88.54299090407648
C4,1,32.57864138529176,88.50021312629869
C4,1,32.591244481098634,89.18912141830549
C4,1,32.630133369987526,88.9502325294166
C4,1,32.67180003665419,88.66856586274993
C4,1,32.71068892554308,88.42967697386104
C4,1,32.752355592209746,88.14801030719437
C4,1,32.78846670332086,87.95189919608326
C4,1,32.85537945641403,87.62745475163881
C4,1,32.89982390085847,87.30301030719436
C4,1,32.93593501196958,87.10689919608325
C4,1,32.972046123080695,86.91078808497214
C4,1,33.008157234191806,86.71467697386103
C4,1,33.05260167863625,86.3902325294166
C4,1,33.097046123080695,86.06578808497214
C4,1,33.14426834530292,85.69856586274992
C4,1,33.14704612308069,85.65578808497214
C4,1,33.15024701817283,85.83075487127653
C4,1,33.18761859202496,85.63464376016542
C4,1,33.25262157225257,85.39575487127652
C4,1,33.255399350030345,85.35297709349875
C4,1,33.25838803088973,85.52333190248387
C4,1,33.294499142000845,85.32722079137277
C4,1,33.34848284595012,84.95999856915056
C4,1,33.3512606237279,84.91722079137277
C4,1,33.36792729039457,85.76319377786602
C4,1,33.42025323069895,85.48152711119936
C4,1,33.42303100847673,85.43874933342157
C4,1,33.43969767514339,86.33874933342157
C4,1,33.49546782690964,86.09986044453268
C4,1,33.572703986596295,85.73263822231047
C4,1,33.61913397162265,85.53652711119936
C4,1,33.655245082733764,85.34041600008825
C4,1,33.65802286051154,85.29763822231047
C4,1,33.672270685731995,86.06702078421496
C4,1,33.708381796843106,85.87090967310385
C4,1,33.75767921267795,85.63202078421497
C4,1,33.81234358595624,85.43590967310386
C4,1,33.90010843356453,85.11146522865941
C4,1,33.96007859310967,84.9153541175483
C4,1,34.004523037554115,84.59090967310385
C4,1,34.04896748199856,84.2664652286594
C4,1,34.05174525977634,84.22368745088163
C4,1,34.05483124196904,84.39033048928736
C4,1,34.093720130857925,84.15144160039848
C4,1,34.096497908635705,84.1086638226207
C4,1,34.10449439379896,84.5404740214365
C4,1,34.14338328268785,84.3015851325476
C4,1,34.19713016206112,84.01991846588093
C4,1,34.20271764017775,83.97714068810316
C4,1,34.20271764017775,83.97714068810316
C4,1,34.20549541795553,83.93436291032538
C4,1,34.209580378455634,84.16720565883136
C4,1,34.212358156233414,84.12442788105359
C4,1,34.212358156233414,84.12442788105359
C4,1,34.25680260067786,83.79998343660914
C4,1,34.3012470451223,83.47553899216469
C4,1,34.337358156233414,83.27942788105358
C4,1,34.373469267344525,83.08331676994247
C4,1,34.418420125009405,82.8016501032758
C4,1,34.50442102644846,82.56276121438691
C4,1,34.54053213755957,82.3666501032758
C4,1,34.58439235292981,82.1705389921647
C4,1,34.6229516355641,81.97442788105359
C4,1,34.67551280994821,81.69276121438692
C4,1,34.719957254392654,81.36831676994247
C4,1,34.76782582960442,81.0866501032758
C4,1,34.80393694071552,80.8905389921647
C4,1,34.840048051826635,80.69442788105358
C4,1,34.881714718493306,80.41276121438692
C4,1,34.91782582960442,80.21665010327581
C4,1,34.95393694071553,80.0205389921647
C4,1,34.99838138515997,79.69609454772025
C4,1,35.06543767656773,79.3716501032758
C4,1,35.12911863727983,79.13276121438692
C4,1,35.141664370472085,79.08998343660913
C4,1,35.15673325849615,79.73619675620066
C4,1,35.15951103627393,79.69341897842287
C4,1,35.1761777029406,80.60444949368049
C4,1,35.17895548071838,80.56167171590272
C4,1,35.195622147385045,81.47270223116034
C4,1,35.19839992516282,81.42992445338257
C4,1,35.20064131896319,81.55244314231341
C4,1,35.227431954968246,81.50966536453564
C4,1,35.227431954968246,81.50966536453564
C4,1,35.230209732746026,81.46688758675785
C4,1,35.230209732746026,81.46688758675785
C4,1,35.26632084385714,81.27077647564674
C4,1,35.30520973274603,81.03188758675786
C4,1,35.34132084385714,80.83577647564675
C4,1,35.380209732746025,80.59688758675786
C4,1,35.421876399412696,80.31522092009119
C4,1,35.43972594240001,80.2724431423134
C4,1,35.45639260906668,81.22244314231341
C4,1,35.459170386844455,81.17966536453562
C4,1,35.45927348720108,81.18554208486306
C4,1,35.53087231346439,80.90387541819639
C4,1,35.54538459831219,80.8610976404186
C4,1,35.54538459831219,80.8610976404186
C4,1,35.6128999094398,80.62220875152973
C4,1,35.64901102055091,80.42609764041862
C4,1,35.77595050866265,80.10165319597417
C4,1,35.83182389279464,79.73443097375194
C4,1,35.8434466309158,79.69165319597417
C4,1,35.85286678406146,80.16980490136545
C4,1,35.86833187577505,80.12702712358767
C4,1,35.884998542441714,80.97300011008092
C4,1,35.887776320219494,80.93022233230313
C4,1,35.899242932955694,81.51224900958748
C4,1,35.95788685348904,81.27336012069858
C4,1,36.013298860771755,81.07724900958748
C4,1,36.01607663854953,81.0344712318097
C4,1,36.01607663854953,81.0344712318097
C4,1,36.0577433052162,80.75280456514304
C4,1,36.10496552743842,80.38558234292081
C4,1,36.16778269688037,80.1894712318097
C4,1,36.17086029020137,80.14669345403192
C4,1,36.178205864558706,80.54821599752967
C4,1,36.18098364233648,80.5054382197519
C4,1,36.197650309003144,81.35141120624513
C4,1,36.200428086780924,81.30863342846736
C4,1,36.20571509214416,81.57699325147188
C4,1,36.235268013743955,81.53421547369409
C4,1,36.24382040378261,82.02170170589726
C4,1,36.24659818156039,81.97892392811947
C4,1,36.249372852656684,82.13708018060856
C4,1,36.252150630434464,82.09430240283078
C4,1,36.255543441152504,82.27751418160476
C4,1,36.25832121893028,82.23473640382699
C4,1,36.27498788559694,83.14576691908461
C4,1,36.27776566337472,83.10298914130682
C4,1,36.27776566337472,83.10298914130682
C4,1,36.32221010781917,82.77854469686238
C4,1,36.391666840754766,82.53965580797349
C4,1,36.42777795186588,82.34354469686238
C4,1,36.43055572964366,82.3007669190846
C4,1,36.43055572964366,82.3007669190846
C4,1,36.46666684075477,82.10465580797349
C4,1,36.50833350742143,81.82298914130682
C4,1,36.59445428473251,81.49854469686237
C4,1,36.63713835515563,81.2168780301957
C4,1,36.64579904070213,81.17410025241793
C4,1,36.6518972306399,81.52169707887057
C4,1,36.74747663411773,81.24003041220391
C4,1,36.7987822285626,80.95836374553723
C4,1,36.807619641202734,80.91558596775945
C4,1,36.81161926836937,81.08710574707919
C4,1,36.81439704614715,81.0443279693014
C4,1,36.831063712813815,81.99432796930141
C4,1,36.833841490591595,81.95155019152362
C4,1,36.84991595623782,82.8677947333585
C4,1,36.852693734015595,82.82501695558071
C4,1,36.86936040068226,83.73604747083834
C4,1,36.89158262290449,83.69326969306056
C4,1,36.90824928957115,84.60430020831818
C4,1,37.02346082462035,84.23707798609597
C4,1,37.02623860239813,84.19430020831818
C4,1,37.042905269064796,85.09430020831819
C4,1,37.10738534326596,84.81263354165152
C4,1,37.23512549901931,84.53096687498484
C4,1,37.3213716172084,84.29207798609596
C4,1,37.36513337327173,84.05318909720707
C4,1,37.37425637035694,84.0104113194293
C4,1,37.390923037023605,84.96041131942928
C4,1,37.393700814801385,84.91763354165151
C4,1,37.393700814801385,84.91763354165151
C4,1,37.4019880320061,84.87485576387373
C4,1,37.40706617823149,85.15243653420958
C4,1,37.40984395600926,85.1096587564318
C4,1,37.415746743569635,85.44611764737276
C4,1,37.41852452134741,85.40333986959497
C4,1,37.435040780223254,86.29521784889064
C4,1,37.473929669112145,86.05632896000176
C4,1,37.5358623847067,85.68910673777954
C4,1,37.58686618049294,85.32188451555733
C4,1,37.65590527222014,85.04021784889065
C4,1,37.70143810616261,84.84410673777954
C4,1,37.737549217273724,84.64799562666843
C4,1,37.78477143949595,84.28077340444622
C4,1,37.82448835202807,84.08466229333511
C4,1,37.868932796472514,83.76021784889066
C4,1,37.871710574250294,83.71744007111288
C4,1,37.88837724091696,84.61744007111288
C4,1,37.89115501869474,84.5746622933351
C4,1,37.907821685361405,85.4746622933351
C4,1,37.99568448796005,85.19299562666843
C4,1,38.00561923679905,85.15021784889065
C4,1,38.00561923679905,85.15021784889065
C4,1,38.02572344947207,85.10744007111288
C4,1,38.03272565743897,85.50656592522587
C4,1,38.03550343521674,85.4637881474481
C4,1,38.05217010188341,86.36378814744809
C4,1,38.054947879661185,86.32101036967032
C4,1,38.05571963033664,86.36268490614476
C4,1,38.096597200459016,86.12379601725588
C4,1,38.178016090052665,85.84212935058922
C4,1,38.22221872365762,85.56046268392254
C4,1,38.269587449149554,85.19324046170033
C4,1,38.315622719139654,84.95435157281143
C4,1,38.386651180523415,84.91157379503366
C4,1,38.39842434883352,85.54732488377955
C4,1,38.42342434883352,85.50454710600177
C4,1,38.44009101550019,86.40454710600177
C4,1,38.46231323772241,86.36176932822399
C4,1,38.46231323772241,86.36176932822399
C4,1,38.465091015500185,86.31899155044621
C4,1,38.4680855789857,86.46245645812212
C4,1,38.477466694498126,86.41967868034433
C4,1,38.49413336116479,87.31967868034434
C4,1,38.50558857020706,87.27690090256655
C4,1,38.50558857020706,87.27690090256655
C4,1,38.50836634798484,87.23412312478878
C4,1,38.52465243851609,88.0143645475439
C4,1,38.52743021629387,87.97158676976612
C4,1,38.52743021629387,87.97158676976612
C4,1,38.530207994071645,87.92880899198833
C4,1,38.54687466073831,88.77478197848158
C4,1,38.54965243851609,88.73200420070381
C4,1,38.55628719056246,89.06877346090224
C4,1,38.55906496834024,89.02599568312446
C4,1,38.55906496834024,89.02599568312446
C4,1,38.56184274611802,88.98321790534668
C4,1,38.57145987620421,89.50254293000135
C4,1,38.57423765398199,89.45976515222358
C4,1,38.57423765398199,89.45976515222358
C4,1,38.57701543175977,89.4169873744458
C4,1,38.58781196186263,90.0
C4,1,38.62663597813398,89.80388888888889
C4,1,38.62941375591176,89.76111111111112
C4,1,38.631927526798776,89.90439605167109
C4,1,38.66803863790989,89.70828494055998
C4,1,38.74939469830839,89.42661827389331
C4,1,38.80952862133799,89.10217382944886
C4,1,38.85119528800466,88.82050716278219
C4,1,38.907299067766964,88.45328494055997
C4,1,38.96104984840456,88.25717382944886
C4,1,39.04672257208011,87.88995160722665
C4,1,39.06187724375668,87.84717382944886
C4,1,39.0688630413054,88.22903031386662
C4,1,39.11178310622688,87.94736364719995
C4,1,39.15067199511577,87.70847475831106
C4,1,39.18956088400466,87.46958586942218
C4,1,39.22844977289355,87.23069698053328
C4,1,39.26733866178244,86.9918080916444
C4,1,39.287756060643844,86.94903031386661
C4,1,39.30442272731051,87.86006082912424
C4,1,39.3683116161994,87.81728305134646
C4,1,39.373071900285616,88.0743383920021
C4,1,39.375849678063396,88.03156061422432
C4,1,39.387078934422576,88.67162822669756
C4,1,39.389856712200356,88.62885044891978
C4,1,39.40652337886702,89.52885044891978
C4,1,39.409301156644794,89.486072671142
C4,1,39.41379784047106,89.72889359776045
C4,1,39.41657561824884,89.68611581998266
C4,1,39.41657561824884,89.68611581998266
C4,1,39.41935339602662,89.64333804220487
C4,1,39.425878277316215,90.0
C4,1,39.47255179490799,89.80388888888889
C4,1,39.51699623935244,89.47944444444444
C4,1,39.55930909048519,89.19777777777777
C4,1,39.61429318655989,88.87333333333332
C4,1,39.617070964337664,88.83055555555555
C4,1,39.617070964337664,88.83055555555555
C4,1,39.66151540878211,88.5061111111111
C4,1,39.69136846986239,88.46333333333331
C4,1,39.704782432137534,89.22792918301661
C4,1,39.777618742072484,88.98904029412772
C4,1,39.82206318651693,88.66459584968327
C4,1,39.85817429762804,88.46848473857216
C4,1,39.8744791790471,88.42570696079439
C4,1,39.88271834903143,88.89533964990129
C4,1,39.88827390458698,88.8525618721235
C4,1,39.90149885615601,89.48614885902386
C4,1,39.90427663393378,89.44337108124607
C4,1,39.912558038584905,89.91541114635979
C4,1,39.91533581636268,89.872633368582
C4,1,39.91533581636268,89.872633368582
C4,1,39.9625580385849,89.50541114635978
C4,1,40.00144692747379,89.2665222574709
C4,1,40.02766175303081,89.22374447969311
C4,1,40.028417216965494,89.26680592397014
C4,1,40.05440550208625,89.22402814619235
C4,1,40.05440550208625,89.22402814619235
C4,1,40.05718327986402,89.18125036841458
C4,1,40.0575832181753,89.20284703722365
C4,1,40.09647210706419,88.96395814833475
C4,1,40.14900926620886,88.6395137038903
C4,1,40.20218281602192,88.40062481500142
C4,1,40.24925103706125,88.20451370389031
C4,1,40.25202881483903,88.16173592611253
C4,1,40.25558134681965,88.35357265306645
C4,1,40.25835912459743,88.31079487528866
C4,1,40.262648189857714,88.54240439934361
C4,1,40.30709263430216,88.21795995489916
C4,1,40.3515370787466,87.8935155104547
C4,1,40.40876086799165,87.56907106601027
C4,1,40.476694697653414,87.33018217712137
C4,1,40.512805808764526,87.13407106601026
C4,1,40.532217261260286,87.09129328823249
C4,1,40.54294725002354,87.63593012657776
C4,1,40.60267306363805,87.35426345991108
C4,1,40.66527245413041,86.98704123768887
C4,1,40.7209143657198,86.66259679324442
C4,1,40.76859388593502,86.46648568213331
C4,1,40.82436861661624,86.09926345991109
C4,1,40.86047972772735,85.90315234879998
C4,1,40.93433613722879,85.53593012657777
C4,1,41.02037036199241,85.16870790435554
C4,1,41.03308245667769,85.12593012657777
C4,1,41.049749123344355,85.92440436369633
C4,1,41.052526901122135,85.88162658591855
C4,1,41.057319627752356,86.11123871030577
C4,1,41.060097405530136,86.06846093252798
C4,1,41.061251859050635,86.11796845030909
C4,1,41.06402963682841,86.0751906725313
C4,1,41.0726033013936,86.5381685590517
C4,1,41.07538107917138,86.49539078127391
C4,1,41.07673640118053,86.56418472973851
C4,1,41.07951417895831,86.52140695196073
C4,1,41.09046172961369,87.11257468735151
C4,1,41.132128396280365,86.83090802068484
C4,1,41.17101728516925,86.59201913179595
C4,1,41.17562594485946,86.54924135401816
C4,1,41.19229261152613,87.4602718692758
C4,1,41.20554611440085,87.41749409149801
C4,1,41.20749349613394,87.51079014012058
C4,1,41.21027127391172,87.46801236234279
C4,1,41.21027127391172,87.46801236234279
C4,1,41.213049051689495,87.42523458456502
C4,1,41.224307318748515,88.0331810057521
C4,1,41.26597398541519,87.75151433908542
C4,1,41.3020850965263,87.55540322797431
C4,1,41.33819620763741,87.3592921168632
C4,1,41.34097398541518,87.31651433908543
C4,1,41.35764065208185,88.22754485434305
C4,1,41.36041842985963,88.18476707656528
C4,1,41.377085096526294,89.0957975918229
C4,1,41.43803346351505,88.72857536960068
C4,1,41.493511879225295,88.53246425848957
C4,1,41.5359642237323,88.29357536960069
C4,1,41.599332467625594,88.01190870293402
C4,1,41.66001860193664,87.6446864807118
C4,1,41.67285106260627,87.60190870293401
C4,1,41.67285106260627,87.60190870293401
C4,1,41.727551674239685,87.32024203626735
C4,1,41.734621815299754,87.27746425848957
C4,1,41.75128848196642,88.22746425848956
C4,1,41.7540662597442,88.18468648071178
C4,1,41.75687220649072,88.34462544526347
C4,1,41.7596499842685,88.3018476674857
C4,1,41.76818302137894,88.73497080077631
C4,1,41.77096079915671,88.69219302299854
C4,1,41.77096079915671,88.69219302299854
C4,1,41.77373857693449,88.64941524522075
C4,1,41.783779453828636,89.19162259750448
C4,1,41.786557231606416,89.1488448197267
C4,1,41.789923533234486,89.31011912718986
C4,1,41.83436797767893,88.98567468274541
C4,1,41.850446449093084,88.94289690496763
C4,1,41.8516181105606,89.00236854201765
C4,1,41.96444985235394,88.76347965312877
C4,1,42.015637174976426,88.56736854201766
C4,1,42.06008161942087,88.24292409757321
C4,1,42.06307776208283,88.20014631979542
C4,1,42.07642620618608,88.92979671435165
C4,1,42.07920398396386,88.88701893657387
C4,1,42.09587065063052,89.78701893657387
C4,1,42.113297174977674,89.74424115879609
C4,1,42.11509378190514,89.84125793287912
C4,1,42.11787155968292,89.79848015510133
C4,1,42.121603408662516,90.0
C4,1,42.21381982673425,89.71833333333333
C4,1,42.21659760451203,89.67555555555555
C4,1,42.21842362376105,89.7741605950024
C4,1,42.22120140153882,89.73138281722463
C4,1,42.226175793812445,90.0
C4,1,42.295733339917945,89.67555555555555
C4,1,42.33462222880683,89.43666666666667
C4,1,42.37351111769572,89.19777777777777
C4,1,42.3762888954735,89.155
C4,1,42.3762888954735,89.155
C4,1,42.42351111769572,88.78777777777778
C4,1,42.48754746160095,88.46333333333332
C4,1,42.5461006404722,88.22444444444444
C4,1,42.54887841824998,88.18166666666666
C4,1,42.5551400935615,88.53858215942326
C4,1,42.55791787133927,88.49580438164547
C4,1,42.558326895332485,88.51816238200288
C4,1,42.561104673110265,88.4753846042251
C4,1,42.57777133977693,89.3753846042251
C4,1,42.58054911755471,89.33260682644732
C4,1,42.58054911755471,89.33260682644732
C4,1,42.58332689533248,89.28982904866955
C4,1,42.59647820924601,90.0
C4,1,42.67848466687004,89.63277777777779
C4,1,42.681262444647814,89.59
C4,1,42.681262444647814,89.59
C4,1,42.722929111314485,89.30833333333334
C4,1,42.72570688909226,89.26555555555555
C4,1,42.737369455585004,89.93032184564181
C4,1,42.740147233362784,89.88754406786403
C4,1,42.740147233362784,89.88754406786403
C4,1,42.74292501114056,89.84476629008626
C4,1,42.7456484095601,90.0
C4,1,42.84595914178607,89.67555555555555
C4,1,42.88484803067496,89.43666666666667
C4,1,42.926514697341624,89.155
C4,1,42.9382866624395,89.11222222222221
C4,1,42.954527936522524,90.0
C4,1,43.02728870109506,89.67555555555555
C4,1,43.06617758998395,89.43666666666667
C4,1,43.10506647887284,89.19777777777777
C4,1,43.107844256650615,89.155
C4,1,43.11427594798662,89.46313238997394
C4,1,43.15316483687551,89.22424350108506
C4,1,43.157518814501145,89.18146572330727
C4,1,43.1736449061881,90.0
C4,1,43.25097695847515,89.76111111111112
C4,1,43.27177005928072,89.71833333333333
C4,1,43.276986108663436,90.0
C4,1,43.34029367347547,89.63277777777779
C4,1,43.343071451253245,89.59
C4,1,43.35917927040166,90.0
C4,1,43.41584679003137,89.63277777777779
C4,1,43.45751345669803,89.35111111111111
C4,1,43.49362456780914,89.155
C4,1,43.58436945983459,88.87333333333333
C4,1,43.58714723761237,88.83055555555556
C4,1,43.592078247538616,89.09683009157285
C4,1,43.594856025316396,89.05405231379507
C4,1,43.60256094282018,89.4701178589997
C4,1,43.60533872059796,89.42734008122191
C4,1,43.60533872059796,89.42734008122191
C4,1,43.60811649837574,89.38456230344414
C4,1,43.6175401857102,89.893441419505
C4,1,43.65365129682131,89.69733030839389
C4,1,43.69531796348798,89.41566364172722
C4,1,43.73142907459909,89.21955253061611
C4,1,43.7675401857102,89.023441419505
C4,1,43.81198463015465,88.69899697506055
C4,1,43.859206852376865,88.33177475283833
C4,1,43.898095741265756,88.09288586394945
C4,1,43.9425401857102,87.768441419505
C4,1,43.97865129682131,87.57233030839389
C4,1,44.04221361213308,87.333441419505
C4,1,44.06146578150705,87.29066364172722
C4,1,44.07813244817372,88.24066364172721
C4,1,44.0809102259515,88.19788586394944
C4,1,44.08947499078364,88.68607745938196
C4,1,44.101439412361124,88.64329968160418
C4,1,44.11508420145045,89.3891488356821
C4,1,44.11786197922823,89.3463710579043
C4,1,44.11786197922823,89.3463710579043
C4,1,44.12063975700601,89.30359328012652
C4,1,44.130043645400235,89.81140325341477
C4,1,44.132821423178015,89.76862547563698
C4,1,44.137650936634365,90.0
C4,1,44.19057874926158,89.63277777777779
C4,1,44.19709468903772,89.59
C4,1,44.198361974683635,89.65071369635993
C4,1,44.20113975246141,89.60793591858214
C4,1,44.205436777125676,89.7922092749324
C4,1,44.24710344379234,89.51054260826574
C4,1,44.29433915503976,89.18609816382128
C4,1,44.34521416513442,88.98998705271018
C4,1,44.389658609578866,88.66554260826572
C4,1,44.39292776846166,88.62276483048794
C4,1,44.40959443512833,89.57276483048794
C4,1,44.41237221290611,89.52998705271015
C4,1,44.41342480237436,89.58998465240053
C4,1,44.41620258015213,89.54720687462276
C4,1,44.41770427341284,89.62929217772606
C4,1,44.42048205119061,89.58651439994829
C4,1,44.42911279511092,90.0
C4,1,44.5460469308297,89.71833333333333
C4,1,44.58541306425274,89.47944444444444
C4,1,44.606752605971195,89.43666666666667
C4,1,44.60897362656006,89.55807171855494
C4,1,44.61175140433784,89.51529394077717
C4,1,44.61937662793534,89.90233793154437
C4,1,44.62215440571311,89.85956015376658
C4,1,44.62215440571311,89.85956015376658
C4,1,44.66382107237978,89.57789348709991
C4,1,44.70712399495676,89.33900459821102
C4,1,44.70990177273453,89.29622682043325
C4,1,44.71889218659436,89.75256565620161
C4,1,44.766114408816584,89.38534343397939
C4,1,44.81333663103881,89.01812121175718
C4,1,44.85500329770547,88.73645454509051
C4,1,44.893892186594364,88.49756565620162
C4,1,44.93555885326103,88.21589898953495
C4,1,44.97722551992769,87.93423232286828
C4,1,45.0236469351923,87.6525656562016
C4,1,45.06531360185897,87.37089898953494
C4,1,45.071221565392776,87.32812121175716
C4,1,45.071221565392776,87.32812121175716
C4,1,45.073999343170556,87.28534343397938
C4,1,45.08032554720647,87.60645129726517
C4,1,45.08310332498425,87.56367351948738
C4,1,45.099769991650916,88.46367351948739
C4,1,45.14289916941021,88.18200685282072
C4,1,45.14567694718799,88.13922907504293
C4,1,45.150296768158135,88.3737236996339
C4,1,45.19474121260258,88.04927925518945
C4,1,45.20930313199835,88.00650147741167
C4,1,45.21021353899367,88.05839467614521
C4,1,45.305629799051644,87.8622835650341
C4,1,45.383628511317845,87.53783912058965
C4,1,45.419739622428956,87.34172800947854
C4,1,45.42251740020673,87.29895023170077
C4,1,45.42304034953978,87.32718949568549
C4,1,45.459151460650894,87.13107838457438
C4,1,45.510893658090446,86.76385616235216
C4,1,45.56220975566806,86.39663394012995
C4,1,45.618773379028944,86.20052282901884
C4,1,45.72422861564948,85.87607838457438
C4,1,45.72919227204428,85.8333006067966
C4,1,45.732376406440316,86.00735122276488
C4,1,45.79651218081322,85.81124011165377
C4,1,45.80478727803771,85.76846233387599
C4,1,45.82145394470437,86.71846233387599
C4,1,45.82423172248215,86.6756845560982
C4,1,45.84089838914882,87.62568455609821
C4,1,45.8436761669266,87.58290677832042
C4,1,45.845077800872275,87.66279991322392
C4,1,45.85926309788984,87.62002213544613
C4,1,45.87249447684913,88.25391704867901
C4,1,45.9259471693757,87.8866948264568
C4,1,45.957621598761044,87.84391704867902
C4,1,45.957621598761044,87.84391704867902
C4,1,45.96039937653882,87.80113927090125
C4,1,45.97706604320549,88.5996135080198
C4,1,45.97984382098326,88.55683573024203
C4,1,45.97984382098326,88.55683573024203
C4,1,45.98262159876104,88.51405795246424
C4,1,45.996833383285754,89.19492258085185
C4,1,45.99961116106353,89.15214480307408
C4,1,45.99961116106353,89.15214480307408
C4,1,46.00238893884131,89.1093670252963
C4,1,46.018682446756934,90.0
C4,1,46.077909738695155,89.67555555555555
C4,1,46.082344644273924,89.63277777777778
C4,1,46.0878692599108,89.9476808690799
C4,1,46.09064703768858,89.90490309130212
C4,1,46.09238676918139,90.0
C4,1,46.145441146268155,89.67555555555555
C4,1,46.1898855907126,89.35111111111111
C4,1,46.198180624399676,89.30833333333332
C4,1,46.20095771404588,89.4601341380112
C4,1,46.20373549182366,89.41735636023343
C4,1,46.21439455007342,90.0
C4,1,46.27664564002455,89.63277777777779
C4,1,46.336205203887474,89.3938888888889
C4,1,46.350998014613786,89.35111111111111
C4,1,46.36238203020832,90.0
C4,1,46.44312290153525,89.63277777777779
C4,1,46.46749556332287,89.59
C4,1,46.468947573657914,89.66840855809235
C4,1,46.471725351435694,89.62563078031457
C4,1,46.471725351435694,89.62563078031457
C4,1,46.474503129213474,89.5828530025368
C4,1,46.474503129213474,89.5828530025368
C4,1,46.477280906991254,89.54007522475901
C4,1,46.47959415229051,89.67193020681688
C4,1,46.5184830411794,89.433041317928
C4,1,46.54788420304507,89.39026354015022
C4,1,46.55917561896822,90.0
C4,1,46.66527972595916,89.67555555555555
C4,1,46.66867995875802,89.63277777777778
C4,1,46.66867995875802,89.63277777777778
C4,1,46.6714577365358,89.58999999999999
C4,1,46.6714577365358,89.58999999999999
C4,1,46.713124403202464,89.30833333333332
C4,1,46.75479106986913,89.02666666666666
C4,1,46.80222799506874,88.74499999999999
C4,1,46.80896691644278,88.7022222222222
C4,1,46.82016329767943,89.30682680900136
C4,1,46.82294107545721,89.26404903122359
C4,1,46.82294107545721,89.26404903122359
C4,1,46.82571885323499,89.2212712534458
C4,1,46.829213134743846,89.4122750784542
C4,1,46.831990912521626,89.36949730067641
C4,1,46.84305236338695,90.0
C4,1,46.89202335082845,89.80388888888889
C4,1,46.894801128606225,89.76111111111112
C4,1,46.894801128606225,89.76111111111112
C4,1,46.897578906384005,89.71833333333333
C4,1,46.89842595279643,89.76132803632626
C4,1,46.9012037305742,89.71855025854848
C4,1,46.90641576282331,90.0
C4,1,46.970367091699416,89.63277777777779
C4,1,47.0092559805883,89.3938888888889
C4,1,47.074372607744394,89.02666666666667
C4,1,47.077150385522174,88.9838888888889
C4,1,47.08047349607925,89.06847360615254
C4,1,47.08325127385703,89.02569582837475
C4,1,47.0878429541167,89.28742160317623
C4,1,47.13228739856115,88.96297715873177
C4,1,47.150002913306444,88.920199380954
C4,1,47.151189699075985,88.98043870306115
C4,1,47.19032710609612,88.78432759195005
C4,1,47.22643821720723,88.58821648083894
C4,1,47.273660439429456,88.22099425861671
C4,1,47.30977155054057,88.0248831475056
C4,1,47.34866043942946,87.78599425861671
C4,1,47.3931048838739,87.46154981417227
C4,1,47.40750120563791,87.41877203639449
C4,1,47.40750120563791,87.41877203639449
C4,1,47.41027898341569,87.37599425861671
C4,1,47.41188851183841,87.46290879344409
C4,1,47.41466628961619,87.4201310156663
C4,1,47.42000078263408,87.70819363863225
C4,1,47.42277856041186,87.66541586085448
C4,1,47.42697241008597,87.89188374325654
C4,1,47.429750187863746,87.84910596547877
C4,1,47.44633813784497,88.79461911440818
C4,1,47.44911591562274,88.7518413366304
C4,1,47.46578258228941,89.6518413366304
C4,1,47.46856036006719,89.60906355885263
C4,1,47.47579992379214,90.0
C4,1,47.561217040250135,89.67555555555555
C4,1,47.56511694293643,89.63277777777778
C4,1,47.56833085134037,89.78675116143802
C4,1,47.61460657679264,89.50508449477135
C4,1,47.65071768790375,89.30897338366024
C4,1,47.697939910125974,88.94175116143802
C4,1,47.736828799014866,88.70286227254913
C4,1,47.785989369401285,88.46397338366025
C4,1,47.79440127935192,88.42119560588246
C4,1,47.798675411231514,88.654827479995
C4,1,47.855388902472754,88.28760525777278
C4,1,47.85816668025053,88.244827479995
C4,1,47.87356425008545,89.07629625108065
C4,1,47.876342027863224,89.03351847330286
C4,1,47.878023647931975,89.12432595701543
C4,1,47.880801425709755,89.08154817923764
C4,1,47.884601067423176,89.28672883176237
C4,1,47.887378845200956,89.24395105398459
C4,1,47.899308035206865,89.88812731430382
C4,1,47.902085812984645,89.84534953652603
C4,1,47.90494971045638,90.0
C4,1,47.969370964487105,89.63277777777779
