strategy,agv_id,time_s,time_h,soc
C4,1,0.0,0.0,52.13674812382657
C4,1,10.0,0.002777777777777778,52.09397034604879
C4,1,70.0,0.019444444444444445,52.99397034604879
C4,1,80.0,0.022222222222222223,52.95119256827101
C4,1,110.24752694095234,0.030624313039153427,53.4049054723853
C4,1,120.24752694095234,0.033402090816931206,53.36212769460752
C4,1,120.24752694095234,0.033402090816931206,53.36212769460752
C4,1,130.24752694095235,0.03617986859470899,53.31934991682974
C4,1,177.28021208826516,0.04924450335785143,54.06403409832886
C4,1,187.28021208826516,0.05202228113562921,54.02125632055108
C4,1,197.4477623018463,0.05484660063940175,54.18224253226611
C4,1,207.4477623018463,0.057624378417179524,54.13946475448833
C4,1,218.17920599928757,0.060605334999802106,54.2907732790568
C4,1,378.17920599928755,0.10504977944424654,53.966328834612355
C4,1,556.1698607236018,0.15449162797877827,53.6418843901679
C4,1,566.1698607236018,0.15726940575655607,53.59910661239012
C4,1,566.1698607236018,0.15726940575655607,53.59910661239012
C4,1,696.1698607236018,0.19338051686766716,53.402995501279015
C4,1,726.1698607236018,0.2017138502010005,53.360217723501236
C4,1,738.884136662513,0.20524559351736474,53.561527092534
C4,1,763.5482320828894,0.21209673113413594,53.51874931475622
C4,1,823.5482320828894,0.2287633978008026,54.46874931475622
C4,1,833.5482320828894,0.2315411755785804,54.42597153697844
C4,1,837.4757683052585,0.2326321578625718,54.488157527165946
C4,1,847.4757683052585,0.2354099356403496,54.44537974938817
C4,1,848.2270311740428,0.23561861977056744,54.45432894751869
C4,1,858.2270311740428,0.23839639754834524,54.41155116974091
C4,1,914.357792873839,0.2539882757982886,55.25351259523785
C4,1,924.357792873839,0.2567660535760664,55.21073481746007
C4,1,932.0270766056412,0.25889641016823367,55.291101161117865
C4,1,942.0270766056412,0.26167418794601144,55.24832338334008
C4,1,957.3937719374421,0.26594271442706724,55.47882381331709
C4,1,1127.3937719374421,0.31316493664928946,55.111601591094875
C4,1,1192.3169203632067,0.33119914454533517,55.06882381331709
C4,1,1252.3169203632067,0.3478658112120019,55.97985432857472
C4,1,1262.3169203632067,0.35064358898977965,55.93707655079694
C4,1,1297.861107937124,0.3605169744269789,56.47677387612826
C4,1,1307.861107937124,0.36329475220475665,56.433996098350484
C4,1,1312.0942543563592,0.3644706262100998,56.501020916655044
C4,1,1322.0942543563592,0.36724840398787756,56.458243138877265
C4,1,1331.937452456771,0.3699826256824364,56.605891110383446
C4,1,1341.937452456771,0.3727604034602142,56.56311333260567
C4,1,1401.937452456771,0.3894270701268809,57.463113332605666
C4,1,1411.937452456771,0.39220484790465865,57.420335554827886
C4,1,1459.8542325871372,0.4055150646075381,58.13908725678337
C4,1,1469.8542325871372,0.4082928423853159,58.09630947900559
C4,1,1473.9849523746425,0.4094402645485118,58.15827027581817
C4,1,1483.9849523746425,0.41221804232628956,58.11549249804039
C4,1,1523.1532974007175,0.423098138166866,58.667748528335494
C4,1,1533.1532974007175,0.42587591594464375,58.624970750557715
C4,1,1565.8403917937014,0.4349556643871393,59.11527716645247
C4,1,1575.8403917937014,0.43773344216491705,59.07249938867469
C4,1,1590.3161711921293,0.4417544919978137,59.28963607965111
C4,1,1600.3161711921293,0.44453226977559146,59.24685830187333
C4,1,1609.5541593079229,0.4470983775855341,59.3569031202862
C4,1,1749.5541593079229,0.48598726647442303,59.11801423139731
C4,1,1899.5541593079229,0.5276539331410897,58.83634756473064
C4,1,2069.554159307923,0.5748761553633119,58.46912534250842
C4,1,2110.3161711921293,0.5861989364422582,58.42634756473064
C4,1,2131.0873944055734,0.5919687206682148,58.74173453450856
C4,1,2345.308472241504,0.6514745756226401,58.54562342339745
C4,1,2418.79567755125,0.6718876882086805,58.50284564561967
C4,1,2453.425989683081,0.6815072193564113,59.051158921040326
C4,1,2726.801468693124,0.7574448524147567,58.68393669881811
C4,1,2876.801468693124,0.7991115190814234,58.402270032151435
C4,1,2903.336106296309,0.8064822517489747,58.359492254373656
C4,1,2963.336106296309,0.8231489184156414,59.20546524086691
C4,1,2973.336106296309,0.8259266961934192,59.16268746308913
C4,1,2991.8662504862555,0.8310739584684043,59.42395415343111
C4,1,3012.225889947536,0.8367294138743155,59.38117637565333
C4,1,3029.649850922563,0.8415694030340453,59.62684638069642
C4,1,3039.649850922563,0.844347180811823,59.58406860291864
C4,1,3039.649850922563,0.844347180811823,59.58406860291864
C4,1,3049.649850922563,0.8471249585896008,59.541290825140855
C4,1,3081.1685413456676,0.8558801503737965,60.01986563808097
C4,1,3231.1685413456676,0.8975468170404632,59.738198971414306
C4,1,3246.9004972142952,0.9019168047817486,59.69542119363652
C4,1,3247.560811946441,0.902100225540678,59.705447308147505
C4,1,3257.560811946441,0.9048780033184558,59.662669530369726
C4,1,3272.5756880252457,0.9090488022292349,59.8743725230066
C4,1,3282.5756880252457,0.9118265800070127,59.83159474522882
C4,1,3282.5756880252457,0.9118265800070127,59.83159474522882
C4,1,3442.5756880252457,0.9562710244514572,59.507150300784375
C4,1,3623.0296084092975,1.006397113447027,59.2254836341177
C4,1,3645.545722337753,1.0126515895382646,59.18270585633992
C4,1,3705.545722337753,1.0293182562049314,60.02867884283317
C4,1,3715.545722337753,1.0320960339827092,59.985901065055394
C4,1,3718.9273267105414,1.0330353685307059,60.033580164228496
C4,1,3738.9273267105414,1.0385909240862614,59.99080238645072
C4,1,3747.8081806348837,1.0410578279541343,60.13141590691947
C4,1,3757.8081806348837,1.043835605731912,60.08863812914169
C4,1,3764.7160276902864,1.0457544521361906,60.18603566253665
C4,1,3774.7160276902864,1.0485322299139685,60.143257884758874
C4,1,3779.3757610284547,1.0498266002856818,60.208958026898074
C4,1,3939.3757610284547,1.0942710447301263,59.88451358245362
C4,1,4109.375761028455,1.1414932669523485,59.517291360231404
C4,1,4249.375761028455,1.1803821558412375,59.27840247134252
C4,1,4409.375761028455,1.2248266002856818,58.953958026898064
C4,1,4559.375761028455,1.2664932669523485,58.6722913602314
C4,1,4627.582166170547,1.2854394906029296,58.62951358245362
C4,1,4627.582166170547,1.2854394906029296,58.62951358245362
C4,1,4637.582166170547,1.2882172683807074,58.58673580467584
C4,1,4637.582166170547,1.2882172683807074,58.58673580467584
C4,1,4647.582166170547,1.2909950461584851,58.54395802689806
C4,1,4662.889808671389,1.2952471690753857,58.773572664410686
C4,1,4822.889808671389,1.3396916135198302,58.44912821996624
C4,1,5008.154963651713,1.3911541565699204,58.12468377552179
C4,1,5018.154963651713,1.3939319343476981,58.08190599774401
C4,1,5065.624179477487,1.4071178276326353,58.793944235130624
C4,1,5075.624179477487,1.409895605410413,58.751166457352845
C4,1,5120.644268219351,1.4224011856164864,59.42646778848081
C4,1,5130.644268219351,1.4251789633942642,59.38369001070303
C4,1,5148.638623643225,1.4301773954564514,59.65360534206114
C4,1,5158.638623643225,1.4329551732342294,59.61082756428336
C4,1,5182.579823220957,1.439605506450266,59.94838769940011
C4,1,5192.579823220957,1.4423832842280437,59.90560992162233
C4,1,5192.579823220957,1.4423832842280437,59.90560992162233
C4,1,5352.579823220957,1.486827728672488,59.581165477177876
C4,1,5372.0025917633775,1.4922229421564936,59.5383876994001
C4,1,5380.89473330099,1.4946929814724972,59.671769822464285
C4,1,5390.89473330099,1.497470759250275,59.6289920446865
C4,1,5414.5927079863495,1.5040535299962081,59.988818346155924
C4,1,5424.5927079863495,1.5068313077739859,59.946040568378145
C4,1,5484.5927079863495,1.5234979744406527,60.792013554871396
C4,1,5494.5927079863495,1.5262757522184305,60.74923577709362
C4,1,5543.030425480181,1.539730673744495,61.43218578587983
C4,1,5553.030425480181,1.5425084515222727,61.38940800810205
C4,1,5569.9784973241585,1.5472162492567108,61.64362908576171
C4,1,5579.9784973241585,1.5499940270344885,61.60085130798393
C4,1,5583.66154347568,1.5510170954099112,61.65609700025676
C4,1,5593.66154347568,1.553794873187689,61.61331922247898
C4,1,5593.66154347568,1.553794873187689,61.61331922247898
C4,1,5603.66154347568,1.5565726509654667,61.5705414447012
C4,1,5626.479401204149,1.5629109447789304,61.912809310628234
C4,1,5786.479401204149,1.6073553892233747,61.58836486618379
C4,1,5916.479401204149,1.643466500334486,61.39225375507268
C4,1,6046.479401204149,1.6795776114455971,61.19614264396157
C4,1,6056.479401204149,1.682355389223375,61.15336486618379
C4,1,6056.479401204149,1.682355389223375,61.15336486618379
C4,1,6226.479401204149,1.729577611445597,60.78614264396157
C4,1,6386.479401204149,1.7740220558900415,60.46169819951712
C4,1,6414.398949440335,1.7817774859556486,60.418920421739344
C4,1,6474.398949440335,1.7984441526223152,61.26489340823259
C4,1,6484.398949440335,1.801221930400093,61.22211563045481
C4,1,6484.398949440335,1.801221930400093,61.22211563045481
C4,1,6665.580247281788,1.8515500686893855,60.98322674156592
C4,1,6831.730422462263,1.8977028951284065,60.701560074899255
C4,1,7031.431998679076,1.9531755551886323,60.46267118601036
C4,1,7093.652748097092,1.9704590966936366,60.41989340823258
C4,1,7102.728082171183,1.9729800228253287,60.547851532733965
C4,1,7112.728082171183,1.9757578006031065,60.505073754956186
C4,1,7112.728082171183,1.9757578006031065,60.505073754956186
C4,1,7272.728082171183,2.020202245047551,60.18062931051173
C4,1,7282.728082171183,2.0229800228253287,60.137851532733954
C4,1,7282.728082171183,2.0229800228253287,60.137851532733954
C4,1,7422.728082171183,2.0618689117142175,59.89896264384507
C4,1,7592.728082171183,2.1090911339364395,59.53174042162285
C4,1,7742.728082171183,2.1507578006031065,59.250073754956176
C4,1,7752.728082171183,2.1535355783808843,59.2072959771784
C4,1,7812.728082171183,2.170202245047551,60.05326896367165
C4,1,7822.728082171183,2.1729800228253286,60.01049118589387
C4,1,7882.728082171183,2.1896466894919953,60.85646417238711
C4,1,7892.728082171183,2.192424467269773,60.813686394609334
C4,1,7905.739064952666,2.1960386291535183,60.99713539395706
C4,1,7915.739064952666,2.198816406931296,60.95435761617928
C4,1,7915.817341160891,2.19883815032247,60.955399308440064
C4,1,7925.817341160891,2.2016159281002476,60.91262153066228
C4,1,7936.934648908126,2.204704069141146,61.0793811468708
C4,1,7946.934648908126,2.207481846918924,61.03660336909302
C4,1,7946.934648908126,2.207481846918924,61.03660336909302
C4,1,8106.934648908126,2.251926291363368,60.71215892464858
C4,1,8316.432874042328,2.3101202427895355,60.387714480204124
C4,1,8326.432874042328,2.3128980205673133,60.344936702426345
C4,1,8326.432874042328,2.3128980205673133,60.344936702426345
C4,1,8456.432874042328,2.3490091316784243,60.14882559131524
C4,1,8626.432874042328,2.396231353900647,59.78160336909302
C4,1,8703.925760572223,2.4177571557145066,59.73882559131523
C4,1,8762.23924147186,2.4339553448532945,60.66212237222614
C4,1,8917.316096498997,2.477032249027499,60.466011261115035
C4,1,9057.316096498997,2.5159211379163877,60.22712237222615
C4,1,9197.316096498997,2.554810026805277,59.98823348333726
C4,1,9367.316096498997,2.602032249027499,59.621011261115044
C4,1,9537.316096498997,2.6492544712497215,59.253789038892826
C4,1,9707.316096498997,2.6964766934719435,58.8865668166706
C4,1,9877.316096498997,2.7436989156941656,58.519344594448384
C4,1,9908.016306943295,2.752226751928693,58.476566816670605
C4,1,9936.525058162613,2.7601458494896147,58.90943918854873
C4,1,10026.525058162613,2.7851458494896146,58.866661410770945
C4,1,10086.525058162613,2.8018125161562817,59.81666141077094
C4,1,10096.525058162613,2.8045902939340595,59.77388363299316
C4,1,10102.423328890221,2.806228702469506,59.867272919513624
C4,1,10112.423328890221,2.809006480247284,59.824495141735845
C4,1,10172.423328890221,2.8256731469139504,60.724495141735844
C4,1,10182.423328890221,2.828450924691728,60.681717363958064
C4,1,10242.423328890221,2.845117591358395,61.58171736395806
C4,1,10286.774056765758,2.8574372379904887,61.538939586180284
C4,1,10330.847636317134,2.869679898976982,62.23677126241039
C4,1,10424.527085604712,2.895701968223531,62.193993484632614
C4,1,10440.784605128902,2.9002179458691395,62.45140421043228
C4,1,10620.830502124216,2.9502306950345045,62.08418198821006
C4,1,10760.830502124216,2.9891195839233933,61.845293099321175
C4,1,10890.830502124216,3.0252306950345043,61.64918198821007
C4,1,11042.497185012266,3.0673603291700737,61.45307087709896
C4,1,11172.497185012266,3.1034714402811847,61.25695976598785
C4,1,11302.497185012266,3.139582551392296,61.06084865487674
C4,1,11333.16583601183,3.1481016211143973,61.018070877098964
C4,1,11362.124226074924,3.1561456183541456,61.45244672804536
C4,1,11636.97149356078,3.2324920815446614,61.25633561693425
C4,1,11886.676824587206,3.3018546734964462,60.889113394712034
C4,1,12145.438191074683,3.373732830854079,60.521891172489816
C4,1,12285.438191074683,3.4126217197429676,60.28300228360093
C4,1,12415.438191074683,3.4487328308540786,60.08689117248982
C4,1,12572.898051832144,3.4924716810644845,59.89078006137871
C4,1,12742.898051832144,3.5396939032867065,59.523557839156496
C4,1,12940.768652440167,3.5946579590111574,59.32744672804539
C4,1,12950.768652440167,3.597435736788935,59.2846689502676
C4,1,12950.768652440167,3.597435736788935,59.2846689502676
C4,1,13120.768652440167,3.6446579590111576,58.917446728045384
C4,1,13250.768652440167,3.6807690701222686,58.721335616934276
C4,1,13420.768652440167,3.7279912923444907,58.35411339471206
C4,1,13560.768652440167,3.76688018123338,58.11522450582317
C4,1,13710.768652440167,3.8085468479000464,57.833557839156505
C4,1,13860.768652440167,3.850213514566713,57.55189117248983
C4,1,13888.228734769622,3.857841315213784,57.50911339471205
C4,1,13948.228734769622,3.8745079818804506,58.40911339471205
C4,1,14197.270491713725,3.943686247698257,58.041891172489834
C4,1,14367.270491713725,3.990908469920479,57.674668950267616
C4,1,14537.270491713725,4.038130692142701,57.3074467280454
C4,1,14667.270491713725,4.074241803253813,57.11133561693429
C4,1,14817.270491713725,4.1159084699204795,56.82966895026762
C4,1,14854.520793223686,4.126255775895468,56.78689117248984
C4,1,14854.520793223686,4.126255775895468,56.78689117248984
C4,1,14864.520793223686,4.1290335536732465,56.74411339471206
C4,1,14899.125813779156,4.138646059383099,57.2320286044949
C4,1,14909.125813779156,4.141423837160876,57.18925082671712
C4,1,14919.966769445102,4.14443521373475,57.351865161706314
C4,1,14929.966769445102,4.147212991512529,57.309087383928535
C4,1,14929.966769445102,4.147212991512529,57.309087383928535
C4,1,15059.966769445102,4.183324102623639,57.11297627281743
C4,1,15090.62594868332,4.191840541300922,57.07019849503965
C4,1,15126.754220312449,4.201876172309014,57.642229462500836
C4,1,15159.176979084583,4.2108824941901615,57.59945168472306
C4,1,15174.306321911128,4.215085089419758,57.82917323456934
C4,1,15184.306321911128,4.217862867197535,57.78639545679156
C4,1,15244.306321911128,4.234529533864202,58.50112782297465
C4,1,15254.306321911128,4.23730731164198,58.45835004519687
C4,1,15254.306321911128,4.23730731164198,58.45835004519687
C4,1,15264.306321911128,4.2400850894197575,58.415572267419094
C4,1,15264.306321911128,4.2400850894197575,58.415572267419094
C4,1,15394.306321911128,4.276196200530869,58.219461156307986
C4,1,15564.306321911128,4.323418422753091,57.85223893408576
C4,1,15576.39106771406,4.326775296587239,57.80946115630798
C4,1,15581.186096334519,4.32810724898181,57.885382442798594
C4,1,15711.217509238164,4.36422708589949,57.689271331687486
C4,1,15861.217509238164,4.405893752566157,57.40760466502082
C4,1,16011.217509238164,4.447560419232824,57.125937998354146
C4,1,16151.217509238164,4.4864493081217125,56.88704910946526
C4,1,16311.217509238164,4.530893752566157,56.562604665020814
C4,1,16441.217509238166,4.567004863677268,56.366493553909706
C4,1,16581.217509238166,4.605893752566157,56.12760466502081
C4,1,16751.217509238166,4.6531159747883795,55.760382442798594
C4,1,16901.217509238166,4.694782641455046,55.47871577613193
C4,1,17061.217509238166,4.739227085899491,55.154271331687475
C4,1,17201.217509238166,4.7781159747883795,54.91538244279859
C4,1,17351.217509238166,4.819782641455046,54.63371577613192
C4,1,17491.217509238166,4.858671530343935,54.39482688724303
C4,1,17651.217509238166,4.9031159747883795,54.07038244279858
C4,1,17801.217509238166,4.944782641455046,53.78871577613191
C4,1,17931.217509238166,4.980893752566157,53.5926046650208
C4,1,18061.217509238166,5.017004863677268,53.39649355390969
C4,1,18308.846448998283,5.0857906802773005,53.157604665020806
C4,1,18485.863296168525,5.134962026713479,52.83316022057636
C4,1,18639.36886586224,5.177602462739512,52.59427133168747
C4,1,18779.36886586224,5.216491351628401,52.35538244279858
C4,1,18929.36886586224,5.258158018295067,52.07371577613191
C4,1,19070.929982926395,5.297480550812887,51.834826887243025
C4,1,19240.929982926395,5.3447027730351095,51.46760466502081
C4,1,19410.929982926395,5.391924995257332,51.10038244279858
C4,1,19560.929982926395,5.433591661923998,50.81871577613192
C4,1,19700.929982926395,5.472480550812888,50.57982688724303
C4,1,19860.929982926395,5.516924995257332,50.25538244279858
C4,1,19990.929982926395,5.553036106368443,50.05927133168747
C4,1,20000.929982926395,5.555813884146221,50.01649355390969
C4,1,20000.929982926395,5.555813884146221,50.01649355390969
C4,1,20150.929982926395,5.597480550812888,49.734826887243024
C4,1,20310.929982926395,5.641924995257332,49.41038244279858
C4,1,20460.929982926395,5.683591661923998,49.12871577613191
C4,1,20600.929982926395,5.722480550812888,48.88982688724302
C4,1,20740.929982926395,5.7613694397017765,48.65093799835413
C4,1,20870.929982926395,5.797480550812887,48.454826887243016
C4,1,20937.73951592575,5.816038754423819,48.41204910946524
C4,1,20937.73951592575,5.816038754423819,48.41204910946524
C4,1,20947.73951592575,5.8188165322015974,48.36927133168746
C4,1,20956.337176835666,5.821204771343241,48.50540096276113
C4,1,20966.337176835666,5.823982549121019,48.46262318498335
C4,1,20973.74209619457,5.826039471165159,48.57986774149935
C4,1,21123.74209619457,5.867706137831825,48.29820107483268
C4,1,21283.74209619457,5.91215058227627,47.97375663038824
C4,1,21423.74209619457,5.951039471165159,47.73486774149935
C4,1,21563.74209619457,5.989928360054048,47.49597885261046
C4,1,21573.74209619457,5.992706137831825,47.45320107483268
C4,1,21597.960417040103,5.999433449177807,47.794668495058446
C4,1,21607.960417040103,6.002211226955584,47.751890717280666
C4,1,21667.960417040103,6.018877893622251,48.651890717280665
C4,1,21677.960417040103,6.021655671400029,48.609112939502886
C4,1,21706.639690144755,6.029622136151321,49.03930203607266
C4,1,21737.70185083939,6.038250514122052,48.99652425829488
C4,1,21760.17093570583,6.0444919265849535,49.33356053129153
C4,1,21770.17093570583,6.047269704362731,49.29078275351375
C4,1,21830.17093570583,6.063936371029397,50.089256990632315
C4,1,21840.17093570583,6.066714148807176,50.046479212854535
C4,1,21855.15477833294,6.070876327314706,50.245882751367624
C4,1,21865.15477833294,6.0736541050924835,50.20310497358984
C4,1,21865.15477833294,6.0736541050924835,50.20310497358984
C4,1,22015.15477833294,6.1153207717591505,49.92143830692317
C4,1,22185.15477833294,6.162542993981372,49.55421608470095
C4,1,22315.15477833294,6.1986541050924835,49.35810497358983
C4,1,22465.15477833294,6.2403207717591505,49.076438306923166
C4,1,22633.366029344794,6.287046119262443,48.7947716402565
C4,1,22783.366029344794,6.32871278592911,48.513104973589826
C4,1,22997.322313765395,6.388145087157054,48.27421608470094
C4,1,23127.322313765395,6.424256198268165,48.078104973589824
C4,1,23280.238478022366,6.466732910561769,47.79643830692316
C4,1,23450.238478022366,6.51395513278399,47.42921608470093
C4,1,23620.238478022366,6.561177355006213,47.06199386247871
C4,1,23798.704817720958,6.610751338255822,46.780327195812035
C4,1,23823.195496048087,6.617554304457802,46.737549418034256
C4,1,23830.89041587663,6.619691782187953,46.83995267203067
C4,1,23840.89041587663,6.62246955996573,46.79717489425289
C4,1,23900.89041587663,6.639136226632398,47.69717489425289
C4,1,23940.507806372065,6.650141057325573,47.65439711647511
C4,1,23941.502499397153,6.650417360943654,47.66931751185143
C4,1,23951.502499397153,6.653195138721431,47.62653973407365
C4,1,23954.419545317396,6.654005429254832,47.66766876822175
C4,1,24104.419545317396,6.695672095921499,47.386002101555086
C4,1,24316.605229621215,6.754612563783671,47.1471132126662
C4,1,24533.636334629406,6.814898981841502,46.82266876822175
C4,1,24681.23702924237,6.855899174789547,46.62655765711064
C4,1,24821.23702924237,6.894788063678436,46.38766876822175
C4,1,25065.908000067382,6.9627522222409395,46.020446545999526
C4,1,25229.17823493499,7.008105065259719,45.69600210155508
C4,1,25359.17823493499,7.04421617637083,45.49989099044397
C4,1,25529.17823493499,7.091438398593052,45.13266876822175
C4,1,25679.17823493499,7.133105065259719,44.851002101555075
C4,1,25725.078410570502,7.145855114047362,44.808224323777296
C4,1,25741.649078399,7.150458077333056,45.05983072460997
C4,1,25751.649078399,7.153235855110833,45.01705294683219
C4,1,25751.649078399,7.153235855110833,45.01705294683219
C4,1,25761.649078399,7.1560136328886115,44.97427516905441
C4,1,25787.799759813937,7.163277711059427,45.36653539027845
C4,1,25797.799759813937,7.166055488837205,45.32375761250067
C4,1,25797.799759813937,7.166055488837205,45.32375761250067
C4,1,25807.799759813937,7.168833266614983,45.28097983472289
C4,1,25827.49541610724,7.1743042822520104,45.57641467912241
C4,1,25977.49541610724,7.215970948918677,45.294748012455734
C4,1,26127.49541610724,7.257637615585344,45.01308134578907
C4,1,26267.49541610724,7.296526504474233,44.77419245690018
C4,1,26397.49541610724,7.332637615585344,44.578081345789066
C4,1,26557.49541610724,7.377082060029789,44.25363690134462
C4,1,26707.49541610724,7.418748726696455,43.971970234677954
C4,1,26837.49541610724,7.454859837807566,43.77585912356684
C4,1,26977.49541610724,7.493748726696455,43.53697023467795
C4,1,27019.538513836025,7.505427364954452,43.49419245690017
C4,1,27079.538513836025,7.522094031621118,44.444192456900176
C4,1,27089.538513836025,7.5248718093988956,44.40141467912239
C4,1,27089.538513836025,7.5248718093988956,44.40141467912239
C4,1,27266.210416902806,7.573947338028558,44.20530356801128
C4,1,27309.352638586828,7.585931288496341,44.162525790233495
C4,1,27343.59165631016,7.595442126752822,44.6181753495056
C4,1,27353.59165631016,7.5982199045306,44.57539757172782
C4,1,27404.07404454365,7.612242790151014,45.341914174457685
C4,1,27414.07404454365,7.6150205679287915,45.2991363966799
C4,1,27414.07404454365,7.6150205679287915,45.2991363966799
C4,1,27424.07404454365,7.61779834570657,45.25635861890212
C4,1,27451.28414254125,7.625356706261459,45.68718517053082
C4,1,27601.28414254125,7.667023372928125,45.40551850386415
C4,1,27805.89716283,7.723860323008333,45.166629614975264
C4,1,27976.96300923821,7.771378613677281,44.79940739275304
C4,1,28025.765033908985,7.784934731641385,44.75662961497526
C4,1,28085.765033908985,7.801601398308051,45.66766013023288
C4,1,28095.765033908985,7.804379176085829,45.6248823524551
C4,1,28110.769071451636,7.808546964292121,45.852701286678865
C4,1,28120.769071451636,7.811324742069899,45.809923508901086
C4,1,28122.388097794388,7.811774471609552,45.83420890404237
C4,1,28142.388097794388,7.817330027165108,45.79143112626459
C4,1,28156.566739074922,7.821268538631923,46.0041107454726
C4,1,28166.566739074922,7.8240463164097,45.96133296769482
C4,1,28166.566739074922,7.8240463164097,45.96133296769482
C4,1,28326.566739074922,7.8684907608541454,45.63688852325038
C4,1,28341.995724543536,7.872776590150982,45.5941107454726
C4,1,28351.4034213448,7.875389839262445,45.73522619749155
C4,1,28361.4034213448,7.878167617040222,45.69244841971376
C4,1,28384.807706703286,7.8846688074175795,45.85792631775554
C4,1,28524.807706703286,7.923557696306468,45.619037428866655
C4,1,28674.807706703286,7.965224362973135,45.33737076219999
C4,1,28804.807706703286,8.001335474084247,45.14125965108887
C4,1,29031.154169640795,8.064209491566887,44.81681520664443
C4,1,29048.164733331883,8.068934648147746,44.77403742886665
C4,1,29048.164733331883,8.068934648147746,44.77403742886665
C4,1,29058.164733331883,8.071712425925524,44.73125965108887
C4,1,29079.974890709607,8.077770802974891,45.03877305063421
C4,1,29089.974890709607,8.08054858075267,44.99599527285643
C4,1,29149.974890709607,8.097215247419335,45.710727639039526
C4,1,29339.163249277586,8.149767569243775,45.42906097237285
C4,1,29349.163249277586,8.152545347021551,45.38628319459507
C4,1,29391.60744002627,8.164335400007298,46.02294605582532
C4,1,29401.60744002627,8.167113177785074,45.98016827804754
C4,1,29446.6818284209,8.179633841228029,46.656284103967
C4,1,29456.6818284209,8.182411619005805,46.613506326189224
C4,1,29462.025172497804,8.18389588124939,46.693656487342786
C4,1,29472.025172497804,8.186673659027168,46.650878709565
C4,1,29472.025172497804,8.186673659027168,46.650878709565
C4,1,29612.025172497804,8.225562547916057,46.41198982067611
C4,1,29686.6818284209,8.246300507894695,46.36921204289833
C4,1,29686.6818284209,8.246300507894695,46.36921204289833
C4,1,29696.6818284209,8.249078285672473,46.326434265120554
C4,1,29704.98434149544,8.25138453930429,46.4434959614717
C4,1,29714.98434149544,8.254162317082066,46.40071818369392
C4,1,29714.98434149544,8.254162317082066,46.40071818369392
C4,1,29884.98434149544,8.301384539304289,46.033495961471694
C4,1,30054.98434149544,8.348606761526511,45.66627373924947
C4,1,30250.72345569119,8.402978737691997,45.299051517027245
C4,1,30325.49401538861,8.423748337607947,45.256273739249465
C4,1,30325.49401538861,8.423748337607947,45.256273739249465
C4,1,30335.49401538861,8.426526115385725,45.213495961471686
C4,1,30335.49401538861,8.426526115385725,45.213495961471686
C4,1,30345.49401538861,8.429303893163503,45.1707181836939
C4,1,30355.091946778462,8.43196998521624,45.31468715454171
C4,1,30495.091946778462,8.470858874105128,45.075798265652814
C4,1,30625.091946778462,8.506969985216239,44.879687154541706
C4,1,30795.091946778462,8.554192207438462,44.51246493231948
C4,1,30935.091946778462,8.593081096327351,44.27357604343059
C4,1,31065.091946778462,8.629192207438463,44.07746493231948
C4,1,31235.091946778462,8.676414429660683,43.710242710097255
C4,1,31405.091946778462,8.723636651882906,43.34302048787503
C4,1,31545.091946778462,8.762525540771795,43.10413159898614
C4,1,31555.091946778462,8.765303318549574,43.06135382120836
C4,1,31555.091946778462,8.765303318549574,43.06135382120836
C4,1,31565.091946778462,8.76808109632735,43.01857604343058
C4,1,31565.091946778462,8.76808109632735,43.01857604343058
C4,1,31725.091946778462,8.812525540771794,42.69413159898613
C4,1,31876.951885856546,8.854708857182374,42.412464932319466
C4,1,32151.703067071805,8.931028629742167,42.08802048787502
C4,1,32299.33747327099,8.972038187019718,41.84913159898613
C4,1,32498.732800842972,9.027425778011937,41.56746493231947
C4,1,32640.684868641798,9.066856907956055,41.52468715454168
C4,1,32640.684868641798,9.066856907956055,41.52468715454168
C4,1,32650.684868641798,9.069634685733833,41.4819093767639
C4,1,32710.684868641798,9.086301352400499,42.39293989202153
C4,1,32720.684868641798,9.089079130178277,42.35016211424375
C4,1,32720.684868641798,9.089079130178277,42.35016211424375
C4,1,32730.684868641798,9.091856907956055,42.30738433646597
C4,1,32730.684868641798,9.091856907956055,42.30738433646597
C4,1,32890.684868641794,9.136301352400498,41.98293989202153
C4,1,32900.684868641794,9.139079130178276,41.94016211424375
C4,1,32958.199999806806,9.15505555550189,42.80288908171892
C4,1,32968.199999806806,9.157833333279669,42.76011130394114
C4,1,32999.7180555326,9.166588348759054,43.238676479737585
C4,1,33009.7180555326,9.169366126536833,43.195898701959806
C4,1,33009.7180555326,9.169366126536833,43.195898701959806
C4,1,33169.7180555326,9.213810570981277,42.87145425751536
C4,1,33185.591991304726,9.218219997584645,42.82867647973758
C4,1,33199.65925749098,9.222127571525272,43.02701859952728
C4,1,33395.338523482926,9.276482923189702,42.788129710638394
C4,1,33405.338523482926,9.279260700967479,42.745351932860615
C4,1,33465.338523482926,9.295927367634146,43.69535193286062
C4,1,33475.338523482926,9.298705145411924,43.65257415508283
C4,1,33516.11416376508,9.310031712156967,44.298188459550275
C4,1,33526.11416376508,9.312809489934745,44.255410681772496
C4,1,33549.84381872818,9.319401060757828,44.63113021868823
C4,1,33559.84381872818,9.322178838535605,44.58835244091045
C4,1,33572.11430256016,9.325587306266712,44.77240969839021
C4,1,33754.21002143669,9.37616945039908,44.44796525394577
C4,1,33922.67810822331,9.422966141173141,44.1662985872791
C4,1,34149.290740745695,9.485914094651582,43.841854142834656
C4,1,34159.290740745695,9.48869187242936,43.79907636505688
C4,1,34168.72602446744,9.491312784574289,43.948468357317836
C4,1,34178.72602446744,9.494090562352067,43.90569057954006
C4,1,34195.40716060002,9.498724211277784,44.16980856830593
C4,1,34436.45192254889,9.565681089596914,43.888141901639266
C4,1,34704.32251043268,9.6400895862313,43.52091967941704
C4,1,34864.32251043268,9.684534030675744,43.196475234972596
C4,1,35095.828687281166,9.748841302022546,42.91480856830593
C4,1,35241.017102869046,9.789171417463624,42.87203079052815
C4,1,35291.328399365615,9.80314677760156,43.62670023797669
C4,1,35331.696367732635,9.814360102147955,43.583922460198906
C4,1,35337.85150143425,9.816069861509513,43.670707074195896
C4,1,35347.85150143425,9.818847639287291,43.62792929641812
C4,1,35347.85150143425,9.818847639287291,43.62792929641812
C4,1,35507.85150143425,9.863292083731736,43.30348485197367
C4,1,35677.85150143425,9.910514305953958,42.93626262975145
C4,1,35807.85150143425,9.94662541706507,42.74015151864033
C4,1,35967.85150143425,9.991069861509514,42.41570707419589
C4,1,36127.85150143425,10.035514305953958,42.09126262975145
C4,1,36137.85150143425,10.038292083731736,42.04848485197367
C4,1,36161.52998452209,10.044869440145025,42.363595830635106
C4,1,36331.52998452209,10.092091662367247,41.99637360841288
C4,1,36481.52998452209,10.133758329033913,41.714706941746215
C4,1,36651.52998452209,10.180980551256136,41.34748471952399
C4,1,36811.52998452209,10.22542499570058,41.023040275079545
C4,1,36844.60734107829,10.234613150299525,40.980262497301766
C4,1,36898.6409496556,10.249622486015445,41.699336570427256
C4,1,36908.6409496556,10.252400263793222,41.65655879264948
C4,1,36908.6409496556,10.252400263793222,41.65655879264948
C4,1,36918.6409496556,10.255178041571,41.6137810148717
C4,1,36918.68033764196,10.255188982678323,41.61433636774595
C4,1,36928.68033764196,10.257966760456101,41.57155858996816
C4,1,36928.68033764196,10.257966760456101,41.57155858996816
C4,1,36938.68033764196,10.260744538233878,41.528780812190384
C4,1,36991.69072294221,10.275469645261724,42.32393659169404
C4,1,37131.69072294221,10.314358534150614,42.085047702805156
C4,1,37235.251279113836,10.343125355309398,42.04226992502738
C4,1,37247.46675716744,10.346518543657623,42.21450266586826
C4,1,37413.92150926519,10.392755974795886,41.97561377697937
C4,1,37423.92150926519,10.395533752573662,41.932835999201586
C4,1,37440.715092880004,10.400198636911112,42.187827118095406
C4,1,37450.715092880004,10.40297641468889,42.14504934031763
C4,1,37495.10153481225,10.415305981892292,42.77087818767152
C4,1,37505.10153481225,10.41808375967007,42.72810040989374
C4,1,37512.56577593552,10.42015715998209,42.846284227678865
C4,1,37642.56577593552,10.456268271093201,42.65017311656775
C4,1,37802.56577593552,10.500712715537645,42.32572867212331
C4,1,37962.56577593552,10.54515715998209,42.001284227678866
C4,1,38112.56577593552,10.586823826648757,41.71961756101219
C4,1,38262.56577593552,10.628490493315423,41.437950894345526
C4,1,38402.56577593552,10.667379382204311,41.19906200545664
C4,1,38542.56577593552,10.706268271093201,40.96017311656775
C4,1,38702.56577593552,10.750712715537645,40.63572867212331
C4,1,38712.56577593552,10.753490493315423,40.59295089434553
C4,1,38758.33508945853,10.766204191516259,41.317631691793146
C4,1,38899.91179157383,10.805531053214953,41.07874280290426
C4,1,38909.91179157383,10.80830883099273,41.03596502512647
C4,1,38921.86495449599,10.811629154026665,41.215262468958876
C4,1,38931.86495449599,10.814406931804442,41.1724846911811
C4,1,38954.53338256275,10.820703717378542,41.53140146890482
C4,1,39104.53338256275,10.862370384045208,41.249734802238144
C4,1,39289.018247383625,10.913616179828784,40.96806813557148
C4,1,39299.018247383625,10.916393957606562,40.9252903577937
C4,1,39302.30441373973,10.91730678159437,40.974582853135274
C4,1,39452.30441373973,10.958973448261036,40.69291618646861
C4,1,39612.30441373973,11.00341789270548,40.36847174202416
C4,1,39752.30441373973,11.04230678159437,40.129582853135275
C4,1,39912.30441373973,11.086751226038814,39.80513840869083
C4,1,39922.30441373973,11.089529003816592,39.76236063091305
C4,1,39927.142248765456,11.090872846879293,39.82674207477092
C4,1,40097.142248765456,11.138095069101515,39.459519852548695
C4,1,40227.142248765456,11.174206180212627,39.26340874143758
C4,1,40367.142248765456,11.213095069101515,39.02451985254869
C4,1,40537.142248765456,11.260317291323737,38.65729763032647
C4,1,40667.142248765456,11.296428402434849,38.46118651921536
C4,1,40807.142248765456,11.335317291323738,38.222297630326466
C4,1,40994.91885503577,11.387477459732159,37.89785318588203
C4,1,41154.91885503577,11.431921904176603,37.57340874143758
C4,1,41324.91885503577,11.479144126398825,37.20618651921536
C4,1,41388.69471160708,11.496859642113078,37.16340874143758
C4,1,41401.0406956159,11.500289082115527,37.35086821098618
C4,1,41672.39227919208,11.5756645219978,36.98364598876395
C4,1,41682.39227919208,11.578442299775578,36.940868210986174
C4,1,41742.39227919208,11.595108966442243,37.851898726243796
C4,1,41752.39227919208,11.597886744220022,37.80912094846602
C4,1,41812.39227919208,11.614553410886689,38.720151463723646
C4,1,41832.39227919208,11.620108966442244,38.67737368594587
C4,1,41892.39227919208,11.636775633108911,39.577373685945865
C4,1,41902.39227919208,11.639553410886688,39.534595908168086
C4,1,41962.39227919208,11.656220077553355,40.434595908168085
C4,1,42053.95052041061,11.68165292233628,40.391818130390305
C4,1,42053.95052041061,11.68165292233628,40.391818130390305
C4,1,42209.991651920674,11.724997681089077,40.11015146372364
C4,1,42339.991651920674,11.761108792200188,39.914040352612524
C4,1,42479.991651920674,11.799997681089076,39.67515146372364
C4,1,42668.43240477495,11.852342334659708,39.47904035261252
C4,1,42883.24481110005,11.912012447527792,39.154595908168076
C4,1,43107.621226376825,11.974339229549118,38.91570701927919
C4,1,43117.621226376825,11.977117007326896,38.87292924150141
C4,1,43120.905071622896,11.978029186561916,38.92218692019247
C4,1,43250.905071622896,12.014140297673027,38.726075809081365
C4,1,43444.38931027907,12.067885919521963,38.48718692019247
C4,1,43689.576984622,12.135993606839444,38.248298031303584
C4,1,43699.576984622,12.138771384617222,38.205520253525805
C4,1,43742.49216444355,12.150692267900986,38.81060496751804
C4,1,43914.25074309971,12.198402984194363,38.4861605230736
C4,1,44044.25074309971,12.234514095305475,38.290049411962485
C4,1,44250.18419872923,12.291717832980341,37.96560496751804
C4,1,44260.18419872923,12.29449561075812,37.92282718974026
C4,1,44320.18419872923,12.311162277424785,38.82282718974026
C4,1,44330.18419872923,12.313940055202563,38.78004941196248
C4,1,44335.42361826004,12.315395449516679,38.85864070492471
C4,1,44345.42361826004,12.318173227294457,38.815862927146924
C4,1,44354.34751031633,12.32065208619898,38.94972130799121
C4,1,44494.34751031633,12.359540975087869,38.710832419102324
C4,1,44656.72298437975,12.404645273438819,38.38638797465788
C4,1,44786.86438985437,12.440795663848435,38.19027686354677
C4,1,45021.13315572025,12.505870321033402,37.994165752435656
C4,1,45031.13315572025,12.50864809881118,37.95138797465788
C4,1,45077.201187176805,12.521444774215778,38.60092647721064
C4,1,45087.201187176805,12.524222551993557,38.55814869943286
C4,1,45101.41449382841,12.528170692730113,38.771348299206906
C4,1,45262.79176642697,12.572997712896381,38.48968163254024
C4,1,45272.79176642697,12.575775490674157,38.44690385476246
C4,1,45312.732784498185,12.586870217916163,38.72930323653536
C4,1,45322.732784498185,12.58964799569394,38.68652545875758
C4,1,45359.81340999063,12.599948169441841,39.24273484114428
C4,1,45369.81340999063,12.60272594721962,39.1999570633665
C4,1,45397.43180056512,12.6103977223792,39.528953024124405
C4,1,45407.43180056512,12.613175500156979,39.486175246346626
C4,1,45407.43180056512,12.613175500156979,39.486175246346626
C4,1,45417.43180056512,12.615953277934755,39.44339746856885
C4,1,45444.04354250315,12.623345428473096,39.797543974274845
C4,1,45604.04354250315,12.66778987291754,39.4730995298304
C4,1,45614.04354250315,12.670567650695318,39.43032175205262
C4,1,45614.04354250315,12.670567650695318,39.43032175205262
C4,1,45624.04354250315,12.673345428473096,39.38754397427484
C4,1,45683.16438559868,12.689767884888521,40.2743566207078
C4,1,45843.16438559868,12.734212329332966,39.949912176263354
C4,1,45993.16438559868,12.775878995999632,39.66824550959668
C4,1,46003.16438559868,12.77865677377741,39.6254677318189
C4,1,46063.16438559868,12.795323440444077,40.42394196893746
C4,1,46100.53192722996,12.805703313119434,40.38116419115968
C4,1,46154.17463044841,12.820604064013448,41.137502155247745
C4,1,46244.17463044841,12.845604064013447,41.094724377469966
C4,1,46263.28146656284,12.850911518489678,41.36412216430596
C4,1,46273.28146656284,12.853689296267456,41.32134438652818
C4,1,46333.28146656284,12.870355962934122,42.23237490178581
C4,1,46343.28146656284,12.8731337407119,42.189597124008024
C4,1,46403.28146656284,12.889800407378566,43.10062763926565
C4,1,46473.03691757922,12.909176921549784,43.057849861487874
C4,1,46477.47219159054,12.910408942108484,43.124378971657634
C4,1,46504.39695844296,12.917888044011933,43.081601193879855
C4,1,46564.39695844296,12.934554710678599,43.992631709137484
C4,1,46574.39695844296,12.937332488456377,43.9498539313597
C4,1,46574.39695844296,12.937332488456377,43.9498539313597
C4,1,46584.39695844296,12.940110266234155,43.90707615358192
C4,1,46589.38652474473,12.941496256873537,43.98607762002668
C4,1,46749.38652474473,12.98594070131798,43.66163317558223
C4,1,46909.38652474473,13.030385145762425,43.337188731137786
C4,1,47039.38652474473,13.066496256873537,43.14107762002667
C4,1,47184.28239686175,13.106745110239375,42.902188731137784
C4,1,47384.48329285381,13.16235647023717,42.62052206447112
C4,1,47394.48329285381,13.165134248014947,42.57774428669334
C4,1,47454.48329285381,13.181800914681613,43.48877480195096
C4,1,47658.71423655677,13.238531732376881,43.12155257972874
C4,1,47798.71423655677,13.277420621265769,42.88266369083985
C4,1,47968.71423655677,13.324642843487991,42.515441468617624
C4,1,48236.90592872225,13.39914053575618,42.319330357506516
C4,1,48246.90592872225,13.401918313533958,42.27655257972873
C4,1,48246.90592872225,13.401918313533958,42.27655257972873
C4,1,48376.90592872225,13.43802942464507,42.08044146861762
C4,1,48526.90592872225,13.479696091311736,41.79877480195095
C4,1,48686.90592872225,13.52414053575618,41.4743303575065
C4,1,48846.90592872225,13.568584980200624,41.149885913062064
C4,1,49006.90592872225,13.613029424645068,40.82544146861762
C4,1,49176.90592872225,13.660251646867291,40.458219246395394
C4,1,49409.67022610716,13.724908396140878,40.26210813528428
C4,1,49630.39680918489,13.78622133588469,39.937663690839834
C4,1,49812.199471119915,13.836722075311087,39.57044146861761
C4,1,49960.93583246654,13.878037731240704,39.33155257972872
C4,1,50090.93583246654,13.914148842351816,39.13544146861761
C4,1,50100.93583246654,13.916926620129594,39.09266369083983
C4,1,50107.372189128706,13.918714496980195,39.183413421967
C4,1,50257.372189128706,13.960381163646863,38.90174675530034
C4,1,50396.726218392614,13.99909061622017,38.70563564418922
C4,1,50550.70303206166,14.04186195335046,38.466746755300335
C4,1,50690.70303206166,14.08075084223935,38.22785786641145
C4,1,50915.03634450411,14.14306565125114,37.903413421967
C4,1,50925.03634450411,14.145843429028918,37.86063564418922
C4,1,50939.34657584428,14.149818493290079,38.07528911429186
C4,1,50949.34657584428,14.152596271067857,38.03251133651408
C4,1,51009.34657584428,14.169262937734523,38.93251133651408
C4,1,51251.911241760696,14.236642011600193,38.693622447625195
C4,1,51405.04380584084,14.279178834955788,38.41195578095852
C4,1,51535.04380584084,14.3152899460669,38.21584466984741
C4,1,51685.04380584084,14.356956612733567,37.93417800318074
C4,1,51825.04380584084,14.395845501622455,37.69528911429185
C4,1,51985.04380584084,14.4402899460669,37.37084466984741
C4,1,52125.04380584084,14.479178834955789,37.13195578095852
C4,1,52314.402633292826,14.531778509248007,36.89306689206963
C4,1,52324.402633292826,14.534556287025785,36.850289114291854
C4,1,52357.73100922832,14.543814169230089,37.37798839993721
C4,1,52497.73100922832,14.582703058118978,37.139099511048315
C4,1,52541.609077427245,14.594891410396457,37.096321733270536
C4,1,52601.609077427245,14.611558077063124,37.94229471976379
C4,1,52611.609077427245,14.6143358548409,37.89951694198601
C4,1,52611.609077427245,14.6143358548409,37.89951694198601
C4,1,52621.609077427245,14.617113632618679,37.85673916420823
C4,1,52636.5374207052,14.621260394640334,38.093104599442526
C4,1,52656.5374207052,14.626815950195889,38.05032682166474
C4,1,52716.5374207052,14.643482616862556,39.00032682166474
C4,1,52726.5374207052,14.646260394640334,38.957549043886964
C4,1,52738.4391602955,14.649566433415417,39.1459932540667
C4,1,52748.4391602955,14.652344211193194,39.10321547628892
C4,1,52748.4391602955,14.652344211193194,39.10321547628892
C4,1,52918.4391602955,14.699566433415416,38.7359932540667
C4,1,53030.19480890581,14.730609669140504,38.69321547628892
C4,1,53064.09247517766,14.74002568754935,39.22992852559319
C4,1,53311.17219276726,14.80865894243535,38.9910396367043
C4,1,53321.17219276726,14.811436720213129,38.94826185892652
C4,1,53335.82123163547,14.81550589767652,39.16799744194962
C4,1,53485.82123163547,14.857172564343186,38.88633077528295
C4,1,53622.70954224524,14.895197095068122,38.690219664171835
C4,1,53752.70954224524,14.931308206179233,38.49410855306073
C4,1,53902.70954224524,14.9729748728459,38.21244188639405
C4,1,54062.70954224524,15.017419317290345,37.88799744194961
C4,1,54222.70954224524,15.06186376173479,37.56355299750517
C4,1,54382.70954224524,15.106308206179234,37.239108553060724
C4,1,54512.70954224524,15.142419317290345,37.04299744194961
C4,1,54682.70954224524,15.189641539512566,36.675775219727385
C4,1,54842.70954224524,15.23408598395701,36.35133077528294
C4,1,55002.70954224524,15.278530428401456,36.0268863308385
C4,1,55172.70954224524,15.325752650623677,35.659664108616276
C4,1,55302.70954224524,15.361863761734789,35.46355299750516
C4,1,55452.70954224524,15.403530428401456,35.18188633083849
C4,1,55582.70954224524,15.439641539512566,34.98577521972738
C4,1,55712.70954224524,15.475752650623678,34.789664108616265
C4,1,55852.70954224524,15.514641539512567,34.55077521972738
C4,1,56147.75907729516,15.5965997436931,34.22633077528293
C4,1,56442.8727509578,15.678575764154944,34.03021966417182
C4,1,56754.38941325768,15.765108170349356,33.70577521972737
C4,1,56969.96977676376,15.824991604656601,33.466886330838484
C4,1,57146.42819482183,15.874007831894952,33.14244188639404
C4,1,57171.19184862303,15.880886624617508,33.09966410861626
C4,1,57231.19184862303,15.897553291284174,33.94563709510951
C4,1,57241.19184862303,15.900331069061952,33.90285931733173
C4,1,57241.19184862303,15.900331069061952,33.90285931733173
C4,1,57251.19184862303,15.90310884683973,33.860081539553946
C4,1,57280.820864703725,15.911339129084368,34.27783732656467
C4,1,57290.820864703725,15.914116906862146,34.235059548786886
C4,1,57290.820864703725,15.914116906862146,34.235059548786886
C4,1,57420.820864703725,15.950228017973258,34.03894843767578
C4,1,57430.820864703725,15.953005795751034,33.996170659898
C4,1,57466.67777549639,15.962966048748997,34.534024321787996
C4,1,57476.67777549639,15.965743826526776,34.49124654401022
C4,1,57509.510789928354,15.974864108313431,34.835303357323646
C4,1,57519.510789928354,15.97764188609121,34.79252557954587
C4,1,57579.510789928354,15.994308552757875,35.50725794572895
C4,1,57669.510789928354,16.019308552757877,35.46448016795117
C4,1,57682.96322990103,16.023045341639175,35.64350394702732
C4,1,57850.11548811267,16.069476524475743,35.361837280360646
C4,1,57993.39232116666,16.109275644768516,35.12294839147176
C4,1,58201.47867520711,16.167077409779754,34.798503947027314
C4,1,58341.47867520711,16.205966298668642,34.55961505813843
C4,1,58490.99466735368,16.247498518709357,34.36350394702731
C4,1,58620.99466735368,16.283609629820468,34.167392835916196
C4,1,58630.99466735368,16.286387407598244,34.12461505813842
C4,1,58630.99466735368,16.286387407598244,34.12461505813842
C4,1,58800.99466735368,16.33360962982047,33.75739283591619
C4,1,58940.99466735368,16.372498518709357,33.518503947027305
C4,1,59080.99466735368,16.411387407598244,33.27961505813842
C4,1,59249.600292224386,16.45822230339566,32.95517061369397
C4,1,59417.67440297996,16.50490955638332,32.67350394702731
C4,1,59547.67440297996,16.541020667494433,32.47739283591619
C4,1,59557.67440297996,16.543798445272213,32.43461505813841
C4,1,59557.67440297996,16.543798445272213,32.43461505813841
C4,1,59707.67440297996,16.585465111938877,32.15294839147174
C4,1,59717.67440297996,16.588242889716657,32.11017061369396
C4,1,59756.69023075403,16.599080619653897,32.69540803030501
C4,1,59906.69023075403,16.640747286320565,32.413741363638344
C4,1,60127.18357567893,16.70199543768859,32.17485247474946
C4,1,60297.18357567893,16.749217659910812,31.80763025252723
C4,1,60427.18357567893,16.785328771021923,31.611519141416117
C4,1,60437.18357567893,16.788106548799703,31.568741363638335
C4,1,60497.18357567893,16.80477321546637,32.36721560075689
C4,1,60507.18357567893,16.807550993244146,32.324437822979114
C4,1,60567.18357567893,16.824217659910815,33.12291206009767
C4,1,60961.540613710175,16.93376128158616,32.92680094898655
C4,1,61111.540613710175,16.975427948252825,32.64513428231989
C4,1,61261.540613710175,17.017094614919493,32.36346761565322
C4,1,61431.540613710175,17.064316837141714,31.996245393430993
C4,1,61476.444855093505,17.076790237525973,31.953467615653214
C4,1,61504.62067663521,17.084616854620894,32.32842874249826
C4,1,61544.11671716312,17.095587976989755,32.28565096472048
C4,1,61599.91636056109,17.111087877933635,33.02822725961519
C4,1,61609.91636056109,17.113865655711415,32.98544948183741
C4,1,61633.86751427005,17.120518753963903,33.30418913493532
C4,1,61643.86751427005,17.12329653174168,33.26141135715754
C4,1,61703.86751427005,17.13996319840835,34.21141135715754
C4,1,61713.86751427005,17.142740976186126,34.16863357937976
C4,1,61713.86751427005,17.142740976186126,34.16863357937976
C4,1,61914.539313065296,17.19848314251814,33.801411357157534
C4,1,61974.539313065296,17.215149809184805,33.758633579379755
C4,1,61994.338722736604,17.220649645204613,34.03779634155376
C4,1,62205.92747103306,17.279424297509184,33.71335189710931
C4,1,62335.92747103306,17.315535408620292,33.5172407859982
C4,1,62345.92747103306,17.318313186398072,33.47446300822042
C4,1,62345.92747103306,17.318313186398072,33.47446300822042
C4,1,62495.92747103306,17.35997985306474,33.19279634155375
C4,1,62665.92747103306,17.40720207528696,32.82557411933153
C4,1,62815.92747103306,17.44886874195363,32.543907452664854
C4,1,62825.92747103306,17.451646519731405,32.501129674887075
C4,1,62849.058248316614,17.458071735643504,32.852343740669546
C4,1,62859.058248316614,17.46084951342128,32.80956596289177
C4,1,62880.02049488015,17.46667235968893,33.029229124417334
C4,1,62890.02049488015,17.46945013746671,32.986451346639555
C4,1,62895.5815456122,17.470994873781166,33.06986710762034
C4,1,63045.5815456122,17.512661540447834,32.78820044095367
C4,1,63195.5815456122,17.5543282071145,32.50653377428701
C4,1,63205.5815456122,17.557105984892278,32.46375599650923
C4,1,63265.5815456122,17.573772651558944,33.30972898300247
C4,1,63275.5815456122,17.576550429336724,33.26695120522469
C4,1,63293.77824294013,17.58160506748337,33.52351644493836
C4,1,63512.65467987641,17.642404077743446,33.284627556049465
C4,1,63954.40006894646,17.765111130262905,33.04573866716058
C4,1,64190.012778418204,17.83055910511617,32.76407200049391
C4,1,64401.510719493,17.8893085331925,32.525183111605024
C4,1,64613.6901997738,17.948247277714945,32.24351644493835
C4,1,64831.99660630985,18.00888794619718,32.04740533382724
C4,1,64841.99660630985,18.011665723974957,32.004627556049456
C4,1,64878.468027962874,18.021796674434132,32.55169888084485
C4,1,64888.468027962874,18.02457445221191,32.508921103067074
C4,1,64919.20846660821,18.033113462946723,32.97002768274709
C4,1,64929.20846660821,18.035891240724503,32.92724990496931
C4,1,64960.10684990622,18.04447412497395,33.33844262217055
C4,1,64970.10684990622,18.047251902751725,33.29566484439276
C4,1,65019.79697608701,18.061054715579726,34.04101673710468
C4,1,65029.79697608701,18.063832493357502,33.9982389593269
C4,1,65046.03225737461,18.06834229371517,34.24176817864087
C4,1,65056.03225737461,18.071120071492945,34.19899040086309
C4,1,65067.72657409938,18.074368492805384,34.37440515173469
C4,1,65077.72657409938,18.07714627058316,34.33162737395691
C4,1,65077.72657409938,18.07714627058316,34.33162737395691
C4,1,65237.72657409938,18.121590715027605,34.00718292951247
C4,1,65367.72657409938,18.157701826138716,33.81107181840136
C4,1,65377.72657409938,18.160479603916496,33.76829404062357
C4,1,65377.72657409938,18.160479603916496,33.76829404062357
C4,1,65527.72657409938,18.20214627058316,33.48662737395691
C4,1,65697.72657409939,18.249368492805385,33.11940515173468
C4,1,65707.72657409939,18.252146270583165,33.0766273739569
C4,1,65721.43069963524,18.255952972120898,33.28470864975823
C4,1,65731.43069963524,18.258730749898678,33.24193087198045
C4,1,65733.22029038807,18.25922785844113,33.268774733272885
C4,1,65883.22029038807,18.300894525107797,32.98710806660622
C4,1,66053.22029038807,18.348116747330018,32.619885844383994
C4,1,66063.22029038807,18.350894525107798,32.577108066606215
C4,1,66063.22029038807,18.350894525107798,32.577108066606215
C4,1,66193.22029038807,18.38700563621891,32.3809969554951
C4,1,66441.79734604532,18.456054818345923,32.184885844383984
C4,1,66632.08496807425,18.50891249113174,31.903219177717318
C4,1,66642.08496807425,18.511690268909515,31.86044139993954
C4,1,66642.08496807425,18.511690268909515,31.86044139993954
C4,1,66772.08496807425,18.547801380020626,31.664330288828424
C4,1,67033.44292833758,18.620400813427107,31.46821917771731
C4,1,67193.44292833758,18.66484525787155,31.143774733272867
C4,1,67393.30941917327,18.72036372754813,30.776552511050642
C4,1,67567.37629897366,18.768715638603794,30.409330288828418
C4,1,67697.37629897366,18.804826749714906,30.213219177717303
C4,1,67837.37629897366,18.843715638603793,29.974330288828416
C4,1,67850.93427149723,18.847481742082564,29.931552511050636
C4,1,67865.20856413971,18.851446823372143,30.148291114067632
C4,1,67875.20856413971,18.85422460114992,30.105513336289853
C4,1,67887.20092484022,18.857555812455615,30.287603445425443
C4,1,68027.20092484022,18.896444701344503,30.048714556536556
C4,1,68281.43786472206,18.967066073533903,29.68149233431433
C4,1,68457.71267795592,19.0160312994322,29.357047889869886
C4,1,68467.71267795592,19.018809077209976,29.314270112092107
C4,1,68467.71267795592,19.018809077209976,29.314270112092107
C4,1,68597.71267795592,19.054920188321088,29.11815900098099
C4,1,68757.71267795592,19.099364632765532,28.79371455653655
C4,1,68897.71267795592,19.138253521654423,28.55482566764766
C4,1,68907.71267795592,19.1410312994322,28.51204788986988
C4,1,68924.84006376196,19.145788906600547,28.78323149846559
C4,1,68934.84006376196,19.148566684378324,28.74045372068781
C4,1,68943.84031822771,19.151066755063255,28.875457537674016
C4,1,69093.84031822771,19.19273342172992,28.593790871007347
C4,1,69135.63409905403,19.204342805292786,28.551013093229567
C4,1,69195.63409905403,19.221009471959455,29.396986079722815
C4,1,69205.63409905403,19.22378724973723,29.354208301945032
C4,1,69232.68278771057,19.231300774364048,29.735582634003272
C4,1,69451.0073408553,19.291946483570918,29.368360411781048
C4,1,69461.0073408553,19.294724261348694,29.32558263400327
C4,1,69521.0073408553,19.31139092801536,30.124056871121823
C4,1,69751.67466917755,19.375465185882653,29.842390204455153
C4,1,69938.4162780687,19.427337855019083,29.51794576001071
C4,1,69948.4162780687,19.430115632796863,29.475167982232932
C4,1,69958.66891862031,19.432963588505643,29.6197255980144
C4,1,69968.66891862031,19.43574136628342,29.576947820236622
C4,1,70001.31867246532,19.44481074235148,30.06669412791171
C4,1,70410.63198313538,19.558508884204272,29.699471905689485
C4,1,70550.63198313538,19.59739777309316,29.460583016800594
C4,1,70710.63198313538,19.641842217537604,29.136138572356153
C4,1,70767.66399942122,19.65768444428367,29.09336079457837
C4,1,70769.91294091791,19.658309150254976,29.125069857151882
C4,1,70779.91294091791,19.661086928032756,29.0822920793741
C4,1,70815.34347513501,19.67092874309306,29.581846660118945
C4,1,70895.34347513501,19.693150965315283,29.539068882341162
C4,1,70939.89458068593,19.705526272412758,30.207335465604846
C4,1,70949.89458068593,19.708304050190534,30.164557687827063
C4,1,71009.89458068593,19.7249707168572,31.010530674320314
C4,1,71019.89458068593,19.72774849463498,30.96775289654253
C4,1,71060.9253458604,19.73914592940567,31.54626821242184
C4,1,71070.9253458604,19.741923707183446,31.50349043464406
C4,1,71070.9253458604,19.741923707183446,31.50349043464406
C4,1,71080.9253458604,19.744701484961226,31.46071265686628
C4,1,71082.96795424882,19.745268876180226,31.48951251550925
C4,1,71242.96795424882,19.78971332062467,31.165068071064805
C4,1,71271.95341302457,19.79776483695127,31.122290293287026
C4,1,71271.95341302457,19.79776483695127,31.122290293287026
C4,1,71401.95341302457,19.83387594806238,30.92617918217591
C4,1,71531.95341302457,19.869987059173493,30.7300680710648
C4,1,71688.39571125184,19.91344325312551,30.533956959953684
C4,1,71861.7775244802,19.961604867911166,30.252290293287015
C4,1,71991.7775244802,19.997715979022278,30.056179182175903
C4,1,72141.7775244802,20.039382645688946,29.774512515509233
C4,1,72151.7775244802,20.042160423466722,29.73173473773145
C4,1,72159.16233780005,20.044211760500016,29.83001112409526
C4,1,72329.16233780005,20.091433982722236,29.46278890187304
C4,1,72505.45954324836,20.1404054286801,29.18112223520637
C4,1,72655.45954324836,20.18207209534677,28.8994555685397
C4,1,72665.45954324836,20.184849873124545,28.85667779076192
C4,1,72703.3529245168,20.19537581236578,29.425078509788534
C4,1,72713.3529245168,20.198153590143555,29.38230073201075
C4,1,72737.21465186372,20.20478184773992,29.76011141500355
C4,1,72747.21465186372,20.2075596255177,29.717333637225767
C4,1,72752.8879623186,20.209135545088497,29.803476286341144
C4,1,72902.8879623186,20.250802211755165,29.521809619674478
C4,1,73107.0443502928,20.307512319525777,29.325698508563363
C4,1,73339.34190290076,20.372039417472433,29.12958739745225
C4,1,73489.34190290076,20.4137060841391,28.84792073078558
C4,1,73659.34190290076,20.460928306361325,28.480698508563357
C4,1,73829.34190290076,20.508150528583545,28.113476286341132
C4,1,73999.34190290076,20.555372750805766,27.746254064118908
C4,1,74159.34190290076,20.59981719525021,27.421809619674463
C4,1,74169.34190290076,20.60259497302799,27.379031841896683
C4,1,74178.62767487121,20.60517435413089,27.509957045992266
C4,1,74188.62767487121,20.60795213190867,27.467179268214487
C4,1,74247.18745571421,20.624218737698392,28.35634172346073
C4,1,74417.18745571421,20.671440959920616,27.98911950123851
C4,1,74479.46201689864,20.688739449138513,27.946341723460726
C4,1,74493.623912761,20.69267330910028,28.170571741281403
C4,1,74516.6431377105,20.69906753825292,28.12779396350362
C4,1,74534.45419457373,20.70401505404826,28.36482179752261
C4,1,74544.45419457373,20.706792831826036,28.32204401974483
C4,1,74562.57325843407,20.711825905120577,28.563170781298002
C4,1,74692.57325843407,20.74793701623169,28.36705967018689
C4,1,74702.57325843407,20.750714794009465,28.324281892409108
C4,1,74737.59696552252,20.760443601534032,28.849637498735813
C4,1,74897.59696552252,20.804888045978476,28.52519305429137
C4,1,75047.59696552252,20.846554712645144,28.2435263876247
C4,1,75289.03731664165,20.913621476844902,27.876304165402477
C4,1,75334.30038451352,20.926194551253758,27.833526387624698
C4,1,75334.30038451352,20.926194551253758,27.833526387624698
C4,1,75344.30038451352,20.928972329031534,27.790748609846915
C4,1,75369.75608918817,20.936043358107828,28.177264005613434
C4,1,75509.75608918817,20.974932246996715,27.938375116724544
C4,1,75717.23711597401,21.03256586554834,27.571152894502323
C4,1,75727.23711597401,21.035343643326115,27.52837511672454
C4,1,75727.23711597401,21.035343643326115,27.52837511672454
C4,1,75857.23711597401,21.071454754437227,27.33226400561343
C4,1,75867.23711597401,21.074232532215003,27.289486227835646
C4,1,75867.23711597401,21.074232532215003,27.289486227835646
C4,1,76027.23711597401,21.118676976659447,26.965041783391204
C4,1,76330.89790994924,21.203027197208122,26.59781956116898
C4,1,76460.89790994924,21.239138308319234,26.401708450057864
C4,1,76636.4923837834,21.287914551050946,26.077264005613422
C4,1,76786.4923837834,21.329581217717614,25.795597338946752
C4,1,76926.4923837834,21.3684701066065,25.55670845005786
C4,1,77066.4923837834,21.40735899549539,25.317819561168974
C4,1,77216.4923837834,21.449025662162057,25.036152894502305
C4,1,77346.4923837834,21.48513677327317,24.840041783391197
C4,1,77506.4923837834,21.529581217717613,24.51559733894675
C4,1,77656.4923837834,21.57124788438428,24.233930672280085
C4,1,77786.4923837834,21.607358995495392,24.037819561168973
C4,1,78009.99636882998,21.669443435786103,23.670597338946752
C4,1,78188.07750504388,21.718910418067747,23.30337511672453
C4,1,78360.39628117136,21.76677674476982,22.93615289450231
C4,1,78490.39628117136,21.802887855880932,22.7400417833912
C4,1,78634.76873731142,21.84299131591984,22.50115289450231
C4,1,78774.76873731142,21.881880204808727,22.26226400561342
C4,1,78944.76873731142,21.929102427030948,21.8950417833912
C4,1,79171.29237029736,21.992025658415933,21.656152894502313
C4,1,79304.99573042247,22.02916548067291,21.4600417833912
C4,1,79434.99573042247,22.06527659178402,21.26393067228009
C4,1,79584.99573042247,22.106943258450684,20.982264005613423
C4,1,79770.56776323772,22.158491045343812,20.743375116724536
C4,1,80074.6654926141,22.24296263683725,20.41893067228009
C4,1,80204.6654926141,22.279073747948363,20.222819561168983
C4,1,80344.6654926141,22.31796263683725,19.983930672280092
C4,1,87443.3471160942,24.2898186433595,19.941152894502316
C4,1,92113.93692312737,25.587204700868714,90.0
C4,1,92283.93692312737,25.63442692309094,89.63277777777779
C4,1,92423.93692312737,25.673315811979826,89.3938888888889
C4,1,92563.93692312737,25.712204700868714,89.155
C4,1,92723.93692312737,25.75664914531316,88.83055555555556
C4,1,92853.93692312737,25.79276025642427,88.63444444444445
C4,1,93013.93692312737,25.837204700868714,88.31
C4,1,93143.93692312737,25.873315811979825,88.1138888888889
C4,1,93303.93692312737,25.91776025642427,87.78944444444444
C4,1,93453.93692312737,25.959426923090938,87.50777777777778
C4,1,93603.93692312737,26.001093589757605,87.22611111111111
C4,1,93763.93692312737,26.04553803420205,86.90166666666666
C4,1,93913.93692312737,26.087204700868714,86.61999999999999
C4,2,0.0,0.0,74.4794103553383
C4,2,260.24752694095235,0.0722909797058201,74.19774368867164
C4,2,420.24752694095235,0.11673542415026454,73.87329924422718
C4,2,576.3920066209521,0.16010889072804224,73.6344103553383
C4,2,801.8719816881769,0.2227422171356047,73.30996591089385
C4,2,1008.2270311740428,0.2800630642150119,72.9855214664494
C4,2,1018.2270311740428,0.2828408419927897,72.94274368867161
C4,2,1063.632784925887,0.295453551368302,73.54699909846823
C4,2,1073.632784925887,0.29823132914607975,73.50422132069045
C4,2,1112.3169203632067,0.30897692232311297,74.11672013178135
C4,2,1122.3169203632067,0.31175470010089074,74.07394235400356
C4,2,1182.3169203632067,0.3284213667675574,75.02394235400357
C4,2,1452.0942543563592,0.40335951509898865,74.78505346511467
C4,2,1673.1532974007175,0.46476480483353266,74.503386798448
C4,2,1843.1532974007175,0.5119870270557548,74.13616457622578
C4,2,2003.1532974007175,0.5564314715001993,73.81172013178133
C4,2,2133.1532974007177,0.5925425826113104,73.61560902067022
C4,2,2422.9757216379744,0.673048811566104,73.24838679844801
C4,2,2647.35149193287,0.7353754144257972,72.96672013178134
C4,2,2800.5276483509897,0.7779243467641638,72.77060902067024
C4,2,2953.336106296309,0.8203711406378636,72.57449790955913
C4,2,3179.649850922563,0.883236069700712,72.29283124289245
C4,2,3376.9004972142952,0.9380279158928598,72.05394235400357
C4,2,3526.9004972142952,0.9796945825595265,71.7722756873369
C4,2,3725.545722337753,1.034873811760487,71.44783124289245
C4,2,3897.8081806348837,1.082724494620801,71.16616457622578
C4,2,4037.8081806348837,1.12161338350969,70.92727568733689
C4,2,4207.808180634884,1.168835605731912,70.56005346511466
C4,2,4367.808180634884,1.2132800501763565,70.23560902067022
C4,2,4517.808180634884,1.2549467168430233,69.95394235400354
C4,2,4717.582166170547,1.3104394906029297,69.58672013178133
C4,2,4847.582166170547,1.3465506017140407,69.39060902067023
C4,2,5012.9090982402995,1.3924747495111942,69.10894235400356
C4,2,5205.624179477487,1.4460067165215242,68.87005346511467
C4,2,5215.624179477487,1.448784494299302,68.82727568733688
C4,2,5248.398308931388,1.4578884191476078,69.3188876291454
C4,2,5398.398308931388,1.4995550858142743,69.03722096247873
C4,2,5584.5927079863495,1.5512757522184304,68.66999874025652
C4,2,5760.826506375566,1.600229585104324,68.30277651803429
C4,2,5930.826506375566,1.647451807326546,67.93555429581207
C4,2,5940.826506375566,1.6502295851043238,67.8927765180343
C4,2,5992.361386085641,1.6645448294682337,68.67527398496779
C4,2,6132.361386085641,1.7034337183571227,68.4363850960789
C4,2,6142.361386085641,1.7062114961349004,68.39360731830112
C4,2,6142.361386085641,1.7062114961349004,68.39360731830112
C4,2,6312.361386085641,1.7534337183571225,68.0263850960789
C4,2,6482.361386085641,1.8006559405793447,67.65916287385669
C4,2,6494.398949440335,1.803999708177871,67.6163850960789
C4,2,6525.580247281788,1.8126611798004966,68.08410456370069
C4,2,6535.580247281788,1.8154389575782743,68.04132678592292
C4,2,6544.4030914310415,1.8178897476197338,68.1810218182861
C4,2,6684.4030914310415,1.8567786365086227,67.94213292939722
C4,2,6883.309757661574,1.912030488239326,67.66046626273055
C4,2,7134.3924260975355,1.981775673915982,67.3360218182861
C4,2,7264.3924260975355,2.0178867850270934,67.13991070717499
C4,2,7424.3924260975355,2.0623312294715377,66.81546626273054
C4,2,7574.3924260975355,2.103997896138204,66.53379959606387
C4,2,7734.3924260975355,2.148442340582649,66.20935515161942
C4,2,7874.3924260975355,2.1873312294715377,65.97046626273053
C4,2,8093.5856763507545,2.248218243430765,65.68879959606386
C4,2,8103.5856763507545,2.250996021208543,65.64602181828609
C4,2,8156.432874042328,2.2656757983450913,66.44844531400068
C4,2,8166.432874042328,2.268453576122869,66.40566753622291
C4,2,8219.457623993356,2.283182673331488,67.21078695737776
C4,2,8229.457623993356,2.2859604511092657,67.16800917959999
C4,2,8236.406488037774,2.287890691121604,67.26048399487844
C4,2,8246.406488037774,2.2906684688993817,67.21770621710066
C4,2,8246.406488037774,2.2906684688993817,67.21770621710066
C4,2,8376.406488037774,2.3267795800104927,67.02159510598955
C4,2,8526.406488037774,2.368446246677159,66.73992843932288
C4,2,8586.406488037774,2.385112913343826,66.6971506615451
C4,2,8639.190203870532,2.3997750566307032,67.5328928288971
C4,2,8922.23924147186,2.4783997892977387,67.20844838445265
C4,2,9052.23924147186,2.5145109004088497,67.01233727334154
C4,2,9212.23924147186,2.5589553448532945,66.6878928288971
C4,2,9352.23924147186,2.597844233742183,66.44900394000821
C4,2,9492.23924147186,2.636733122631072,66.21011505111932
C4,2,9632.23924147186,2.675622011519961,65.97122616223044
C4,2,9642.23924147186,2.678399789297739,65.92844838445265
C4,2,9665.112819184593,2.684753560884609,66.2757571726096
C4,2,9835.112819184593,2.731975783106831,65.90853495038738
C4,2,10076.525058162613,2.7990347383785035,65.66964606149848
C4,2,10406.774056765758,2.890770571323822,65.47353495038737
C4,2,10580.784605128902,2.9391068347580283,65.2346460614985
C4,2,10730.784605128902,2.9807735014246948,64.95297939483183
C4,2,10880.784605128902,3.0224401680913617,64.67131272816515
C4,2,11037.054912073938,3.065848586687205,64.43242383927627
C4,2,11167.054912073938,3.101959697798316,64.23631272816516
C4,2,11327.054912073938,3.1464041422427607,63.91186828372071
C4,2,11537.295674623969,3.2048043540622135,63.67297939483182
C4,2,11695.409846356639,3.2487249573212886,63.47686828372071
C4,2,11881.535219458483,3.300426449849579,63.237979394831825
C4,2,12121.069830203147,3.3669638417230963,62.95631272816515
C4,2,12261.069830203147,3.4058527306119855,62.717423839276265
C4,2,12391.069830203147,3.4419638417230964,62.52131272816516
C4,2,12541.069830203147,3.483630508389763,62.23964606149849
C4,2,12691.069830203147,3.52529717505643,61.95797939483182
C4,2,12932.593901547121,3.5923871948742003,61.71909050594293
C4,2,13102.593901547121,3.6396094170964224,61.35186828372071
C4,2,13242.593901547121,3.6784983059853116,61.112979394831825
C4,2,13392.593901547121,3.720164972651978,60.83131272816515
C4,2,13552.593901547121,3.7646094170964224,60.506868283720706
C4,2,13692.593901547121,3.8034983059853116,60.26797939483182
C4,2,13862.593901547121,3.8507205282075336,59.900757172609595
C4,2,14184.617830454596,3.940171619570721,59.53353495038738
C4,2,14344.617830454596,3.9846160640151655,59.20909050594293
C4,2,14504.617830454596,4.02906050845961,58.88464606149848
C4,2,14674.617830454596,4.076282730681832,58.51742383927626
C4,2,14684.617830454596,4.07906050845961,58.47464606149848
C4,2,14684.617830454596,4.07906050845961,58.47464606149848
C4,2,14844.617830454596,4.123504952904054,58.15020161705403
C4,2,15059.125813779156,4.183090503827543,57.825757172609585
C4,2,15266.754220312449,4.240765061197902,57.58686828372069
C4,2,15276.754220312449,4.24354283897568,57.54409050594291
C4,2,15288.954220928754,4.246931728035765,57.72933338673651
C4,2,15448.954220928754,4.291376172480209,57.40488894229207
C4,2,15636.68111974845,4.343522533263458,57.080444497847616
C4,2,15776.68111974845,4.382411422152347,56.84155560895873
C4,2,15946.68111974845,4.42963364437457,56.47433338673651
C4,2,16076.68111974845,4.46574475548568,56.2782222756254
C4,2,16206.68111974845,4.501855866596792,56.082111164514295
C4,2,16346.68111974845,4.54074475548568,55.8432222756254
C4,2,16506.68111974845,4.585189199930125,55.518777831180955
C4,2,16656.68111974845,4.626855866596792,55.23711116451429
C4,2,16796.68111974845,4.66574475548568,54.998222275625395
C4,2,16946.68111974845,4.707411422152347,54.71655560895873
C4,2,17096.68111974845,4.749078088819013,54.43488894229206
C4,2,17106.68111974845,4.751855866596792,54.392111164514276
C4,2,17125.151314147817,4.756986476152171,54.67255967652369
C4,2,17295.151314147817,4.804208698374394,54.30533745430147
C4,2,17445.151314147817,4.84587536504106,54.023670787634806
C4,2,17575.151314147817,4.881986476152171,53.8275596765237
C4,2,17732.874498789904,4.925798471886084,53.588670787634804
C4,2,17862.874498789904,4.961909582997196,53.392559676523696
C4,2,17992.874498789904,4.998020694108307,53.19644856541259
C4,2,18132.874498789904,5.036909582997196,52.9575596765237
C4,2,18191.186096334517,5.05310724898181,52.91478189874592
C4,2,18224.733278606647,5.062425910724069,53.445945618054644
C4,2,18234.733278606647,5.065203688501846,53.403167840276865
C4,2,18294.733278606647,5.081870355168513,54.314198355534494
C4,2,18304.733278606647,5.084648132946291,54.271420577756714
C4,2,18317.200671460185,5.0881112976278295,54.46072350001134
C4,2,18327.200671460185,5.090889075405607,54.41794572223356
C4,2,18327.200671460185,5.090889075405607,54.41794572223356
C4,2,18337.200671460185,5.093666853183385,54.37516794445578
C4,2,18364.80094892749,5.101333596924302,54.81217233768808
C4,2,18374.80094892749,5.10411137470208,54.7693945599103
C4,2,18396.85916854127,5.1102386579281305,55.08040552530019
C4,2,18406.85916854127,5.113016435705908,55.03762774752241
C4,2,18406.85916854127,5.113016435705908,55.03762774752241
C4,2,18566.85916854127,5.157460880150352,54.71318330307796
C4,2,18750.388276494785,5.208441187915218,54.345961080855744
C4,2,18920.388276494785,5.255663410137441,53.97873885863353
C4,2,19099.92075888965,5.305533544136014,53.6115166364113
C4,2,19271.046190688667,5.353068386302407,53.28707219196686
C4,2,19281.046190688667,5.3558461640801855,53.24429441418908
C4,2,19313.36458137961,5.36482349482767,53.735011749580195
C4,2,19473.36458137961,5.409267939272114,53.41056730513575
C4,2,19603.36458137961,5.445379050383225,53.21445619402464
C4,2,19763.36458137961,5.48982349482767,52.89001174958019
C4,2,19893.36458137961,5.52593460593878,52.69390063846908
C4,2,20033.36458137961,5.564823494827669,52.455011749580194
C4,2,20043.36458137961,5.567601272605447,52.412233971802415
C4,2,20062.04971190764,5.572791586641011,52.67568589973263
C4,2,20072.04971190764,5.575569364418788,52.63290812195485
C4,2,20072.04971190764,5.575569364418788,52.63290812195485
C4,2,20232.04971190764,5.620013808863233,52.308463677510396
C4,2,20362.04971190764,5.656124919974344,52.11235256639929
C4,2,20522.04971190764,5.700569364418788,51.78790812195484
C4,2,20682.04971190764,5.745013808863233,51.46346367751039
C4,2,20832.04971190764,5.7866804755298995,51.181797010843724
C4,2,20982.04971190764,5.8283471421965665,50.90013034417705
C4,2,20992.04971190764,5.831124919974344,50.85735256639927
C4,2,20992.04971190764,5.831124919974344,50.85735256639927
C4,2,21002.04971190764,5.833902697752122,50.81457478862149
C4,2,21002.04971190764,5.833902697752122,50.81457478862149
C4,2,21172.04971190764,5.8811249199743445,50.447352566399275
C4,2,21342.04971190764,5.928347142196566,50.08013034417706
C4,2,21502.04971190764,5.97279158664101,49.75568589973261
C4,2,21662.04971190764,6.017236031085456,49.431241455288166
C4,2,21897.70185083939,6.0826949585664964,49.06401923306594
C4,2,21946.639690144755,6.096288802817988,49.02124145528816
C4,2,21946.639690144755,6.096288802817988,49.02124145528816
C4,2,22102.322907375183,6.139534140937551,48.782352566399275
C4,2,22262.322907375183,6.183978585381995,48.45790812195483
C4,2,22272.322907375183,6.186756363159773,48.41513034417705
C4,2,22272.322907375183,6.186756363159773,48.41513034417705
C4,2,22442.322907375183,6.233978585381995,48.047908121954826
C4,2,22453.055873006033,6.236959964723898,48.00513034417705
C4,2,22456.36514088354,6.237879205800983,48.051789531334386
C4,2,22480.07706026959,6.244465850074886,48.0090117535566
C4,2,22483.366029344794,6.245379452595776,48.05895094007745
C4,2,22648.463407629228,6.291239835452563,47.86283982896634
C4,2,22658.463407629228,6.294017613230341,47.82006205118856
C4,2,22718.463407629228,6.310684279897008,48.73109256644618
C4,2,22728.463407629228,6.313462057674785,48.6883147886684
C4,2,22734.977186242704,6.315271440622974,48.787218973443565
C4,2,22744.977186242704,6.318049218400751,48.744441195665786
C4,2,22804.977186242704,6.334715885067418,49.644441195665785
C4,2,22824.977186242704,6.340271440622973,49.601663417888005
C4,2,22857.322313765395,6.349256198268165,50.09278672110585
C4,2,22867.322313765395,6.352033976045943,50.05000894332807
C4,2,22896.601516786413,6.360167087996226,50.49457973357092
C4,2,22906.601516786413,6.362944865774003,50.451801955793144
C4,2,22906.601516786413,6.362944865774003,50.451801955793144
C4,2,23076.601516786413,6.410167087996226,50.08457973357092
C4,2,23086.601516786413,6.412944865774004,50.04180195579314
C4,2,23104.549007936046,6.417930279982235,50.29485350059174
C4,2,23264.549007936046,6.462374724426679,49.9704090561473
C4,2,23394.549007936046,6.498485835537791,49.77429794503618
C4,2,23544.549007936046,6.5401525022044575,49.492631278369515
C4,2,23554.549007936046,6.542930279982235,49.449853500591736
C4,2,23554.549007936046,6.542930279982235,49.449853500591736
C4,2,23564.549007936046,6.545708057760013,49.40707572281396
C4,2,23566.646102326256,6.546290583979515,49.4349836535371
C4,2,23716.646102326256,6.587957250646182,49.15331698687043
C4,2,23767.531836113354,6.602092176698154,49.11053920909265
C4,2,23813.195496048087,6.614776526680024,49.80388900307414
C4,2,23990.89041587663,6.664136226632397,49.479444558629694
C4,2,24043.195496048087,6.678665415568913,49.436666780851915
C4,2,24060.88567360039,6.683579353777886,49.70527164035982
C4,2,24070.88567360039,6.686357131555664,49.66249386258204
C4,2,24073.51093561395,6.6870863710038755,49.70187279278544
C4,2,24233.51093561395,6.73153081544832,49.377428348341
C4,2,24450.99701565602,6.7919436154600055,49.05298390389655
C4,2,24653.932250090034,6.848314513913898,48.72853945945211
C4,2,24663.932250090034,6.8510922916916766,48.68576168167433
C4,2,24663.932250090034,6.8510922916916766,48.68576168167433
C4,2,24813.932250090034,6.892758958358343,48.404095015007655
C4,2,24972.11610199222,6.936698917220061,48.20798390389655
C4,2,25217.60824320911,7.004891178669197,47.84076168167432
C4,2,25387.60824320911,7.052113400891419,47.4735394594521
C4,2,25537.60824320911,7.093780067558086,47.191872792785425
C4,2,25677.60824320911,7.132668956446975,46.95298390389654
C4,2,25891.649078399,7.192124743999723,46.67131723722987
C4,2,26041.649078399,7.233791410666389,46.3896505705632
C4,2,26171.649078399,7.2699025217775,46.19353945945209
C4,2,26341.649078399,7.317124743999723,45.826317237229865
C4,2,26471.649078399,7.353235855110833,45.63020612611875
C4,2,26611.649078399,7.392124743999722,45.39131723722986
C4,2,26751.649078399,7.431013632888612,45.152428348340976
C4,2,26901.649078399,7.472680299555278,44.8707616816743
C4,2,26949.538513836025,7.485982920510007,44.82798390389652
C4,2,27009.538513836025,7.502649587176673,45.673956890389775
C4,2,27099.538513836025,7.527649587176674,45.63117911261199
C4,2,27110.52106629914,7.530700296194206,45.805069526611334
C4,2,27120.52106629914,7.533478073971984,45.76229174883355
C4,2,27120.52106629914,7.533478073971984,45.76229174883355
C4,2,27130.52106629914,7.536255851749761,45.71951397105577
C4,2,27136.210416902806,7.537836226917446,45.805900171254734
C4,2,27146.210416902806,7.540614004695224,45.763122393476955
C4,2,27161.687995565164,7.5449133321014346,45.98134928422161
C4,2,27291.687995565164,7.581024443212545,45.78523817311049
C4,2,27554.07404454365,7.65390945681768,45.503571506443826
C4,2,27583.569376768635,7.662102604657954,45.46079372866604
C4,2,27600.14082115779,7.666705783654942,45.71241192067297
C4,2,27610.14082115779,7.6694835614327195,45.66963414289519
C4,2,27664.835550244512,7.684676541734587,46.500110263257724
C4,2,27674.835550244512,7.687454319512365,46.45733248547994
C4,2,27674.835550244512,7.687454319512365,46.45733248547994
C4,2,27684.835550244512,7.690232097290142,46.41455470770216
C4,2,27744.835550244512,7.706898763956809,47.32558522295979
C4,2,27754.835550244512,7.709676541734587,47.28280744518201
C4,2,27766.342276277446,7.712872854521513,47.45752375429388
C4,2,27776.342276277446,7.71565063229929,47.4147459765161
C4,2,27785.447036234145,7.718179732287263,47.53591124752565
C4,2,27795.447036234145,7.72095751006504,47.49313346974787
C4,2,27795.765033908985,7.7210458427524955,47.49816843293283
C4,2,27805.765033908985,7.723823620530274,47.45539065515505
C4,2,27806.96300923821,7.724156391455058,47.473580523179216
C4,2,27816.96300923821,7.726934169232837,47.43080274540144
C4,2,27845.772496257825,7.734936804516063,47.83700354162346
C4,2,27995.772496257825,7.776603471182729,47.555336874956794
C4,2,28280.769071451636,7.855769186514343,47.18811465273457
C4,2,28410.769071451636,7.8918802976254545,46.992003541623454
C4,2,28540.769071451636,7.927991408736565,46.79589243051234
C4,2,28710.769071451636,7.9752136309587875,46.42867020829012
C4,2,28720.769071451636,7.977991408736566,46.385892430512335
C4,2,28722.49761240795,7.978471559002209,46.41213832314694
C4,2,28872.49761240795,8.020138225668875,46.13047165648027
C4,2,29061.913037319384,8.072753621477606,45.76324943425804
C4,2,29229.974890709607,8.119437469641557,45.48158276759138
C4,2,29411.53034886627,8.16986954135174,45.19991610092471
C4,2,29606.6818284209,8.224078285672473,44.875471656480265
C4,2,29616.6818284209,8.22685606345025,44.832693878702486
C4,2,29676.6818284209,8.243522730116917,45.63116811582104
C4,2,29874.98434149544,8.29860676152651,45.263945893598816
C4,2,29884.98434149544,8.301384539304289,45.22116811582104
C4,2,29884.98434149544,8.301384539304289,45.22116811582104
C4,2,29894.98434149544,8.304162317082067,45.17839033804326
C4,2,29928.588547736545,8.313496818815707,45.688631293487525
C4,2,30058.588547736545,8.349607929926817,45.49252018237641
C4,2,30090.72345569119,8.358534293247553,45.44974240459863
C4,2,30115.49401538861,8.365415004274613,45.8419429331411
C4,2,30125.49401538861,8.368192782052391,45.79916515536332
C4,2,30125.49401538861,8.368192782052391,45.79916515536332
C4,2,30285.49401538861,8.412637226496836,45.474720710918874
C4,2,30489.130539418256,8.469202927616182,45.10749848869665
C4,2,30629.130539418256,8.508091816505072,44.86860959980776
C4,2,30799.130539418256,8.555314038727293,44.50138737758554
C4,2,30939.130539418256,8.594202927616182,44.26249848869665
C4,2,31089.130539418256,8.635869594282848,43.980831822029984
C4,2,31229.130539418256,8.674758483171738,43.74194293314109
C4,2,31359.130539418256,8.71086959428285,43.54583182202998
C4,2,31509.130539418256,8.752536260949515,43.26416515536331
C4,2,31669.130539418256,8.79698070539396,42.93972071091886
C4,2,31832.42658347887,8.84234071763302,42.6580540442522
C4,2,32096.121469829268,8.915589297174797,42.46194293314108
C4,2,32146.728164178905,8.929646712271918,42.4191651553633
C4,2,32146.728164178905,8.929646712271918,42.4191651553633
C4,2,32156.728164178905,8.932424490049696,42.37638737758552
C4,2,32159.33747327099,8.93314929813083,42.41317746100743
C4,2,32169.33747327099,8.935927075908609,42.37039968322965
C4,2,32229.33747327099,8.952593742575274,43.32039968322965
C4,2,32239.33747327099,8.955371520353053,43.277621905451866
C4,2,32299.33747327099,8.972038187019718,44.22762190545187
C4,2,32309.33747327099,8.974815964797497,44.18484412767409
C4,2,32309.33747327099,8.974815964797497,44.18484412767409
C4,2,32358.732800842972,8.988536889123047,44.14206634989631
C4,2,32418.732800842972,9.005203555789715,45.05309686515393
C4,2,32428.732800842972,9.007981333567493,45.01031908737615
C4,2,32488.732800842972,9.024648000234158,45.92134960263378
C4,2,32498.732800842972,9.027425778011937,45.878571824856
C4,2,32530.23620510707,9.036176723640853,46.356914535174184
C4,2,32540.23620510707,9.038954501418631,46.314136757396405
C4,2,32567.791460116037,9.04660873892112,46.732531393544306
C4,2,32577.791460116037,9.049386516698899,46.68975361576653
C4,2,32630.684868641798,9.064079130178277,47.49287876948246
C4,2,32802.87908970441,9.111910858251225,47.125656547260235
C4,2,32972.87908970441,9.159133080473447,46.75843432503801
C4,2,33139.7180555326,9.205477237647944,46.51954543614912
C4,2,33345.591991304726,9.26266444202909,46.1523232139269
C4,2,33539.58421346165,9.316551170406013,45.785100991704674
C4,2,33732.11430256016,9.370031750711156,45.46065654726023
C4,2,33742.11430256016,9.372809528488935,45.41787876948245
C4,2,33772.67810822331,9.381299474506474,45.73815656794603
C4,2,33782.67810822331,9.384077252284252,45.69537879016825
C4,2,33784.219978514746,9.384505549587429,45.715897851913134
C4,2,33794.219978514746,9.387283327365207,45.673120074135355
C4,2,33821.582838254995,9.3948841217375,46.10636535335597
C4,2,33831.582838254995,9.397661899515276,46.06358757557819
C4,2,33891.582838254995,9.414328566181943,46.97461809083582
C4,2,34100.12057019019,9.47225571394172,46.65017364639137
C4,2,34308.72602446744,9.530201673463178,46.411284757502486
C4,2,34479.03376201449,9.577509378337359,46.04406253528026
C4,2,34749.73883702379,9.652705232506609,45.805173646391374
C4,2,34954.223806064976,9.709506612795826,45.56628475750249
C4,2,35146.88284213391,9.763023011703865,45.284618090835814
C4,2,35491.696367732635,9.858804546592399,44.91739586861359
C4,2,35651.696367732635,9.903248991036843,44.592951424169144
C4,2,35821.696367732635,9.950471213259066,44.225729201946926
C4,2,35831.696367732635,9.953248991036842,44.18295142416914
C4,2,35867.070911330484,9.963075253147357,44.74304836446842
C4,2,35877.070911330484,9.965853030925134,44.700270586690635
C4,2,35911.903261348954,9.975528683708044,45.16381615515805
C4,2,35921.903261348954,9.97830646148582,45.12103837738027
C4,2,35927.08087395235,9.979744687208985,45.199654428678194
C4,2,35937.08087395235,9.982522464986763,45.156876650900415
C4,2,35944.60734107829,9.984613150299525,45.271157337964034
C4,2,36084.60734107829,10.023502039188415,45.03226844907515
C4,2,36224.60734107829,10.062390928077303,44.79337956018626
C4,2,36354.60734107829,10.098502039188414,44.597268449075145
C4,2,36504.60734107829,10.14016870585508,44.31560178240848
C4,2,36634.60734107829,10.176279816966192,44.11949067129736
C4,2,36764.60734107829,10.212390928077303,43.92337956018625
C4,2,36774.60734107829,10.215168705855081,43.88060178240847
C4,2,36834.60734107829,10.231835372521747,44.59533414859156
C4,2,37046.546590294485,10.290707386192912,44.35644525970267
C4,2,37196.546590294485,10.33237405285958,44.074778593036
C4,2,37387.46675716744,10.385407432546511,43.835889704147114
C4,2,37527.46675716744,10.424296321435401,43.59700081525823
C4,2,37537.46675716744,10.42707409921318,43.55422303748044
C4,2,37576.72366413257,10.43797879559238,44.17579073109499
C4,2,37746.72366413257,10.485201017814603,43.80856850887277
C4,2,37876.72366413257,10.521312128925715,43.61245739776165
C4,2,38016.72366413257,10.560201017814604,43.373568508872765
C4,2,38156.72366413257,10.599089906703492,43.13467961998387
C4,2,38306.72366413257,10.64075657337016,42.853012953317204
C4,2,38436.72366413257,10.67686768448127,42.65690184220609
C4,2,38446.72366413257,10.679645462259048,42.61412406442831
C4,2,38455.68034912831,10.68213343031342,42.75012095353948
C4,2,38465.68034912831,10.684911208091199,42.7073431757617
C4,2,38465.68034912831,10.684911208091199,42.7073431757617
C4,2,38605.68034912831,10.723800096980087,42.468454286872806
C4,2,38775.68034912831,10.77102231920231,42.10123206465058
C4,2,38962.01433146791,10.822781758741085,41.862343175761694
C4,2,38972.01433146791,10.825559536518863,41.819565397983915
C4,2,39004.78919043607,10.834663664010021,42.317213675538305
C4,2,39014.78919043607,10.837441441787798,42.274435897760526
C4,2,39070.38619646377,10.85288505457327,43.11861204856375
C4,2,39080.38619646377,10.855662832351047,43.07583427078597
C4,2,39086.25058372125,10.857291828811459,43.11729789429795
C4,2,39096.25058372125,10.860069606589237,43.07452011652017
C4,2,39139.018247383625,10.871949513162118,43.37690504212701
C4,2,39149.018247383625,10.874727290939896,43.33412726434923
C4,2,39174.228235268,10.881730065352222,43.733285405851795
C4,2,39184.228235268,10.884507843129999,43.690507628074016
C4,2,39186.45863053819,10.885127397371718,43.72437359727786
C4,2,39346.45863053819,10.929571841816164,43.399929152833415
C4,2,39522.95645383634,10.97859901495454,43.16104026394453
C4,2,39692.95645383634,11.02582123717676,42.793818041722304
C4,2,39822.95645383634,11.061932348287872,42.59770693061119
C4,2,39972.95645383634,11.10359901495454,42.31604026394452
C4,2,40132.95645383634,11.148043459398984,41.99159581950008
C4,2,40302.95645383634,11.195265681621207,41.62437359727785
C4,2,40462.95645383634,11.239710126065651,41.29992915283341
C4,2,40592.95645383634,11.27582123717676,41.10381804172229
C4,2,40732.95645383634,11.31471012606565,40.864929152833405
C4,2,40742.95645383634,11.317487903843428,40.822151375055626
C4,2,40742.95645383634,11.317487903843428,40.822151375055626
C4,2,40902.95645383634,11.361932348287873,40.49770693061118
C4,2,40928.54632656404,11.36904064626779,40.4549291528334
C4,2,40928.54632656404,11.36904064626779,40.4549291528334
C4,2,41088.54632656404,11.413485090712234,40.130484708388956
C4,2,41218.54632656404,11.449596201823345,39.93437359727785
C4,2,41348.54632656404,11.485707312934457,39.73826248616673
C4,2,41541.0406956159,11.539177971004417,39.499373597277845
C4,2,41726.51571847087,11.590698810686353,39.13215137505562
C4,2,41822.39227919208,11.617331188664465,39.089373597277834
C4,2,41822.39227919208,11.617331188664465,39.089373597277834
C4,2,41972.39227919208,11.658997855331133,39.046595819500055
C4,2,42032.39227919208,11.675664521997799,39.957626334757684
C4,2,42215.358160865755,11.726488378018265,39.63318189031324
C4,2,42225.358160865755,11.729266155796044,39.59040411253546
C4,2,42255.597363735054,11.737665934370849,39.80420768109672
C4,2,42265.597363735054,11.740443712148625,39.76142990331894
C4,2,42267.934787832644,11.741092996620178,39.79843911819745
C4,2,42397.934787832644,11.77720410773129,39.602328007086335
C4,2,42560.351835957226,11.822319954432563,39.27788356264189
C4,2,42784.79079761501,11.884664110448613,39.038994673753
C4,2,43058.95340896562,11.96082039137934,38.71455022930856
C4,2,43068.95340896562,11.963598169157118,38.67177245153078
C4,2,43072.12646665572,11.964479574071033,38.71995165790327
C4,2,43222.12646665572,12.0061462407377,38.43828499123661
C4,2,43232.12646665572,12.008924018515478,38.39550721345882
C4,2,43292.12646665572,12.025590685182143,39.30653772871645
C4,2,43553.07998738279,12.098077774272998,38.982093284272004
C4,2,43732.38192893731,12.147883869149254,38.74320439538312
C4,2,43892.49216444355,12.192358934567654,38.46153772871645
C4,2,44052.49216444355,12.236803379012098,38.137093284272005
C4,2,44067.061927464165,12.240850535406713,38.094315506494226
C4,2,44090.18419872923,12.247273388535897,38.460418134857726
C4,2,44100.18419872923,12.250051166313675,38.41764035707995
C4,2,44126.37953464316,12.257327648511989,38.832399842383836
C4,2,44136.37953464316,12.260105426289766,38.78962206460606
C4,2,44196.37953464316,12.276772092956433,39.700652579863686
C4,2,44216.37953464316,12.282327648511988,39.6578748020859
C4,2,44225.072705827886,12.284742418285523,39.773562689250355
C4,2,44235.072705827886,12.287520196063301,39.73078491147257
C4,2,44245.51689172586,12.29042135881274,39.87804323039928
C4,2,44385.51689172586,12.32931024770163,39.63915434151039
C4,2,44555.54126049016,12.376539239025044,39.314709897065946
C4,2,44705.54126049016,12.41820590569171,39.03304323039928
C4,2,44729.51919048334,12.424866441800928,38.9902654526215
C4,2,44729.51919048334,12.424866441800928,38.9902654526215
C4,2,44739.51919048334,12.427644219578706,38.947487674843714
C4,2,44799.51919048334,12.444310886245372,39.85851819010134
C4,2,44809.51919048334,12.44708866402315,39.815740412323564
C4,2,44817.59298032929,12.449331383424802,39.9383315610475
C4,2,44827.59298032929,12.45210916120258,39.89555378326972
C4,2,44887.59298032929,12.468775827869248,40.80658429852734
C4,2,45045.92624678402,12.51275729077334,40.56769540963845
C4,2,45247.201187176805,12.568666996438001,40.20047318741623
C4,2,45377.201187176805,12.604778107549112,40.004362076305114
C4,2,45527.43180056512,12.646508833490312,39.808250965194006
C4,2,45537.43180056512,12.649286611268089,39.76547318741622
C4,2,45539.38546987692,12.649829297188033,39.79513739341241
C4,2,45549.38546987692,12.652607074965811,39.75235961563463
C4,2,45570.72803698242,12.658535565828451,40.05328020286252
C4,2,45730.72803698242,12.702980010272896,39.72883575841807
C4,2,45890.40958948672,12.747335997079645,39.532724647306964
C4,2,46040.40958948672,12.789002663746311,39.25105798064029
C4,2,46260.53192722996,12.850147757563878,38.883835758418066
C4,2,46413.28146656284,12.892578185156344,38.84105798064029
C4,2,46463.03691757922,12.906399143772006,39.62885262173301
C4,2,46644.39695844296,12.956776932900821,39.347185955066344
C4,2,46784.39695844296,12.99566582178971,39.10829706617746
C4,2,46973.7456404036,13.048262677889888,38.82663039951078
C4,2,46983.7456404036,13.051040455667666,38.783852621733004
C4,2,47043.7456404036,13.067707122334333,39.629825608226255
C4,2,47223.17697473358,13.117549159648217,39.26260338600403
C4,2,47410.01273361357,13.169447981559324,38.938158941559585
C4,2,47464.48329285381,13.184578692459391,38.895381163781806
C4,2,47486.51126086788,13.1906975724633,39.24415732400464
C4,2,47671.75674477058,13.242154651325162,38.919712879560194
C4,2,47801.75674477058,13.278265762436272,38.723601768449086
C4,2,47971.75674477058,13.325487984658494,38.35637954622686
C4,2,48116.90592872225,13.365807202422847,38.31360176844908
C4,2,48131.5379889013,13.369871663583694,38.50832381993141
C4,2,48306.42967958583,13.418452688773842,38.14110159770919
C4,2,48476.42967958583,13.465674910996064,37.77387937548696
C4,2,48636.42967958583,13.510119355440509,37.44943493104252
C4,2,48806.42967958583,13.557341577662731,37.08221270882029
C4,2,48936.42967958583,13.593452688773842,36.88610159770918
C4,2,48946.42967958583,13.59623046655162,36.8433238199314
C4,2,48946.42967958583,13.59623046655162,36.8433238199314
C4,2,49076.42967958583,13.63234157766273,36.647212708820284
C4,2,49216.42967958583,13.67123046655162,36.4083238199314
C4,2,49563.40385263167,13.767612181286577,36.08387937548695
C4,2,49735.49265901962,13.815414627505449,35.802212708820285
C4,2,49761.13031796915,13.822536199435875,35.759434931042506
C4,2,49818.37597928883,13.838437772024674,36.56657298221565
C4,2,49828.37597928883,13.841215549802453,36.52379520443787
C4,2,49828.37597928883,13.841215549802453,36.52379520443787
C4,2,50013.95428884609,13.892765080235026,36.15657298221564
C4,2,50163.95428884609,13.934431746901693,35.87490631554897
C4,2,50173.95428884609,13.93720952467947,35.83212853777119
C4,2,50233.95428884609,13.953876191346136,36.74315905302882
C4,2,50432.57038900616,14.00904733027949,36.375936830806594
C4,2,50594.528277392084,14.054035632608912,36.17982571969548
C4,2,50604.528277392084,14.05681341038669,36.1370479419177
C4,2,50657.066367085004,14.071407324190279,36.76289249460037
C4,2,50667.066367085004,14.074185101968057,36.720114716822586
C4,2,50678.97675512832,14.077493543091201,36.90096016608962
C4,2,50688.97675512832,14.08027132086898,36.85818238831184
C4,2,50748.97675512832,14.096937987535645,37.80818238831184
C4,2,50758.97675512832,14.099715765313423,37.76540461053406
C4,2,50758.97675512832,14.099715765313423,37.76540461053406
C4,2,50768.97675512832,14.102493543091201,37.722626832756276
C4,2,50791.1621642122,14.10865615672561,38.01786812597979
C4,2,50801.1621642122,14.111433934503388,37.97509034820201
C4,2,50853.314423070464,14.125920673075129,38.343828211452646
C4,2,50863.314423070464,14.128698450852907,38.30105043367487
C4,2,50881.625292732926,14.133784803536924,38.579079784065
C4,2,51031.625292732926,14.17545147020359,38.297413117398335
C4,2,51121.911241760696,14.200530900489083,38.25463533962055
C4,2,51124.68111816971,14.201300310602697,38.29849171609664
C4,2,51418.23866767739,14.28284407435483,37.93126949387442
C4,2,51428.23866767739,14.285621852132609,37.88849171609664
C4,2,51428.23866767739,14.285621852132609,37.88849171609664
C4,2,51578.23866767739,14.327288518799275,37.60682504942997
C4,2,51718.23866767739,14.366177407688165,37.367936160541085
C4,2,51868.23866767739,14.40784407435483,37.08626949387441
C4,2,52038.23866767739,14.455066296577053,36.71904727165219
C4,2,52048.23866767739,14.45784407435483,36.67626949387441
C4,2,52073.165681170525,14.46476824476959,36.85251370445901
C4,2,52203.165681170525,14.500879355880702,36.65640259334789
C4,2,52225.92962650485,14.507202674029124,36.61362481557011
C4,2,52237.47661241631,14.510410170115641,36.77643211817866
C4,2,52247.47661241631,14.51318794789342,36.73365434040088
C4,2,52284.36292628517,14.523434146190324,37.2937302992326
C4,2,52424.36292628517,14.562323035079213,37.05484141034371
C4,2,52471.609077427245,14.575446965952013,37.01206363256593
C4,2,52531.609077427245,14.592113632618679,37.81053786968449
C4,2,52781.63990527538,14.661566640354271,37.5716489807956
C4,2,53180.19480890581,14.77227633580717,37.247204536351155
C4,2,53341.48065932247,14.817077960922909,36.96553786968449
C4,2,53351.48065932247,14.819855738700687,36.92276009190671
C4,2,53369.2756522228,14.824798792284112,37.192956451089934
C4,2,53379.2756522228,14.82757657006189,37.15017867331215
C4,2,53381.61036060138,14.82822510016705,37.18562851626401
C4,2,53511.61036060138,14.864336211278161,36.9895174051529
C4,2,53549.45903218458,14.874849731162383,36.946739627375116
C4,2,53549.45903218458,14.874849731162383,36.946739627375116
C4,2,53679.45903218458,14.910960842273495,36.75062851626401
C4,2,53819.45903218458,14.949849731162384,36.511739627375114
C4,2,53959.45903218458,14.988738620051272,36.27285073848623
C4,2,54089.45903218458,15.024849731162384,36.07673962737511
C4,2,54259.45903218458,15.072071953384606,35.709517405152894
C4,2,54409.45903218458,15.113738620051272,35.42785073848622
C4,2,54559.45903218458,15.15540528671794,35.146184071819555
C4,2,54689.45903218458,15.191516397829051,34.95007296070844
C4,2,54819.45903218458,15.227627508940161,34.753961849597324
C4,2,54989.45903218458,15.274849731162384,34.3867396273751
C4,2,55119.45903218458,15.310960842273495,34.190628516263985
C4,2,55259.45903218458,15.349849731162385,33.9517396273751
C4,2,55389.45903218458,15.385960842273494,33.75562851626398
C4,2,55539.45903218458,15.427627508940162,33.473961849597316
C4,2,55699.45903218458,15.472071953384607,33.14951740515287
C4,2,55859.45903218458,15.51651639782905,32.82507296070843
C4,2,56194.28356975355,15.609523213820431,32.62896184959732
C4,2,56473.033621535054,15.686953783759737,32.347295182930644
C4,2,56831.700072327716,15.786583353424366,32.151184071819536
C4,2,57023.22116455585,15.83978365682107,31.783961849597308
C4,2,57202.95357287173,15.889709325797703,31.587850738486196
C4,2,57440.820864703725,15.955783573528812,31.26340629404175
C4,2,57616.67777549639,16.004632715415664,30.98173962737508
C4,2,57812.96322990103,16.059156452750287,30.78562851626397
C4,2,57822.96322990103,16.061934230528063,30.742850738486187
C4,2,57822.96322990103,16.061934230528063,30.742850738486187
C4,2,57832.96322990103,16.064712008305843,30.700072960708408
C4,2,57853.39232116666,16.07038675587963,30.971941345097548
C4,2,57863.39232116666,16.073164533657405,30.92916356731977
C4,2,57923.39232116666,16.089831200324074,31.353388179625917
C4,2,58187.83962540734,16.163288784835373,31.028943735181475
C4,2,58327.83962540734,16.20217767372426,30.790054846292588
C4,2,58337.83962540734,16.204955451502038,30.747277068514805
C4,2,58360.99466735368,16.211387407598245,31.09885956510133
C4,2,58370.99466735368,16.21416518537602,31.056081787323546
C4,2,58417.616598592394,16.227115721831222,31.38571796573532
C4,2,58596.686872400816,16.276857464555782,31.018495743513096
C4,2,58756.686872400816,16.321301909000226,30.694051299068654
C4,2,58916.686872400816,16.36574635344467,30.36960685462421
C4,2,59076.686872400816,16.410190797889115,30.045162410179767
C4,2,59220.87789748333,16.450243860412037,29.806273521290876
C4,2,59378.32007599888,16.49397779888858,29.524606854624206
C4,2,59518.32007599888,16.532866687777467,29.28571796573532
C4,2,59668.32007599888,16.574533354444135,29.00405129906865
C4,2,59685.33946242664,16.579260961785177,28.96127352129087
C4,2,59687.547156142486,16.57987421003958,28.996228671791812
C4,2,59697.547156142486,16.582651987817357,28.953450894014033
C4,2,59702.26265520541,16.58396184866817,29.025050286363967
C4,2,59872.26265520541,16.63118407089039,28.657828064141743
C4,2,59907.701485420555,16.6410281903946,28.615050286363964
C4,2,59967.701485420555,16.657694857061266,29.565050286363963
C4,2,59977.701485420555,16.660472634839042,29.522272508586184
C4,2,59984.988073109955,16.662496686974986,29.637643480335008
C4,2,59994.988073109955,16.665274464752766,29.59486570255723
C4,2,59994.988073109955,16.665274464752766,29.59486570255723
C4,2,60181.24352497608,16.717012090271133,29.355976813668338
C4,2,60311.24352497608,16.753123201382245,29.159865702557227
C4,2,60441.24352497608,16.789234312493356,28.96375459144611
C4,2,60813.27479977511,16.892576333270863,28.639310147001666
C4,2,61045.30648036782,16.95702957787995,28.357643480335
C4,2,61185.30648036782,16.99591846676884,28.11875459144611
C4,2,61355.30648036782,17.043140688991063,27.751532369223884
C4,2,61505.30648036782,17.084807355657727,27.469865702557218
C4,2,61769.91636056109,17.15831010015586,27.102643480334994
C4,2,62030.81141616453,17.23078094893459,26.863754591446103
C4,2,62046.55908684481,17.235155301901337,26.820976813668324
C4,2,62046.55908684481,17.235155301901337,26.820976813668324
C4,2,62212.08180228268,17.28113383396741,26.539310147001654
C4,2,62372.08180228268,17.325578278411854,26.214865702557212
C4,2,62502.08180228268,17.361689389522965,26.018754591446097
C4,2,62672.08180228268,17.40891161174519,25.651532369223872
C4,2,62822.08180228268,17.450578278411854,25.369865702557203
C4,2,62979.058248316614,17.494182846754615,25.17375459144609
C4,2,63109.058248316614,17.530293957865727,24.97764348033498
C4,2,63119.058248316614,17.533071735643503,24.9348657025572
C4,2,63130.4145401001,17.536226261138918,25.10729784180596
C4,2,63280.4145401001,17.577892927805582,24.825631175139293
C4,2,63303.77824294013,17.584382845261146,24.782853397361514
C4,2,63321.137951286044,17.589204986468346,25.027617469262303
C4,2,63331.137951286044,17.591982764246122,24.984839691484524
C4,2,63372.65467987641,17.60351518885456,25.570206872734886
C4,2,63603.207341125664,17.667557594757128,25.288540206068216
C4,2,63631.43322144777,17.675398117068823,25.245762428290437
C4,2,63691.43322144777,17.692064783735493,26.156792943548062
C4,2,63771.43322144777,17.714287005957715,26.114015165770283
C4,2,63814.40006894646,17.726222241374018,26.76641698603241
C4,2,63824.40006894646,17.729000019151794,26.723639208254628
C4,2,63872.8625998993,17.742461833305363,27.406939075641247
C4,2,63952.8625998993,17.764684055527585,27.364161297863465
C4,2,64012.8625998993,17.78135072219425,28.275191813121094
C4,2,64056.25596376933,17.793404434380367,28.23241403534331
C4,2,64059.31658455862,17.794254606821838,28.28087386450711
C4,2,64262.03346916165,17.850564852544903,27.99920719784044
C4,2,64584.09973372613,17.940027703812813,27.717540531173775
C4,2,64747.543049102416,17.98542862475067,27.435873864507105
C4,2,64941.13800160578,18.03920500044605,27.11142942006266
C4,2,65090.10684990622,18.08058523608506,26.915318308951548
C4,2,65100.10684990622,18.083363013862837,26.872540531173765
C4,2,65100.33950793575,18.083427641093262,26.875312001573104
C4,2,65250.33950793575,18.12509430775993,26.593645334906434
C4,2,65400.33950793575,18.166760974426598,26.311978668239767
C4,2,65550.33950793574,18.208427641093262,26.030312001573098
C4,2,65720.33950793574,18.255649863315483,25.663089779350873
C4,2,65891.43069963524,18.303175194343122,25.29586755712865
C4,2,65901.43069963524,18.3059529721209,25.25308977935087
C4,2,65914.16372146175,18.309489922628263,25.446425969940773
C4,2,66044.16372146175,18.345601033739374,25.250314858829658
C4,2,66194.16372146175,18.387267700406042,24.96864819216299
C4,2,66227.7162822107,18.396587856169642,24.925870414385216
C4,2,66228.38053338366,18.39677237038435,24.935956299191233
C4,2,66238.38053338366,18.399550148162128,24.893178521413457
C4,2,66298.38053338366,18.416216814828797,25.739151507906705
C4,2,66308.38053338366,18.418994592606573,25.696373730128926
C4,2,66311.79734604532,18.41994370723481,25.744549250323423
C4,2,66321.79734604532,18.422721485012588,25.701771472545644
C4,2,66354.05530488766,18.431682029135462,26.131057290506295
C4,2,66364.05530488766,18.43445980691324,26.088279512728512
C4,2,66391.12643279841,18.441979564666227,26.27968349177231
C4,2,66401.12643279841,18.444757342444003,26.23690571399453
C4,2,66405.12284540143,18.445867457055954,26.297586611209788
C4,2,66415.12284540143,18.44864523483373,26.25480883343201
C4,2,66475.12284540143,18.4653119015004,27.100781819925256
C4,2,66485.12284540143,18.468089679278176,27.058004042147477
C4,2,66485.12284540143,18.468089679278176,27.058004042147477
C4,2,66495.12284540143,18.470867457055952,27.015226264369694
C4,2,66507.57018444796,18.474325051235546,27.212309132606393
C4,2,66517.57018444796,18.477102829013322,27.169531354828614
C4,2,66525.07758087707,18.4791882169103,27.222611727154728
C4,2,66685.07758087707,18.523632661354743,26.898167282710283
C4,2,66737.57018444796,18.538213940124432,26.855389504932504
C4,2,66759.88076854474,18.54441132459576,27.194149887022252
C4,2,66769.88076854474,18.54718910237354,27.15137210924447
C4,2,66783.75995942578,18.55104443317383,27.37112596486091
C4,2,66793.75995942578,18.553822210951605,27.32834818708313
C4,2,66853.75995942578,18.57048887761827,28.27834818708313
C4,2,66863.75995942578,18.57326665539605,28.23557040930535
C4,2,66893.50152764456,18.58152820212349,28.706478572769456
C4,2,66903.50152764456,18.584305979901266,28.663700794991676
C4,2,66903.50152764456,18.584305979901266,28.663700794991676
C4,2,66913.50152764456,18.587083757679046,28.620923017213894
C4,2,66913.50152764456,18.587083757679046,28.620923017213894
C4,2,67053.50152764456,18.625972646567934,28.382034128325007
C4,2,67203.5053178622,18.667640366072835,28.18592301721389
C4,2,67233.30941917327,18.675919283103685,28.143145239436112
C4,2,67263.2861724152,18.68424615900422,28.565803963860304
C4,2,67273.2861724152,18.687023936782,28.52302618608252
C4,2,67273.2861724152,18.687023936782,28.52302618608252
C4,2,67403.2861724152,18.723135047893113,28.32691507497141
C4,2,67548.99907226788,18.763610853407744,28.130803963860295
C4,2,67698.99907226788,18.805277520074412,27.84913729719363
C4,2,67828.99907226788,18.84138863118552,27.653026186082514
C4,2,68000.93427149723,18.889148408749232,27.328581741638068
C4,2,68132.63517807939,18.925731993910944,27.132470630526957
C4,2,68182.8938097047,18.939692724917975,27.089692852749174
C4,2,68235.61364237271,18.95433712288131,27.924423536659305
C4,2,68245.61364237271,18.957114900659086,27.881645758881525
C4,2,68279.50174507554,18.966528262520985,28.359452749716514
C4,2,68289.50174507554,18.96930604029876,28.31667497193873
C4,2,68297.71267795592,18.971586854987756,28.441348478818014
C4,2,68307.71267795592,18.974364632765532,28.39857070104023
C4,2,68309.6919935257,18.97491444264603,28.42647815943662
C4,2,68479.6919935257,19.02213666486825,28.059255937214395
C4,2,68489.6919935257,19.02491444264603,28.016478159436613
C4,2,68489.6919935257,19.02491444264603,28.016478159436613
C4,2,68629.6919935257,19.063803331534917,27.777589270547725
C4,2,68789.6919935257,19.10824777597936,27.453144826103284
C4,2,68799.6919935257,19.11102555375714,27.4103670483255
C4,2,68804.97496883602,19.112493046898894,27.494014157405477
C4,2,68944.97496883602,19.151381935787782,27.25512526851659
C4,2,68954.97496883602,19.15415971356556,27.212347490738807
C4,2,69014.97496883602,19.170826380232228,27.9270798569219
C4,2,69205.63409905403,19.22378724973723,27.64541319025523
C4,2,69413.59960157642,19.28155544488234,27.320968745810788
C4,2,69563.59960157642,19.323222111549008,27.039302079144118
C4,2,69630.07442655097,19.341687340708603,26.996524301366335
C4,2,69648.93850688222,19.34692736302284,27.2475656705569
C4,2,69658.93850688222,19.349705140800616,27.20478789277912
C4,2,69715.52847250638,19.365424575696217,28.002680929856233
C4,2,69725.52847250638,19.368202353473997,27.959903152078454
C4,2,69778.4162780687,19.38289341057464,28.762943231283227
C4,2,69788.4162780687,19.38567118835242,28.720165453505448
C4,2,69792.64088162356,19.386844689339878,28.784311166061165
C4,2,69802.64088162356,19.389622467117658,28.741533388283386
C4,2,69830.28588598734,19.397301634996484,29.161290764447195
C4,2,69840.28588598734,19.40007941277426,29.118512986669415
C4,2,69850.66278232257,19.40296188397849,29.282813845310617
C4,2,69980.66278232257,19.439072995089603,29.086702734199505
C4,2,70011.31867246532,19.447588520129255,29.043924956421723
C4,2,70071.31867246532,19.464255186795924,29.95495547167935
C4,2,70250.63198313538,19.514064439759828,29.91217769390157
C4,2,70250.63198313538,19.514064439759828,29.91217769390157
C4,2,70426.20022833247,19.562833396759018,29.67328880501268
C4,2,70556.20022833247,19.59894450787013,29.477177693901567
C4,2,70566.20022833247,19.60172228564791,29.434399916123787
C4,2,70626.20022833247,19.618388952314575,30.345430431381416
C4,2,70802.86211177603,19.667461697715567,30.063763764714746
C4,2,70955.34347513501,19.70981763198195,29.824874875825856
C4,2,71218.39760370382,19.782888223251064,29.54320820915919
C4,2,71431.95341302457,19.842209281395714,29.175985986936965
C4,2,71610.34697063004,19.891763047397234,28.937097098048074
C4,2,71620.34697063004,19.89454082517501,28.894319320270295
C4,2,71641.18652273079,19.90032958964744,29.17165007802925
C4,2,71771.18652273079,19.936440700758553,28.975538966918137
C4,2,71906.41735797939,19.97400482166094,28.779427855807022
C4,2,72076.41735797939,20.02122704388316,28.412205633584797
C4,2,72216.41735797939,20.060115932772053,28.17331674469591
C4,2,72379.51193204547,20.10541998112374,27.977205633584795
C4,2,72544.55333706709,20.15126481585197,27.695538966918125
C4,2,72554.55333706709,20.154042593629747,27.652761189140346
C4,2,72566.11827880108,20.157255077444745,27.734530071197756
C4,2,72736.11827880108,20.204477299666966,27.367307848975532
C4,2,72897.21465186372,20.249226292184364,27.042863404531087
C4,2,72907.21465186372,20.252004069962144,27.000085626753307
C4,2,72925.47427423208,20.25707618728669,27.129188647087915
C4,2,72935.47427423208,20.259853965064465,27.086410869310136
C4,2,72977.0443502928,20.271401208414666,27.744603740271444
C4,2,73246.08607354082,20.346135020428004,27.37738151804922
C4,2,73416.08607354082,20.39335724265023,27.010159295826995
C4,2,73586.08607354082,20.44057946487245,26.642937073604774
C4,2,73736.08607354082,20.482246131539117,26.361270406938104
C4,2,73886.08607354082,20.523912798205785,26.079603740271434
C4,2,74046.08607354082,20.56835724265023,25.755159295826992
C4,2,74176.08607354082,20.604468353761337,25.559048184715877
C4,2,74328.62767487121,20.64684102079756,25.277381518049207
C4,2,74356.09887928149,20.654471910911525,25.234603740271428
C4,2,74416.09887928149,20.67113857757819,26.184603740271427
C4,2,74426.09887928149,20.67391635535597,26.141825962493648
C4,2,74469.46201689864,20.685961671360733,26.828408974765257
C4,2,74636.6431377105,20.73240087158625,26.63229786365414
C4,2,74796.6431377105,20.776845316030695,26.3078534192097
C4,2,74966.6431377105,20.82406753825292,25.940631196987475
C4,2,74999.46201689864,20.833183893582955,25.897853419209692
C4,2,75031.92901414153,20.842202503928203,26.355623462876842
C4,2,75041.92901414153,20.84498028170598,26.312845685099063
C4,2,75090.6953600802,20.858526488911163,27.08497949579463
C4,2,75285.20398920456,20.91255666366793,26.76053505135019
C4,2,75464.30038451352,20.96230566236487,26.5216461624613
C4,2,75624.30038451352,21.006750106809314,26.197201718016856
C4,2,75773.7835269718,21.048273201936613,26.00109060690574
C4,2,75783.7835269718,21.05105097971439,25.958312829127962
C4,2,75809.56814481365,21.058213373559347,26.30145204680558
C4,2,75959.56814481365,21.09988004022601,26.01978538013891
C4,2,75969.56814481365,21.10265781800379,25.97700760236113
C4,2,76029.56814481365,21.119324484670457,26.888038117618756
C4,2,76170.89790994924,21.158582752763678,26.845260339840976
C4,2,76230.89790994924,21.175249419430344,27.7562908550986
C4,2,76250.89790994924,21.1808049749859,27.713513077320822
C4,2,76253.18264418507,21.18143962338474,27.74391810108703
C4,2,76435.77592179456,21.232159978276265,27.547806989975914
C4,2,76445.77592179456,21.234937756054045,27.505029212198135
C4,2,76453.44140550049,21.23706705708347,27.596342033982786
C4,2,76463.44140550049,21.23984483486125,27.553564256205004
C4,2,76476.4923837834,21.2434701066065,27.690325320527876
C4,2,76486.4923837834,21.246247884384278,27.647547542750097
C4,2,76486.4923837834,21.246247884384278,27.647547542750097
C4,2,76656.4923837834,21.293470106606502,27.280325320527872
C4,2,76796.4923837834,21.33235899549539,27.04143643163898
C4,2,76946.4923837834,21.374025662162058,26.75976976497231
C4,2,77076.4923837834,21.41013677327317,26.5636586538612
C4,2,77246.4923837834,21.45735899549539,26.196436431638976
C4,2,77386.4923837834,21.496247884384278,25.95754754275009
C4,2,77556.4923837834,21.543470106606502,25.590325320527864
C4,2,77706.4923837834,21.58513677327317,25.308658653861194
C4,2,77846.4923837834,21.624025662162058,25.069769764972307
C4,2,78101.05024202251,21.694736178339586,24.830880876083416
C4,2,78241.05024202251,21.733625067228473,24.59199198719453
C4,2,78371.05024202251,21.769736178339585,24.395880876083417
C4,2,78511.05024202251,21.808625067228476,24.15699198719453
C4,2,78652.75557266937,21.847987659074825,23.96088087608342
C4,2,78822.75557266937,21.895209881297045,23.593658653861198
C4,2,78992.75557266937,21.94243210351927,23.226436431638973
C4,2,79185.47278154244,21.995964661539567,22.987547542750086
C4,2,79345.82262178039,22.040506283827884,22.7486586538612
C4,2,79518.77989824857,22.088549971735713,22.424214209416753
C4,2,79752.70567170644,22.153529353251788,22.228103098305642
C4,2,80063.06861727923,22.239741282577565,21.9036586538612
C4,2,80203.06861727923,22.278630171466453,21.66476976497231
C4,2,80333.06861727923,22.314741282577565,21.4686586538612
C4,2,80493.06861727923,22.35918572702201,21.144214209416756
C4,2,80653.06861727923,22.403630171466453,20.819769764972314
C4,2,80803.06861727923,22.44529683813312,20.538103098305648
C4,2,80943.06861727923,22.48418572702201,20.299214209416757
C4,2,81083.06861727923,22.523074615910897,20.06032532052787
C4,2,81243.06861727923,22.56751906035534,19.735880876083424
C4,2,92123.93692312737,25.589982478646494,19.69310309830565
C4,2,97110.40089000647,26.97511135833513,90.0
C4,2,97240.40089000647,27.011222469446242,89.80388888888889
C4,3,0.0,0.0,69.28785538755973
C4,3,284.5869087837982,0.07905191910661061,68.9206331653375
C4,3,414.5869087837982,0.11516303021772173,68.7245220542264
C4,3,424.5869087837982,0.1179408079954995,68.68174427644863
C4,3,436.3920066209521,0.12122000183915335,68.76521116066867
C4,3,446.3920066209521,0.12399777961693113,68.72243338289088
C4,3,503.2611075450207,0.13979475209583908,69.47924191582362
C4,3,633.2611075450206,0.17590586320695017,69.28313080471251
C4,3,656.1698607236018,0.18226940575655606,69.24035302693473
C4,3,716.1698607236018,0.19893607242322273,70.0388272640533
C4,3,893.5482320828894,0.24820784224524706,69.7999383751644
C4,3,1062.0270766056412,0.29500752127934476,69.6038272640533
C4,3,1193.632784925887,0.3315646624794131,69.40771615294219
C4,3,1471.937452456771,0.4088715145713253,69.1688272640533
C4,3,1725.8403917937014,0.47940010883158374,68.84438281960885
C4,3,1735.8403917937014,0.4821778866093615,68.80160504183107
C4,3,1735.8403917937014,0.4821778866093615,68.80160504183107
C4,3,1895.8403917937014,0.526622331053806,68.47716059738661
C4,3,2045.8403917937014,0.5682889977204726,68.19549393071995
C4,3,2281.0873944055734,0.6336353873348815,67.91382726405328
C4,3,2488.79567755125,0.691332132653125,67.63216059738662
C4,3,2748.7122128611895,0.7635311702392193,67.30771615294216
C4,3,2813.076482192107,0.781410133942252,67.26493837516439
C4,3,2823.336106296309,0.7842600295267526,67.40959445589321
C4,3,2833.336106296309,0.7870378073045303,67.36681667811544
C4,3,2893.336106296309,0.8037044739711969,68.08154904429853
C4,3,3152.225889947536,0.8756183027632044,67.79988237763186
C4,3,3336.5798088501883,0.9268277246806079,67.47543793318741
C4,3,3506.5798088501883,0.9740499469028301,67.1082157109652
C4,3,3684.684655467276,1.0235235154075768,66.82654904429852
C4,3,3879.1609801047466,1.077544716695763,66.50210459985408
C4,3,4049.1609801047466,1.124766938917985,66.13488237763185
C4,3,4199.160980104747,1.166433605584652,65.85321571096519
C4,3,4349.160980104747,1.2081002722513186,65.57154904429852
C4,3,4499.160980104747,1.2497669389179853,65.28988237763184
C4,3,4509.160980104747,1.252544716695763,65.24710459985407
C4,3,4547.582166170547,1.2632172683807075,65.8554400458959
C4,3,4557.582166170547,1.2659950461584852,65.81266226811812
C4,3,4617.582166170547,1.2826617128251518,66.7626622681181
C4,3,4781.105198950398,1.3280847774862217,66.43821782367367
C4,3,4971.022674608234,1.3808396318356206,66.07099560145144
C4,3,5111.022674608234,1.4197285207245096,65.83210671256255
C4,3,5278.638623643225,1.4662885065675626,65.63599560145144
C4,3,5288.638623643225,1.4690662843453404,65.59321782367367
C4,3,5327.116929266216,1.479754702573949,66.1052834191392
C4,3,5337.116929266216,1.4825324803517268,66.06250564136143
C4,3,5362.0025917633775,1.4894451643787159,66.23845748344209
C4,3,5550.89473330099,1.5419152036947195,65.87123526121988
C4,3,5743.66154347568,1.5954615398543557,65.54679081677543
C4,3,5893.66154347568,1.6371282065210224,65.26512415010876
C4,3,6063.66154347568,1.6843504287432445,64.89790192788654
C4,3,6228.319238713196,1.7300886774203321,64.61623526121987
C4,3,6368.319238713196,1.768977566309221,64.37734637233098
C4,3,6564.398949440335,1.8234441526223153,64.05290192788652
C4,3,6694.398949440335,1.8595552637334263,63.85679081677542
C4,3,6960.069894197206,1.9333527483881128,63.53234637233097
C4,3,7156.429750341002,1.9878971528725005,63.33623526121986
C4,3,7166.429750341002,1.9906749306502782,63.29345748344208
C4,3,7166.429750341002,1.9906749306502782,63.29345748344208
C4,3,7296.429750341002,2.0267860417613894,63.097346372330975
C4,3,7446.429750341002,2.068452708428056,62.81567970566431
C4,3,7616.429750341002,2.1156749306502785,62.44845748344209
C4,3,7626.429750341002,2.118452708428056,62.405679705664305
C4,3,7686.429750341002,2.135119375094723,63.3556797056643
C4,3,7696.429750341002,2.1378971528725006,63.31290192788652
C4,3,7706.918016217283,2.1408105600603564,63.47896613759432
C4,3,7716.918016217283,2.143588337838134,63.43618835981653
C4,3,7716.918016217283,2.143588337838134,63.43618835981653
C4,3,7856.918016217283,2.1824772267270234,63.197299470927646
C4,3,8065.817341160891,2.2405048169891364,62.91563280426098
C4,3,8205.817341160891,2.2793937058780256,62.67674391537209
C4,3,8376.406488037774,2.3267795800104927,62.437855026483206
C4,3,8506.406488037774,2.3628906911216037,62.2417439153721
C4,3,8516.406488037774,2.3656684688993814,62.19896613759431
C4,3,8576.406488037774,2.382335135566048,63.04493912408756
C4,3,8843.925760572223,2.4566460446033953,62.763272457420896
C4,3,9013.925760572223,2.5038682668256174,62.39605023519867
C4,3,9153.925760572223,2.5427571557145066,62.157161346309785
C4,3,9283.925760572223,2.5788682668256175,61.96105023519868
C4,3,9433.925760572223,2.620534933492284,61.67938356853201
C4,3,9563.925760572223,2.6566460446033955,61.4832724574209
C4,3,9713.925760572223,2.698312711270062,61.20160579075423
C4,3,9878.016306943295,2.7438934185953596,61.00549467964312
C4,3,10183.97122243704,2.8288808951214,60.6382724574209
C4,3,10490.847636317134,2.914124343421426,60.31382801297646
C4,3,10500.847636317134,2.916902121199204,60.27105023519867
C4,3,10502.148199332774,2.9172633887035486,60.288358002894306
C4,3,10642.148199332774,2.9561522775924374,60.04946911400542
C4,3,10652.148199332774,2.958930055370215,60.00669133622763
C4,3,10670.972461713625,2.9641590171426735,60.30474215725777
C4,3,10820.972461713625,3.0058256838093405,60.023075490591104
C4,3,11037.559890742205,3.065988858539501,59.74140882392444
C4,3,11167.559890742205,3.102099969650612,59.54529771281333
C4,3,11177.559890742205,3.10487774742839,59.50251993503555
C4,3,11177.559890742205,3.10487774742839,59.50251993503555
C4,3,11187.559890742205,3.1076555252061677,59.459742157257764
C4,3,11203.192640080311,3.111997955577864,59.70726068844445
C4,3,11213.192640080311,3.114775733355642,59.66448291066667
C4,3,11223.772391490873,3.117714553191909,59.81365264228582
C4,3,11393.772391490873,3.1649367754141315,59.4464304200636
C4,3,11660.238528798294,3.238955146888415,59.20754153117471
C4,3,11858.386603802843,3.293996278834123,58.968652642285825
C4,3,12061.002616781318,3.350278504661477,58.72976375339694
C4,3,12071.002616781318,3.3530562824392547,58.68698597561915
C4,3,12101.594151408806,3.3615539309468905,59.09409518018533
C4,3,12261.594151408806,3.405998375391335,58.769650735740875
C4,3,12401.594151408806,3.444887264280224,58.53076184685199
C4,3,12411.594151408806,3.4476650420580017,58.48798406907421
C4,3,12442.898051832144,3.4563605699533735,58.929354971241175
C4,3,12452.898051832144,3.4591383477311513,58.886577193463395
C4,3,12452.898051832144,3.4591383477311513,58.886577193463395
C4,3,12462.898051832144,3.461916125508929,58.843799415685616
C4,3,12483.977173902153,3.4677714371950423,58.99283745548401
C4,3,12613.977173902153,3.5038825483061533,58.7967263443729
C4,3,12668.177189367834,3.5189381081577316,58.75394856659511
C4,3,12693.594022600542,3.5259983396112617,59.05671912255003
C4,3,12703.594022600542,3.5287761173890395,59.01394134477225
C4,3,12736.379564545194,3.5378832123736648,59.533045758895895
C4,3,12746.379564545194,3.5406609901514425,59.490267981118116
C4,3,12792.593901547121,3.5534983059853116,60.105283939144016
C4,3,12802.593901547121,3.5562760837630893,60.06250616136624
C4,3,12810.768652440167,3.5585468479000464,60.191939717172794
C4,3,12820.768652440167,3.561324625677824,60.149161939395015
C4,3,12840.65408817546,3.566848357826517,60.38604134832282
C4,3,12850.65408817546,3.569626135604295,60.343263570545034
C4,3,12901.101858444108,3.5836394051233635,61.142019933131955
C4,3,12911.101858444108,3.5864171829011413,61.09924215535417
C4,3,12911.907658711683,3.5866410163088007,61.1114772992369
C4,3,13081.907658711683,3.633863238531023,60.744255077014685
C4,3,13251.907658711683,3.6810854607532453,60.37703285479247
C4,3,13421.907658711683,3.7283076829754678,60.00981063257025
C4,3,13571.907658711683,3.7699743496421343,59.72814396590358
C4,3,13701.907658711683,3.8060854607532453,59.53203285479247
C4,3,13851.907658711683,3.8477521274199122,59.2503661881258
C4,3,14028.228734769622,3.896730204102673,58.968699521459136
C4,3,14092.984381176584,3.9147178836601624,58.92592174368135
C4,3,14107.55181274243,3.9187643924284528,59.1565727434739
C4,3,14117.55181274243,3.9215421702062305,59.11379496569612
C4,3,14129.415661400493,3.9248376837223593,59.30163923611546
C4,3,14289.415661400493,3.9692821281668036,58.97719479167102
C4,3,14449.415661400493,4.013726572611248,58.652750347226565
C4,3,14579.415661400493,4.049837683722359,58.45663923611546
C4,3,14729.415661400493,4.091504350389026,58.17497256944879
C4,3,14914.520793223686,4.142922442562135,57.9360836805599
C4,3,15079.966769445102,4.188879658179195,57.61163923611545
C4,3,15136.754220312449,4.204653950086791,57.56886145833767
C4,3,15149.176979084583,4.208104716412384,57.76555513889646
C4,3,15406.71651682471,4.279643476895753,57.441110694452014
C4,3,15576.71651682471,4.326865699117975,57.0738884722298
C4,3,15591.186096334519,4.330885026759589,57.03111069445201
C4,3,15591.186096334519,4.330885026759589,57.03111069445201
C4,3,15761.186096334519,4.378107248981811,56.66388847222979
C4,3,15901.186096334519,4.4169961378707,56.424999583340906
C4,3,16051.186096334519,4.458662804537366,56.14333291667424
C4,3,16181.186096334519,4.494773915648477,55.94722180556313
C4,3,16351.186096334519,4.5419961378707,55.579999583340914
C4,3,16511.186096334517,4.586440582315143,55.25555513889646
C4,3,16661.186096334517,4.62810724898181,54.973888472229795
C4,3,16811.186096334517,4.669773915648477,54.69222180556312
C4,3,16941.186096334517,4.705885026759588,54.496110694452014
C4,3,17081.186096334517,4.744773915648477,54.25722180556313
C4,3,17231.186096334517,4.7864405823151435,53.97555513889646
C4,3,17401.186096334517,4.833662804537366,53.60833291667424
C4,3,17541.186096334517,4.872551693426255,53.36944402778535
C4,3,17551.186096334517,4.875329471204033,53.32666625000757
C4,3,17592.874498789904,4.886909582997196,53.82326709216311
C4,3,17769.640189910166,4.936011163863935,53.45604486994089
C4,3,17929.640189910166,4.98045560830838,53.13160042549644
C4,3,18059.640189910166,5.01656671941949,52.93548931438533
C4,3,18101.186096334517,5.028107248981811,52.89271153660755
C4,3,18161.186096334517,5.044773915648477,53.842711536607545
C4,3,18171.186096334517,5.0475516934262545,53.799933758829766
C4,3,18171.186096334517,5.0475516934262545,53.799933758829766
C4,3,18384.733278606647,5.106870355168513,53.475489314385314
C4,3,18536.85916854127,5.149127546817019,53.23660042549643
C4,3,18683.52775061174,5.1898688196143725,52.99771153660754
C4,3,18843.52775061174,5.234313264058817,52.67326709216309
C4,3,18853.52775061174,5.237091041836595,52.63048931438531
C4,3,18913.52775061174,5.253757708503262,53.3452216805684
C4,3,18923.52775061174,5.256535486281039,53.30244390279062
C4,3,18923.52775061174,5.256535486281039,53.30244390279062
C4,3,18933.52775061174,5.259313264058817,53.25966612501284
C4,3,18933.52775061174,5.259313264058817,53.25966612501284
C4,3,18943.52775061174,5.262091041836595,53.216888347235056
C4,3,18943.52775061174,5.262091041836595,53.216888347235056
C4,3,19073.52775061174,5.298202152947706,53.02077723612395
C4,3,19083.52775061174,5.300979930725484,52.97799945834617
C4,3,19096.511425907804,5.304586507196612,53.11405525537681
C4,3,19106.511425907804,5.30736428497439,53.07127747759903
C4,3,19111.046190688667,5.308623941857963,53.13929894931198
C4,3,19121.046190688667,5.31140171963574,53.09652117153419
C4,3,19158.001208675385,5.321667002409829,53.68164228965724
C4,3,19318.001208675385,5.366111446854274,53.35719784521279
C4,3,19458.001208675385,5.405000335743162,53.1183089563239
C4,3,19608.001208675385,5.446667002409829,52.836642289657235
C4,3,19758.001208675385,5.4883336690764954,52.55497562299056
C4,3,19898.001208675385,5.527222557965385,52.316086734101674
C4,3,19908.001208675385,5.530000335743162,52.273308956323895
C4,3,19908.001208675385,5.530000335743162,52.273308956323895
C4,3,20038.001208675385,5.566111446854274,52.07719784521279
C4,3,20222.04971190764,5.617236031085455,51.752753400768334
C4,3,20352.04971190764,5.653347142196567,51.556642289657226
C4,3,20492.04971190764,5.692236031085455,51.31775340076834
C4,3,20642.04971190764,5.733902697752122,51.03608673410167
C4,3,20792.04971190764,5.775569364418788,50.754420067435
C4,3,20932.04971190764,5.814458253307677,50.51553117854611
C4,3,21106.337176835666,5.862871438009908,50.233864511879446
C4,3,21276.337176835666,5.910093660232129,49.86664228965722
C4,3,21436.337176835666,5.954538104676574,49.542197845212776
C4,3,21566.337176835666,5.990649215787685,49.34608673410166
C4,3,21737.960417040103,6.0383223380666955,49.107197845212774
C4,3,22025.15477833294,6.118098549536928,48.73997562299055
C4,3,22195.15477833294,6.16532077175915,48.372753400768325
C4,3,22205.15477833294,6.168098549536928,48.329975622990546
C4,3,22213.055873006033,6.170293298057231,48.45507628864784
C4,3,22373.055873006033,6.214737742501676,48.1306318442034
C4,3,22383.055873006033,6.217515520279454,48.08785406642562
C4,3,22443.055873006033,6.2341821869461205,48.886328303544175
C4,3,22640.07706026959,6.28891029451933,48.51910608132195
C4,3,22780.07706026959,6.327799183408219,48.280217192433064
C4,3,22944.036468913393,6.373343463587053,48.08410608132195
C4,3,23114.036468913393,6.420565685809276,47.716883859099724
C4,3,23124.036468913393,6.423343463587053,47.674106081321945
C4,3,23130.238478022366,6.425066243895102,47.71795682981816
C4,3,23140.238478022366,6.427844021672879,47.67517905204038
C4,3,23142.42176360001,6.428450489888892,47.70792833570505
C4,3,23282.42176360001,6.467339378777781,47.46903944681616
C4,3,23442.42176360001,6.511783823222225,47.144595002371716
C4,3,23582.42176360001,6.550672712111114,46.90570611348283
C4,3,23592.42176360001,6.553450489888892,46.86292833570504
C4,3,23648.704817720958,6.569084671589155,47.45271786857075
C4,3,23658.704817720958,6.571862449366932,47.40994009079297
C4,3,23700.550856459737,6.583486349016593,47.90841872884558
C4,3,23897.531836113354,6.638203287809265,47.669529839956695
C4,3,23910.89041587663,6.641914004410175,47.62675206217891
C4,3,23930.507806372065,6.647363279547796,47.937360745023284
C4,3,24101.502499397153,6.694861805388098,47.61291630057884
C4,3,24170.507806372065,6.714029946214462,47.57013852280106
C4,3,24176.605229621215,6.7157236748947815,47.66668105757926
C4,3,24186.605229621215,6.71850145267256,47.62390327980148
C4,3,24202.733366278546,6.72298149063293,47.879265443542565
C4,3,24212.733366278546,6.725759268410707,47.83648766576478
C4,3,24272.733366278546,6.742425935077374,48.736487665764784
C4,3,24300.99701565602,6.7502769487933385,48.693709887987005
C4,3,24360.657882331318,6.7668494117587,49.63834027701255
C4,3,24383.636334629406,6.773232315174835,49.595562499234774
C4,3,24411.33780873568,6.7809271690932444,50.03416917258411
C4,3,24421.33780873568,6.783704946871022,49.99139139480633
C4,3,24481.33780873568,6.800371613537688,50.70612376098942
C4,3,24491.33780873568,6.803149391315467,50.66334598321164
C4,3,24493.932250090034,6.803870069469454,50.69425150334699
C4,3,24503.932250090034,6.806647847247231,50.651473725569204
C4,3,24546.67724863252,6.818521457953478,51.32826953582524
C4,3,24556.67724863252,6.821299235731256,51.28549175804746
C4,3,24556.67724863252,6.821299235731256,51.28549175804746
C4,3,24566.67724863252,6.824077013509034,51.242713980269684
C4,3,24586.12874643762,6.829480207343783,51.50157264478199
C4,3,24596.12874643762,6.832257985121561,51.45879486700421
C4,3,24614.905039210178,6.837473622002827,51.756086169236404
C4,3,24754.905039210178,6.876362510891716,51.51719728034752
C4,3,24921.772499523282,6.922714583200912,51.27830839145863
C4,3,25069.42110982463,6.963728086062398,51.08219728034752
C4,3,25255.078410570502,7.015299558491806,50.886086169236414
C4,3,25405.078410570502,7.056966225158473,50.60441950256974
C4,3,25555.078410570502,7.098632891825139,50.322752835903074
C4,3,25715.078410570502,7.143077336269584,49.99830839145863
C4,3,25879.538513836025,7.188760698287785,49.802197280347514
C4,3,26009.538513836025,7.224871809398896,49.6060861692364
C4,3,26139.538513836025,7.260982920510007,49.40997505812529
C4,3,26269.538513836025,7.297094031621118,49.213863947014175
C4,3,26429.538513836025,7.341538476065563,48.88941950256973
C4,3,26589.538513836025,7.385982920510007,48.564975058125285
C4,3,26719.538513836025,7.422094031621118,48.36886394701418
C4,3,26869.538513836025,7.463760698287785,48.0871972803475
C4,3,26879.538513836025,7.466538476065563,48.044419502569724
C4,3,26939.538513836025,7.4832051427322295,48.84289373968828
C4,3,27247.35506280991,7.56870973966942,48.51844929524384
C4,3,27257.35506280991,7.571487517447197,48.475671517466054
C4,3,27299.352638586828,7.583153510718564,49.14063313393391
C4,3,27564.267333439762,7.656740925955489,48.816188689489465
C4,3,27760.14082115779,7.711150228099386,48.49174424504502
C4,3,27945.447036234145,7.762624176731707,48.167299800600574
C4,3,28075.690933285237,7.798803037023677,47.971188689489466
C4,3,28282.37366204167,7.856214906122687,47.68952202282279
C4,3,28292.37366204167,7.858992683900464,47.646744245045014
C4,3,28292.37366204167,7.858992683900464,47.646744245045014
C4,3,28491.995724543536,7.914443256817649,47.32229980060057
C4,3,28651.995724543536,7.9588877012620936,46.99785535615612
C4,3,28791.995724543536,7.997776590150982,46.758966467267236
C4,3,28801.995724543536,8.00055436792876,46.71618868948946
C4,3,28801.995724543536,8.00055436792876,46.71618868948946
C4,3,28811.995724543536,8.003332145706537,46.67341091171168
C4,3,28871.154169640795,8.019765047122442,47.460685817014244
C4,3,28881.154169640795,8.02254282490022,47.41790803923646
C4,3,28891.913037319384,8.025531399255385,47.56108601693514
C4,3,28901.913037319384,8.028309177033162,47.51830823915736
C4,3,28961.913037319384,8.044975843699829,48.468308239157366
C4,3,28971.913037319384,8.047753621477607,48.42553046137959
C4,3,28984.242323986862,8.051178423329684,48.62074416694799
C4,3,29178.164733331883,8.105045759258857,48.381855278059106
C4,3,29338.9566907503,8.149710191875084,48.18574416694799
C4,3,29478.9566907503,8.188599080763971,47.946855278059104
C4,3,29488.9566907503,8.19137685854175,47.904077500281325
C4,3,29488.9566907503,8.19137685854175,47.904077500281325
C4,3,29658.9566907503,8.238599080763972,47.5368552780591
C4,3,29818.479038073314,8.282910843909255,47.29796638917021
C4,3,29983.90808138239,8.328863355939552,46.97352194472577
C4,3,29993.90808138239,8.33164113371733,46.93074416694799
C4,3,30015.734159476666,8.337703933187962,47.25813533836213
C4,3,30025.734159476666,8.34048171096574,47.21535756058435
C4,3,30049.72971300378,8.34714714250105,47.59528715809701
C4,3,30059.72971300378,8.349924920278827,47.55250938031922
C4,3,30080.72345569119,8.355756515469775,47.8849103062032
C4,3,30245.49401538861,8.401526115385725,47.68879919509209
C4,3,30255.49401538861,8.404303893163503,47.64602141731431
C4,3,30315.49401538861,8.420970559830169,48.27476078699915
C4,3,30490.514793572096,8.469587442658916,47.950316342554714
C4,3,30640.514793572096,8.511254109325582,47.66864967588804
C4,3,30810.514793572096,8.558476331547805,47.301427453665816
C4,3,30960.514793572096,8.600142998214471,47.01976078699915
C4,3,31110.514793572096,8.641809664881137,46.73809412033248
C4,3,31270.514793572096,8.686254109325581,46.41364967588804
C4,3,31440.514793572096,8.733476331547804,46.046427453665814
C4,3,31590.514793572096,8.775142998214472,45.76476078699914
C4,3,31760.514793572096,8.822365220436694,45.397538564776916
C4,3,31950.145721568184,8.875040478213384,45.15864967588803
C4,3,32189.22849507937,8.94145235974427,44.83420523144358
C4,3,32435.62613174366,9.009896147706572,44.638094120332475
C4,3,32780.684868641794,9.105745796844943,44.3564274536658
C4,3,32910.684868641794,9.141856907956054,44.16031634255469
C4,3,33128.199999806806,9.202277777724113,43.79309412033246
C4,3,33138.199999806806,9.205055555501891,43.75031634255468
C4,3,33175.591991304726,9.215442219806869,44.31119621502348
C4,3,33209.65925749098,9.22490534930305,44.2684184372457
C4,3,33209.65925749098,9.22490534930305,44.2684184372457
C4,3,33219.65925749098,9.227683127080828,44.22564065946792
C4,3,33255.338523482926,9.237594034300812,44.79056237100704
C4,3,33265.338523482926,9.24037181207859,44.74778459322926
C4,3,33315.25633395585,9.25423787054329,45.10072398981338
C4,3,33485.25633395585,9.301460092765513,44.73350176759116
C4,3,33666.11416376508,9.351698378823633,44.45183510092449
C4,3,33806.11416376508,9.390587267712522,44.212946212035604
C4,3,33971.582838254995,9.436550788404166,43.93127954536894
C4,3,34136.94197178678,9.482483881051882,43.69239065648004
C4,3,34325.40716060002,9.534835322388895,43.496279545368935
C4,3,34500.72584707481,9.583534957520781,43.25739065648004
C4,3,34744.65120338134,9.65129200093926,43.06127954536893
C4,3,34754.65120338134,9.654069778717039,43.01850176759115
C4,3,34814.223806064976,9.670617723906938,43.43970450555004
C4,3,34824.223806064976,9.673395501684716,43.39692672777226
C4,3,34862.19025910152,9.68394173863931,43.93223662213689
C4,3,34872.19025910152,9.686719516417089,43.88945884435911
C4,3,34922.424527337695,9.700673479816027,44.684834758098596
C4,3,34932.424527337695,9.703451257593803,44.64205698032082
C4,3,34945.828687281166,9.70717463535588,44.85428951275911
C4,3,34955.828687281166,9.709952413133657,44.81151173498133
C4,3,34996.88284213391,9.721356345037199,45.461535853483156
C4,3,35006.88284213391,9.724134122814975,45.41875807570538
C4,3,35066.88284213391,9.740800789481643,46.04749744539022
C4,3,35381.017102869046,9.828060306352512,45.765830778723554
C4,3,35541.017102869046,9.872504750796956,45.44138633427911
C4,3,35551.017102869046,9.875282528574735,45.39860855650133
C4,3,35551.017102869046,9.875282528574735,45.39860855650133
C4,3,35721.017102869046,9.922504750796957,45.031386334279105
C4,3,35871.017102869046,9.964171417463623,44.74971966761244
C4,3,36051.903261348954,10.014417572596932,44.510830778723545
C4,3,36191.903261348954,10.053306461485821,44.27194188983466
C4,3,36321.903261348954,10.089417572596933,44.07583077872354
C4,3,36461.903261348954,10.12830646148582,43.836941889834655
C4,3,36601.903261348954,10.16719535037471,43.59805300094577
C4,3,36741.903261348954,10.206084239263598,43.35916411205688
C4,3,36901.903261348954,10.250528683708042,43.034719667612436
C4,3,37075.82602988333,10.29884056385648,42.75305300094577
C4,3,37375.251279113836,10.382014244198288,42.471386334279096
C4,3,37525.251279113836,10.423680910864954,42.18971966761243
C4,3,37665.251279113836,10.462569799753844,41.95083077872354
C4,3,37675.251279113836,10.46534757753162,41.90805300094576
C4,3,37688.55479609616,10.4690429989156,42.11869201983261
C4,3,37838.55479609616,10.510709665582267,41.837025353165934
C4,3,37978.55479609616,10.549598554471157,41.59813646427705
C4,3,38148.55479609616,10.596820776693379,41.23091424205482
C4,3,38308.55479609616,10.641265221137823,40.90646979761038
C4,3,38438.55479609616,10.677376332248935,40.71035868649926
C4,3,38605.68034912831,10.723800096980087,40.428692019832596
C4,3,38735.68034912831,10.759911208091198,40.23258090872148
C4,3,38768.33508945853,10.768981969294037,40.1898031309437
C4,3,38768.33508945853,10.768981969294037,40.1898031309437
C4,3,38778.33508945853,10.771759747071814,40.14702535316592
C4,3,38822.01433146791,10.783892869852197,40.76288300000649
C4,3,39012.660941428774,10.836850261507992,40.395660777784265
C4,3,39230.38619646377,10.897329499017713,40.07121633333982
C4,3,39390.38619646377,10.941773943462158,39.746771888895374
C4,3,39409.077075930174,10.946965854425049,39.703994111117595
C4,3,39417.688641260786,10.949357955905773,39.84034389551894
C4,3,39427.688641260786,10.952135733683551,39.79756611774116
C4,3,39427.688641260786,10.952135733683551,39.79756611774116
C4,3,39597.688641260786,10.999357955905774,39.43034389551894
C4,3,39757.688641260786,11.043802400350218,39.10589945107449
C4,3,39907.688641260786,11.085469067016884,38.824232784407826
C4,3,40037.688641260786,11.121580178127996,38.62812167329671
C4,3,40207.688641260786,11.168802400350218,38.260899451074486
C4,3,40367.688641260786,11.213246844794662,37.93645500663004
C4,3,40527.688641260786,11.257691289239107,37.6120105621856
C4,3,40687.688641260786,11.302135733683551,37.28756611774116
C4,3,40857.688641260786,11.349357955905774,36.92034389551893
C4,3,40869.81027360101,11.352725076000281,36.877566117741154
C4,3,40918.54632656404,11.366262868490011,37.45812002528602
C4,3,41068.69471160708,11.40797075322419,37.17645335861935
C4,3,41238.69471160708,11.455192975446412,36.80923113639712
C4,3,41248.69471160708,11.457970753224188,36.766453358619344
C4,3,41308.69471160708,11.474637419890856,37.612426345112596
C4,3,41318.69471160708,11.477415197668634,37.56964856733481
C4,3,41378.69471160708,11.4940818643353,38.41562155382806
C4,3,41411.0406956159,11.503066859893305,38.37284377605028
C4,3,41411.0406956159,11.503066859893305,38.37284377605028
C4,3,41421.0406956159,11.505844637671084,38.3300659982725
C4,3,41462.72906997946,11.517424741660962,38.99013192569558
C4,3,41472.72906997946,11.520202519438739,38.94735414791779
C4,3,41502.39227919208,11.528442299775577,39.417021627117556
C4,3,41512.39227919208,11.531220077553355,39.37424384933978
C4,3,41556.51571847087,11.54347658846413,39.89985135200427
C4,3,41566.51571847087,11.546254366241909,39.85707357422649
C4,3,41603.631602315174,11.556564333976437,40.35100819151914
C4,3,41613.631602315174,11.559342111754216,40.308230413741356
C4,3,41656.309321658526,11.571197033794036,40.876181403652076
C4,3,41666.309321658526,11.573974811571812,40.83340362587429
C4,3,41666.309321658526,11.573974811571812,40.83340362587429
C4,3,41836.309321658526,11.621197033794035,40.466181403652065
C4,3,42203.95052041061,11.723319589002948,40.14173695920763
C4,3,42353.95052041061,11.764986255669614,39.860070292540954
C4,3,42503.95052041061,11.80665292233628,39.57840362587429
C4,3,42680.799223913746,11.855777562198263,39.38229251476317
C4,3,42974.08835148254,11.937246764300706,39.143403625874285
C4,3,43153.85233487114,11.987181204130872,38.81895918142984
C4,3,43283.85233487114,12.023292315241983,38.622848070318724
C4,3,43302.12646665572,12.028368462959921,38.580070292540945
C4,3,43304.38931027907,12.028997030633075,38.615898649910655
C4,3,43314.38931027907,12.031774808410852,38.57312087213287
C4,3,43317.3578285785,12.03259939682736,38.62012241187383
C4,3,43327.3578285785,12.035377174605138,38.57734463409605
C4,3,43387.3578285785,12.052043841271805,39.52734463409605
C4,3,43397.3578285785,12.054821619049582,39.48456685631827
C4,3,43397.3578285785,12.054821619049582,39.48456685631827
C4,3,43407.3578285785,12.05759939682736,39.44178907854049
C4,3,43407.3578285785,12.05759939682736,39.44178907854049
C4,3,43417.3578285785,12.060377174605138,39.39901130076271
C4,3,43477.3578285785,12.077043841271804,40.34901130076271
C4,3,43487.3578285785,12.079821619049582,40.30623352298493
C4,3,43547.3578285785,12.09648828571625,41.25623352298493
C4,3,43557.3578285785,12.099266063494026,41.21345574520715
C4,3,43557.3578285785,12.099266063494026,41.21345574520715
C4,3,43567.3578285785,12.102043841271804,41.17067796742937
C4,3,43567.3578285785,12.102043841271804,41.17067796742937
C4,3,43577.3578285785,12.104821619049583,41.12790018965159
C4,3,43592.38192893731,12.108994980260364,41.28533757947965
C4,3,43602.38192893731,12.111772758038143,41.24255980170187
C4,3,43631.00630360682,12.119723973224115,41.69577906730235
C4,3,43641.00630360682,12.122501751001893,41.65300128952457
C4,3,43641.00630360682,12.122501751001893,41.65300128952457
C4,3,43791.00630360682,12.16416841766856,41.371334622857894
C4,3,43988.29162712714,12.218969896424206,41.08966795619123
C4,3,44187.061927464165,12.274183868740046,40.89355684508011
C4,3,44368.5255325837,12.324590425717695,40.52633462285789
C4,3,44378.5255325837,12.327368203495471,40.48355684508011
C4,3,44385.31894129512,12.329255261470866,40.59111914967758
C4,3,44395.31894129512,12.332033039248644,40.548341371899795
C4,3,44395.54126049016,12.3320947945806,40.551475972456174
C4,3,44405.54126049016,12.334872572358377,40.508698194678395
C4,3,44465.54126049016,12.351539239025044,41.22343056086149
C4,3,44475.54126049016,12.354317016802822,41.1806527830837
C4,3,44479.10336849624,12.355306491248955,41.22308534781347
C4,3,44639.10336849624,12.3997509356934,40.89864090336903
C4,3,44769.10336849624,12.43586204680451,40.70252979225791
C4,3,44977.59298032929,12.493775827869246,40.37808534781347
C4,3,44987.59298032929,12.496553605647025,40.33530757003569
C4,3,44987.59298032929,12.496553605647025,40.33530757003569
C4,3,45117.59298032929,12.532664716758136,40.13919645892457
C4,3,45317.29779130369,12.588138275362136,39.85752979225791
C4,3,45519.81340999063,12.644392613886286,39.53308534781346
C4,3,45689.81340999063,12.691614836108508,39.16586312559124
C4,3,45769.38546987692,12.713718186076923,39.12308534781346
C4,3,45769.38546987692,12.713718186076923,39.12308534781346
C4,3,45779.38546987692,12.716495963854701,39.08030757003568
C4,3,45779.38546987692,12.716495963854701,39.08030757003568
C4,3,45949.38546987692,12.763718186076922,38.713085347813454
C4,3,46099.38546987692,12.80538485274359,38.43141868114678
C4,3,46365.72955814155,12.879369321705987,38.19252979225789
C4,3,46617.47219159054,12.949297830997372,37.953640903369006
C4,3,46777.47219159054,12.993742275441816,37.62919645892456
C4,3,46787.47219159054,12.996520053219594,37.58641868114678
C4,3,46823.7456404036,13.006596011223222,38.018515479476434
C4,3,46833.7456404036,13.009373789001,37.975737701698655
C4,3,46833.7456404036,13.009373789001,37.975737701698655
C4,3,46963.7456404036,13.045484900112111,37.77962659058754
C4,3,47103.7456404036,13.084373789000999,37.54073770169865
C4,3,47298.02334568646,13.138339818246239,37.25907103503198
C4,3,47308.02334568646,13.141117596024017,37.2162932572542
C4,3,47368.02334568646,13.157784262690683,38.1662932572542
C4,3,47378.02334568646,13.160562040468461,38.123515479476424
C4,3,47378.02334568646,13.160562040468461,38.123515479476424
C4,3,47518.02334568646,13.199450929357349,37.88462659058753
C4,3,47682.05245124227,13.24501456978952,37.56018214614309
C4,3,47852.05245124227,13.292236792011742,37.19295992392087
C4,3,47862.05245124227,13.295014569789519,37.15018214614309
C4,3,47922.05245124227,13.311681236456186,37.94865638326164
C4,3,47932.05245124227,13.314459014233964,37.90587860548386
C4,3,47932.05245124227,13.314459014233964,37.90587860548386
C4,3,48092.05245124227,13.358903458678409,37.58143416103942
C4,3,48301.739452285816,13.417149847857171,37.21421193881719
C4,3,48461.739452285816,13.461594292301616,36.88976749437275
C4,3,48631.739452285816,13.508816514523838,36.52254527215052
C4,3,48781.739452285816,13.550483181190504,36.24087860548386
C4,3,48951.739452285816,13.597705403412727,35.87365638326163
C4,3,48961.739452285816,13.600483181190505,35.83087860548385
C4,3,48961.739452285816,13.600483181190505,35.83087860548385
C4,3,49131.739452285816,13.647705403412727,35.46365638326163
C4,3,49271.739452285816,13.686594292301615,35.22476749437274
C4,3,49413.40385263167,13.725945514619909,35.181989716594956
C4,3,49434.95700819518,13.73193250227644,35.438735347838616
C4,3,49444.95700819518,13.734710280054218,35.39595757006084
C4,3,49470.39680918489,13.741776891440246,35.7987544190645
C4,3,49480.39680918489,13.744554669218024,35.75597664128672
C4,3,49540.39680918489,13.761221335884692,36.47070900746981
C4,3,49550.39680918489,13.763999113662468,36.42793122969203
C4,3,49576.54014105446,13.771261150292904,36.73935598714283
C4,3,49586.54014105446,13.774038928070683,36.69657820936505
C4,3,49586.54014105446,13.774038928070683,36.69657820936505
C4,3,49596.54014105446,13.77681670584846,36.65380043158727
C4,3,49601.46463311056,13.778184620308489,36.7317715558089
C4,3,49611.46463311056,13.780962398086267,36.68899377803112
C4,3,49642.199471119915,13.789499853088865,36.90630169034463
C4,3,49652.199471119915,13.792277630866643,36.86352391256685
C4,3,49672.66134229155,13.797961483969875,37.18750353945102
C4,3,49812.66134229155,13.836850372858763,36.948614650562135
C4,3,49838.37597928883,13.84399332758023,36.905836872784356
C4,3,49843.95428884609,13.845542858012804,36.964291920033354
C4,3,49853.95428884609,13.848320635790582,36.921514142255575
C4,3,49888.020980267574,13.857783605629882,37.1623796249361
C4,3,50028.020980267574,13.896672494518771,36.923490736047206
C4,3,50168.020980267574,13.93556138340766,36.68460184715832
C4,3,50243.95428884609,13.956653969123915,36.64182406938054
C4,3,50262.57038900616,13.961825108057267,36.93657898858165
C4,3,50282.57038900616,13.967380663612824,36.89380121080387
C4,3,50282.57038900616,13.967380663612824,36.89380121080387
C4,3,50292.57038900616,13.9701584413906,36.85102343302609
C4,3,50352.57038900616,13.986825108057268,37.76205394828372
C4,3,50518.61251243468,14.032947920120744,37.52316505939483
C4,3,50528.61251243468,14.035725697898522,37.48038728161705
C4,3,50529.812189655044,14.036058941570845,37.49730219029937
C4,3,50659.812189655044,14.072170052681956,37.30119107918826
C4,3,50808.97675512832,14.113604654202312,37.10507996807714
C4,3,51013.314423070464,14.170365117519573,36.7806355236327
C4,3,51264.68111816971,14.240189199491587,36.54174663474381
C4,3,51440.880634762,14.28913350965611,36.217302190299364
C4,3,51610.880634762,14.336355731878333,35.85007996807714
C4,3,51620.880634762,14.33913350965611,35.80730219029936
C4,3,51637.6570012,14.343793611444445,35.92591798276716
C4,3,51807.6570012,14.391015833666668,35.55869576054494
C4,3,51947.6570012,14.429904722555555,35.31980687165605
C4,3,52097.6570012,14.471571389222223,35.03814020498938
C4,3,52107.6570012,14.474349167,34.9953624272116
C4,3,52167.6570012,14.491015833666667,35.62410179689645
C4,3,52365.92962650485,14.546091562918013,35.299657352452
C4,3,52375.92962650485,14.548869340695791,35.25687957467422
C4,3,52435.92962650485,14.565536007362457,36.05535381179278
C4,3,52445.92962650485,14.568313785140235,36.012576034015
C4,3,52461.609077427245,14.572669188174235,36.221236660909994
C4,3,52776.5374207052,14.660149283529222,35.98234777202111
C4,3,52786.5374207052,14.662927061307,35.93956999424333
C4,3,52795.8514563748,14.665514293437445,36.03717167617879
C4,3,52805.8514563748,14.668292071215223,35.99439389840101
C4,3,52865.8514563748,14.684958737881889,36.944393898401
C4,3,52875.8514563748,14.687736515659667,36.901616120623224
C4,3,52935.8514563748,14.704403182326335,37.85161612062323
C4,3,53224.09247517766,14.784470131993794,37.52717167617878
C4,3,53394.09247517766,14.831692354216017,37.15994945395656
C4,3,53404.09247517766,14.834470131993795,37.11717167617878
C4,3,53409.716306900926,14.836032307472479,37.19646517148652
C4,3,53549.716306900926,14.874921196361369,36.957576282597635
C4,3,53559.716306900926,14.877698974139147,36.914798504819856
C4,3,53559.716306900926,14.877698974139147,36.914798504819856
C4,3,53689.716306900926,14.913810085250256,36.71868739370874
C4,3,53839.716306900926,14.955476751916924,36.437020727042075
C4,3,53979.716306900926,14.994365640805812,36.19813183815319
C4,3,54139.716306900926,15.038810085250256,35.87368739370874
C4,3,54269.716306900926,15.074921196361368,35.67757628259763
C4,3,54419.716306900926,15.116587863028036,35.39590961593096
C4,3,54589.716306900926,15.163810085250256,35.028687393708736
C4,3,54749.716306900926,15.2082545296947,34.70424294926429
C4,3,54889.716306900926,15.24714341858359,34.465354060375404
C4,3,55019.716306900926,15.283254529694702,34.26924294926429
C4,3,55159.716306900926,15.32214341858359,34.0303540603754
C4,3,55329.716306900926,15.369365640805812,33.66313183815318
C4,3,55469.716306900926,15.408254529694702,33.42424294926429
C4,3,55619.716306900926,15.449921196361368,33.14257628259762
C4,3,55749.716306900926,15.48603230747248,32.94646517148651
C4,3,55759.716306900926,15.488810085250257,32.90368739370872
C4,3,55759.716306900926,15.488810085250257,32.90368739370872
C4,3,55769.716306900926,15.491587863028036,32.86090961593094
C4,3,55829.716306900926,15.508254529694701,33.810909615930946
C4,3,56039.49963747566,15.566527677076571,33.4864651714865
C4,3,56396.92796083586,15.665813322454406,33.119242949264276
C4,3,56733.24686021424,15.7592352389484,32.79479850481983
C4,3,56996.06771872059,15.83224103297794,32.427576282597606
C4,3,57166.09328333784,15.879470356482733,32.10313183815317
C4,3,57389.08003989855,15.941411122194042,31.821465171486494
C4,3,57399.08003989855,15.94418889997182,31.778687393708715
C4,3,57399.08003989855,15.94418889997182,31.778687393708715
C4,3,57569.08003989855,15.991411122194043,31.41146517148649
C4,3,57815.20872814193,16.059780202261646,31.08702072704205
C4,3,57986.937167345284,16.1074825464848,30.719798504819824
C4,3,58037.83962540734,16.121622118168705,30.67702072704204
C4,3,58041.47867520711,16.122632965335306,30.734639015538413
C4,3,58051.47867520711,16.125410743113086,30.69186123776063
C4,3,58076.59313835091,16.132386982875254,31.026082101083762
C4,3,58086.59313835091,16.13516476065303,30.983304323305983
C4,3,58104.157087191685,16.140043635331022,31.261400179951604
C4,3,58114.157087191685,16.142821413108802,31.218622402173825
C4,3,58122.74117250366,16.145205881251016,31.308574941980012
C4,3,58292.74117250366,16.192428103473237,30.941352719757788
C4,3,58452.74117250366,16.236872547917685,30.616908275313342
C4,3,58462.74117250366,16.23965032569546,30.574130497535563
C4,3,58462.74785635354,16.239652182320427,30.5742363251587
C4,3,58612.74785635354,16.281318848987095,30.29256965849203
C4,3,58782.74785635354,16.328541071209315,29.925347436269806
C4,3,58952.74785635354,16.37576329343154,29.558125214047582
C4,3,58962.74785635354,16.378541071209316,29.5153474362698
C4,3,59022.74785635354,16.39520773787598,30.4153474362698
C4,3,59053.50883562798,16.403752454341106,30.372569658492022
C4,3,59067.95944733314,16.407766513148093,30.576316777506452
C4,3,59077.95944733314,16.410544290925873,30.53353899972867
C4,3,59080.87789748333,16.41135497152315,30.577315751981597
C4,3,59090.87789748333,16.414132749300926,30.53453797420382
C4,3,59090.87789748333,16.414132749300926,30.53453797420382
C4,3,59100.87789748333,16.416910527078702,30.49176019642604
C4,3,59100.87789748333,16.416910527078702,30.49176019642604
C4,3,59270.87789748333,16.464132749300926,30.124537974203815
C4,3,59466.91066131769,16.51858629481047,29.75731575198159
C4,3,59616.91066131769,16.560252961477136,29.47564908531492
C4,3,59785.31193370109,16.607031092694747,29.236760196426033
C4,3,59795.31193370109,16.609808870472524,29.19398241864825
C4,3,59800.354601917454,16.611209611643737,29.254051721750923
C4,3,59950.354601917454,16.652876278310405,28.972385055084253
C4,3,60004.988073109955,16.668052242530543,28.929607277306474
C4,3,60041.24352497608,16.678123201382245,29.30952777653894
C4,3,60051.24352497608,16.680900979160022,29.26674999876116
C4,3,60053.48448922546,16.681523469229294,29.296572535751725
C4,3,60063.48448922546,16.684301247007074,29.253794757973946
C4,3,60063.48448922546,16.684301247007074,29.253794757973946
C4,3,60203.48448922546,16.723190135895962,29.014905869085055
C4,3,60213.48448922546,16.72596791367374,28.972128091307276
C4,3,60221.96881399947,16.72832467055541,29.106463233562373
C4,3,60231.96881399947,16.731102448333186,29.063685455784594
C4,3,60231.96881399947,16.731102448333186,29.063685455784594
C4,3,60381.96881399947,16.772769114999853,28.782018789117924
C4,3,60512.64673345452,16.8090685370707,28.585907678006812
C4,3,60663.27479977511,16.850909666604196,28.54312990022903
C4,3,60665.690932941,16.851580814705834,28.581385342022298
C4,3,60675.690932941,16.85435859248361,28.53860756424452
C4,3,60735.690932941,16.871025259150276,29.488607564244518
C4,3,60745.690932941,16.873803036928056,29.44582978646674
C4,3,60805.690932941,16.89046970359472,30.395829786466738
C4,3,60815.690932941,16.893247481372498,30.35305200868896
C4,3,60831.540613710175,16.89765017047505,30.604005287534264
C4,3,60841.540613710175,16.900427948252826,30.561227509756485
C4,3,60853.05771670858,16.903627143530162,30.74358164056456
C4,3,60863.05771670858,16.90640492130794,30.70080386278678
C4,3,60890.0287398304,16.913896872175112,31.12784506221559
C4,3,60900.0287398304,16.91667464995289,31.085067284437812
C4,3,60900.0287398304,16.91667464995289,31.085067284437812
C4,3,61030.0287398304,16.952785761064,30.888956173326697
C4,3,61160.0287398304,16.98889687217511,30.692845062215586
C4,3,61330.0287398304,17.036119094397332,30.32562283999336
C4,3,61340.0287398304,17.038896872175112,30.28284506221558
C4,3,61344.40366853614,17.040112130148927,30.352114766723187
C4,3,61484.40366853614,17.07900101903782,30.1132258778343
C4,3,61514.62067663521,17.08739463239867,30.070448100056517
C4,3,61534.11671716312,17.09281019921198,30.37913540841502
C4,3,61803.86751427005,17.167740976186124,30.011913186192796
C4,3,61904.539313065296,17.19570536474036,29.969135408415013
C4,3,61964.539313065296,17.21237203140703,30.683867774598106
C4,3,62166.55908684481,17.26848863523467,30.48775666348699
C4,3,62326.55908684481,17.312933079679116,30.16331221904255
C4,3,62476.55908684481,17.35459974634578,29.88164555237588
C4,3,62626.55908684481,17.396266413012448,29.59997888570921
C4,3,62756.55908684481,17.43237752412356,29.403867774598098
C4,3,62896.55908684481,17.471266413012447,29.164978885709207
C4,3,62906.55908684481,17.474044190790227,29.122201107931428
C4,3,62943.072984831764,17.484186940231044,29.637030630073614
C4,3,63093.072984831764,17.525853606897712,29.355363963406944
C4,3,63103.072984831764,17.52863138467549,29.312586185629165
C4,3,63104.53196374743,17.52903665659651,29.33568668512723
C4,3,63254.53196374743,17.570703323263174,29.05402001846056
C4,3,63461.137951286044,17.628093875357234,28.815131129571668
C4,3,63631.43322144777,17.675398117068823,28.533464462905002
C4,3,64022.8625998993,17.784128499972027,28.49068668512722
C4,3,64036.25596376933,17.787848878824814,28.702748279735957
C4,3,64046.25596376933,17.79062665660259,28.659970501958178
C4,3,64046.25596376933,17.79062665660259,28.659970501958178
C4,3,64069.31658455862,17.797032384599618,28.617192724180395
C4,3,64112.03346916165,17.80889818587824,29.293543397061743
C4,3,64122.03346916165,17.811675963656015,29.250765619283964
C4,3,64182.03346916165,17.82834263032268,30.200765619283963
C4,3,64192.03346916165,17.83112040810046,30.157987841506184
C4,3,64252.03346916165,17.847787074767126,31.107987841506183
C4,3,64262.03346916165,17.850564852544903,31.065210063728404
C4,3,64262.03346916165,17.850564852544903,31.065210063728404
C4,3,64272.03346916165,17.853342630322683,31.022432285950625
C4,3,64272.03346916165,17.853342630322683,31.022432285950625
C4,3,64282.03346916165,17.85612040810046,30.979654508172842
C4,3,64342.03346916165,17.872787074767125,31.929654508172845
C4,3,64352.03346916165,17.875564852544905,31.886876730395063
C4,3,64408.475020379854,17.891243061216628,32.78053462468327
C4,3,64418.475020379854,17.894020838994404,32.737756846905484
C4,3,64434.09973372613,17.898361037146145,32.98514814155484
C4,3,64444.09973372613,17.901138814923925,32.94237036377706
C4,3,64463.6901997738,17.906580611048277,33.17573603299178
C4,3,64473.6901997738,17.909358388826057,33.13295825521399
C4,3,64488.682863769034,17.913523017713622,33.370342101805164
C4,3,64498.682863769034,17.9163007954914,33.327564324027385
C4,3,64519.47735891734,17.922077044143705,33.6042954681909
C4,3,64689.47735891734,17.96929926636593,33.23707324596867
C4,3,64905.338431635086,18.02926067545419,32.86985102374645
C4,3,65059.20846660821,18.072002351835614,32.63096213485756
C4,3,65217.72657409938,18.11603515947205,32.34929546819089
C4,3,65357.72657409938,18.15492404836094,32.110406579302
C4,3,65527.72657409938,18.20214627058316,31.74318435707978
C4,3,65657.72657409939,18.238257381694275,31.547073245968665
C4,3,65797.72657409939,18.277146270583163,31.308184357079778
C4,3,65927.72657409939,18.313257381694275,31.112073245968663
C4,3,65937.72657409939,18.31603515947205,31.069295468190884
C4,3,65939.75185652112,18.316597737922535,31.096247732134906
C4,3,66089.75185652112,18.3582644045892,30.81458106546824
C4,3,66099.75185652112,18.36104218236698,30.771803287690457
C4,3,66159.75185652112,18.377708849033645,31.570277524809015
C4,3,66387.7162822107,18.441032300614086,31.20305530258679
C4,3,66535.12284540143,18.481978568167065,31.00694419147568
C4,3,66545.12284540143,18.48475634594484,30.964166413697896
C4,3,66546.96169391384,18.48526713719829,30.988637633083172
C4,3,66706.96169391384,18.529711581642733,30.664193188638727
C4,3,66953.75995942578,18.59826665539605,30.296970966416502
C4,3,67155.60745863775,18.654335405177154,29.929748744194278
C4,3,67165.60745863775,18.65711318295493,29.8869709664165
C4,3,67223.30941917327,18.67314150532591,30.80058534156217
C4,3,67433.2861724152,18.731468381226446,30.433363119339944
C4,3,67443.2861724152,18.734246159004222,30.390585341562165
C4,3,67453.70933016429,18.737141480601192,30.5147481449139
C4,3,67623.70933016429,18.784363702823413,30.147525922691678
C4,3,67793.70933016429,18.831585925045637,29.780303700469453
C4,3,67933.70933016429,18.870474813934525,29.541414811580562
C4,3,68063.70933016429,18.906585925045636,29.34530370046945
C4,3,68121.43786472206,18.92262162908946,29.302525922691668
C4,3,68172.8938097047,18.936914947140195,29.987296696278914
C4,3,68419.50174507554,19.005417151409873,29.748407807390027
C4,3,68571.34168705679,19.04759491307133,29.466741140723357
C4,3,68731.34168705679,19.092039357515773,29.142296696278912
C4,3,68861.34168705679,19.128150468626885,28.9461855851678
C4,3,69031.34168705679,19.17537269084911,28.578963362945576
C4,3,69392.68278771057,19.275745218808492,28.25451891850113
C4,3,69562.68278771057,19.322967441030713,27.887296696278906
C4,3,69611.67466917755,19.336576296993762,27.844518918501127
C4,3,69620.07442655097,19.338909562930827,27.97751507691366
C4,3,69865.52847250638,19.407091242362885,27.69584841024699
C4,3,69875.52847250638,19.40986902014066,27.653070632469213
C4,3,69882.29504259092,19.41174862294192,27.72397744930057
C4,3,70022.29504259092,19.450637511830813,27.48508856041168
C4,3,70081.31867246532,19.4670329645737,27.4423107826339
C4,3,70141.31867246532,19.483699631240366,28.3923107826339
C4,3,70151.31867246532,19.486477409018146,28.34953300485612
C4,3,70211.31867246532,19.503144075684812,29.29953300485612
C4,3,70221.31867246532,19.50592185346259,29.25675522707834
C4,3,70240.63198313538,19.511286661982048,29.562549312687548
C4,3,70260.63198313538,19.516842217537604,29.519771534909765
C4,3,70278.33724163786,19.521760344899405,29.800104794532356
C4,3,70288.33724163786,19.524538122677182,29.757327016754576
C4,3,70288.33724163786,19.524538122677182,29.757327016754576
C4,3,70298.33724163786,19.52731590045496,29.714549238976794
C4,3,70305.34101822757,19.5292613939521,29.81329933561566
C4,3,70445.34101822757,19.568150282840993,29.574410446726773
C4,3,70455.34101822757,19.57092806061877,29.531632668948994
C4,3,70505.83613220077,19.584954481166882,30.33113864019133
C4,3,70655.83613220077,19.626621147833546,30.04947197352466
C4,3,70834.63505996666,19.676287516657407,29.682249751302436
C4,3,71089.89458068593,19.747192939079422,29.400583084635766
C4,3,71099.89458068593,19.749970716857202,29.357805306857987
C4,3,71140.41729766123,19.76122702712812,29.999414992300323
C4,3,71290.41729766123,19.802893693794786,29.717748325633654
C4,3,71300.41729766123,19.805671471572566,29.67497054785587
C4,3,71357.19637409975,19.82144343724993,30.475529962272834
C4,3,71367.19637409975,19.824221215027706,30.432752184495055
C4,3,71389.65814645762,19.830460596238225,30.769678769863113
C4,3,71519.65814645762,19.866571707349337,30.573567658751998
C4,3,71529.65814645762,19.869349485127117,30.53078988097422
C4,3,71558.39571125184,19.8773321420144,30.98580132354944
C4,3,71568.39571125184,19.88010991979218,30.94302354577166
C4,3,71571.17785531892,19.88088273758859,30.987074160167115
C4,3,71701.17785531892,19.9169938486997,30.790963049056003
C4,3,71721.7775244802,19.92271597902228,30.74818527127822
C4,3,71725.67167256064,19.9237976868224,30.800008219907426
C4,3,71735.67167256064,19.926575464600177,30.757230442129647
C4,3,71776.41735797939,19.93789371054983,31.402370461259814
C4,3,71786.41735797939,19.940671488327606,31.359592683482035
C4,3,71786.41735797939,19.940671488327606,31.359592683482035
C4,3,71916.41735797939,19.976782599438717,31.16348157237092
C4,3,72066.41735797939,20.018449266105385,30.881814905704253
C4,3,72196.41735797939,20.054560377216497,30.685703794593138
C4,3,72206.41735797939,20.057338154994273,30.64292601681536
C4,3,72210.2278621503,20.058396628375085,30.693635840330575
C4,3,72350.2278621503,20.097285517263973,30.454746951441685
C4,3,72506.57945284937,20.14071651468038,30.258635840330573
C4,3,72516.57945284937,20.143494292458158,30.21585806255279
C4,3,72517.83074447577,20.14384187346549,30.230763706301435
C4,3,72687.83074447577,20.191064095687715,29.86354148407921
C4,3,72833.3529245168,20.23148692347689,29.667430372968095
C4,3,72843.3529245168,20.234264701254666,29.624652595190316
C4,3,72855.55972824087,20.23765548006691,29.817926987488057
C4,3,73005.55972824087,20.279322146733577,29.536260320821388
C4,3,73086.08607354082,20.30169057598356,29.49348254304361
C4,3,73097.82307858752,20.3049508551632,29.67931845628302
C4,3,73329.52364584258,20.369312123845162,29.312096234060796
C4,3,73459.52364584258,20.40542323495627,29.115985122949684
C4,3,73609.52364584258,20.447089901622938,28.834318456283015
C4,3,73619.52364584258,20.449867679400715,28.791540678505235
C4,3,73619.52364584258,20.449867679400715,28.791540678505235
C4,3,73769.52364584258,20.491534346067382,28.509874011838566
C4,3,73939.52364584258,20.538756568289607,28.14265178961634
C4,3,74109.52364584258,20.585978790511827,27.775429567394117
C4,3,74259.52364584258,20.627645457178495,27.493762900727447
C4,3,74269.52364584258,20.63042323495627,27.450985122949668
C4,3,74329.52364584258,20.647089901622937,27.87520973525582
C4,3,74609.46201689864,20.724850560249624,27.636320846366928
C4,3,74739.46201689864,20.760961671360736,27.440209735255817
C4,3,74749.46201689864,20.763739449138512,27.397431957478034
C4,3,74749.46201689864,20.763739449138512,27.397431957478034
C4,3,74919.46201689864,20.810961671360733,27.030209735255813
C4,3,74929.46201689864,20.813739449138513,26.98743195747803
C4,3,74989.46201689864,20.83040611580518,27.78590619459659
C4,3,75220.6953600802,20.894637600022275,27.589795083485473
C4,3,75484.04533569404,20.967790371026123,27.22257286126325
C4,3,75494.04533569404,20.9705681488039,27.17979508348547
C4,3,75496.67038660476,20.971297329612433,27.21680711946277
C4,3,75636.67038660476,21.01018621850132,26.977918230573884
C4,3,75653.7835269718,21.01493986860328,26.9351404527961
C4,3,75678.08204651119,21.021689457364218,27.224589425548277
C4,3,75688.08204651119,21.024467235141998,27.1818116477705
C4,3,75705.70459286538,21.02936238690705,27.430281617251694
C4,3,75855.70459286538,21.071029053573717,27.148614950585028
C4,3,76025.70459286538,21.118251275795938,26.781392728362803
C4,3,76039.56814481365,21.122102262448234,26.73861495058502
C4,3,76099.56814481365,21.138768929114903,27.688614950585023
C4,3,76240.89790994924,21.178027197208124,27.64583717280724
C4,3,76240.89790994924,21.178027197208124,27.64583717280724
C4,3,76263.18264418507,21.18421740116252,27.60305939502946
C4,3,76305.77592179456,21.196048867165153,28.277452957179644
C4,3,76315.77592179456,21.198826644942933,28.234675179401865
C4,3,76315.77592179456,21.198826644942933,28.234675179401865
C4,3,76445.77592179456,21.234937756054045,28.03856406829075
C4,3,76583.44140550049,21.27317816819458,27.842452957179635
C4,3,76753.44140550049,21.320400390416804,27.475230734957414
C4,3,76923.44140550049,21.367622612639025,27.10800851273519
C4,3,77073.44140550049,21.409289279305693,26.82634184606852
C4,3,77203.44140550049,21.445400390416804,26.630230734957404
C4,3,77363.44140550049,21.48984483486125,26.305786290512962
C4,3,77493.44140550049,21.52595594597236,26.109675179401847
C4,3,77643.44140550049,21.567622612639024,25.828008512735178
C4,3,77773.44140550049,21.603733723750135,25.631897401624066
C4,3,77923.44140550049,21.645400390416803,25.350230734957396
C4,3,78175.62939217898,21.715452608938605,24.983008512735175
C4,3,78335.62939217898,21.75989705338305,24.65856406829073
C4,3,78475.62939217898,21.798785942271937,24.419675179401843
C4,3,78635.85755348756,21.843293764857656,24.138008512735176
C4,3,78775.85755348756,21.882182653746543,23.89911962384629
C4,3,78905.85755348756,21.918293764857655,23.703008512735178
C4,3,79169.37949693162,21.991494304703227,23.464119623846287
C4,3,79329.37949693162,22.03593874914767,23.139675179401845
C4,3,79469.37949693162,22.074827638036563,22.900786290512958
C4,3,79721.00277018848,22.14472299171902,22.576341846068512
C4,3,79927.29089069946,22.202025247416515,22.294675179401846
C4,3,80104.25712135533,22.251182533709816,22.01300851273518
C4,3,80234.25712135533,22.287293644820924,21.816897401624068
C4,3,80404.25712135533,22.334515867043148,21.449675179401847
C4,3,80534.25712135533,22.37062697815426,21.253564068290736
C4,3,80704.25712135533,22.41784920037648,20.886341846068515
C4,3,80834.25712135533,22.45396031148759,20.690230734957403
C4,3,80974.25712135533,22.49284920037648,20.451341846068516
C4,3,81124.25712135533,22.534515867043147,20.16967517940185
C4,3,81254.25712135533,22.57062697815426,19.973564068290738
C4,3,97120.40089000647,26.977889136112907,19.930786290512962
C4,3,101545.82491376354,28.20717358715654,90.0
C4,3,101695.82491376354,28.248840253823207,89.71833333333333
C4,4,0.0,0.0,55.89785734482946
C4,4,347.28021208826516,0.09646672558007366,55.530635122607244
C4,4,357.28021208826516,0.09924450335785143,55.487857344829465
C4,4,366.11021336764065,0.10169728149101129,55.59304213995959
C4,4,526.1102133676407,0.14614172593545574,55.26859769551514
C4,4,536.1102133676407,0.1489195037132335,55.22581991773736
C4,4,536.1102133676407,0.1489195037132335,55.22581991773736
C4,4,676.1102133676407,0.1878083926021224,54.986931028848474
C4,4,748.884136662513,0.2080233712951425,54.944153251070695
C4,4,753.5482320828894,0.20931895335635817,55.01411468237634
C4,4,997.4757683052585,0.27707660230701625,54.689670237931885
C4,4,1007.4757683052585,0.279854380084794,54.646892460154106
C4,4,1007.4757683052585,0.279854380084794,54.646892460154106
C4,4,1177.4757683052585,0.32707660230701624,54.27967023793189
C4,4,1427.861107937124,0.39662808553809,54.08355912682078
C4,4,1643.9849523746425,0.456662486770734,53.71633690459856
C4,4,1773.9849523746425,0.49277359788184516,53.520225793487455
C4,4,1783.9849523746425,0.49555137565962293,53.47744801570967
C4,4,1810.8530992946467,0.5030147498040685,53.79750691942783
C4,4,1970.8530992946467,0.547459194248513,53.47306247498338
C4,4,2110.8530992946467,0.5863480831374018,53.23417358609449
C4,4,2141.0873944055734,0.5947464984459926,53.19139580831671
C4,4,2201.0873944055734,0.6114131651126593,54.03736879480996
C4,4,2211.0873944055734,0.6141909428904371,53.99459101703218
C4,4,2211.0873944055734,0.6141909428904371,53.99459101703218
C4,4,2221.0873944055734,0.6169687206682148,53.9518132392544
C4,4,2221.0873944055734,0.6169687206682148,53.9518132392544
C4,4,2231.0873944055734,0.6197464984459926,53.90903546147662
C4,4,2252.9757216379744,0.6258265893438818,54.16977372672002
C4,4,2262.9757216379744,0.6286043671216596,54.12699594894224
C4,4,2322.9757216379744,0.6452710337883262,54.9254701860608
C4,4,2332.9757216379744,0.648048811566104,54.88269240828302
C4,4,2338.79567755125,0.6496654659864582,54.96014382258162
C4,4,2348.79567755125,0.652443243764236,54.91736604480384
C4,4,2408.79567755125,0.6691099104309027,55.63209841098693
C4,4,2463.425989683081,0.6842849971341891,55.58932063320915
C4,4,2497.35149193287,0.6937087477591305,56.067654940818116
C4,4,2507.35149193287,0.6964865255369084,56.02487716304033
C4,4,2556.801468693124,0.7102226301925345,56.72209957173856
C4,4,2566.801468693124,0.7130004079703123,56.67932179396078
C4,4,2588.7122128611895,0.7190867257947748,56.98825342196324
C4,4,2598.7122128611895,0.7218645035725526,56.945475644185464
C4,4,2598.7122128611895,0.7218645035725526,56.945475644185464
C4,4,2608.7122128611895,0.7246422813503304,56.90269786640768
C4,4,2668.7122128611895,0.7413089480169971,57.32692247871384
C4,4,2678.7122128611895,0.7440867257947749,57.284144700936054
C4,4,2678.7122128611895,0.7440867257947749,57.284144700936054
C4,4,2688.7122128611895,0.7468645035725526,57.241366923158274
C4,4,2693.74323898201,0.7482620108283361,57.30831933555404
C4,4,2823.74323898201,0.7843731219394473,57.11220822444293
C4,4,3001.8662504862555,0.833851736246182,57.06943044666515
C4,4,3002.225889947536,0.8339516360965378,57.07489115539377
C4,4,3187.4290733268754,0.8853969648130209,56.7932244887271
C4,4,3377.560811946441,0.9382113366517891,56.59711337761599
C4,4,3387.560811946441,0.9409891144295669,56.55433559983821
C4,4,3447.560811946441,0.9576557810962336,57.40030858633146
C4,4,3457.560811946441,0.9604335588740114,57.35753080855368
C4,4,3473.0296084092975,0.9647304467803604,57.57563387423933
C4,4,3483.0296084092975,0.9675082245581382,57.53285609646155
C4,4,3483.0296084092975,0.9675082245581382,57.53285609646155
C4,4,3493.0296084092975,0.970286002335916,57.49007831868377
C4,4,3534.684655467276,0.9818568487409101,57.92658111920753
C4,4,3544.684655467276,0.9846346265186878,57.883803341429754
C4,4,3565.545722337753,0.9904293673160425,58.13230466952041
C4,4,3575.545722337753,0.9932071450938202,58.08952689174263
C4,4,3635.545722337753,1.0098738117604869,58.513751504048784
C4,4,3728.9273267105414,1.0358131463084836,58.470973726271005
C4,4,3728.9273267105414,1.0358131463084836,58.470973726271005
C4,4,3934.7160276902864,1.0929766743584128,58.10375150404879
C4,4,4094.7160276902864,1.1374211188028573,57.779307059604335
C4,4,4264.716027690287,1.1846433410250796,57.41208483738212
C4,4,4434.716027690287,1.231865563247302,57.0448626151599
C4,4,4594.716027690287,1.2763100076917464,56.72041817071545
C4,4,4748.628484580991,1.3190634679391642,56.52430705960434
C4,4,4888.628484580991,1.3579523568280532,56.28541817071545
C4,4,4898.628484580991,1.360730134605831,56.24264039293767
C4,4,4898.628484580991,1.360730134605831,56.24264039293767
C4,4,5058.628484580991,1.4051745790502754,55.91819594849322
C4,4,5280.644268219351,1.466845630060931,55.59375150404877
C4,4,5467.116929266216,1.5186435914628378,55.35486261515988
C4,4,5713.030425480181,1.586952895966717,54.987640392937664
C4,4,5883.030425480181,1.6341751181889392,54.620418170715446
C4,4,6023.030425480181,1.6730640070778282,54.38152928182656
C4,4,6033.030425480181,1.675841784855606,54.33875150404878
C4,4,6040.788819131149,1.6779968942030967,54.461592736855756
C4,4,6200.788819131149,1.7224413386475412,54.13714829241131
C4,4,6350.788819131149,1.764108005314208,53.85548162574464
C4,4,6360.788819131149,1.7668857830919857,53.81270384796686
C4,4,6404.398949440335,1.7789997081778708,54.42758705095056
C4,4,6615.1696101073085,1.8375471139186967,54.18869816206167
C4,4,6625.1696101073085,1.8403248916964745,54.14592038428388
C4,4,6658.552762110005,1.8495979894750012,54.616607797588536
C4,4,6668.552762110005,1.852375767252779,54.57383001981076
C4,4,6681.730422462263,1.8560362284617398,54.730805025882866
C4,4,6691.730422462263,1.8588140062395175,54.68802724810509
C4,4,6733.309757661574,1.8703638215726595,54.98201020401967
C4,4,6743.309757661574,1.8731415993504372,54.939232426241894
C4,4,6800.069894197206,1.8889083039436683,55.615370871091685
C4,4,6810.069894197206,1.891686081721446,55.572593093313905
C4,4,6833.815106972758,1.8982819741590995,55.9073899027581
C4,4,6843.815106972758,1.9010597519368773,55.86461212498032
C4,4,6891.431998679076,1.9142866662997433,56.36358903294334
C4,4,6901.431998679076,1.917064444077521,56.32081125516556
C4,4,6961.431998679076,1.9337311107441877,57.16678424165881
C4,4,6971.431998679076,1.9365088885219657,57.12400646388103
C4,4,6974.3924260975355,1.9373312294715377,57.16574715762254
C4,4,6984.3924260975355,1.9401090072493155,57.122969379844754
C4,4,7026.429750341002,1.9517860417613893,57.76125746593771
C4,4,7036.429750341002,1.954563819539167,57.71847968815993
C4,4,7083.652748097092,1.9676813189158588,58.42682465450129
C4,4,7262.728082171183,2.017424467269773,58.102380210056836
C4,4,7412.728082171183,2.0590911339364397,57.82071354339017
C4,4,7562.728082171183,2.1007578006031062,57.539046876723496
C4,4,7712.728082171183,2.142424467269773,57.25738021005683
C4,4,7862.728082171183,2.1840911339364397,56.975713543390164
C4,4,8086.934648908126,2.2463707358078127,56.69404687672349
C4,4,8256.934648908125,2.2935929580300347,56.32682465450127
C4,4,8426.934648908125,2.340815180252257,55.959602432279056
C4,4,8576.934648908125,2.3824818469189237,55.67793576561238
C4,4,8649.190203870532,2.402552834408481,55.6351579878346
C4,4,8693.925760572223,2.414979377936729,56.23049447965889
C4,4,8772.23924147186,2.4367331226310722,56.18771670188111
C4,4,8787.316096498997,2.440921137916388,56.388358040480114
C4,4,8797.316096498997,2.4436989156941658,56.345580262702335
C4,4,8797.316096498997,2.4436989156941658,56.345580262702335
C4,4,8807.316096498997,2.4464766934719435,56.302802484924555
C4,4,8807.316096498997,2.4464766934719435,56.302802484924555
C4,4,8947.316096498997,2.4853655823608323,56.06391359603566
C4,4,9087.316096498997,2.5242544712497215,55.825024707146774
C4,4,9217.316096498997,2.5603655823608324,55.628913596035666
C4,4,9387.316096498997,2.6075878045830545,55.26169137381345
C4,4,9547.316096498997,2.6520322490274992,54.937246929368996
C4,4,9707.316096498997,2.6964766934719435,54.61280248492455
C4,4,9717.316096498997,2.6992544712497213,54.57002470714677
C4,4,9748.016306943295,2.7077823074842486,55.030527863811244
C4,4,9958.00682432824,2.7661130067578443,54.834416752700136
C4,4,10252.423328890221,2.8478953691361726,54.55275008603346
C4,4,10584.527085604712,2.9401464126679757,54.185527863811245
C4,4,10754.527085604712,2.9873686348901978,53.81830564158903
C4,4,10764.527085604712,2.9901464126679755,53.77552786381125
C4,4,10764.527085604712,2.9901464126679755,53.77552786381125
C4,4,10774.527085604712,2.9929241904457533,53.73275008603346
C4,4,10803.16583601183,3.000879398892175,54.03285525069236
C4,4,10813.16583601183,3.003657176669953,53.99007747291458
C4,4,10873.16583601183,3.0203238433366195,54.83605045940783
C4,4,10883.16583601183,3.0231016211143973,54.79327268163004
C4,4,10887.559890742205,3.0243221918728347,54.85522687501453
C4,4,10897.559890742205,3.0270999696506125,54.81244909723675
C4,4,10897.559890742205,3.0270999696506125,54.81244909723675
C4,4,10907.559890742205,3.0298777474283902,54.769671319458965
C4,4,10912.497185012266,3.0312492180589627,54.83928494577296
C4,4,10922.497185012266,3.0340269958367405,54.79650716799518
C4,4,10922.497185012266,3.0340269958367405,54.79650716799518
C4,4,11072.497185012266,3.075693662503407,54.51484050132851
C4,4,11202.497185012266,3.111804773614518,54.3187293902174
C4,4,11353.192640080311,3.153664622244531,54.03706272355073
C4,4,11372.124226074924,3.1589233961319234,53.994284945772954
C4,4,11397.295674623969,3.165915465173325,54.349191037496226
C4,4,11407.295674623969,3.1686932429511026,54.30641325971845
C4,4,11467.295674623969,3.185359909617769,55.15238624621169
C4,4,11477.295674623969,3.188137687395547,55.10960846843391
C4,4,11506.97149356078,3.1963809704335504,55.528024154644044
C4,4,11516.97149356078,3.199158748211328,55.48524637686626
C4,4,11520.238528798294,3.2000662579995263,55.53131010281389
C4,4,11530.238528798294,3.202844035777304,55.48853232503611
C4,4,11530.566036859458,3.2029350102387384,55.49344494595356
C4,4,11540.566036859458,3.205712788016516,55.450667168175784
C4,4,11565.409846356639,3.2126138462101776,55.823324310633495
C4,4,11575.409846356639,3.2153916239879554,55.78054653285571
C4,4,11635.409846356639,3.232058290654622,56.62651951934896
C4,4,11645.409846356639,3.2348360684324,56.58374174157118
C4,4,11705.409846356639,3.2515027350990664,57.42971472806443
C4,4,11715.409846356639,3.254280512876844,57.386936950286646
C4,4,11716.676824587206,3.254632451274224,57.40480077291223
C4,4,11726.676824587206,3.257410229052002,57.36202299513445
C4,4,11726.676824587206,3.257410229052002,57.36202299513445
C4,4,11736.676824587206,3.2601880068297797,57.31924521735667
C4,4,11741.535219458483,3.2615375609606896,57.37711941839333
C4,4,11751.535219458483,3.2643153387384674,57.33434164061555
C4,4,11811.535219458483,3.280982005405134,58.1803146271088
C4,4,11821.535219458483,3.2837597831829117,58.13753684933102
C4,4,11850.409339821015,3.291780372172504,58.54464894658863
C4,4,11860.409339821015,3.294558149950282,58.50187116881085
C4,4,11920.409339821015,3.311224816616949,59.216603534993936
C4,4,11930.409339821015,3.3140025943947267,59.17382575721616
C4,4,11930.409339821015,3.3140025943947267,59.17382575721616
C4,4,11940.409339821015,3.3167803721725044,59.13104797943838
C4,4,11971.069830203147,3.3252971750564297,59.5633470897037
C4,4,11981.069830203147,3.3280749528342075,59.52056931192592
C4,4,11981.069830203147,3.3280749528342075,59.52056931192592
C4,4,11991.069830203147,3.3308527306119853,59.47779153414814
C4,4,12018.177189367834,3.338382552602176,59.80069998342734
C4,4,12028.177189367834,3.341160330379954,59.757922205649564
C4,4,12038.5811682606,3.344050324516833,59.88185654651198
C4,4,12188.5811682606,3.3857169911835,59.60018987984531
C4,4,12318.5811682606,3.421828102294611,59.4040787687342
C4,4,12488.5811682606,3.469050324516833,59.036856546511984
C4,4,12498.5811682606,3.471828102294611,58.994078768734205
C4,4,12505.487509376657,3.473746530382405,59.076348527526655
C4,4,12655.487509376657,3.5154131970490714,58.79468186085999
C4,4,12823.594022600542,3.5621094507223727,58.59857074974888
C4,4,13010.65408817546,3.614070580048739,58.23134852752666
C4,4,13150.65408817546,3.652959468937628,57.99245963863777
C4,4,13290.65408817546,3.691848357826517,57.75357074974888
C4,4,13460.65408817546,3.739070580048739,57.386348527526664
C4,4,13470.65408817546,3.741848357826517,57.343570749748885
C4,4,13470.65408817546,3.741848357826517,57.343570749748885
C4,4,13600.65408817546,3.777959468937628,57.14745963863778
C4,4,13730.65408817546,3.8140705800487393,56.95134852752667
C4,4,13740.65408817546,3.816848357826517,56.90857074974889
C4,4,13800.65408817546,3.8335150244931837,57.754543736242134
C4,4,13810.65408817546,3.8362928022709615,57.711765958464355
C4,4,13841.151352944014,3.844764264706671,58.141763661066506
C4,4,13851.151352944014,3.8475420424844486,58.09898588328872
C4,4,13878.228734769622,3.8550635374360063,58.4807647761125
C4,4,13958.228734769622,3.8772857596582284,58.43798699833472
C4,4,14014.617830454596,3.8929493973484988,59.2330478597059
C4,4,14212.984381176584,3.9480512169934956,59.03693674859479
C4,4,14372.984381176584,3.99249566143794,58.712492304150345
C4,4,14522.984381176584,4.034162328104607,58.43082563748367
C4,4,14652.984381176584,4.070273439215717,58.234714526372564
C4,4,14782.984381176584,4.106384550326829,58.038603415261456
C4,4,15010.62594868332,4.1696183190787,57.71415897081701
C4,4,15020.62594868332,4.1723960968564775,57.67138119303923
C4,4,15080.62594868332,4.189062763523145,58.386113559222316
C4,4,15299.176979084583,4.249771383079051,58.10444689255565
C4,4,15309.176979084583,4.252549160856828,58.06166911477787
C4,4,15309.176979084583,4.252549160856828,58.06166911477787
C4,4,15439.176979084583,4.28866027196794,57.86555800366676
C4,4,15449.176979084583,4.291438049745717,57.822780225888984
C4,4,15476.68111974845,4.299078088819014,58.210576226194675
C4,4,15486.68111974845,4.301855866596791,58.167798448416896
C4,4,15546.68111974845,4.318522533263458,58.59202306072305
C4,4,15696.39106771406,4.360108629920572,58.39591194961194
C4,4,15846.39106771406,4.401775296587239,58.11424528294528
C4,4,15976.39106771406,4.4378864076983495,57.91813417183417
C4,4,16136.39106771406,4.482330852142795,57.593689727389716
C4,4,16286.39106771406,4.523997518809461,57.31202306072305
C4,4,16456.39106771406,4.571219741031683,56.94480083850083
C4,4,16616.39106771406,4.615664185476128,56.62035639405638
C4,4,16776.39106771406,4.660108629920572,56.295911949611934
C4,4,16926.39106771406,4.701775296587239,56.01424528294526
C4,4,17086.39106771406,4.746219741031683,55.689800838500815
C4,4,17256.39106771406,4.793441963253906,55.3225786162786
C4,4,17426.39106771406,4.840664185476127,54.95535639405637
C4,4,17576.39106771406,4.882330852142794,54.67368972738971
C4,4,17602.874498789904,4.889687360774974,54.63091194961193
C4,4,17602.874498789904,4.889687360774974,54.63091194961193
C4,4,17612.874498789904,4.892465138552751,54.58813417183415
C4,4,17613.40653647352,4.892612926798201,54.59563566363642
C4,4,17773.40653647352,4.937057371242645,54.27119121919197
C4,4,17923.40653647352,4.978724037909312,53.9895245525253
C4,4,18093.40653647352,5.0259462601315334,53.622302330303086
C4,4,18320.71737614447,5.08908816004013,53.3834134414142
C4,4,18524.80094892749,5.145778041368747,53.058968996969746
C4,4,18676.22324863682,5.187839791288005,52.82008010808086
C4,4,18806.22324863682,5.223950902399117,52.62396899696975
C4,4,18966.22324863682,5.268395346843561,52.2995245525253
C4,4,19096.22324863682,5.304506457954672,52.10341344141419
C4,4,19266.511425907804,5.351808729418835,51.73619121919197
C4,4,19406.511425907804,5.3906976183077235,51.497302330303086
C4,4,19566.511425907804,5.435142062752168,51.17285788585863
C4,4,19736.511425907804,5.48236428497439,50.805635663636416
C4,4,19876.511425907804,5.521253173863279,50.56674677474753
C4,4,20006.511425907804,5.55736428497439,50.37063566363642
C4,4,20146.511425907804,5.596253173863278,50.13174677474753
C4,4,20286.511425907804,5.635142062752168,49.892857885858646
C4,4,20446.511425907804,5.679586507196612,49.5684134414142
C4,4,20596.511425907804,5.721253173863278,49.28674677474753
C4,4,20726.511425907804,5.75736428497439,49.09063566363642
C4,4,20856.511425907804,5.793475396085501,48.894524552525304
C4,4,20987.73951592575,5.8299276433127085,48.69841344141419
C4,4,21127.73951592575,5.868816532201597,48.4595245525253
C4,4,21287.73951592575,5.9132609766460416,48.13508010808086
C4,4,21447.73951592575,5.957705421090486,47.81063566363641
C4,4,21597.73951592575,5.999372087757153,47.528968996969745
C4,4,21866.639690144755,6.074066580595765,47.2045245525253
C4,4,21876.639690144755,6.076844358373543,47.16174677474752
C4,4,21936.639690144755,6.093511025040209,48.00771976124077
C4,4,21956.639690144755,6.099066580595765,47.964941983462985
C4,4,21962.322907375183,6.100645252048662,48.0501902419194
C4,4,21972.322907375183,6.103423029826439,48.007412464141616
C4,4,21981.39254735316,6.1059423742647665,48.15101509712626
C4,4,22111.39254735316,6.142053485375878,47.95490398601515
C4,4,22251.39254735316,6.180942374264767,47.71601509712626
C4,4,22401.39254735316,6.222609040931434,47.434348430459586
C4,4,22626.36514088354,6.285101428023205,47.06712620823736
C4,4,22776.36514088354,6.326768094689872,46.785459541570695
C4,4,22814.977186242704,6.337493662845196,46.742681763792916
C4,4,22814.977186242704,6.337493662845196,46.742681763792916
C4,4,23056.601516786413,6.40461153244067,46.41823731934847
C4,4,23216.601516786413,6.449055976885115,46.093792874904025
C4,4,23356.601516786413,6.487944865774003,45.85490398601514
C4,4,23506.601516786413,6.52961153244067,45.57323731934847
C4,4,23666.601516786413,6.574055976885115,45.24879287490403
C4,4,23850.550856459737,6.62515301568326,44.96712620823736
C4,4,24090.507806372065,6.69180772399224,44.642681763792915
C4,4,24100.507806372065,6.694585501770018,44.599903986015136
C4,4,24160.507806372065,6.711252168436685,45.44587697250838
C4,4,24332.733366278546,6.75909260174404,45.249765861397265
C4,4,24370.657882331318,6.769627189536477,45.206988083619486
C4,4,24373.636334629406,6.7704545373970575,45.25221243248278
C4,4,24561.33780873568,6.822593835759911,44.97054576581611
C4,4,24726.12874643762,6.868369096232672,44.731656876927225
C4,4,24766.67724863252,6.879632569064589,44.68887909914944
C4,4,24781.772499523282,6.883825694312023,44.90171534044814
C4,4,24791.772499523282,6.8866034720898,44.85893756267036
C4,4,24805.563604177954,6.890434334493876,45.0533859291996
C4,4,24815.563604177954,6.893212112271654,45.01060815142182
C4,4,24842.11610199222,6.900587806108949,45.384986416001624
C4,4,24852.11610199222,6.903365583886727,45.342208638223845
C4,4,24895.908000067382,6.915530000018717,45.95965468487142
C4,4,24905.908000067382,6.918307777796495,45.91687690709364
C4,4,24939.42110982463,6.927616974951286,46.36286615287513
C4,4,24949.42110982463,6.930394752729064,46.32008837509735
C4,4,24965.653765388684,6.934903823719079,46.53611099622928
C4,4,24975.653765388684,6.937681601496857,46.493333218451504
C4,4,25035.653765388684,6.954348268163524,47.339306204944755
C4,4,25045.653765388684,6.957126045941301,47.296528427166976
C4,4,25047.60824320911,6.957668956446975,47.324085684479975
C4,4,25057.60824320911,6.960446734224753,47.28130790670219
C4,4,25069.17823493499,6.963660620815275,47.44443958093626
C4,4,25079.17823493499,6.966438398593052,47.401661803158476
C4,4,25125.078410570502,6.979188447380695,47.948434155494986
C4,4,25297.424287435388,7.027062302065385,47.58121193327276
C4,4,25457.424287435388,7.07150674650983,47.25676748882832
C4,4,25617.424287435388,7.1159511909542745,46.93232304438387
C4,4,25645.078410570502,7.12363289182514,46.88954526660609
C4,4,25645.078410570502,7.12363289182514,46.88954526660609
C4,4,25655.078410570502,7.126410669602917,46.84676748882831
C4,4,25715.078410570502,7.143077336269584,47.64524172594687
C4,4,25917.799759813937,7.199388822170538,47.44913061483575
C4,4,26077.799759813937,7.243833266614983,47.124686170391314
C4,4,26217.799759813937,7.282722155503872,46.88579728150242
C4,4,26387.799759813937,7.329944377726093,46.518575059280195
C4,4,26557.799759813937,7.377166599948316,46.15135283705797
C4,4,26707.799759813937,7.418833266614983,45.869686170391304
C4,4,26837.799759813937,7.454944377726093,45.67357505928019
C4,4,26987.799759813937,7.49661104439276,45.39190839261352
C4,4,27270.52106629914,7.575144740638651,45.06746394816908
C4,4,27483.59165631016,7.6343310156417115,44.82857505928019
C4,4,27539.352638586828,7.64982017738523,44.78579728150241
C4,4,27573.569376768635,7.659324826880177,45.24115034677581
C4,4,27794.835550244512,7.720787652845698,45.045039235664696
C4,4,27935.765033908985,7.759934731641385,44.80615034677581
C4,4,27945.765033908985,7.7627125094191625,44.76337256899803
C4,4,27945.765033908985,7.7627125094191625,44.76337256899803
C4,4,27955.765033908985,7.765490287196941,44.72059479122025
C4,4,28015.765033908985,7.782156953863607,45.519069028338805
C4,4,28282.388097794388,7.856218916053996,45.19462458389436
C4,4,28444.697835235143,7.901304954231985,44.870180139449914
C4,4,28604.697835235143,7.945749398676429,44.545735695005476
C4,4,28754.697835235143,7.987416065343095,44.2640690283388
C4,4,28764.697835235143,7.990193843120873,44.22129125056102
C4,4,28782.88962162088,7.995247117116912,44.34991464267179
C4,4,28912.88962162088,8.031358228228022,44.153803531560676
C4,4,29134.242323986862,8.09284508999635,43.87213686489401
C4,4,29159.974890709607,8.099993025197113,43.829359087116224
C4,4,29189.163249277586,8.108100902577107,44.267184465635914
C4,4,29199.163249277586,8.110878680354885,44.22440668785813
C4,4,29208.9566907503,8.113599080763972,44.34106818113926
C4,4,29218.9566907503,8.11637685854175,44.298290403361484
C4,4,29228.543711105533,8.119039919751536,44.41249296574717
C4,4,29238.543711105533,8.121817697529314,44.36971518796939
C4,4,29261.53034886627,8.128202874685075,44.67561915546813
C4,4,29271.53034886627,8.130980652462853,44.63284137769035
C4,4,29271.53034886627,8.130980652462853,44.63284137769035
C4,4,29441.53034886627,8.178202874685075,44.26561915546812
C4,4,29602.025172497804,8.22278477013828,44.026730266579236
C4,4,29732.025172497804,8.25889588124939,43.83061915546812
C4,4,29803.565964272824,8.278768323409118,43.78784137769034
C4,4,29821.822443777954,8.283839567716099,44.045249519187124
C4,4,29831.822443777954,8.286617345493877,44.002471741409344
C4,4,29831.822443777954,8.286617345493877,44.002471741409344
C4,4,29841.822443777954,8.289395123271653,43.959693963631565
C4,4,29871.757666682046,8.297710462967235,44.38176712899016
C4,4,30001.757666682046,8.333821574078346,44.18565601787905
C4,4,30219.72971300378,8.394369364723273,43.81843379565682
C4,4,30389.72971300378,8.441591586945494,43.4512115734346
C4,4,30399.72971300378,8.444369364723272,43.40843379565682
C4,4,30413.318047346114,8.448143902040588,43.55082580848125
C4,4,30553.318047346114,8.487032790929476,43.31193691959236
C4,4,30563.318047346114,8.489810568707254,43.26915914181458
C4,4,30566.520814446325,8.49070022623509,43.314316715961375
C4,4,30696.520814446325,8.526811337346201,43.11820560485026
C4,4,30846.520814446325,8.568478004012867,42.836538938183594
C4,4,30976.520814446325,8.604589115123979,42.64042782707248
C4,4,31116.520814446325,8.643478004012868,42.40153893818359
C4,4,31266.520814446325,8.685144670679534,42.119872271516925
C4,4,31396.520814446325,8.721255781790646,41.92376116040581
C4,4,31526.520814446325,8.757366892901757,41.727650049294695
C4,4,31536.520814446325,8.760144670679535,41.684872271516916
C4,4,31536.520814446325,8.760144670679535,41.684872271516916
C4,4,31666.520814446325,8.796255781790645,41.4887611604058
C4,4,31676.520814446325,8.799033559568423,41.44598338262802
C4,4,31682.42658347887,8.800674050966354,41.52925206706139
C4,4,31692.42658347887,8.80345182874413,41.48647428928361
C4,4,31710.46548364414,8.808462634345595,41.61401671310096
C4,4,31880.46548364414,8.855684856567818,41.246794490878735
C4,4,31976.121469829268,8.882255963841462,41.204016713100955
C4,4,31991.703067071805,8.886584185297723,41.450725336107794
C4,4,32216.728164178905,8.949091156716362,41.16905866944112
C4,4,32319.33747327099,8.977593742575275,41.12628089166334
C4,4,32348.732800842972,8.98575911134527,41.567210805243086
C4,4,32727.791460116037,9.091053183365567,41.24276636079864
C4,4,32867.79146011604,9.129942072254455,41.00387747190975
C4,4,32877.79146011604,9.132719850032233,40.961099694131974
C4,4,32887.81324018182,9.135503677828284,41.08048120379505
C4,4,33017.81324018182,9.171614788939396,40.884370092683945
C4,4,33027.81324018182,9.174392566717172,40.84159231490616
C4,4,33036.85452075789,9.17690403354386,40.9690703004172
C4,4,33176.85452075789,9.215792922432748,40.730181411528314
C4,4,33368.8696622196,9.269130461727666,40.40573696708387
C4,4,33379.58421346165,9.272106725961569,40.36295918930609
C4,4,33379.58421346165,9.272106725961569,40.36295918930609
C4,4,33389.58421346165,9.274884503739345,40.32018141152831
C4,4,33392.98733542509,9.275829815395857,40.36816389904187
C4,4,33522.98733542509,9.311940926506969,40.17205278793076
C4,4,33719.84381872818,9.366623282980049,39.804830565708535
C4,4,33869.84381872818,9.408289949646717,39.52316389904186
C4,4,33901.582838254995,9.417106343959722,39.48038612126408
C4,4,33940.12057019019,9.427811269497276,40.02375079089567
C4,4,33999.290740745695,9.444247427984916,39.98097301311789
C4,4,33999.290740745695,9.444247427984916,39.98097301311789
C4,4,34009.290740745695,9.447025205762692,39.93819523534011
C4,4,34009.290740745695,9.447025205762692,39.93819523534011
C4,4,34019.290740745695,9.44980298354047,39.895417457562324
C4,4,34079.290740745695,9.466469650207138,40.61014982374542
C4,4,34089.290740745695,9.469247427984916,40.56737204596764
C4,4,34149.290740745695,9.485914094651582,41.28210441215073
C4,4,34205.40716060002,9.501501989055562,41.239326634372944
C4,4,34265.40716060002,9.518168655722228,42.13932663437295
C4,4,34275.40716060002,9.520946433500006,42.09654885659517
C4,4,34275.40716060002,9.520946433500006,42.09654885659517
C4,4,34285.40716060002,9.523724211277784,42.053771078817384
C4,4,34286.45192254889,9.524014422930248,42.0647191283041
C4,4,34296.45192254889,9.526792200708025,42.02194135052632
C4,4,34309.03376201449,9.530287156115136,42.18937926167373
C4,4,34319.03376201449,9.533064933892915,42.14660148389594
C4,4,34360.72584707481,9.544646068631893,42.7014357474363
C4,4,34370.72584707481,9.54742384640967,42.65865796965852
C4,4,34430.72584707481,9.564090513076337,43.50463095615177
C4,4,34440.72584707481,9.566868290854115,43.461853178373985
C4,4,34466.04132389167,9.573900367747687,43.818790003828326
C4,4,34476.04132389167,9.576678145525465,43.77601222605054
C4,4,34534.32251043268,9.592867364009077,44.55161265874542
C4,4,34544.32251043268,9.595645141786855,44.50883488096764
C4,4,34604.32251043268,9.612311808453521,45.35480786746089
C4,4,34614.32251043268,9.6150895862313,45.312030089683105
C4,4,34614.32251043268,9.6150895862313,45.312030089683105
C4,4,34624.32251043268,9.617867364009077,45.269252311905326
C4,4,34624.32251043268,9.617867364009077,45.269252311905326
C4,4,34634.32251043268,9.620645141786856,45.22647453412755
C4,4,34644.105541003286,9.62336265027869,45.32899080870374
C4,4,34654.105541003286,9.626140428056468,45.286213030925964
C4,4,34667.522358456015,9.629867321793338,45.4753841164213
C4,4,34837.522358456015,9.67708954401556,45.10816189419908
C4,4,35092.424527337695,9.747895702038248,44.740939671976854
C4,4,35431.328399365615,9.842035666490448,44.50205078308797
C4,4,35561.328399365615,9.87814677760156,44.30593967197685
C4,4,35571.328399365615,9.880924555379337,44.26316189419907
C4,4,35599.37967240156,9.8887165756671,44.65867221461838
C4,4,35739.37967240156,9.92760546455599,44.41978332572949
C4,4,35909.37967240156,9.974827686778212,44.052561103507266
C4,4,36067.08087395235,10.018633576097875,43.81367221461838
C4,4,36207.08087395235,10.057522464986764,43.57478332572949
C4,4,36377.08087395235,10.104744687208985,43.20756110350727
C4,4,36507.08087395235,10.140855798320096,43.01144999239615
C4,4,36657.08087395235,10.182522464986764,42.72978332572948
C4,4,36667.08087395235,10.18530024276454,42.6870055479517
C4,4,36667.08087395235,10.18530024276454,42.6870055479517
C4,4,36807.08087395235,10.22418913165343,42.44811665906281
C4,4,37068.6409496556,10.296844708237668,42.08089443684059
C4,4,37216.14942693879,10.337819285260775,41.88478332572947
C4,4,37419.395539107834,10.394276538641066,41.51756110350725
C4,4,37590.715092880004,10.441865303577778,41.23589443684058
C4,4,37600.715092880004,10.444643081355556,41.1931166590628
C4,4,37600.715092880004,10.444643081355556,41.1931166590628
C4,4,37730.715092880004,10.480754192466668,40.99700554795169
C4,4,37880.715092880004,10.522420859133334,40.71533888128502
C4,4,38020.715092880004,10.561309748022223,40.47644999239613
C4,4,38180.715092880004,10.605754192466668,40.15200554795169
C4,4,38350.715092880004,10.65297641468889,39.784783325729464
C4,4,38520.715092880004,10.700198636911113,39.41756110350724
C4,4,38670.715092880004,10.741865303577779,39.135894436840566
C4,4,38820.715092880004,10.783531970244445,38.8542277701739
C4,4,38832.01433146791,10.786670647629974,38.81144999239612
C4,4,38842.660941428774,10.78962803928577,38.9230157063307
C4,4,38852.660941428774,10.792405817063548,38.88023792855292
C4,4,38866.397657644804,10.796221571568001,39.02418483347303
C4,4,38996.397657644804,10.832332682679112,38.828073722361914
C4,4,39154.78919043607,10.876330330676687,38.54640705569525
C4,4,39314.228235268,10.92061895424111,38.30751816680636
C4,4,39324.228235268,10.923396732018888,38.26474038902858
C4,4,39382.95645383634,10.93971012606565,38.67997298492168
C4,4,39539.077075930174,10.98307696553616,38.441084096032796
C4,4,39669.077075930174,11.019188076647271,38.24497298492168
C4,4,39829.077075930174,11.063632521091716,37.920528540477235
C4,4,39839.077075930174,11.066410298869492,37.877750762699456
C4,4,39876.71775062983,11.07686604184162,38.44236088319433
C4,4,40046.71775062983,11.124088264063841,38.07513866097211
C4,4,40206.71775062983,11.168532708508287,37.75069421652766
C4,4,40346.71775062983,11.207421597397175,37.511805327638776
C4,4,40506.71775062983,11.25186604184162,37.18736088319433
C4,4,40676.71775062983,11.299088264063842,36.820138660972106
C4,4,40806.71775062983,11.335199375174954,36.62402754986099
C4,4,40816.71775062983,11.337977152952732,36.58124977208321
C4,4,40834.91885503577,11.343033015287714,36.83787714961269
C4,4,40844.91885503577,11.345810793065493,36.79509937183491
C4,4,40859.81027360101,11.349947298222503,36.99327293980978
C4,4,41068.54632656404,11.40792953515668,36.71160627314311
C4,4,41218.54632656404,11.449596201823345,36.42993960647644
C4,4,41228.54632656404,11.452373979601123,36.38716182869866
C4,4,41228.54632656404,11.452373979601123,36.38716182869866
C4,4,41378.54632656404,11.49404064626779,36.10549516203199
C4,4,41622.72906997946,11.561869186105406,35.78105071758755
C4,4,41796.309321658526,11.610085922682924,35.54216182869866
C4,4,42042.39227919208,11.678442299775577,35.49938405092088
C4,4,42043.95052041061,11.678875144558504,35.52135455054285
C4,4,42063.95052041061,11.684430700114058,35.478576772765074
C4,4,42063.95052041061,11.684430700114058,35.478576772765074
C4,4,42223.95052041061,11.728875144558502,35.15413232832063
C4,4,42385.597363735054,11.77377704548196,34.95802121720952
C4,4,42395.597363735054,11.776554823259737,34.915243439431734
C4,4,42400.351835957226,11.77787550998812,34.97851549910674
C4,4,42410.351835957226,11.780653287765896,34.935737721328955
C4,4,42470.351835957226,11.797319954432563,35.65047008751205
C4,4,42480.351835957226,11.800097732210341,35.60769230973427
C4,4,42538.43240477495,11.816231223548597,36.29956001607342
C4,4,42630.799223913746,11.841888673309374,36.25678223829564
C4,4,42644.79079761501,11.845775221559725,36.45405712812561
C4,4,42817.18407126023,11.89366224201673,36.17239046145894
C4,4,43078.02926013143,11.966119238925398,35.8479460170145
C4,4,43088.02926013143,11.968897016703174,35.80516823923672
C4,4,43097.223017271775,11.971450838131048,35.927517876218246
C4,4,43257.223017271775,12.015895282575492,35.6030734317738
C4,4,43477.3578285785,12.077043841271804,35.278628987329355
C4,4,43733.625874602105,12.148229409611696,34.91140676510713
C4,4,43752.49216444355,12.153470045678764,34.86862898732935
C4,4,43754.25074309971,12.153958539749919,34.89500766717166
C4,4,43764.25074309971,12.156736317527697,34.85222988939388
C4,4,43824.25074309971,12.173402984194363,35.698202875887134
C4,4,43834.25074309971,12.176180761972141,35.65542509810935
C4,4,43834.25074309971,12.176180761972141,35.65542509810935
C4,4,43844.25074309971,12.17895853974992,35.61264732033157
C4,4,43844.25074309971,12.17895853974992,35.61264732033157
C4,4,43984.25074309971,12.217847428638807,35.37375843144268
C4,4,44127.43049125714,12.25761958090476,35.134869542553794
C4,4,44206.37953464316,12.279549870734211,35.092091764776015
C4,4,44206.37953464316,12.279549870734211,35.092091764776015
C4,4,44385.072705827886,12.32918686272997,34.76764732033157
C4,4,44515.31894129512,12.365366372581978,34.571536209220454
C4,4,44525.31894129512,12.368144150359756,34.528758431442675
C4,4,44539.528182767994,12.372091161879998,34.717853652194144
C4,4,44669.528182767994,12.40820227299111,34.52174254108303
C4,4,44859.51919048334,12.46097755291204,34.28285365219414
C4,4,44897.59298032929,12.471553605647024,34.24007587441636
C4,4,44897.59298032929,12.471553605647024,34.24007587441636
C4,4,44917.59298032929,12.47710916120258,34.197298096638576
C4,4,44917.59298032929,12.47710916120258,34.197298096638576
C4,4,44927.59298032929,12.479886938980359,34.1545203188608
C4,4,44951.91686102879,12.486643572507997,34.409410009182345
C4,4,45091.91686102879,12.525532461396885,34.17052112029346
C4,4,45111.41449382841,12.53094847050789,34.12774334251568
C4,4,45112.79176642697,12.531331046229713,34.14865563193431
C4,4,45122.79176642697,12.534108824007491,34.10587785415653
C4,4,45167.29779130369,12.54647160869547,34.73339276718821
C4,4,45177.29779130369,12.549249386473246,34.69061498941042
C4,4,45177.29779130369,12.549249386473246,34.69061498941042
C4,4,45307.29779130369,12.585360497584357,34.49450387829931
C4,4,45482.732784498185,12.634092440138385,34.12728165607709
C4,4,45612.732784498185,12.670203551249497,33.93117054496597
C4,4,45782.732784498185,12.717425773471717,33.56394832274375
C4,4,45792.732784498185,12.720203551249496,33.52117054496597
C4,4,45797.49377795796,12.721526049432768,33.571060945415546
C4,4,45967.49377795796,12.76874827165499,33.20383872319332
C4,4,46097.49377795796,12.8048593827661,33.00772761208221
C4,4,46164.17463044841,12.823381841791225,32.96494983430443
C4,4,46224.17463044841,12.840048508457892,33.81092282079768
C4,4,46234.17463044841,12.84282628623567,33.7681450430199
C4,4,46234.17463044841,12.84282628623567,33.7681450430199
C4,4,46413.28146656284,12.892578185156344,33.486478376353226
C4,4,46487.47219159054,12.91318671988626,33.44370059857545
C4,4,46494.39695844296,12.915110266234155,33.54757210136173
C4,4,46694.95124518505,12.970819790329182,33.351460990250615
C4,4,46864.95124518505,13.018042012551403,32.98423876802839
C4,4,46874.95124518505,13.020819790329181,32.94146099025061
C4,4,46876.34918389947,13.02120810663874,32.96117129673672
C4,4,47016.34918389947,13.06009699552763,32.722282407847835
C4,4,47053.7456404036,13.070484900112112,32.679504630070056
C4,4,47053.7456404036,13.070484900112112,32.679504630070056
C4,4,47063.7456404036,13.073262677889888,32.63672685229228
C4,4,47073.30663623614,13.075918510065595,32.763963666517014
C4,4,47223.30663623614,13.117585176732263,32.48229699985035
C4,4,47244.48329285381,13.12346758134828,32.43951922207257
C4,4,47250.01273361357,13.12500353711488,32.51748184729211
C4,4,47260.01273361357,13.127781314892658,32.47470406951433
C4,4,47280.76507377436,13.133545853826211,32.75087421915286
C4,4,47290.76507377436,13.13632363160399,32.70809644137508
C4,4,47290.76507377436,13.13632363160399,32.70809644137508
C4,4,47430.76507377436,13.175212520492877,32.469207552486196
C4,4,47496.51126086788,13.193475350241078,32.42642977470842
C4,4,47496.51126086788,13.193475350241078,32.42642977470842
C4,4,47506.51126086788,13.196253128018856,32.38365199693064
C4,4,47511.75674477058,13.197710206880716,32.453458392889374
C4,4,47521.75674477058,13.200487984658494,32.410680615111595
C4,4,47522.05245124227,13.200570125345076,32.41461584843483
C4,4,47532.05245124227,13.203347903122854,32.37183807065704
C4,4,47549.62822731777,13.208230063143825,32.49610601718386
C4,4,47699.62822731777,13.249896729810493,32.214439350517196
C4,4,47839.62822731777,13.28878561869938,31.975550461628305
C4,4,47979.62822731777,13.32767450758827,31.736661572739415
C4,4,48026.51126086788,13.3406975724633,31.693883794961636
C4,4,48086.51126086788,13.357364239129968,32.53985678145489
C4,4,48096.51126086788,13.360142016907746,32.4970790036771
C4,4,48106.90592872225,13.363029424645068,32.64363914048315
C4,4,48141.5379889013,13.372649441361471,32.600861362705366
C4,4,48141.5379889013,13.372649441361471,32.600861362705366
C4,4,48151.5379889013,13.37542721913925,32.55808358492759
C4,4,48204.26487555498,13.39007357654305,33.30150894777604
C4,4,48364.26487555498,13.434518020987495,32.9770645033316
C4,4,48514.26487555498,13.476184687654161,32.69539783666493
C4,4,48684.26487555498,13.523406909876384,32.328175614442706
C4,4,48834.26487555498,13.56507357654305,32.04650894777604
C4,4,48994.26487555498,13.609518020987496,31.722064503331595
C4,4,49124.26487555498,13.645629132098605,31.52595339222048
C4,4,49134.26487555498,13.648406909876384,31.4831756144427
C4,4,49134.26487555498,13.648406909876384,31.4831756144427
C4,4,49144.26487555498,13.651184687654162,31.440397836664918
C4,4,49204.26487555498,13.667851354320828,32.286370823158165
C4,4,49214.26487555498,13.670629132098606,32.243593045380386
C4,4,49274.26487555498,13.687295798765273,33.08956603187364
C4,4,49284.26487555498,13.69007357654305,33.04678825409585
C4,4,49284.26487555498,13.69007357654305,33.04678825409585
C4,4,49294.26487555498,13.692851354320828,33.00401047631807
C4,4,49294.26487555498,13.692851354320828,33.00401047631807
C4,4,49304.26487555498,13.695629132098606,32.96123269854029
C4,4,49364.26487555498,13.712295798765272,33.807205685033544
C4,4,49374.26487555498,13.71507357654305,33.764427907255765
C4,4,49403.40385263167,13.72316773684213,34.17527436493787
C4,4,49594.95700819518,13.776376946720884,33.850829920493425
C4,4,49731.46463311056,13.8142957314196,33.65471880938231
C4,4,49901.13031796915,13.861425088324765,33.37305214271564
C4,4,50031.13031796915,13.897536199435876,33.17694103160453
C4,4,50041.13031796915,13.900313977213653,33.13416325382675
C4,4,50080.073515724944,13.911131532145818,33.542248614001544
C4,4,50250.073515724944,13.95835375436804,33.17502639177932
C4,4,50272.57038900616,13.964602885835045,33.13224861400154
C4,4,50272.57038900616,13.964602885835045,33.13224861400154
C4,4,50423.9626886425,14.006656302400696,32.850581947334874
C4,4,50433.9626886425,14.009434080178472,32.807804169557095
C4,4,50464.528277392084,14.017924521497802,33.238765209530555
C4,4,50474.528277392084,14.020702299275579,33.19598743175277
C4,4,50483.14988638874,14.023097190663538,33.317548236940716
C4,4,50613.14988638874,14.05920830177465,33.12143712582961
C4,4,50787.066367085004,14.10751843530139,32.92532601471849
C4,4,50951.1621642122,14.153100601170054,32.60088157027405
C4,4,51019.34657584428,14.172040715512301,32.55810379249627
C4,4,51079.34657584428,14.188707382178968,33.40407677898952
C4,4,51089.34657584428,14.191485159956745,33.361299001211734
C4,4,51111.911241760696,14.197753122711305,33.679450631453896
C4,4,51134.68111816971,14.204078088380475,33.63667285367612
C4,4,51194.68111816971,14.220744755047143,34.3514052198592
C4,4,51204.68111816971,14.22352253282492,34.30862744208142
C4,4,51216.16762748275,14.226713229856319,34.44545710842293
C4,4,51226.16762748275,14.229491007634097,34.40267933064515
C4,4,51248.23866767739,14.235621852132608,34.71387106045304
C4,4,51258.23866767739,14.238399629910386,34.67109328267526
C4,4,51258.23866767739,14.238399629910386,34.67109328267526
C4,4,51268.23866767739,14.241177407688165,34.62831550489748
C4,4,51280.880634762,14.244689065211666,34.717699397985065
C4,4,51290.880634762,14.247466842989443,34.674921620207286
C4,4,51299.68398342774,14.249912217618817,34.79904487290563
C4,4,51459.68398342774,14.294356662063262,34.47460042846119
C4,4,51599.68398342774,14.333245550952151,34.2357115395723
C4,4,51759.68398342774,14.377689995396596,33.911267095127855
C4,4,51899.68398342774,14.416578884285483,33.67237820623897
C4,4,52029.68398342774,14.452689995396595,33.47626709512785
C4,4,52189.68398342774,14.497134439841039,33.15182265068341
C4,4,52380.35996397098,14.550099989991939,32.78460042846119
C4,4,52779.15313588522,14.660875871079229,32.417378206238965
C4,4,52955.8514563748,14.70995873788189,32.09293376179452
C4,4,53253.29410051976,14.792581694588822,31.81126709512785
C4,4,53263.29410051976,14.795359472366599,31.768489317350067
C4,4,53265.804349949416,14.796056763874837,31.803882704130928
C4,4,53435.804349949416,14.84327898609706,31.436660481908703
C4,4,53445.804349949416,14.846056763874838,31.39388270413092
C4,4,53492.70954224524,14.85908598395701,32.05522479760656
C4,4,53502.70954224524,14.861863761734789,32.012447019828784
C4,4,53539.45903218458,14.872071953384607,32.39754453884047
C4,4,53715.028703882024,14.920841306633896,32.030322316618246
C4,4,53885.028703882024,14.968063528856117,31.663100094396025
C4,4,54045.028703882024,15.012507973300563,31.33865564995158
C4,4,54205.028703882024,15.056952417745007,31.014211205507138
C4,4,54365.028703882024,15.101396862189452,30.689766761062693
C4,4,54535.028703882024,15.148619084411674,30.322544538840468
C4,4,54665.028703882024,15.184730195522784,30.126433427729353
C4,4,54825.028703882024,15.229174639967228,29.80198898328491
C4,4,54995.028703882024,15.27639686218945,29.434766761062686
C4,4,55135.028703882024,15.31528575107834,29.1958778721738
C4,4,55275.028703882024,15.354174639967228,28.95698898328491
C4,4,55415.028703882024,15.393063528856118,28.71810009439602
C4,4,55585.028703882024,15.44028575107834,28.350877872173797
C4,4,55755.028703882024,15.487507973300563,27.983655649951572
C4,4,55925.028703882024,15.534730195522785,27.616433427729348
C4,4,56329.24382722072,15.647012174227978,27.37754453884046
C4,4,56637.642902436106,15.73267858401003,27.010322316618236
C4,4,56950.4135349192,15.819559315255333,26.728655649951566
C4,4,56960.4135349192,15.822337093033111,26.685877872173787
C4,4,56986.42819482183,15.829563387450508,27.052672864347638
C4,4,56996.42819482183,15.832341165228286,27.009895086569855
C4,4,57006.09328333784,15.835025912038288,27.138517156228296
C4,4,57016.09328333784,15.837803689816067,27.095739378450517
C4,4,57072.95357287173,15.853598214686592,27.852430650249094
C4,4,57082.95357287173,15.85637599246437,27.809652872471315
C4,4,57142.95357287173,15.873042659131036,28.655625858964562
C4,4,57152.95357287173,15.875820436908814,28.612848081186783
C4,4,57161.19184862303,15.87810884683973,28.72900406020144
C4,4,57364.37696752242,15.934549157645115,28.53289294909033
C4,4,57514.37696752242,15.976215824311783,28.25122628242366
C4,4,57589.510789928354,15.997086330535653,28.20844850464588
C4,4,57649.510789928354,16.01375299720232,29.108448504645878
C4,4,57659.510789928354,16.016530774980097,29.0656707268681
C4,4,57659.510789928354,16.016530774980097,29.0656707268681
C4,4,57692.96322990103,16.025823119416955,29.022892949090316
C4,4,57692.96322990103,16.025823119416955,29.022892949090316
C4,4,57702.96322990103,16.028600897194732,28.980115171312537
C4,4,57702.96322990103,16.028600897194732,28.980115171312537
C4,4,57712.96322990103,16.03137867497251,28.937337393534758
C4,4,57772.96322990103,16.048045341639178,29.36156200584091
C4,4,57782.96322990103,16.050823119416954,29.318784228063127
C4,4,57798.77560167649,16.055215444910136,29.430584182831193
C4,4,57968.77560167649,16.10243766713236,29.06336196060897
C4,4,58003.39232116666,16.112053422546296,29.02058418283119
C4,4,58027.83962540734,16.118844340390925,29.38729374644132
C4,4,58264.157087191685,16.184488079775466,29.062849301996874
C4,4,58274.157087191685,16.187265857553246,29.020071524219095
C4,4,58274.157087191685,16.187265857553246,29.020071524219095
C4,4,58414.157087191685,16.226154746442134,28.781182635330204
C4,4,58427.616598592394,16.229893499609,28.738404857552425
C4,4,58427.616598592394,16.229893499609,28.738404857552425
C4,4,58437.616598592394,16.232671277386775,28.695627079774646
C4,4,58439.22626551296,16.233118407086934,28.71480176388968
C4,4,58579.22626551296,16.272007295975822,28.47591287500079
C4,4,58709.22626551296,16.308118407086933,28.27980176388968
C4,4,58839.22626551296,16.344229518198045,28.083690652778564
C4,4,59009.22626551296,16.391451740420266,27.71646843055634
C4,4,59032.74785635354,16.39798551565376,27.67369065277856
C4,4,59043.50883562798,16.40097467656333,27.8370836609964
C4,4,59217.95944733314,16.44943317981476,27.55541699432973
C4,4,59227.95944733314,16.452210957592538,27.51263921655195
C4,4,59228.32007599888,16.45231113222191,27.51693509954497
C4,4,59238.32007599888,16.455088909999688,27.47415732176719
C4,4,59267.67440297996,16.463242889716657,27.888040116145195
C4,4,59277.67440297996,16.466020667494433,27.845262338367416
C4,4,59296.91066131769,16.471364072588248,28.11648492028287
C4,4,59306.91066131769,16.474141850366024,28.07370714250509
C4,4,59308.38696461836,16.474551934616212,28.096123098449816
C4,4,59458.38696461836,16.516218601282876,27.814456431783146
C4,4,59608.38696461836,16.557885267949544,27.532789765116476
C4,4,59618.38696461836,16.56066304572732,27.490011987338697
C4,4,59645.31193370109,16.568142203805856,27.89388652357961
C4,4,59655.31193370109,16.570919981583636,27.851108745801827
C4,4,59675.33946242664,16.576483184007397,27.99271158928594
C4,4,59817.547156142486,16.615985321150692,27.796600478174827
C4,4,59827.547156142486,16.61876309892847,27.753822700397045
C4,4,59887.547156142486,16.635429765595134,28.653822700397047
C4,4,59897.547156142486,16.638207543372914,28.611044922619268
C4,4,59897.701485420555,16.63825041261682,28.61335986179031
C4,4,60154.988073109955,16.70971890919721,28.246137639568087
C4,4,60304.988073109955,16.751385575863875,27.964470972901417
C4,4,60464.988073109955,16.79583002030832,27.640026528456975
C4,4,60805.690932941,16.89046970359472,27.401137639568084
C4,4,61050.0287398304,16.958341316619556,27.076693195123642
C4,4,61060.0287398304,16.961119094397333,27.03391541734586
C4,4,61066.444855093505,16.962901348637086,27.12437975385944
C4,4,61226.444855093505,17.00734579308153,26.799935309414995
C4,4,61396.444855093505,17.05456801530375,26.432713087192774
C4,4,61406.444855093505,17.05734579308153,26.38993530941499
C4,4,61466.444855093505,17.074012459748197,27.018674679099835
C4,4,61674.62067663521,17.131839076843114,26.65145245687761
C4,4,61850.414456208164,17.180670682280045,26.412563567988723
C4,4,61894.539313065296,17.192927586962583,26.36978579021094
C4,4,61894.539313065296,17.192927586962583,26.36978579021094
C4,4,62004.338722736604,17.22342742298239,26.32700801243316
C4,4,62036.55908684481,17.23237752412356,26.7557935232829
C4,4,62056.55908684481,17.237933079679113,26.71301574550512
C4,4,62062.08180228268,17.239467167300745,26.790883546713857
C4,4,62072.08180228268,17.24224494507852,26.748105768936075
C4,4,62111.97810733817,17.25332725203838,27.166178730491776
C4,4,62281.97810733817,17.300549474260603,26.79895650826955
C4,4,62411.97810733817,17.336660585371714,26.602845397158436
C4,4,62581.97810733817,17.383882807593935,26.23562317493621
C4,4,62711.97810733817,17.419993918705046,26.0395120638251
C4,4,62871.97810733817,17.46443836314949,25.715067619380655
C4,4,63050.02049488015,17.513894581911153,25.34784539715843
C4,4,63060.02049488015,17.51667235968893,25.30506761938065
C4,4,63074.05709367597,17.52057141490999,25.51561660131797
C4,4,63234.05709367597,17.565015859354435,25.191172156873527
C4,4,63443.77824294013,17.623271734150034,24.90950549020686
C4,4,63463.207341125664,17.62866870586824,24.866727712429082
C4,4,63465.16689572793,17.629213026591092,24.89280527686472
C4,4,63475.16689572793,17.63199080436887,24.850027499086945
C4,4,63481.43322144777,17.63373145040216,24.924673262570487
C4,4,63491.43322144777,17.636509228179936,24.88189548479271
C4,4,63551.43322144777,17.6531758948466,25.72786847128596
C4,4,63561.43322144777,17.65595367262438,25.68509069350818
C4,4,63621.43322144777,17.672620339291047,26.531063680001427
C4,4,63701.43322144777,17.69484256151327,26.488285902223645
C4,4,63761.43322144777,17.711509228179935,27.334258888716896
C4,4,63882.8625998993,17.74523961108314,27.291481110939113
C4,4,63942.8625998993,17.761906277749805,28.137454097432364
C4,4,64206.25596376933,17.835071101047035,27.77023187521014
C4,4,64538.475020379854,17.92735417232774,27.574120764099025
C4,4,64548.475020379854,17.930131950105515,27.531342986321246
C4,4,64597.543049102416,17.943761958084004,27.878274077345516
C4,4,64607.543049102416,17.946539735861784,27.835496299567737
C4,4,64667.543049102416,17.96320640252845,28.681469286060985
C4,4,64677.543049102416,17.965984180306226,28.638691508283205
C4,4,64701.99660630985,17.97277683508607,28.98347565530244
C4,4,64711.99660630985,17.975554612863846,28.940697877524656
C4,4,64711.99660630985,17.975554612863846,28.940697877524656
C4,4,64721.99660630985,17.978332390641626,28.897920099746877
C4,4,64735.338431635086,17.98203845323197,29.086033830007928
C4,4,64745.338431635086,17.984816231009745,29.04325605223015
C4,4,64781.13800160578,17.994760556001605,29.418399369869537
C4,4,64791.13800160578,17.997538333779385,29.375621592091754
C4,4,64821.180266798736,18.00588340744409,29.79920400553019
C4,4,64981.180266798736,18.05032785188854,29.474759561085744
C4,4,65179.79697608701,18.10549916002417,29.150315116641302
C4,4,65339.79697608701,18.149943604468614,28.825870672196857
C4,4,65479.79697608701,18.188832493357502,28.58698178330797
C4,4,65639.796976087,18.233276937801946,28.262537338863524
C4,4,65799.796976087,18.27772138224639,27.938092894419082
C4,4,65969.796976087,18.32494360446861,27.570870672196857
C4,4,66109.796976087,18.363832493357503,27.331981783307967
C4,4,66169.75185652112,18.38048662681142,27.289204005530188
C4,4,66217.7162822107,18.393810078391862,27.860566129959018
C4,4,66494.05530488766,18.47057091802435,27.62167724107013
C4,4,66657.57018444796,18.51599171790221,27.34001057440346
C4,4,66667.57018444796,18.51876949567999,27.297232796625682
C4,4,66727.57018444796,18.535436162346656,28.14320578311893
C4,4,67043.50152764456,18.623194868790158,27.86153911645226
C4,4,67053.50152764456,18.625972646567934,27.81876133867448
C4,4,67073.5053178622,18.631529254961723,28.057050610589222
C4,4,67083.5053178622,18.6343070327395,28.014272832811443
C4,4,67113.08473810866,18.642523538363516,28.431329340888723
C4,4,67283.08473810866,18.68974576058574,28.0641071186665
C4,4,67293.08473810866,18.692523538363517,28.021329340888716
C4,4,67321.9847637779,18.70055132327164,28.36559240304416
C4,4,67331.9847637779,18.703329101049416,28.32281462526638
C4,4,67391.9847637779,18.719995767716085,29.168787611759626
C4,4,67401.9847637779,18.72277354549386,29.126009833981847
C4,4,67401.9847637779,18.72277354549386,29.126009833981847
C4,4,67411.9847637779,18.725551323271638,29.083232056204068
C4,4,67418.99907226788,18.727499742296633,29.16678794460704
C4,4,67428.99907226788,18.73027752007441,29.12401016682926
C4,4,67428.99907226788,18.73027752007441,29.12401016682926
C4,4,67558.99907226788,18.76638863118552,28.927899055718147
C4,4,67718.99907226788,18.810833075629965,28.603454611273705
C4,4,67888.99907226788,18.85805529785219,28.23623238905148
C4,4,67898.99907226788,18.860833075629966,28.1934546112737
C4,4,67898.99907226788,18.860833075629966,28.1934546112737
C4,4,68058.99907226788,18.90527752007441,27.869010166829256
C4,4,68322.8938097047,18.978581613806863,27.587343500162586
C4,4,68332.8938097047,18.98135939158464,27.544565722384807
C4,4,68390.54246493762,18.99737290692712,28.35738580629662
C4,4,68400.54246493762,19.000150684704895,28.31460802851884
C4,4,68421.34168705679,19.005928246404665,28.591402078756527
C4,4,68431.34168705679,19.00870602418244,28.548624300978748
C4,4,68439.72673575538,19.011035204376494,28.66684971246938
C4,4,68599.72673575538,19.05547964882094,28.342405268024933
C4,4,68759.72673575538,19.099924093265383,28.01796082358049
C4,4,68769.72673575538,19.102701871043163,27.97518304580271
C4,4,68769.72673575538,19.102701871043163,27.97518304580271
C4,4,68899.72673575538,19.13881298215427,27.779071934691597
C4,4,69074.84006376196,19.18745557326721,27.497405268024927
C4,4,69396.821462867,19.27689485079639,27.215738601358257
C4,4,69556.821462867,19.321339295240833,26.891294156913816
C4,4,69770.07442655097,19.38057622959749,26.609627490247146
C4,4,69942.64088162356,19.428511356006545,26.327960823580476
C4,4,70098.66891862031,19.47185247739453,26.08907193469159
C4,4,70377.66399942122,19.549351110950337,25.892960823580474
C4,4,70537.66399942122,19.59379555539478,25.56851637913603
C4,4,70687.66399942122,19.63546222206145,25.286849712469362
C4,4,70697.66399942122,19.638239999839225,25.244071934691583
C4,4,70757.66399942122,19.654906666505894,25.66829654699773
C4,4,70919.91294091791,19.699975816921643,25.386629880331064
C4,4,71212.4852421927,19.781245900609086,25.104963213664394
C4,4,71222.4852421927,19.784023678386863,25.062185435886615
C4,4,71261.95341302457,19.794987059173494,25.654207998364626
C4,4,71395.4355596811,19.832065433244747,25.45809688725351
C4,4,71405.4355596811,19.834843211022527,25.415319109475732
C4,4,71405.4355596811,19.834843211022527,25.415319109475732
C4,4,71415.4355596811,19.837620988800303,25.372541331697953
C4,4,71470.34697063004,19.852874158508342,26.02665737633115
C4,4,71480.34697063004,19.855651936286122,25.983879598553372
C4,4,71480.34697063004,19.855651936286122,25.983879598553372
C4,4,71650.34697063004,19.902874158508343,25.616657376331148
C4,4,71827.21155725027,19.952003210347296,25.292212931886702
C4,4,71987.21155725027,19.99644765479174,24.96776848744226
C4,4,72137.21155725027,20.03811432145841,24.686101820775594
C4,4,72287.21155725027,20.079780988125073,24.404435154108928
C4,4,72467.94763303072,20.129985453619646,24.12276848744226
C4,4,72607.94763303072,20.168874342508534,23.883879598553374
C4,4,72760.95529478195,20.211376470772763,23.644990709664484
C4,4,72770.95529478195,20.21415424855054,23.602212931886708
C4,4,72770.95529478195,20.21415424855054,23.602212931886708
C4,4,72900.95529478195,20.25026535966165,23.406101820775596
C4,4,73085.47427423208,20.301520631731133,23.08165737633115
C4,4,73107.82307858752,20.30772863294098,23.038879598553375
C4,4,73159.52364584258,20.322089901622938,23.767834319955988
C4,4,73169.52364584258,20.324867679400715,23.725056542178212
C4,4,73209.34190290076,20.335928306361325,24.28647603951935
C4,4,73219.34190290076,20.3387060841391,24.24369826174157
C4,4,73219.34190290076,20.3387060841391,24.24369826174157
C4,4,73369.34190290076,20.38037275080577,23.962031595074905
C4,4,73509.34190290076,20.419261639694657,23.723142706186017
C4,4,73519.34190290076,20.422039417472433,23.680364928408242
C4,4,73537.98196763782,20.42721721323273,23.902409221330334
C4,4,73677.98196763782,20.466106102121618,23.663520332441447
C4,4,73817.98196763782,20.504994991010506,23.424631443552556
C4,4,73967.98196763782,20.546661657677173,23.14296477688589
C4,4,74117.98196763782,20.58832832434384,22.861298110219224
C4,4,74127.98196763782,20.591106102121618,22.818520332441448
C4,4,74127.98196763782,20.591106102121618,22.818520332441448
C4,4,74277.98196763782,20.632772768788286,22.53685366577478
C4,4,74486.09887928149,20.690583022022636,22.29796477688589
C4,4,74503.623912761,20.695451086878055,22.255186999108115
C4,4,74506.6431377105,20.69628976047514,22.300475373350633
C4,4,74664.45419457373,20.74012616515937,22.104364262239525
C4,4,74674.45419457373,20.742903942937147,22.061586484461746
C4,4,74686.29604765822,20.74619334657173,22.202649079046292
C4,4,74856.29604765822,20.79341556879395,21.83542685682407
C4,4,75026.29604765822,20.840637791016174,21.468204634601847
C4,4,75100.6953600802,20.861304266688943,21.42542685682407
C4,4,75119.03731664165,20.86639925462268,21.684040186331206
C4,4,75129.03731664165,20.869177032400458,21.641262408553427
C4,4,75129.03731664165,20.869177032400458,21.641262408553427
C4,4,75139.03731664165,20.871954810178238,21.59848463077565
C4,4,75199.03731664165,20.888621476844904,22.444457617268895
C4,4,75209.03731664165,20.89139925462268,22.401679839491116
C4,4,75254.09954880251,20.90391654133403,23.037037024810605
C4,4,75264.09954880251,20.906694319111807,22.99425924703283
C4,4,75314.04533569404,20.920568148803902,23.698472355355936
C4,4,75324.04533569404,20.92334592658168,23.655694577578156
C4,4,75324.30038451352,20.923416773475978,23.659290651103483
C4,4,75498.87844403139,20.971910678897608,23.29206842888126
C4,4,75508.87844403139,20.974688456675388,23.249290651103482
C4,4,75547.23711597401,20.985343643326114,23.790130655457087
C4,4,75557.23711597401,20.988121421103894,23.747352877679308
C4,4,75580.16352364824,20.994489867680066,24.070604903841414
C4,4,75590.16352364824,20.997267645457843,24.027827126063634
C4,4,75643.7835269718,21.012162090825502,24.783845031853875
C4,4,75818.08204651119,21.06057834625311,24.54495614296499
C4,4,75828.08204651119,21.063356124030886,24.50217836518721
C4,4,75828.08204651119,21.063356124030886,24.50217836518721
C4,4,75958.08204651119,21.099467235141997,24.3060672540761
C4,4,76098.08204651119,21.138356124030885,24.06717836518721
C4,4,76401.29130085846,21.222580916905127,23.69995614296499
C4,4,76541.29130085846,21.261469805794015,23.461067254076102
C4,4,76691.29130085846,21.303136472460682,23.179400587409436
C4,4,76821.29130085846,21.339247583571794,22.983289476298324
C4,4,76961.29130085846,21.37813647246068,22.744400587409437
C4,4,77091.29130085846,21.414247583571793,22.548289476298326
C4,4,77261.29130085846,21.461469805794017,22.181067254076105
C4,4,77421.29130085846,21.50591425023846,21.85662280963166
C4,4,77554.43666919097,21.542899074775267,21.660511698520548
C4,4,77684.43666919097,21.57901018588638,21.464400587409436
C4,4,77814.43666919097,21.61512129699749,21.268289476298328
C4,4,78059.30337673666,21.683139826871294,20.943845031853883
C4,4,78229.30337673666,21.730362049093515,20.57662280963166
C4,4,78399.30337673666,21.77758427131574,20.20940058740944
C4,4,78583.13582310881,21.828648839752447,20.01328947629833
C4,4,78743.13582310881,21.87309328419689,19.688845031853887
C4,4,82146.7194848903,22.818533190247305,19.646067254076108
C4,4,87433.3471160942,24.287040865581723,90.0
C4,4,87573.3471160942,24.32592975447061,89.76111111111112
C4,4,87743.3471160942,24.37315197669283,89.3938888888889
C4,4,87903.3471160942,24.417596421137276,89.06944444444444
C4,4,88053.3471160942,24.459263087803944,88.78777777777778
C4,4,88193.3471160942,24.49815197669283,88.54888888888888
C4,4,88353.3471160942,24.542596421137276,88.22444444444444
C4,4,88513.3471160942,24.587040865581724,87.89999999999999
C4,4,88663.3471160942,24.628707532248388,87.61833333333333
C4,4,88833.3471160942,24.675929754470612,87.2511111111111
C4,4,88983.3471160942,24.717596421137277,86.96944444444443
C4,4,89133.3471160942,24.759263087803944,86.68777777777777
C4,4,89273.3471160942,24.798151976692832,86.44888888888887
C4,4,89413.3471160942,24.837040865581724,86.20999999999998
C4,4,89573.3471160942,24.881485310026168,85.88555555555554
C4,4,89713.3471160942,24.920374198915056,85.64666666666665
C4,4,89883.3471160942,24.967596421137277,85.27944444444444
C4,4,90033.3471160942,25.009263087803944,84.99777777777776
C4,4,90183.3471160942,25.050929754470612,84.71611111111109
C4,4,90313.3471160942,25.087040865581724,84.51999999999998
C4,4,90443.3471160942,25.12315197669283,84.32388888888887
C4,4,90573.3471160942,25.159263087803943,84.12777777777777
C4,4,90743.3471160942,25.206485310026167,83.76055555555556
C4,4,90893.3471160942,25.24815197669283,83.47888888888887
C4,4,91023.3471160942,25.284263087803943,83.28277777777777
C4,4,91173.3471160942,25.32592975447061,83.0011111111111
C4,4,91333.3471160942,25.370374198915055,82.67666666666665
C4,4,91493.3471160942,25.4148186433595,82.35222222222221
C4,4,91633.3471160942,25.453707532248387,82.11333333333332
C4,4,91803.3471160942,25.50092975447061,81.74611111111109
C4,4,91943.3471160942,25.5398186433595,81.50722222222221
C4,4,92083.3471160942,25.578707532248387,81.26833333333332
C4,4,92233.3471160942,25.620374198915055,80.98666666666665
C4,4,92383.3471160942,25.662040865581723,80.70499999999998
C4,4,92533.3471160942,25.703707532248387,80.42333333333332
C4,4,92703.3471160942,25.75092975447061,80.0561111111111
C4,4,92843.3471160942,25.7898186433595,79.8172222222222
C4,4,93003.3471160942,25.834263087803944,79.49277777777776
C4,4,93143.3471160942,25.87315197669283,79.25388888888887
C4,4,93283.3471160942,25.912040865581723,79.01499999999999
C4,4,93443.3471160942,25.956485310026167,78.69055555555553
C4,4,93573.3471160942,25.99259642113728,78.49444444444443
C4,4,93743.3471160942,26.0398186433595,78.1272222222222
C4,4,93873.3471160942,26.07592975447061,77.9311111111111
C4,5,0.0,0.0,67.6645638055001
C4,5,367.4477623018463,0.10206882286162397,67.29734158327788
C4,5,377.4477623018463,0.10484660063940175,67.2545638055001
C4,5,396.1698607236018,0.11004718353433383,67.50371569307626
C4,5,406.1698607236018,0.11282496131211162,67.46093791529847
C4,5,406.1698607236018,0.11282496131211162,67.46093791529847
C4,5,566.1698607236018,0.15726940575655607,67.13649347085403
C4,5,576.1698607236018,0.16004718353433384,67.09371569307625
C4,5,636.1698607236018,0.1767138502010005,68.00474620833387
C4,5,646.1698607236018,0.17949162797877827,67.9619684305561
C4,5,646.1698607236018,0.17949162797877827,67.9619684305561
C4,5,888.884136662513,0.2469122601840314,67.68030176388943
C4,5,1084.3577928738391,0.30121049802051086,67.31307954166721
C4,5,1262.3169203632067,0.35064358898977965,67.03141287500054
C4,5,1589.8542325871372,0.4416261757186492,66.83530176388943
C4,5,1720.3161711921293,0.47786560310892484,66.63919065277832
C4,5,1870.3161711921293,0.5195322697755915,66.35752398611166
C4,5,2030.3161711921293,0.5639767142200359,66.0330795416672
C4,5,2040.3161711921293,0.5667544919978137,65.99030176388942
C4,5,2100.3161711921293,0.5834211586644804,66.70503413007252
C4,5,2356.671760482338,0.6546310445784272,66.42336746340585
C4,5,2583.425989683081,0.7176183304675224,66.22725635229475
C4,5,2733.076482192107,0.7591879117200298,65.98836746340585
C4,5,2743.076482192107,0.7619656894978075,65.94558968562806
C4,5,2803.076482192107,0.7786323561644741,66.66032205181116
C4,5,3131.8662504862555,0.8699628473572932,66.42143316292227
C4,5,3141.8662504862555,0.872740625135071,66.3786553851445
C4,5,3176.5798088501883,0.8823832802361634,66.62409448245626
C4,5,3186.5798088501883,0.8851610580139412,66.58131670467849
C4,5,3236.9004972142952,0.8991390270039709,67.25097959222533
C4,5,3442.5756880252457,0.9562710244514572,66.88375737000311
C4,5,3625.279326897057,1.0070220352491825,66.60209070333644
C4,5,3888.9273267105414,1.0802575907529282,66.23486848111423
C4,5,4038.9273267105414,1.121924257419595,65.95320181444755
C4,5,4168.927326710542,1.158035368530706,65.75709070333644
C4,5,4318.927326710542,1.1997020351973726,65.47542403666978
C4,5,4488.927326710542,1.246924257419595,65.10820181444757
C4,5,4618.927326710542,1.283035368530706,64.91209070333646
C4,5,4761.299558393934,1.3225832106649815,64.71597959222535
C4,5,4771.299558393934,1.3253609884427593,64.67320181444757
C4,5,4801.022674608234,1.3336174096133984,65.0687541901809
C4,5,4811.022674608234,1.3363951873911761,65.02597641240312
C4,5,4848.154963651713,1.3467097121254759,65.28851692779494
C4,5,4858.154963651713,1.3494874899032536,65.24573915001717
C4,5,4862.9090982402995,1.3508080828445277,65.31792517808124
C4,5,4872.9090982402995,1.3535858606223055,65.27514740030345
C4,5,4873.291795847188,1.3536921655131078,65.27970617307186
C4,5,5003.291795847188,1.389803276624219,65.08359506196075
C4,5,5133.291795847188,1.42591438773533,64.88748395084964
C4,5,5342.579823220957,1.4840499508947103,64.56303950640519
C4,5,5492.0025917633775,1.525556275489827,64.36692839529408
C4,5,5729.9784973241585,1.591660693701155,64.04248395084964
C4,5,5889.9784973241585,1.6361051381455995,63.71803950640519
C4,5,6059.9784973241585,1.6833273603678218,63.350817284182966
C4,5,6069.9784973241585,1.6861051381455996,63.30803950640519
C4,5,6078.319238713196,1.6884220107536656,63.407396136883655
C4,5,6088.319238713196,1.6911997885314434,63.364618359105876
C4,5,6119.511017761361,1.699864171600378,63.691476684074075
C4,5,6289.511017761361,1.7470863938226002,63.32425446185186
C4,5,6419.511017761361,1.7831975049337112,63.12814335074075
C4,5,6637.465844880173,1.8437405124667148,62.803698906296304
C4,5,6828.552762110005,1.8968202116972235,62.43647668407408
C4,5,7003.815106972758,1.9455041963813218,62.06925446185186
C4,5,7223.652748097092,2.0065702078047476,61.830365572962975
C4,5,7373.652748097092,2.0482368744714146,61.54869890629631
C4,5,7533.652748097092,2.092681318915859,61.22425446185186
C4,5,7663.652748097092,2.12879243002697,61.02814335074075
C4,5,7846.918016217283,2.179699448949245,60.78925446185186
C4,5,8075.739064952666,2.2432608513757404,60.422032239629644
C4,5,8205.739064952666,2.279371962486852,60.225921128518536
C4,5,8379.457623993356,2.3276271177759322,59.90147668407408
C4,5,8529.457623993356,2.3692937844425987,59.61981001740742
C4,5,8769.190203870532,2.4358861677418147,59.42369890629631
C4,5,8944.998167357811,2.4847217131549475,59.142032239629636
C4,5,9114.998167357811,2.53194393537717,58.77481001740742
C4,5,9274.998167357811,2.5763883798216143,58.45036557296297
C4,5,9424.998167357811,2.618055046488281,58.1686989062963
C4,5,9594.998167357811,2.6652772687105033,57.80147668407408
C4,5,9734.998167357811,2.704166157599392,57.562587795185195
C4,5,9758.016306943295,2.7105600852620264,57.519810017407416
C4,5,9818.016306943295,2.727226751928693,58.14854938709225
C4,5,9828.016306943295,2.730004529706471,58.10577160931447
C4,5,9828.016306943295,2.730004529706471,58.10577160931447
C4,5,9838.016306943295,2.7327823074842486,58.062993831536694
C4,5,9898.016306943295,2.749448974150915,58.77772619771978
C4,5,9946.525058162613,2.7629236272673925,58.734948419942
C4,5,10006.525058162613,2.779590293934059,59.684948419941996
C4,5,10016.525058162613,2.782368071711837,59.64217064216422
C4,5,10016.525058162613,2.782368071711837,59.64217064216422
C4,5,10252.423328890221,2.8478953691361726,59.59939286438644
C4,5,10276.774056765758,2.8546594602127104,59.923450012114785
C4,5,10340.847636317134,2.8724576767547596,59.880672234337005
C4,5,10400.847636317134,2.889124343421426,60.67914647145557
C4,5,10410.847636317134,2.891902121199204,60.63636869367779
C4,5,10414.527085604712,2.892924190445753,60.68533445139305
C4,5,10450.784605128902,2.9029957236469173,60.64255667361527
C4,5,10450.830502124216,2.903008472812282,60.643167466420586
C4,5,10460.830502124216,2.90578625059006,60.60038968864281
C4,5,10464.558789152652,2.9068218858757366,60.644801812136876
C4,5,10634.558789152652,2.9540441080979587,60.27757958991465
C4,5,10764.558789152652,2.99015521920907,60.081468478803544
C4,5,10963.16583601183,3.04532384333662,59.7570240343591
C4,5,11113.16583601183,3.0869905100032864,59.475357367692425
C4,5,11253.16583601183,3.125879398892175,59.23646847880354
C4,5,11263.16583601183,3.128657176669953,59.19369070102576
C4,5,11323.16583601183,3.1453238433366195,59.99216493814432
C4,5,11492.124226074924,3.1922567294652566,59.79605382703321
C4,5,11700.566036859458,3.2501572324609604,59.428831604810995
C4,5,12010.409339821015,3.336224816616949,59.10438716036654
C4,5,12148.177189367834,3.374493663713287,58.908276049255434
C4,5,12308.177189367834,3.418938108157732,58.58383160481099
C4,5,12448.177189367834,3.4578269970466207,58.3449427159221
C4,5,12588.177189367834,3.4967158859355094,58.10605382703321
C4,5,12598.177189367834,3.499493663713287,58.06327604925543
C4,5,12658.177189367834,3.516160330379954,58.69201541894027
C4,5,12866.379564545194,3.573994323484776,58.495904307829164
C4,5,13041.101858444108,3.6225282940122523,58.25701541894027
C4,5,13191.101858444108,3.664194960678919,57.975348752273604
C4,5,13321.101858444108,3.7003060717900302,57.779237641162496
C4,5,13451.101858444108,3.736417182901141,57.58312653005139
C4,5,13611.101858444108,3.7808616273455855,57.258682085606935
C4,5,13761.101858444108,3.822528294012252,56.97701541894027
C4,5,13991.151352944014,3.8864309313733374,56.6953487522736
C4,5,14024.617830454596,3.8957271751262765,56.652570974495816
C4,5,14027.270491713725,3.896464025476035,56.69236089338276
C4,5,14037.270491713725,3.8992418032538128,56.64958311560498
C4,5,14082.984381176584,3.9119401058823846,57.33529145754787
C4,5,14267.55181274243,3.963208836872897,57.010847013103415
C4,5,14407.55181274243,4.002097725761786,56.77195812421453
C4,5,14567.55181274243,4.04654217020623,56.447513679770076
C4,5,14717.55181274243,4.088208836872897,56.16584701310341
C4,5,14727.55181274243,4.090986614650674,56.12306923532563
C4,5,14774.520793223686,4.104033553673246,56.45515919424358
C4,5,14784.520793223686,4.106811331451024,56.4123814164658
C4,5,14844.520793223686,4.123477998117691,57.21085565358436
C4,5,14993.863048194096,4.164961957831693,56.971966764695466
C4,5,15123.863048194096,4.201073068942804,56.77585565358436
C4,5,15324.306321911128,4.256751756086424,56.49418898691769
C4,5,15484.306321911128,4.301196200530869,56.169744542473246
C4,5,15556.68111974845,4.321300311041236,56.12696676469546
C4,5,15566.39106771406,4.323997518809461,56.22871720742163
C4,5,15751.186096334519,4.375329471204033,55.861494985199414
C4,5,15911.186096334519,4.419773915648477,55.53705054075496
C4,5,16051.186096334519,4.458662804537366,55.298161651866074
C4,5,16211.186096334519,4.503107248981811,54.97371720742162
C4,5,16361.186096334519,4.544773915648477,54.692050540754956
C4,5,16531.186096334517,4.591996137870699,54.32482831853274
C4,5,16701.186096334517,4.639218360092921,53.95760609631052
C4,5,16841.186096334517,4.67810724898181,53.718717207421626
C4,5,16971.186096334517,4.7142183600929215,53.52260609631052
C4,5,17141.186096334517,4.761440582315144,53.1553838740883
C4,5,17151.186096334517,4.764218360092921,53.11260609631052
C4,5,17151.186096334517,4.764218360092921,53.11260609631052
C4,5,17321.186096334517,4.811440582315144,52.745383874088304
C4,5,17461.186096334517,4.850329471204033,52.50649498519942
C4,5,17621.186096334517,4.894773915648477,52.182050540754965
C4,5,17761.186096334517,4.933662804537366,51.94316165186608
C4,5,17891.186096334517,4.969773915648477,51.74705054075497
C4,5,18021.186096334517,5.0058850267595885,51.55093942964386
C4,5,18031.186096334517,5.008662804537366,51.50816165186608
C4,5,18091.186096334517,5.025329471204032,52.306635888984644
C4,5,18181.186096334517,5.050329471204033,52.263858111206865
C4,5,18181.186096334517,5.050329471204033,52.263858111206865
C4,5,18477.200671460185,5.132555742072274,51.93941366676241
C4,5,18487.200671460185,5.135333519850051,51.89663588898463
C4,5,18499.36886586224,5.138713573850622,51.982670014862606
C4,5,18509.36886586224,5.1414913516284,51.93989223708483
C4,5,18536.22324863682,5.1489509023991165,52.221299032067556
C4,5,18546.22324863682,5.151728680176895,52.17852125428978
C4,5,18546.22324863682,5.151728680176895,52.17852125428978
C4,5,18556.22324863682,5.154506457954672,52.135743476512
C4,5,18580.388276494785,5.161218965692996,52.49821889438147
C4,5,18590.388276494785,5.163996743470774,52.455441116603694
C4,5,18613.896459697957,5.170526794360543,52.76828576075696
C4,5,18753.896459697957,5.209415683249432,52.52939687186807
C4,5,18903.896459697957,5.251082349916099,52.24773020520141
C4,5,19066.42098421595,5.296228051171098,51.96606353853473
C4,5,19206.42098421595,5.3351169400599865,51.727174649645846
C4,5,19346.42098421595,5.374005828948875,51.48828576075696
C4,5,19516.42098421595,5.421228051171098,51.12106353853474
C4,5,19656.42098421595,5.4601169400599865,50.88217464964585
C4,5,19666.42098421595,5.462894717837764,50.83939687186807
C4,5,19678.62784091182,5.4662855113643944,51.02474385428998
C4,5,19838.62784091182,5.510729955808839,50.70029940984553
C4,5,19988.62784091182,5.552396622475506,50.41863274317886
C4,5,20128.62784091182,5.5912855113643944,50.179743854289974
C4,5,20278.62784091182,5.632952178031061,49.8980771876233
C4,5,20428.62784091182,5.6746188446977275,49.616410520956634
C4,5,20568.62784091182,5.713507733586617,49.37752163206775
C4,5,20708.62784091182,5.752396622475506,49.13863274317885
C4,5,20838.62784091182,5.788507733586616,48.942521632067745
C4,5,20848.62784091182,5.791285511364395,48.89974385428996
C4,5,20857.73951592575,5.793816532201597,49.02100115021696
C4,5,20867.73951592575,5.796594309979375,48.978223372439174
C4,5,20927.73951592575,5.813260976646042,49.69295573862227
C4,5,21095.752078013757,5.859931132781599,49.36851129417782
C4,5,21245.752078013757,5.901597799448266,49.086844627511155
C4,5,21395.752078013757,5.9432644661149325,48.80517796084449
C4,5,21545.752078013757,5.984931132781599,48.523511294177816
C4,5,21695.752078013757,6.026597799448266,48.24184462751115
C4,5,21716.639690144755,6.0323999139290985,48.19906684973337
C4,5,21727.70185083939,6.035472736344275,48.36499926015287
C4,5,21890.17093570583,6.080603037696064,48.168888149041756
C4,5,22096.887658425,6.1380243495624995,47.84444370459731
C4,5,22236.887658425,6.176913238451388,47.60555481570842
C4,5,22246.887658425,6.1796910162291665,47.562777037930644
C4,5,22246.887658425,6.1796910162291665,47.562777037930644
C4,5,22416.887658425,6.226913238451389,47.19555481570842
C4,5,22466.36514088354,6.240656983578761,47.15277703793064
C4,5,22470.07706026959,6.241688072297108,47.20913823511175
C4,5,22493.366029344794,6.248157230373554,47.16636045733397
C4,5,22518.463407629228,6.255128724341452,47.54282113160048
C4,5,22528.463407629228,6.25790650211923,47.500043353822704
C4,5,22532.585433289256,6.259051509247016,47.54914577304702
C4,5,22702.585433289256,6.306273731469238,47.1819235508248
C4,5,22904.977186242704,6.362493662845195,46.814701328602574
C4,5,23074.977186242704,6.409715885067418,46.44747910638035
C4,5,23244.977186242704,6.45693810728964,46.080256884158125
C4,5,23374.977186242704,6.493049218400751,45.88414577304702
C4,5,23544.977186242704,6.540271440622973,45.51692355082479
C4,5,23691.312774711096,6.580920215197526,45.2780346619359
C4,5,23710.550856459737,6.586264126794371,45.23525688415812
C4,5,23757.531836113354,6.599314398920376,45.93997157896238
C4,5,23963.195496048087,6.656443193346691,45.65830491229571
C4,5,23973.195496048087,6.659220971124468,45.61552713451793
C4,5,24033.195496048087,6.675887637791135,46.41400137163649
C4,5,24210.88567360039,6.725246020444553,46.13233470496982
C4,5,24282.733366278546,6.745203712855152,46.089556927192035
C4,5,24290.99701565602,6.747499171015561,46.22039804233537
C4,5,24500.657882331318,6.8057383006475884,45.98150915344648
C4,5,24686.67724863252,6.857410346842367,45.742620264557594
C4,5,24696.67724863252,6.860188124620144,45.699842486779815
C4,5,24756.67724863252,6.876854791286811,46.49831672389837
C4,5,24945.563604177954,6.929323223382765,46.25942783500948
C4,5,25105.653765388684,6.973792712607968,46.020538946120595
C4,5,25135.078410570502,6.981966225158473,45.97776116834281
C4,5,25135.078410570502,6.981966225158473,45.97776116834281
C4,5,25265.078410570502,7.018077336269584,45.7816500572317
C4,5,25415.078410570502,7.059744002936251,45.49998339056503
C4,5,25565.078410570502,7.101410669602918,45.21831672389836
C4,5,25575.078410570502,7.104188447380695,45.17553894612058
C4,5,25635.078410570502,7.1208551140473615,45.89027131230367
C4,5,25793.67519009192,7.164909775025533,45.608604645637
C4,5,25953.67519009192,7.209354219469978,45.284160201192556
C4,5,26113.67519009192,7.253798663914422,44.95971575674812
C4,5,26263.67519009192,7.295465330581089,44.678049090081444
C4,5,26403.67519009192,7.334354219469978,44.43916020119256
C4,5,26553.67519009192,7.3760208861366445,44.15749353452589
C4,5,26703.67519009192,7.417687552803311,43.87582686785922
C4,5,26863.67519009192,7.462131997247755,43.55138242341477
C4,5,27003.67519009192,7.5010208861366445,43.312493534525885
C4,5,27265.636350381592,7.573787875105998,43.03082686785922
C4,5,27459.352638586828,7.627597955163008,42.70638242341477
C4,5,27469.352638586828,7.630375732940785,42.663604645636994
C4,5,27529.352638586828,7.647042399607452,43.378337011820086
C4,5,27733.569376768635,7.703769271324621,43.05389256737564
C4,5,27896.342276277446,7.748983965632624,42.857781456264526
C4,5,28046.342276277446,7.790650632299291,42.57611478959786
C4,5,28132.388097794388,7.81455224938733,42.53333701182008
C4,5,28132.388097794388,7.81455224938733,42.53333701182008
C4,5,28286.566739074922,7.857379649743034,42.337225900708965
C4,5,28302.37366204167,7.861770461678242,42.294448122931186
C4,5,28331.995724543536,7.869998812373204,42.60485740470097
C4,5,28481.4034213448,7.911500950373555,42.40874629358986
C4,5,28651.4034213448,7.958723172595778,42.04152407136764
C4,5,28801.4034213448,8.000389839262445,41.759857404700966
C4,5,28971.4034213448,8.047612061484667,41.39263518247874
C4,5,28994.242323986862,8.053956201107463,41.34985740470096
C4,5,29038.164733331883,8.066156870369968,42.01676832498348
C4,5,29196.11548730778,8.110032079807716,41.735101658316815
C4,5,29378.543711105533,8.160706586418204,41.45343499165015
C4,5,29521.60744002627,8.200446511118407,41.25732388053903
C4,5,29531.60744002627,8.203224288896186,41.214546102761254
C4,5,29563.565964272824,8.212101656742451,41.6398470738813
C4,5,29723.565964272824,8.256546101186895,41.31540262943685
C4,5,29733.565964272824,8.259323878964674,41.272624851659074
C4,5,29793.565964272824,8.27599054563134,42.07109908877763
C4,5,29991.822443777954,8.331061789938321,41.703876866555404
C4,5,30185.734159476666,8.384926155410184,41.33665464433318
C4,5,30195.734159476666,8.387703933187963,41.2938768665554
C4,5,30195.734159476666,8.387703933187963,41.2938768665554
C4,5,30365.734159476666,8.434926155410185,40.926654644333176
C4,5,30375.734159476666,8.437703933187963,40.8838768665554
C4,5,30375.734159476666,8.437703933187963,40.8838768665554
C4,5,30545.734159476666,8.484926155410186,40.51665464433317
C4,5,30715.734159476666,8.532148377632407,40.14943242211095
C4,5,30885.734159476666,8.579370599854629,39.78221019988872
C4,5,31055.734159476666,8.626592822076852,39.4149879776665
C4,5,31205.734159476666,8.668259488743518,39.13332131099983
C4,5,31375.734159476666,8.71548171096574,38.76609908877761
C4,5,31545.734159476666,8.762703933187963,38.39887686655538
C4,5,31720.45860131418,8.81123850036505,38.03165464433316
C4,5,31730.45860131418,8.814016278142828,37.98887686655538
C4,5,31730.45860131418,8.814016278142828,37.98887686655538
C4,5,31740.45860131418,8.816794055920607,37.94609908877759
C4,5,31800.45860131418,8.833460722587272,38.660831454960686
C4,5,31810.45860131418,8.83623850036505,38.61805367718291
C4,5,31810.45860131418,8.83623850036505,38.61805367718291
C4,5,31820.45860131418,8.839016278142829,38.57527589940513
C4,5,31880.45860131418,8.855682944809494,39.42124888589837
C4,5,31890.45860131418,8.858460722587273,39.37847110812059
C4,5,31950.45860131418,8.87512738925394,40.224444094613844
C4,5,31960.45860131418,8.877905167031717,40.181666316836065
C4,5,31966.121469829268,8.879478186063686,40.26151021333316
C4,5,32001.703067071805,8.889361963075501,40.21873243555538
C4,5,32029.22849507937,8.897007915299826,40.585038187717075
C4,5,32039.22849507937,8.899785693077602,40.542260409939296
C4,5,32066.728164178905,8.907424490049696,40.90822336502704
C4,5,32076.728164178905,8.910202267827474,40.86544558724926
C4,5,32136.728164178905,8.92686893449414,41.28967019955541
C4,5,32300.575268614866,8.972382019059685,40.965225755110964
C4,5,32700.23620510707,9.083398945863076,40.59800353288875
C4,5,32842.65066184724,9.12295851717979,40.40189242177763
C4,5,32852.65066184724,9.125736294957568,40.35911464399985
C4,5,32853.772942345946,9.12604803954054,40.37404984508379
C4,5,32993.772942345946,9.16493692842943,40.1351609561949
C4,5,33153.81969803299,9.209394360564719,39.85349428952823
C4,5,33329.65925749098,9.258238682636383,39.65738317841711
C4,5,33339.65925749098,9.261016460414162,39.614605400639334
C4,5,33369.58421346165,9.26932894818379,40.01284384046407
C4,5,33544.85591620972,9.318015532280478,39.64562161824185
C4,5,33582.11430256016,9.32836508404449,39.60284384046406
C4,5,33594.21002143669,9.331725005954635,39.77338803082666
C4,5,33604.21002143669,9.334502783732413,39.73061025304888
C4,5,33630.61691142907,9.341838030952518,40.04517456917873
C4,5,33760.61691142907,9.37794914206363,39.84906345806761
C4,5,33934.219978514746,9.426172216254097,39.567396791400945
C4,5,33950.12057019019,9.430589047275053,39.524619013623166
C4,5,33989.290740745695,9.441469650207138,40.144813380751955
C4,5,34156.83651344501,9.488010142623613,39.86314671408528
C4,5,34409.122538812066,9.558089594114463,39.624257825196395
C4,5,34626.04132389167,9.618344812192131,39.29981338075195
C4,5,34804.105541003286,9.667807094723136,38.97536893630751
C4,5,35012.19025910152,9.725608405305977,38.69370226964084
C4,5,35076.88284213391,9.743578567259421,38.65092449186306
C4,5,35136.88284213391,9.760245233926087,39.56195500712069
C4,5,35146.88284213391,9.763023011703865,39.51917722934291
C4,5,35206.88284213391,9.77968967837053,40.43020774460053
C4,5,35216.88284213391,9.782467456148309,40.38742996682275
C4,5,35231.017102869046,9.786393639685846,40.602042347494645
C4,5,35301.328399365615,9.805924555379338,40.559264569716866
C4,5,35321.696367732635,9.811582324370177,40.83031953644205
C4,5,35507.85150143425,9.863292083731736,40.46309731421982
C4,5,35517.85150143425,9.866069861509514,40.420319536442044
C4,5,35517.85150143425,9.866069861509514,40.420319536442044
C4,5,35677.85150143425,9.910514305953958,40.0958750919976
C4,5,35687.85150143425,9.913292083731736,40.05309731421982
C4,5,35694.60143570449,9.91516706547347,40.142924791170365
C4,5,35834.60143570449,9.954055954362358,39.90403590228148
C4,5,35997.070911330484,9.999186364258467,39.70792479117036
C4,5,36127.070911330484,10.035297475369578,39.51181368005925
C4,5,36257.070911330484,10.07140858648069,39.31570256894813
C4,5,36417.070911330484,10.115853030925134,38.991258124503695
C4,5,36557.070911330484,10.154741919814024,38.7523692356148
C4,5,36687.070911330484,10.190853030925135,38.55625812450369
C4,5,36847.070911330484,10.23529747536958,38.23181368005925
C4,5,37058.68033764196,10.294077871567213,37.99292479117036
C4,5,37068.68033764196,10.29685564934499,37.950147013392574
C4,5,37086.14942693879,10.301708174149665,38.18262397588326
C4,5,37096.14942693879,10.304485951927441,38.13984619810548
C4,5,37156.14942693879,10.321152618594109,39.03984619810548
C4,5,37166.14942693879,10.323930396371887,38.9970684203277
C4,5,37225.251279113836,10.34034757753162,39.88359620295338
C4,5,37257.46675716744,10.349296321435402,39.8408184251756
C4,5,37257.46675716744,10.349296321435402,39.8408184251756
C4,5,37267.46675716744,10.352074099213178,39.79804064739781
C4,5,37273.92150926519,10.353867085906996,39.90024088894542
C4,5,37283.92150926519,10.356644863684775,39.85746311116763
C4,5,37308.981502556504,10.363605972932362,40.12006651760579
C4,5,37448.981502556504,10.402494861821252,39.8811776287169
C4,5,37645.10153481225,10.45697264855896,39.59951096205023
C4,5,37795.10153481225,10.498639315225626,39.317844295383566
C4,5,37935.10153481225,10.537528204114516,39.07895540649468
C4,5,37945.10153481225,10.540305981892292,39.03617762871689
C4,5,37952.36117627666,10.542322548965739,39.122655974075165
C4,5,38092.36117627666,10.581211437854627,38.88376708518628
C4,5,38242.36117627666,10.622878104521295,38.602100418519605
C4,5,38392.36117627666,10.66454477118796,38.32043375185294
C4,5,38552.36117627666,10.708989215632405,37.99598930740849
C4,5,38722.36117627666,10.756211437854628,37.62876708518627
C4,5,38908.33508945853,10.807870858182925,37.3471004185196
C4,5,39081.86495449599,10.85607359847111,37.02265597407516
C4,5,39226.25058372125,10.896180717700348,36.78376708518627
C4,5,39236.25058372125,10.898958495478126,36.74098930740849
C4,5,39236.25058372125,10.898958495478126,36.74098930740849
C4,5,39376.25058372125,10.937847384367014,36.5021004185196
C4,5,39392.95645383634,10.942487903843428,36.45932264074182
C4,5,39399.077075930174,10.94418807664727,36.52346057536441
C4,5,39547.688641260786,10.985469067016885,36.3273494642533
C4,5,39557.688641260786,10.988246844794663,36.284571686475516
C4,5,39557.688641260786,10.988246844794663,36.284571686475516
C4,5,39727.688641260786,11.035469067016885,35.9173494642533
C4,5,39897.688641260786,11.082691289239108,35.550127242031074
C4,5,40047.688641260786,11.124357955905774,35.2684605753644
C4,5,40217.688641260786,11.171580178127996,34.901238353142176
C4,5,40357.688641260786,11.210469067016884,34.66234946425329
C4,5,40527.688641260786,11.257691289239107,34.295127242031064
C4,5,40657.688641260786,11.293802400350218,34.09901613091995
C4,5,40807.688641260786,11.335469067016884,33.81734946425328
C4,5,41019.81027360101,11.394391742666947,33.49290501980884
C4,5,41189.81027360101,11.44161396488917,33.12568279758661
C4,5,41349.81027360101,11.486058409333614,32.80123835314217
C4,5,41578.5268824792,11.549590800688666,32.43401613091994
C4,5,41743.631602315174,11.595453222865325,32.195127242031056
C4,5,41946.950060450385,11.651930572347329,31.999016130919944
C4,5,42204.726157729216,11.723535043813671,31.6745716864755
C4,5,42344.726157729216,11.76242393270256,31.43568279758661
C4,5,42354.726157729216,11.765201710480337,31.392905019808833
C4,5,42354.726157729216,11.765201710480337,31.392905019808833
C4,5,42364.726157729216,11.767979488258115,31.35012724203105
C4,5,42374.75137042546,11.770764269562628,31.50050543247471
C4,5,42534.75137042546,11.815208714007072,31.17606098803027
C4,5,42548.43240477495,11.819009001326375,31.13328321025249
C4,5,42550.799223913746,11.819666451087151,31.164780612023318
C4,5,42560.799223913746,11.82244422886493,31.12200283424554
C4,5,42620.799223913746,11.839110895531595,31.920477071364097
C4,5,42654.79079761501,11.848552999337503,31.877699293586314
C4,5,42667.18407126023,11.851995575350063,32.06587680149852
C4,5,42677.18407126023,11.854773353127841,32.02309902372074
C4,5,42723.24481110005,11.867568003083347,32.63607092546603
C4,5,42733.24481110005,11.870345780861125,32.59329314768824
C4,5,42793.24481110005,11.887012447527791,33.49329314768825
C4,5,42803.24481110005,11.88979022530557,33.45051536991047
C4,5,42834.08835148254,11.898357875411817,33.913168475647836
C4,5,42844.08835148254,11.901135653189595,33.87039069787006
C4,5,42898.95340896562,11.916375946934895,34.523954570464305
C4,5,42908.95340896562,11.919153724712674,34.481176792686526
C4,5,42918.02926013143,11.921674794480952,34.589290202334226
C4,5,42928.02926013143,11.92445257225873,34.54651242455645
C4,5,42967.621226376825,11.935450340660228,35.07339850862006
C4,5,42977.621226376825,11.938228118438007,35.03062073084228
C4,5,42993.85233487114,11.942736759686428,35.274087358256985
C4,5,43003.85233487114,11.945514537464206,35.231309580479206
C4,5,43036.1668739128,11.954490798309111,35.68693003214965
C4,5,43206.1668739128,12.001713020531334,35.31970780992742
C4,5,43346.1668739128,12.040601909420221,35.080818921038535
C4,5,43570.42086917304,12.102894685881399,34.71359669881631
C4,5,43761.00630360682,12.155835084335227,34.517485587705195
C4,5,43964.478523501995,12.21235514541722,34.27859669881631
C4,5,43974.478523501995,12.215132923194998,34.23581892103853
C4,5,43987.43049125714,12.218730692015871,34.39010543037788
C4,5,43997.43049125714,12.22150846979365,34.34732765260009
C4,5,44057.061927464165,12.238072757628935,34.97220484617022
C4,5,44296.37953464316,12.30454987073421,34.604982623948
C4,5,44485.42361826004,12.357062116183345,34.323315957281324
C4,5,44495.42361826004,12.359839893961123,34.280538179503544
C4,5,44496.72298437975,12.360200828994374,34.29783001902301
C4,5,44506.72298437975,12.362978606772153,34.255052241245224
C4,5,44506.72298437975,12.362978606772153,34.255052241245224
C4,5,44646.72298437975,12.40186749566104,34.01616335235634
C4,5,44656.72298437975,12.404645273438819,33.97338557457856
C4,5,44656.86438985437,12.404684552737324,33.97526738505309
C4,5,44666.86438985437,12.407462330515102,33.93248960727531
C4,5,44719.51919048334,12.42208866402315,34.63321463665614
C4,5,44866.72316760088,12.46297865766691,34.394325747767255
C4,5,44907.59298032929,12.474331383424802,34.35154796998947
C4,5,44907.59298032929,12.474331383424802,34.35154796998947
C4,5,45060.348657397175,12.51676351594366,34.0698813033228
C4,5,45231.41449382841,12.564281803841224,33.87377019221169
C4,5,45401.41449382841,12.611504026063447,33.50654796998946
C4,5,45532.02313029692,12.647784202860255,33.31043685887835
C4,5,45689.38546987692,12.6914959638547,33.02877019221168
C4,5,45699.38546987692,12.694273741632479,32.9859924144339
C4,5,45759.38546987692,12.710940408299145,33.78446665155246
C4,5,45925.666499786064,12.757129583273906,33.50279998488579
C4,5,46055.666499786064,12.793240694385018,33.306688873774675
C4,5,46073.16438559868,12.798101218221854,33.263911095996896
C4,5,46090.53192722996,12.802925535341656,33.524424220466145
C4,5,46314.17463044841,12.865048508457892,33.199979776021706
C4,5,46613.03691757922,12.948065810438672,32.91831310935503
C4,5,46773.03691757922,12.992510254883117,32.593868664910595
C4,5,46943.03691757922,13.03973247710534,32.22664644268837
C4,5,46953.03691757922,13.042510254883117,32.183868664910584
C4,5,46953.03691757922,13.042510254883117,32.183868664910584
C4,5,47093.03691757922,13.081399143772007,31.944979776021697
C4,5,47103.03691757922,13.084176921549783,31.902201998243918
C4,5,47148.02334568646,13.096673151579571,32.5008770626375
C4,5,47158.02334568646,13.09945092935735,32.45809928485972
C4,5,47218.02334568646,13.116117596024017,33.30407227135297
C4,5,47228.02334568646,13.118895373801793,33.261294493575186
C4,5,47234.48329285381,13.120689803570503,33.352376840204386
C4,5,47420.76507377436,13.172434742715101,33.1134879513155
C4,5,47636.51126086788,13.232364239129968,32.831821284648825
C4,5,47776.51126086788,13.271253128018856,32.59293239575994
C4,5,47946.51126086788,13.318475350241078,32.22571017353771
C4,5,47956.51126086788,13.321253128018856,32.182932395759934
C4,5,48016.51126086788,13.337919794685522,32.98140663287849
C4,5,48281.5379889013,13.41153833025036,32.69973996621182
C4,5,48451.5379889013,13.458760552472583,32.3325177439896
C4,5,48601.5379889013,13.50042721913925,32.05085107732293
C4,5,48771.5379889013,13.547649441361472,31.683628855100704
C4,5,48921.5379889013,13.589316108028138,31.401962188434034
C4,5,49051.5379889013,13.62542721913925,31.205851077322922
C4,5,49211.5379889013,13.669871663583693,30.881406632878477
C4,5,49455.00290865565,13.737500807959904,30.514184410656252
C4,5,49726.54014105446,13.812927816959572,30.232517743989582
C4,5,49736.54014105446,13.81570559473735,30.189739966211803
C4,5,49751.13031796915,13.819758421658099,30.292898501963716
C4,5,49948.37597928883,13.874548883135786,30.096787390852604
C4,5,50108.37597928883,13.91899332758023,29.77234294640816
C4,5,50118.37597928883,13.921771105358008,29.72956516863038
C4,5,50156.10959469454,13.932252665192928,30.231720498210397
C4,5,50316.10959469454,13.976697109637373,29.90727605376595
C4,5,50362.57038900616,13.989602885835046,29.864498275988172
C4,5,50378.61251243468,13.994059031231856,30.090684993763432
C4,5,50388.61251243468,13.996836809009633,30.047907215985653
C4,5,50410.70303206166,14.002973064461573,30.279393539090304
C4,5,50420.70303206166,14.005750842239351,30.236615761312525
C4,5,50420.70303206166,14.005750842239351,30.236615761312525
C4,5,50550.70303206166,14.04186195335046,30.04050465020141
C4,5,50560.70303206166,14.044639731128239,29.99772687242363
C4,5,50586.51998827111,14.051811107853085,30.30526377574403
C4,5,50746.51998827111,14.09625555229753,29.980819331299585
C4,5,50918.74959156166,14.144097108767127,29.65637488685514
C4,5,51109.34657584428,14.197040715512301,29.289152664632915
C4,5,51376.16762748275,14.271157674300763,28.964708220188474
C4,5,51516.16762748275,14.310046563189653,28.725819331299583
C4,5,51676.16762748275,14.354491007634097,28.40137488685514
C4,5,51846.16762748275,14.401713229856318,28.034152664632916
C4,5,52016.16762748275,14.44893545207854,27.666930442410692
C4,5,52156.16762748275,14.48782434096743,27.428041553521805
C4,5,52177.6570012,14.493793611444445,27.385263775744022
C4,5,52177.6570012,14.493793611444445,27.385263775744022
C4,5,52187.6570012,14.496571389222222,27.342485997966243
C4,5,52205.92962650485,14.501647118473569,27.63180256529297
C4,5,52215.92962650485,14.504424896251347,27.589024787515186
C4,5,52215.92962650485,14.504424896251347,27.589024787515186
C4,5,52367.47661241631,14.546521281226752,27.392913676404074
C4,5,52631.609077427245,14.619891410396457,27.02569145418185
C4,5,52646.5374207052,14.62403817241811,26.98291367640407
C4,5,52646.5374207052,14.62403817241811,26.98291367640407
C4,5,52888.4391602955,14.691233100082083,26.7012470097374
C4,5,52945.8514563748,14.707180960104113,26.658469231959618
C4,5,53005.8514563748,14.723847626770779,27.456943469078176
C4,5,53015.8514563748,14.726625404548557,27.414165691300397
C4,5,53020.19480890581,14.727831891362726,27.471966609612654
C4,5,53074.09247517766,14.742803465327128,27.42918883183487
C4,5,53103.29410051976,14.750915027922154,27.735192357024236
C4,5,53113.29410051976,14.753692805699933,27.692414579246456
C4,5,53171.17219276726,14.769770053546463,28.46265067179986
C4,5,53181.17219276726,14.772547831324239,28.41987289402208
C4,5,53191.48065932247,14.775411294256243,28.557056976830953
C4,5,53201.48065932247,14.778189072034019,28.51427919905317
C4,5,53203.58937654188,14.77877482681719,28.544011162449394
C4,5,53353.58937654188,14.820441493483855,28.262344495782727
C4,5,53509.2756522228,14.863687681173,28.023455606893837
C4,5,53709.45903218458,14.91929417560683,27.656233384671612
C4,5,53859.45903218458,14.960960842273495,27.374566718004946
C4,5,53999.45903218458,14.999849731162383,27.135677829116055
C4,5,54139.45903218458,15.038738620051273,26.896788940227168
C4,5,54269.45903218458,15.074849731162384,26.700677829116053
C4,5,54429.45903218458,15.119294175606829,26.37623338467161
C4,5,54579.45903218458,15.160960842273495,26.09456671800494
C4,5,54739.45903218458,15.205405286717939,25.770122273560496
C4,5,54879.45903218458,15.244294175606829,25.53123338467161
C4,5,55019.45903218458,15.283183064495717,25.29234449578272
C4,5,55149.45903218458,15.319294175606828,25.096233384671606
C4,5,55319.45903218458,15.36651639782905,24.729011162449385
C4,5,55489.45903218458,15.413738620051273,24.361788940227164
C4,5,55659.45903218458,15.460960842273495,23.994566718004943
C4,5,55829.45903218458,15.508183064495718,23.627344495782722
C4,5,55839.716306900926,15.51103230747248,23.584566718004943
C4,5,55879.49963747566,15.522083232632127,24.11399946018321
C4,5,55889.49963747566,15.524861010409905,24.07122168240543
C4,5,55949.49963747566,15.541527677076573,24.86969591952399
C4,5,55959.49963747566,15.54430545485435,24.826918141746212
C4,5,55987.75907729516,15.552155299248655,25.20299205260076
C4,5,55997.75907729516,15.554933077026433,25.160214274822977
C4,5,56057.75907729516,15.571599743693099,26.06021427482298
C4,5,56067.75907729516,15.574377521470877,26.0174364970452
C4,5,56067.75907729516,15.574377521470877,26.0174364970452
C4,5,56077.75907729516,15.577155299248655,25.974658719267417
C4,5,56137.75907729516,15.593821965915321,26.773132956385975
C4,5,56147.75907729516,15.5965997436931,26.730355178608196
C4,5,56189.24382722072,15.60812328533909,27.28243024608933
C4,5,56199.24382722072,15.610901063116867,27.239652468311547
C4,5,56226.92796083586,15.618591100232184,27.608070259455513
C4,5,56236.92796083586,15.621368878009962,27.565292481677734
C4,5,56296.92796083586,15.638035544676628,28.363766718796292
C4,5,56306.92796083586,15.640813322454406,28.32098894101851
C4,5,56312.8727509578,15.642464653043834,28.400101636975933
C4,5,56322.8727509578,15.645242430821611,28.357323859198154
C4,5,56323.033621535054,15.645287117093071,28.3592401826703
C4,5,56333.033621535054,15.64806489487085,28.31646240489252
C4,5,56393.033621535054,15.664731561537515,29.114936642011074
C4,5,56403.033621535054,15.667509339315293,29.072158864233295
C4,5,56463.033621535054,15.684176005981959,29.87063310135185
C4,5,56473.033621535054,15.686953783759737,29.82785532357407
C4,5,56473.033621535054,15.686953783759737,29.82785532357407
C4,5,56483.033621535054,15.689731561537515,29.78507754579629
C4,5,56543.033621535054,15.706398228204181,30.73507754579629
C4,5,56553.033621535054,15.70917600598196,30.69229976801851
C4,5,56573.24686021424,15.714790794503955,31.012342713772277
C4,5,56583.24686021424,15.717568572281733,30.969564935994498
C4,5,56594.38941325768,15.720663725904911,31.11784896167643
C4,5,56604.38941325768,15.72344150368269,31.07507118389865
C4,5,56664.38941325768,15.740108170349357,31.87354542101721
C4,5,56674.38941325768,15.742885948127133,31.830767643239426
C4,5,56701.700072327716,15.750472242313254,32.194215271008595
C4,5,56711.700072327716,15.753250020091032,32.151437493230816
C4,5,56771.700072327716,15.769916686757698,33.051437493230814
C4,5,56781.700072327716,15.772694464535476,33.008659715453035
C4,5,56800.4135349192,15.777892648588667,33.2893616543253
C4,5,56810.4135349192,15.780670426366445,33.24658387654752
C4,5,56826.06771872059,15.78501881075572,33.4106239041511
C4,5,56836.06771872059,15.787796588533496,33.367846126373315
C4,5,56836.06771872059,15.787796588533496,33.367846126373315
C4,5,56846.06771872059,15.790574366311274,33.325068348595536
C4,5,56853.22116455585,15.792561434598847,33.42026571869686
C4,5,56863.22116455585,15.795339212376625,33.37748794091908
C4,5,56923.22116455585,15.81200587904329,33.80171255322523
C4,5,56933.22116455585,15.814783656821069,33.75893477544745
C4,5,56941.333765630945,15.817037157119707,33.816294192878736
C4,5,57101.333765630945,15.86148160156415,33.49184974843429
C4,5,57311.19184862303,15.919775513506396,33.210183081767624
C4,5,57321.19184862303,15.922553291284174,33.167405303989845
C4,5,57321.19184862303,15.922553291284174,33.167405303989845
C4,5,57481.19184862303,15.966997735728619,32.8429608595454
C4,5,57679.510789928354,16.022086330535654,32.475738637323175
C4,5,57856.215099974004,16.07117086110389,32.10851641510095
C4,5,57933.39232116666,16.09260897810185,32.06573863732317
C4,5,57993.39232116666,16.109275644768516,32.9767691525808
C4,5,58246.59313835091,16.179609205097474,32.609546930358576
C4,5,58376.59313835091,16.215720316208586,32.41343581924746
C4,5,58547.616598592394,16.263226832942333,32.217324708136346
C4,5,58707.616598592394,16.307671277386778,31.892880263691904
C4,5,58847.616598592394,16.346560166275665,31.653991374803013
C4,5,59007.616598592394,16.39100461072011,31.32954693035857
C4,5,59183.50883562798,16.439863565452217,31.09065804146968
C4,5,59313.50883562798,16.47597467656333,30.89454693035857
C4,5,59483.50883562798,16.52319689878555,30.527324708136344
C4,5,59653.50883562798,16.570419121007774,30.16010248591412
C4,5,59835.33946242664,16.620927628451845,29.835658041469674
C4,5,60037.701485420555,16.67713930150571,29.596769152580787
C4,5,60213.48448922546,16.72596791367374,29.272324708136345
C4,5,60361.96881399947,16.767213559444297,29.033435819247455
C4,5,60371.96881399947,16.769991337222073,28.990658041469676
C4,5,60382.64673345452,16.77295742595959,29.132758767984473
C4,5,60392.64673345452,16.77573520373737,29.089980990206694
C4,5,60392.64673345452,16.77573520373737,29.089980990206694
C4,5,60542.64673345452,16.817401870404034,28.808314323540024
C4,5,60577.18357567893,16.82699543768859,28.765536545762245
C4,5,60637.18357567893,16.843662104355257,29.665536545762244
C4,5,60647.18357567893,16.846439882133037,29.622758767984465
C4,5,60653.27479977511,16.84813188882642,29.71412712942712
C4,5,61013.05771670858,16.948071587974606,29.389682684982677
C4,5,61183.05771670858,16.995293810196827,29.022460462760453
C4,5,61313.05771670858,17.03140492130794,28.826349351649338
C4,5,61473.05771670858,17.075849365752383,28.501904907204896
C4,5,61704.11671716312,17.1400324214342,28.13468268498267
C4,5,61723.86751427005,17.145518753963902,28.09190490720489
C4,5,61744.539313065296,17.151260920295915,28.405782232333763
C4,5,61754.539313065296,17.154038698073695,28.363004454555984
C4,5,61814.539313065296,17.17070536474036,29.274034969813613
C4,5,61824.539313065296,17.173483142518137,29.23125719203583
C4,5,61884.539313065296,17.190149809184803,30.14228770729346
C4,5,62154.338722736604,17.265094089649057,29.817843262849014
C4,5,62324.338722736604,17.312316311871278,29.45062104062679
C4,5,62484.338722736604,17.356760756315722,29.126176596182347
C4,5,62654.338722736604,17.403982978537947,28.758954373960123
C4,5,62814.338722736604,17.44842742298239,28.434509929515677
C4,5,62984.338722736604,17.49564964520461,28.067287707293453
C4,5,62994.338722736604,17.498427422982388,28.024509929515673
C4,5,63000.17647968406,17.500049022134462,28.06578526581186
C4,5,63170.17647968406,17.547271244356683,27.698563043589637
C4,5,63340.17647968406,17.594493466578903,27.331340821367412
C4,5,63382.65467987641,17.606292966632335,27.28856304358963
C4,5,63442.65467987641,17.622959633299004,28.18856304358963
C4,5,63452.65467987641,17.62573741107678,28.145785265811853
C4,5,63453.207341125664,17.625890928090463,28.15407518455066
C4,5,63615.16689572793,17.67087969325776,27.87240851788399
C4,5,64022.8625998993,17.784128499972027,27.59074185121732
C4,5,64199.31658455862,17.83314349571073,27.351852962328433
C4,5,64416.48047831252,17.893466799531257,27.070186295661763
C4,5,64628.682863769034,17.95241190660251,26.831297406772876
C4,5,64869.96178450295,18.019433829028596,26.50685296232843
C4,5,65018.468027962874,18.06068556332302,26.267964073439543
C4,5,65196.03225737461,18.110008960381837,25.986297406772874
C4,5,65346.03225737461,18.1516756270485,25.704630740106204
C4,5,65516.03225737461,18.198897849270725,25.33740851788398
C4,5,65666.03225737461,18.24056451593739,25.055741851217313
C4,5,65816.03225737461,18.282231182604058,24.774075184550647
C4,5,65976.03225737461,18.326675627048502,24.4496307401062
C4,5,65986.03225737461,18.329453404826282,24.406852962328422
C4,5,66016.28262176385,18.337856283823292,24.723846212975566
C4,5,66176.28262176385,18.382300728267737,24.39940176853112
C4,5,66358.38053338366,18.432883481495463,24.20329065742001
C4,5,66551.12643279841,18.48642400911067,23.878846212975567
C4,5,66561.12643279841,18.489201786888447,23.836068435197788
C4,5,66562.13267437097,18.489481298436377,23.849459401397837
C4,5,66692.13267437097,18.52559240954749,23.653348290286726
C4,5,66919.88076854474,18.588855769040205,23.328903845842284
C4,5,66929.88076854474,18.591633546817985,23.286126068064505
C4,5,66985.60745863775,18.60711318295493,24.13227132121515
C4,5,66995.60745863775,18.60989096073271,24.08949354343737
C4,5,66995.60745863775,18.60989096073271,24.08949354343737
C4,5,67125.60745863775,18.64600207184382,23.89338243232626
C4,5,67135.60745863775,18.648779849621597,23.850604654548484
C4,5,67139.53148774384,18.64986985770662,23.90282525699702
C4,5,67289.53148774384,18.691536524373287,23.621158590330353
C4,5,67461.9847637779,18.739440212160527,23.382269701441466
C4,5,67471.9847637779,18.742217989938307,23.339491923663687
C4,5,67511.42161399408,18.753172670553912,23.75275026278498
C4,5,67671.42161399408,18.797617114998356,23.428305818340537
C4,5,67821.42161399408,18.839283781665024,23.14663915167387
C4,5,67831.42161399408,18.8420615594428,23.10386137389609
C4,5,67840.93427149723,18.844703964304784,23.23045490627601
C4,5,67995.20856413971,18.887557934483254,23.034343795164897
C4,5,68005.20856413971,18.89033571226103,22.991566017387118
C4,5,68005.20856413971,18.89033571226103,22.991566017387118
C4,5,68015.20856413971,18.89311349003881,22.948788239609343
C4,5,68075.20856413971,18.909780156705477,23.85981875486697
C4,5,68085.20856413971,18.912557934483253,23.817040977089192
C4,5,68111.43786472206,18.919843851311683,24.215302530828875
C4,5,68385.61364237271,18.996003789547977,23.93363586416221
C4,5,68530.54246493762,19.036261795816007,23.694746975273322
C4,5,68690.54246493762,19.08070624026045,23.370302530828877
C4,5,68850.54246493762,19.125150684704895,23.04585808638443
C4,5,69010.54246493762,19.16959512914934,22.72141364193999
C4,5,69024.97496883602,19.173604158010004,22.67863586416221
C4,5,69055.63409905403,19.182120583070564,23.138522817432463
C4,5,69065.63409905403,19.184898360848344,23.095745039654688
C4,5,69125.63409905403,19.20156502751501,23.724484409339528
C4,5,69242.68278771057,19.234078552141824,23.68170663156175
C4,5,69246.821462867,19.23522818412972,23.740060087931894
C4,5,69256.821462867,19.2380059619075,23.697282310154115
C4,5,69256.821462867,19.2380059619075,23.697282310154115
C4,5,69266.821462867,19.240783739685277,23.65450453237634
C4,5,69281.0073408553,19.244724261348694,23.84328883411914
C4,5,69291.0073408553,19.247502039126474,23.80051105634136
C4,5,69323.64000737954,19.256566668716538,24.234783448142778
C4,5,69483.64000737954,19.301011113160982,23.910339003698336
C4,5,69531.0073408553,19.31416870579314,23.867561225920557
C4,5,69591.0073408553,19.330835372459806,24.76756122592056
C4,5,69601.0073408553,19.333613150237582,24.72478344814278
C4,5,69601.67466917755,19.333798519215986,24.7347933729765
C4,5,69798.93850688222,19.388594029689504,24.453126706309835
C4,5,69980.28588598734,19.43896830166315,24.17146003964317
C4,5,70171.31867246532,19.4920329645737,23.804237817420947
C4,5,70428.33724163786,19.56342701156607,23.52257115075428
C4,5,70578.33724163786,19.605093678232738,23.240904484087615
C4,5,70636.20022833247,19.62116673009235,23.19812670630984
C4,5,70652.86211177603,19.6257950310489,23.419861450835818
C4,5,70662.86211177603,19.628572808826675,23.377083673058042
C4,5,70664.63505996666,19.629065294435183,23.400677897290752
C4,5,70674.63505996666,19.631843072212963,23.357900119512973
C4,5,70674.63505996666,19.631843072212963,23.357900119512973
C4,5,70804.63505996666,19.667954183324074,23.16178900840186
C4,5,70825.34347513501,19.673706520870837,23.119011230624086
C4,5,70885.34347513501,19.690373187537503,23.917485467742644
C4,5,71210.9253458604,19.780812596072334,23.635818801075978
C4,5,71340.9253458604,19.816923707183445,23.439707689964866
C4,5,71497.19637409975,19.860332326138817,23.20081880107598
C4,5,71647.19637409975,19.901998992805485,22.919152134409313
C4,5,71657.19637409975,19.90477677058326,22.876374356631533
C4,5,71667.21155725027,19.907558765902852,23.009655452060116
C4,5,71677.21155725027,19.91033654368063,22.966877674282337
C4,5,71711.7775244802,19.919938201244502,23.378634600076673
C4,5,71875.67167256064,19.965464353489065,23.096967933410006
C4,5,72045.67167256064,20.01268657571129,22.729745711187785
C4,5,72215.67167256064,20.05990879793351,22.362523488965564
C4,5,72225.67167256064,20.06268657571129,22.319745711187785
C4,5,72249.51193204547,20.06930887001263,22.63700959460209
C4,5,72259.51193204547,20.072086647790407,22.594231816824315
C4,5,72317.94763303072,20.08831878695298,23.519463749090832
C4,5,72327.94763303072,20.091096564730755,23.476685971313056
C4,5,72355.45954324836,20.098738762013433,23.76498298946413
C4,5,72365.45954324836,20.101516539791213,23.722205211686354
C4,5,72376.57945284937,20.10460540356927,23.891048161243454
C4,5,72386.57945284937,20.107383181347046,23.848270383465675
C4,5,72394.55333706709,20.109598149185302,23.954386068759238
C4,5,72404.55333706709,20.11237592696308,23.91160829098146
C4,5,72423.99458534895,20.117776273708042,24.203227015209343
C4,5,72573.99458534895,20.159442940374706,23.921560348542677
C4,5,72583.99458534895,20.162220718152486,23.878782570764898
C4,5,72620.95529478195,20.172487581883875,24.370652141896134
C4,5,72630.95529478195,20.17526535966165,24.327874364118358
C4,5,72646.57623595791,20.17960450998831,24.53575634892754
C4,5,72816.57623595791,20.22682673221053,24.168534126705314
C4,5,72966.57623595791,20.268493398877197,23.886867460038648
C4,5,72987.0443502928,20.274178986192442,23.844089682260872
C4,5,73047.0443502928,20.290845652859108,24.7551201975185
C4,5,73057.0443502928,20.293623430636888,24.712342419740725
C4,5,73076.08607354082,20.298912798205784,25.001468935441412
C4,5,73247.82307858752,20.346617521829867,24.719802268774746
C4,5,73257.82307858752,20.349395299607643,24.677024490996967
C4,5,73257.82307858752,20.349395299607643,24.677024490996967
C4,5,73407.82307858752,20.39106196627431,24.3953578243303
C4,5,73557.82307858752,20.43272863294098,24.113691157663634
C4,5,73567.82307858752,20.435506410718755,24.07091337988586
C4,5,73576.67316926997,20.43796476924166,24.203664740122584
C4,5,73716.67316926997,20.476853658130548,23.964775851233693
C4,5,73846.67316926997,20.51296476924166,23.768664740122585
C4,5,73986.67316926997,20.551853658130547,23.529775851233694
C4,5,74146.67316926997,20.59629810257499,23.205331406789252
C4,5,74306.67316926997,20.640742547019435,22.880886962344807
C4,5,74339.52364584258,20.649867679400717,22.838109184567028
C4,5,74346.09887928149,20.65169413313375,22.93673768615069
C4,5,74643.623912761,20.734339975766947,22.655071019484023
C4,5,74773.623912761,20.770451086878055,22.458959908372915
C4,5,74943.623912761,20.81767330910028,22.091737686150694
C4,5,75181.92901414153,20.883869170594867,21.810071019484027
C4,5,75414.09954880251,20.948360985778475,21.485626575039582
C4,5,75554.09954880251,20.987249874667363,21.246737686150695
C4,5,75750.16352364824,21.04171208990229,20.87951546392847
C4,5,75880.16352364824,21.0778232010134,20.683404352817362
C4,5,75890.16352364824,21.08060097879118,20.640626575039583
C4,5,75898.2990144152,21.082860837337556,20.76415458079453
C4,5,76038.2990144152,21.121749726226444,20.525265691905638
C4,5,76109.56814481365,21.14154670689268,20.482487914127862
C4,5,76160.89790994924,21.1558049749859,21.16557949842987
C4,5,76383.18264418507,21.217550734495852,20.96946838731876
C4,5,76543.18264418507,21.261995178940296,20.645023942874317
C4,5,76713.18264418507,21.30921740116252,20.277801720652093
C4,5,76863.18264418507,21.35088406782919,19.996135053985427
C4,5,76873.18264418507,21.353661845606965,19.95335727620765
C4,5,82136.7194848903,22.815755412469528,90.0
C4,5,82286.7194848903,22.857422079136196,89.71833333333333
C4,5,82456.7194848903,22.904644301358417,89.35111111111111
C4,5,82616.7194848903,22.94908874580286,89.02666666666667
C4,5,82766.7194848903,22.99075541246953,88.74499999999999
C4,5,82916.7194848903,23.032422079136197,88.46333333333332
C4,5,83076.7194848903,23.07686652358064,88.13888888888887
C4,5,83226.7194848903,23.118533190247305,87.8572222222222
C4,5,83366.7194848903,23.157422079136197,87.61833333333333
C4,5,83506.7194848903,23.196310968025085,87.37944444444443
C4,5,83636.7194848903,23.232422079136196,87.18333333333332
C4,5,83786.7194848903,23.27408874580286,86.90166666666666
C4,5,83926.7194848903,23.31297763469175,86.66277777777776
C4,5,84076.7194848903,23.354644301358416,86.3811111111111
C4,5,84236.7194848903,23.39908874580286,86.05666666666664
C4,5,84376.7194848903,23.43797763469175,85.81777777777776
C4,5,84526.7194848903,23.479644301358416,85.5361111111111
C4,5,84676.7194848903,23.521310968025084,85.25444444444442
C4,5,84836.7194848903,23.565755412469528,84.92999999999998
C4,5,84976.7194848903,23.604644301358416,84.69111111111108
C4,5,85126.7194848903,23.646310968025084,84.40944444444442
C4,5,85296.7194848903,23.693533190247305,84.0422222222222
C4,5,85436.7194848903,23.732422079136196,83.80333333333331
C4,5,85606.7194848903,23.779644301358417,83.43611111111109
C4,5,85756.7194848903,23.821310968025085,83.15444444444442
C4,5,85926.7194848903,23.868533190247305,82.7872222222222
C4,5,86086.7194848903,23.91297763469175,82.46277777777775
C4,5,86216.7194848903,23.94908874580286,82.26666666666664
C4,5,86386.7194848903,23.996310968025085,81.89944444444443
C4,5,86546.7194848903,24.04075541246953,81.57499999999997
C4,5,86706.7194848903,24.085199856913974,81.25055555555552
C4,5,86856.7194848903,24.126866523580638,80.96888888888886
C4,5,86996.7194848903,24.16575541246953,80.72999999999996
C4,5,87166.7194848903,24.21297763469175,80.36277777777775
C4,5,87336.7194848903,24.26019985691397,79.99555555555553
C4,5,87476.7194848903,24.299088745802862,79.75666666666665
C4,5,87636.7194848903,24.343533190247307,79.4322222222222
C4,5,87766.7194848903,24.379644301358418,79.23611111111109
C4,5,87926.7194848903,24.424088745802862,78.91166666666663
C4,5,88066.7194848903,24.46297763469175,78.67277777777775
C4,5,88216.7194848903,24.504644301358418,78.39111111111107
C4,5,88366.7194848903,24.546310968025082,78.1094444444444
C4,5,88496.7194848903,24.582422079136194,77.9133333333333
C4,5,88646.7194848903,24.62408874580286,77.63166666666663
C4,5,88816.7194848903,24.671310968025082,77.26444444444441
C4,5,88976.7194848903,24.715755412469527,76.93999999999997
C4,5,89106.7194848903,24.751866523580638,76.74388888888886
C4,5,89256.7194848903,24.793533190247306,76.46222222222218
C4,5,89396.7194848903,24.832422079136194,76.2233333333333
C4,5,89526.7194848903,24.868533190247305,76.02722222222219
C4,5,89696.7194848903,24.91575541246953,75.65999999999997
C4,5,89856.7194848903,24.960199856913974,75.33555555555552
C4,5,90026.7194848903,25.007422079136195,74.9683333333333
C4,5,90186.7194848903,25.05186652358064,74.64388888888885
C4,5,90316.7194848903,25.08797763469175,74.44777777777774
C4,5,90456.7194848903,25.126866523580638,74.20888888888885
C4,5,90626.7194848903,25.174088745802862,73.84166666666664
C4,5,90786.7194848903,25.218533190247307,73.51722222222219
C4,5,90916.7194848903,25.254644301358418,73.32111111111108
C4,5,91066.7194848903,25.296310968025082,73.03944444444441
C4,5,91206.7194848903,25.335199856913974,72.80055555555552
C4,5,91336.7194848903,25.371310968025085,72.60444444444441
C4,5,91486.7194848903,25.41297763469175,72.32277777777774
C4,5,91656.7194848903,25.460199856913974,71.95555555555553
C4,5,91826.7194848903,25.507422079136195,71.58833333333331
C4,5,91986.7194848903,25.55186652358064,71.26388888888886
C4,5,92136.7194848903,25.593533190247307,70.98222222222219
C4,5,92296.7194848903,25.63797763469175,70.65777777777774
C4,5,92426.7194848903,25.674088745802862,70.46166666666663
C4,5,92576.7194848903,25.715755412469527,70.17999999999996
C4,5,92726.7194848903,25.757422079136195,69.8983333333333
C4,5,92876.7194848903,25.799088745802862,69.61666666666663
C4,5,93036.7194848903,25.843533190247307,69.29222222222218
C4,5,93176.7194848903,25.882422079136195,69.05333333333328
C4,5,93336.7194848903,25.92686652358064,68.72888888888883
C4,5,93506.7194848903,25.974088745802863,68.36166666666662
C4,5,93646.7194848903,26.01297763469175,68.12277777777773
C4,5,93776.7194848903,26.049088745802862,67.92666666666662
