scenario,strategy,replication,agv_id,min_soc,completed_tasks,charge_h,stops,traction_energy,delivered_kwh,detour_m
v3_primary_challenge,C1,1007,1,29.721192568270915,436,2.1839436106572014,0,5.231999999999981,6.0271625938086855,30.0
v3_primary_challenge,C1,1007,2,29.764444444444354,438,1.4527342098027447,0,5.273999999999973,4.020279482233093,20.0
v3_primary_challenge,C1,1007,3,29.643333333333207,425,2.205754784379153,0,5.125999999999977,6.036885008399807,30.0
v3_primary_challenge,C1,1007,4,29.636111111110967,433,2.1701311069553384,0,5.1779999999999795,6.026468243869656,30.0
v3_primary_challenge,C1,1007,5,29.70388888888881,435,2.183783384384832,0,5.255999999999979,6.026771809725009,30.0
v3_primary_challenge,C2,1007,1,19.917657820801615,401,2.7218093964791232,0,5.359999999999953,7.489839110397148,2260.0
v3_primary_challenge,C2,1007,2,27.13433097872159,447,1.8832925324394705,0,5.911999999999931,5.171559563747914,2620.0
v3_primary_challenge,C2,1007,3,19.885013899302674,438,2.294255716360189,0,5.57799999999995,6.338289417914296,1560.0
v3_primary_challenge,C2,1007,4,19.899693565240852,432,2.705791901517303,0,5.605999999999944,7.477440516578422,2220.0
v3_primary_challenge,C2,1007,5,28.32390154302517,449,1.9069116309909433,0,5.883999999999942,5.234470633065506,2850.0
v3_primary_challenge,C3,1007,1,31.369512675345952,429,2.0873536554666203,0,5.749999999999935,5.738779454634095,3080.0
v3_primary_challenge,C3,1007,2,31.233824356777085,437,1.6977124411022926,0,5.783999999999934,4.653199135105102,2470.0
v3_primary_challenge,C3,1007,3,31.40744787433748,433,1.7774157910016093,0,5.725999999999935,4.881494300449689,2680.0
v3_primary_challenge,C3,1007,4,31.89517045624654,430,2.04758766392787,0,5.793999999999932,5.621107970803173,2980.0
v3_primary_challenge,C3,1007,5,31.543940312092687,438,1.8202621479100762,0,5.775999999999927,5.007832117696438,2750.0
v3_primary_challenge,C4,1007,1,26.736413622675215,432,2.090861599761895,0,5.775999999999928,5.749187937315688,3100.0
v3_primary_challenge,C4,1007,2,31.58565538831466,435,1.7232578158347862,0,5.707999999999937,4.731191128819186,2310.0
v3_primary_challenge,C4,1007,3,32.517581968214635,433,1.777195305980771,0,5.745999999999933,4.885991584878232,2520.0
v3_primary_challenge,C4,1007,4,29.75352424426767,433,2.015602208374324,0,5.835999999999933,5.533177783528791,3250.0
v3_primary_challenge,C4,1007,5,29.40306319674474,434,1.8234147694566922,0,5.763999999999933,5.020580262116945,2780.0
v3_primary_challenge,C5,1007,1,24.66324374847512,436,2.0501617874165095,0,5.775999999999915,5.635170251504172,3060.0
v3_primary_challenge,C5,1007,2,27.03077676791895,441,1.6239605935125379,0,5.831999999999937,4.46145633456455,2460.0
v3_primary_challenge,C5,1007,3,31.12574408575267,437,1.7470194159888905,0,5.757999999999941,4.796005546020803,2410.0
v3_primary_challenge,C5,1007,4,25.5338992814177,427,2.003339176493606,0,5.79799999999993,5.487298994121571,3110.0
v3_primary_challenge,C5,1007,5,44.04021267640089,426,2.005850725996925,0,5.665999999999938,5.522312240521804,2920.0
v3_primary_challenge,C1,1008,1,29.864444444444377,425,2.181440815356704,0,5.115999999999984,6.015926431973641,30.0
v3_primary_challenge,C1,1008,2,29.681522431863254,438,1.4795772110320442,0,5.279999999999984,4.030368322851288,20.0
v3_primary_challenge,C1,1008,3,29.721666666666547,415,2.16807288497061,0,5.027999999999982,6.031572978400872,30.0
v3_primary_challenge,C1,1008,4,29.66863919202129,426,1.4521730274700722,0,5.0179999999999785,4.018901373732273,20.0
v3_primary_challenge,C1,1008,5,29.797314890962788,442,1.4589877362917858,0,5.195999999999975,4.013356477674087,20.0
v3_primary_challenge,C2,1008,1,27.9108976370307,434,1.9458437350402245,0,5.75199999999994,5.338610202714107,2870.0
v3_primary_challenge,C2,1008,2,31.95688816060106,438,1.7747497168902306,0,5.685999999999942,4.869663931966712,2700.0
v3_primary_challenge,C2,1008,3,19.86841008079063,420,2.6456819240050695,0,5.385999999999955,7.301017623129551,2200.0
v3_primary_challenge,C2,1008,4,65.85837304715531,417,2.5584112899391664,0,5.8119999999999274,7.0197529453074745,3590.0
v3_primary_challenge,C2,1008,5,33.26404282376919,437,1.6192725159863963,0,5.741999999999942,4.443978756223197,2460.0
v3_primary_challenge,C3,1008,1,43.19064728019878,426,2.236007209563432,0,5.727999999999935,6.141675830769181,3490.0
v3_primary_challenge,C3,1008,2,43.887488897070135,426,1.8797111943016676,0,5.725999999999934,5.1614846457974535,2700.0
v3_primary_challenge,C3,1008,3,43.567624401369216,431,2.1882322735407755,0,5.6499999999999435,6.007124371058301,3110.0
v3_primary_challenge,C3,1008,4,43.554215201674786,433,1.7962349312498687,0,5.761999999999936,4.927127677772066,2690.0
v3_primary_challenge,C3,1008,5,43.62965513539554,430,1.7724261362355886,0,5.673999999999941,4.867797928747113,2640.0
v3_primary_challenge,C4,1008,1,44.3860423470846,422,2.2423548615235767,0,5.629999999999935,6.164323866387916,3370.0
v3_primary_challenge,C4,1008,2,44.87740233673848,431,1.9084838854392192,0,5.767999999999945,5.234123030568272,2860.0
v3_primary_challenge,C4,1008,3,35.48681613376864,425,2.194073451785085,0,5.723999999999933,6.022372475158209,3290.0
v3_primary_challenge,C4,1008,4,41.4409238492848,439,1.7221332942821843,0,5.673999999999935,4.716049635049139,2500.0
v3_primary_challenge,C4,1008,5,40.792657343725665,429,1.805566251861266,0,5.743999999999943,4.953239008546412,2610.0
v3_primary_challenge,C5,1008,1,27.43856988205013,436,1.9583951706956217,0,5.779999999999938,5.383714270027548,2860.0
v3_primary_challenge,C5,1008,2,39.48519737413095,435,1.8060191279678477,0,5.643999999999943,4.943015496523615,2700.0
v3_primary_challenge,C5,1008,3,43.47521469782787,417,2.1909514655802744,0,5.733999999999939,6.001929335675311,3180.0
v3_primary_challenge,C5,1008,4,41.809745610858364,434,1.7838323558207296,0,5.683999999999938,4.896338839661394,2640.0
v3_primary_challenge,C5,1008,5,60.559752482833794,424,2.133413624826858,0,5.697999999999932,5.862524321144337,3250.0
v3_primary_challenge,C1,1009,1,29.853347194936436,418,2.178498449684031,0,5.033999999999985,6.016804862475405,30.0
v3_primary_challenge,C1,1009,2,29.71191207463019,411,2.209479951056822,0,4.881999999999982,6.028515507379609,30.0
v3_primary_challenge,C1,1009,3,29.799999999999937,432,2.2096025029152724,0,5.187999999999986,6.02427836244577,30.0
v3_primary_challenge,C1,1009,4,29.62423699723408,420,2.2428910537613618,0,5.065999999999985,6.046260372360527,30.0
v3_primary_challenge,C1,1009,5,29.723153952100347,439,2.174692443940503,0,5.3579999999999774,6.0281200801727675,30.0
v3_primary_challenge,C2,1009,1,26.673541161883634,424,2.00968752117899,0,5.645999999999946,5.533232530209941,2890.0
v3_primary_challenge,C2,1009,2,19.69547597939316,433,1.732779314114645,0,5.7799999999999425,4.756419114682876,2600.0
v3_primary_challenge,C2,1009,3,46.599731643787514,416,2.545330237550019,0,5.789999999999933,6.9958494704916285,3620.0
v3_primary_challenge,C2,1009,4,19.675136750934954,410,2.8239617478578185,0,5.353999999999953,7.804371483471673,2240.0
v3_primary_challenge,C2,1009,5,33.4695007276667,437,1.6606797411602314,0,5.691999999999944,4.568234005445027,2470.0
v3_primary_challenge,C3,1009,1,36.385622843533575,420,2.1473086399035357,0,5.719999999999944,5.906494500094513,3010.0
v3_primary_challenge,C3,1009,2,36.59029271108799,427,1.9987097921446992,0,5.677999999999937,5.504219920507803,2810.0
v3_primary_challenge,C3,1009,3,34.168800944626796,418,2.1164116832160977,0,5.651999999999948,5.817116201391638,2910.0
v3_primary_challenge,C3,1009,4,35.146963305126924,424,2.0096505053988176,0,5.699999999999937,5.524319221185073,3220.0
v3_primary_challenge,C3,1009,5,36.734882004479914,431,1.7431852378016524,0,5.66399999999994,4.792499717660709,2630.0
v3_primary_challenge,C4,1009,1,32.0860056008162,422,2.189347313649429,0,5.697999999999931,6.024863108393197,3230.0
v3_primary_challenge,C4,1009,2,33.70146641129464,423,1.9527212403995013,0,5.661999999999945,5.364911627444452,2870.0
v3_primary_challenge,C4,1009,3,34.89033280273158,416,2.1706020639003034,0,5.711999999999937,5.965107962812852,3290.0
v3_primary_challenge,C4,1009,4,35.7067037502669,425,2.01495034795171,0,5.735999999999942,5.52892889320724,2900.0
v3_primary_challenge,C4,1009,5,35.308704578299235,434,1.6876448925638596,0,5.60599999999995,4.6363224272234955,2290.0
v3_primary_challenge,C5,1009,1,23.953565067353146,425,1.9704446110579474,0,5.667999999999939,5.404251131843674,2900.0
v3_primary_challenge,C5,1009,2,26.861095687387497,429,1.8651027737346035,0,5.651999999999949,5.126986448826705,2700.0
v3_primary_challenge,C5,1009,3,24.514816197791028,424,2.03648899933795,0,5.755999999999934,5.601873297339507,3190.0
v3_primary_challenge,C5,1009,4,32.91976310609014,427,1.92811994405656,0,5.641999999999944,5.2915540832206265,2570.0
v3_primary_challenge,C5,1009,5,63.16957706460149,415,2.2151095302777417,0,5.695999999999937,6.081756303505674,3220.0
v3_primary_challenge,C1,1010,1,29.649768488847076,430,2.175654363095674,0,5.115999999999978,6.0417893533354325,30.0
v3_primary_challenge,C1,1010,2,29.774999999999956,438,2.1718696561757764,0,5.243999999999976,6.022513625366966,30.0
v3_primary_challenge,C1,1010,3,29.63641310451482,432,1.4766846284873574,0,5.237999999999979,4.027818233663153,20.0
v3_primary_challenge,C1,1010,4,29.764444444444322,422,1.4777128943321258,0,5.101999999999982,4.022162337777917,20.0
v3_primary_challenge,C1,1010,5,29.789444444444346,440,1.4856145112082821,0,5.33199999999998,4.0175484690592445,20.0
v3_primary_challenge,C2,1010,1,48.089453434171794,425,2.6384655748337957,0,5.8039999999999266,7.25402212800033,3770.0
v3_primary_challenge,C2,1010,2,30.996814558701345,431,2.1470251826105162,0,5.7859999999999205,5.888065735642313,3250.0
v3_primary_challenge,C2,1010,3,19.948669666281468,443,2.7362839186117456,0,5.811999999999945,7.378762678107627,2450.0
v3_primary_challenge,C2,1010,4,51.76251345520235,432,1.9610809031184386,0,5.817999999999927,5.377954677204743,2930.0
v3_primary_challenge,C2,1010,5,32.71243467094522,431,1.6861235665754843,0,5.809999999999949,4.614614647050982,2710.0
v3_primary_challenge,C3,1010,1,43.42929199123829,424,2.3190552250121623,0,5.875999999999933,6.363715349000221,3790.0
v3_primary_challenge,C3,1010,2,43.094804400415995,436,2.089281677136474,0,5.9299999999999295,5.737837178721144,3160.0
v3_primary_challenge,C3,1010,3,43.79884214987982,437,1.828843891867147,0,5.743999999999934,5.022716050156637,2690.0
v3_primary_challenge,C3,1010,4,43.32284903273658,433,1.7667661423364216,0,5.713999999999936,4.8459992338592235,2600.0
v3_primary_challenge,C3,1010,5,43.24162697730657,432,1.8603338121790163,0,5.773999999999933,5.1038242623690495,2910.0
v3_primary_challenge,C4,1010,1,40.46581459461581,428,2.248314041532474,0,5.851999999999925,6.174191194177376,3420.0
v3_primary_challenge,C4,1010,2,43.76399352964756,430,2.0454859140176653,0,5.807999999999934,5.633324412960494,2970.0
v3_primary_challenge,C4,1010,3,44.386452011533564,436,1.9212336828512033,0,5.839999999999931,5.270696454178401,3160.0
v3_primary_challenge,C4,1010,4,39.01353814036739,437,1.8238121202433037,0,5.771999999999934,5.007533186540474,2740.0
v3_primary_challenge,C4,1010,5,41.059595746039626,431,1.8254349898865745,0,5.765999999999947,5.0057145935964105,2860.0
v3_primary_challenge,C5,1010,1,25.30127957839184,437,1.9732186402121927,0,5.759999999999935,5.427936136174575,2970.0
v3_primary_challenge,C5,1010,2,25.449064895341344,443,1.8116025231453456,0,5.889999999999934,4.985932692476916,2760.0
v3_primary_challenge,C5,1010,3,49.10891800695698,432,1.9354872283630706,0,5.783999999999938,5.323199521660234,2920.0
v3_primary_challenge,C5,1010,4,39.716058407939386,432,1.740479784080119,0,5.83599999999994,4.794881924841581,2670.0
v3_primary_challenge,C5,1010,5,69.62092125378251,418,2.4034925727304937,0,5.767999999999922,6.597695924089623,3830.0
v3_primary_challenge,C1,1011,1,29.796666666666567,421,2.2053730318296916,0,5.11399999999998,6.02120162836325,30.0
v3_primary_challenge,C1,1011,2,29.718333333333263,432,2.1932078617096185,0,5.27399999999998,6.0309591411803645,30.0
v3_primary_challenge,C1,1011,3,29.72499999999993,439,2.209814175313843,0,5.223999999999976,6.033488686907917,30.0
v3_primary_challenge,C1,1011,4,29.66394720242771,460,2.2233268073650114,0,5.5759999999999845,6.030552639878623,30.0
v3_primary_challenge,C1,1011,5,29.785555555555476,449,2.1722471136428667,0,5.339999999999979,6.0279263934805885,30.0
v3_primary_challenge,C2,1011,1,19.82068828432476,425,2.377888749514424,0,5.48999999999996,6.566935872768175,1980.0
v3_primary_challenge,C2,1011,2,19.909238959319527,443,2.411886672697244,0,5.7699999999999525,6.6688584104210475,1860.0
v3_primary_challenge,C2,1011,3,19.940629943972315,433,2.9879483213412357,0,5.679999999999946,8.211044242463501,2640.0
v3_primary_challenge,C2,1011,4,30.465771324810685,453,2.189959611556888,0,6.077999999999944,6.0295704133335555,2970.0
v3_primary_challenge,C2,1011,5,19.828750547592517,447,2.305850852348115,0,5.669999999999957,6.356605056527496,1500.0
v3_primary_challenge,C3,1011,1,19.75523856319583,436,3.0397448489735033,0,5.809999999999933,8.3160627394744,2840.0
v3_primary_challenge,C3,1011,2,20.96937815763251,448,1.641770938566738,0,5.835999999999946,4.504761382395359,2100.0
v3_primary_challenge,C3,1011,3,19.92937432953375,442,3.0963963732652733,0,5.90599999999994,8.539933131352402,2860.0
v3_primary_challenge,C3,1011,4,19.67730276486076,435,3.1424997468642544,0,5.855999999999938,8.673552639878666,3090.0
v3_primary_challenge,C3,1011,5,20.18309264672289,440,1.8729895889439416,0,5.8299999999999415,5.139803248039,2810.0
v3_primary_challenge,C4,1011,1,19.765619166731632,447,2.937320578938525,0,5.851999999999941,8.125507183918844,2590.0
v3_primary_challenge,C4,1011,2,19.596908769794226,445,2.9070647316633513,0,5.889999999999944,7.998348030069293,2430.0
v3_primary_challenge,C4,1011,3,19.72381280122303,427,3.124634282735378,0,5.843999999999947,8.44632202024129,2700.0
v3_primary_challenge,C4,1011,4,19.933658080959717,444,3.1338420845426915,0,5.819999999999935,8.637747084323113,2800.0
v3_primary_challenge,C4,1011,5,19.95008728930706,438,3.106363101666377,0,5.767999999999938,8.552037504591743,2860.0
v3_primary_challenge,C5,1011,1,19.672024268250272,446,2.9280765758200435,0,5.851999999999938,8.084146072807723,2520.0
v3_primary_challenge,C5,1011,2,19.6127635941028,448,2.909745585483974,0,5.901999999999949,8.017070252291509,2390.0
v3_primary_challenge,C5,1011,3,19.770663755121607,434,3.095981696858385,0,5.747999999999938,8.354544242463506,2610.0
v3_primary_challenge,C5,1011,4,19.814166717689975,431,3.1378705498161574,0,5.845999999999941,8.653580417656443,2950.0
v3_primary_challenge,C5,1011,5,19.804719544634985,442,3.1189483367104756,0,5.823999999999941,8.614787504591748,2900.0
v3_primary_challenge,C1,1012,1,29.72517005367463,426,2.222813239989217,0,5.00399999999998,6.023408163982944,30.0
v3_primary_challenge,C1,1012,2,29.757222222222072,445,2.178751271524726,0,5.293999999999981,6.028557751210807,30.0
v3_primary_challenge,C1,1012,3,29.65388888888882,433,2.237506507167054,0,5.227999999999976,6.033762037336164,30.0
v3_primary_challenge,C1,1012,4,29.786111111111012,427,1.4605864778148683,0,5.29399999999998,4.015482315632784,20.0
v3_primary_challenge,C1,1012,5,29.87499999999992,424,2.205360248167719,0,5.029999999999982,6.015049268712571,30.0
v3_primary_challenge,C2,1012,1,36.35806661469015,432,2.099719339831028,0,5.789999999999935,5.7697692578723405,3120.0
v3_primary_challenge,C2,1012,2,19.927322687776847,426,2.461661740232212,0,5.519999999999954,6.811260692649333,1840.0
v3_primary_challenge,C2,1012,3,25.884055772250914,430,1.8836135509138032,0,5.77199999999994,5.1468814926154245,2830.0
v3_primary_challenge,C2,1012,4,26.01740325000636,440,1.5488082653380224,0,5.773999999999935,4.25542382297111,2650.0
v3_primary_challenge,C2,1012,5,49.483508024477004,427,2.1677625833704233,0,5.709999999999945,5.94732059188225,3280.0
v3_primary_challenge,C3,1012,1,37.849646693665164,429,2.055448781579946,0,5.771999999999938,5.64208494311068,3230.0
v3_primary_challenge,C3,1012,2,37.0797188682473,440,1.7680941777139894,0,5.725999999999936,4.856654805734316,2440.0
v3_primary_challenge,C3,1012,3,37.5193740643002,431,2.0424637423422785,0,5.667999999999943,5.618675184995661,2750.0
v3_primary_challenge,C3,1012,4,37.093914640902184,427,1.7451557369264732,0,5.801999999999931,4.8027613810112735,3100.0
v3_primary_challenge,C3,1012,5,37.6429133778638,428,1.9491445977970137,0,5.771999999999942,5.357577279495331,3070.0
v3_primary_challenge,C4,1012,1,34.922673499317796,432,1.972779919246964,0,5.693999999999938,5.4160696167266575,3000.0
v3_primary_challenge,C4,1012,2,37.40147909156611,431,1.7960841244896582,0,5.783999999999938,4.945422999649633,2710.0
v3_primary_challenge,C4,1012,3,38.14522986672254,426,2.1908301926017657,0,5.6819999999999355,6.015785360456482,3380.0
v3_primary_challenge,C4,1012,4,31.345708578351903,436,1.6659125911968877,0,5.8519999999999355,4.580073300105971,2760.0
v3_primary_challenge,C4,1012,5,37.39235763794081,430,1.934700208824425,0,5.727999999999942,5.309787890312106,2740.0
v3_primary_challenge,C5,1012,1,25.443208811300217,437,1.84224766363513,0,5.803999999999937,5.065985271214665,2780.0
v3_primary_challenge,C5,1012,2,41.99985801660794,437,1.8391779614853674,0,5.677999999999939,5.047578429819005,2710.0
v3_primary_challenge,C5,1012,3,22.222787425586326,427,1.9219540072452037,0,5.731999999999936,5.280641649417932,2960.0
v3_primary_challenge,C5,1012,4,40.71994530931191,433,1.8325059533564134,0,5.733999999999941,5.0308909649418485,2820.0
v3_primary_challenge,C5,1012,5,47.032957218625555,421,2.1244214506375867,0,5.791999999999937,5.831530462977216,3320.0
v3_primary_challenge,C1,1013,1,29.650555555555446,428,1.454272452149895,0,5.111999999999981,4.02684396037406,20.0
v3_primary_challenge,C1,1013,2,29.803828591672026,442,2.213684208337788,0,5.205999999999979,6.02036412597196,30.0
v3_primary_challenge,C1,1013,3,29.696666666666516,432,2.1709691937323177,0,5.159999999999984,6.033121724165973,30.0
v3_primary_challenge,C1,1013,4,29.66444444444433,437,2.242095577990556,0,5.163999999999981,6.029202794480612,30.0
v3_primary_challenge,C1,1013,5,29.81777777777765,434,2.167944484099368,0,5.2799999999999825,6.015996426060291,30.0
v3_primary_challenge,C2,1013,1,22.860904352317164,446,1.5170323718093526,0,5.749999999999951,4.158111400212173,2530.0
v3_primary_challenge,C2,1013,2,19.618293125728307,418,2.975580884624052,0,5.4739999999999425,8.209503014860887,2500.0
v3_primary_challenge,C2,1013,3,23.277820050487776,443,1.6160240532649368,0,5.833999999999942,4.447790504468162,2420.0
v3_primary_challenge,C2,1013,4,52.25841933490166,422,2.732059797867405,0,5.735999999999927,7.512008350036195,3700.0
v3_primary_challenge,C2,1013,5,26.115356829615944,444,1.6574913807683733,0,5.853999999999951,4.553125378652226,2620.0
v3_primary_challenge,C3,1013,1,38.74913827587125,442,1.8033393413571197,0,5.7599999999999385,4.958217540834324,2720.0
v3_primary_challenge,C3,1013,2,39.32295194467251,435,2.1976266897704955,0,5.7359999999999465,6.025761723205623,3010.0
v3_primary_challenge,C3,1013,3,37.67961020076822,437,1.8445836716059603,0,5.747999999999935,5.068407789759978,2870.0
v3_primary_challenge,C3,1013,4,39.92291611313695,428,2.011535406077467,0,5.729999999999939,5.5173419426294785,2900.0
v3_primary_challenge,C3,1013,5,37.85766898385398,431,1.8496198159543433,0,5.81399999999994,5.0812132085863615,2970.0
v3_primary_challenge,C4,1013,1,33.28949348759459,439,1.7085491377260196,0,5.759999999999946,4.681485301420499,2420.0
v3_primary_challenge,C4,1013,2,36.274996531958145,431,2.247503527534259,0,5.839999999999944,6.1731003640682784,3360.0
v3_primary_challenge,C4,1013,3,38.192339642670134,436,1.8596429288818241,0,5.673999999999937,5.115323568773766,2960.0
v3_primary_challenge,C4,1013,4,40.69189914923139,433,2.0771966260831447,0,5.739999999999936,5.695699226147299,2830.0
v3_primary_challenge,C4,1013,5,36.543328577560914,434,1.813812704540138,0,5.773999999999935,4.976468410493928,2900.0
v3_primary_challenge,C5,1013,1,27.011954060229282,445,1.644267028620638,0,5.855999999999947,4.514002912828029,2390.0
v3_primary_challenge,C5,1013,2,24.485373652855742,435,2.0017132992387596,0,5.77999999999994,5.500921538718222,3070.0
v3_primary_challenge,C5,1013,3,66.02174323861846,423,2.3751347332972848,0,5.731999999999941,6.522348688050084,3260.0
v3_primary_challenge,C5,1013,4,36.774492866062545,433,1.928118233736062,0,5.68599999999993,5.312187298963626,2990.0
v3_primary_challenge,C5,1013,5,34.27727340911198,437,1.7574716298726412,0,5.733999999999942,4.824137874293709,2760.0
v3_primary_challenge,C1,1014,1,29.789444444444378,456,2.205627005962131,0,5.417999999999978,6.026408442010256,30.0
v3_primary_challenge,C1,1014,2,29.61833333333321,429,2.223751171906783,0,5.163999999999983,6.039474319827169,30.0
v3_primary_challenge,C1,1014,3,29.80783309843996,455,2.229086874292839,0,5.437999999999976,6.025497233966896,30.0
v3_primary_challenge,C1,1014,4,29.78222222222211,456,1.4490706045307,0,5.403999999999973,4.014601261596443,20.0
v3_primary_challenge,C1,1014,5,29.89458949926928,439,2.1680867130080723,0,5.235999999999979,6.014214969480987,30.0
v3_primary_challenge,C2,1014,1,19.820289629622287,450,2.2184504105217817,0,5.619999999999954,5.9974775342807085,1640.0
v3_primary_challenge,C2,1014,2,19.845535813226217,432,2.6943011160770594,0,5.635999999999945,7.4396132087160876,2190.0
v3_primary_challenge,C2,1014,3,21.96511474686525,460,1.5378675205459629,0,5.991999999999946,4.234419637976854,2460.0
v3_primary_challenge,C2,1014,4,41.41728923458364,451,1.9435104079004506,0,5.995999999999938,5.3470702826652605,2810.0
v3_primary_challenge,C2,1014,5,19.623947047788256,442,2.841256345934032,0,5.683999999999946,7.850048302814354,2380.0
v3_primary_challenge,C3,1014,1,29.546111884564922,446,1.8951522169921056,0,5.895999999999936,5.214952925127435,3130.0
v3_primary_challenge,C3,1014,2,28.91085909581016,445,1.8227054068916975,0,5.9319999999999355,5.010990372835035,2640.0
v3_primary_challenge,C3,1014,3,29.08800313519838,447,1.6207697500392608,0,5.869999999999932,4.452033693407987,2810.0
v3_primary_challenge,C3,1014,4,28.835151406707553,454,1.5356380006324568,0,5.785999999999945,4.2081921652651895,2260.0
v3_primary_challenge,C3,1014,5,30.367818718112456,443,1.8792457579506168,0,5.839999999999939,5.162225721994546,2620.0
v3_primary_challenge,C4,1014,1,24.67827380908509,446,1.8043689968311845,0,5.9159999999999355,4.964961021353437,3000.0
v3_primary_challenge,C4,1014,2,30.490734311013014,446,1.8073280815253292,0,5.839999999999941,4.9711502918218695,2640.0
v3_primary_challenge,C4,1014,3,29.465855424842356,449,1.610690968053555,0,5.831999999999947,4.439959588101375,2380.0
v3_primary_challenge,C4,1014,4,28.839285477368183,452,1.5839937389558087,0,5.799999999999935,4.3522303913902025,2390.0
v3_primary_challenge,C4,1014,5,28.445298950249327,442,1.9471293471402598,0,5.935999999999928,5.354624078143526,3050.0
v3_primary_challenge,C5,1014,1,19.83109609745142,454,2.512334811737402,0,5.747999999999943,6.9291862197880585,2080.0
v3_primary_challenge,C5,1014,2,19.898448013042984,441,2.540708079120654,0,5.697999999999947,7.027640986493865,2120.0
v3_primary_challenge,C5,1014,3,19.95664481390947,447,2.63608697203099,0,5.67199999999996,7.263608345078019,2030.0
v3_primary_challenge,C5,1014,4,25.61919463434428,468,1.5672856366734211,0,6.019999999999951,4.3151443266470215,2170.0
v3_primary_challenge,C5,1014,5,19.646984127227558,425,2.707305448686029,0,5.639999999999946,7.485103858369909,2330.0
v3_primary_challenge,C1,1015,1,29.60708805702167,442,2.1798678835426326,0,5.293999999999981,6.029478930482263,30.0
v3_primary_challenge,C1,1015,2,29.724999999999905,442,2.2103670429934428,0,5.309999999999978,6.037731590422299,30.0
v3_primary_challenge,C1,1015,3,29.8499999999999,434,2.2046552860113273,0,5.16999999999998,6.0174034313844595,30.0
v3_primary_challenge,C1,1015,4,29.661111111111037,429,2.2005922953720103,0,5.141999999999983,6.028291487726062,30.0
v3_primary_challenge,C1,1015,5,29.73944444444434,441,2.234142842835589,0,5.341999999999983,6.029432439200262,30.0
v3_primary_challenge,C2,1015,1,19.802555930044598,442,2.407378601509834,0,5.57199999999996,6.65929045576314,1790.0
v3_primary_challenge,C2,1015,2,19.67758644003812,411,2.385090275252269,0,5.397999999999955,6.592625715066416,1970.0
v3_primary_challenge,C2,1015,3,21.72024008131766,465,1.831450230396742,0,5.947999999999946,5.028896009676155,2560.0
v3_primary_challenge,C2,1015,4,19.71838598340291,428,3.011540928590881,0,5.663999999999944,8.303538922176545,2400.0
v3_primary_challenge,C2,1015,5,19.72115391248662,442,2.2181318211129573,0,5.695999999999961,6.1115167430467805,1530.0
v3_primary_challenge,C3,1015,1,24.232518332345048,434,1.8198520739457427,0,5.779999999999936,4.997097873768532,2930.0
v3_primary_challenge,C3,1015,2,24.390331458495304,442,1.6569587122884837,0,5.783999999999936,4.559620554618658,2330.0
v3_primary_challenge,C3,1015,3,24.77218953665154,442,1.6829267620840633,0,5.8119999999999346,4.625466062951819,2420.0
v3_primary_challenge,C3,1015,4,24.69363414248655,435,1.992182423151494,0,5.80799999999994,5.481922506404858,2970.0
v3_primary_challenge,C3,1015,5,25.92109657719595,435,1.9904677641196953,0,5.753999999999943,5.453873519885922,2900.0
v3_primary_challenge,C4,1015,1,19.87555075094585,466,2.3220643323834675,0,5.8559999999999555,6.239481200316037,1760.0
v3_primary_challenge,C4,1015,2,19.88956903341677,460,2.38904508452489,0,5.791999999999956,6.6039538126445425,1590.0
v3_primary_challenge,C4,1015,3,19.824616911210175,415,2.6738089918383037,0,5.46399999999995,7.381875653606703,2100.0
v3_primary_challenge,C4,1015,4,19.802352712676687,414,2.892741353882998,0,5.40199999999995,7.804041487726095,2350.0
v3_primary_challenge,C4,1015,5,19.87489172570745,433,2.8983070132948114,0,5.719999999999955,7.812126883644741,2230.0
v3_primary_challenge,C5,1015,1,19.840118994614084,449,2.799902915918484,0,5.8419999999999375,7.719478930482289,2300.0
v3_primary_challenge,C5,1015,2,19.646713642337446,427,2.7104080178325387,0,5.607999999999949,7.488314923755661,2280.0
v3_primary_challenge,C5,1015,3,19.70372844004745,467,2.9137391432784328,0,6.025999999999954,8.047903431384473,2300.0
v3_primary_challenge,C5,1015,4,19.820573301217014,421,3.0715670635704515,0,5.597999999999941,8.359513709948322,2630.0
v3_primary_challenge,C5,1015,5,19.929874286002004,424,3.071587014501347,0,5.595999999999938,8.456932439200301,2700.0
v3_primary_challenge,C1,1016,1,29.703888888888784,445,2.2187046997739497,0,5.36399999999998,6.031957049376179,30.0
v3_primary_challenge,C1,1016,2,29.636111111111003,409,2.187463718962839,0,4.9319999999999835,6.032931235580767,30.0
v3_primary_challenge,C1,1016,3,29.732222222222106,439,2.195220159006946,0,5.2359999999999784,6.026425180284035,30.0
v3_primary_challenge,C1,1016,4,29.790674533080107,410,2.2083698989546163,0,5.043999999999985,6.020994051123783,30.0
v3_primary_challenge,C1,1016,5,29.775507675832362,426,2.2478969836701252,0,5.107999999999981,6.027474616208392,30.0
v3_primary_challenge,C2,1016,1,31.944734293405062,423,2.110876913699372,0,5.735999999999942,5.8127916019296695,3130.0
v3_primary_challenge,C2,1016,2,30.726435098701188,427,1.8957182839649023,0,5.733999999999931,5.210013652868987,3050.0
v3_primary_challenge,C2,1016,3,25.086852583087015,428,1.7917448603540322,0,5.7659999999999405,4.92532336499398,2710.0
v3_primary_challenge,C2,1016,4,43.3609004489428,429,2.065700240320125,0,5.671999999999937,5.6720659714283945,2950.0
v3_primary_challenge,C2,1016,5,42.81815338776293,422,2.0607206568613488,0,5.71599999999994,5.658910063374345,3010.0
v3_primary_challenge,C3,1016,1,36.79170313514961,422,2.12287651425077,0,5.78199999999994,5.848830284467929,3290.0
v3_primary_challenge,C3,1016,2,35.81208774461803,430,1.969261342245113,0,5.737999999999943,5.405972275934022,2780.0
v3_primary_challenge,C3,1016,3,38.35444818489647,421,2.0161835388794627,0,5.723999999999942,5.5350364784177835,3040.0
v3_primary_challenge,C3,1016,4,36.94716198067623,434,1.882860751402907,0,5.723999999999934,5.1661964592752465,2750.0
v3_primary_challenge,C3,1016,5,36.31190208843198,422,1.9335788084215277,0,5.65599999999993,5.3108133128616295,2990.0
v3_primary_challenge,C4,1016,1,35.85321035279163,425,2.0526416552158566,0,5.733999999999933,5.642100725771004,3260.0
v3_primary_challenge,C4,1016,2,34.88790659917002,428,1.930446729702979,0,5.743999999999941,5.301248981003401,2790.0
v3_primary_challenge,C4,1016,3,34.5452100346638,425,1.9837736829325592,0,5.717999999999938,5.449203020396543,2980.0
v3_primary_challenge,C4,1016,4,41.368311512717696,431,1.9868758894837493,0,5.709999999999938,5.454513910194231,2830.0
v3_primary_challenge,C4,1016,5,35.65898061405589,420,1.971022997864637,0,5.717999999999939,5.415475822516067,2990.0
v3_primary_challenge,C5,1016,1,30.50976261519888,427,1.9596771605081407,0,5.661999999999933,5.383529099522363,2900.0
v3_primary_challenge,C5,1016,2,29.749386244595893,430,1.8368601164071034,0,5.73799999999994,5.037160589382353,2640.0
v3_primary_challenge,C5,1016,3,39.93245446695807,424,2.0609821826712134,0,5.74799999999994,5.670792668852457,3110.0
v3_primary_challenge,C5,1016,4,50.622159163236745,426,2.174491157246225,0,5.677999999999937,5.958755931934473,3070.0
v3_primary_challenge,C5,1016,5,29.64998643036888,422,1.8927503383670983,0,5.797999999999937,5.19110159992399,3130.0
v3_primary_challenge,C1,1017,1,29.668333333333223,425,1.4444322160432246,0,5.14199999999998,4.019139035201265,20.0
v3_primary_challenge,C1,1017,2,29.644400653458792,440,1.4513269781579279,0,5.195999999999982,4.027418856215954,20.0
v3_primary_challenge,C1,1017,3,29.639603984535174,418,1.4785824851916793,0,5.013999999999979,4.027658689662134,20.0
v3_primary_challenge,C1,1017,4,29.724763093261636,426,2.238216406386596,0,5.101999999999981,6.027511845336928,30.0
v3_primary_challenge,C1,1017,5,29.650555555555446,425,2.23415490110687,0,5.133999999999979,6.031603597063644,30.0
v3_primary_challenge,C2,1017,1,54.16884256576753,430,2.065449787615136,0,5.759999999999927,5.671963211799016,3200.0
v3_primary_challenge,C2,1017,2,66.90736516293391,428,2.326146700154449,0,5.6699999999999395,6.40438762380557,3240.0
v3_primary_challenge,C2,1017,3,43.13631729534659,428,1.9144816130579918,0,5.765999999999939,5.27352412230667,2910.0
v3_primary_challenge,C2,1017,4,23.731551077090124,438,1.6675023002936002,0,5.847999999999949,4.588756065858133,2480.0
v3_primary_challenge,C2,1017,5,19.71907627378902,410,2.7640232898880144,0,5.347999999999954,7.511700624207259,2310.0
v3_primary_challenge,C3,1017,1,46.109754572748905,431,1.8944067964597777,0,5.761999999999935,5.217422281045902,2860.0
v3_primary_challenge,C3,1017,2,47.340288525876055,430,1.9037802529411754,0,5.6659999999999435,5.231988838065346,2750.0
v3_primary_challenge,C3,1017,3,47.325009570523804,430,1.8608522285210383,0,5.769999999999933,5.116621241074558,3080.0
v3_primary_challenge,C3,1017,4,46.47294904970528,422,2.058732790168895,0,5.71799999999994,5.665137640922739,2870.0
v3_primary_challenge,C3,1017,5,47.23536320662893,421,2.320529240045464,0,5.679999999999933,6.374767274871382,3600.0
v3_primary_challenge,C4,1017,1,38.48754796566266,439,1.7311313384331641,0,5.729999999999934,4.758184337315726,2690.0
v3_primary_challenge,C4,1017,2,52.275783458338985,427,2.040531874129098,0,5.731999999999936,5.609065675743018,2960.0
v3_primary_challenge,C4,1017,3,50.942541170631785,423,1.9311787567084493,0,5.637999999999941,5.317472120176877,2920.0
v3_primary_challenge,C4,1017,4,39.96445153384076,431,1.958559759840434,0,5.76399999999994,5.390176672242443,3000.0
v3_primary_challenge,C4,1017,5,49.737272111773486,414,2.3768995790252054,0,5.7319999999999345,6.5325449269589715,3590.0
v3_primary_challenge,C5,1017,1,22.7394253554564,443,1.5581582055423264,0,5.761999999999944,4.291033600380457,2500.0
v3_primary_challenge,C5,1017,2,64.73722561912665,425,2.2575520818510526,0,5.657999999999935,6.203625824557898,3080.0
v3_primary_challenge,C5,1017,3,59.45388119997187,424,2.0182250176828482,0,5.613999999999942,5.547686082994092,2800.0
v3_primary_challenge,C5,1017,4,44.98488158393805,421,2.004421308457758,0,5.729999999999939,5.503978146756086,3220.0
v3_primary_challenge,C5,1017,5,35.693468238315276,421,2.199944694602366,0,5.831999999999926,6.043051099947988,3560.0
v3_primary_challenge,C1,1018,1,29.696666666666577,429,2.1811728450497214,0,5.203999999999979,6.035259048439205,30.0
v3_primary_challenge,C1,1018,2,29.634883381964222,460,2.2237335860861394,0,5.505999999999978,6.049839164235134,30.0
v3_primary_challenge,C1,1018,3,29.778888888888748,443,1.447362410979932,0,5.3519999999999825,4.020756946148248,20.0
v3_primary_challenge,C1,1018,4,29.596651626459412,447,2.1783063458845753,0,5.345999999999978,6.038195196454815,30.0
v3_primary_challenge,C1,1018,5,29.743922172624348,449,2.1963522456528857,0,5.303999999999981,6.029415002479903,30.0
v3_primary_challenge,C2,1018,1,21.370426113726023,456,1.6854079760138667,0,5.979999999999944,4.642835909681089,2640.0
v3_primary_challenge,C2,1018,2,19.919494729582567,427,2.8341607901183004,0,5.673999999999945,7.839116942012936,2580.0
v3_primary_challenge,C2,1018,3,41.61972981156266,454,1.8948603759121294,0,5.955999999999942,5.210826770059741,2850.0
v3_primary_challenge,C2,1018,4,19.93871574688222,456,2.7491251418999125,0,5.873999999999951,7.611972974232627,2170.0
v3_primary_challenge,C2,1018,5,19.901541582850964,435,2.542892242808161,0,5.669999999999946,7.01747797043406,2110.0
v3_primary_challenge,C3,1018,1,31.46071336875036,447,1.8480207790362544,0,5.939999999999934,5.093322494654537,2970.0
v3_primary_challenge,C3,1018,2,29.889464639977785,441,1.8764922299511377,0,5.885999999999944,5.170977913277349,2990.0
v3_primary_challenge,C3,1018,3,30.010524865645017,449,1.645641748517437,0,5.869999999999938,4.532144300541649,2480.0
v3_primary_challenge,C3,1018,4,30.34054555595637,449,1.692111399483505,0,5.867999999999937,4.648244528549104,2670.0
v3_primary_challenge,C3,1018,5,28.846194418116138,442,1.8626808614297892,0,5.8959999999999395,5.107248411141921,2770.0
v3_primary_challenge,C4,1018,1,29.06786379862636,448,1.7696577773228808,0,5.773999999999942,4.8826345629516,2680.0
v3_primary_challenge,C4,1018,2,30.949672068487395,443,1.8884485043700063,0,5.877999999999938,5.2049894343262055,2930.0
v3_primary_challenge,C4,1018,3,31.670767376468355,452,1.722928690775797,0,5.977999999999938,4.7357197512135905,2510.0
v3_primary_challenge,C4,1018,4,26.695492388029596,446,1.6519607543349715,0,5.9499999999999345,4.536673804118885,2830.0
v3_primary_challenge,C4,1018,5,32.270681212109274,439,1.8919512916144674,0,5.87999999999994,5.192415730248979,2930.0
v3_primary_challenge,C5,1018,1,22.385756669523392,452,1.7570220127742147,0,5.993999999999933,4.836076247956071,2690.0
v3_primary_challenge,C5,1018,2,22.782946976653605,446,1.7951021391976105,0,5.881999999999935,4.944498891121958,2910.0
v3_primary_challenge,C5,1018,3,22.91096418138958,451,1.5434749942749755,0,5.897999999999947,4.243498480217572,2550.0
v3_primary_challenge,C5,1018,4,48.837860721156076,437,1.9924830859817235,0,5.805999999999941,5.4757548991793135,2910.0
v3_primary_challenge,C5,1018,5,28.571314109538008,442,1.8298946172142352,0,5.877999999999934,5.017085844519585,2810.0
v3_primary_challenge,C1,1019,1,29.721666666666586,453,2.1981253199855098,0,5.387999999999982,6.032165267645679,30.0
v3_primary_challenge,C1,1019,2,29.89999999999992,424,2.182322316948612,0,5.173999999999983,6.011868539270537,30.0
v3_primary_challenge,C1,1019,3,29.62874714974857,418,2.212191574134282,0,4.9819999999999816,6.033201531401471,30.0
v3_primary_challenge,C1,1019,4,29.778113991548306,440,2.1831639255612325,0,5.36199999999998,6.0292887448670385,30.0
v3_primary_challenge,C1,1019,5,29.7822222222221,430,2.175694230127098,0,5.193999999999983,6.02649138214592,30.0
v3_primary_challenge,C2,1019,1,19.886896828105783,416,2.8602102117243926,0,5.5959999999999575,7.881390212936751,2480.0
v3_primary_challenge,C2,1019,2,19.848366785737102,451,1.7347676118083464,0,5.8119999999999505,4.770487008486414,2580.0
v3_primary_challenge,C2,1019,3,19.81291283537058,416,2.4509933609469012,0,5.43999999999996,6.776234958752633,1930.0
v3_primary_challenge,C2,1019,4,48.544670732190745,437,2.019738346451294,0,5.899999999999943,5.540752257018647,3040.0
v3_primary_challenge,C2,1019,5,21.5027603917828,445,1.900371802668386,0,5.8439999999999435,5.229432845056434,2580.0
v3_primary_challenge,C3,1019,1,30.932914195608124,429,2.026271525457688,0,5.819999999999946,5.5655490523177535,2930.0
v3_primary_challenge,C3,1019,2,30.444853127965338,435,1.8650391220153855,0,5.699999999999945,5.134536516372307,2680.0
v3_primary_challenge,C3,1019,3,30.563620888506787,428,1.8477556493330536,0,5.803999999999943,5.091075068390836,2920.0
v3_primary_challenge,C3,1019,4,29.604314724324087,441,1.6413958305526135,0,5.739999999999945,4.514040330785377,2430.0
v3_primary_challenge,C3,1019,5,30.375542917962118,432,2.020616366990881,0,5.811999999999939,5.551936260388435,3070.0
v3_primary_challenge,C4,1019,1,19.956129293521187,436,1.8055328038975318,0,5.759999999999942,4.954978861950691,2650.0
v3_primary_challenge,C4,1019,2,37.9855653824526,433,2.0182233771392704,0,5.793999999999944,5.556504229758529,2960.0
v3_primary_challenge,C4,1019,3,29.260717077561317,435,1.8238914342266888,0,5.753999999999945,5.016715940154322,2660.0
v3_primary_challenge,C4,1019,4,29.901626631838806,430,1.6959314668932848,0,5.827999999999944,4.66792490569823,2720.0
v3_primary_challenge,C4,1019,5,32.51056766752758,431,2.0574994121928465,0,5.739999999999946,5.671151610616531,3040.0
v3_primary_challenge,C5,1019,1,24.538461172244666,438,1.8847616710897697,0,5.773999999999934,5.183641521945461,2980.0
v3_primary_challenge,C5,1019,2,27.146141377540197,435,1.8690284956739396,0,5.793999999999947,5.141422713304964,2540.0
v3_primary_challenge,C5,1019,3,24.899085088088245,432,1.8098728998544218,0,5.825999999999946,4.97211456487546,2770.0
v3_primary_challenge,C5,1019,4,41.477999059740064,431,1.8555672650603283,0,5.739999999999949,5.109299638827814,2790.0
v3_primary_challenge,C5,1019,5,31.82748897581143,429,1.9818481626711622,0,5.741999999999948,5.4499769420476305,2950.0
v3_primary_challenge,C1,1020,1,29.867118400986904,437,2.19163390470877,0,5.231999999999981,6.014505191061777,30.0
v3_primary_challenge,C1,1020,2,29.732222222222106,423,2.234284145985586,0,5.08599999999998,6.025625966956602,30.0
v3_primary_challenge,C1,1020,3,29.780227793603874,446,2.183703829667735,0,5.3639999999999795,6.030794165875372,30.0
v3_primary_challenge,C1,1020,4,29.636111111111006,434,2.217568371027306,0,5.195999999999981,6.029077235019234,30.0
v3_primary_challenge,C1,1020,5,29.719770332422417,428,2.183863176781815,0,5.023999999999976,6.027067038934445,30.0
v3_primary_challenge,C2,1020,1,19.91970992580998,446,2.896275509232314,0,5.883999999999942,7.972255191061812,2450.0
v3_primary_challenge,C2,1020,2,41.73386701301722,445,2.17336404185344,0,5.84399999999995,5.96726376205194,3020.0
v3_primary_challenge,C2,1020,3,19.68118882629038,428,2.8442562806493776,0,5.487999999999954,7.668147158605133,2270.0
v3_primary_challenge,C2,1020,4,19.679221423792708,427,2.661047360453074,0,5.55199999999995,7.342577235019258,2150.0
v3_primary_challenge,C2,1020,5,19.94210323350007,422,2.5159134486694157,0,5.52199999999995,6.953804923258801,2200.0
v3_primary_challenge,C3,1020,1,30.39474405193675,438,1.8089579217261407,0,5.853999999999936,4.964986364391923,2720.0
v3_primary_challenge,C3,1020,2,30.36670761312226,432,1.9133763428469477,0,5.6979999999999364,5.2604224587238635,2940.0
v3_primary_challenge,C3,1020,3,30.700560163103287,428,2.052920495839063,0,5.7719999999999425,5.629322174030578,3100.0
v3_primary_challenge,C3,1020,4,30.724930201167695,441,1.7146331017477099,0,5.735999999999935,4.706390411744323,2660.0
v3_primary_challenge,C3,1020,5,31.261750790361877,429,2.0386688587596367,0,5.723999999999941,5.606571595166815,3140.0
v3_primary_challenge,C4,1020,1,32.57757166013495,435,1.7777020004295379,0,5.691999999999936,4.891855996290782,2660.0
v3_primary_challenge,C4,1020,2,28.112010182925218,433,1.935893758258905,0,5.893999999999944,5.324643142769572,3130.0
v3_primary_challenge,C4,1020,3,32.772590363379436,427,2.111252703039661,0,5.731999999999938,5.792651461822158,3050.0
v3_primary_challenge,C4,1020,4,29.53958425131959,442,1.6990408901549952,0,5.777999999999936,4.6627969660489725,2540.0
v3_primary_challenge,C4,1020,5,28.563301349162302,431,2.0046673690363987,0,5.6879999999999376,5.500552132394263,3180.0
v3_primary_challenge,C5,1020,1,35.831756129045864,440,1.8391777665799318,0,5.681999999999951,5.0501207752918775,2430.0
v3_primary_challenge,C5,1020,2,26.754673895822005,433,1.8628831219470485,0,5.753999999999936,5.107054106192187,2900.0
v3_primary_challenge,C5,1020,3,24.804229169347643,429,1.9693199627677005,0,5.767999999999933,5.409076749455075,3180.0
v3_primary_challenge,C5,1020,4,29.869365560563065,441,1.7235980336361045,0,5.825999999999941,4.727230475955575,2750.0
v3_primary_challenge,C5,1020,5,34.48288273190715,425,2.1335778359887123,0,5.753999999999931,5.857957591401906,3300.0
v3_primary_challenge,C1,1021,1,29.75722222222211,403,2.1753079474219703,0,4.803999999999986,6.025584452872999,30.0
v3_primary_challenge,C1,1021,2,29.82166666666655,430,2.231969452117329,0,5.12199999999998,6.019139547583168,30.0
v3_primary_challenge,C1,1021,3,29.7283457136965,441,1.4501170758955009,0,5.273999999999981,4.026249380981845,20.0
v3_primary_challenge,C1,1021,4,29.728888888888765,405,2.2131228399770726,0,4.963999999999987,6.025071066658835,30.0
v3_primary_challenge,C1,1021,5,29.774999999999892,398,2.1677042888858615,0,4.72599999999998,6.017493748123382,30.0
v3_primary_challenge,C2,1021,1,51.335801769106084,421,2.258837218209883,0,5.54799999999995,6.202154239134815,3150.0
v3_primary_challenge,C2,1021,2,20.51696579266908,417,1.8023303118382148,0,5.631999999999944,4.948932281661109,2890.0
v3_primary_challenge,C2,1021,3,68.24285648486087,411,2.477189397192067,0,5.6759999999999335,6.8041346123393955,3510.0
v3_primary_challenge,C2,1021,4,36.91355993003778,415,2.4604309896034744,0,5.631999999999929,6.756426356141364,3450.0
v3_primary_challenge,C2,1021,5,19.630288102555983,413,2.3246337637754286,0,5.317999999999958,6.300488226054665,1720.0
v3_primary_challenge,C3,1021,1,46.27929326881141,416,2.082810819568522,0,5.555999999999945,5.714215782980267,2870.0
v3_primary_challenge,C3,1021,2,46.694020663312344,414,2.3006551111096565,0,5.565999999999939,6.306345861190133,3060.0
v3_primary_challenge,C3,1021,3,46.569536792273134,427,1.7273276758035223,0,5.485999999999945,4.74690013268978,2390.0
v3_primary_challenge,C3,1021,4,46.353248253217735,413,2.28105005645364,0,5.695999999999932,6.256122368208652,3710.0
v3_primary_challenge,C3,1021,5,46.83404082481098,407,2.2296796395039777,0,5.641999999999936,6.126916221954419,3390.0
v3_primary_challenge,C4,1021,1,43.22787081148739,415,2.0306464121158063,0,5.569999999999942,5.58606719854599,2990.0
v3_primary_challenge,C4,1021,2,45.70053849107848,408,2.3030060934391527,0,5.54599999999994,6.31920030637216,3340.0
v3_primary_challenge,C4,1021,3,47.11964127834294,420,1.8130161288870679,0,5.647999999999943,4.971127838738549,2690.0
v3_primary_challenge,C4,1021,4,43.44042349122842,418,2.20587712281483,0,5.555999999999941,6.068298475477635,3030.0
v3_primary_challenge,C4,1021,5,43.646879149755,416,2.268977545182462,0,5.625999999999933,6.241321017173183,3370.0
v3_primary_challenge,C5,1021,1,26.69185406864053,425,1.821319641649823,0,5.647999999999941,5.007580731983827,2640.0
v3_primary_challenge,C5,1021,2,28.36814135462863,421,1.9279266946232052,0,5.519999999999948,5.3019726691291345,2800.0
v3_primary_challenge,C5,1021,3,61.76522247540927,415,2.0543882125815394,0,5.581999999999939,5.632614708323457,3080.0
v3_primary_challenge,C5,1021,4,48.160167814693956,409,2.2601874164776805,0,5.57199999999994,6.208857235171346,3300.0
v3_primary_challenge,C5,1021,5,54.30901392642157,407,2.557701337107071,0,5.623999999999931,7.037409004841298,3600.0
v3_primary_challenge,C1,1022,1,29.79635491828495,429,2.2134199825725758,0,5.155999999999984,6.0262378096413185,30.0
v3_primary_challenge,C1,1022,2,29.849999999999916,442,1.4455400382041177,0,5.199999999999979,4.013541532582302,20.0
v3_primary_challenge,C1,1022,3,29.80498874894072,422,2.206632516496384,0,5.067999999999982,6.018333895886308,30.0
v3_primary_challenge,C1,1022,4,29.784787366077868,417,2.2111393934833483,0,5.121999999999979,6.017899520585004,30.0
v3_primary_challenge,C1,1022,5,29.668333333333248,430,2.192907810912225,0,5.207999999999984,6.02403245596364,30.0
v3_primary_challenge,C2,1022,1,19.76852121083144,423,3.058591951362329,0,5.547999999999947,8.451432254085796,2410.0
v3_primary_challenge,C2,1022,2,19.713910626841468,426,2.4253373568037766,0,5.481999999999951,6.702208199248995,1900.0
v3_primary_challenge,C2,1022,3,19.702779201732774,428,2.450755403520688,0,5.609999999999966,6.774504567843805,1920.0
v3_primary_challenge,C2,1022,4,42.946725849861885,436,1.9509818276289093,0,5.739999999999948,5.361846924189234,2650.0
v3_primary_challenge,C2,1022,5,19.955556307590403,427,2.4343670702994653,0,5.5119999999999605,6.528976918986123,1950.0
v3_primary_challenge,C3,1022,1,38.79799590313974,422,2.2550093749291165,0,5.689999999999939,6.208962337725177,3470.0
v3_primary_challenge,C3,1022,2,38.84338513044762,429,1.7942150207761345,0,5.78199999999994,4.938758604652188,2600.0
v3_primary_challenge,C3,1022,3,39.156011675084535,428,1.9482023319301174,0,5.755999999999945,5.3647050898144855,2700.0
v3_primary_challenge,C3,1022,4,39.56556588623817,425,1.9387087805652916,0,5.741999999999932,5.336989274002821,3040.0
v3_primary_challenge,C3,1022,5,39.68517291328206,436,1.962692461250156,0,5.611999999999937,5.385386205361732,2470.0
v3_primary_challenge,C4,1022,1,35.05146089183977,425,2.243692786213577,0,5.71999999999994,6.162330269655531,3130.0
v3_primary_challenge,C4,1022,2,35.44816699272924,431,1.796248908177776,0,5.633999999999937,4.938704097879419,2550.0
v3_primary_challenge,C4,1022,3,33.97826538201457,427,1.8979668871649942,0,5.685999999999946,5.215327645450341,2770.0
v3_primary_challenge,C4,1022,4,35.692116398346485,427,1.8355903098387052,0,5.777999999999935,5.043416913816607,2880.0
v3_primary_challenge,C4,1022,5,35.41459008889197,430,2.1253290780557634,0,5.763999999999936,5.848241862505879,2950.0
v3_primary_challenge,C5,1022,1,25.046097852754052,425,2.239255459353967,0,5.731999999999936,6.157133690034247,3210.0
v3_primary_challenge,C5,1022,2,40.348075376451895,430,1.7396046064436173,0,5.631999999999939,4.7789202674609115,2520.0
v3_primary_challenge,C5,1022,3,26.43124400456988,436,1.7521936421179358,0,5.747999999999943,4.827809181771847,2410.0
v3_primary_challenge,C5,1022,4,38.446412270124526,433,1.928037159833355,0,5.71999999999994,5.296064585979028,2840.0
v3_primary_challenge,C5,1022,5,50.00393060802322,416,2.239737101701941,0,5.749999999999934,6.160590931818016,3300.0
v3_primary_challenge,C1,1023,1,29.78222222222213,423,2.2104998085148444,0,5.11799999999998,6.020196379987224,30.0
v3_primary_challenge,C1,1023,2,29.831962052480172,404,1.451467207920778,0,4.823999999999986,4.014651897375995,20.0
v3_primary_challenge,C1,1023,3,29.714444444444343,420,1.4516714013191099,0,5.0479999999999805,4.026208184355577,20.0
v3_primary_challenge,C1,1023,4,29.75722222222211,437,1.4552935821169306,0,5.219999999999978,4.020914926685959,20.0
v3_primary_challenge,C1,1023,5,29.66584742964331,424,1.4490435311769079,0,5.151999999999981,4.0275965174067245,20.0
v3_primary_challenge,C2,1023,1,32.61824637780746,426,1.950958929634632,0,5.8079999999999385,5.3664420322109665,3020.0
v3_primary_challenge,C2,1023,2,37.0008139622266,433,1.737883568775127,0,5.753999999999942,4.779074130514703,2500.0
v3_primary_challenge,C2,1023,3,62.98838454259413,419,2.200724687595887,0,5.665999999999929,6.044148701195377,3220.0
v3_primary_challenge,C2,1023,4,19.932239195269176,415,2.4767711932198986,0,5.331999999999962,6.708989104791876,1790.0
v3_primary_challenge,C2,1023,5,68.76669643504208,415,2.4538953118207507,0,5.547999999999935,6.760252995768734,3310.0
v3_primary_challenge,C3,1023,1,53.46854994593249,414,2.265854119120143,0,5.645999999999939,6.220707210617216,3090.0
v3_primary_challenge,C3,1023,2,51.07176601862407,419,1.9541713674477506,0,5.755999999999934,5.374212420529454,3210.0
v3_primary_challenge,C3,1023,3,54.34068207540498,426,1.9900844322700493,0,5.673999999999942,5.468783431959916,2690.0
v3_primary_challenge,C3,1023,4,52.63557587380004,424,2.012253925923476,0,5.59599999999993,5.525554831487109,2930.0
v3_primary_challenge,C3,1023,5,52.18710559844138,425,1.9694730691408302,0,5.597999999999945,5.418964210177059,2730.0
v3_primary_challenge,C4,1023,1,47.41811496151095,414,2.1474360151237466,0,5.583999999999944,5.917673770543638,3190.0
v3_primary_challenge,C4,1023,2,51.44244980051348,425,1.9478383259855534,0,5.713999999999933,5.355329942957256,2920.0
v3_primary_challenge,C4,1023,3,55.33437478747534,422,1.9809479034022677,0,5.617999999999939,5.4379547015071585,2550.0
v3_primary_challenge,C4,1023,4,51.409280749965994,428,2.0303312652036123,0,5.695999999999937,5.576184519739849,2990.0
v3_primary_challenge,C4,1023,5,50.64222970347003,419,2.085283404187069,0,5.6579999999999355,5.7304822447023795,3000.0
v3_primary_challenge,C5,1023,1,26.608117889555714,433,1.8490978008842114,0,5.701999999999946,5.0886202802422265,2520.0
v3_primary_challenge,C5,1023,2,41.87219927867223,431,1.796397827510428,0,5.765999999999938,4.939928527976305,2590.0
v3_primary_challenge,C5,1023,3,74.5463683293534,413,2.4258580476308906,0,5.549999999999931,6.669972830295781,3170.0
v3_primary_challenge,C5,1023,4,52.09406347062148,414,2.078835441493346,0,5.613999999999931,5.714374321052065,3160.0
v3_primary_challenge,C5,1023,5,53.92503326292941,417,2.0416477963833737,0,5.637999999999943,5.610139363068098,3210.0
v3_primary_challenge,C1,1024,1,29.746666666666595,413,2.2114627913585503,0,4.959999999999981,6.029307046325158,30.0
v3_primary_challenge,C1,1024,2,29.671666666666546,428,2.1775707834307916,0,5.083999999999979,6.036165229410033,30.0
v3_primary_challenge,C1,1024,3,29.696666666666538,396,2.211866569978826,0,4.777999999999981,6.033115612110911,30.0
v3_primary_challenge,C1,1024,4,29.787600811322108,438,1.4445367991670537,0,5.183999999999983,4.015092181656122,20.0
v3_primary_challenge,C1,1024,5,29.83130006818935,414,1.4469462469662835,0,5.067999999999985,4.010934996590539,20.0
v3_primary_challenge,C2,1024,1,36.67990170027944,415,2.0809956400134824,0,5.635999999999944,5.710328028099097,3140.0
v3_primary_challenge,C2,1024,2,28.826025796991985,419,2.035843129156524,0,5.5999999999999455,5.582566581226915,2970.0
v3_primary_challenge,C2,1024,3,31.57805890158677,421,1.8485698706838325,0,5.633999999999932,5.074935223856963,2860.0
v3_primary_challenge,C2,1024,4,46.65116658602556,427,1.8191139084029713,0,5.567999999999942,4.993400510957431,2750.0
v3_primary_challenge,C2,1024,5,53.654346045941615,407,2.6019030769002245,0,5.683999999999928,7.141874936847017,3650.0
v3_primary_challenge,C3,1024,1,47.27262161299172,416,2.1400157453580535,0,5.549999999999941,5.8692603491970035,3070.0
v3_primary_challenge,C3,1024,2,46.33824157473011,413,2.2097718000806594,0,5.67599999999994,6.063284191909245,3360.0
v3_primary_challenge,C3,1024,3,46.76197997828681,411,2.1546872859665576,0,5.6359999999999415,5.920419733974593,3240.0
v3_primary_challenge,C3,1024,4,47.101301870515044,428,1.8589559169642078,0,5.5999999999999375,5.094822730054715,2700.0
v3_primary_challenge,C3,1024,5,46.41997597390137,421,2.022994876787556,0,5.659999999999932,5.564256490062571,3000.0
v3_primary_challenge,C4,1024,1,42.47668173149076,420,2.0985120312910177,0,5.567999999999939,5.751811007676598,2910.0
v3_primary_challenge,C4,1024,2,42.47149982093939,416,2.2018439931359803,0,5.673999999999938,6.041439159694755,3400.0
v3_primary_challenge,C4,1024,3,46.552038702267495,408,2.2080535713591236,0,5.71199999999994,6.068285337829079,3250.0
v3_primary_challenge,C4,1024,4,47.68717700794334,424,1.89014024670139,0,5.563999999999936,5.204329469362331,2790.0
v3_primary_challenge,C4,1024,5,44.19992901161435,421,1.987875782669523,0,5.603999999999938,5.4637931037873235,3020.0
v3_primary_challenge,C5,1024,1,28.30563870808226,425,1.8384343270153163,0,5.643999999999944,5.049834718621669,2810.0
v3_primary_challenge,C5,1024,2,24.38388628808969,422,1.849702789280788,0,5.671999999999938,5.067752092940432,3110.0
v3_primary_challenge,C5,1024,3,27.26737014015515,428,1.7716477142893887,0,5.603999999999939,4.859511896896487,2700.0
v3_primary_challenge,C5,1024,4,62.235677657734136,415,2.2284927550733906,0,5.565999999999936,6.122897854641636,3020.0
v3_primary_challenge,C5,1024,5,67.37130978637724,399,2.6981480394981507,0,5.635999999999936,7.409526499745347,3730.0
v3_primary_challenge,C1,1025,1,29.799999999999923,442,1.470769532203958,0,5.203999999999984,4.016157283429269,20.0
v3_primary_challenge,C1,1025,2,29.77578040331209,420,2.1918196013321833,0,5.131999999999983,6.021210979834404,30.0
v3_primary_challenge,C1,1025,3,29.710459568288712,429,2.2088223476165147,0,5.245999999999982,6.024643688252242,30.0
v3_primary_challenge,C1,1025,4,29.67888888888876,421,2.210627650443516,0,5.047999999999982,6.033712710948716,30.0
v3_primary_challenge,C1,1025,5,29.713983747533064,398,2.2168096378220747,0,4.851999999999986,6.035523034845578,30.0
v3_primary_challenge,C2,1025,1,64.9593760157023,425,2.4068645127727097,0,5.755999999999947,6.602824468401653,3340.0
v3_primary_challenge,C2,1025,2,35.23558606878971,433,1.8465165293605545,0,5.807999999999944,5.07085139438504,2750.0
v3_primary_challenge,C2,1025,3,19.665069522502783,407,2.824082758657078,0,5.4919999999999485,7.784027102719895,2440.0
v3_primary_challenge,C2,1025,4,25.482151188608043,430,1.813276760409126,0,5.667999999999947,4.986625825934703,2680.0
v3_primary_challenge,C2,1025,5,19.767438391731577,415,2.8435990241836007,0,5.437999999999951,7.850328590401167,2330.0
v3_primary_challenge,C3,1025,1,42.11618095547144,429,1.83985212592718,0,5.70999999999994,5.061777554926577,2780.0
v3_primary_challenge,C3,1025,2,42.021291215006315,422,1.9830617797515737,0,5.747999999999943,5.458360378100667,2970.0
v3_primary_challenge,C3,1025,3,42.70332919094212,419,2.2045027114888116,0,5.665999999999948,6.050268896102839,3090.0
v3_primary_challenge,C3,1025,4,41.632804194152435,416,2.1188400425817973,0,5.609999999999943,5.816391205910347,2960.0
v3_primary_challenge,C3,1025,5,40.66094473781394,424,2.149952717890601,0,5.73199999999993,5.914669620560946,3260.0
v3_primary_challenge,C4,1025,1,31.315828607064315,429,1.795256015436038,0,5.8079999999999385,4.937707732470733,2810.0
v3_primary_challenge,C4,1025,2,46.41203727123467,426,2.021038699428535,0,5.6819999999999355,5.564715260702346,2910.0
v3_primary_challenge,C4,1025,3,43.96493975613396,416,2.2127263053207202,0,5.587999999999949,6.08853013359704,2950.0
v3_primary_challenge,C4,1025,4,39.43557477752539,421,2.0253941295023825,0,5.567999999999943,5.566102560936123,2910.0
v3_primary_challenge,C4,1025,5,40.04937527107937,418,2.241794227952288,0,5.819999999999937,6.163747959620235,3480.0
v3_primary_challenge,C5,1025,1,38.550757398157046,434,1.7246441933119452,0,5.621999999999948,4.7507784866704865,2600.0
v3_primary_challenge,C5,1025,2,42.47544413393063,429,1.9597355223749002,0,5.653999999999933,5.38397224106545,2810.0
v3_primary_challenge,C5,1025,3,28.479573388356638,420,1.9270105529121413,0,5.669999999999945,5.302373141369478,2820.0
v3_primary_challenge,C5,1025,4,36.283599427754005,415,2.3154730869186335,0,5.787999999999939,6.366639619047633,3420.0
v3_primary_challenge,C5,1025,5,52.99982384921434,412,2.369346022122344,0,5.731999999999938,6.513393724571444,3410.0
v3_primary_challenge,C1,1026,1,29.601004766020456,412,2.2021911315980884,0,4.929999999999977,6.049921983921207,30.0
v3_primary_challenge,C1,1026,2,29.68962904813069,422,2.189655842247047,0,5.06199999999998,6.032129658704585,30.0
v3_primary_challenge,C1,1026,3,29.759881862005777,393,2.209901772461841,0,4.775999999999985,6.023255906899719,30.0
v3_primary_challenge,C1,1026,4,29.592236048863956,426,2.180308256778732,0,5.1179999999999835,6.037165975334588,30.0
v3_primary_challenge,C1,1026,5,29.753888888888795,413,2.2500067114654763,0,5.077999999999979,6.031139095616654,30.0
v3_primary_challenge,C2,1026,1,38.31485923276765,416,2.044813842334723,0,5.5659999999999386,5.632164945559632,3100.0
v3_primary_challenge,C2,1026,2,55.33716686481288,408,2.346589165568338,0,5.697999999999931,6.4178306820297815,3420.0
v3_primary_challenge,C2,1026,3,31.18259596270419,418,1.9354075018201098,0,5.635999999999939,5.317163482812759,2890.0
v3_primary_challenge,C2,1026,4,19.620267998304996,406,2.9835747972448887,0,5.409999999999948,8.230054864223519,2470.0
v3_primary_challenge,C2,1026,5,36.77676800642202,418,2.0173735165336315,0,5.559999999999942,5.545040356479251,2800.0
v3_primary_challenge,C3,1026,1,42.26928259830594,408,2.1887725696408156,0,5.637999999999936,6.024019596403281,3300.0
v3_primary_challenge,C3,1026,2,41.71330078920305,418,1.9475334796692965,0,5.595999999999935,5.347441307224055,2830.0
v3_primary_challenge,C3,1026,3,43.1558802105568,412,2.1559119373569553,0,5.567999999999939,5.88928746162142,3040.0
v3_primary_challenge,C3,1026,4,42.83456730235314,412,2.2290373868567674,0,5.553999999999937,6.119871753482865,3190.0
v3_primary_challenge,C3,1026,5,42.030864772467865,416,1.9530211109707662,0,5.613999999999939,5.377995946858149,2820.0
v3_primary_challenge,C4,1026,1,41.57473733275849,413,2.1550266121073074,0,5.555999999999938,5.924905869556438,3120.0
v3_primary_challenge,C4,1026,2,39.9408808036816,419,1.88747374516797,0,5.609999999999938,5.173365147450404,2920.0
v3_primary_challenge,C4,1026,3,38.50084875445651,414,2.16947980114768,0,5.585999999999934,5.969826540305312,3110.0
v3_primary_challenge,C4,1026,4,42.70615578962127,407,2.3895121784503934,0,5.64199999999994,6.5578906026975385,3350.0
v3_primary_challenge,C4,1026,5,36.916298139792595,413,1.8727841476212506,0,5.5759999999999375,5.148914701730134,2680.0
v3_primary_challenge,C5,1026,1,32.82571346715456,419,2.005092253923271,0,5.567999999999943,5.516634561865917,2810.0
v3_primary_challenge,C5,1026,2,48.667353227018495,417,2.0415354992470003,0,5.5939999999999435,5.61326836793409,2790.0
v3_primary_challenge,C5,1026,3,47.817078283726104,410,2.270113177736291,0,5.58799999999993,6.23064339754298,3170.0
v3_primary_challenge,C5,1026,4,25.155222512668608,412,2.0582711253163475,0,5.617999999999938,5.650736161619332,3170.0
v3_primary_challenge,C5,1026,5,40.82863228940347,408,2.0992644282716917,0,5.601999999999933,5.780945423143293,3240.0
v3_primary_challenge,C1,1027,1,29.80722222222204,423,2.2402434046154283,0,5.007999999999978,6.024482610277783,30.0
v3_primary_challenge,C1,1027,2,29.73436930231203,417,2.166328379241058,0,5.045999999999982,6.022392645995517,30.0
v3_primary_challenge,C1,1027,3,29.646666666666547,441,2.1728567940113956,0,5.245999999999978,6.027506908335928,30.0
v3_primary_challenge,C1,1027,4,29.74666666666655,438,2.199360836262712,0,5.275999999999981,6.0224206124345905,30.0
v3_primary_challenge,C1,1027,5,29.86444444444435,440,2.1839582611254076,0,5.45399999999998,6.014212422734543,30.0
v3_primary_challenge,C2,1027,1,19.902338231467898,410,2.7748023663849715,0,5.421999999999946,7.638789243176347,2250.0
v3_primary_challenge,C2,1027,2,20.47246943620239,450,1.6774283485865447,0,5.869999999999938,4.617210093754383,2740.0
v3_primary_challenge,C2,1027,3,56.718420989968585,428,2.3711422206814636,0,5.797999999999942,6.521232109782004,3290.0
v3_primary_challenge,C2,1027,4,19.954930268312495,434,2.2304785642397906,0,5.5399999999999565,6.171984314756521,1630.0
v3_primary_challenge,C2,1027,5,48.28772707506739,437,1.9714801664707962,0,5.909999999999949,5.422320998710173,2790.0
v3_primary_challenge,C3,1027,1,33.30146588481246,422,2.114498488232578,0,5.747999999999949,5.797778126740666,3070.0
v3_primary_challenge,C3,1027,2,33.981393641676604,435,1.8402004790045248,0,5.757999999999937,5.057462328079392,2770.0
v3_primary_challenge,C3,1027,3,33.43322358709908,435,1.8280043797134375,0,5.751999999999936,5.020573643246471,2660.0
v3_primary_challenge,C3,1027,4,32.90703149743812,428,2.146123734825145,0,5.827999999999934,5.9035268840192145,3430.0
v3_primary_challenge,C3,1027,5,33.55084104940351,439,1.7129066904777688,0,5.819999999999935,4.7060818721919455,2600.0
v3_primary_challenge,C4,1027,1,28.604077641244125,427,2.044330623133846,0,5.783999999999945,5.6076587145622465,2960.0
v3_primary_challenge,C4,1027,2,28.237475637286547,436,1.7698004398519092,0,5.797999999999939,4.862521514919707,2810.0
v3_primary_challenge,C4,1027,3,32.912721274826254,437,1.8957468506009532,0,5.867999999999937,5.222643317992981,2620.0
v3_primary_challenge,C4,1027,4,39.322605857374164,420,2.24175293153798,0,5.7379999999999365,6.175423097455251,3470.0
v3_primary_challenge,C4,1027,5,36.80460486018779,439,1.690102927128766,0,5.717999999999935,4.6453315546328575,2670.0
v3_primary_challenge,C5,1027,1,23.82342195592382,434,2.055838835069505,0,5.831999999999926,5.653634404078253,3230.0
v3_primary_challenge,C5,1027,2,46.08918396298945,433,2.0456971762505924,0,5.715999999999943,5.615435177478348,2800.0
v3_primary_challenge,C5,1027,3,25.50653039515242,435,1.7100801610638754,0,5.7819999999999485,4.706652764615853,2560.0
v3_primary_challenge,C5,1027,4,23.480328598314518,425,2.0214293896160793,0,5.8739999999999295,5.567166867983692,3070.0
v3_primary_challenge,C5,1027,5,44.0885658161691,432,1.8086882102534014,0,5.701999999999942,4.983668491320803,2870.0
v3_primary_challenge,C1,1028,1,29.639576802825008,432,1.4775876884590868,0,5.177999999999978,4.030521159858754,20.0
v3_primary_challenge,C1,1028,2,29.611111111110976,421,2.199406957376717,0,5.0899999999999785,6.042003112403348,30.0
v3_primary_challenge,C1,1028,3,29.85722222222209,427,2.170423599898278,0,5.157999999999978,6.020753978677788,30.0
v3_primary_challenge,C1,1028,4,29.867777777777636,419,2.1767779077043263,0,5.069999999999976,6.014348751599444,30.0
v3_primary_challenge,C1,1028,5,29.664060680623365,410,1.4623129230888081,0,4.9659999999999815,4.022324743746613,20.0
v3_primary_challenge,C2,1028,1,38.682192829865,431,1.875247888259636,0,5.7419999999999325,5.160161848624893,2810.0
v3_primary_challenge,C2,1028,2,19.81151128273115,414,2.415434285600615,0,5.469999999999952,6.685117145326538,1890.0
v3_primary_challenge,C2,1028,3,68.87736215403208,410,2.647745202721488,0,5.6619999999999315,7.274179744537943,3780.0
v3_primary_challenge,C2,1028,4,41.804270555419414,422,2.188031856315806,0,5.7319999999999345,6.022161152796475,3140.0
v3_primary_challenge,C2,1028,5,36.75081012606495,432,1.6914910791980087,0,5.631999999999933,4.6436152500499,2390.0
v3_primary_challenge,C3,1028,1,47.11283865753151,426,1.9181590395657553,0,5.6639999999999295,5.277519303129525,2830.0
v3_primary_challenge,C3,1028,2,47.32828014125307,419,2.127022703990644,0,5.613999999999935,5.850575021664721,2900.0
v3_primary_challenge,C3,1028,3,48.07230319769106,418,2.0101337308904057,0,5.703999999999932,5.51325802745126,2940.0
v3_primary_challenge,C3,1028,4,46.22834199726578,418,2.284156398868437,0,5.779999999999927,6.268320628599354,3530.0
v3_primary_challenge,C3,1028,5,46.542687029214314,428,1.8781978732883622,0,5.659999999999934,5.158153539651806,2730.0
v3_primary_challenge,C4,1028,1,50.34291575601409,424,1.9494521883959859,0,5.651999999999934,5.367389169881712,2760.0
v3_primary_challenge,C4,1028,2,44.097341260604125,421,2.196884799142599,0,5.667999999999928,6.048468930864261,3230.0
v3_primary_challenge,C4,1028,3,41.33923428600073,423,1.9389674044453682,0,5.727999999999932,5.3160077633573755,3040.0
v3_primary_challenge,C4,1028,4,48.49300286313169,414,2.2842497405012843,0,5.677999999999928,6.2740430387476485,3310.0
v3_primary_challenge,C4,1028,5,44.23540156768019,427,1.8481156141183672,0,5.6959999999999384,5.0800392665751,2590.0
v3_primary_challenge,C5,1028,1,44.558464109370476,430,1.8719852635382335,0,5.697999999999939,5.151691836004199,2790.0
v3_primary_challenge,C5,1028,2,27.3504624966099,430,1.8035725674615977,0,5.743999999999934,4.968887348345003,2750.0
v3_primary_challenge,C5,1028,3,47.92052242262467,422,2.042721265967109,0,5.575999999999935,5.608054836789671,2700.0
v3_primary_challenge,C5,1028,4,29.74393469282565,424,2.0020643072071245,0,5.775999999999932,5.47693833755698,2960.0
v3_primary_challenge,C5,1028,5,62.24235975610549,403,2.49732634242954,0,5.627999999999919,6.870297488706219,3730.0
v3_primary_challenge,C1,1029,1,29.78332008979444,439,1.4502353563569126,0,5.245999999999979,4.01333399551028,20.0
v3_primary_challenge,C1,1029,2,29.67141700335862,442,2.2108944905980867,0,5.357999999999983,6.038373594276521,30.0
v3_primary_challenge,C1,1029,3,29.782222222222128,434,2.2161188257824196,0,5.191999999999977,6.018316306861446,30.0
v3_primary_challenge,C1,1029,4,29.714444444444332,428,2.170189026835463,0,5.139999999999977,6.0266150541079915,30.0
v3_primary_challenge,C1,1029,5,29.74666666666657,436,2.1760294961082236,0,5.219999999999981,6.027586425435188,30.0
v3_primary_challenge,C2,1029,1,19.60560875055219,433,2.7487814700742135,0,5.767999999999949,7.399958081824403,2280.0
v3_primary_challenge,C2,1029,2,34.09997874546636,463,1.8056452276214638,0,6.011999999999952,4.9788447537720915,2670.0
v3_primary_challenge,C2,1029,3,19.92456442028469,424,2.742172474118698,0,5.529999999999958,7.5643434943571615,2230.0
v3_primary_challenge,C2,1029,4,19.80043309478251,442,2.563321748396,0,5.663999999999947,7.085746742116765,2000.0
v3_primary_challenge,C2,1029,5,19.78270302276493,417,2.3453624329241314,0,5.3479999999999555,6.483564720427131,1790.0
v3_primary_challenge,C3,1029,1,28.98820575427669,443,1.6533410604967056,0,5.7599999999999385,4.5410359896069625,2400.0
v3_primary_challenge,C3,1029,2,31.16530309905387,440,1.6921252311326513,0,5.863999999999936,4.645083193673706,2720.0
v3_primary_challenge,C3,1029,3,29.3831098926997,432,2.0757606259790475,0,5.8259999999999375,5.698464492091813,3120.0
v3_primary_challenge,C3,1029,4,29.688039261946468,435,2.0287506225816183,0,5.771999999999935,5.57342935262136,3210.0
v3_primary_challenge,C3,1029,5,30.27806369361911,429,1.9071818162534095,0,5.7659999999999405,5.249208191611235,2850.0
v3_primary_challenge,C4,1029,1,32.593039364395295,438,1.7089077309548855,0,5.739999999999941,4.695738069933595,2590.0
v3_primary_challenge,C4,1029,2,30.398643034869266,440,1.641312785725448,0,5.779999999999938,4.517968170853132,2640.0
v3_primary_challenge,C4,1029,3,34.19683979893794,429,2.1830077032685615,0,5.845999999999935,6.0054537785389694,3240.0
v3_primary_challenge,C4,1029,4,23.719753353763245,433,1.962040301649128,0,5.803999999999932,5.396818530447027,3050.0
v3_primary_challenge,C4,1029,5,27.26296957389212,439,1.8618908348454093,0,5.817999999999942,5.124085456094053,2780.0
v3_primary_challenge,C5,1029,1,35.08143167647756,437,1.7603132464055296,0,5.785999999999939,4.843389780050532,2840.0
v3_primary_challenge,C5,1029,2,27.791999262534496,443,1.6198484284428563,0,5.845999999999946,4.4609180018477295,2570.0
v3_primary_challenge,C5,1029,3,24.306890110463677,433,2.0299485927321794,0,5.801999999999925,5.574223857435081,3210.0
v3_primary_challenge,C5,1029,4,27.20900047271772,434,1.9675816129188437,0,5.7599999999999385,5.402379475894727,2810.0
v3_primary_challenge,C5,1029,5,31.09729706035197,432,1.979467475944023,0,5.793999999999938,5.451772661543236,2870.0
v3_primary_challenge,C1,1030,1,29.680942433958556,432,2.175138908173607,0,5.149999999999979,6.024897322746524,30.0
v3_primary_challenge,C1,1030,2,29.714444444444343,432,2.2165135963299725,0,5.151999999999979,6.0261637976115505,30.0
v3_primary_challenge,C1,1030,3,29.753888888888746,446,2.1952200590510724,0,5.335999999999979,6.028604639749242,30.0
v3_primary_challenge,C1,1030,4,29.632222222222122,430,2.213528206876427,0,5.097999999999982,6.039098197212736,30.0
v3_primary_challenge,C1,1030,5,29.661111111111044,446,1.4753749853311982,0,5.337999999999985,4.02205675986008,20.0
v3_primary_challenge,C2,1030,1,19.918957000049474,432,2.9198376754543753,0,5.6559999999999455,8.076425100524345,2430.0
v3_primary_challenge,C2,1030,2,19.902193788303045,407,2.592993015869462,0,5.193999999999966,7.159274908722683,2040.0
v3_primary_challenge,C2,1030,3,47.3452143627436,450,2.0410479933889554,0,5.977999999999934,5.603670913442002,2840.0
v3_primary_challenge,C2,1030,4,19.928967681345895,441,2.310730841415306,0,5.567999999999956,6.384070419434971,1610.0
v3_primary_challenge,C2,1030,5,33.34127927789367,456,1.674737124485617,0,5.947999999999947,4.611898501532568,2570.0
v3_primary_challenge,C3,1030,1,32.54874313273981,430,1.9872076385757658,0,5.7319999999999345,5.461418066315394,3030.0
v3_primary_challenge,C3,1030,2,33.0265819446538,429,2.164513091324196,0,5.857999999999939,5.948709561510948,3260.0
v3_primary_challenge,C3,1030,3,32.65172990972356,442,1.7000019444685879,0,5.747999999999938,4.673139176799403,2490.0
v3_primary_challenge,C3,1030,4,36.07629575159638,439,1.8626586346439722,0,5.725999999999946,5.118660630061887,2660.0
v3_primary_challenge,C3,1030,5,33.80328495651508,446,1.603540295890949,0,5.74799999999994,4.408609896574752,2390.0
v3_primary_challenge,C4,1030,1,35.57526587178117,429,2.0276457462731834,0,5.71599999999994,5.572660616335622,2990.0
v3_primary_challenge,C4,1030,2,30.52635142427289,429,2.1154516040784554,0,5.821999999999936,5.822114432721611,3090.0
v3_primary_challenge,C4,1030,3,40.61243463876199,437,1.7850904907943717,0,5.653999999999943,4.904281927242924,2630.0
v3_primary_challenge,C4,1030,4,35.420546160655384,442,1.901515111710237,0,5.855999999999928,5.223653283023319,2910.0
v3_primary_challenge,C4,1030,5,25.08091326799552,449,1.488218652047224,0,5.763999999999951,4.088933709631215,2210.0
v3_primary_challenge,C5,1030,1,21.788429742739503,441,1.8500226474003574,0,5.7279999999999385,5.089895999001985,2740.0
v3_primary_challenge,C5,1030,2,21.31266780152348,436,1.9503493113270354,0,5.783999999999932,5.351972109242355,3080.0
v3_primary_challenge,C5,1030,3,41.024499172134426,439,1.8230368926244114,0,5.705999999999947,4.99809070946711,2550.0
v3_primary_challenge,C5,1030,4,41.59406784770188,430,1.9810063285484574,0,5.785999999999935,5.442468256264532,2940.0
v3_primary_challenge,C5,1030,5,38.13046016104101,440,1.7135064250032093,0,5.807999999999945,4.716090879023278,2520.0
v3_primary_challenge,C1,1031,1,29.696666666666573,412,1.448632015216264,0,4.877999999999984,4.024288517199313,20.0
v3_primary_challenge,C1,1031,2,29.757222222222072,416,1.4840930322898631,0,5.019999999999984,4.015681325908388,20.0
v3_primary_challenge,C1,1031,3,29.824999999999886,433,2.1749507039754943,0,5.1339999999999755,6.024462437435228,30.0
v3_primary_challenge,C1,1031,4,29.764444444444333,421,1.487144869443138,0,5.039999999999984,4.019478274375537,20.0
v3_primary_challenge,C1,1031,5,29.741082644081047,420,2.2251623175859634,0,5.149999999999983,6.026862534462621,30.0
v3_primary_challenge,C2,1031,1,37.1389482345171,426,2.0762580114523654,0,5.615999999999936,5.688059855348068,2810.0
v3_primary_challenge,C2,1031,2,50.213540287418056,410,2.295417053057371,0,5.671999999999935,6.314277647014599,3370.0
v3_primary_challenge,C2,1031,3,54.07200411377542,416,2.130124487956221,0,5.579999999999946,5.870235505348604,3090.0
v3_primary_challenge,C2,1031,4,21.36349811017277,429,1.5608308129585495,0,5.609999999999946,4.289723843985151,2270.0
v3_primary_challenge,C2,1031,5,23.339110663734452,421,1.9687488891649008,0,5.595999999999938,5.409825108306262,2840.0
v3_primary_challenge,C3,1031,1,41.514591547349575,427,1.9525927601195932,0,5.5739999999999466,5.360467614741845,2540.0
v3_primary_challenge,C3,1031,2,40.811823192765374,424,1.858922645139741,0,5.64599999999994,5.112399052778414,2640.0
v3_primary_challenge,C3,1031,3,41.20174204590542,417,1.9622715880102948,0,5.551999999999935,5.3966569225350325,2890.0
v3_primary_challenge,C3,1031,4,41.84057591222234,420,1.988256230751198,0,5.625999999999939,5.4547339645582165,2910.0
v3_primary_challenge,C3,1031,5,41.35544799701162,414,2.2693360305685806,0,5.675999999999939,6.2351832536598675,3400.0
v3_primary_challenge,C4,1031,1,40.19179667512258,419,1.9616476402671446,0,5.619999999999939,5.380867456196973,2830.0
v3_primary_challenge,C4,1031,2,36.178283477817374,424,1.8160174680800172,0,5.691999999999933,5.0021547052893975,2750.0
v3_primary_challenge,C4,1031,3,43.14032864486869,420,1.9927534365099393,0,5.583999999999939,5.475630571252198,2850.0
v3_primary_challenge,C4,1031,4,36.23833226072059,423,2.028645083659488,0,5.575999999999944,5.5924932632977296,2680.0
v3_primary_challenge,C4,1031,5,39.78730808528068,416,2.2323156260728187,0,5.601999999999943,6.126649662671967,3270.0
v3_primary_challenge,C5,1031,1,35.788428342631384,420,2.0698145905150374,0,5.6479999999999375,5.686150790379788,2780.0
v3_primary_challenge,C5,1031,2,52.306618943673946,427,1.9417042838071663,0,5.605999999999946,5.343913146420963,2790.0
v3_primary_challenge,C5,1031,3,34.669728940265614,425,1.8445334465046583,0,5.5499999999999385,5.074006333840476,2760.0
v3_primary_challenge,C5,1031,4,38.908038257203465,413,2.160656318273323,0,5.629999999999939,5.944342909864905,2960.0
v3_primary_challenge,C5,1031,5,35.64419586918111,417,2.0146706154892224,0,5.639999999999938,5.537433439032833,3090.0
v3_primary_challenge,C1,1032,1,29.67886685551025,429,1.4463526275528547,0,5.175999999999985,4.0223066572244885,20.0
v3_primary_challenge,C1,1032,2,29.708490741234762,420,2.203476101866258,0,5.225999999999979,6.034186574049379,30.0
v3_primary_challenge,C1,1032,3,29.636971586862877,417,1.4921908237257584,0,5.119999999999985,4.033123642879082,20.0
v3_primary_challenge,C1,1032,4,29.88336879610699,424,1.451430974454172,0,5.147999999999985,4.010303782416877,20.0
v3_primary_challenge,C1,1032,5,29.728888888888765,418,2.1852090999530143,0,5.137999999999982,6.0242042490492285,30.0
v3_primary_challenge,C2,1032,1,63.940638247241075,417,2.192542399236238,0,5.727999999999948,6.035894603202873,3110.0
v3_primary_challenge,C2,1032,2,31.96372576140247,421,2.0960885202567945,0,5.7739999999999405,5.7431524771571105,3130.0
v3_primary_challenge,C2,1032,3,64.93479318565906,419,2.1764295520639303,0,5.783999999999934,5.991792968431594,3250.0
v3_primary_challenge,C2,1032,4,30.596904686017023,423,1.7663460198308611,0,5.761999999999937,4.839493770245933,2710.0
v3_primary_challenge,C2,1032,5,31.761624234004465,428,1.760585785859938,0,5.721999999999951,4.840257682971713,2730.0
v3_primary_challenge,C3,1032,1,46.41166995628425,427,1.8417885102826532,0,5.619999999999945,5.075990155038728,2770.0
v3_primary_challenge,C3,1032,2,47.007329378209405,419,2.2607466115449486,0,5.75399999999994,6.206122259189047,3110.0
v3_primary_challenge,C3,1032,3,47.16980898625479,425,1.840111503954263,0,5.709999999999947,5.054373539980638,2370.0
v3_primary_challenge,C3,1032,4,46.87898135067167,420,2.0381044779992457,0,5.887999999999941,5.603466393219882,3360.0
v3_primary_challenge,C3,1032,5,45.8757003121213,417,2.041073184715412,0,5.789999999999938,5.610723103234668,3280.0
v3_primary_challenge,C4,1032,1,44.64263256279352,425,1.8697773479749762,0,5.7619999999999365,5.138135538161985,3080.0
v3_primary_challenge,C4,1032,2,46.237805746955445,418,2.223053709524833,0,5.6799999999999455,6.084687972508302,3220.0
v3_primary_challenge,C4,1032,3,46.757070548052575,423,1.8777742901075605,0,5.815999999999947,5.164812521279008,2720.0
v3_primary_challenge,C4,1032,4,45.31926937745586,420,1.957035427165368,0,5.751999999999945,5.37816300750548,2920.0
v3_primary_challenge,C4,1032,5,48.243403283111746,422,2.0941835137237854,0,5.7519999999999385,5.7582574126323705,2950.0
v3_primary_challenge,C5,1032,1,31.52108674612451,432,1.6482173319224633,0,5.763999999999953,4.539377715661071,2430.0
v3_primary_challenge,C5,1032,2,35.86582935200507,419,2.080972810971623,0,5.789999999999943,5.727098381705686,2980.0
v3_primary_challenge,C5,1032,3,30.368017290156256,433,1.5700222282482779,0,5.811999999999947,4.3084633962758225,2500.0
v3_primary_challenge,C5,1032,4,66.32612714201275,409,2.5164938734958553,0,5.623999999999934,6.918159147734991,3530.0
v3_primary_challenge,C5,1032,5,55.454015308403406,415,2.206118043858303,0,5.7719999999999345,6.078087563214634,3450.0
v3_primary_challenge,C1,1033,1,29.796666666666567,444,2.1725659319113637,0,5.351999999999978,6.026653920414745,30.0
v3_primary_challenge,C1,1033,2,29.597147378814668,442,1.4563491245238032,0,5.2919999999999785,4.023892631059269,20.0
v3_primary_challenge,C1,1033,3,29.736519135903222,429,1.4548625241823938,0,5.13999999999998,4.019785154315954,20.0
v3_primary_challenge,C1,1033,4,29.736111111111,426,2.193628248710039,0,5.263999999999986,6.026372271922023,30.0
v3_primary_challenge,C1,1033,5,29.83944444444434,445,2.195285482113912,0,5.349999999999979,6.0158980204525125,30.0
v3_primary_challenge,C2,1033,1,51.68435051274065,431,2.2784663829518275,0,5.873999999999932,6.26365681190159,3350.0
v3_primary_challenge,C2,1033,2,22.524055388270884,443,1.6577440875548861,0,5.851999999999939,4.547475348452739,2600.0
v3_primary_challenge,C2,1033,3,48.5801246508919,440,1.9772702329191525,0,5.925999999999948,5.435541386860585,2870.0
v3_primary_challenge,C2,1033,4,19.65445066879419,427,2.43625727853248,0,5.4819999999999505,6.734919700638035,1880.0
v3_primary_challenge,C2,1033,5,23.680425018749737,445,1.7130143661533652,0,5.891999999999951,4.708474826945586,2570.0
v3_primary_challenge,C3,1033,1,39.12669458186751,442,1.831833269320235,0,5.853999999999948,5.040311233504823,2560.0
v3_primary_challenge,C3,1033,2,38.89333858213842,438,1.8060359014618814,0,5.807999999999939,4.963692691307507,2780.0
v3_primary_challenge,C3,1033,3,38.857550494224505,442,1.7893914008491585,0,5.859999999999939,4.918120324333389,2790.0
v3_primary_challenge,C3,1033,4,38.93036025246116,433,1.972084689109395,0,5.893999999999933,5.407411766689928,3190.0
v3_primary_challenge,C3,1033,5,38.83532628220809,431,1.9593271282242977,0,5.781999999999943,5.394760344238299,2810.0
v3_primary_challenge,C4,1033,1,35.5170856680518,437,1.845844787121434,0,5.881999999999929,5.0812221430351086,3070.0
v3_primary_challenge,C4,1033,2,39.91865424263415,440,1.794604513154831,0,5.793999999999947,4.932797565413224,2450.0
v3_primary_challenge,C4,1033,3,36.773582401942896,437,1.7532146849085422,0,5.8439999999999435,4.811588953756077,2970.0
v3_primary_challenge,C4,1033,4,35.7887361947334,440,1.8840739251530956,0,5.863999999999945,5.172142414992047,2640.0
v3_primary_challenge,C4,1033,5,40.034868871335156,432,2.080934478627065,0,5.813999999999939,5.712701013868726,3000.0
v3_primary_challenge,C5,1033,1,42.09935470573984,436,1.91686720482807,0,5.743999999999942,5.283221018535729,2700.0
v3_primary_challenge,C5,1033,2,28.628068126375155,443,1.6370376998161515,0,5.861999999999949,4.493839148753842,2470.0
v3_primary_challenge,C5,1033,3,26.97590136573481,440,1.5803435453391896,0,5.8399999999999395,4.3541498305532285,2550.0
v3_primary_challenge,C5,1033,4,62.55137425839098,432,2.377626391182054,0,5.757999999999932,6.519065429156815,3290.0
v3_primary_challenge,C5,1033,5,29.06898129443863,435,1.8467975477995024,0,5.993999999999939,5.077102774177078,3120.0
v3_primary_challenge,C1,1034,1,29.77395131650628,415,1.4496593375409779,0,4.9919999999999805,4.0205802119524705,20.0
v3_primary_challenge,C1,1034,2,29.811111111111032,406,2.2411102382453896,0,5.009999999999981,6.026731726052441,30.0
v3_primary_challenge,C1,1034,3,29.79666666666654,419,2.2116819401415135,0,5.0619999999999825,6.019052505687028,30.0
v3_primary_challenge,C1,1034,4,29.685062569106453,423,1.4501133584764692,0,5.139999999999982,4.02841353821135,20.0
v3_primary_challenge,C1,1034,5,29.73681261401873,434,1.4839339652732288,0,5.301999999999979,4.019048258187957,20.0
v3_primary_challenge,C2,1034,1,42.722811666123256,421,2.1177562945847805,0,5.707999999999929,5.827623486911631,3060.0
v3_primary_challenge,C2,1034,2,35.11987421387483,416,2.3018717623570404,0,5.647999999999936,6.320506748851413,3270.0
v3_primary_challenge,C2,1034,3,26.81569971359965,415,2.0004112060075463,0,5.699999999999934,5.483476523210445,3080.0
v3_primary_challenge,C2,1034,4,28.99384142993611,418,1.8694609287121224,0,5.7119999999999385,5.160734596273377,2840.0
v3_primary_challenge,C2,1034,5,39.56695923464069,427,1.7607449234779926,0,5.6819999999999435,4.8232017754755825,2590.0
v3_primary_challenge,C3,1034,1,41.97532298237286,420,1.7852055722093363,0,5.647999999999938,4.907928456358432,2680.0
v3_primary_challenge,C3,1034,2,42.58191959992725,414,2.243819366939825,0,5.675999999999937,6.159630167491107,3170.0
v3_primary_challenge,C3,1034,3,41.30459051715897,420,2.333161910835047,0,5.803999999999938,6.414153648935852,3730.0
v3_primary_challenge,C3,1034,4,41.31330707554783,425,1.8087572420264872,0,5.607999999999939,4.980097266948823,2420.0
v3_primary_challenge,C3,1034,5,41.40525150709094,418,1.8793010231287866,0,5.7139999999999285,5.165906723160245,2840.0
v3_primary_challenge,C4,1034,1,43.09860459906373,424,1.8147105147138176,0,5.7099999999999405,4.9931468810507935,2610.0
v3_primary_challenge,C4,1034,2,36.216147626775566,412,2.257756209503704,0,5.659999999999935,6.196878321310187,3230.0
v3_primary_challenge,C4,1034,3,37.6767043439685,411,2.302847877488885,0,5.7539999999999285,6.312067510215536,3640.0
v3_primary_challenge,C4,1034,4,41.4201014821964,423,1.8158633239885489,0,5.687999999999938,4.993700232574402,2740.0
v3_primary_challenge,C4,1034,5,40.71289092273462,427,1.8590671894445265,0,5.637999999999937,5.107987105405109,2620.0
v3_primary_challenge,C5,1034,1,30.361869516984687,429,1.6290278820974888,0,5.77599999999995,4.485247495703768,2320.0
v3_primary_challenge,C5,1034,2,25.961995372491415,418,2.055908799759239,0,5.72399999999993,5.653541601270984,3320.0
v3_primary_challenge,C5,1034,3,25.380403358425475,421,1.9889388071500813,0,5.673999999999933,5.466254728525416,2930.0
v3_primary_challenge,C5,1034,4,51.10479916756183,421,2.00795557366025,0,5.641999999999939,5.52185385671071,2880.0
v3_primary_challenge,C5,1034,5,57.33686281280856,408,2.3684140524724233,0,5.633999999999927,6.512978263758335,3390.0
v3_primary_challenge,C1,1035,1,29.746666666666588,450,2.2252828220334147,0,5.4439999999999795,6.032275397294422,30.0
v3_primary_challenge,C1,1035,2,29.711111111111045,437,2.1841818149168746,0,5.271999999999985,6.023549347945967,30.0
v3_primary_challenge,C1,1035,3,29.681335987702003,446,2.18420818049704,0,5.387999999999984,6.032710978392689,30.0
v3_primary_challenge,C1,1035,4,29.661111111110984,459,2.196211499460752,0,5.515999999999978,6.039267885419012,30.0
v3_primary_challenge,C1,1035,5,29.803888888888835,430,2.1773277640880293,0,5.26999999999998,6.020180929742203,30.0
v3_primary_challenge,C2,1035,1,19.74111001984106,445,2.314957049710512,0,5.789999999999965,6.386597792258513,1730.0
v3_primary_challenge,C2,1035,2,19.797105258895716,442,2.827968684080677,0,5.813999999999956,7.800836314434884,2460.0
v3_primary_challenge,C2,1035,3,19.782595510946564,428,1.9507877038950379,0,5.335999999999967,5.389247357523704,1270.0
v3_primary_challenge,C2,1035,4,19.92301925930373,443,2.3603132449128217,0,5.731999999999957,6.5237584273158955,1790.0
v3_primary_challenge,C2,1035,5,22.9436992772495,464,1.9104464342753182,0,6.157999999999952,5.246990450782326,2600.0
v3_primary_challenge,C3,1035,1,26.452321007741958,439,1.8759538575751626,0,5.857999999999941,5.1563358921260045,2830.0
v3_primary_challenge,C3,1035,2,25.863934134569593,441,1.879481762731323,0,5.941999999999938,5.166762128430646,3090.0
v3_primary_challenge,C3,1035,3,26.131986818361636,450,1.6506290764095668,0,5.935999999999945,4.533226985977469,2500.0
v3_primary_challenge,C3,1035,4,25.795016507599875,448,1.544465977082097,0,5.9059999999999535,4.250713155243479,2350.0
v3_primary_challenge,C3,1035,5,25.988770074966528,444,1.7721383060378348,0,5.893999999999942,4.877036100157237,2610.0
v3_primary_challenge,C4,1035,1,19.78686083520465,427,2.555707875419935,0,5.667999999999957,7.05904389985006,2250.0
v3_primary_challenge,C4,1035,2,22.435259967554032,448,1.8152271267063194,0,5.909999999999941,4.997709417932357,2630.0
v3_primary_challenge,C4,1035,3,19.9318632142104,448,1.7665197820460001,0,5.919999999999944,4.857048068255322,2640.0
v3_primary_challenge,C4,1035,4,23.311960232793034,453,1.6048020238125313,0,5.867999999999952,4.399810716678735,2370.0
v3_primary_challenge,C4,1035,5,23.594462340461224,446,1.805084905844592,0,6.031999999999942,4.967381514335319,2800.0
v3_primary_challenge,C5,1035,1,19.84882292414265,448,2.6173857812318806,0,5.785999999999958,7.242747619516672,2220.0
v3_primary_challenge,C5,1035,2,19.64218153203681,433,2.711600150858459,0,5.671999999999949,7.465938236834886,2170.0
v3_primary_challenge,C5,1035,3,19.6632616418782,481,2.426003901820093,0,6.287999999999952,6.704433200614927,2000.0
v3_primary_challenge,C5,1035,4,19.712614750023302,437,2.633315230772699,0,5.749999999999962,7.2662956631968125,2090.0
v3_primary_challenge,C5,1035,5,19.762495466908728,423,2.7255443118827447,0,5.543999999999953,7.52337537418668,2420.0
v3_primary_challenge,C1,1036,1,29.814444444444387,430,2.177476794342925,0,5.113999999999979,6.018440560460158,30.0
v3_primary_challenge,C1,1036,2,29.764444444444404,444,2.1681492801494344,0,5.351999999999979,6.023089217557647,30.0
v3_primary_challenge,C1,1036,3,29.64333333333319,430,2.1949095173026074,0,5.183999999999974,6.027890771136207,30.0
v3_primary_challenge,C1,1036,4,29.824999999999868,456,2.2238187425114195,0,5.479999999999979,6.023123072627354,30.0
v3_primary_challenge,C1,1036,5,29.603213970085445,448,2.2364483932917882,0,5.31999999999998,6.028783745940182,30.0
v3_primary_challenge,C2,1036,1,19.673554743058546,439,2.391403584885974,0,5.673999999999948,6.424570170656396,1930.0
v3_primary_challenge,C2,1036,2,19.809669348919385,439,2.631937885328606,0,5.665999999999953,7.2564314355813515,2000.0
v3_primary_challenge,C2,1036,3,26.17036324061417,454,1.8279997420184266,0,5.973999999999942,5.019853377611383,2680.0
v3_primary_challenge,C2,1036,4,19.652830515780455,427,2.520759338210578,0,5.487999999999952,6.964165741509338,1880.0
v3_primary_challenge,C2,1036,5,24.580806571065857,449,1.924706576491874,0,5.883999999999947,5.273461584880618,2840.0
v3_primary_challenge,C3,1036,1,23.744720755944495,439,1.8375796973736291,0,5.821999999999939,5.037893730932233,2680.0
v3_primary_challenge,C3,1036,2,24.016069043989667,445,1.545713611486342,0,5.74199999999994,4.251143145705409,2460.0
v3_primary_challenge,C3,1036,3,23.391156745143718,442,1.7535044998675413,0,5.919999999999934,4.808143052837872,2730.0
v3_primary_challenge,C3,1036,4,24.157278052056828,439,2.0139877343994894,0,5.895999999999936,5.515785760148508,3050.0
v3_primary_challenge,C3,1036,5,24.25302158576363,443,1.8424155201449897,0,5.7799999999999425,5.069749676148427,2780.0
v3_primary_challenge,C4,1036,1,26.35970186130126,442,1.8825195346179673,0,5.827999999999942,5.162120097969702,2590.0
v3_primary_challenge,C4,1036,2,22.676266933936045,449,1.5155366030085689,0,5.773999999999943,4.168652564254481,2470.0
v3_primary_challenge,C4,1036,3,20.707810041425816,442,1.7229006714846098,0,5.793999999999937,4.717567463668239,2610.0
v3_primary_challenge,C4,1036,4,25.016317932168096,438,2.0375522905407624,0,5.859999999999931,5.588320138740912,3080.0
v3_primary_challenge,C4,1036,5,21.206614161659378,437,1.8346919636200834,0,5.903999999999938,5.046984706999461,2950.0
v3_primary_challenge,C5,1036,1,21.12342482190624,437,1.8609797359995481,0,5.8819999999999295,5.114661492824526,2970.0
v3_primary_challenge,C5,1036,2,23.222767496565936,450,1.5358475467542272,0,5.78999999999994,4.2143387034970825,2360.0
v3_primary_challenge,C5,1036,3,25.459404955760167,445,1.7512573408527174,0,5.819999999999947,4.808361018924244,2540.0
v3_primary_challenge,C5,1036,4,21.429795140112542,436,1.9959462254250302,0,5.865999999999932,5.474781183601179,3110.0
v3_primary_challenge,C5,1036,5,24.482639012073985,440,1.8491702142404685,0,5.801999999999943,5.085369762806628,2720.0
v3_primary_challenge,C1,1037,1,29.6933333333332,421,2.1981811476395943,0,5.0879999999999805,6.038944310222558,30.0
v3_primary_challenge,C1,1037,2,29.643333333333256,438,2.189241972496137,0,5.285999999999981,6.043883893204061,30.0
v3_primary_challenge,C1,1037,3,29.686111111110975,423,2.230614448651347,0,5.089999999999982,6.044592807534704,30.0
v3_primary_challenge,C1,1037,4,29.789444444444328,419,2.211071421876353,0,5.00799999999998,6.028469858275413,30.0
v3_primary_challenge,C1,1037,5,29.836282290537465,414,1.4521733560303927,0,4.915999999999982,4.012296996584244,20.0
v3_primary_challenge,C2,1037,1,33.873240743815494,427,1.9976724498364031,0,5.7119999999999385,5.471758483619203,3100.0
v3_primary_challenge,C2,1037,2,30.509864842938427,425,1.9103362886533917,0,5.761999999999941,5.255293802017685,2680.0
v3_primary_challenge,C2,1037,3,24.070048842170007,420,2.1124684958834306,0,5.671999999999935,5.809543410961933,3010.0
v3_primary_challenge,C2,1037,4,25.232381815282146,428,1.687275572744351,0,5.62199999999994,4.62697783792845,2590.0
v3_primary_challenge,C2,1037,5,66.44961562387088,415,2.4681406901852685,0,5.603999999999933,6.795943017484183,3680.0
v3_primary_challenge,C3,1037,1,44.304161534712506,421,2.1198691681142767,0,5.671999999999941,5.823846831402668,3010.0
v3_primary_challenge,C3,1037,2,44.705629104457415,417,2.1548594633957876,0,5.675999999999936,5.922647167389604,3160.0
v3_primary_challenge,C3,1037,3,42.90083542174576,428,1.9174492625735724,0,5.6099999999999355,5.266079023066467,2980.0
v3_primary_challenge,C3,1037,4,42.27104424259365,425,2.014058620870653,0,5.6819999999999355,5.5393276259606905,3000.0
v3_primary_challenge,C3,1037,5,43.18157049631857,424,1.9779903156818865,0,5.72599999999994,5.443708854733539,2880.0
v3_primary_challenge,C4,1037,1,45.98537656003888,413,2.25819552819373,0,5.671999999999934,6.210310413963922,3260.0
v3_primary_challenge,C4,1037,2,32.296088859647035,424,1.9195577167023137,0,5.683999999999933,5.274482889600417,3150.0
v3_primary_challenge,C4,1037,3,37.083269998122425,429,1.805699715715069,0,5.5979999999999475,4.963617418551965,2510.0
v3_primary_challenge,C4,1037,4,39.82805279778043,423,2.1592346786855128,0,5.7539999999999365,5.940157093242188,3190.0
v3_primary_challenge,C4,1037,5,44.82845413555539,426,2.0415391913395515,0,5.657999999999936,5.608179866293989,2920.0
v3_primary_challenge,C5,1037,1,26.74234270370205,429,1.8427298248301756,0,5.687999999999935,5.066884454461038,2970.0
v3_primary_challenge,C5,1037,2,23.87063431447224,433,1.790293172119767,0,5.761999999999935,4.933332275594387,2910.0
v3_primary_challenge,C5,1037,3,25.483550416656342,429,1.6177228301659634,0,5.655999999999938,4.445659217256442,2600.0
v3_primary_challenge,C5,1037,4,58.742982964101465,416,2.4489673475655995,0,5.595999999999939,6.725427308789576,3020.0
v3_primary_challenge,C5,1037,5,67.33739340164865,408,2.4845136559546708,0,5.663999999999939,6.829562276767947,3530.0
v3_primary_challenge,C1,1038,1,29.621666666666563,456,2.2016010620601003,0,5.403999999999981,6.031254184922507,30.0
v3_primary_challenge,C1,1038,2,29.80722222222215,453,2.1775990979664535,0,5.575999999999982,6.027551640054721,30.0
v3_primary_challenge,C1,1038,3,29.600555555555474,416,2.215360401898333,0,5.107999999999981,6.035768707124083,30.0
v3_primary_challenge,C1,1038,4,29.661111111111037,434,2.186760920844884,0,5.2799999999999825,6.037522312315158,30.0
v3_primary_challenge,C1,1038,5,29.890150849254983,433,2.1770665067766877,0,5.051999999999979,6.015159124203928,30.0
v3_primary_challenge,C2,1038,1,19.71807214428501,443,2.4304847189473886,0,5.585999999999959,6.534823245522747,1850.0
v3_primary_challenge,C2,1038,2,19.896285393762934,425,2.902548512495242,0,5.631999999999948,8.016093142328243,2440.0
v3_primary_challenge,C2,1038,3,23.092679411766408,454,1.8678512741642173,0,6.089999999999945,5.144458233267987,2640.0
v3_primary_challenge,C2,1038,4,19.708022816365588,436,2.503218427440586,0,5.619999999999964,6.896711736834782,1850.0
v3_primary_challenge,C2,1038,5,19.92032552896143,434,2.718701082706572,0,5.665999999999955,7.51240229131148,2240.0
v3_primary_challenge,C3,1038,1,26.005182602408695,436,1.8823828443055648,0,5.85999999999994,5.167851215213606,2600.0
v3_primary_challenge,C3,1038,2,25.468450593586212,437,2.0115052837715375,0,5.941999999999936,5.529874012872157,3480.0
v3_primary_challenge,C3,1038,3,26.11156787146219,439,1.7871364440961741,0,5.7439999999999465,4.906624878475008,2420.0
v3_primary_challenge,C3,1038,4,26.48034966863934,440,1.8394636037274277,0,5.787999999999936,5.061321755709331,2870.0
v3_primary_challenge,C3,1038,5,26.014386976783765,440,1.7437767526246388,0,5.851999999999945,4.795459628296677,2610.0
v3_primary_challenge,C4,1038,1,26.00825514389688,439,1.8712632338021389,0,5.877999999999937,5.145222497672952,2760.0
v3_primary_challenge,C4,1038,2,19.817363914558197,436,1.9379793754304686,0,5.869999999999934,5.32612324291871,3350.0
v3_primary_challenge,C4,1038,3,27.261016653075814,438,1.8197497880763518,0,5.7699999999999525,5.00385411371547,2430.0
v3_primary_challenge,C4,1038,4,27.84850833151574,436,1.8696185118585387,0,5.827999999999939,5.136893990634526,2890.0
v3_primary_challenge,C4,1038,5,25.29694173663959,443,1.7656540193578452,0,5.839999999999941,4.852258939921329,2550.0
v3_primary_challenge,C5,1038,1,20.785347387565515,439,1.8119159236298221,0,5.895999999999938,4.989918720796778,2890.0
v3_primary_challenge,C5,1038,2,31.51547389258446,438,2.0529880388682415,0,5.747999999999947,5.636225334683987,2550.0
v3_primary_challenge,C5,1038,3,22.570761334002064,439,1.7768482198404165,0,5.809999999999939,4.884461406937203,2840.0
v3_primary_challenge,C5,1038,4,21.422186228426323,439,1.8173572540838252,0,5.891999999999937,5.0025532359595815,2840.0
v3_primary_challenge,C5,1038,5,30.081230991384345,437,1.805155492103038,0,5.839999999999944,4.959998451550966,2860.0
v3_primary_challenge,C1,1039,1,29.836353326892763,415,1.4502949578751096,0,5.047999999999984,4.015849000322032,20.0
v3_primary_challenge,C1,1039,2,29.79863283118575,426,2.1732323492841052,0,5.15999999999998,6.017568358440721,30.0
v3_primary_challenge,C1,1039,3,29.682943638232917,415,2.2383962360228766,0,5.0619999999999825,6.038686151421696,30.0
v3_primary_challenge,C1,1039,4,29.65055555555552,417,1.4926703423976222,0,5.109999999999978,4.0278501659043195,20.0
v3_primary_challenge,C1,1039,5,29.603888888888825,433,2.1980132361344213,0,5.193999999999985,6.035948382367769,30.0
v3_primary_challenge,C2,1039,1,36.809670784434,428,1.7870313585425002,0,5.701999999999947,4.909359090023525,2510.0
v3_primary_challenge,C2,1039,2,23.631261332373033,429,1.6619440436483415,0,5.67799999999994,4.569186980614966,2560.0
v3_primary_challenge,C2,1039,3,48.775377800188814,420,2.072101286765799,0,5.663999999999943,5.690260596986728,3000.0
v3_primary_challenge,C2,1039,4,61.273159446874814,414,2.42225220530268,0,5.733999999999934,6.660794982302501,3350.0
v3_primary_challenge,C2,1039,5,51.99807862290553,415,2.2032279632647236,0,5.679999999999937,6.058853400249443,3130.0
v3_primary_challenge,C3,1039,1,47.908404236747074,422,1.9169304945702894,0,5.699999999999943,5.273714589694782,2670.0
v3_primary_challenge,C3,1039,2,48.52227663767617,416,2.148595680677228,0,5.719999999999935,5.887409379673772,3180.0
v3_primary_challenge,C3,1039,3,46.74786895478829,421,2.1153745966902737,0,5.723999999999937,5.811702213462336,3240.0
v3_primary_challenge,C3,1039,4,48.413526800049425,421,1.9640941553916362,0,5.691999999999944,5.4028083574605255,2610.0
v3_primary_challenge,C3,1039,5,47.131181210050954,426,2.001561930194617,0,5.62199999999994,5.4994274572755995,2850.0
v3_primary_challenge,C4,1039,1,45.755104242749375,421,1.9363562134700743,0,5.587999999999946,5.3218571667778445,2590.0
v3_primary_challenge,C4,1039,2,43.85251640498428,420,2.1136006923071973,0,5.811999999999925,5.7961760677216825,3380.0
v3_primary_challenge,C4,1039,3,53.52457741867861,420,2.1367985703924735,0,5.605999999999943,5.865692800133429,2860.0
v3_primary_challenge,C4,1039,4,38.65014319413594,425,1.8819034898025155,0,5.705999999999947,5.164983317662279,2780.0
v3_primary_challenge,C4,1039,5,51.2903112670028,420,2.0778978915517836,0,5.745999999999937,5.721987118782305,2940.0
v3_primary_challenge,C5,1039,1,32.23907481100992,438,1.6548178335596817,0,5.733999999999948,4.544190260638821,2370.0
v3_primary_challenge,C5,1039,2,36.24036166784631,420,1.9725158748051186,0,5.675999999999935,5.408986206211739,2760.0
v3_primary_challenge,C5,1039,3,33.386155504403284,427,1.8669175331148693,0,5.683999999999936,5.125943848250024,2770.0
v3_primary_challenge,C5,1039,4,65.53970541332302,412,2.3405172430174104,0,5.697999999999938,6.4301891533735995,3340.0
v3_primary_challenge,C5,1039,5,64.70186057985092,409,2.3117883730269644,0,5.6659999999999435,6.359989222807595,3310.0
v3_primary_challenge,C1,1040,1,29.71070774514405,417,1.4553366302721973,0,5.089999999999988,4.027492390520576,20.0
v3_primary_challenge,C1,1040,2,29.752157526528116,431,1.4752975986985954,0,5.179999999999982,4.0241699014513745,20.0
v3_primary_challenge,C1,1040,3,29.677672398835075,427,2.2037993429075295,0,5.21799999999998,6.032533046724922,30.0
v3_primary_challenge,C1,1040,4,29.814442356039493,442,2.213617581954251,0,5.309999999999978,6.020361215531366,30.0
v3_primary_challenge,C1,1040,5,29.88944444444436,431,2.1716685866343304,0,5.289999999999976,6.013205453147934,30.0
v3_primary_challenge,C2,1040,1,19.898480169835736,421,2.5733208893956823,0,5.541999999999954,7.125464612742838,2140.0
v3_primary_challenge,C2,1040,2,31.927400969463537,440,1.7158293790906236,0,5.8239999999999545,4.702151061035701,2370.0
v3_primary_challenge,C2,1040,3,41.731098097915435,436,1.9343673782455522,0,5.839999999999948,5.309615729398502,2700.0
v3_primary_challenge,C2,1040,4,39.48505608637025,436,2.011649317865966,0,5.805999999999952,5.518495638135467,2680.0
v3_primary_challenge,C2,1040,5,19.90005304478807,415,2.7070101581896626,0,5.487999999999953,7.462561952723619,2300.0
v3_primary_challenge,C3,1040,1,39.09765736367649,434,1.809511650978489,0,5.791999999999947,4.955980158491586,2760.0
v3_primary_challenge,C3,1040,2,39.209894186138904,432,1.8148153316800457,0,5.721999999999947,4.986408844938596,2540.0
v3_primary_challenge,C3,1040,3,38.816242956382695,432,1.864260697564472,0,5.767999999999941,5.114925919910128,2820.0
v3_primary_challenge,C3,1040,4,38.677160427936435,428,1.8403484725475927,0,5.655999999999949,5.056596022351765,2530.0
v3_primary_challenge,C3,1040,5,38.6500233488416,422,2.1691052382366918,0,5.857999999999945,5.952308242059999,3020.0
v3_primary_challenge,C4,1040,1,42.33733966037427,432,1.8198499760085527,0,5.695999999999952,5.003137151317098,2440.0
v3_primary_challenge,C4,1040,2,40.84282268122153,425,1.8896007985688144,0,5.787999999999946,5.181806802074624,2590.0
v3_primary_challenge,C4,1040,3,29.528552572897365,436,1.7949251207010661,0,5.819999999999942,4.931383847192249,2930.0
v3_primary_challenge,C4,1040,4,38.73689103292485,428,1.9426157999615736,0,5.791999999999941,5.330570876960684,2900.0
v3_primary_challenge,C4,1040,5,36.16973405433333,427,2.051049695767285,0,5.699999999999952,5.646016165356625,2810.0
v3_primary_challenge,C5,1040,1,23.857936293098323,443,1.6541428978005845,0,5.821999999999946,4.5444569788105245,2470.0
v3_primary_challenge,C5,1040,2,42.814041997898364,432,1.8810215010680273,0,5.755999999999948,5.163760890235208,2490.0
v3_primary_challenge,C5,1040,3,35.98606917753431,429,1.841871565092207,0,5.7839999999999465,5.056492843164189,2760.0
v3_primary_challenge,C5,1040,4,44.42040519543708,425,1.9725382999945396,0,5.757999999999948,5.422995183521045,2730.0
v3_primary_challenge,C5,1040,5,40.93413392299605,419,2.148467127051933,0,5.675999999999941,5.909269663939505,3220.0
v3_primary_challenge,C1,1041,1,29.77888888888881,437,1.472961497514934,0,5.367999999999976,4.017733566988481,20.0
v3_primary_challenge,C1,1041,2,29.728888888888815,429,2.1734752120204828,0,5.1579999999999835,6.033564169022932,30.0
v3_primary_challenge,C1,1041,3,29.79277777777765,427,1.498050996550357,0,5.125999999999979,4.0177727727480566,20.0
v3_primary_challenge,C1,1041,4,29.714444444444354,422,2.1702208819989357,0,4.991999999999984,6.026699687535188,30.0
v3_primary_challenge,C1,1041,5,29.68944444444432,431,2.199083814534918,0,5.145999999999975,6.036984803425841,30.0
v3_primary_challenge,C2,1041,1,37.685895041708555,430,1.8182452476652817,0,5.769999999999942,4.9930126337310075,2750.0
v3_primary_challenge,C2,1041,2,32.552852716635826,432,1.9050471637081206,0,5.755999999999951,5.220929027076979,2750.0
v3_primary_challenge,C2,1041,3,25.53173232205009,431,1.9409065393833551,0,5.673999999999933,5.3265949912244315,2770.0
v3_primary_challenge,C2,1041,4,34.173235280267455,431,1.944088659975249,0,5.70599999999994,5.343436883115512,2810.0
v3_primary_challenge,C2,1041,5,51.21572903435075,422,2.165656373375114,0,5.769999999999924,5.961419068961044,3480.0
v3_primary_challenge,C3,1041,1,43.69149181004168,434,1.8140319684642923,0,5.705999999999941,4.9771414908239295,2660.0
v3_primary_challenge,C3,1041,2,42.873585535895145,426,2.0871501156491554,0,5.719999999999939,5.736232260483723,2970.0
v3_primary_challenge,C3,1041,3,42.30975724202613,433,1.8533565865322115,0,5.803999999999934,5.105804669947459,2830.0
v3_primary_challenge,C3,1041,4,43.02809449850884,426,2.0526932035121743,0,5.689999999999929,5.637032372928476,3330.0
v3_primary_challenge,C3,1041,5,43.101187766981035,427,1.9667121099492872,0,5.755999999999948,5.402104766196729,2770.0
v3_primary_challenge,C4,1041,1,36.08631063958499,433,1.7078903203833495,0,5.811999999999947,4.708993543412201,2740.0
v3_primary_challenge,C4,1041,2,37.85331480329964,423,1.9686406447193525,0,5.671999999999943,5.402902131410175,3080.0
v3_primary_challenge,C4,1041,3,46.42965804136216,433,1.8936635668591453,0,5.681999999999929,5.194089008149529,2740.0
v3_primary_challenge,C4,1041,4,40.70989808669108,427,2.0814280904321025,0,5.765999999999933,5.710668973929016,3100.0
v3_primary_challenge,C4,1041,5,43.66506507561449,430,2.122321361713171,0,5.743999999999938,5.841381357260474,2900.0
v3_primary_challenge,C5,1041,1,51.97877801576802,431,2.055576386684879,0,5.721999999999938,5.640346153482237,2800.0
v3_primary_challenge,C5,1041,2,31.00351167563835,432,1.8610385451604836,0,5.717999999999934,5.102823086138221,2830.0
v3_primary_challenge,C5,1041,3,51.441991014256914,428,1.984661247553741,0,5.709999999999943,5.455731073848374,2940.0
v3_primary_challenge,C5,1041,4,28.548202623823048,427,1.8707250545967096,0,5.757999999999935,5.135502243400464,2920.0
v3_primary_challenge,C5,1041,5,43.95675378471587,428,2.001942750111307,0,5.767999999999939,5.4868280482172205,3070.0
v3_primary_challenge,C1,1042,1,29.66444444444437,446,2.17709978778879,0,5.34599999999998,6.032692832817355,30.0
v3_primary_challenge,C1,1042,2,29.65388888888885,429,2.2050539707135295,0,5.145999999999981,6.044714789517382,30.0
v3_primary_challenge,C1,1042,3,29.789444444444396,432,2.1836209271040254,0,5.16599999999998,6.026216728709301,30.0
v3_primary_challenge,C1,1042,4,29.6066456574079,441,2.2136629718547582,0,5.25999999999998,6.039667717129614,30.0
v3_primary_challenge,C1,1042,5,29.696666666666538,448,2.184498636036458,0,5.317999999999975,6.028588973023817,30.0
v3_primary_challenge,C2,1042,1,28.382609802902657,447,2.0331768048361742,0,5.925999999999932,5.590262997024005,2860.0
v3_primary_challenge,C2,1042,2,19.861062777010353,438,2.967461256621867,0,5.805999999999936,8.188575900628528,2660.0
v3_primary_challenge,C2,1042,3,24.898349993265402,457,1.7372237139535547,0,5.903999999999951,4.766162006150393,2660.0
v3_primary_challenge,C2,1042,4,19.812332320446085,430,2.5540610742102965,0,5.50599999999996,7.047445494907418,2020.0
v3_primary_challenge,C2,1042,5,19.830321401505664,424,2.6497100851827615,0,5.555999999999949,7.308558564114708,2260.0
v3_primary_challenge,C3,1042,1,29.490338740888678,439,1.9250465728432335,0,5.8179999999999445,5.295391940838836,2770.0
v3_primary_challenge,C3,1042,2,29.708106342020997,438,1.9022786541294328,0,5.841999999999938,5.222286773285143,2890.0
v3_primary_challenge,C3,1042,3,29.344977497452202,441,1.7573125189769214,0,5.765999999999938,4.820910048026399,2560.0
v3_primary_challenge,C3,1042,4,29.352857656530247,441,1.6761012156345227,0,5.779999999999931,4.621795407029702,2880.0
v3_primary_challenge,C3,1042,5,29.362881290923248,437,2.0253901139438284,0,5.857999999999937,5.5577753773089045,3190.0
v3_primary_challenge,C4,1042,1,32.3191959000345,435,1.927502730551576,0,5.77599999999994,5.308932482501936,2900.0
v3_primary_challenge,C4,1042,2,24.33600239255596,441,1.8502199687880767,0,5.871999999999935,5.088624528466309,2910.0
v3_primary_challenge,C4,1042,3,29.801069412204157,447,1.7907312730394425,0,5.833999999999941,4.923936865986215,2640.0
v3_primary_challenge,C4,1042,4,24.264079215402738,439,1.6378366774153743,0,5.799999999999937,4.500296511999834,2760.0
v3_primary_challenge,C4,1042,5,33.465549350058346,434,2.079838425733469,0,5.781999999999936,5.7233608312357696,3080.0
v3_primary_challenge,C5,1042,1,26.181926734565238,438,1.8130678842127221,0,5.7699999999999445,4.991178058434543,2590.0
v3_primary_challenge,C5,1042,2,23.972545064275145,445,1.8685710676574168,0,5.869999999999936,5.130923605462551,2840.0
v3_primary_challenge,C5,1042,3,25.39502793218076,443,1.6996360401030588,0,5.709999999999943,4.670621434637881,2560.0
v3_primary_challenge,C5,1042,4,41.730843971974274,435,1.916506732080921,0,5.841999999999928,5.257348804617246,3120.0
v3_primary_challenge,C5,1042,5,27.31323131422016,435,1.9883473514738201,0,5.871999999999937,5.460456791065755,3180.0
v3_primary_challenge,C1,1043,1,29.737575665478484,407,2.197346366010082,0,4.889999999999983,6.032398994503861,30.0
v3_primary_challenge,C1,1043,2,29.78222222222211,443,2.1794731048691336,0,5.307999999999977,6.023514886130952,30.0
v3_primary_challenge,C1,1043,3,29.636111111111013,415,2.214305907609165,0,4.967999999999981,6.028705522705726,30.0
v3_primary_challenge,C1,1043,4,29.6933333333332,444,2.177622769676726,0,5.415999999999977,6.036348729393955,30.0
v3_primary_challenge,C1,1043,5,29.714444444444325,425,2.2085447193966874,0,5.0639999999999805,6.032720465691462,30.0
v3_primary_challenge,C2,1043,1,40.09261760568908,427,2.2182455217369568,0,5.793999999999948,6.087974696421425,3340.0
v3_primary_challenge,C2,1043,2,19.77152105815868,423,2.459734079101331,0,5.415999999999954,6.766011805264801,1920.0
v3_primary_challenge,C2,1043,3,42.820024804778605,427,2.0866600824703205,0,5.737999999999939,5.732870241872349,3010.0
v3_primary_challenge,C2,1043,4,38.56010366433888,430,1.7402499668493163,0,5.719999999999949,4.78390946816648,2720.0
v3_primary_challenge,C2,1043,5,25.231165944131078,427,2.058837467699059,0,5.733999999999928,5.66402091625135,2940.0
v3_primary_challenge,C3,1043,1,35.6243884568947,424,2.080589537924898,0,5.765999999999939,5.726646195126418,3240.0
v3_primary_challenge,C3,1043,2,35.73455233953546,424,2.0890392813758702,0,5.68799999999994,5.7466313919966465,2980.0
v3_primary_challenge,C3,1043,3,35.65694621510189,428,1.9520035628777714,0,5.735999999999945,5.354858389016421,2870.0
v3_primary_challenge,C3,1043,4,35.94627887620835,435,1.720024879982209,0,5.723999999999938,4.728839461412233,2520.0
v3_primary_challenge,C3,1043,5,36.118392247479235,423,2.0801288175721537,0,5.657999999999939,5.718155316394961,3170.0
v3_primary_challenge,C4,1043,1,33.98346692090012,424,2.0695356552002835,0,5.703999999999939,5.684656051070879,3150.0
v3_primary_challenge,C4,1043,2,35.197828584885485,425,2.0759948552919925,0,5.671999999999941,5.703934093153038,2980.0
v3_primary_challenge,C4,1043,3,37.09285321379709,431,1.9472757810278785,0,5.667999999999939,5.35768151672895,2730.0
v3_primary_challenge,C4,1043,4,37.6283365505153,431,1.7548841980848275,0,5.7719999999999425,4.8131103324288835,2640.0
v3_primary_challenge,C4,1043,5,34.42199182911276,423,2.0740955901279206,0,5.755999999999939,5.692153390480469,3280.0
v3_primary_challenge,C5,1043,1,24.157078381392715,428,1.867640041838506,0,5.74599999999994,5.136891802462439,3000.0
v3_primary_challenge,C5,1043,2,20.19121217381427,430,1.8808006214742046,0,5.73799999999993,5.170566259761058,3110.0
v3_primary_challenge,C5,1043,3,24.436175267110762,433,1.7700372184323416,0,5.7419999999999485,4.853394431655622,2590.0
v3_primary_challenge,C5,1043,4,60.62631596712602,422,2.0981148361780657,0,5.625999999999946,5.776692305528063,2800.0
v3_primary_challenge,C5,1043,5,47.907237078415136,421,2.3051933618097853,0,5.719999999999937,6.325415652945587,3280.0
v3_primary_challenge,C1,1044,1,29.79167005496153,436,2.223407758393528,0,5.23999999999998,6.027194275029709,30.0
v3_primary_challenge,C1,1044,2,29.842777777777673,444,1.4598741205269348,0,5.307999999999981,4.011465262083528,20.0
v3_primary_challenge,C1,1044,3,29.771666666666537,417,2.1673803991601237,0,4.9899999999999824,6.025298839823594,30.0
v3_primary_challenge,C1,1044,4,29.696666666666538,431,1.4874771100160762,0,5.219999999999978,4.024758816578196,20.0
v3_primary_challenge,C1,1044,5,29.707222222222118,443,2.2303674461086325,0,5.27999999999998,6.019394516153279,30.0
v3_primary_challenge,C2,1044,1,19.76827505954312,425,2.903358092326756,0,5.5419999999999545,7.93808316391864,2320.0
v3_primary_challenge,C2,1044,2,43.03520043968861,446,1.8961459308657638,0,5.897999999999939,5.229141950734663,2850.0
v3_primary_challenge,C2,1044,3,19.876680066829987,425,2.663604235545186,0,5.583999999999949,7.316758604675813,2330.0
v3_primary_challenge,C2,1044,4,40.3878454489285,447,1.8228329064211326,0,5.903999999999941,5.005428866802431,2740.0
v3_primary_challenge,C2,1044,5,19.76379445808037,428,2.6749744489796354,0,5.5839999999999455,7.32147784948665,2260.0
v3_primary_challenge,C3,1044,1,32.39213293649596,429,2.1491330401734343,0,5.795999999999937,5.902597186501835,3180.0
v3_primary_challenge,C3,1044,2,31.69094451929835,441,1.673364630573543,0,5.723999999999939,4.605338276583955,2400.0
v3_primary_challenge,C3,1044,3,34.166227769904324,425,2.2063718782843647,0,5.8959999999999315,6.064150682089025,3640.0
v3_primary_challenge,C3,1044,4,32.018921893761046,438,1.706131821544579,0,5.8159999999999314,4.693368434177793,2730.0
v3_primary_challenge,C3,1044,5,35.50959784197143,438,1.7440818955075126,0,5.721999999999942,4.785079963807444,2760.0
v3_primary_challenge,C4,1044,1,35.36195598169995,421,2.3348880081410734,0,5.811999999999936,6.408191960381191,3310.0
v3_primary_challenge,C4,1044,2,30.691039121747576,439,1.6795298625668311,0,5.793999999999932,4.623846173764636,2870.0
v3_primary_challenge,C4,1044,3,31.049040023573514,429,2.1424790459721694,0,5.809999999999932,5.8934084431587435,3480.0
v3_primary_challenge,C4,1044,4,30.334645602494888,444,1.605866980205022,0,5.757999999999935,4.41308839407255,2500.0
v3_primary_challenge,C4,1044,5,33.15401907020698,438,1.7163193691983385,0,5.779999999999947,4.7199230510702925,2550.0
v3_primary_challenge,C5,1044,1,22.474883277510674,434,2.0407560313264157,0,5.771999999999934,5.606744215503139,2990.0
v3_primary_challenge,C5,1044,2,42.16982850688349,435,1.8769273725113211,0,5.687999999999947,5.153305531204297,2620.0
v3_primary_challenge,C5,1044,3,22.93949023503859,433,2.048098929460347,0,5.813999999999931,5.620378455182683,3350.0
v3_primary_challenge,C5,1044,4,36.59394758952876,436,1.717745283853467,0,5.821999999999936,4.7142895293879965,2700.0
v3_primary_challenge,C5,1044,5,35.977105409571756,433,1.7955556489318838,0,5.857999999999936,4.935833119965242,3050.0
v3_primary_challenge,C1,1045,1,29.695944105088266,410,1.4861350496469843,0,5.0199999999999845,4.0207305725233695,20.0
v3_primary_challenge,C1,1045,2,29.728888888888783,426,2.188494894750558,0,5.053999999999981,6.0268151005232635,30.0
v3_primary_challenge,C1,1045,3,29.657353473705268,437,2.211288755219676,0,5.2159999999999815,6.033382326314745,30.0
v3_primary_challenge,C1,1045,4,29.71444444444437,423,2.1742347279486998,0,5.033999999999981,6.029143350558481,30.0
v3_primary_challenge,C1,1045,5,29.76986365363566,420,1.483756280731698,0,5.1539999999999795,4.018645706207112,20.0
v3_primary_challenge,C2,1045,1,62.0102838443331,414,2.227399905504781,0,5.721999999999939,6.115843224543109,3340.0
v3_primary_challenge,C2,1045,2,26.979192728910352,424,1.9318982089915113,0,5.697999999999938,5.292291514924063,2710.0
v3_primary_challenge,C2,1045,3,51.61043057593745,419,2.4679492317892304,0,5.715999999999926,6.765977062356111,3500.0
v3_primary_challenge,C2,1045,4,26.436256944374332,429,1.802220892817297,0,5.639999999999937,4.932326867355761,2790.0
v3_primary_challenge,C2,1045,5,37.24905427336405,430,1.8200853435487778,0,5.69999999999994,5.012655636096228,2780.0
v3_primary_challenge,C3,1045,1,47.55266153078303,430,1.9239501496345686,0,5.633999999999935,5.282678970310006,2770.0
v3_primary_challenge,C3,1045,2,47.71088514662781,417,2.217866965635217,0,5.723999999999935,6.093313143451407,3350.0
v3_primary_challenge,C3,1045,3,47.85057388884396,425,1.989993909587851,0,5.7059999999999365,5.4553054769782205,2940.0
v3_primary_challenge,C3,1045,4,47.11024004345765,423,2.1248794182966733,0,5.753999999999933,5.824374323642333,3320.0
v3_primary_challenge,C3,1045,5,47.22541740043449,421,1.9928631394972873,0,5.657999999999942,5.476177479496195,2740.0
v3_primary_challenge,C4,1045,1,41.971517834560466,424,1.8869067373949686,0,5.7199999999999385,5.1803534984637905,2740.0
v3_primary_challenge,C4,1045,2,47.54115169520403,419,2.1789649589961724,0,5.6459999999999475,5.985317129727943,2910.0
v3_primary_challenge,C4,1045,3,42.769677165688364,423,2.0264793406682626,0,5.677999999999923,5.552365375975861,3380.0
v3_primary_challenge,C4,1045,4,46.83899302407739,421,2.134624037342586,0,5.747999999999937,5.840752546885049,3160.0
v3_primary_challenge,C4,1045,5,45.74657241254651,429,2.0225785082496075,0,5.683999999999934,5.55172534967146,2930.0
v3_primary_challenge,C5,1045,1,33.48954721335193,440,1.678706475480094,0,5.57599999999994,4.60963068031296,2400.0
v3_primary_challenge,C5,1045,2,34.35725459364235,421,2.0109605438021174,0,5.727999999999937,5.519102886397564,3050.0
v3_primary_challenge,C5,1045,3,41.51432320606694,422,2.0144900762832605,0,5.755999999999942,5.5311398559299745,3000.0
v3_primary_challenge,C5,1045,4,44.26702696938829,423,2.042717430658165,0,5.749999999999931,5.601100424050684,3340.0
v3_primary_challenge,C5,1045,5,71.59013270729348,410,2.4887901675390722,0,5.663999999999933,6.8269256412737365,3320.0
v3_primary_challenge,C1,1046,1,29.82961985063797,441,2.192812903955715,0,5.335999999999986,6.01976900746811,30.0
v3_primary_challenge,C1,1046,2,29.85268106411418,438,2.211148238471055,0,5.3339999999999765,6.015754835683191,30.0
v3_primary_challenge,C1,1046,3,29.696666666666555,440,2.17122716040166,0,5.325999999999985,6.031654813408663,30.0
v3_primary_challenge,C1,1046,4,29.646666666666594,434,2.2191377353331174,0,5.2339999999999804,6.0437922036461895,30.0
v3_primary_challenge,C1,1046,5,29.711111111110984,438,2.208764328290325,0,5.333999999999978,6.028485051204201,30.0
v3_primary_challenge,C2,1046,1,19.82858366439148,432,2.6511215077767694,0,5.695999999999955,7.324767299564772,2060.0
v3_primary_challenge,C2,1046,2,23.668883693245174,464,1.6555436104578567,0,6.0459999999999505,4.5529346322536846,2380.0
v3_primary_challenge,C2,1046,3,19.63926729464152,439,2.4295190755486997,0,5.743999999999964,6.723605872160262,1780.0
v3_primary_challenge,C2,1046,4,19.914510685778794,415,2.678788513330691,0,5.457999999999955,7.371667922097827,2160.0
v3_primary_challenge,C2,1046,5,19.776727956201984,441,2.4982131727898436,0,5.669999999999952,6.894232751585419,2020.0
v3_primary_challenge,C3,1046,1,26.139003635494397,435,2.00869403233364,0,5.899999999999947,5.528552522576203,2900.0
v3_primary_challenge,C3,1046,2,26.44437628173589,441,1.5900161762290832,0,5.809999999999941,4.367001427547795,2400.0
v3_primary_challenge,C3,1046,3,26.563422628577012,444,1.6950821847930093,0,5.85599999999994,4.66338150039311,2530.0
v3_primary_challenge,C3,1046,4,25.448988117677185,438,1.7694436194201075,0,5.837999999999939,4.860630498418982,2770.0
v3_primary_challenge,C3,1046,5,25.72761039172702,433,1.845960884721966,0,5.8019999999999445,5.064087793012806,2760.0
v3_primary_challenge,C4,1046,1,22.614435284762795,434,1.9239364365085374,0,5.843999999999945,5.291185216150729,2920.0
v3_primary_challenge,C4,1046,2,25.636420462795417,447,1.571239665426999,0,5.793999999999946,4.316992525489659,2260.0
v3_primary_challenge,C4,1046,3,24.01177147761743,443,1.650917010311741,0,5.845999999999942,4.5462374147525315,2470.0
v3_primary_challenge,C4,1046,4,27.113129274152943,436,1.8293337819347517,0,5.791999999999943,5.033972427657732,2690.0
v3_primary_challenge,C4,1046,5,27.230359408619524,431,1.9337700033157772,0,5.929999999999934,5.310495965024384,3020.0
v3_primary_challenge,C5,1046,1,21.979401788383544,439,1.9578240515839818,0,5.801999999999935,5.39507890339251,2940.0
v3_primary_challenge,C5,1046,2,24.47382483715457,439,1.611885133441534,0,5.925999999999937,4.429092498549913,2570.0
v3_primary_challenge,C5,1046,3,27.744800945651644,441,1.6947654814179376,0,5.755999999999952,4.649873267615348,2430.0
v3_primary_challenge,C5,1046,4,24.240905273645946,437,1.7831308165368276,0,5.89999999999994,4.907201512786189,2650.0
v3_primary_challenge,C5,1046,5,25.968675511966772,435,1.8615914145175252,0,5.821999999999947,5.100029937913678,2770.0
v3_primary_challenge,C1,1047,1,29.814444444444344,430,2.1741222009010186,0,5.153999999999986,6.022205210014388,30.0
v3_primary_challenge,C1,1047,2,29.686111111110947,430,2.185588621560258,0,5.185999999999979,6.02749953125627,30.0
v3_primary_challenge,C1,1047,3,29.84277777777768,445,2.203821041815914,0,5.2399999999999824,6.0193670833120505,30.0
v3_primary_challenge,C1,1047,4,29.781279088596357,421,2.179410859857804,0,5.0159999999999805,6.021658267792411,30.0
v3_primary_challenge,C1,1047,5,29.77513233577832,433,1.4747907144953751,0,5.203999999999981,4.014104494322199,20.0
v3_primary_challenge,C2,1047,1,34.130699507106414,439,2.001360252438865,0,5.74599999999994,5.503869348549955,2970.0
v3_primary_challenge,C2,1047,2,19.83379335136946,422,2.6876918424486615,0,5.391999999999954,7.283206869105065,2100.0
v3_primary_challenge,C2,1047,3,25.40980692552791,437,1.9755872081955643,0,5.837999999999935,5.415388749378874,2940.0
v3_primary_challenge,C2,1047,4,19.86780776700804,421,2.6819985392224166,0,5.489999999999953,7.223795169700622,2160.0
v3_primary_challenge,C2,1047,5,26.815859171620716,440,1.6183457504454888,0,5.833999999999954,4.454508564014384,2470.0
v3_primary_challenge,C3,1047,1,36.733772573421035,435,1.9155220526143584,0,5.715999999999946,5.263909845950495,2900.0
v3_primary_challenge,C3,1047,2,36.89274636898815,432,1.96992408628298,0,5.739999999999935,5.414461753679478,2990.0
v3_primary_challenge,C3,1047,3,36.82237120850018,426,1.995750151241444,0,5.681999999999938,5.480366147518096,2990.0
v3_primary_challenge,C3,1047,4,36.38174098774493,431,1.9183293993462855,0,5.835999999999941,5.282186154528692,2760.0
v3_primary_challenge,C3,1047,5,36.155041459349164,435,1.7211610071946148,0,5.647999999999938,4.7340002968573,2610.0
v3_primary_challenge,C4,1047,1,36.1885888994521,431,1.8713463829337738,0,5.72999999999994,5.146051321653692,2790.0
v3_primary_challenge,C4,1047,2,32.21237762158437,428,1.9343005618902533,0,5.839999999999935,5.31730005435488,3100.0
v3_primary_challenge,C4,1047,3,38.28172626181106,427,2.077776354619448,0,5.66599999999994,5.707179039524107,3040.0
v3_primary_challenge,C4,1047,4,32.52876767225093,435,1.8650660616916277,0,5.757999999999935,5.135203426734369,2950.0
v3_primary_challenge,C4,1047,5,34.72498721426629,438,1.77219733554458,0,5.627999999999949,4.883833493630613,2370.0
v3_primary_challenge,C5,1047,1,25.384455309737934,441,1.7561518398658438,0,5.737999999999942,4.829121160190288,2570.0
v3_primary_challenge,C5,1047,2,26.10840152827979,436,1.818343298129327,0,5.701999999999937,4.976673339652908,2900.0
v3_primary_challenge,C5,1047,3,35.24685453391482,430,1.9625841406341593,0,5.68399999999994,5.384737587785604,2810.0
v3_primary_challenge,C5,1047,4,26.60003919955883,430,1.9089169625250697,0,5.741999999999944,5.239640781639536,2760.0
v3_primary_challenge,C5,1047,5,52.30778397612151,422,2.074690455525283,0,5.755999999999938,5.70512969109048,3210.0
v3_primary_challenge,C1,1048,1,29.686111111111003,433,2.175387854068933,0,5.229999999999988,6.0323211647338795,30.0
v3_primary_challenge,C1,1048,2,29.758304068030522,441,2.185820541375749,0,5.237999999999981,6.021557018820701,30.0
v3_primary_challenge,C1,1048,3,29.780871780927615,441,1.4480108649031658,0,5.319999999999978,4.013817522064735,20.0
v3_primary_challenge,C1,1048,4,29.760570586907736,422,2.202084019235987,0,5.183999999999982,6.0237492484324004,30.0
v3_primary_challenge,C1,1048,5,29.867777777777672,441,2.1655180576994346,0,5.229999999999982,6.015789390548909,30.0
v3_primary_challenge,C2,1048,1,32.74630358617644,443,1.866095381796281,0,5.857999999999951,5.137291261512878,2770.0
v3_primary_challenge,C2,1048,2,19.842444004481667,427,2.6470429703640943,0,5.507999999999956,7.295140797826976,2170.0
v3_primary_challenge,C2,1048,3,19.688205698695636,428,2.455786464468632,0,5.527999999999943,6.7994841887314355,2010.0
v3_primary_challenge,C2,1048,4,28.263271638699237,443,2.0014695204521757,0,5.941999999999942,5.494190608145182,2810.0
v3_primary_challenge,C2,1048,5,47.062412065152124,437,2.0669802405430366,0,5.8559999999999475,5.692921054139209,2830.0
v3_primary_challenge,C3,1048,1,34.23692844368783,436,1.8288223006751694,0,5.863999999999942,5.031438795854781,2830.0
v3_primary_challenge,C3,1048,2,35.143025191539735,433,2.11213815599889,0,5.719999999999946,5.802076472805413,2950.0
v3_primary_challenge,C3,1048,3,35.890444228467004,445,1.688103037737027,0,5.749999999999942,4.642859047094442,2470.0
v3_primary_challenge,C3,1048,4,34.73734590290755,427,2.120976599737715,0,5.911999999999939,5.829493093454146,3200.0
v3_primary_challenge,C3,1048,5,36.061791897211194,437,1.8070663180399373,0,5.7619999999999365,4.961180475464648,2720.0
v3_primary_challenge,C4,1048,1,30.870228416345135,437,1.727173709658125,0,5.821999999999939,4.744590848424365,2850.0
v3_primary_challenge,C4,1048,2,40.0447363917237,425,2.2047702639172284,0,5.785999999999942,6.055687228810837,3120.0
v3_primary_challenge,C4,1048,3,41.068601360598755,437,1.8373135514607073,0,5.73199999999995,5.054776977719274,2430.0
v3_primary_challenge,C4,1048,4,34.26450360450029,436,2.114965479788959,0,5.837999999999932,5.813721845322274,3260.0
v3_primary_challenge,C4,1048,5,27.755064614373858,443,1.6728834073637184,0,5.829999999999942,4.600653732378745,2510.0
v3_primary_challenge,C5,1048,1,30.443127114202202,446,1.715983196349371,0,5.765999999999945,4.709107059431765,2500.0
v3_primary_challenge,C5,1048,2,22.27457983752517,432,2.030335590724201,0,5.8339999999999295,5.589066768602883,3220.0
v3_primary_challenge,C5,1048,3,44.527330578416276,437,1.8587075059466247,0,5.807999999999942,5.102804888898468,2670.0
v3_primary_challenge,C5,1048,4,27.07925837716656,429,1.929241995458753,0,5.797999999999942,5.302511624755403,2910.0
v3_primary_challenge,C5,1048,5,47.823679030721145,434,2.0228381237097883,0,5.8019999999999445,5.562890008751657,2870.0
v3_primary_challenge,C1,1049,1,29.64333333333322,443,2.1798298119373456,0,5.327999999999979,6.044627358292582,30.0
v3_primary_challenge,C1,1049,2,29.743333333333265,431,2.1745835174261297,0,5.2059999999999835,6.03225815123796,30.0
v3_primary_challenge,C1,1049,3,29.637328699859683,439,1.4522611750383834,0,5.239999999999977,4.023494676118132,20.0
v3_primary_challenge,C1,1049,4,29.64211575064999,443,2.1823537322343496,0,5.231999999999978,6.036283101356395,30.0
v3_primary_challenge,C1,1049,5,29.764444444444365,439,2.1855303815535674,0,5.207999999999977,6.020796448045484,30.0
v3_primary_challenge,C2,1049,1,22.27470364569663,446,1.8675737915780135,0,5.921999999999947,5.146923614694994,2750.0
v3_primary_challenge,C2,1049,2,28.082248281198623,452,1.798299399146142,0,5.865999999999945,4.948936772993064,2680.0
v3_primary_challenge,C2,1049,3,19.887370721227786,434,2.492779518521334,0,5.561999999999956,6.873199514077239,1870.0
v3_primary_challenge,C2,1049,4,19.715946120939506,432,2.285067054815717,0,5.601999999999953,6.314951538776565,1730.0
v3_primary_challenge,C2,1049,5,19.907477450799874,431,2.8044945428185857,0,5.503999999999939,7.742797112225146,2320.0
v3_primary_challenge,C3,1049,1,31.098047790779827,437,2.0238907682039584,0,5.855999999999938,5.561638332790303,3090.0
v3_primary_challenge,C3,1049,2,31.114671674065814,439,1.8584823481177533,0,5.75999999999994,5.111896711936509,2620.0
v3_primary_challenge,C3,1049,3,31.037226184291438,444,1.673604992681406,0,5.747999999999938,4.587467096443843,2430.0
v3_primary_challenge,C3,1049,4,30.152250994745238,443,1.706548097736418,0,5.829999999999934,4.701784539982588,2740.0
v3_primary_challenge,C3,1049,5,31.101529797434424,432,1.8565297373231409,0,5.739999999999937,5.0965396045839135,2860.0
v3_primary_challenge,C4,1049,1,30.248936895014822,438,1.9730240454395618,0,5.849999999999944,5.428935314154466,2830.0
v3_primary_challenge,C4,1049,2,31.753041098806218,437,1.9325959467919183,0,5.801999999999933,5.31192131583769,2720.0
v3_primary_challenge,C4,1049,3,29.76428860147111,444,1.696930986738914,0,5.745999999999939,4.6592366339123785,2410.0
v3_primary_challenge,C4,1049,4,27.42537699971218,441,1.6887680015171032,0,5.6839999999999336,4.645888822104594,2620.0
v3_primary_challenge,C4,1049,5,26.52534444302679,435,1.8277369635751797,0,5.851999999999936,5.030062115872661,3160.0
v3_primary_challenge,C5,1049,1,20.97334367835516,438,1.966773899976338,0,5.819999999999932,5.406824991802047,2840.0
v3_primary_challenge,C5,1049,2,25.26782896123141,445,1.7238195882812184,0,5.823999999999938,4.735045438765245,2860.0
v3_primary_challenge,C5,1049,3,25.921413508446072,441,1.697744918059281,0,5.821999999999939,4.654397407025055,2570.0
v3_primary_challenge,C5,1049,4,35.62492306372063,438,1.7824516380324082,0,5.701999999999941,4.891586482661876,2400.0
v3_primary_challenge,C5,1049,5,35.54835585027868,433,1.9482658997134308,0,5.765999999999939,5.3479364627816794,3070.0
v3_primary_challenge,C1,1050,1,29.656415748304944,418,2.1699331839137623,0,5.02999999999998,6.025762545918093,30.0
v3_primary_challenge,C1,1050,2,29.704453566299605,434,2.1737385525364257,0,5.2679999999999785,6.029943988351694,30.0
v3_primary_challenge,C1,1050,3,29.74435031233008,455,1.463884886737683,0,5.375999999999974,4.02242137327239,20.0
v3_primary_challenge,C1,1050,4,29.70388888888882,433,2.1759144599166085,0,5.269999999999981,6.031433498742731,30.0
v3_primary_challenge,C1,1050,5,29.78222222222211,418,2.245560719752672,0,4.917999999999978,6.021325953703502,30.0
v3_primary_challenge,C2,1050,1,19.904380759299894,425,2.4662132561387615,0,5.439999999999956,6.813614276879107,2030.0
v3_primary_challenge,C2,1050,2,22.565372798208998,441,1.8114103809659547,0,5.845999999999943,4.984629294928843,2480.0
v3_primary_challenge,C2,1050,3,47.52058748311277,440,1.894948371655269,0,5.84399999999994,5.181811858539168,2880.0
v3_primary_challenge,C2,1050,4,19.632046917403397,414,2.9252707644802074,0,5.4899999999999505,7.951207305582553,2390.0
v3_primary_challenge,C2,1050,5,23.642805713073763,438,2.0916219885471556,0,5.765999999999939,5.723330627065542,2980.0
v3_primary_challenge,C3,1050,1,33.96222487893587,437,1.8655917836045184,0,5.703999999999939,5.139911024943183,2810.0
v3_primary_challenge,C3,1050,2,34.7822200994398,430,1.9824293935134978,0,5.729999999999945,5.4576661044348285,2570.0
v3_primary_challenge,C3,1050,3,34.49326859487721,436,1.6189253562287862,0,5.671999999999932,4.429812582933316,2500.0
v3_primary_challenge,C3,1050,4,34.05187402238855,427,2.1181965351734755,0,5.783999999999941,5.820097674839507,3250.0
v3_primary_challenge,C3,1050,5,33.889819780643066,428,2.0558121418696875,0,5.807999999999937,5.637834351205325,3190.0
v3_primary_challenge,C4,1050,1,32.00487979429935,435,1.8949074281501883,0,5.7719999999999345,5.214136045854051,2790.0
v3_primary_challenge,C4,1050,2,38.45808028037049,424,2.0236665817832056,0,5.677999999999941,5.578348002370253,2970.0
v3_primary_challenge,C4,1050,3,26.522347704054734,444,1.5143665294307842,0,5.737999999999943,4.15457813242614,2370.0
v3_primary_challenge,C4,1050,4,35.049272074462685,426,2.196288250081914,0,5.8079999999999306,6.042022817259012,3470.0
v3_primary_challenge,C4,1050,5,35.747634310410824,429,2.0117264209438734,0,5.701999999999946,5.522879171704797,2720.0
v3_primary_challenge,C5,1050,1,24.732025770462027,440,1.7510466527234163,0,5.711999999999935,4.816844433965201,2630.0
v3_primary_challenge,C5,1050,2,27.795456124555063,433,1.8499183308389295,0,5.713999999999943,5.094966794579476,2830.0
v3_primary_challenge,C5,1050,3,46.40885133024014,437,1.8373738810738154,0,5.721999999999952,5.0430838642344975,2520.0
v3_primary_challenge,C5,1050,4,28.310681662297803,422,2.046122673277614,0,5.7479999999999345,5.611696657856645,3120.0
v3_primary_challenge,C5,1050,5,39.87855995989645,426,2.15649367247619,0,5.80199999999993,5.914437232162591,3220.0
v3_primary_challenge,C1,1051,1,29.63472758620233,437,2.171766670118479,0,5.347999999999982,6.0266525095787795,30.0
v3_primary_challenge,C1,1051,2,29.711111111111023,448,2.2201431728315306,0,5.531999999999976,6.038128643655172,30.0
v3_primary_challenge,C1,1051,3,29.700555555555493,437,2.175412760228892,0,5.279999999999983,6.025864600430053,30.0
v3_primary_challenge,C1,1051,4,29.78222222222216,420,2.1791742007800714,0,5.089999999999984,6.020368463541365,30.0
v3_primary_challenge,C1,1051,5,29.811606337821335,453,2.2107610913929228,0,5.509999999999977,6.019058571997832,30.0
v3_primary_challenge,C2,1051,1,19.70500288615552,448,2.810133428339254,0,5.955999999999948,7.756763620689922,2390.0
v3_primary_challenge,C2,1051,2,19.86579830663589,439,2.551419508725188,0,5.777999999999959,7.056308978304483,1880.0
v3_primary_challenge,C2,1051,3,19.93434402690949,439,2.641979319149157,0,5.7659999999999485,7.301903958075668,2070.0
v3_primary_challenge,C2,1051,4,19.70996547077106,421,2.426840517007449,0,5.511999999999959,6.708677102901791,2000.0
v3_primary_challenge,C2,1051,5,19.845518038962144,448,2.7991254325247934,0,5.859999999999947,7.734391905331185,2370.0
v3_primary_challenge,C3,1051,1,24.19306453437976,446,1.5857132969664565,0,5.805999999999943,4.361006170937518,2120.0
v3_primary_challenge,C3,1051,2,22.63986655867048,435,1.972912493850633,0,5.991999999999931,5.438900416466434,3190.0
v3_primary_challenge,C3,1051,3,23.947588520547917,433,1.9150361538530518,0,5.849999999999943,5.268888470901941,2860.0
v3_primary_challenge,C3,1051,4,23.563617281160013,438,1.9455641398917392,0,5.927999999999937,5.343557916563844,2990.0
v3_primary_challenge,C3,1051,5,23.82687788976736,443,1.6191539325289601,0,5.853999999999942,4.464739079332582,2340.0
v3_primary_challenge,C4,1051,1,25.429820567558032,443,1.6001189604803665,0,5.817999999999942,4.4126178691942926,2310.0
v3_primary_challenge,C4,1051,2,21.01410550389812,437,1.8895198401827014,0,5.937999999999932,5.189700837328918,3110.0
v3_primary_challenge,C4,1051,3,25.176857654753356,436,1.9489623378307583,0,5.837999999999942,5.3464401546278175,2760.0
v3_primary_challenge,C4,1051,4,25.13458696432402,430,2.0148500977777375,0,5.915999999999936,5.532331205913594,3080.0
v3_primary_challenge,C4,1051,5,20.2445214225077,449,1.584928780819277,0,5.919999999999946,4.348989492095215,2240.0
v3_primary_challenge,C5,1051,1,25.5007106490851,461,1.6459468860773332,0,5.911999999999945,4.517215819810848,2230.0
v3_primary_challenge,C5,1051,2,19.83050361214177,430,3.058849012629343,0,5.821999999999935,8.449406421432993,2890.0
v3_primary_challenge,C5,1051,3,19.770530199681733,429,3.071370138820794,0,5.813999999999943,8.44550348931898,2530.0
v3_primary_challenge,C5,1051,4,19.900368355913162,431,3.1265344152326735,0,5.793999999999934,8.433590685763626,2950.0
v3_primary_challenge,C5,1051,5,25.365249873627338,444,1.6994549577646447,0,6.00999999999995,4.676432176790331,2510.0
v3_primary_challenge,C1,1052,1,29.746666666666577,452,2.2020186713857655,0,5.437999999999978,6.029852062321188,30.0
v3_primary_challenge,C1,1052,2,29.770622970447125,432,2.2338520791287158,0,5.20199999999998,6.0243299625887605,30.0
v3_primary_challenge,C1,1052,3,29.62166666666657,443,2.216989629764641,0,5.305999999999978,6.044257145851569,30.0
v3_primary_challenge,C1,1052,4,29.81777777777764,443,1.484034228624072,0,5.319999999999978,4.015372582935914,20.0
v3_primary_challenge,C1,1052,5,29.728888888888765,448,2.2115145896062454,0,5.445999999999979,6.0337480893067585,30.0
v3_primary_challenge,C2,1052,1,19.755976971874208,435,2.543638199595223,0,5.74599999999994,7.010138991913475,2250.0
v3_primary_challenge,C2,1052,2,19.718139445698558,439,2.7410147951829327,0,5.6779999999999395,7.563524407033229,2150.0
v3_primary_challenge,C2,1052,3,19.78879138595651,425,2.8374493587947898,0,5.543999999999954,7.825896034740492,2310.0
v3_primary_challenge,C2,1052,4,19.5961365384329,458,2.7340412130434117,0,5.981999999999949,7.553678138491504,2210.0
v3_primary_challenge,C2,1052,5,27.818983118138508,461,1.6644909432430948,0,6.0259999999999465,4.573169467435931,2540.0
v3_primary_challenge,C3,1052,1,30.03905172274477,444,1.9449823169697393,0,5.795999999999939,5.332915759569577,2720.0
v3_primary_challenge,C3,1052,2,29.12946844787596,439,1.8788836722849032,0,5.895999999999935,5.164020623882974,3000.0
v3_primary_challenge,C3,1052,3,27.939934487412422,442,1.8745289532010758,0,5.889999999999932,5.152495989065879,2910.0
v3_primary_challenge,C3,1052,4,26.57396698571376,450,1.5702075506167228,0,5.909999999999939,4.320585934880724,2470.0
v3_primary_challenge,C3,1052,5,26.293417289531,443,1.6251627986867352,0,5.911999999999939,4.464412852135818,2500.0
v3_primary_challenge,C4,1052,1,26.671770937640886,442,1.8918974963935713,0,5.819999999999936,5.187718386981053,2860.0
v3_primary_challenge,C4,1052,2,22.658132143419564,445,1.7772455643648117,0,5.963999999999931,4.894107205701004,3060.0
v3_primary_challenge,C4,1052,3,29.567568994187322,438,1.9147141816824524,0,5.871999999999939,5.2612314630435835,2880.0
v3_primary_challenge,C4,1052,4,29.803702885050665,446,1.6287419842541346,0,5.897999999999937,4.472935504966261,2570.0
v3_primary_challenge,C4,1052,5,30.59848492322161,447,1.681166065064206,0,5.84999999999994,4.608096817893667,2230.0
v3_primary_challenge,C5,1052,1,23.407294262623857,442,1.9211149276032025,0,5.8539999999999335,5.275951628700407,2830.0
v3_primary_challenge,C5,1052,2,23.639023960697273,444,1.7879709177767074,0,5.915999999999936,4.9034876397091125,2760.0
v3_primary_challenge,C5,1052,3,26.05904870196789,441,1.8277610829058906,0,5.849999999999936,5.012197970332426,2760.0
v3_primary_challenge,C5,1052,4,29.673447376001665,450,1.6454597258060928,0,5.947999999999933,4.52489495173603,2660.0
v3_primary_challenge,C5,1052,5,34.05772412010612,441,1.711458637667283,0,5.835999999999944,4.706306118432049,2590.0
v3_primary_challenge,C1,1053,1,29.892777777777702,434,1.4475382460676172,0,5.191999999999982,4.008209138326841,20.0
v3_primary_challenge,C1,1053,2,29.788665159586692,430,2.1732891666762706,0,5.185999999999981,6.024316742020677,30.0
v3_primary_challenge,C1,1053,3,29.642276881637546,421,1.4471579019107657,0,4.961999999999983,4.020219489251462,20.0
v3_primary_challenge,C1,1053,4,29.64999999999991,439,2.2107505573648476,0,5.123999999999977,6.02978162770198,30.0
v3_primary_challenge,C1,1053,5,29.78386025456802,441,2.181967864628956,0,5.309999999999983,6.017418098382718,30.0
v3_primary_challenge,C2,1053,1,48.80097206345751,442,1.970461662188047,0,5.8079999999999465,5.435924408166412,2860.0
v3_primary_challenge,C2,1053,2,54.20548764758939,428,2.5743929707344892,0,5.849999999999936,7.081333836221939,3610.0
v3_primary_challenge,C2,1053,3,19.754109030852025,431,2.5686838011875546,0,5.421999999999952,6.977930712239383,2010.0
v3_primary_challenge,C2,1053,4,19.745751295873077,427,2.3056227046120497,0,5.455999999999962,6.3374435543513,1700.0
v3_primary_challenge,C2,1053,5,19.92118058351805,437,2.3239765880005945,0,5.573999999999963,6.357091781136941,1630.0
v3_primary_challenge,C3,1053,1,38.452165182792854,437,1.7675098397990996,0,5.72399999999994,4.854567397466508,2700.0
v3_primary_challenge,C3,1053,2,38.13186902526364,428,2.020477412954845,0,5.68199999999994,5.558910193283904,3090.0
v3_primary_challenge,C3,1053,3,38.65517148520419,433,1.7767557644982042,0,5.751999999999943,4.882866952400602,2720.0
v3_primary_challenge,C3,1053,4,39.390351217868066,433,2.1521808068544916,0,5.715999999999939,5.9160769663732085,3220.0
v3_primary_challenge,C3,1053,5,38.567746771228855,434,1.7917661616233411,0,5.759999999999941,4.930249881388643,2700.0
v3_primary_challenge,C4,1053,1,39.84834876110364,433,1.8489219068809537,0,5.73199999999994,5.084245858708939,2720.0
v3_primary_challenge,C4,1053,2,39.18621210610904,435,2.0331002501368665,0,5.615999999999943,5.594055125103944,2920.0
v3_primary_challenge,C4,1053,3,43.398610529285406,435,1.8648152934165754,0,5.757999999999936,5.128955571271328,2960.0
v3_primary_challenge,C4,1053,4,33.45796389757405,428,2.0494414631154214,0,5.729999999999946,5.628179822580726,3100.0
v3_primary_challenge,C4,1053,5,33.27137259889907,434,1.7124110721801642,0,5.797999999999938,4.706070061661041,2730.0
v3_primary_challenge,C5,1053,1,26.540526859516362,447,1.5596643786920137,0,5.731999999999947,4.291985481302693,2270.0
v3_primary_challenge,C5,1053,2,24.66108896288286,435,1.9087312419517177,0,5.793999999999936,5.239519933369082,2900.0
v3_primary_challenge,C5,1053,3,44.196397720633634,431,1.8607806024165787,0,5.709999999999945,5.112511597505401,2760.0
v3_primary_challenge,C5,1053,4,29.92200614479096,429,1.9968242375367344,0,5.649999999999935,5.475262377444712,3120.0
v3_primary_challenge,C5,1053,5,60.41215545388835,423,2.1826895251329366,0,5.747999999999941,5.995886982188286,3380.0
v3_primary_challenge,C1,1054,1,29.792777777777697,420,2.1866755287196904,0,4.983999999999984,6.028146717248912,30.0
v3_primary_challenge,C1,1054,2,29.799999999999923,424,1.4847740962557288,0,4.995999999999978,4.015060403799067,20.0
v3_primary_challenge,C1,1054,3,29.78641825227023,404,2.1923770182202147,0,4.919999999999981,6.026567976275385,30.0
v3_primary_challenge,C1,1054,4,29.732222222222077,434,1.450478713230252,0,5.181999999999981,4.022899436909957,20.0
v3_primary_challenge,C1,1054,5,29.72702217871859,419,2.1861795774128407,0,4.985999999999982,6.03114889106408,30.0
v3_primary_challenge,C2,1054,1,19.753939909338563,417,2.2398174274107623,0,5.343999999999954,6.155640280317255,1670.0
v3_primary_challenge,C2,1054,2,64.20347937261529,426,2.2433275871228027,0,5.619999999999932,6.144740042166478,3070.0
v3_primary_challenge,C2,1054,3,30.28212689609781,423,1.937967732261613,0,5.5599999999999365,5.329713504393959,2750.0
v3_primary_challenge,C2,1054,4,47.06201600866004,413,2.536625984294498,0,5.621999999999924,6.972183655816408,3470.0
v3_primary_challenge,C2,1054,5,30.212376639467298,422,2.0111994894650222,0,5.659999999999939,5.539876022339454,2860.0
v3_primary_challenge,C3,1054,1,47.693635174123486,417,2.3257554153884397,0,5.615999999999934,6.381842091328643,3370.0
v3_primary_challenge,C3,1054,2,47.710623712822844,427,1.8914178661122143,0,5.587999999999934,5.187174922773571,2700.0
v3_primary_challenge,C3,1054,3,44.59303727293337,422,2.0552003145968536,0,5.603999999999939,5.652928560946638,2840.0
v3_primary_challenge,C3,1054,4,46.419675482665006,421,1.9196210165230614,0,5.633999999999935,5.27413321104324,2870.0
v3_primary_challenge,C3,1054,5,44.6236982340364,414,2.0752419372508837,0,5.541999999999935,5.711373544492065,2930.0
v3_primary_challenge,C4,1054,1,43.35362017269095,421,2.2719654172118404,0,5.639999999999933,6.24540550366128,3330.0
v3_primary_challenge,C4,1054,2,47.50092327584481,426,1.9248783186130345,0,5.591999999999934,5.28986601200971,2800.0
v3_primary_challenge,C4,1054,3,43.28199174567822,416,1.98616833341978,0,5.5379999999999425,5.4495975652569815,2820.0
v3_primary_challenge,C4,1054,4,46.02430927662238,418,2.012925310142177,0,5.603999999999935,5.531089762760118,2740.0
v3_primary_challenge,C4,1054,5,41.428544949344285,420,2.0712991704846213,0,5.609999999999933,5.707805732645513,3020.0
v3_primary_challenge,C5,1054,1,25.8797273660549,426,2.0068115978842225,0,5.577999999999933,5.50202295903937,2900.0
v3_primary_challenge,C5,1054,2,49.94711267857402,424,1.9759707090969723,0,5.617999999999943,5.4154680668865725,2630.0
v3_primary_challenge,C5,1054,3,43.12302100281897,420,1.9761694665499092,0,5.591999999999934,5.43974680419415,2970.0
v3_primary_challenge,C5,1054,4,39.93617428051301,422,1.8542865564381468,0,5.663999999999937,5.091643261166303,3000.0
v3_primary_challenge,C5,1054,5,53.49513007912861,409,2.453998219902202,0,5.531999999999931,6.7515254897500485,3210.0
v3_primary_challenge,C1,1055,1,29.746666666666577,443,2.1740090506574985,0,5.31199999999998,6.021968759840233,30.0
v3_primary_challenge,C1,1055,2,29.80722222222208,411,2.167306959502954,0,4.987999999999982,6.018580137103786,30.0
v3_primary_challenge,C1,1055,3,29.704043296453698,429,2.213929022268585,0,5.17799999999998,6.038353390732879,30.0
v3_primary_challenge,C1,1055,4,29.689444444444348,431,2.1841168198929286,0,5.151999999999977,6.02342300963519,30.0
v3_primary_challenge,C1,1055,5,29.618333333333258,428,2.2003879958664614,0,5.271999999999983,6.038827125581386,30.0
v3_primary_challenge,C2,1055,1,53.078739167345134,423,2.1756216928825864,0,5.7959999999999345,5.982873449929423,3190.0
v3_primary_challenge,C2,1055,2,19.772265020673032,427,3.106254385545146,0,5.72799999999994,8.5102468037705,2730.0
v3_primary_challenge,C2,1055,3,19.916109245528425,439,1.8044564887245436,0,5.783999999999936,4.977690182422445,2670.0
v3_primary_challenge,C2,1055,4,26.414240599512013,426,2.212057914099418,0,5.78799999999993,6.087352429781962,3160.0
v3_primary_challenge,C2,1055,5,22.55882448951775,427,2.00050602081896,0,5.731999999999938,5.494205852517127,3030.0
v3_primary_challenge,C3,1055,1,36.612389383247056,439,1.7744542737221884,0,5.785999999999932,4.877641044489903,2540.0
v3_primary_challenge,C3,1055,2,36.46576304135934,424,2.137853464028284,0,5.769999999999933,5.888784955838464,3140.0
v3_primary_challenge,C3,1055,3,36.108950502940225,429,1.9201545500511525,0,5.779999999999936,5.28457388696617,2800.0
v3_primary_challenge,C3,1055,4,36.134585257983254,425,2.000872515098276,0,5.7659999999999325,5.4857971510037995,3190.0
v3_primary_challenge,C3,1055,5,36.814579632051654,425,2.2323394864997983,0,5.753999999999942,6.117906922327778,3250.0
v3_primary_challenge,C4,1055,1,31.271190337976794,432,1.856856440686199,0,5.8399999999999315,5.099658430987441,2870.0
v3_primary_challenge,C4,1055,2,38.175946881919316,421,2.1790170417318753,0,5.679999999999941,6.001890464646593,3000.0
v3_primary_challenge,C4,1055,3,22.1925899834168,436,1.7075218080374917,0,5.759999999999936,4.700552093947913,2700.0
v3_primary_challenge,C4,1055,4,35.34971486132006,427,2.038293931694275,0,5.823999999999929,5.609706649045134,3100.0
v3_primary_challenge,C4,1055,5,38.51228447161553,426,2.2839850672498585,0,5.751999999999939,6.252395014772034,3250.0
v3_primary_challenge,C5,1055,1,27.11043791566353,439,1.6950106210077365,0,5.8299999999999415,4.66237503922068,2360.0
v3_primary_challenge,C5,1055,2,30.604009787224207,426,2.1336163204713943,0,5.7559999999999345,5.876273305344085,2930.0
v3_primary_challenge,C5,1055,3,26.184714090729116,435,1.7652697707068394,0,5.68799999999994,4.854119696464707,2750.0
v3_primary_challenge,C5,1055,4,38.30865644419149,426,2.0107167848963714,0,5.775999999999937,5.531767822264694,3210.0
v3_primary_challenge,C5,1055,5,30.001253736045136,416,2.461060792317358,0,5.805999999999923,6.743698053763324,3670.0
v3_primary_challenge,C1,1056,1,29.668333333333237,419,1.4631127123187855,0,5.061999999999981,4.022382361853499,20.0
v3_primary_challenge,C1,1056,2,29.719077724864263,416,2.2113609191021775,0,4.883999999999983,6.0356572248679035,30.0
v3_primary_challenge,C1,1056,3,29.603888888888815,414,2.2048436694205416,0,4.889999999999982,6.04214411960754,30.0
v3_primary_challenge,C1,1056,4,29.786851083862516,410,1.446020977237324,0,5.043999999999979,4.019213001362433,20.0
v3_primary_challenge,C1,1056,5,29.773422801136302,420,1.452022244055653,0,5.011999999999979,4.018467748832078,20.0
v3_primary_challenge,C2,1056,1,63.867237480747406,417,2.2430556908418784,0,5.717999999999935,6.156776990775982,3120.0
v3_primary_challenge,C2,1056,2,19.710256341829723,399,2.830945424682309,0,5.267999999999946,7.7771417742799,2400.0
v3_primary_challenge,C2,1056,3,54.269419144458844,410,2.6613915187165067,0,5.627999999999923,7.3232972930966564,3680.0
v3_primary_challenge,C2,1056,4,20.24684151056397,428,1.5312599264956888,0,5.563999999999945,4.218413470543677,2290.0
v3_primary_challenge,C2,1056,5,37.9642570395842,425,1.7553662083486203,0,5.503999999999948,4.829873000158659,2580.0
v3_primary_challenge,C3,1056,1,50.429725305347496,419,1.8512003580130425,0,5.535999999999934,5.083007516009787,2790.0
v3_primary_challenge,C3,1056,2,50.06141873192258,408,2.3078889881265146,0,5.543999999999934,6.340942874259483,3470.0
v3_primary_challenge,C3,1056,3,50.60514367903763,421,2.1575181830827868,0,5.669999999999939,5.932545748003896,3000.0
v3_primary_challenge,C3,1056,4,50.51817102459045,415,2.0490794932059595,0,5.531999999999934,5.6404391503210665,2950.0
v3_primary_challenge,C3,1056,5,50.85966528000127,416,1.9889238190720095,0,5.581999999999934,5.467147398892897,2770.0
v3_primary_challenge,C4,1056,1,50.81977079536325,421,1.881997314625309,0,5.581999999999934,5.167223366236174,2740.0
v3_primary_challenge,C4,1056,2,46.05204899044329,411,2.3062017567990734,0,5.545999999999931,6.335483518171733,3490.0
v3_primary_challenge,C4,1056,3,46.1104565505608,415,2.062005640665451,0,5.639999999999933,5.670231989800305,3130.0
v3_primary_challenge,C4,1056,4,47.00357191189447,421,2.092266142943774,0,5.525999999999941,5.761543359007047,2820.0
v3_primary_challenge,C4,1056,5,47.537264194456256,411,2.0121399864667056,0,5.569999999999936,5.533500718068554,2800.0
v3_primary_challenge,C5,1056,1,55.21027389851903,425,1.978319019436391,0,5.583999999999941,5.418845164316471,2680.0
v3_primary_challenge,C5,1056,2,24.657649891686557,423,1.8844118059797776,0,5.581999999999939,5.164667531048812,2740.0
v3_primary_challenge,C5,1056,3,38.465031022376444,415,2.0383490312967782,0,5.649999999999936,5.602447075612137,2720.0
v3_primary_challenge,C5,1056,4,49.17888320729191,416,1.9780039681581816,0,5.4599999999999325,5.441073828393715,3010.0
v3_primary_challenge,C5,1056,5,60.436785374816296,400,2.4755270166291843,0,5.587999999999926,6.799454568215858,3830.0
