pad_id,location,strategy,scenario,scenario_value,utilization,sessions,wait_min,input_kwh,delivered_kwh,replication
1,staging,C1,base,base,16.32387679211713,3,6.278702756394705,11.753191290324333,10.538297219100132,1007
2,picking,C1,base,base,11.510071759963344,2,0.0,8.287251667173608,7.012242141158347,1007
1,staging,C2,base,base,27.998977007818848,651,62.712901225289826,20.159263445629552,17.060521744461873,1007
2,picking,C2,base,base,29.022283051162102,656,68.30893672320136,20.896043796836672,17.559962060241144,1007
1,staging,C3,base,base,26.492341843333023,267,57.078247730624774,19.07448612719978,16.344542551121865,1007
2,picking,C3,base,base,26.88981829335727,267,74.21025507756443,19.360669171217225,16.502493857771693,1007
1,staging,C4,base,base,27.341188461491754,629,53.831835491333514,19.68565569227402,17.187577385872583,1007
2,picking,C4,base,base,27.721199136764497,623,63.603774295386394,19.95926337847043,17.30885086327488,1007
1,staging,C1,base,base,16.603258360840606,3,31.777040833101275,11.954346019805236,10.53942901027681,1008
2,picking,C1,base,base,10.831750543415366,2,0.0,7.798860391259064,7.018974352133157,1008
1,staging,C2,base,base,27.43718447853629,651,42.93298466805033,19.75477282454608,16.732202729160015,1008
2,picking,C2,base,base,27.556108512547183,644,49.80216933160826,19.840398129033908,16.686589522138963,1008
1,staging,C3,base,base,25.402961779950513,249,46.961612317572126,18.29013248156435,15.56879295635103,1008
2,picking,C3,base,base,25.11607305009344,247,42.08653658903211,18.083572596067274,15.701238618812475,1008
1,staging,C4,base,base,26.630924375311228,621,42.6802765381582,19.174265550224053,16.751611856888886,1008
2,picking,C4,base,base,26.763410881903965,624,39.426858404187875,19.269655834970788,16.55381928329898,1008
1,staging,C1,base,base,16.929210172007167,3,11.013781526512927,12.189031323845162,10.523881037201294,1009
2,picking,C1,base,base,17.625910918444102,3,11.53456193455877,12.690655861279755,10.529292592077264,1009
1,staging,C2,base,base,29.72066937560991,639,83.73008677773754,21.39888195043905,17.992730001885715,1009
2,picking,C2,base,base,29.56989056292515,644,89.72346940555691,21.290321205306046,17.905943627392908,1009
1,staging,C3,base,base,27.58782215647983,283,85.44827067067568,19.86323195266549,17.079155929241534,1009
2,picking,C3,base,base,28.088143349548,280,76.59356213385259,20.22346321167455,16.972250998107537,1009
1,staging,C4,base,base,28.656047283400326,614,82.90379145879476,20.63235404404818,17.872087472029328,1009
2,picking,C4,base,base,28.87530794896196,614,75.79983339878876,20.790221723252543,17.904669490582645,1009
1,staging,C1,base,base,15.894006367769919,3,29.766660519949436,11.443684584794344,10.526333493505946,1010
2,picking,C1,base,base,19.058301107035312,3,0.0,13.721976797065427,10.529692970141273,1010
1,staging,C2,base,base,27.564673214499848,653,44.330113973393004,19.84656471443987,16.824252273428982,1010
2,picking,C2,base,base,28.382651475026506,653,68.05609405464557,20.435509062019065,17.21630196799613,1010
1,staging,C3,base,base,25.66392822168449,264,47.83388786552253,18.47802831961283,15.95820825074521,1010
2,picking,C3,base,base,26.095349806829425,263,68.22647670844233,18.788651860917174,15.95137612266091,1010
1,staging,C4,base,base,26.842459267334135,633,46.163124091915535,19.32657067248057,16.74446573767397,1010
2,picking,C4,base,base,27.425723317379262,630,58.19104981349915,19.746520788513042,17.191282948195585,1010
1,staging,C1,base,base,16.193428869046258,3,72.72612863385675,11.659268785713305,10.535889356855794,1011
2,picking,C1,base,base,12.229786976048423,2,52.57697084300004,8.805446622754866,7.015128021843834,1011
1,staging,C2,base,base,28.92236942067459,665,73.02784628970834,20.824105982885712,17.57036223153405,1011
2,picking,C2,base,base,29.82095874273244,668,82.91185052160708,21.471090294767322,18.34469622510684,1011
1,staging,C3,base,base,26.754706862699866,274,68.36045596144783,19.2633889411439,16.367670139975658,1011
2,picking,C3,base,base,28.287588031430506,274,80.76463319301435,20.367063382629958,17.52378219288881,1011
1,staging,C4,base,base,28.447988437493045,647,72.56270916187337,20.482551674994966,17.640047791411867,1011
2,picking,C4,base,base,29.00371469361926,645,79.79484086075142,20.88267457940586,18.148455109673478,1011
1,staging,C1,base,base,22.050375275881525,3,4.866010110542508,15.876270198634701,10.53248806612598,1012
2,picking,C1,base,base,16.6196410513709,2,0.0,11.966141556987047,7.0213270263048635,1012
1,staging,C2,base,base,28.04333176721499,615,77.5569034846458,20.191198872394764,16.999100923003542,1012
2,picking,C2,base,base,27.133334880665593,611,68.43837764629377,19.536001114079202,16.670408613871874,1012
1,staging,C3,base,base,24.881683853186722,229,66.97035193632846,17.914812374294428,15.513725057707687,1012
2,picking,C3,base,base,26.265867485509276,230,71.10219047392992,18.911424589566675,16.077595276613444,1012
1,staging,C4,base,base,26.601000961131554,588,75.01865661775494,19.152720692014707,16.595819705632476,1012
2,picking,C4,base,base,27.08220590270834,588,67.51140728850606,19.499188249949974,16.946245386798495,1012
1,staging,C1,base,base,15.682667540434256,3,43.95153943112236,11.291520629112663,10.531718699400894,1013
2,picking,C1,base,base,15.839322546364956,3,0.0,11.404312233382768,10.533810331652045,1013
1,staging,C2,base,base,28.066878153354796,645,70.4304506823245,20.20815227041542,17.02601080187169,1013
2,picking,C2,base,base,29.832526198973042,634,83.49912110343627,21.479418863260545,18.054081130626727,1013
1,staging,C3,base,base,27.028353261750983,283,75.00039781185323,19.460414348460695,16.43941553813534,1013
2,picking,C3,base,base,27.780530872955318,285,77.15356450574852,20.00198222852784,16.877925933934215,1013
1,staging,C4,base,base,27.79548078173249,622,69.95388804189831,20.012746162847368,17.384269675600958,1013
2,picking,C4,base,base,28.55665303777915,614,77.01257441683671,20.560790187200954,17.597433368008584,1013
1,staging,C1,base,base,16.23501478239112,3,30.835408151091663,11.689210643321605,10.520289578989445,1014
2,picking,C1,base,base,10.7623849151755,2,0.0,7.74891713892636,7.0165733145590075,1014
1,staging,C2,base,base,27.386326155135027,615,67.74981749341504,19.718154831697216,16.603881195305863,1014
2,picking,C2,base,base,27.417240307515545,608,69.04453351085377,19.740413021411154,16.32650947602044,1014
1,staging,C3,base,base,25.31502374988954,245,73.15305906330877,18.226817099920464,15.555816440574429,1014
2,picking,C3,base,base,26.058268411584645,246,64.2456216332687,18.761953256340952,15.393433686991573,1014
1,staging,C4,base,base,26.537922281169262,588,63.08046310481748,19.107304042441864,16.66421159384145,1014
2,picking,C4,base,base,25.944388317573182,582,61.48077168073137,18.679959588652675,16.150679077484877,1014
1,staging,C1,base,base,16.160893772164346,3,1.7850516166226347,11.63584351595833,10.514703689955866,1015
2,picking,C1,base,base,18.694090487074565,3,0.0,13.459745150693688,10.533245300370606,1015
1,staging,C2,base,base,29.63506615138157,644,89.42815200905684,21.337247628994653,18.01432003928023,1015
2,picking,C2,base,base,29.16385085195031,638,78.0300265407173,20.997972613404173,17.529389292570407,1015
1,staging,C3,base,base,27.95283668885237,276,86.53559471074271,20.126042415973707,17.109181384212157,1015
2,picking,C3,base,base,27.569724376628308,277,83.42705740069825,19.850201551172376,16.58165649500337,1015
1,staging,C4,base,base,28.750110720402887,615,82.85116760977306,20.700079718690024,17.780621234354175,1015
2,picking,C4,base,base,28.4707120474968,619,77.58774444435713,20.498912674197648,17.65400476416313,1015
1,staging,C1,base,base,16.175263297326953,3,33.91573139808388,11.646189574075407,10.524009050041693,1016
2,picking,C1,base,base,11.180066870887321,2,52.62739264675402,8.049648147038871,7.020717526975915,1016
1,staging,C2,base,base,28.8789836771093,656,80.49834815665878,20.792868247518633,17.49961708752348,1016
2,picking,C2,base,base,29.31734031899362,662,77.33736162335984,21.108485029675375,17.817353363256107,1016
1,staging,C3,base,base,26.835990843495054,278,80.2657265507105,19.321913407316433,16.542432042462444,1016
2,picking,C3,base,base,27.434697040749338,277,75.85209788209367,19.75298186933952,16.72728495430208,1016
1,staging,C4,base,base,28.287587069655977,627,75.42914143079682,20.367062690152274,17.616507989218753,1016
2,picking,C4,base,base,27.979610086278317,632,74.39227578724267,20.145319262120342,17.561434683783062,1016
1,staging,C1,base,base,16.58263290011042,3,38.43769616431552,11.9394956880795,10.521875587386194,1017
2,picking,C1,base,base,15.61659810073751,3,0.0,11.24395063253101,10.531539769427118,1017
1,staging,C2,base,base,26.8451486552437,612,56.150647845186725,19.328507031775473,16.39844561297718,1017
2,picking,C2,base,base,27.030635880066022,607,55.68405794086058,19.46205783364755,16.507891424112035,1017
1,staging,C3,base,base,24.432375737405184,246,57.458511883168434,17.591310530931732,15.25377729644485,1017
2,picking,C3,base,base,25.65911220433111,245,48.97734245547333,18.474560787118396,15.821224842736703,1017
1,staging,C4,base,base,26.36539177596562,590,56.5938488157062,18.98308207869526,16.505118831919685,1017
2,picking,C4,base,base,25.971837713375212,584,43.61443177510684,18.699723153630163,16.28999598294731,1017
1,staging,C1,base,base,17.569405452108832,3,123.74865448822116,12.649971925518361,10.519494047711483,1018
2,picking,C1,base,base,11.522042490335627,2,6.036928299389426,8.295870593041652,7.018082421156947,1018
1,staging,C2,base,base,27.625947202458168,627,66.81341684735247,19.890681985769874,16.865941447988337,1018
2,picking,C2,base,base,27.165779792191408,624,61.92930134443419,19.5593614503778,16.713443222737503,1018
1,staging,C3,base,base,24.45651701655799,254,65.60281501098359,17.608692251921752,15.253525677302358,1018
2,picking,C3,base,base,26.29126517561154,253,71.27769673202229,18.92971092644033,16.287778433526793,1018
1,staging,C4,base,base,26.728368831712757,605,59.96845229420361,19.244425558833175,16.850668507026302,1018
2,picking,C4,base,base,26.49003079180718,597,61.323915704290776,19.072822170101173,16.61107727481066,1018
1,staging,C1,base,base,12.927550630665493,2,13.680269754234299,9.307836454079155,7.020477910158262,1019
2,picking,C1,base,base,17.64713575437326,3,35.022750063587345,12.705937743148748,10.526398666283503,1019
1,staging,C2,base,base,28.353924571406157,645,70.08802273971985,20.41482569141242,17.366959036029012,1019
2,picking,C2,base,base,28.19845996239846,652,75.67674919812504,20.302891172926888,17.219028651523956,1019
1,staging,C3,base,base,26.585126521642483,254,67.72411429217307,19.141291095582584,16.619774901714866,1019
2,picking,C3,base,base,25.581102259735307,253,68.11627229725909,18.41839362700941,15.932527099008956,1019
1,staging,C4,base,base,27.866349110523842,619,69.74592289497404,20.063771359577167,17.475015611157474,1019
2,picking,C4,base,base,26.947003266583497,621,70.10423795063629,19.401842351940104,16.97836096528438,1019
1,staging,C1,base,base,21.582538420271568,4,15.730380013882495,15.53942766259553,14.027969590073454,1020
2,picking,C1,base,base,16.589200536018502,3,0.0,11.944224385933321,10.525711118885136,1020
1,staging,C2,base,base,29.523084123857863,629,82.31954332733646,21.256620569177596,17.77174241684564,1020
2,picking,C2,base,base,30.449085655846403,624,89.10099522130874,21.923341672209375,18.376160514335204,1020
1,staging,C3,base,base,28.634210451435386,272,90.61537691981691,20.61663152503349,17.269285536377456,1020
2,picking,C3,base,base,28.153218314276945,271,74.62368567799949,20.270317186279417,17.071119221825743,1020
1,staging,C4,base,base,29.29872554159001,603,83.80321229082183,21.095082389944775,18.15369235943142,1020
2,picking,C4,base,base,28.91171889071793,602,76.76753127100473,20.816437601316867,17.85557755023559,1020
1,staging,C1,base,base,16.617815170064077,3,47.16603252351548,11.964826922446136,10.5438826766884,1021
2,picking,C1,base,base,10.481874698601178,2,7.256380702550692,7.546949782992849,7.019516630642938,1021
1,staging,C2,base,base,29.10560305942938,646,75.4412846958168,20.956034202789073,17.663005102921993,1021
2,picking,C2,base,base,28.895877890519028,645,80.78480252841764,20.80503208117364,17.507116426631647,1021
1,staging,C3,base,base,27.28136436449547,250,73.99838953865806,19.64258234243673,16.313115791743982,1021
2,picking,C3,base,base,26.810489197433096,250,77.15458303730978,19.303552222151808,16.86536621418403,1021
1,staging,C4,base,base,27.97159904024125,617,78.09459669155143,20.139551308973683,17.452346305647023,1021
2,picking,C4,base,base,28.23101434922684,621,65.0274179656304,20.32633033144324,17.600136335017737,1021
1,staging,C1,base,base,16.467154142813374,3,0.0,11.856350982825633,10.531446571443274,1022
2,picking,C1,base,base,16.87763311351491,3,35.34758342837971,12.151895841730736,10.533070865437564,1022
1,staging,C2,base,base,27.87264610080924,665,58.5200572375102,20.068305192582635,17.116885464054704,1022
2,picking,C2,base,base,27.65539231564043,664,63.45614985634516,19.91188246726106,16.638095710308274,1022
1,staging,C3,base,base,25.856538384823907,267,55.64226859603824,18.616707637073212,16.036451864571095,1022
2,picking,C3,base,base,25.414079711390787,265,56.55527777966757,18.29813739220137,15.616181998726786,1022
1,staging,C4,base,base,26.717587192268304,647,59.54399298168346,19.23666277843314,16.613109425493,1022
2,picking,C4,base,base,27.140796016904982,637,56.53896335992022,19.541373132171582,17.038159145372003,1022
1,staging,C1,base,base,16.253431024647796,3,56.87632435625213,11.702470337746412,10.532223303971772,1023
2,picking,C1,base,base,10.697736861230586,2,33.90956257369192,7.702370540086022,7.017094601839751,1023
1,staging,C2,base,base,26.295754717331455,615,68.14674466204741,18.932943396478663,15.669771666539535,1023
2,picking,C2,base,base,26.583119282789543,620,66.0668786606463,19.13984588360846,16.02143512816098,1023
1,staging,C3,base,base,23.4907546929219,225,65.63763096375665,16.91334337890377,14.421643257192764,1023
2,picking,C3,base,base,24.94549329311771,227,63.13326540527193,17.960755171044745,15.212184738098308,1023
1,staging,C4,base,base,25.41556522994127,583,65.32397144361191,18.299206965557733,15.944747481656172,1023
2,picking,C4,base,base,24.999930999009074,584,60.64525559928604,17.999950319286537,15.592459313044346,1023
1,staging,C1,base,base,16.862874238750912,3,41.07358702707655,12.141269451900657,10.524011912065962,1024
2,picking,C1,base,base,10.528900223103552,2,0.0,7.580808160634559,7.007158709582368,1024
1,staging,C2,base,base,28.30055359957409,621,90.0323254827292,20.376398591693288,17.191503127489536,1024
2,picking,C2,base,base,27.670194678985,627,88.68760391082007,19.92254016886916,16.425584160825558,1024
1,staging,C3,base,base,25.957814059655497,233,84.69301392315423,18.68962612295196,15.818906513970141,1024
2,picking,C3,base,base,26.57290454638877,234,87.68716870680701,19.132491273399925,15.71234912920631,1024
1,staging,C4,base,base,26.646884424867185,600,80.89438904307666,19.185756785904328,16.641793990369152,1024
2,picking,C4,base,base,27.62392048994544,599,84.8082732172014,19.889222752760684,16.86193218683483,1024
1,staging,C1,base,base,15.821887103938948,3,39.800287405611016,11.391758714836042,10.522407339860427,1025
2,picking,C1,base,base,12.91175823643872,2,0.0,9.296465930235879,7.011840357449787,1025
1,staging,C2,base,base,28.556932935165598,661,62.847986512942846,20.56099171331921,17.227809471749005,1025
2,picking,C2,base,base,29.028451125108596,653,74.24410922380856,20.90048481007817,17.656413630886462,1025
1,staging,C3,base,base,26.426948839076296,249,54.439410303599,19.027403164134927,16.09800003856148,1025
2,picking,C3,base,base,27.195149997660323,249,69.23685899564332,19.58050799831545,16.631375120491274,1025
1,staging,C4,base,base,27.63907514292508,628,56.05016860113603,19.90013410290605,17.19241177605628,1025
2,picking,C4,base,base,28.061629439426884,636,74.99401596907357,20.204373196387333,17.553605596391595,1025
1,staging,C1,base,base,22.00114585931437,4,30.237444040495152,15.840825018706347,14.037523763161143,1026
2,picking,C1,base,base,16.58639060566446,3,0.0,11.942201236078409,10.528338857315667,1026
1,staging,C2,base,base,29.889801792262205,648,90.89930570855944,21.52065729042872,18.107100146479983,1026
2,picking,C2,base,base,30.61036077423719,646,73.63779169013803,22.039459757450732,18.537151362885766,1026
1,staging,C3,base,base,29.015244500608034,297,77.9149642251112,20.890976040437785,17.90857717229795,1026
2,picking,C3,base,base,27.749590427932592,294,81.10599175820259,19.979705108111446,16.853012803021812,1026
1,staging,C4,base,base,29.226110674335086,625,72.19053920875822,21.042799685521206,18.08671148118212,1026
2,picking,C4,base,base,29.884086900060048,628,89.51062094717976,21.51654256804319,18.461290028183647,1026
1,staging,C1,base,base,16.167465122099962,3,0.0,11.640574887911976,10.519025681164653,1027
2,picking,C1,base,base,10.761058618135667,2,0.0,7.74796220505768,7.015656185280368,1027
1,staging,C2,base,base,28.803416882573757,637,88.47628358571814,20.73846015545305,17.458113564668352,1027
2,picking,C2,base,base,29.30573670196409,635,71.77733415531266,21.100130425414097,17.29912385733233,1027
1,staging,C3,base,base,28.090887336283483,269,106.2077941934942,20.225438882124124,17.128324733472375,1027
2,picking,C3,base,base,26.15907359160941,268,66.5975020790063,18.83453298595879,15.650358465214712,1027
1,staging,C4,base,base,28.201223408830263,609,80.14788245817776,20.304880854357755,17.35459882005874,1027
2,picking,C4,base,base,28.117448634746612,611,64.96850385256168,20.244563017017487,17.274305268608618,1027
1,staging,C1,base,base,17.63660970552524,3,32.007757286549044,12.698358987978175,10.520094140690523,1028
2,picking,C1,base,base,11.51820706457291,2,0.0,8.293109086492496,7.017496494484329,1028
1,staging,C2,base,base,27.413586068817647,672,54.77026470719321,19.7377819695487,16.602423123094365,1028
2,picking,C2,base,base,26.72653625462506,674,56.49905954502695,19.243106103330042,16.30155640096946,1028
1,staging,C3,base,base,24.85866117612712,234,51.635864918542545,17.89823604681153,15.214586344530135,1028
2,picking,C3,base,base,24.78278217648865,235,55.624676557123436,17.843603167071837,15.36400273915962,1028
1,staging,C4,base,base,26.258117112671407,648,51.51321210464059,18.905844321123414,16.41855669922739,1028
2,picking,C4,base,base,26.353816267987728,647,56.04286933095612,18.974747712951178,16.372061713725323,1028
1,staging,C1,base,base,21.362315667599777,4,0.0,15.38086728067184,14.02737561669584,1029
2,picking,C1,base,base,12.598787104937397,2,0.0,9.071126715554927,7.028683092828961,1029
1,staging,C2,base,base,29.825734360079842,617,89.18819168312255,21.47452873925746,17.952956371113533,1029
2,picking,C2,base,base,28.45837916630196,617,91.01138168863882,20.490032999737366,17.266380116189136,1029
1,staging,C3,base,base,26.930728568238344,260,89.41755508670911,19.39012456913159,16.603396782352384,1029
2,picking,C3,base,base,27.802488171017092,260,99.64053447578024,20.017791483132317,16.835298886621352,1029
1,staging,C4,base,base,28.62023873854679,590,80.62233530613285,20.60657189175368,17.825541537998735,1029
2,picking,C4,base,base,27.78020041572251,586,78.69467493975627,20.001744299320173,17.26332272708171,1029
1,staging,C1,base,base,16.94723318823407,3,0.0,12.202007895528528,10.5347909769066,1030
2,picking,C1,base,base,10.834750970929685,2,0.0,7.801020699069375,7.020918629162438,1030
1,staging,C2,base,base,27.814373982525094,663,50.679430163611386,20.026349267418038,16.99350675648044,1030
2,picking,C2,base,base,27.89388266842016,654,41.478653353318506,20.08359552126249,16.88786951625542,1030
1,staging,C3,base,base,24.865561491789848,255,49.3832936445562,17.903204274088694,15.32445969394353,1030
2,picking,C3,base,base,26.34364551840751,254,45.71127736183616,18.9674247732534,16.339080998176268,1030
1,staging,C4,base,base,27.036948379984555,632,47.01593330108478,19.46660283358885,16.80134967225281,1030
2,picking,C4,base,base,26.98999376475781,631,41.99775489234608,19.432795510625613,16.962387711594143,1030
1,staging,C1,base,base,16.232458712743313,3,6.653363247262072,11.687370273175189,10.518633245857668,1031
2,picking,C1,base,base,11.19201439694087,2,71.74652869006749,8.058250365797425,7.028112065745667,1031
1,staging,C2,base,base,26.045044403354385,637,54.32727301834793,18.75243197041516,15.523836921436805,1031
2,picking,C2,base,base,27.370408579976058,635,60.20818081930828,19.706694177582715,16.831519501277715,1031
1,staging,C3,base,base,24.314016326213466,228,54.581795323468604,17.506091754873694,15.046534368265638,1031
2,picking,C3,base,base,24.819579193671345,231,61.60949457376947,17.870097019443367,15.28115224651621,1031
1,staging,C4,base,base,25.467504550575153,613,42.987692634857225,18.336603276414117,15.798403205782401,1031
2,picking,C4,base,base,26.442026579132232,614,59.35846706673024,19.038259136975185,16.450008772487678,1031
1,staging,C1,base,base,16.866084449776853,3,2.4064543824459785,12.143580803839335,10.52553066601203,1032
2,picking,C1,base,base,10.81851820241146,2,0.9911024109672629,7.78933310573625,7.010399795162625,1032
1,staging,C2,base,base,27.850053875582592,645,60.94383974464617,20.052038790419484,16.737711873568514,1032
2,picking,C2,base,base,28.072867738313377,641,49.316968861045844,20.212464771585616,16.88011881967733,1032
1,staging,C3,base,base,25.796536911517897,246,60.51062371676316,18.5735065762929,15.458951688559592,1032
2,picking,C3,base,base,26.484630273749254,249,58.7005195092313,19.06893379709948,16.126564241427467,1032
1,staging,C4,base,base,26.347327803759086,611,55.29575133619764,18.970076018706536,16.554781133150982,1032
2,picking,C4,base,base,27.22809966227967,612,45.29740800624427,19.60423175684137,16.87261740186316,1032
1,staging,C1,base,base,17.98493468695237,3,71.7828111022854,12.94915297460571,10.521420428516567,1033
2,picking,C1,base,base,11.118828995128023,2,5.894246638635256,8.005556876492177,7.023431569647972,1033
1,staging,C2,base,base,25.88629177722732,634,45.93625606266611,18.638130079603624,15.630790218554178,1033
2,picking,C2,base,base,26.67465595541878,633,66.69712549731838,19.205752287901486,16.00922844627713,1033
1,staging,C3,base,base,24.298860768072334,231,50.123556651963796,17.495179753012074,14.803800276914146,1033
2,picking,C3,base,base,24.49389707581866,233,59.53376349932267,17.63560589458942,14.666174588735528,1033
1,staging,C4,base,base,25.039682021509673,609,52.64701154902719,18.02857105548693,15.480874312532537,1033
2,picking,C4,base,base,25.72723180204793,608,52.46032834778798,18.523606897474483,16.04578324118766,1033
1,staging,C1,base,base,13.157145900321144,2,0.0,9.473145048231224,7.013493821676162,1034
2,picking,C1,base,base,15.886019935986647,3,29.908586949514454,11.437934353910386,10.521221307304,1034
1,staging,C2,base,base,27.401698135954465,636,53.83745130879666,19.729222657887195,16.487417832149116,1034
2,picking,C2,base,base,27.107361592866024,637,60.45665486683321,19.517300346863497,16.51473666088655,1034
1,staging,C3,base,base,25.71769725535718,246,50.891438428466124,18.516742023857166,15.42423535119651,1034
2,picking,C3,base,base,25.327263509596204,246,59.75146833964757,18.235629726909274,15.498477864715856,1034
1,staging,C4,base,base,25.78699652910733,610,42.83905351617825,18.566637500957246,16.06291963878371,1034
2,picking,C4,base,base,26.7948435600325,605,57.33730460891804,19.29228736322339,16.807020188812356,1034
1,staging,C1,base,base,15.80824945209005,3,15.754965111646985,11.381939605504837,10.513196434677866,1035
2,picking,C1,base,base,10.752586043801935,2,0.0,7.741861951537394,7.01014921522755,1035
1,staging,C2,base,base,27.68590317503612,652,64.01594190010528,19.93385028602603,16.7818943295967,1035
2,picking,C2,base,base,26.98396364803748,656,71.40093600608724,19.428453826586995,16.558082031584938,1035
1,staging,C3,base,base,25.448799670750677,246,79.38260863790106,18.32313576294047,15.6242919864768,1035
2,picking,C3,base,base,24.921786810484583,245,67.20781679424668,17.943686503548896,15.590872693371042,1035
1,staging,C4,base,base,26.550763296721335,631,64.21516371455466,19.1165495736394,16.612539348413268,1035
2,picking,C4,base,base,26.426225734728348,625,62.776052673196425,19.02688252900441,16.6097981238795,1035
1,staging,C1,base,base,17.275293945254276,3,0.0,12.43821164058308,10.512847295089612,1036
2,picking,C1,base,base,16.187635236053662,3,17.79178189569369,11.655097369958638,10.532091183743079,1036
1,staging,C2,base,base,28.531675523988127,646,78.88835186172217,20.5428063772714,17.19594531736857,1036
2,picking,C2,base,base,29.4557706850851,640,93.84571811470896,21.20815489326119,17.623894339807563,1036
1,staging,C3,base,base,27.110383821648,259,76.59161055938071,19.519476351586555,16.35566424305403,1036
2,picking,C3,base,base,26.90976914919109,259,76.19867378442322,19.375033787417593,16.505669592535945,1036
1,staging,C4,base,base,28.089142815340534,615,69.25557887146198,20.224182827045144,17.227808400806758,1036
2,picking,C4,base,base,28.00479258962988,612,91.35486007093336,20.163450664533478,17.430794222372395,1036
1,staging,C1,base,base,16.64534865171971,3,94.82766421414368,11.984651029238194,10.524141003458624,1037
2,picking,C1,base,base,10.69851103958878,2,0.0,7.702927948503923,7.017602417917919,1037
1,staging,C2,base,base,28.82717322955087,631,91.88496921212878,20.755564725276614,17.43215058001458,1037
2,picking,C2,base,base,28.77462897522298,630,80.45186399141721,20.717732862160524,17.402046864730707,1037
1,staging,C3,base,base,27.096532533964684,268,87.67393000794782,19.50950342445459,16.506049942546102,1037
2,picking,C3,base,base,26.51315796338343,267,72.77235166391738,19.08947373363608,16.319307337733278,1037
1,staging,C4,base,base,28.195680236889032,601,81.86913089921745,20.3008897705601,17.533359914752978,1037
2,picking,C4,base,base,27.45177371950466,604,71.98779588930607,19.76527707804333,17.176781974436754,1037
1,staging,C1,base,base,21.960259934742556,4,76.3796240682168,15.811387153014643,14.048175992827325,1038
2,picking,C1,base,base,12.231872863053098,2,35.74431130585338,8.806948461398232,7.015941086904216,1038
1,staging,C2,base,base,28.461746676595755,631,76.47014908759148,20.492457607148918,17.432471992927965,1038
2,picking,C2,base,base,29.495494765018492,642,79.41713817728045,21.236756230813256,17.96836730902583,1038
1,staging,C3,base,base,27.372757868012943,258,67.44924775085236,19.708385664969303,16.57245756208517,1038
2,picking,C3,base,base,27.57976291115253,259,84.03125784532091,19.857429296029824,16.91321059533162,1038
1,staging,C4,base,base,27.948749019444424,613,71.71711918281446,20.123099293999974,17.470585122056114,1038
2,picking,C4,base,base,28.36413905999924,611,79.26738278557308,20.422180123199404,17.772047764194635,1038
1,staging,C1,base,base,15.955825849491237,3,58.32124939043388,11.488194611633693,10.524365741130547,1039
2,picking,C1,base,base,10.477015880666848,2,21.447444725248957,7.543451434080131,7.016175206214923,1039
1,staging,C2,base,base,28.37623027800103,653,63.353631689520974,20.43088580016071,17.090468630813472,1039
2,picking,C2,base,base,27.55297386986335,653,66.9157530166725,19.838141186301602,16.586238983198825,1039
1,staging,C3,base,base,26.517732596922066,251,63.69997469222546,19.092767469783883,16.07945558533832,1039
2,picking,C3,base,base,25.82234333427734,251,69.89417345521794,18.592087200679686,15.58629696856515,1039
1,staging,C4,base,base,26.518307209375326,628,51.13094559531704,19.09318119075022,16.619319063627742,1039
2,picking,C4,base,base,27.092715131071692,621,51.127054351091154,19.50675489437161,16.917110772606758,1039
1,staging,C1,base,base,19.690652691984802,3,43.25454108263863,14.177269938229056,10.522897557060121,1040
2,picking,C1,base,base,11.177133018181504,2,47.991454879027636,8.047535773090683,7.018920005871645,1040
1,staging,C2,base,base,27.4728141623231,652,51.263614599350674,19.780426196872643,16.87073922936283,1040
2,picking,C2,base,base,28.1476577338585,658,61.85239074332768,20.266313568378102,17.009578333569102,1040
1,staging,C3,base,base,26.09184636077909,274,49.38642114956508,18.786129379760943,16.000318574435298,1040
2,picking,C3,base,base,25.69544745044279,270,59.19544893105373,18.500722164318805,15.796453992180396,1040
1,staging,C4,base,base,26.955860258646975,627,45.43434831228667,19.408219386225817,16.943878421791496,1040
2,picking,C4,base,base,26.997548216410287,630,65.36683273698623,19.438234715815412,16.812383585584872,1040
1,staging,C1,base,base,17.29255633820519,3,28.485466045729723,12.450640563507736,10.534726983881717,1041
2,picking,C1,base,base,10.757216078198589,2,0.0,7.745195576302985,7.013139126949926,1041
1,staging,C2,base,base,28.106506864984876,636,68.14768714954162,20.236684942789076,16.914527896452533,1041
2,picking,C2,base,base,28.128329464923034,631,65.33667565752768,20.25239721474456,16.86216262218152,1041
1,staging,C3,base,base,26.12626549815054,264,67.16238148913139,18.810911158668386,15.900451237365834,1041
2,picking,C3,base,base,26.785816213196963,264,57.80117420831666,19.28578767350182,16.082455345279833,1041
1,staging,C4,base,base,27.23039618223535,609,59.49425028648246,19.60588525120944,16.654507483273385,1041
2,picking,C4,base,base,27.351782346493515,612,65.74291300774665,19.693283289475314,17.007907320084144,1041
1,staging,C1,base,base,16.270017715541385,3,20.959178993830815,11.714412755189796,10.542971479670816,1042
2,picking,C1,base,base,10.755814255805888,2,18.92161778178294,7.7441862641802395,7.012242894859996,1042
1,staging,C2,base,base,28.243736326172847,638,63.41466842116061,20.335490154844457,17.007228988396516,1042
2,picking,C2,base,base,28.205330725011535,637,77.18032677102428,20.307838122008317,16.93779417548403,1042
1,staging,C3,base,base,26.114056563622444,264,69.87288233693126,18.802120725808155,15.57195195819613,1042
2,picking,C3,base,base,27.018177186614757,260,67.98271577224405,19.45308757436263,16.400122006139817,1042
1,staging,C4,base,base,26.88805004542797,606,63.433479069807596,19.35939603270814,16.70765890138245,1042
2,picking,C4,base,base,27.52848993226194,612,68.91423193240159,19.820512751228627,17.06021057962503,1042
1,staging,C1,base,base,15.677477499818055,3,60.75320445680372,11.287783799869002,10.528345943362103,1043
2,picking,C1,base,base,10.752561691111124,2,10.335203916509515,7.74184441760001,7.010120432841628,1043
1,staging,C2,base,base,29.236144130970004,645,83.56225575930185,21.050023774298396,17.739521506660573,1043
2,picking,C2,base,base,29.629558789092318,643,82.67908296247258,21.333282328146467,17.849917091765462,1043
1,staging,C3,base,base,27.737073720715884,278,70.32912707941996,19.970693078915442,16.932996461072648,1043
2,picking,C3,base,base,27.996014379660934,277,81.54976956756553,20.15713035335589,16.814760150907116,1043
1,staging,C4,base,base,28.375853899922767,622,78.14251055927504,20.4306148079444,17.71765378211711,1043
2,picking,C4,base,base,28.829260348293328,618,79.7217939670036,20.757067450771185,17.762701482975604,1043
1,staging,C1,base,base,22.331835754696076,4,32.52164537896497,16.07892174338118,14.024875385539,1044
2,picking,C1,base,base,16.506692325848736,3,0.0,11.884818474611087,10.515041879684931,1044
1,staging,C2,base,base,28.752373810246983,645,64.33155920704363,20.70170914337778,17.200713385451394,1044
2,picking,C2,base,base,28.731830029687433,636,64.52976402552969,20.686917621374914,17.280268044249265,1044
1,staging,C3,base,base,26.716848733686337,254,62.95291704498872,19.236131088254172,16.090091350302504,1044
2,picking,C3,base,base,26.919637287724612,252,62.23612188722714,19.382138847161723,16.388965114307187,1044
1,staging,C4,base,base,27.458506278269603,622,60.65749010828857,19.7701245203541,17.223799686588464,1044
2,picking,C4,base,base,28.134100392362445,612,53.905087683010024,20.25655228250089,17.141681743112194,1044
1,staging,C1,base,base,15.671203088236005,3,38.75573609564162,11.283266223529926,10.524316888250285,1045
2,picking,C1,base,base,10.547429945049586,2,16.170765859441598,7.594149560435701,7.019150167876716,1045
1,staging,C2,base,base,28.01218904823272,637,66.9499058934327,20.16877611472756,17.307900005908753,1045
2,picking,C2,base,base,27.937074892927843,632,66.03052408356788,20.114693922908042,17.052638309692583,1045
1,staging,C3,base,base,26.12103861239633,267,66.71446901715265,18.80714780092537,16.22704765770274,1045
2,picking,C3,base,base,26.495238599191534,265,80.4414001994419,19.076571791417898,16.118801146230794,1045
1,staging,C4,base,base,27.201407887211833,613,56.72529994967329,19.585013678792542,17.096613106648864,1045
2,picking,C4,base,base,27.29724708176427,612,68.59302390795139,19.654017898870265,17.154841875619137,1045
1,staging,C1,base,base,16.940465664092937,3,0.0,12.197135278146916,10.52878826901972,1046
2,picking,C1,base,base,11.176073913734783,2,0.0,8.046773217889044,7.01777875350175,1046
1,staging,C2,base,base,27.997717380047828,623,79.06743195320968,20.158356513634388,17.087014387214925,1046
2,picking,C2,base,base,28.168294553394286,629,82.45727684828967,20.28117207844385,17.208743688068196,1046
1,staging,C3,base,base,26.333810456529815,282,93.31028410430194,18.960343528701458,16.199616480921428,1046
2,picking,C3,base,base,26.348014322914644,280,74.08138049202755,18.97057031249854,16.276613816584035,1046
1,staging,C4,base,base,27.092081145690187,608,76.81242572030642,19.50629842489691,16.919644500187204,1046
2,picking,C4,base,base,27.69206296016,601,69.56422296782765,19.93828533131518,17.279863575095934,1046
1,staging,C1,base,base,16.581272444656094,3,43.250759002771396,11.93851616015239,10.520621232093097,1047
2,picking,C1,base,base,10.827789813346728,2,36.640840636821544,7.796008665609644,7.01640779904868,1047
1,staging,C2,base,base,28.568342132217023,634,81.48223961625567,20.569206335196228,17.532851462804988,1047
2,picking,C2,base,base,28.09720360898535,634,85.50305235467201,20.229986598469427,17.16604514000914,1047
1,staging,C3,base,base,26.436962566391685,276,82.19726557634935,19.034613047802015,16.133494611266453,1047
2,picking,C3,base,base,27.17231586264999,274,82.64222722731681,19.564067421108,16.617329146723268,1047
1,staging,C4,base,base,27.803521655558022,610,86.9301319020956,20.018535592001772,17.356187101873164,1047
2,picking,C4,base,base,27.393049835333127,608,73.8969680015048,19.72299588143983,17.230080468183576,1047
1,staging,C1,base,base,15.823172413827683,3,17.14388333152674,11.392684137955932,10.5232472647677,1048
2,picking,C1,base,base,11.18013833363648,2,0.0,8.049699600218265,7.02084819094406,1048
1,staging,C2,base,base,27.297703250506842,637,53.153452209318395,19.6543463403649,16.298442630010694,1048
2,picking,C2,base,base,27.761080291691638,641,59.4243332720263,19.98797781001795,16.959152825701167,1048
1,staging,C3,base,base,25.172134994132144,231,48.67216125773385,18.123937195775152,15.449681927728617,1048
2,picking,C3,base,base,25.859979232973686,229,55.437106843802056,18.619185047741055,15.755324927253055,1048
1,staging,C4,base,base,26.137913195292196,611,51.920781282452715,18.81929750061037,16.317531024183793,1048
2,picking,C4,base,base,27.09357084660476,615,54.01928857204124,19.50737100955541,16.8202866537503,1048
1,staging,C1,base,base,16.86744874058698,2,25.519378116263518,12.144563093222626,7.029243792982319,1049
2,picking,C1,base,base,18.333936324182286,3,112.51664047283352,13.200434153411248,10.522438164290485,1049
1,staging,C2,base,base,28.359013024137713,611,85.16868464265382,20.41848937737915,17.326036247530368,1049
2,picking,C2,base,base,27.661786988513086,616,76.9077163603492,19.9164866317294,16.66186793196472,1049
1,staging,C3,base,base,26.05828001648714,252,74.21417174264477,18.761961611870753,16.237845073627454,1049
2,picking,C3,base,base,26.236658460873226,251,70.11952989795259,18.890394091828732,15.826128844953256,1049
1,staging,C4,base,base,27.004666667504324,586,75.63556884190416,19.443360000603125,16.93081816991994,1049
2,picking,C4,base,base,27.13435676988958,586,76.28235804761971,19.53673687432049,16.928752676241825,1049
1,staging,C1,base,base,16.182252177275284,3,4.4278579886022875,11.651221567638206,10.528632193700156,1050
2,picking,C1,base,base,10.75493953531152,2,23.40948246202473,7.7435564654242945,7.011644055177152,1050
1,staging,C2,base,base,28.39895064347277,650,76.14967824629399,20.44724446330039,17.174395548096246,1050
2,picking,C2,base,base,27.621418699179067,658,69.35277012042135,19.887421463408916,16.975714034114443,1050
1,staging,C3,base,base,25.21906747595033,234,73.44817197445518,18.157728582684236,15.720166737505853,1050
2,picking,C3,base,base,26.552604964071076,235,57.872486983484606,19.11787557413118,16.272345204196032,1050
1,staging,C4,base,base,27.435607011702434,622,67.15479393937859,19.753637048425755,17.25979202080512,1050
2,picking,C4,base,base,26.82097739797807,630,70.64740860166921,19.31110372654419,16.76198422807224,1050
1,staging,C1,base,base,16.11485206981009,3,75.81470753124158,11.602693490263267,10.527357795772428,1051
2,picking,C1,base,base,11.16617466749176,2,0.0,8.039645760594066,7.011826104541895,1051
1,staging,C2,base,base,29.27997888234443,621,94.58388648189637,21.08158479528799,17.56809975670444,1051
2,picking,C2,base,base,29.87310385851547,611,93.31257219525786,21.508634778131082,17.8796396991655,1051
1,staging,C3,base,base,27.83303109578697,252,89.40461326116855,20.039782388966607,16.57103651674643,1051
2,picking,C3,base,base,27.57889453021276,255,93.6270306460852,19.856804061753195,16.933152898594273,1051
1,staging,C4,base,base,28.057620580174188,588,83.23404798923028,20.20148681772541,17.35383426547399,1051
2,picking,C4,base,base,28.785381299544333,582,89.59012065656292,20.725474535671907,17.95273852372929,1051
1,staging,C1,base,base,17.28152314410618,3,15.054240126048535,12.442696663756452,10.517054607845878,1052
2,picking,C1,base,base,11.101781179467459,2,0.0,7.99328244921657,7.012644124047222,1052
1,staging,C2,base,base,28.24429097633584,639,69.97782950134113,20.33588950296179,16.97763511969512,1052
2,picking,C2,base,base,27.927012594685426,638,61.05873400430484,20.1074490681735,16.880287507156176,1052
1,staging,C3,base,base,25.415569032223946,267,60.970771494758196,18.299209703201235,15.572259533585541,1052
2,picking,C3,base,base,26.905658635920936,266,69.30736912048181,19.372074217863076,16.30391810252056,1052
1,staging,C4,base,base,27.199064641959325,614,64.40680404998595,19.583326542210685,16.764873929486075,1052
2,picking,C4,base,base,27.56522290001756,617,65.23181205152474,19.84696048801264,17.010905571167743,1052
1,staging,C1,base,base,15.829102233684067,3,62.097015566477175,11.396953608252527,10.526769975522665,1053
2,picking,C1,base,base,16.586360795977388,3,0.0,11.942179773103721,10.529230675716615,1053
1,staging,C2,base,base,27.972989368689976,644,69.37071907127147,20.140552345456783,17.090311233083728,1053
2,picking,C2,base,base,28.42086359386317,641,77.83019877115717,20.463021787581447,17.35543941815564,1053
1,staging,C3,base,base,26.210662937251776,254,74.4916178236308,18.871677314821284,16.053186348735675,1053
2,picking,C3,base,base,26.540749898261073,252,85.87151885653238,19.10933992674797,16.49157450220471,1053
1,staging,C4,base,base,27.411506448071222,621,71.08585734879021,19.736284642611277,17.120884607691494,1053
2,picking,C4,base,base,27.404556457751966,617,72.4796356352392,19.731280649581393,17.209366043547874,1053
1,staging,C1,base,base,17.99745006516973,3,4.033032072761853,12.958164046922205,10.529386208434488,1054
2,picking,C1,base,base,16.516891739128493,3,0.0,11.892162052172512,10.521270550196295,1054
1,staging,C2,base,base,29.337448920012378,626,89.18515947983799,21.12296322240884,17.57617715177117,1054
2,picking,C2,base,base,28.816368704622143,619,75.72376681281153,20.747785467327898,17.401125441988913,1054
1,staging,C3,base,base,27.033093527028335,270,87.96780520454374,19.463827339460405,16.10067165574067,1054
2,picking,C3,base,base,27.719426816022164,268,72.25072661594032,19.957987307535966,16.99063215648831,1054
1,staging,C4,base,base,28.385920549808404,598,82.36860299598666,20.43786279586203,17.507963281171303,1054
2,picking,C4,base,base,28.117303218392127,597,68.98408909398229,20.24445831724227,17.351700423699885,1054
1,staging,C1,base,base,15.681120994237213,3,0.0,11.290407115850794,10.530996672834597,1055
2,picking,C1,base,base,11.181882861257424,2,0.0,8.050955660105346,7.021877972281111,1055
1,staging,C2,base,base,29.207826869313745,655,71.26113052236727,21.029635345905888,17.67882040925861,1055
2,picking,C2,base,base,29.242370593445223,663,74.6546837818837,21.0545068272805,17.646915346968317,1055
1,staging,C3,base,base,27.47650467237254,268,73.41347442980107,19.783083364108244,16.920249678133498,1055
2,picking,C3,base,base,27.108687451631702,268,71.25279557769453,19.51825496517483,16.498039201401323,1055
1,staging,C4,base,base,28.51330239826133,629,70.20840517610635,20.529577726748116,17.63329014656205,1055
2,picking,C4,base,base,28.07935279536955,632,68.2620279690282,20.217134012666055,17.566251165220446,1055
1,staging,C1,base,base,16.103416916052655,3,0.0,11.594460179557913,10.5199470325283,1056
2,picking,C1,base,base,17.570529788552665,3,0.0,12.650781447757918,10.520167423995217,1056
1,staging,C2,base,base,28.952547496407234,640,65.73801653960793,20.84583419741317,17.455284883714498,1056
2,picking,C2,base,base,28.060238959713228,639,64.27011512924746,20.20337205099352,16.666563524713233,1056
1,staging,C3,base,base,26.497778599342876,258,63.86750986244524,19.078400591526876,16.273478605939697,1056
2,picking,C3,base,base,26.4308153431144,258,67.52079317679859,19.03018704704237,15.881088028727731,1056
1,staging,C4,base,base,27.665005041819946,608,61.26425629267307,19.918803630110357,17.07563603177295,1056
2,picking,C4,base,base,27.428688028899362,610,61.069406246219934,19.748655380807516,16.909323487765903,1056
1,staging,C1,A_agv,3,17.659964427751042,3,0.0,12.715174387980753,10.53410874270848,1007
2,picking,C1,A_agv,3,17.35335968290614,3,0.0,12.494418971692422,10.520107230622083,1007
1,staging,C2,A_agv,3,17.72850506386394,10,0.2892202242219726,12.764523645982038,11.520880000147804,1007
2,picking,C2,A_agv,3,17.5795262465492,10,0.03313971952702559,12.657258897515423,11.583613750960543,1007
1,staging,C3,A_agv,3,17.72850506386394,10,0.2892202242219726,12.764523645982038,11.520880000147804,1007
2,picking,C3,A_agv,3,17.5795262465492,10,0.03313971952702559,12.657258897515423,11.583613750960543,1007
1,staging,C4,A_agv,3,17.40428742762932,10,0.2892202242219726,12.531086947893112,10.816713333481138,1007
2,picking,C4,A_agv,3,17.178200754005324,10,0.03313971952702559,12.368304542883834,10.865363750960542,1007
1,staging,C1,A_agv,3,12.927454131368862,2,0.0,9.307766974585583,7.020565320862553,1008
2,picking,C1,A_agv,3,21.880217461966243,4,0.0,15.753756572615693,14.039330190141108,1008
1,staging,C2,A_agv,3,23.87390411529179,10,0.9333411123114652,17.18921096301009,15.17079572429158,1008
2,picking,C2,A_agv,3,18.84952907423734,8,0.12046509548256382,13.571660933450882,7.73151645337875,1008
1,staging,C3,A_agv,3,23.87390411529179,10,0.9333411123114652,17.18921096301009,15.17079572429158,1008
2,picking,C3,A_agv,3,18.84952907423734,8,0.12046509548256382,13.571660933450882,7.73151645337875,1008
1,staging,C4,A_agv,3,16.218526717930473,9,0.9333411123114652,11.67733923690994,10.718323502069333,1008
2,picking,C4,A_agv,3,16.40622011114692,9,0.12046509548256382,11.812478480025781,10.775655342267665,1008
1,staging,C1,A_agv,3,16.64641868689378,3,0.0,11.985421454563523,10.525182758714292,1009
2,picking,C1,A_agv,3,16.24472629668709,3,0.0,11.696202933614707,10.526582640253237,1009
1,staging,C2,A_agv,3,20.071827124008138,6,0.29157955817926007,14.45171552928586,11.306568050919136,1009
2,picking,C2,A_agv,3,20.692567514128417,5,0.0,14.898648610172458,11.319141792492838,1009
1,staging,C3,A_agv,3,20.071827124008138,6,0.29157955817926007,14.45171552928586,11.306568050919136,1009
2,picking,C3,A_agv,3,20.692567514128417,5,0.0,14.898648610172458,11.319141792492838,1009
1,staging,C4,A_agv,3,12.693610002315006,5,0.29157955817926007,9.139399201666805,7.079429162030223,1009
2,picking,C4,A_agv,3,22.162354182811306,6,13.731803310411367,15.956895011624141,14.13794734804842,1009
1,staging,C1,A_agv,3,27.74297589614671,4,0.0,19.97494264522563,14.037885364776423,1010
2,picking,C1,A_agv,3,16.23881471139666,3,0.0,11.691946592205596,10.525874736478135,1010
1,staging,C2,A_agv,3,17.906418476805996,11,2.0021547065208405,12.89262130330032,11.602115575217251,1010
2,picking,C2,A_agv,3,18.807659323348478,11,0.06178891255740382,13.541514712810905,11.744588970481736,1010
1,staging,C3,A_agv,3,17.906418476805996,11,2.0021547065208405,12.89262130330032,11.602115575217251,1010
2,picking,C3,A_agv,3,18.807659323348478,11,0.06178891255740382,13.541514712810905,11.744588970481736,1010
1,staging,C4,A_agv,3,16.469058584094213,11,2.0021547065208405,11.857722180547835,10.897948908550584,1010
2,picking,C4,A_agv,3,17.033704353458525,11,0.06178891255740382,12.264267134490137,11.026338970481735,1010
1,staging,C1,A_agv,3,16.941644050811266,3,0.0,12.197983716584112,10.532031161421642,1011
2,picking,C1,A_agv,3,15.603930988176653,3,0.0,11.234830311487192,10.523146072807744,1011
1,staging,C2,A_agv,3,18.157211811499497,10,0.0,13.073192504279636,11.52436983324722,1011
2,picking,C2,A_agv,3,18.32811074815567,9,0.3387861698178843,13.196239738672084,11.590890734315504,1011
1,staging,C3,A_agv,3,18.157211811499497,10,0.0,13.073192504279636,11.52436983324722,1011
2,picking,C3,A_agv,3,18.32811074815567,9,0.3387861698178843,13.196239738672084,11.590890734315504,1011
1,staging,C4,A_agv,3,18.129420310138105,10,0.0,13.053182623299437,10.80611983324722,1011
2,picking,C4,A_agv,3,17.537547085085947,9,0.3387861698178843,12.627033901261882,10.872640734315505,1011
1,staging,C1,A_agv,3,16.448212548732446,3,0.0,11.842713035087362,10.519375344102555,1012
2,picking,C1,A_agv,3,15.836680179292376,3,0.0,11.40240972909051,10.53210260842744,1012
1,staging,C2,A_agv,3,25.0747720738901,14,2.7073745629910686,18.053835893200876,12.088222658108338,1012
2,picking,C2,A_agv,3,18.396877305828113,13,1.4985305508818338,13.245751660196243,11.951588627755005,1012
1,staging,C3,A_agv,3,25.0747720738901,14,2.7073745629910686,18.053835893200876,12.088222658108338,1012
2,picking,C3,A_agv,3,18.396877305828113,13,1.4985305508818338,13.245751660196243,11.951588627755005,1012
1,staging,C4,A_agv,3,17.83493972839568,14,2.7073745629910686,12.84115660444489,11.373612491852336,1012
2,picking,C4,A_agv,3,17.70267876854673,13,1.4985305508818338,12.745928713353646,11.229698794011005,1012
1,staging,C1,A_agv,3,20.804632427153866,4,0.0,14.979335347550784,14.035430308568305,1013
2,picking,C1,A_agv,3,16.18728279730058,3,0.0,11.654843614056416,10.53184394638825,1013
1,staging,C2,A_agv,3,18.244000989916177,5,1.264046570471352,13.135680712739648,11.34386493094835,1013
2,picking,C2,A_agv,3,18.651153233006493,4,0.0,13.428830327764675,11.312353768452622,1013
1,staging,C3,A_agv,3,18.244000989916177,5,1.264046570471352,13.135680712739648,11.34386493094835,1013
2,picking,C3,A_agv,3,18.651153233006493,4,0.0,13.428830327764675,11.312353768452622,1013
1,staging,C4,A_agv,3,17.085158489337193,5,1.264046570471352,12.301314112322778,10.625614930948348,1013
2,picking,C4,A_agv,3,16.750137698504197,4,0.0,12.060099142923022,10.594103768452623,1013
1,staging,C1,A_agv,3,16.113726442065953,3,0.0,11.601883038287486,10.526600120421634,1014
2,picking,C1,A_agv,3,20.321932480169036,3,0.0,14.631791385721705,10.521446542049446,1014
1,staging,C2,A_agv,3,18.497569302107294,8,3.1709674374648404,13.318249897517255,7.957618165098758,1014
2,picking,C2,A_agv,3,28.72709535579581,9,0.0,20.683508656172986,15.343400719594552,1014
1,staging,C3,A_agv,3,18.497569302107294,8,3.1709674374648404,13.318249897517255,7.957618165098758,1014
2,picking,C3,A_agv,3,28.72709535579581,9,0.0,20.683508656172986,15.343400719594552,1014
1,staging,C4,A_agv,3,17.33604914421241,9,3.1709674374648404,12.481955383832933,10.987673720654339,1014
2,picking,C4,A_agv,3,16.711927452253665,8,0.0,12.032587765622637,10.876845164038972,1014
1,staging,C1,A_agv,3,15.881373464838806,3,0.0,11.434588894683937,10.518021250755634,1015
2,picking,C1,A_agv,3,18.5887473827651,3,37.758137606543215,13.38389811559087,10.53164825708902,1015
1,staging,C2,A_agv,3,18.058656922359813,5,0.0,13.002232984099066,11.270236842577848,1015
2,picking,C2,A_agv,3,19.711608397358987,5,0.0,14.19235804609847,11.353377109711253,1015
1,staging,C3,A_agv,3,18.058656922359813,5,0.0,13.002232984099066,11.270236842577848,1015
2,picking,C3,A_agv,3,19.711608397358987,5,0.0,14.19235804609847,11.353377109711253,1015
1,staging,C4,A_agv,3,16.237559486437362,5,0.0,11.691042830234903,10.56607017591118,1015
2,picking,C4,A_agv,3,16.127052116808297,5,0.0,11.611477524101971,10.635127109711254,1015
1,staging,C1,A_agv,3,15.951100241926719,3,19.99080238755608,11.484792174187238,10.520888284956975,1016
2,picking,C1,A_agv,3,18.00233930652341,3,4.145177366591088,12.961684300696856,10.531564069172974,1016
1,staging,C2,A_agv,3,18.536142411355666,5,0.529923408031066,13.34602253617608,11.29666652354133,1016
2,picking,C2,A_agv,3,20.27623108773381,4,25.617649616230604,14.598886383168342,11.283202497255285,1016
1,staging,C3,A_agv,3,18.536142411355666,5,0.529923408031066,13.34602253617608,11.29666652354133,1016
2,picking,C3,A_agv,3,20.27623108773381,4,25.617649616230604,14.598886383168342,11.283202497255285,1016
1,staging,C4,A_agv,3,16.69255566951161,5,0.529923408031066,12.01864008204836,10.592499856874664,1016
2,picking,C4,A_agv,3,16.64855853057847,4,19.957500403686513,11.986962142016498,10.564952497255286,1016
1,staging,C1,A_agv,3,22.042193227278418,3,34.9810893488136,15.870379123640461,10.526049768100359,1017
2,picking,C1,A_agv,3,16.183570531026135,3,0.0,11.652170782338818,10.529472368534657,1017
1,staging,C2,A_agv,3,18.155346327100563,5,1.4130514956954217,13.071849355512406,11.333344294477353,1017
2,picking,C2,A_agv,3,23.813328753571962,4,49.21533647390376,17.14559670257181,11.322150064379887,1017
1,staging,C3,A_agv,3,18.155346327100563,5,1.4130514956954217,13.071849355512406,11.333344294477353,1017
2,picking,C3,A_agv,3,23.813328753571962,4,49.21533647390376,17.14559670257181,11.322150064379887,1017
1,staging,C4,A_agv,3,16.397889213154684,5,1.4130514956954217,11.806480233471373,10.629177627810686,1017
2,picking,C4,A_agv,3,22.32096823944872,4,46.7685574240361,16.071097132403082,10.617983397713223,1017
1,staging,C1,A_agv,3,22.7007982116407,3,9.855741077043058,16.344574712381306,10.520394719790737,1018
2,picking,C1,A_agv,3,17.645671144655424,3,21.99372436336095,12.704883224151907,10.52576599458749,1018
1,staging,C2,A_agv,3,17.49739797357581,9,1.9770754148189498,12.598126540974585,11.431054559282583,1018
2,picking,C2,A_agv,3,19.341288331333494,8,7.294621142734104,13.925727598560115,11.56805059954009,1018
1,staging,C3,A_agv,3,17.49739797357581,9,1.9770754148189498,12.598126540974585,11.431054559282583,1018
2,picking,C3,A_agv,3,19.341288331333494,8,7.294621142734104,13.925727598560115,11.56805059954009,1018
1,staging,C4,A_agv,3,22.52475956536243,9,1.886610684814296,16.217826887060948,10.712804559282583,1018
2,picking,C4,A_agv,3,22.798671786436014,8,0.0,16.415043686233933,10.849800599540092,1018
1,staging,C1,A_agv,3,16.871994001654762,3,7.253480073724192,12.147835681191431,10.529366799047176,1019
2,picking,C1,A_agv,3,17.705482859267274,3,0.0,12.747947658672437,10.524340761492814,1019
1,staging,C2,A_agv,3,20.887661034677667,24,6.781664007387785,15.03911594496792,12.268380224441955,1019
2,picking,C2,A_agv,3,20.213171280271812,24,1.9689981708963993,14.553483321795708,12.31577178054249,1019
1,staging,C3,A_agv,3,20.887661034677667,24,6.781664007387785,15.03911594496792,12.268380224441955,1019
2,picking,C3,A_agv,3,20.213171280271812,24,1.9689981708963993,14.553483321795708,12.31577178054249,1019
1,staging,C4,A_agv,3,16.657759549553568,9,0.2258822978509857,11.993586875678567,10.820295280250264,1019
2,picking,C4,A_agv,3,16.501818534847224,9,0.0,11.88130934509,10.883023391400846,1019
1,staging,C1,A_agv,3,19.991277056691676,3,0.0,14.393719480818007,10.531243801381619,1020
2,picking,C1,A_agv,3,22.936427719713652,3,0.0,16.51422795819383,10.523820411401095,1020
1,staging,C2,A_agv,3,18.79508142874638,17,2.2870779157548964,13.532458628697393,11.88914630330359,1020
2,picking,C2,A_agv,3,19.095898682133715,17,1.5161073491224273,13.749047051136277,12.083473465034697,1020
1,staging,C3,A_agv,3,18.79508142874638,17,2.2870779157548964,13.532458628697393,11.88914630330359,1020
2,picking,C3,A_agv,3,19.095898682133715,17,1.5161073491224273,13.749047051136277,12.083473465034697,1020
1,staging,C4,A_agv,3,17.102880274498585,17,2.2870779157548964,12.31407379763898,11.17089630330359,1020
2,picking,C4,A_agv,3,18.241398334062637,17,1.5161073491224273,13.1338068005251,11.365223465034695,1020
1,staging,C1,A_agv,3,15.911380076170259,3,0.0,11.456193654842586,10.538111150787271,1021
2,picking,C1,A_agv,3,18.64468523083556,3,0.0,13.424173366201604,10.528584452873048,1021
1,staging,C2,A_agv,3,18.981338866685533,18,3.0472882541266717,13.666563984013582,12.353027249472557,1021
2,picking,C2,A_agv,3,20.443481737045115,17,2.2620467188428792,14.719306850672485,12.30080724307667,1021
1,staging,C3,A_agv,3,18.981338866685533,18,3.0472882541266717,13.666563984013582,12.353027249472557,1021
2,picking,C3,A_agv,3,20.443481737045115,17,2.2620467188428792,14.719306850672485,12.30080724307667,1021
1,staging,C4,A_agv,3,21.424219230015154,18,3.0472882541266717,15.42543784561091,11.648860582805892,1021
2,picking,C4,A_agv,3,19.618379063946282,17,2.2620467188428792,14.125232926041324,11.582557243076671,1021
1,staging,C1,A_agv,3,16.051346049144243,3,0.0,11.556969155383856,10.528751564445878,1022
2,picking,C1,A_agv,3,17.653716759112505,3,0.0,12.710676066561007,10.52936167366414,1022
1,staging,C2,A_agv,3,18.874828570434936,13,0.6984640180752196,13.589876570713157,8.021864233859146,1022
2,picking,C2,A_agv,3,24.180812748795667,14,1.0383776022602036,17.410185179132878,15.646471226473103,1022
1,staging,C3,A_agv,3,18.874828570434936,13,0.6984640180752196,13.589876570713157,8.021864233859146,1022
2,picking,C3,A_agv,3,24.180812748795667,14,1.0383776022602036,17.410185179132878,15.646471226473103,1022
1,staging,C4,A_agv,3,18.47311267684113,14,0.6984640180752196,13.300641127325616,11.051919789414729,1022
2,picking,C4,A_agv,3,18.42778600448453,13,1.0383776022602036,13.268005923228861,11.193999004250855,1022
1,staging,C1,A_agv,3,16.114812964733318,3,0.0,11.602665334607988,10.52737678656506,1023
2,picking,C1,A_agv,3,18.50531092741484,3,0.0,13.323823867738689,10.51998523070939,1023
1,staging,C2,A_agv,3,17.4941153360805,6,2.3154466019083584,12.595763041977964,11.381570224862505,1023
2,picking,C2,A_agv,3,17.670497603285614,5,0.0,12.722758274365646,11.36862512574528,1023
1,staging,C3,A_agv,3,17.4941153360805,6,2.3154466019083584,12.595763041977964,11.381570224862505,1023
2,picking,C3,A_agv,3,17.670497603285614,5,0.0,12.722758274365646,11.36862512574528,1023
1,staging,C4,A_agv,3,17.078687831217728,6,2.3154466019083584,12.296655238476765,10.663320224862504,1023
2,picking,C4,A_agv,3,16.716305305080986,5,0.0,12.035739819658309,10.650375125745283,1023
1,staging,C1,A_agv,3,23.01096850452265,3,54.90199441134543,16.56789732325631,10.527586397076524,1024
2,picking,C1,A_agv,3,18.570692981527472,3,0.0,13.370898946699782,10.521973712991878,1024
1,staging,C2,A_agv,3,25.016159950659546,13,62.68903216760905,18.01163516447487,11.876972876030315,1024
2,picking,C2,A_agv,3,18.51948642604812,13,0.7885649004382382,13.334030226754646,11.991920567371434,1024
1,staging,C3,A_agv,3,25.016159950659546,13,62.68903216760905,18.01163516447487,11.876972876030315,1024
2,picking,C3,A_agv,3,18.51948642604812,13,0.7885649004382382,13.334030226754646,11.991920567371434,1024
1,staging,C4,A_agv,3,17.765391922907977,13,57.64868129041604,12.791082184493744,11.158722876030314,1024
2,picking,C4,A_agv,3,17.415549378740813,13,0.7885649004382382,12.539195552693386,11.273670567371434,1024
1,staging,C1,A_agv,3,16.57504928356032,3,0.0,11.93403548416343,10.516773193903765,1025
2,picking,C1,A_agv,3,16.17966162120591,3,0.0,11.649356367268256,10.526905424278905,1025
1,staging,C2,A_agv,3,19.88887818616217,16,1.542064732915449,14.319992294036764,11.861641612675974,1025
2,picking,C2,A_agv,3,18.660876126840588,15,1.114586380708215,13.435830811325221,11.788870338840038,1025
1,staging,C3,A_agv,3,19.88887818616217,16,1.542064732915449,14.319992294036764,11.861641612675974,1025
2,picking,C3,A_agv,3,18.660876126840588,15,1.114586380708215,13.435830811325221,11.788870338840038,1025
1,staging,C4,A_agv,3,17.583503567383378,16,1.542064732915449,12.66012256851603,11.15747494600931,1025
2,picking,C4,A_agv,3,17.077357426197537,15,1.114586380708215,12.295697346862227,11.084703672173374,1025
1,staging,C1,A_agv,3,16.29398426687649,3,0.0,11.731668672151073,10.51896830929249,1026
2,picking,C1,A_agv,3,16.11992217058562,3,0.0,11.606343962821649,10.530728129121997,1026
1,staging,C2,A_agv,3,22.427642045149085,5,0.0,16.14790227250734,15.017968309292513,1026
2,picking,C2,A_agv,3,12.056846984441462,3,0.0,8.680929828797852,7.530978129121968,1026
1,staging,C3,A_agv,3,22.427642045149085,5,0.0,16.14790227250734,15.017968309292513,1026
2,picking,C3,A_agv,3,12.056846984441462,3,0.0,8.680929828797852,7.530978129121968,1026
1,staging,C4,A_agv,3,24.15974803001899,5,0.0,17.39501858161367,14.074384975959182,1026
2,picking,C4,A_agv,3,13.568349503216403,3,0.0,9.76921164231581,7.052144795788635,1026
1,staging,C1,A_agv,3,23.927477696382926,4,0.0,17.227783941395707,14.033433963058199,1027
2,picking,C1,A_agv,3,11.52474082671242,2,0.0,8.297813395232943,7.019725979328879,1027
1,staging,C2,A_agv,3,27.151779885194276,18,0.573596298830383,19.54928151733988,11.926801456487624,1027
2,picking,C2,A_agv,3,26.03108906659541,18,1.2474189412024619,18.742384127948696,12.168525152566135,1027
1,staging,C3,A_agv,3,27.151779885194276,18,0.573596298830383,19.54928151733988,11.926801456487624,1027
2,picking,C3,A_agv,3,26.03108906659541,18,1.2474189412024619,18.742384127948696,12.168525152566135,1027
1,staging,C4,A_agv,3,17.06020760415774,18,0.573596298830383,12.283349474993575,11.222634789820958,1027
2,picking,C4,A_agv,3,17.41474986741078,18,1.2474189412024619,12.538619904535764,11.450275152566137,1027
1,staging,C1,A_agv,3,23.751224378546382,4,0.0,17.1008815525534,14.035274272262159,1028
2,picking,C1,A_agv,3,17.595301291026725,2,0.0,12.668616929539244,7.018976200900039,1028
1,staging,C2,A_agv,3,18.161723017412275,5,0.297635393560008,13.07644057253684,11.338719804015057,1028
2,picking,C2,A_agv,3,17.153757993474954,4,0.0,12.350705755301968,11.313364002480476,1028
1,staging,C3,A_agv,3,18.161723017412275,5,0.297635393560008,13.07644057253684,11.338719804015057,1028
2,picking,C3,A_agv,3,17.153757993474954,4,0.0,12.350705755301968,11.313364002480476,1028
1,staging,C4,A_agv,3,16.761059750442804,4,0.297635393560008,12.067963020318821,7.111580915126142,1028
2,picking,C4,A_agv,3,21.785651635198786,5,53.69489610852785,15.685669177343126,14.118086224702726,1028
1,staging,C1,A_agv,3,21.997912261324867,4,0.0,15.838496828153907,14.0307614134829,1029
2,picking,C1,A_agv,3,16.94435824085675,3,0.0,12.199937933416862,10.531762483165469,1029
1,staging,C2,A_agv,3,23.590297195319575,9,0.29118272533877715,16.9850139806301,15.044901975236105,1029
2,picking,C2,A_agv,3,19.865329765048372,7,0.0,14.303037430834829,7.6940941436344605,1029
1,staging,C3,A_agv,3,23.590297195319575,9,0.29118272533877715,16.9850139806301,15.044901975236105,1029
2,picking,C3,A_agv,3,19.865329765048372,7,0.0,14.303037430834829,7.6940941436344605,1029
1,staging,C4,A_agv,3,17.704034510988347,8,0.29118272533877715,12.746904847911608,10.578346419680523,1029
2,picking,C4,A_agv,3,17.521810577183704,8,0.0,12.615703615572267,10.724149699190043,1029
1,staging,C1,A_agv,3,22.279670812257127,3,0.0,16.04136298482513,10.537490659583039,1030
2,picking,C1,A_agv,3,16.301222817402408,3,0.0,11.736880428529734,10.523619544968799,1030
1,staging,C2,A_agv,3,20.61578229117066,18,3.767492277911859,14.84336324964288,12.09789374871878,1030
2,picking,C2,A_agv,3,18.275531277435654,18,0.0,13.158382519753669,11.754022011388626,1030
1,staging,C3,A_agv,3,20.61578229117066,18,3.767492277911859,14.84336324964288,12.09789374871878,1030
2,picking,C3,A_agv,3,18.275531277435654,18,0.0,13.158382519753669,11.754022011388626,1030
1,staging,C4,A_agv,3,17.778577747156035,15,2.823487800373349,12.800575977952345,11.263626062883183,1030
2,picking,C4,A_agv,3,17.28081788494126,14,0.0,12.442188877157708,10.953734141668667,1030
1,staging,C1,A_agv,3,11.875480968368063,2,0.0,8.550346297225007,7.024629104101926,1031
2,picking,C1,A_agv,3,20.73973658900396,4,11.921561240915798,14.932610344082853,14.035886509774437,1031
1,staging,C2,A_agv,3,15.053801871235923,8,0.5791456660791978,10.838737347289864,7.651414813899242,1031
2,picking,C2,A_agv,3,30.116076149247217,9,6.423249552148142,21.683574827458,15.070573022199348,1031
1,staging,C3,A_agv,3,15.053801871235923,8,0.5791456660791978,10.838737347289864,7.651414813899242,1031
2,picking,C3,A_agv,3,30.116076149247217,9,6.423249552148142,21.683574827458,15.070573022199348,1031
1,staging,C4,A_agv,3,24.022697035981754,10,0.5791456660791978,17.296341865906868,14.188402848892967,1031
2,picking,C4,A_agv,3,11.646459798091922,7,0.0,8.385451054626184,7.097084987205623,1031
1,staging,C1,A_agv,3,16.24250547879913,3,0.0,11.694603944735373,10.525143550261838,1032
2,picking,C1,A_agv,3,16.580345914114314,3,0.0,11.937849058162305,10.519973323891222,1032
1,staging,C2,A_agv,3,18.709055255041783,20,0.8239254995624015,13.470519783630087,12.1233402743649,1032
2,picking,C2,A_agv,3,20.297611348975643,19,1.7280947377907068,14.614280171262465,12.12741548867707,1032
1,staging,C3,A_agv,3,18.709055255041783,20,0.8239254995624015,13.470519783630087,12.1233402743649,1032
2,picking,C3,A_agv,3,20.297611348975643,19,1.7280947377907068,14.614280171262465,12.12741548867707,1032
1,staging,C4,A_agv,3,18.077160154081398,20,0.8239254995624015,13.015555310938609,11.405090274364898,1032
2,picking,C4,A_agv,3,17.68853017701763,19,1.7280947377907068,12.735741727452695,11.409165488677068,1032
1,staging,C1,A_agv,3,22.715659393923413,3,62.10299513439792,16.35527476362486,10.523300185841856,1033
2,picking,C1,A_agv,3,16.868443634370276,3,4.117843404914553,12.1452794167466,10.527087075503776,1033
1,staging,C2,A_agv,3,18.505947586597255,5,6.694276594188967,13.324282262350021,11.274009982359836,1033
2,picking,C2,A_agv,3,17.260753511402463,4,51.44056078256714,12.427742528209777,11.275627278985795,1033
1,staging,C3,A_agv,3,18.505947586597255,5,6.694276594188967,13.324282262350021,11.274009982359836,1033
2,picking,C3,A_agv,3,17.260753511402463,4,51.44056078256714,12.427742528209777,11.275627278985795,1033
1,staging,C4,A_agv,3,15.960922088378595,5,3.5232408218377005,11.491863903632588,10.56984331569317,1033
2,picking,C4,A_agv,3,17.38338278018142,4,57.02526914550878,12.516035601730627,10.557377278985795,1033
1,staging,C1,A_agv,3,16.91933849627783,3,0.0,12.18192371732004,10.517577162083976,1034
2,picking,C1,A_agv,3,15.956658139800156,3,0.0,11.488793860656115,10.524592837163603,1034
1,staging,C2,A_agv,3,19.298099737791627,8,2.43841766703124,13.894631811209972,11.532366191764007,1034
2,picking,C2,A_agv,3,24.131137891367064,8,0.0,17.374419281784284,11.432442696372465,1034
1,staging,C3,A_agv,3,19.298099737791627,8,2.43841766703124,13.894631811209972,11.532366191764007,1034
2,picking,C3,A_agv,3,24.131137891367064,8,0.0,17.374419281784284,11.432442696372465,1034
1,staging,C4,A_agv,3,17.428957196499166,8,2.43841766703124,12.548849181479401,10.828199525097341,1034
2,picking,C4,A_agv,3,23.300442732930517,8,0.0,16.776318767709974,10.714192696372468,1034
1,staging,C1,A_agv,3,15.672214744756394,3,0.0,11.283994616224604,10.524903042353806,1035
2,picking,C1,A_agv,3,16.92171020399943,3,0.0,12.183631346879594,10.519966014612688,1035
1,staging,C2,A_agv,3,19.518365373275596,15,0.8440007024661074,14.053223068758431,11.851466996939532,1035
2,picking,C2,A_agv,3,19.351853752785917,14,0.0,13.933334702005858,11.568485393360302,1035
1,staging,C3,A_agv,3,19.518365373275596,15,0.8440007024661074,14.053223068758431,11.851466996939532,1035
2,picking,C3,A_agv,3,19.351853752785917,14,0.0,13.933334702005858,11.568485393360302,1035
1,staging,C4,A_agv,3,17.589095042133902,15,0.8440007024661074,12.664148430336414,11.133216996939534,1035
2,picking,C4,A_agv,3,16.790847908669964,14,0.0,12.089410494242376,10.878402060026971,1035
1,staging,C1,A_agv,3,17.568187866314823,3,0.0,12.649095263746673,10.518196444684511,1036
2,picking,C1,A_agv,3,15.896670048018805,3,0.0,11.44560243457354,10.528224104469592,1036
1,staging,C2,A_agv,3,17.207455676814423,4,0.0,12.389368087306382,11.240724222462289,1036
2,picking,C2,A_agv,3,17.63118483574253,4,0.0,12.694453081734622,11.276779660025145,1036
1,staging,C3,A_agv,3,17.207455676814423,4,0.0,12.389368087306382,11.240724222462289,1036
2,picking,C3,A_agv,3,17.63118483574253,4,0.0,12.694453081734622,11.276779660025145,1036
1,staging,C4,A_agv,3,19.06953858023856,4,0.0,13.730067777771762,10.536557555795623,1036
2,picking,C4,A_agv,3,16.57368828100393,4,0.0,11.933055562322828,10.558529660025147,1036
1,staging,C1,A_agv,3,16.250049778232018,3,0.0,11.700035840327052,10.530032256294348,1037
2,picking,C1,A_agv,3,22.24539679728519,3,0.0,16.016685694045336,10.522166532444832,1037
1,staging,C2,A_agv,3,24.732938317036464,9,1.1403786001665277,17.807715588266255,15.27026162119181,1037
2,picking,C2,A_agv,3,12.94531978825986,7,0.2968336590453987,9.320630247547097,7.8454093897695945,1037
1,staging,C3,A_agv,3,24.732938317036464,9,1.1403786001665277,17.807715588266255,15.27026162119181,1037
2,picking,C3,A_agv,3,12.94531978825986,7,0.2968336590453987,9.320630247547097,7.8454093897695945,1037
1,staging,C4,A_agv,3,16.62972607680518,8,1.1403786001665277,11.973402775299732,10.817789398969564,1037
2,picking,C4,A_agv,3,16.53528361148139,8,0.2968336590453987,11.905404200266602,10.875464945325177,1037
1,staging,C1,A_agv,3,18.24320156416012,3,0.0,13.135105126195288,10.535042569401053,1038
2,picking,C1,A_agv,3,16.529662701776317,3,1.9016643594772176,11.901357145278947,10.529615296033672,1038
1,staging,C2,A_agv,3,19.01751898826288,6,0.3296839337800235,13.692613671549273,11.376398611533064,1038
2,picking,C2,A_agv,3,19.9819049774501,5,0.0,14.386971583764073,11.31853703167944,1038
1,staging,C3,A_agv,3,19.01751898826288,6,0.3296839337800235,13.692613671549273,11.376398611533064,1038
2,picking,C3,A_agv,3,19.9819049774501,5,0.0,14.386971583764073,11.31853703167944,1038
1,staging,C4,A_agv,3,17.55686674370682,6,0.3296839337800235,12.640944055468914,10.658148611533065,1038
2,picking,C4,A_agv,3,17.06394509502541,5,0.0,12.286040468418292,10.600287031679441,1038
1,staging,C1,A_agv,3,16.310221678206617,3,0.0,11.743359608308765,10.530084025429462,1039
2,picking,C1,A_agv,3,15.9602118667454,3,0.0,11.491352544056689,10.526908373643975,1039
1,staging,C2,A_agv,3,18.820463414090653,15,1.0028488764892658,13.550733658145273,11.681129447483874,1039
2,picking,C2,A_agv,3,18.271604423638944,14,0.10540505734898792,13.15555518502004,11.805140729367348,1039
1,staging,C3,A_agv,3,18.820463414090653,15,1.0028488764892658,13.550733658145273,11.681129447483874,1039
2,picking,C3,A_agv,3,18.271604423638944,14,0.10540505734898792,13.15555518502004,11.805140729367348,1039
1,staging,C4,A_agv,3,16.8465290951023,15,1.0028488764892658,12.129500948473659,10.962879447483875,1039
2,picking,C4,A_agv,3,17.098354352574656,14,0.10540505734898792,12.310815133853755,11.086890729367349,1039
1,staging,C1,A_agv,3,16.240565661044222,3,50.05944310079285,11.693207275951838,10.523886548356655,1040
2,picking,C1,A_agv,3,16.584797466092706,3,0.12856416127154566,11.94105417558675,10.523086568118103,1040
1,staging,C2,A_agv,3,20.487703293780974,9,72.97623645002703,14.7511463715223,11.476244930116195,1040
2,picking,C2,A_agv,3,19.154832074550924,8,0.0,13.791479093676667,11.455394853025233,1040
1,staging,C3,A_agv,3,20.487703293780974,9,72.97623645002703,14.7511463715223,11.476244930116195,1040
2,picking,C3,A_agv,3,19.154832074550924,8,0.0,13.791479093676667,11.455394853025233,1040
1,staging,C4,A_agv,3,16.59597320730653,9,0.43618992538166873,11.9491007092607,10.765425256708864,1040
2,picking,C4,A_agv,3,17.708057721367677,8,55.808515391655234,12.749801559384728,10.743797859765902,1040
1,staging,C1,A_agv,3,17.589331774350143,3,0.0,12.664318877532102,10.52996440267812,1041
2,picking,C1,A_agv,3,16.93374311847058,3,0.0,12.19229504529882,10.52488388385923,1041
1,staging,C2,A_agv,3,19.053433101934267,7,1.5371421435215011,13.718471833392673,11.611602781334454,1041
2,picking,C2,A_agv,3,18.555049295949555,6,0.5985031257105997,13.35963549308368,11.584801060758457,1041
1,staging,C3,A_agv,3,19.053433101934267,7,1.5371421435215011,13.718471833392673,11.611602781334454,1041
2,picking,C3,A_agv,3,18.555049295949555,6,0.5985031257105997,13.35963549308368,11.584801060758457,1041
1,staging,C4,A_agv,3,12.808509680671692,6,1.5371421435215011,9.222126970083618,7.38446389244554,1041
2,picking,C4,A_agv,3,23.336793762118322,7,0.5985031257105997,16.802491508725193,14.389523282980708,1041
1,staging,C1,A_agv,3,15.885817512242795,3,15.002360521829056,11.437788608814811,10.521131783748912,1042
2,picking,C1,A_agv,3,15.901879045490553,3,0.10567763362099261,11.449352912753197,10.531853678406327,1042
1,staging,C2,A_agv,3,17.650847805705215,12,16.89047402210065,12.708610420107753,11.43721619479974,1042
2,picking,C2,A_agv,3,19.89503955319928,12,16.444467799100675,14.324428478303481,11.489380378466613,1042
1,staging,C3,A_agv,3,17.650847805705215,12,16.89047402210065,12.708610420107753,11.43721619479974,1042
2,picking,C3,A_agv,3,19.89503955319928,12,16.444467799100675,14.324428478303481,11.489380378466613,1042
1,staging,C4,A_agv,3,16.504291287664984,12,10.077163778240353,11.883089727118788,10.733049528133073,1042
2,picking,C4,A_agv,3,18.958757882047863,12,0.0,13.65030567507446,10.771130378466616,1042
1,staging,C1,A_agv,3,21.654146721455852,4,15.601082574041113,15.590985639448217,14.031887075503397,1043
2,picking,C1,A_agv,3,13.104625761755608,2,0.0,9.435330548464039,7.020454550059441,1043
1,staging,C2,A_agv,3,19.234089951507034,10,4.256080681313379,13.848544765085066,7.991873481983418,1043
2,picking,C2,A_agv,3,24.203138360454197,11,39.35486758088849,17.426259619527027,15.472634810246095,1043
1,staging,C3,A_agv,3,19.234089951507034,10,4.256080681313379,13.848544765085066,7.991873481983418,1043
2,picking,C3,A_agv,3,24.203138360454197,11,39.35486758088849,17.426259619527027,15.472634810246095,1043
1,staging,C4,A_agv,3,18.206034768285576,11,70.98391130850948,13.108345033165612,11.032805611186179,1043
2,picking,C4,A_agv,3,19.349048795757685,10,4.295423977725689,13.931315132945535,11.009286014376668,1043
1,staging,C1,A_agv,3,25.314361835896527,4,0.0,18.2263405218455,14.025298426002188,1044
2,picking,C1,A_agv,3,21.585489937375808,4,0.0,15.541552754910583,14.029882173157,1044
1,staging,C2,A_agv,3,18.362935400500483,5,3.8321268662159267,13.221313488360348,11.458782065375413,1044
2,picking,C2,A_agv,3,17.62115831709211,4,0.0,12.687233988306321,11.476481867117059,1044
1,staging,C3,A_agv,3,18.362935400500483,5,3.8321268662159267,13.221313488360348,11.458782065375413,1044
2,picking,C3,A_agv,3,17.62115831709211,4,0.0,12.687233988306321,11.476481867117059,1044
1,staging,C4,A_agv,3,18.61561363455907,5,3.8321268662159267,13.403241816882533,10.740532065375413,1044
2,picking,C4,A_agv,3,16.517229753931378,4,0.0,11.892405422830596,10.758231867117058,1044
1,staging,C1,A_agv,3,16.570019471288386,3,0.0,11.930414019327635,10.518879006380004,1045
2,picking,C1,A_agv,3,20.929275831741986,3,0.0,15.06907859885423,10.532104548537024,1045
1,staging,C2,A_agv,3,18.501465368444126,19,4.49072834163548,13.321055065279772,12.178236559361842,1045
2,picking,C2,A_agv,3,18.34192102895366,18,0.057511145263288196,13.206183140846637,12.048080328888538,1045
1,staging,C3,A_agv,3,18.501465368444126,19,4.49072834163548,13.321055065279772,12.178236559361842,1045
2,picking,C3,A_agv,3,18.34192102895366,18,0.057511145263288196,13.206183140846637,12.048080328888538,1045
1,staging,C4,A_agv,3,17.701971592380776,19,4.49072834163548,12.745419546514157,11.459986559361843,1045
2,picking,C4,A_agv,3,18.22526099953896,18,0.057511145263288196,13.122187919668054,11.32983032888854,1045
1,staging,C1,A_agv,3,17.366481598966782,3,0.0,12.503866751256083,10.527190509817995,1046
2,picking,C1,A_agv,3,16.807642374673073,3,0.0,12.101502509764613,10.530210368964275,1046
1,staging,C2,A_agv,3,17.806541116581027,5,0.946464656208147,12.820709603938337,11.299773500715865,1046
2,picking,C2,A_agv,3,18.506047099481073,4,0.0,13.324353911626375,11.270960711399738,1046
1,staging,C3,A_agv,3,17.806541116581027,5,0.946464656208147,12.820709603938337,11.299773500715865,1046
2,picking,C3,A_agv,3,18.506047099481073,4,0.0,13.324353911626375,11.270960711399738,1046
1,staging,C4,A_agv,3,16.28568231529587,5,0.946464656208147,11.725691267013026,10.595606834049198,1046
2,picking,C4,A_agv,3,17.74340433574886,4,0.0,12.775251121739181,10.580877378066406,1046
1,staging,C1,A_agv,3,16.86847489344435,3,17.50753063432894,12.14530192327993,10.526961182215356,1047
2,picking,C1,A_agv,3,16.23923967443533,3,0.0,11.692252565593439,10.523027309034093,1047
1,staging,C2,A_agv,3,17.619574624978863,7,1.7107006310631392,12.686093729984783,11.446671075978417,1047
2,picking,C2,A_agv,3,17.25392581635473,6,9.336852196390463,12.422826587775404,11.380845193048813,1047
1,staging,C3,A_agv,3,17.619574624978863,7,1.7107006310631392,12.686093729984783,11.446671075978417,1047
2,picking,C3,A_agv,3,17.25392581635473,6,9.336852196390463,12.422826587775404,11.380845193048813,1047
1,staging,C4,A_agv,3,16.642032591918753,7,1.6870868282153082,11.9822634661815,10.728421075978417,1047
2,picking,C4,A_agv,3,16.510780300379167,6,4.296501319197462,11.887761816272999,10.662595193048814,1047
1,staging,C1,A_agv,3,16.182057377286014,3,0.0,11.651081311645928,10.52845787421881,1048
2,picking,C1,A_agv,3,16.600472897582147,3,0.0,11.952340486259146,10.53301560917838,1048
1,staging,C2,A_agv,3,18.389704676155645,9,0.0,13.240587366832061,11.391558060687228,1048
2,picking,C2,A_agv,3,17.9807446690572,9,0.0,12.946136161721185,11.406082089376632,1048
1,staging,C3,A_agv,3,18.389704676155645,9,0.0,13.240587366832061,11.391558060687228,1048
2,picking,C3,A_agv,3,17.9807446690572,9,0.0,12.946136161721185,11.406082089376632,1048
1,staging,C4,A_agv,3,17.819307802905147,9,0.0,12.829901618091707,10.673308060687228,1048
2,picking,C4,A_agv,3,17.56036948930689,9,0.0,12.643466032300962,10.701915422709964,1048
1,staging,C1,A_agv,3,16.194309189857588,3,0.0,11.659902616697462,10.536427589966301,1049
2,picking,C1,A_agv,3,16.86237118810724,3,0.0,12.140907255437213,10.523147040126906,1049
1,staging,C2,A_agv,3,18.77754564648144,18,3.0210969414508457,13.519832865466636,11.78522063691388,1049
2,picking,C2,A_agv,3,18.066198869243312,18,0.03522506647608073,13.007663185855186,11.936270659846004,1049
1,staging,C3,A_agv,3,18.77754564648144,18,3.0210969414508457,13.519832865466636,11.78522063691388,1049
2,picking,C3,A_agv,3,18.066198869243312,18,0.03522506647608073,13.007663185855186,11.936270659846004,1049
1,staging,C4,A_agv,3,17.05319459219944,18,3.0210969414508457,12.278300106383597,11.095137303580549,1049
2,picking,C4,A_agv,3,17.670261593296445,18,0.03522506647608073,12.722588347173442,11.218020659846006,1049
1,staging,C1,A_agv,3,22.690785497197474,4,0.0,16.337365557982185,14.038476472735253,1050
2,picking,C1,A_agv,3,16.89868657558401,2,0.0,12.167054334420488,7.015068101473679,1050
1,staging,C2,A_agv,3,19.57436888006979,20,1.8213051209024427,14.093545593650253,12.170868172599196,1050
2,picking,C2,A_agv,3,25.19665522232929,19,0.10572894021582518,18.141591760077088,12.037509734943088,1050
1,staging,C3,A_agv,3,19.57436888006979,20,1.8213051209024427,14.093545593650253,12.170868172599196,1050
2,picking,C3,A_agv,3,25.19665522232929,19,0.10572894021582518,18.141591760077088,12.037509734943088,1050
1,staging,C4,A_agv,3,17.468919376429547,20,1.8213051209024427,12.577621951029275,11.466701505932532,1050
2,picking,C4,A_agv,3,25.04389476319838,19,0.10572894021582518,18.031604229502832,11.333343068276422,1050
1,staging,C1,A_agv,3,16.042244007384486,3,0.0,11.550415685316828,10.52278115323399,1051
2,picking,C1,A_agv,3,24.380951420023013,3,0.0,17.554285022416575,10.530309044874548,1051
1,staging,C2,A_agv,3,27.369112987238807,15,1.2233905724982994,19.70576135081194,11.945975872058689,1051
2,picking,C2,A_agv,3,17.88956959825203,15,0.20836075338324916,12.880490110741464,11.838558770494306,1051
1,staging,C3,A_agv,3,27.369112987238807,15,1.2233905724982994,19.70576135081194,11.945975872058689,1051
2,picking,C3,A_agv,3,17.88956959825203,15,0.20836075338324916,12.880490110741464,11.838558770494306,1051
1,staging,C4,A_agv,3,19.437577624457273,14,1.2233905724982994,13.995055889609237,7.728157920928327,1051
2,picking,C4,A_agv,3,22.318905547537916,16,0.20836075338324916,16.0696119942273,14.648043388291336,1051
1,staging,C1,A_agv,3,16.107535937635582,3,24.338789786001506,11.59742587509762,10.522654247132204,1052
2,picking,C1,A_agv,3,17.271908336813244,3,10.006587625278916,12.435774002505536,10.52195159029607,1052
1,staging,C2,A_agv,3,17.554207076489348,8,0.9839638477459695,12.63902909507233,11.435462380893185,1052
2,picking,C2,A_agv,3,20.875886434102707,7,24.84774606454512,15.030638232553947,11.463504567646204,1052
1,staging,C3,A_agv,3,17.554207076489348,8,0.9839638477459695,12.63902909507233,11.435462380893185,1052
2,picking,C3,A_agv,3,20.875886434102707,7,24.84774606454512,15.030638232553947,11.463504567646204,1052
1,staging,C4,A_agv,3,16.585770188740092,8,0.9839638477459695,11.941754535892866,10.717212380893184,1052
2,picking,C4,A_agv,3,17.22936495760187,7,19.591793324060596,12.405142769473347,10.745254567646205,1052
1,staging,C1,A_agv,3,22.32609055532764,3,0.0,16.0747851998359,10.53202588034755,1053
2,picking,C1,A_agv,3,16.300915225685785,3,0.0,11.736658962493763,10.523580600362635,1053
1,staging,C2,A_agv,3,17.558084384636977,8,0.3408957845026352,12.641820756938625,11.405568798685096,1053
2,picking,C2,A_agv,3,17.68511406922425,8,0.0,12.73328212984146,11.460009904247311,1053
1,staging,C3,A_agv,3,17.558084384636977,8,0.3408957845026352,12.641820756938625,11.405568798685096,1053
2,picking,C3,A_agv,3,17.68511406922425,8,0.0,12.73328212984146,11.460009904247311,1053
1,staging,C4,A_agv,3,18.724761153439825,8,0.3408957845026352,13.481828030476674,10.687318798685098,1053
2,picking,C4,A_agv,3,16.920129636256707,8,0.0,12.182493338104829,10.741759904247312,1053
1,staging,C1,A_agv,3,22.327141852704894,3,0.0,16.075542133947526,10.532707121048013,1054
2,picking,C1,A_agv,3,21.649614705446275,4,0.0,15.58772258792132,14.032234642942132,1054
1,staging,C2,A_agv,3,19.72963834520024,7,0.8790859186454099,14.205339608544175,11.334976824527805,1054
2,picking,C2,A_agv,3,17.42243983587282,7,0.0,12.544156681828431,11.301437161684536,1054
1,staging,C3,A_agv,3,19.72963834520024,7,0.8790859186454099,14.205339608544175,11.334976824527805,1054
2,picking,C3,A_agv,3,17.42243983587282,7,0.0,12.544156681828431,11.301437161684536,1054
1,staging,C4,A_agv,3,24.23924967664686,8,0.8790859186454099,17.45225976718574,14.125615713416723,1054
2,picking,C4,A_agv,3,18.089416138884655,7,0.0,13.024379619996953,10.59727049501787,1054
1,staging,C1,A_agv,3,27.18294647429646,4,0.0,19.571721461493457,14.042160008055188,1055
2,picking,C1,A_agv,3,16.897295377435718,2,0.0,12.166052671753718,7.016075612955131,1055
1,staging,C2,A_agv,3,25.663643246113555,16,0.6530995275242402,18.47782313720176,11.64052695988157,1055
2,picking,C2,A_agv,3,17.712784924179413,16,0.0,12.753205145409177,11.664791994462092,1055
1,staging,C3,A_agv,3,25.663643246113555,16,0.6530995275242402,18.47782313720176,11.64052695988157,1055
2,picking,C3,A_agv,3,17.712784924179413,16,0.0,12.753205145409177,11.664791994462092,1055
1,staging,C4,A_agv,3,16.872246461362884,16,0.6530995275242402,12.148017452181275,10.92227695988157,1055
2,picking,C4,A_agv,3,17.275548219186962,16,0.0,12.438394717814614,10.960625327795425,1055
1,staging,C1,A_agv,3,17.923158493641257,3,0.0,12.904674115421702,10.52365069783255,1056
2,picking,C1,A_agv,3,17.993363921610054,3,0.0,12.95522202355924,10.526060786274266,1056
1,staging,C2,A_agv,3,19.12016012523852,6,0.43431937936069165,13.766515290171736,11.417864492713713,1056
2,picking,C2,A_agv,3,17.54942515903433,6,0.8841092442882428,12.635586114504719,11.391013658059773,1056
1,staging,C3,A_agv,3,19.12016012523852,6,0.43431937936069165,13.766515290171736,11.417864492713713,1056
2,picking,C3,A_agv,3,17.54942515903433,6,0.8841092442882428,12.635586114504719,11.391013658059773,1056
1,staging,C4,A_agv,3,17.630909150951563,6,0.43431937936069165,12.694254588685126,10.699614492713714,1056
2,picking,C4,A_agv,3,16.181591229192303,6,0.8841092442882428,11.650745685018459,10.686846991393107,1056
1,staging,C1,A_agv,5,16.32387679211713,3,6.278702756394705,11.753191290324333,10.538297219100132,1007
2,picking,C1,A_agv,5,11.510071759963344,2,0.0,8.287251667173608,7.012242141158347,1007
1,staging,C2,A_agv,5,27.998977007818848,651,62.712901225289826,20.159263445629552,17.060521744461873,1007
2,picking,C2,A_agv,5,29.022283051162102,656,68.30893672320136,20.896043796836672,17.559962060241144,1007
1,staging,C3,A_agv,5,26.492341843333023,267,57.078247730624774,19.07448612719978,16.344542551121865,1007
2,picking,C3,A_agv,5,26.88981829335727,267,74.21025507756443,19.360669171217225,16.502493857771693,1007
1,staging,C4,A_agv,5,27.341188461491754,629,53.831835491333514,19.68565569227402,17.187577385872583,1007
2,picking,C4,A_agv,5,27.721199136764497,623,63.603774295386394,19.95926337847043,17.30885086327488,1007
1,staging,C1,A_agv,5,16.603258360840606,3,31.777040833101275,11.954346019805236,10.53942901027681,1008
2,picking,C1,A_agv,5,10.831750543415366,2,0.0,7.798860391259064,7.018974352133157,1008
1,staging,C2,A_agv,5,27.43718447853629,651,42.93298466805033,19.75477282454608,16.732202729160015,1008
2,picking,C2,A_agv,5,27.556108512547183,644,49.80216933160826,19.840398129033908,16.686589522138963,1008
1,staging,C3,A_agv,5,25.402961779950513,249,46.961612317572126,18.29013248156435,15.56879295635103,1008
2,picking,C3,A_agv,5,25.11607305009344,247,42.08653658903211,18.083572596067274,15.701238618812475,1008
1,staging,C4,A_agv,5,26.630924375311228,621,42.6802765381582,19.174265550224053,16.751611856888886,1008
2,picking,C4,A_agv,5,26.763410881903965,624,39.426858404187875,19.269655834970788,16.55381928329898,1008
1,staging,C1,A_agv,5,16.929210172007167,3,11.013781526512927,12.189031323845162,10.523881037201294,1009
2,picking,C1,A_agv,5,17.625910918444102,3,11.53456193455877,12.690655861279755,10.529292592077264,1009
1,staging,C2,A_agv,5,29.72066937560991,639,83.73008677773754,21.39888195043905,17.992730001885715,1009
2,picking,C2,A_agv,5,29.56989056292515,644,89.72346940555691,21.290321205306046,17.905943627392908,1009
1,staging,C3,A_agv,5,27.58782215647983,283,85.44827067067568,19.86323195266549,17.079155929241534,1009
2,picking,C3,A_agv,5,28.088143349548,280,76.59356213385259,20.22346321167455,16.972250998107537,1009
1,staging,C4,A_agv,5,28.656047283400326,614,82.90379145879476,20.63235404404818,17.872087472029328,1009
2,picking,C4,A_agv,5,28.87530794896196,614,75.79983339878876,20.790221723252543,17.904669490582645,1009
1,staging,C1,A_agv,5,15.894006367769919,3,29.766660519949436,11.443684584794344,10.526333493505946,1010
2,picking,C1,A_agv,5,19.058301107035312,3,0.0,13.721976797065427,10.529692970141273,1010
1,staging,C2,A_agv,5,27.564673214499848,653,44.330113973393004,19.84656471443987,16.824252273428982,1010
2,picking,C2,A_agv,5,28.382651475026506,653,68.05609405464557,20.435509062019065,17.21630196799613,1010
1,staging,C3,A_agv,5,25.66392822168449,264,47.83388786552253,18.47802831961283,15.95820825074521,1010
2,picking,C3,A_agv,5,26.095349806829425,263,68.22647670844233,18.788651860917174,15.95137612266091,1010
1,staging,C4,A_agv,5,26.842459267334135,633,46.163124091915535,19.32657067248057,16.74446573767397,1010
2,picking,C4,A_agv,5,27.425723317379262,630,58.19104981349915,19.746520788513042,17.191282948195585,1010
1,staging,C1,A_agv,5,16.193428869046258,3,72.72612863385675,11.659268785713305,10.535889356855794,1011
2,picking,C1,A_agv,5,12.229786976048423,2,52.57697084300004,8.805446622754866,7.015128021843834,1011
1,staging,C2,A_agv,5,28.92236942067459,665,73.02784628970834,20.824105982885712,17.57036223153405,1011
2,picking,C2,A_agv,5,29.82095874273244,668,82.91185052160708,21.471090294767322,18.34469622510684,1011
1,staging,C3,A_agv,5,26.754706862699866,274,68.36045596144783,19.2633889411439,16.367670139975658,1011
2,picking,C3,A_agv,5,28.287588031430506,274,80.76463319301435,20.367063382629958,17.52378219288881,1011
1,staging,C4,A_agv,5,28.447988437493045,647,72.56270916187337,20.482551674994966,17.640047791411867,1011
2,picking,C4,A_agv,5,29.00371469361926,645,79.79484086075142,20.88267457940586,18.148455109673478,1011
1,staging,C1,A_agv,5,22.050375275881525,3,4.866010110542508,15.876270198634701,10.53248806612598,1012
2,picking,C1,A_agv,5,16.6196410513709,2,0.0,11.966141556987047,7.0213270263048635,1012
1,staging,C2,A_agv,5,28.04333176721499,615,77.5569034846458,20.191198872394764,16.999100923003542,1012
2,picking,C2,A_agv,5,27.133334880665593,611,68.43837764629377,19.536001114079202,16.670408613871874,1012
1,staging,C3,A_agv,5,24.881683853186722,229,66.97035193632846,17.914812374294428,15.513725057707687,1012
2,picking,C3,A_agv,5,26.265867485509276,230,71.10219047392992,18.911424589566675,16.077595276613444,1012
1,staging,C4,A_agv,5,26.601000961131554,588,75.01865661775494,19.152720692014707,16.595819705632476,1012
2,picking,C4,A_agv,5,27.08220590270834,588,67.51140728850606,19.499188249949974,16.946245386798495,1012
1,staging,C1,A_agv,5,15.682667540434256,3,43.95153943112236,11.291520629112663,10.531718699400894,1013
2,picking,C1,A_agv,5,15.839322546364956,3,0.0,11.404312233382768,10.533810331652045,1013
1,staging,C2,A_agv,5,28.066878153354796,645,70.4304506823245,20.20815227041542,17.02601080187169,1013
2,picking,C2,A_agv,5,29.832526198973042,634,83.49912110343627,21.479418863260545,18.054081130626727,1013
1,staging,C3,A_agv,5,27.028353261750983,283,75.00039781185323,19.460414348460695,16.43941553813534,1013
2,picking,C3,A_agv,5,27.780530872955318,285,77.15356450574852,20.00198222852784,16.877925933934215,1013
1,staging,C4,A_agv,5,27.79548078173249,622,69.95388804189831,20.012746162847368,17.384269675600958,1013
2,picking,C4,A_agv,5,28.55665303777915,614,77.01257441683671,20.560790187200954,17.597433368008584,1013
1,staging,C1,A_agv,5,16.23501478239112,3,30.835408151091663,11.689210643321605,10.520289578989445,1014
2,picking,C1,A_agv,5,10.7623849151755,2,0.0,7.74891713892636,7.0165733145590075,1014
1,staging,C2,A_agv,5,27.386326155135027,615,67.74981749341504,19.718154831697216,16.603881195305863,1014
2,picking,C2,A_agv,5,27.417240307515545,608,69.04453351085377,19.740413021411154,16.32650947602044,1014
1,staging,C3,A_agv,5,25.31502374988954,245,73.15305906330877,18.226817099920464,15.555816440574429,1014
2,picking,C3,A_agv,5,26.058268411584645,246,64.2456216332687,18.761953256340952,15.393433686991573,1014
1,staging,C4,A_agv,5,26.537922281169262,588,63.08046310481748,19.107304042441864,16.66421159384145,1014
2,picking,C4,A_agv,5,25.944388317573182,582,61.48077168073137,18.679959588652675,16.150679077484877,1014
1,staging,C1,A_agv,5,16.160893772164346,3,1.7850516166226347,11.63584351595833,10.514703689955866,1015
2,picking,C1,A_agv,5,18.694090487074565,3,0.0,13.459745150693688,10.533245300370606,1015
1,staging,C2,A_agv,5,29.63506615138157,644,89.42815200905684,21.337247628994653,18.01432003928023,1015
2,picking,C2,A_agv,5,29.16385085195031,638,78.0300265407173,20.997972613404173,17.529389292570407,1015
1,staging,C3,A_agv,5,27.95283668885237,276,86.53559471074271,20.126042415973707,17.109181384212157,1015
2,picking,C3,A_agv,5,27.569724376628308,277,83.42705740069825,19.850201551172376,16.58165649500337,1015
1,staging,C4,A_agv,5,28.750110720402887,615,82.85116760977306,20.700079718690024,17.780621234354175,1015
2,picking,C4,A_agv,5,28.4707120474968,619,77.58774444435713,20.498912674197648,17.65400476416313,1015
1,staging,C1,A_agv,5,16.175263297326953,3,33.91573139808388,11.646189574075407,10.524009050041693,1016
2,picking,C1,A_agv,5,11.180066870887321,2,52.62739264675402,8.049648147038871,7.020717526975915,1016
1,staging,C2,A_agv,5,28.8789836771093,656,80.49834815665878,20.792868247518633,17.49961708752348,1016
2,picking,C2,A_agv,5,29.31734031899362,662,77.33736162335984,21.108485029675375,17.817353363256107,1016
1,staging,C3,A_agv,5,26.835990843495054,278,80.2657265507105,19.321913407316433,16.542432042462444,1016
2,picking,C3,A_agv,5,27.434697040749338,277,75.85209788209367,19.75298186933952,16.72728495430208,1016
1,staging,C4,A_agv,5,28.287587069655977,627,75.42914143079682,20.367062690152274,17.616507989218753,1016
2,picking,C4,A_agv,5,27.979610086278317,632,74.39227578724267,20.145319262120342,17.561434683783062,1016
1,staging,C1,A_agv,5,16.58263290011042,3,38.43769616431552,11.9394956880795,10.521875587386194,1017
2,picking,C1,A_agv,5,15.61659810073751,3,0.0,11.24395063253101,10.531539769427118,1017
1,staging,C2,A_agv,5,26.8451486552437,612,56.150647845186725,19.328507031775473,16.39844561297718,1017
2,picking,C2,A_agv,5,27.030635880066022,607,55.68405794086058,19.46205783364755,16.507891424112035,1017
1,staging,C3,A_agv,5,24.432375737405184,246,57.458511883168434,17.591310530931732,15.25377729644485,1017
2,picking,C3,A_agv,5,25.65911220433111,245,48.97734245547333,18.474560787118396,15.821224842736703,1017
1,staging,C4,A_agv,5,26.36539177596562,590,56.5938488157062,18.98308207869526,16.505118831919685,1017
2,picking,C4,A_agv,5,25.971837713375212,584,43.61443177510684,18.699723153630163,16.28999598294731,1017
1,staging,C1,A_agv,5,17.569405452108832,3,123.74865448822116,12.649971925518361,10.519494047711483,1018
2,picking,C1,A_agv,5,11.522042490335627,2,6.036928299389426,8.295870593041652,7.018082421156947,1018
1,staging,C2,A_agv,5,27.625947202458168,627,66.81341684735247,19.890681985769874,16.865941447988337,1018
2,picking,C2,A_agv,5,27.165779792191408,624,61.92930134443419,19.5593614503778,16.713443222737503,1018
1,staging,C3,A_agv,5,24.45651701655799,254,65.60281501098359,17.608692251921752,15.253525677302358,1018
2,picking,C3,A_agv,5,26.29126517561154,253,71.27769673202229,18.92971092644033,16.287778433526793,1018
1,staging,C4,A_agv,5,26.728368831712757,605,59.96845229420361,19.244425558833175,16.850668507026302,1018
2,picking,C4,A_agv,5,26.49003079180718,597,61.323915704290776,19.072822170101173,16.61107727481066,1018
1,staging,C1,A_agv,5,12.927550630665493,2,13.680269754234299,9.307836454079155,7.020477910158262,1019
2,picking,C1,A_agv,5,17.64713575437326,3,35.022750063587345,12.705937743148748,10.526398666283503,1019
1,staging,C2,A_agv,5,28.353924571406157,645,70.08802273971985,20.41482569141242,17.366959036029012,1019
2,picking,C2,A_agv,5,28.19845996239846,652,75.67674919812504,20.302891172926888,17.219028651523956,1019
1,staging,C3,A_agv,5,26.585126521642483,254,67.72411429217307,19.141291095582584,16.619774901714866,1019
2,picking,C3,A_agv,5,25.581102259735307,253,68.11627229725909,18.41839362700941,15.932527099008956,1019
1,staging,C4,A_agv,5,27.866349110523842,619,69.74592289497404,20.063771359577167,17.475015611157474,1019
2,picking,C4,A_agv,5,26.947003266583497,621,70.10423795063629,19.401842351940104,16.97836096528438,1019
1,staging,C1,A_agv,5,21.582538420271568,4,15.730380013882495,15.53942766259553,14.027969590073454,1020
2,picking,C1,A_agv,5,16.589200536018502,3,0.0,11.944224385933321,10.525711118885136,1020
1,staging,C2,A_agv,5,29.523084123857863,629,82.31954332733646,21.256620569177596,17.77174241684564,1020
2,picking,C2,A_agv,5,30.449085655846403,624,89.10099522130874,21.923341672209375,18.376160514335204,1020
1,staging,C3,A_agv,5,28.634210451435386,272,90.61537691981691,20.61663152503349,17.269285536377456,1020
2,picking,C3,A_agv,5,28.153218314276945,271,74.62368567799949,20.270317186279417,17.071119221825743,1020
1,staging,C4,A_agv,5,29.29872554159001,603,83.80321229082183,21.095082389944775,18.15369235943142,1020
2,picking,C4,A_agv,5,28.91171889071793,602,76.76753127100473,20.816437601316867,17.85557755023559,1020
1,staging,C1,A_agv,5,16.617815170064077,3,47.16603252351548,11.964826922446136,10.5438826766884,1021
2,picking,C1,A_agv,5,10.481874698601178,2,7.256380702550692,7.546949782992849,7.019516630642938,1021
1,staging,C2,A_agv,5,29.10560305942938,646,75.4412846958168,20.956034202789073,17.663005102921993,1021
2,picking,C2,A_agv,5,28.895877890519028,645,80.78480252841764,20.80503208117364,17.507116426631647,1021
1,staging,C3,A_agv,5,27.28136436449547,250,73.99838953865806,19.64258234243673,16.313115791743982,1021
2,picking,C3,A_agv,5,26.810489197433096,250,77.15458303730978,19.303552222151808,16.86536621418403,1021
1,staging,C4,A_agv,5,27.97159904024125,617,78.09459669155143,20.139551308973683,17.452346305647023,1021
2,picking,C4,A_agv,5,28.23101434922684,621,65.0274179656304,20.32633033144324,17.600136335017737,1021
1,staging,C1,A_agv,5,16.467154142813374,3,0.0,11.856350982825633,10.531446571443274,1022
2,picking,C1,A_agv,5,16.87763311351491,3,35.34758342837971,12.151895841730736,10.533070865437564,1022
1,staging,C2,A_agv,5,27.87264610080924,665,58.5200572375102,20.068305192582635,17.116885464054704,1022
2,picking,C2,A_agv,5,27.65539231564043,664,63.45614985634516,19.91188246726106,16.638095710308274,1022
1,staging,C3,A_agv,5,25.856538384823907,267,55.64226859603824,18.616707637073212,16.036451864571095,1022
2,picking,C3,A_agv,5,25.414079711390787,265,56.55527777966757,18.29813739220137,15.616181998726786,1022
1,staging,C4,A_agv,5,26.717587192268304,647,59.54399298168346,19.23666277843314,16.613109425493,1022
2,picking,C4,A_agv,5,27.140796016904982,637,56.53896335992022,19.541373132171582,17.038159145372003,1022
1,staging,C1,A_agv,5,16.253431024647796,3,56.87632435625213,11.702470337746412,10.532223303971772,1023
2,picking,C1,A_agv,5,10.697736861230586,2,33.90956257369192,7.702370540086022,7.017094601839751,1023
1,staging,C2,A_agv,5,26.295754717331455,615,68.14674466204741,18.932943396478663,15.669771666539535,1023
2,picking,C2,A_agv,5,26.583119282789543,620,66.0668786606463,19.13984588360846,16.02143512816098,1023
1,staging,C3,A_agv,5,23.4907546929219,225,65.63763096375665,16.91334337890377,14.421643257192764,1023
2,picking,C3,A_agv,5,24.94549329311771,227,63.13326540527193,17.960755171044745,15.212184738098308,1023
1,staging,C4,A_agv,5,25.41556522994127,583,65.32397144361191,18.299206965557733,15.944747481656172,1023
2,picking,C4,A_agv,5,24.999930999009074,584,60.64525559928604,17.999950319286537,15.592459313044346,1023
1,staging,C1,A_agv,5,16.862874238750912,3,41.07358702707655,12.141269451900657,10.524011912065962,1024
2,picking,C1,A_agv,5,10.528900223103552,2,0.0,7.580808160634559,7.007158709582368,1024
1,staging,C2,A_agv,5,28.30055359957409,621,90.0323254827292,20.376398591693288,17.191503127489536,1024
2,picking,C2,A_agv,5,27.670194678985,627,88.68760391082007,19.92254016886916,16.425584160825558,1024
1,staging,C3,A_agv,5,25.957814059655497,233,84.69301392315423,18.68962612295196,15.818906513970141,1024
2,picking,C3,A_agv,5,26.57290454638877,234,87.68716870680701,19.132491273399925,15.71234912920631,1024
1,staging,C4,A_agv,5,26.646884424867185,600,80.89438904307666,19.185756785904328,16.641793990369152,1024
2,picking,C4,A_agv,5,27.62392048994544,599,84.8082732172014,19.889222752760684,16.86193218683483,1024
1,staging,C1,A_agv,5,15.821887103938948,3,39.800287405611016,11.391758714836042,10.522407339860427,1025
2,picking,C1,A_agv,5,12.91175823643872,2,0.0,9.296465930235879,7.011840357449787,1025
1,staging,C2,A_agv,5,28.556932935165598,661,62.847986512942846,20.56099171331921,17.227809471749005,1025
2,picking,C2,A_agv,5,29.028451125108596,653,74.24410922380856,20.90048481007817,17.656413630886462,1025
1,staging,C3,A_agv,5,26.426948839076296,249,54.439410303599,19.027403164134927,16.09800003856148,1025
2,picking,C3,A_agv,5,27.195149997660323,249,69.23685899564332,19.58050799831545,16.631375120491274,1025
1,staging,C4,A_agv,5,27.63907514292508,628,56.05016860113603,19.90013410290605,17.19241177605628,1025
2,picking,C4,A_agv,5,28.061629439426884,636,74.99401596907357,20.204373196387333,17.553605596391595,1025
1,staging,C1,A_agv,5,22.00114585931437,4,30.237444040495152,15.840825018706347,14.037523763161143,1026
2,picking,C1,A_agv,5,16.58639060566446,3,0.0,11.942201236078409,10.528338857315667,1026
1,staging,C2,A_agv,5,29.889801792262205,648,90.89930570855944,21.52065729042872,18.107100146479983,1026
2,picking,C2,A_agv,5,30.61036077423719,646,73.63779169013803,22.039459757450732,18.537151362885766,1026
1,staging,C3,A_agv,5,29.015244500608034,297,77.9149642251112,20.890976040437785,17.90857717229795,1026
2,picking,C3,A_agv,5,27.749590427932592,294,81.10599175820259,19.979705108111446,16.853012803021812,1026
1,staging,C4,A_agv,5,29.226110674335086,625,72.19053920875822,21.042799685521206,18.08671148118212,1026
2,picking,C4,A_agv,5,29.884086900060048,628,89.51062094717976,21.51654256804319,18.461290028183647,1026
1,staging,C1,A_agv,5,16.167465122099962,3,0.0,11.640574887911976,10.519025681164653,1027
2,picking,C1,A_agv,5,10.761058618135667,2,0.0,7.74796220505768,7.015656185280368,1027
1,staging,C2,A_agv,5,28.803416882573757,637,88.47628358571814,20.73846015545305,17.458113564668352,1027
2,picking,C2,A_agv,5,29.30573670196409,635,71.77733415531266,21.100130425414097,17.29912385733233,1027
1,staging,C3,A_agv,5,28.090887336283483,269,106.2077941934942,20.225438882124124,17.128324733472375,1027
2,picking,C3,A_agv,5,26.15907359160941,268,66.5975020790063,18.83453298595879,15.650358465214712,1027
1,staging,C4,A_agv,5,28.201223408830263,609,80.14788245817776,20.304880854357755,17.35459882005874,1027
2,picking,C4,A_agv,5,28.117448634746612,611,64.96850385256168,20.244563017017487,17.274305268608618,1027
1,staging,C1,A_agv,5,17.63660970552524,3,32.007757286549044,12.698358987978175,10.520094140690523,1028
2,picking,C1,A_agv,5,11.51820706457291,2,0.0,8.293109086492496,7.017496494484329,1028
1,staging,C2,A_agv,5,27.413586068817647,672,54.77026470719321,19.7377819695487,16.602423123094365,1028
2,picking,C2,A_agv,5,26.72653625462506,674,56.49905954502695,19.243106103330042,16.30155640096946,1028
1,staging,C3,A_agv,5,24.85866117612712,234,51.635864918542545,17.89823604681153,15.214586344530135,1028
2,picking,C3,A_agv,5,24.78278217648865,235,55.624676557123436,17.843603167071837,15.36400273915962,1028
1,staging,C4,A_agv,5,26.258117112671407,648,51.51321210464059,18.905844321123414,16.41855669922739,1028
2,picking,C4,A_agv,5,26.353816267987728,647,56.04286933095612,18.974747712951178,16.372061713725323,1028
1,staging,C1,A_agv,5,21.362315667599777,4,0.0,15.38086728067184,14.02737561669584,1029
2,picking,C1,A_agv,5,12.598787104937397,2,0.0,9.071126715554927,7.028683092828961,1029
1,staging,C2,A_agv,5,29.825734360079842,617,89.18819168312255,21.47452873925746,17.952956371113533,1029
2,picking,C2,A_agv,5,28.45837916630196,617,91.01138168863882,20.490032999737366,17.266380116189136,1029
1,staging,C3,A_agv,5,26.930728568238344,260,89.41755508670911,19.39012456913159,16.603396782352384,1029
2,picking,C3,A_agv,5,27.802488171017092,260,99.64053447578024,20.017791483132317,16.835298886621352,1029
1,staging,C4,A_agv,5,28.62023873854679,590,80.62233530613285,20.60657189175368,17.825541537998735,1029
2,picking,C4,A_agv,5,27.78020041572251,586,78.69467493975627,20.001744299320173,17.26332272708171,1029
1,staging,C1,A_agv,5,16.94723318823407,3,0.0,12.202007895528528,10.5347909769066,1030
2,picking,C1,A_agv,5,10.834750970929685,2,0.0,7.801020699069375,7.020918629162438,1030
1,staging,C2,A_agv,5,27.814373982525094,663,50.679430163611386,20.026349267418038,16.99350675648044,1030
2,picking,C2,A_agv,5,27.89388266842016,654,41.478653353318506,20.08359552126249,16.88786951625542,1030
1,staging,C3,A_agv,5,24.865561491789848,255,49.3832936445562,17.903204274088694,15.32445969394353,1030
2,picking,C3,A_agv,5,26.34364551840751,254,45.71127736183616,18.9674247732534,16.339080998176268,1030
1,staging,C4,A_agv,5,27.036948379984555,632,47.01593330108478,19.46660283358885,16.80134967225281,1030
2,picking,C4,A_agv,5,26.98999376475781,631,41.99775489234608,19.432795510625613,16.962387711594143,1030
1,staging,C1,A_agv,5,16.232458712743313,3,6.653363247262072,11.687370273175189,10.518633245857668,1031
2,picking,C1,A_agv,5,11.19201439694087,2,71.74652869006749,8.058250365797425,7.028112065745667,1031
1,staging,C2,A_agv,5,26.045044403354385,637,54.32727301834793,18.75243197041516,15.523836921436805,1031
2,picking,C2,A_agv,5,27.370408579976058,635,60.20818081930828,19.706694177582715,16.831519501277715,1031
1,staging,C3,A_agv,5,24.314016326213466,228,54.581795323468604,17.506091754873694,15.046534368265638,1031
2,picking,C3,A_agv,5,24.819579193671345,231,61.60949457376947,17.870097019443367,15.28115224651621,1031
1,staging,C4,A_agv,5,25.467504550575153,613,42.987692634857225,18.336603276414117,15.798403205782401,1031
2,picking,C4,A_agv,5,26.442026579132232,614,59.35846706673024,19.038259136975185,16.450008772487678,1031
1,staging,C1,A_agv,5,16.866084449776853,3,2.4064543824459785,12.143580803839335,10.52553066601203,1032
2,picking,C1,A_agv,5,10.81851820241146,2,0.9911024109672629,7.78933310573625,7.010399795162625,1032
1,staging,C2,A_agv,5,27.850053875582592,645,60.94383974464617,20.052038790419484,16.737711873568514,1032
2,picking,C2,A_agv,5,28.072867738313377,641,49.316968861045844,20.212464771585616,16.88011881967733,1032
1,staging,C3,A_agv,5,25.796536911517897,246,60.51062371676316,18.5735065762929,15.458951688559592,1032
2,picking,C3,A_agv,5,26.484630273749254,249,58.7005195092313,19.06893379709948,16.126564241427467,1032
1,staging,C4,A_agv,5,26.347327803759086,611,55.29575133619764,18.970076018706536,16.554781133150982,1032
2,picking,C4,A_agv,5,27.22809966227967,612,45.29740800624427,19.60423175684137,16.87261740186316,1032
1,staging,C1,A_agv,5,17.98493468695237,3,71.7828111022854,12.94915297460571,10.521420428516567,1033
2,picking,C1,A_agv,5,11.118828995128023,2,5.894246638635256,8.005556876492177,7.023431569647972,1033
1,staging,C2,A_agv,5,25.88629177722732,634,45.93625606266611,18.638130079603624,15.630790218554178,1033
2,picking,C2,A_agv,5,26.67465595541878,633,66.69712549731838,19.205752287901486,16.00922844627713,1033
1,staging,C3,A_agv,5,24.298860768072334,231,50.123556651963796,17.495179753012074,14.803800276914146,1033
2,picking,C3,A_agv,5,24.49389707581866,233,59.53376349932267,17.63560589458942,14.666174588735528,1033
1,staging,C4,A_agv,5,25.039682021509673,609,52.64701154902719,18.02857105548693,15.480874312532537,1033
2,picking,C4,A_agv,5,25.72723180204793,608,52.46032834778798,18.523606897474483,16.04578324118766,1033
1,staging,C1,A_agv,5,13.157145900321144,2,0.0,9.473145048231224,7.013493821676162,1034
2,picking,C1,A_agv,5,15.886019935986647,3,29.908586949514454,11.437934353910386,10.521221307304,1034
1,staging,C2,A_agv,5,27.401698135954465,636,53.83745130879666,19.729222657887195,16.487417832149116,1034
2,picking,C2,A_agv,5,27.107361592866024,637,60.45665486683321,19.517300346863497,16.51473666088655,1034
1,staging,C3,A_agv,5,25.71769725535718,246,50.891438428466124,18.516742023857166,15.42423535119651,1034
2,picking,C3,A_agv,5,25.327263509596204,246,59.75146833964757,18.235629726909274,15.498477864715856,1034
1,staging,C4,A_agv,5,25.78699652910733,610,42.83905351617825,18.566637500957246,16.06291963878371,1034
2,picking,C4,A_agv,5,26.7948435600325,605,57.33730460891804,19.29228736322339,16.807020188812356,1034
1,staging,C1,A_agv,5,15.80824945209005,3,15.754965111646985,11.381939605504837,10.513196434677866,1035
2,picking,C1,A_agv,5,10.752586043801935,2,0.0,7.741861951537394,7.01014921522755,1035
1,staging,C2,A_agv,5,27.68590317503612,652,64.01594190010528,19.93385028602603,16.7818943295967,1035
2,picking,C2,A_agv,5,26.98396364803748,656,71.40093600608724,19.428453826586995,16.558082031584938,1035
1,staging,C3,A_agv,5,25.448799670750677,246,79.38260863790106,18.32313576294047,15.6242919864768,1035
2,picking,C3,A_agv,5,24.921786810484583,245,67.20781679424668,17.943686503548896,15.590872693371042,1035
1,staging,C4,A_agv,5,26.550763296721335,631,64.21516371455466,19.1165495736394,16.612539348413268,1035
2,picking,C4,A_agv,5,26.426225734728348,625,62.776052673196425,19.02688252900441,16.6097981238795,1035
1,staging,C1,A_agv,5,17.275293945254276,3,0.0,12.43821164058308,10.512847295089612,1036
2,picking,C1,A_agv,5,16.187635236053662,3,17.79178189569369,11.655097369958638,10.532091183743079,1036
1,staging,C2,A_agv,5,28.531675523988127,646,78.88835186172217,20.5428063772714,17.19594531736857,1036
2,picking,C2,A_agv,5,29.4557706850851,640,93.84571811470896,21.20815489326119,17.623894339807563,1036
1,staging,C3,A_agv,5,27.110383821648,259,76.59161055938071,19.519476351586555,16.35566424305403,1036
2,picking,C3,A_agv,5,26.90976914919109,259,76.19867378442322,19.375033787417593,16.505669592535945,1036
1,staging,C4,A_agv,5,28.089142815340534,615,69.25557887146198,20.224182827045144,17.227808400806758,1036
2,picking,C4,A_agv,5,28.00479258962988,612,91.35486007093336,20.163450664533478,17.430794222372395,1036
1,staging,C1,A_agv,5,16.64534865171971,3,94.82766421414368,11.984651029238194,10.524141003458624,1037
2,picking,C1,A_agv,5,10.69851103958878,2,0.0,7.702927948503923,7.017602417917919,1037
1,staging,C2,A_agv,5,28.82717322955087,631,91.88496921212878,20.755564725276614,17.43215058001458,1037
2,picking,C2,A_agv,5,28.77462897522298,630,80.45186399141721,20.717732862160524,17.402046864730707,1037
1,staging,C3,A_agv,5,27.096532533964684,268,87.67393000794782,19.50950342445459,16.506049942546102,1037
2,picking,C3,A_agv,5,26.51315796338343,267,72.77235166391738,19.08947373363608,16.319307337733278,1037
1,staging,C4,A_agv,5,28.195680236889032,601,81.86913089921745,20.3008897705601,17.533359914752978,1037
2,picking,C4,A_agv,5,27.45177371950466,604,71.98779588930607,19.76527707804333,17.176781974436754,1037
1,staging,C1,A_agv,5,21.960259934742556,4,76.3796240682168,15.811387153014643,14.048175992827325,1038
2,picking,C1,A_agv,5,12.231872863053098,2,35.74431130585338,8.806948461398232,7.015941086904216,1038
1,staging,C2,A_agv,5,28.461746676595755,631,76.47014908759148,20.492457607148918,17.432471992927965,1038
2,picking,C2,A_agv,5,29.495494765018492,642,79.41713817728045,21.236756230813256,17.96836730902583,1038
1,staging,C3,A_agv,5,27.372757868012943,258,67.44924775085236,19.708385664969303,16.57245756208517,1038
2,picking,C3,A_agv,5,27.57976291115253,259,84.03125784532091,19.857429296029824,16.91321059533162,1038
1,staging,C4,A_agv,5,27.948749019444424,613,71.71711918281446,20.123099293999974,17.470585122056114,1038
2,picking,C4,A_agv,5,28.36413905999924,611,79.26738278557308,20.422180123199404,17.772047764194635,1038
1,staging,C1,A_agv,5,15.955825849491237,3,58.32124939043388,11.488194611633693,10.524365741130547,1039
2,picking,C1,A_agv,5,10.477015880666848,2,21.447444725248957,7.543451434080131,7.016175206214923,1039
1,staging,C2,A_agv,5,28.37623027800103,653,63.353631689520974,20.43088580016071,17.090468630813472,1039
2,picking,C2,A_agv,5,27.55297386986335,653,66.9157530166725,19.838141186301602,16.586238983198825,1039
1,staging,C3,A_agv,5,26.517732596922066,251,63.69997469222546,19.092767469783883,16.07945558533832,1039
2,picking,C3,A_agv,5,25.82234333427734,251,69.89417345521794,18.592087200679686,15.58629696856515,1039
1,staging,C4,A_agv,5,26.518307209375326,628,51.13094559531704,19.09318119075022,16.619319063627742,1039
2,picking,C4,A_agv,5,27.092715131071692,621,51.127054351091154,19.50675489437161,16.917110772606758,1039
1,staging,C1,A_agv,5,19.690652691984802,3,43.25454108263863,14.177269938229056,10.522897557060121,1040
2,picking,C1,A_agv,5,11.177133018181504,2,47.991454879027636,8.047535773090683,7.018920005871645,1040
1,staging,C2,A_agv,5,27.4728141623231,652,51.263614599350674,19.780426196872643,16.87073922936283,1040
2,picking,C2,A_agv,5,28.1476577338585,658,61.85239074332768,20.266313568378102,17.009578333569102,1040
1,staging,C3,A_agv,5,26.09184636077909,274,49.38642114956508,18.786129379760943,16.000318574435298,1040
2,picking,C3,A_agv,5,25.69544745044279,270,59.19544893105373,18.500722164318805,15.796453992180396,1040
1,staging,C4,A_agv,5,26.955860258646975,627,45.43434831228667,19.408219386225817,16.943878421791496,1040
2,picking,C4,A_agv,5,26.997548216410287,630,65.36683273698623,19.438234715815412,16.812383585584872,1040
1,staging,C1,A_agv,5,17.29255633820519,3,28.485466045729723,12.450640563507736,10.534726983881717,1041
2,picking,C1,A_agv,5,10.757216078198589,2,0.0,7.745195576302985,7.013139126949926,1041
1,staging,C2,A_agv,5,28.106506864984876,636,68.14768714954162,20.236684942789076,16.914527896452533,1041
2,picking,C2,A_agv,5,28.128329464923034,631,65.33667565752768,20.25239721474456,16.86216262218152,1041
1,staging,C3,A_agv,5,26.12626549815054,264,67.16238148913139,18.810911158668386,15.900451237365834,1041
2,picking,C3,A_agv,5,26.785816213196963,264,57.80117420831666,19.28578767350182,16.082455345279833,1041
1,staging,C4,A_agv,5,27.23039618223535,609,59.49425028648246,19.60588525120944,16.654507483273385,1041
2,picking,C4,A_agv,5,27.351782346493515,612,65.74291300774665,19.693283289475314,17.007907320084144,1041
1,staging,C1,A_agv,5,16.270017715541385,3,20.959178993830815,11.714412755189796,10.542971479670816,1042
2,picking,C1,A_agv,5,10.755814255805888,2,18.92161778178294,7.7441862641802395,7.012242894859996,1042
1,staging,C2,A_agv,5,28.243736326172847,638,63.41466842116061,20.335490154844457,17.007228988396516,1042
2,picking,C2,A_agv,5,28.205330725011535,637,77.18032677102428,20.307838122008317,16.93779417548403,1042
1,staging,C3,A_agv,5,26.114056563622444,264,69.87288233693126,18.802120725808155,15.57195195819613,1042
2,picking,C3,A_agv,5,27.018177186614757,260,67.98271577224405,19.45308757436263,16.400122006139817,1042
1,staging,C4,A_agv,5,26.88805004542797,606,63.433479069807596,19.35939603270814,16.70765890138245,1042
2,picking,C4,A_agv,5,27.52848993226194,612,68.91423193240159,19.820512751228627,17.06021057962503,1042
1,staging,C1,A_agv,5,15.677477499818055,3,60.75320445680372,11.287783799869002,10.528345943362103,1043
2,picking,C1,A_agv,5,10.752561691111124,2,10.335203916509515,7.74184441760001,7.010120432841628,1043
1,staging,C2,A_agv,5,29.236144130970004,645,83.56225575930185,21.050023774298396,17.739521506660573,1043
2,picking,C2,A_agv,5,29.629558789092318,643,82.67908296247258,21.333282328146467,17.849917091765462,1043
1,staging,C3,A_agv,5,27.737073720715884,278,70.32912707941996,19.970693078915442,16.932996461072648,1043
2,picking,C3,A_agv,5,27.996014379660934,277,81.54976956756553,20.15713035335589,16.814760150907116,1043
1,staging,C4,A_agv,5,28.375853899922767,622,78.14251055927504,20.4306148079444,17.71765378211711,1043
2,picking,C4,A_agv,5,28.829260348293328,618,79.7217939670036,20.757067450771185,17.762701482975604,1043
1,staging,C1,A_agv,5,22.331835754696076,4,32.52164537896497,16.07892174338118,14.024875385539,1044
2,picking,C1,A_agv,5,16.506692325848736,3,0.0,11.884818474611087,10.515041879684931,1044
1,staging,C2,A_agv,5,28.752373810246983,645,64.33155920704363,20.70170914337778,17.200713385451394,1044
2,picking,C2,A_agv,5,28.731830029687433,636,64.52976402552969,20.686917621374914,17.280268044249265,1044
1,staging,C3,A_agv,5,26.716848733686337,254,62.95291704498872,19.236131088254172,16.090091350302504,1044
2,picking,C3,A_agv,5,26.919637287724612,252,62.23612188722714,19.382138847161723,16.388965114307187,1044
1,staging,C4,A_agv,5,27.458506278269603,622,60.65749010828857,19.7701245203541,17.223799686588464,1044
2,picking,C4,A_agv,5,28.134100392362445,612,53.905087683010024,20.25655228250089,17.141681743112194,1044
1,staging,C1,A_agv,5,15.671203088236005,3,38.75573609564162,11.283266223529926,10.524316888250285,1045
2,picking,C1,A_agv,5,10.547429945049586,2,16.170765859441598,7.594149560435701,7.019150167876716,1045
1,staging,C2,A_agv,5,28.01218904823272,637,66.9499058934327,20.16877611472756,17.307900005908753,1045
2,picking,C2,A_agv,5,27.937074892927843,632,66.03052408356788,20.114693922908042,17.052638309692583,1045
1,staging,C3,A_agv,5,26.12103861239633,267,66.71446901715265,18.80714780092537,16.22704765770274,1045
2,picking,C3,A_agv,5,26.495238599191534,265,80.4414001994419,19.076571791417898,16.118801146230794,1045
1,staging,C4,A_agv,5,27.201407887211833,613,56.72529994967329,19.585013678792542,17.096613106648864,1045
2,picking,C4,A_agv,5,27.29724708176427,612,68.59302390795139,19.654017898870265,17.154841875619137,1045
1,staging,C1,A_agv,5,16.940465664092937,3,0.0,12.197135278146916,10.52878826901972,1046
2,picking,C1,A_agv,5,11.176073913734783,2,0.0,8.046773217889044,7.01777875350175,1046
1,staging,C2,A_agv,5,27.997717380047828,623,79.06743195320968,20.158356513634388,17.087014387214925,1046
2,picking,C2,A_agv,5,28.168294553394286,629,82.45727684828967,20.28117207844385,17.208743688068196,1046
1,staging,C3,A_agv,5,26.333810456529815,282,93.31028410430194,18.960343528701458,16.199616480921428,1046
2,picking,C3,A_agv,5,26.348014322914644,280,74.08138049202755,18.97057031249854,16.276613816584035,1046
1,staging,C4,A_agv,5,27.092081145690187,608,76.81242572030642,19.50629842489691,16.919644500187204,1046
2,picking,C4,A_agv,5,27.69206296016,601,69.56422296782765,19.93828533131518,17.279863575095934,1046
1,staging,C1,A_agv,5,16.581272444656094,3,43.250759002771396,11.93851616015239,10.520621232093097,1047
2,picking,C1,A_agv,5,10.827789813346728,2,36.640840636821544,7.796008665609644,7.01640779904868,1047
1,staging,C2,A_agv,5,28.568342132217023,634,81.48223961625567,20.569206335196228,17.532851462804988,1047
2,picking,C2,A_agv,5,28.09720360898535,634,85.50305235467201,20.229986598469427,17.16604514000914,1047
1,staging,C3,A_agv,5,26.436962566391685,276,82.19726557634935,19.034613047802015,16.133494611266453,1047
2,picking,C3,A_agv,5,27.17231586264999,274,82.64222722731681,19.564067421108,16.617329146723268,1047
1,staging,C4,A_agv,5,27.803521655558022,610,86.9301319020956,20.018535592001772,17.356187101873164,1047
2,picking,C4,A_agv,5,27.393049835333127,608,73.8969680015048,19.72299588143983,17.230080468183576,1047
1,staging,C1,A_agv,5,15.823172413827683,3,17.14388333152674,11.392684137955932,10.5232472647677,1048
2,picking,C1,A_agv,5,11.18013833363648,2,0.0,8.049699600218265,7.02084819094406,1048
1,staging,C2,A_agv,5,27.297703250506842,637,53.153452209318395,19.6543463403649,16.298442630010694,1048
2,picking,C2,A_agv,5,27.761080291691638,641,59.4243332720263,19.98797781001795,16.959152825701167,1048
1,staging,C3,A_agv,5,25.172134994132144,231,48.67216125773385,18.123937195775152,15.449681927728617,1048
2,picking,C3,A_agv,5,25.859979232973686,229,55.437106843802056,18.619185047741055,15.755324927253055,1048
1,staging,C4,A_agv,5,26.137913195292196,611,51.920781282452715,18.81929750061037,16.317531024183793,1048
2,picking,C4,A_agv,5,27.09357084660476,615,54.01928857204124,19.50737100955541,16.8202866537503,1048
1,staging,C1,A_agv,5,16.86744874058698,2,25.519378116263518,12.144563093222626,7.029243792982319,1049
2,picking,C1,A_agv,5,18.333936324182286,3,112.51664047283352,13.200434153411248,10.522438164290485,1049
1,staging,C2,A_agv,5,28.359013024137713,611,85.16868464265382,20.41848937737915,17.326036247530368,1049
2,picking,C2,A_agv,5,27.661786988513086,616,76.9077163603492,19.9164866317294,16.66186793196472,1049
1,staging,C3,A_agv,5,26.05828001648714,252,74.21417174264477,18.761961611870753,16.237845073627454,1049
2,picking,C3,A_agv,5,26.236658460873226,251,70.11952989795259,18.890394091828732,15.826128844953256,1049
1,staging,C4,A_agv,5,27.004666667504324,586,75.63556884190416,19.443360000603125,16.93081816991994,1049
2,picking,C4,A_agv,5,27.13435676988958,586,76.28235804761971,19.53673687432049,16.928752676241825,1049
1,staging,C1,A_agv,5,16.182252177275284,3,4.4278579886022875,11.651221567638206,10.528632193700156,1050
2,picking,C1,A_agv,5,10.75493953531152,2,23.40948246202473,7.7435564654242945,7.011644055177152,1050
1,staging,C2,A_agv,5,28.39895064347277,650,76.14967824629399,20.44724446330039,17.174395548096246,1050
2,picking,C2,A_agv,5,27.621418699179067,658,69.35277012042135,19.887421463408916,16.975714034114443,1050
1,staging,C3,A_agv,5,25.21906747595033,234,73.44817197445518,18.157728582684236,15.720166737505853,1050
2,picking,C3,A_agv,5,26.552604964071076,235,57.872486983484606,19.11787557413118,16.272345204196032,1050
1,staging,C4,A_agv,5,27.435607011702434,622,67.15479393937859,19.753637048425755,17.25979202080512,1050
2,picking,C4,A_agv,5,26.82097739797807,630,70.64740860166921,19.31110372654419,16.76198422807224,1050
1,staging,C1,A_agv,5,16.11485206981009,3,75.81470753124158,11.602693490263267,10.527357795772428,1051
2,picking,C1,A_agv,5,11.16617466749176,2,0.0,8.039645760594066,7.011826104541895,1051
1,staging,C2,A_agv,5,29.27997888234443,621,94.58388648189637,21.08158479528799,17.56809975670444,1051
2,picking,C2,A_agv,5,29.87310385851547,611,93.31257219525786,21.508634778131082,17.8796396991655,1051
1,staging,C3,A_agv,5,27.83303109578697,252,89.40461326116855,20.039782388966607,16.57103651674643,1051
2,picking,C3,A_agv,5,27.57889453021276,255,93.6270306460852,19.856804061753195,16.933152898594273,1051
1,staging,C4,A_agv,5,28.057620580174188,588,83.23404798923028,20.20148681772541,17.35383426547399,1051
2,picking,C4,A_agv,5,28.785381299544333,582,89.59012065656292,20.725474535671907,17.95273852372929,1051
1,staging,C1,A_agv,5,17.28152314410618,3,15.054240126048535,12.442696663756452,10.517054607845878,1052
2,picking,C1,A_agv,5,11.101781179467459,2,0.0,7.99328244921657,7.012644124047222,1052
1,staging,C2,A_agv,5,28.24429097633584,639,69.97782950134113,20.33588950296179,16.97763511969512,1052
2,picking,C2,A_agv,5,27.927012594685426,638,61.05873400430484,20.1074490681735,16.880287507156176,1052
1,staging,C3,A_agv,5,25.415569032223946,267,60.970771494758196,18.299209703201235,15.572259533585541,1052
2,picking,C3,A_agv,5,26.905658635920936,266,69.30736912048181,19.372074217863076,16.30391810252056,1052
1,staging,C4,A_agv,5,27.199064641959325,614,64.40680404998595,19.583326542210685,16.764873929486075,1052
2,picking,C4,A_agv,5,27.56522290001756,617,65.23181205152474,19.84696048801264,17.010905571167743,1052
1,staging,C1,A_agv,5,15.829102233684067,3,62.097015566477175,11.396953608252527,10.526769975522665,1053
2,picking,C1,A_agv,5,16.586360795977388,3,0.0,11.942179773103721,10.529230675716615,1053
1,staging,C2,A_agv,5,27.972989368689976,644,69.37071907127147,20.140552345456783,17.090311233083728,1053
2,picking,C2,A_agv,5,28.42086359386317,641,77.83019877115717,20.463021787581447,17.35543941815564,1053
1,staging,C3,A_agv,5,26.210662937251776,254,74.4916178236308,18.871677314821284,16.053186348735675,1053
2,picking,C3,A_agv,5,26.540749898261073,252,85.87151885653238,19.10933992674797,16.49157450220471,1053
1,staging,C4,A_agv,5,27.411506448071222,621,71.08585734879021,19.736284642611277,17.120884607691494,1053
2,picking,C4,A_agv,5,27.404556457751966,617,72.4796356352392,19.731280649581393,17.209366043547874,1053
1,staging,C1,A_agv,5,17.99745006516973,3,4.033032072761853,12.958164046922205,10.529386208434488,1054
2,picking,C1,A_agv,5,16.516891739128493,3,0.0,11.892162052172512,10.521270550196295,1054
1,staging,C2,A_agv,5,29.337448920012378,626,89.18515947983799,21.12296322240884,17.57617715177117,1054
2,picking,C2,A_agv,5,28.816368704622143,619,75.72376681281153,20.747785467327898,17.401125441988913,1054
1,staging,C3,A_agv,5,27.033093527028335,270,87.96780520454374,19.463827339460405,16.10067165574067,1054
2,picking,C3,A_agv,5,27.719426816022164,268,72.25072661594032,19.957987307535966,16.99063215648831,1054
1,staging,C4,A_agv,5,28.385920549808404,598,82.36860299598666,20.43786279586203,17.507963281171303,1054
2,picking,C4,A_agv,5,28.117303218392127,597,68.98408909398229,20.24445831724227,17.351700423699885,1054
1,staging,C1,A_agv,5,15.681120994237213,3,0.0,11.290407115850794,10.530996672834597,1055
2,picking,C1,A_agv,5,11.181882861257424,2,0.0,8.050955660105346,7.021877972281111,1055
1,staging,C2,A_agv,5,29.207826869313745,655,71.26113052236727,21.029635345905888,17.67882040925861,1055
2,picking,C2,A_agv,5,29.242370593445223,663,74.6546837818837,21.0545068272805,17.646915346968317,1055
1,staging,C3,A_agv,5,27.47650467237254,268,73.41347442980107,19.783083364108244,16.920249678133498,1055
2,picking,C3,A_agv,5,27.108687451631702,268,71.25279557769453,19.51825496517483,16.498039201401323,1055
1,staging,C4,A_agv,5,28.51330239826133,629,70.20840517610635,20.529577726748116,17.63329014656205,1055
2,picking,C4,A_agv,5,28.07935279536955,632,68.2620279690282,20.217134012666055,17.566251165220446,1055
1,staging,C1,A_agv,5,16.103416916052655,3,0.0,11.594460179557913,10.5199470325283,1056
2,picking,C1,A_agv,5,17.570529788552665,3,0.0,12.650781447757918,10.520167423995217,1056
1,staging,C2,A_agv,5,28.952547496407234,640,65.73801653960793,20.84583419741317,17.455284883714498,1056
2,picking,C2,A_agv,5,28.060238959713228,639,64.27011512924746,20.20337205099352,16.666563524713233,1056
1,staging,C3,A_agv,5,26.497778599342876,258,63.86750986244524,19.078400591526876,16.273478605939697,1056
2,picking,C3,A_agv,5,26.4308153431144,258,67.52079317679859,19.03018704704237,15.881088028727731,1056
1,staging,C4,A_agv,5,27.665005041819946,608,61.26425629267307,19.918803630110357,17.07563603177295,1056
2,picking,C4,A_agv,5,27.428688028899362,610,61.069406246219934,19.748655380807516,16.909323487765903,1056
1,staging,C1,A_agv,7,22.7683064392809,4,24.18220377157304,16.393180636282246,14.029465029722209,1007
2,picking,C1,A_agv,7,16.535410334599067,3,0.0,11.90549544091133,10.533325091383322,1007
1,staging,C2,A_agv,7,30.848897275194837,871,151.01994194001642,22.211206038140126,18.87031349780278,1007
2,picking,C2,A_agv,7,31.02810241516431,855,155.668810942675,22.340233738918165,18.771893289969192,1007
1,staging,C3,A_agv,7,27.97589547387096,212,120.85795657105879,20.142644741187087,17.123879309134384,1007
2,picking,C3,A_agv,7,28.141787076764977,210,127.38875224493586,20.262086695270778,17.352716367526824,1007
1,staging,C4,A_agv,7,30.00397240904577,823,143.96111775503226,21.602860134512806,18.82645638134023,1007
2,picking,C4,A_agv,7,29.80588045928468,833,147.48003060441673,21.460233930684886,18.661750406431775,1007
1,staging,C1,A_agv,7,31.480294673190517,4,49.70054092877229,22.665812164697172,14.037086748946143,1008
2,picking,C1,A_agv,7,23.01475993459629,3,7.145760536961097,16.570627152909328,10.533703786095563,1008
1,staging,C2,A_agv,7,29.532190867255004,854,128.29408528348154,21.2631774244235,18.0186355206723,1008
2,picking,C2,A_agv,7,30.70839472988774,849,134.39489550446527,22.110044205519053,18.273877236591478,1008
1,staging,C3,A_agv,7,27.52414585404675,210,100.50070911111253,19.817385014913658,16.535153681931707,1008
2,picking,C3,A_agv,7,27.383412803021923,210,90.71460835548514,19.716057218175774,16.82063685311011,1008
1,staging,C4,A_agv,7,29.261598306915428,817,119.69917971613474,21.068350780979017,18.29954436152427,1008
2,picking,C4,A_agv,7,29.004369323666236,824,123.34277018059862,20.883145913039595,17.86035728462842,1008
1,staging,C1,A_agv,7,22.004088099008587,4,0.0,15.842943431286184,14.034450906009114,1009
2,picking,C1,A_agv,7,16.94428955556203,3,0.0,12.199888480004661,10.531409700866899,1009
1,staging,C2,A_agv,7,32.55342103329317,842,194.40290777357848,23.438463143970885,19.362093000328997,1009
2,picking,C2,A_agv,7,32.17559607913,854,190.40771278817232,23.16642917697339,19.56121205099119,1009
1,staging,C3,A_agv,7,29.289859606989715,241,160.9607325982092,21.0886989170326,17.522042331893246,1009
2,picking,C3,A_agv,7,30.417375588611662,243,162.61452011594395,21.900510423800398,18.63256351614143,1009
1,staging,C4,A_agv,7,30.864564730133402,818,197.36319570088622,22.222486605695888,18.936885300291113,1009
2,picking,C4,A_agv,7,31.7909102261396,813,173.41390005430713,22.88945536282034,19.822614195473562,1009
1,staging,C1,A_agv,7,22.779837082297174,4,8.990200859942707,16.401482699253968,14.034430452206253,1010
2,picking,C1,A_agv,7,17.650602287364336,3,14.668375585889589,12.708433646902321,10.529718477213667,1010
1,staging,C2,A_agv,7,30.771698722404416,886,134.3038893586784,22.155623080131008,18.435129515391203,1010
2,picking,C2,A_agv,7,30.93240729611472,898,138.94509319907624,22.271333253202428,18.769158302917447,1010
1,staging,C3,A_agv,7,27.788829044933106,213,101.81025934325017,20.007956912351837,17.187560658111543,1010
2,picking,C3,A_agv,7,27.15101955225205,208,109.06827971401016,19.54873407762148,16.791727182196976,1010
1,staging,C4,A_agv,7,29.99985348158075,860,119.25703102086071,21.599894506738014,18.67273234527153,1010
2,picking,C4,A_agv,7,29.641075267848212,862,126.201015143962,21.34157419285057,18.392527695259368,1010
1,staging,C1,A_agv,7,21.96283301359239,4,82.13368076380151,15.813239769786522,14.05006545513346,1011
2,picking,C1,A_agv,7,18.281592570591997,3,24.12411962422096,13.16274665082624,10.519188259598083,1011
1,staging,C2,A_agv,7,32.33467766547109,848,202.44292775601352,23.280967919138977,19.425187621160983,1011
2,picking,C2,A_agv,7,32.53955990846163,850,210.3497322906219,23.428483134092165,19.953894703774452,1011
1,staging,C3,A_agv,7,29.396488236272077,227,171.2890120206393,21.165471530115905,18.048175462679588,1011
2,picking,C3,A_agv,7,29.25839487365014,227,171.18059574763575,21.0660443090281,18.273053110310777,1011
1,staging,C4,A_agv,7,31.473532719245327,816,198.1719862426735,22.660943557856477,19.35600563287719,1011
2,picking,C4,A_agv,7,31.515434064701374,819,202.00029423445767,22.691112526584774,19.826608480324325,1011
1,staging,C1,A_agv,7,23.376613803177264,4,0.0,16.83116193828763,14.043678984004236,1012
2,picking,C1,A_agv,7,17.601093405848673,3,0.0,12.672787252211045,10.537013106084492,1012
1,staging,C2,A_agv,7,30.743774078856294,824,161.56831788850178,22.13551733677638,18.600952127879147,1012
2,picking,C2,A_agv,7,30.476983304621342,830,165.36204653975747,21.943427979327215,18.39476773998717,1012
1,staging,C3,A_agv,7,28.089422565504798,205,118.30177075914929,20.224384247163446,17.03060758905678,1012
2,picking,C3,A_agv,7,28.07608804229344,204,119.69898138172753,20.214783390451302,17.023233682472878,1012
1,staging,C4,A_agv,7,29.783538220535423,795,153.29596864489315,21.4441475187854,18.528098261592415,1012
2,picking,C4,A_agv,7,29.321101808342,796,161.78307263161125,21.11119330200612,18.330732717385043,1012
1,staging,C1,A_agv,7,17.657271914437437,3,0.0,12.713235778394957,10.531021977951879,1013
2,picking,C1,A_agv,7,21.177234119979822,4,37.04772528201356,15.247608566385475,14.053388067691275,1013
1,staging,C2,A_agv,7,31.268545688541433,870,180.19538619443196,22.51335289574967,19.0332964643282,1013
2,picking,C2,A_agv,7,31.631452914724694,863,163.4141425403023,22.774646098601618,19.26730802575916,1013
1,staging,C3,A_agv,7,28.617077073928815,221,149.02804169894128,20.604295493228733,17.663116126409193,1013
2,picking,C3,A_agv,7,28.046850957030035,223,134.87797949649314,20.193732689061637,17.35346024020924,1013
1,staging,C4,A_agv,7,30.489780505059215,838,176.12653798991087,21.952641963642495,19.095406817952885,1013
2,picking,C4,A_agv,7,30.456209080778564,832,152.67422822968675,21.928470538160433,19.070447672134495,1013
1,staging,C1,A_agv,7,21.945191474765988,4,19.601124952790755,15.80053786183151,14.03874103600822,1014
2,picking,C1,A_agv,7,17.615814581828783,3,16.00595436236302,12.683386498916722,10.521379995804336,1014
1,staging,C2,A_agv,7,30.162382997315934,827,166.31317675050573,21.716915758067394,17.904956055424584,1014
2,picking,C2,A_agv,7,29.83754610862374,837,160.795106797505,21.48303319820898,18.06010942083229,1014
1,staging,C3,A_agv,7,27.67796026387862,206,125.78391693201783,19.928131389992604,16.24079567309545,1014
2,picking,C3,A_agv,7,28.19638707174395,205,125.06535516983473,20.301398691655628,16.703430041663015,1014
1,staging,C4,A_agv,7,28.822706169234223,798,161.64670821767567,20.752348441848564,17.82373923267263,1014
2,picking,C4,A_agv,7,29.02199800922574,795,151.21359638689373,20.895838566642453,17.983048465806498,1014
1,staging,C1,A_agv,7,22.482974179704613,4,117.35598464559261,16.18774140938732,14.029180718785874,1015
2,picking,C1,A_agv,7,18.583177942776224,3,26.610055170807996,13.379888118798885,10.527350238438704,1015
1,staging,C2,A_agv,7,32.80846601172067,827,217.96747525685277,23.62209552843871,19.748138142083622,1015
2,picking,C2,A_agv,7,32.25482363322009,831,248.85335633068664,23.223473015918287,19.453753926251807,1015
1,staging,C3,A_agv,7,29.958925671662172,224,194.1698858378587,21.570426483596744,17.888253580703992,1015
2,picking,C3,A_agv,7,29.678979485412487,225,206.34614629189252,21.368865229496965,18.307263477877907,1015
1,staging,C4,A_agv,7,31.874119061285004,800,233.7839220717127,22.94936572412503,19.564428324022728,1015
2,picking,C4,A_agv,7,31.181015265297553,792,219.4980361978225,22.450330991014088,19.49629707764608,1015
1,staging,C1,A_agv,7,24.28133729071177,4,50.51185464112047,17.482562849312473,14.038020735000371,1016
2,picking,C1,A_agv,7,16.255213340688844,3,116.50945958166315,11.703753605295965,10.53337824476637,1016
1,staging,C2,A_agv,7,31.338379432411838,865,173.02309242327743,22.563633191336336,18.784476651227237,1016
2,picking,C2,A_agv,7,31.758994502944958,866,188.46330363092753,22.866476042120183,19.246588995205943,1016
1,staging,C3,A_agv,7,28.823705236942228,225,166.1815135299598,20.753067770598395,17.146834105109352,1016
2,picking,C3,A_agv,7,29.308204025958556,224,141.9520925972191,21.101906898690157,17.846886944497708,1016
1,staging,C4,A_agv,7,30.623924325853736,823,170.02354651090712,22.049225514614534,18.869948874644116,1016
2,picking,C4,A_agv,7,30.569917564729966,845,184.3437783075075,22.0103406466054,19.024227882900213,1016
1,staging,C1,A_agv,7,16.591957483266487,3,0.0,11.94620938795187,10.527365588712954,1017
2,picking,C1,A_agv,7,21.99153386716988,4,0.0,15.833904384362317,14.02675892700832,1017
1,staging,C2,A_agv,7,29.939524734993384,859,148.71260133067167,21.5564578091951,18.066725804769213,1017
2,picking,C2,A_agv,7,30.32363669664722,859,146.03755688321533,21.83301842158586,18.2834542665075,1017
1,staging,C3,A_agv,7,27.150339052654367,212,113.13443668524111,19.54824411791115,16.42266681804069,1017
2,picking,C3,A_agv,7,27.68363671775715,215,113.43801246658133,19.932218436785146,16.894947925239354,1017
1,staging,C4,A_agv,7,28.74025875562446,822,140.78406494182101,20.692986304049512,17.998943924002635,1017
2,picking,C4,A_agv,7,29.24989532721597,824,133.21175664419223,21.05992463559539,18.181013925051875,1017
1,staging,C1,A_agv,7,24.34193077312491,4,110.31278620010586,17.52619015664994,14.037179044717877,1018
2,picking,C1,A_agv,7,17.57110126700911,3,46.08718020212339,12.651192912246561,10.520682298018045,1018
1,staging,C2,A_agv,7,30.432930012818154,855,164.61167326089142,21.911709609228943,18.126057140621583,1018
2,picking,C2,A_agv,7,30.625207181296343,856,148.71305971829483,22.050149170533256,18.39173898649767,1018
1,staging,C3,A_agv,7,27.47054595156065,222,138.16525193361886,19.778793085123677,16.707163007313795,1018
2,picking,C3,A_agv,7,27.456954171030656,220,127.52233759086683,19.769007003142065,16.696331523757404,1018
1,staging,C4,A_agv,7,29.309535792958634,817,155.8204084308108,21.102865770930126,18.234332701713907,1018
2,picking,C4,A_agv,7,29.51454234317643,822,148.62836965673887,21.250470487086922,18.12946342540537,1018
1,staging,C1,A_agv,7,23.72843385722755,3,104.0522346791992,17.084472377203838,10.527040893873247,1019
2,picking,C1,A_agv,7,23.355738937755156,4,105.20927294135618,16.816132035183713,14.042174790985241,1019
1,staging,C2,A_agv,7,31.75185840746811,859,172.79632324334776,22.861338053376812,19.210826192167463,1019
2,picking,C2,A_agv,7,31.880727922299286,855,176.02946269290067,22.954124104055314,19.025389492690774,1019
1,staging,C3,A_agv,7,29.182687063043762,238,152.32899387032376,21.011534685391517,17.757455277115444,1019
2,picking,C3,A_agv,7,28.787323323727744,235,148.40068918775523,20.72687279308396,17.450668520910433,1019
1,staging,C4,A_agv,7,30.36017082261554,828,171.25871663927973,21.85932299228304,18.932488080748655,1019
2,picking,C4,A_agv,7,30.991960227170328,813,161.43510936348153,22.314211363562478,19.14544982633185,1019
1,staging,C1,A_agv,7,21.645472093298352,4,0.0,15.584739907174818,14.026265916457334,1020
2,picking,C1,A_agv,7,17.27156876975479,3,17.166343586085592,12.43552951422345,10.522533942935217,1020
1,staging,C2,A_agv,7,32.99378744737059,859,209.48021324952342,23.755526962106646,19.933294757663703,1020
2,picking,C2,A_agv,7,32.99342920770362,850,214.30121274280216,23.755269029546422,19.75786621283973,1020
1,staging,C3,A_agv,7,30.42664359477889,251,176.46085204617785,21.907183388240803,18.370466835296575,1020
2,picking,C3,A_agv,7,30.20641177959002,251,172.41501154483254,21.74861648130481,18.277942275059146,1020
1,staging,C4,A_agv,7,32.24362336679673,824,207.1932171551718,23.215408824093487,19.965591550570046,1020
2,picking,C4,A_agv,7,31.608097867764474,822,198.24299277760656,22.757830464790256,19.588680531044528,1020
1,staging,C1,A_agv,7,21.03458574622028,4,45.705136891332344,15.144901737278605,14.042277285423356,1021
2,picking,C1,A_agv,7,21.976904926202327,3,0.0,15.823371546865673,10.533436700478331,1021
1,staging,C2,A_agv,7,30.65831077562382,840,191.29847977926818,22.073983758448975,18.53294230062201,1021
2,picking,C2,A_agv,7,31.11574379154827,850,186.7305339868207,22.40333552991459,18.911132796390575,1021
1,staging,C3,A_agv,7,28.609799714536276,193,136.67849166875578,20.599055794466132,17.130790464662105,1021
2,picking,C3,A_agv,7,28.294575913290583,193,127.02871211423562,20.37209465756922,17.34415304132747,1021
1,staging,C4,A_agv,7,29.797048861474725,807,188.4381825073144,21.453875180261672,18.450933748262056,1021
2,picking,C4,A_agv,7,30.09697011952151,821,180.0501795736155,21.669818486055323,18.856252459861665,1021
1,staging,C1,A_agv,7,23.414887375476738,4,87.61422644180469,16.858718910343253,14.039197438700622,1022
2,picking,C1,A_agv,7,16.189978099171537,3,56.741969493190965,11.656784231403506,10.533624599647116,1022
1,staging,C2,A_agv,7,29.77933576946212,842,154.75450594859782,21.441121754012592,17.87762658652403,1022
2,picking,C2,A_agv,7,29.912442759543534,841,142.20380229102508,21.536958786871203,17.998063105284498,1022
1,staging,C3,A_agv,7,26.07928715789894,198,128.2157058698129,18.77708675368722,16.06802193348292,1022
2,picking,C3,A_agv,7,27.28642396800756,199,114.26444438576142,19.64622525696544,16.56479077846427,1022
1,staging,C4,A_agv,7,28.666683895411477,804,144.14130668819786,20.640012404696144,17.673595193340287,1022
2,picking,C4,A_agv,7,28.9285772997466,813,139.3236553076007,20.828575655817467,18.056650054023837,1022
1,staging,C1,A_agv,7,22.28323365822257,4,38.61031829255953,16.04392823392025,14.036477574931169,1023
2,picking,C1,A_agv,7,16.189106458135704,3,0.0,11.656156649857706,10.533111988565928,1023
1,staging,C2,A_agv,7,29.811175074663215,817,150.4762985087454,21.464046053757382,17.952803771954866,1023
2,picking,C2,A_agv,7,29.94139902020659,823,157.47888962313365,21.55780729454864,17.97289690265316,1023
1,staging,C3,A_agv,7,26.845863602765835,197,110.25226774363077,19.329021793991394,16.674737975731823,1023
2,picking,C3,A_agv,7,27.121126624973424,195,112.10210320129896,19.527211169980873,16.143647376729138,1023
1,staging,C4,A_agv,7,28.536468985516102,781,151.68392368701873,20.5462576695715,17.978150802819904,1023
2,picking,C4,A_agv,7,28.735904326147267,780,139.06539338688344,20.689851114825952,17.77429987178816,1023
1,staging,C1,A_agv,7,22.456798953666627,4,0.0,16.168895246639973,14.012808682567863,1024
2,picking,C1,A_agv,7,15.955195472335834,3,15.433702932191228,11.4877407400818,10.524011912065962,1024
1,staging,C2,A_agv,7,30.55624986920911,831,195.6591416958458,22.00049990583038,18.373807586694838,1024
2,picking,C2,A_agv,7,30.782487660296,828,187.35727343441346,22.16339111541299,18.627957452383225,1024
1,staging,C3,A_agv,7,27.366465507077447,197,137.06373885564093,19.703855165095778,16.689457549413145,1024
2,picking,C3,A_agv,7,28.164957867711866,200,141.12479562953823,20.278769664752556,17.21373899515694,1024
1,staging,C4,A_agv,7,29.53660806750103,797,170.46138699301395,21.266357808600638,18.295704639399233,1024
2,picking,C4,A_agv,7,29.816923392814875,799,187.8978319052566,21.46818484282656,18.5627548441233,1024
1,staging,C1,A_agv,7,22.785155386307093,4,64.1786626608408,16.40531187814111,14.037985607347784,1025
2,picking,C1,A_agv,7,17.602510636453765,3,66.40381295299291,12.673807658246712,10.515560969482983,1025
1,staging,C2,A_agv,7,31.15490486227128,858,184.75522870042258,22.43153150083517,19.03502205629471,1025
2,picking,C2,A_agv,7,31.228923986933744,858,181.98082771329445,22.48482527059211,18.766764185851148,1025
1,staging,C3,A_agv,7,28.012869406462364,215,147.67111031577386,20.16926597265289,17.41268387454103,1025
2,picking,C3,A_agv,7,28.238109660822925,214,144.36293490584464,20.331438955792496,17.145272566190517,1025
1,staging,C4,A_agv,7,30.51464978477109,831,182.27945812365326,21.970547845035053,19.03882431681028,1025
2,picking,C4,A_agv,7,30.1642701470473,833,177.63232966148954,21.71827450587393,18.63551748089116,1025
1,staging,C1,A_agv,7,28.394557837702127,3,61.643728942909,20.444081643145537,10.52949290304985,1026
2,picking,C1,A_agv,7,27.719103316180078,4,308.0298177992525,19.95775438764965,14.02948427241503,1026
1,staging,C2,A_agv,7,32.95927853739965,862,220.00272732644154,23.730680546927548,19.892049332330302,1026
2,picking,C2,A_agv,7,32.55665937889259,861,208.7104235051403,23.440794752802468,19.796094509800966,1026
1,staging,C3,A_agv,7,29.782927768259388,237,174.11809906184484,21.443707993146752,18.150613478418673,1026
2,picking,C3,A_agv,7,29.922698556644374,237,161.8164323656726,21.54434296078393,18.433224808157437,1026
1,staging,C4,A_agv,7,31.747843716552975,836,219.285523464487,22.858447475917973,19.7938885077334,1026
2,picking,C4,A_agv,7,32.02171997903482,832,197.05556375364594,23.055638384904896,19.77661644550901,1026
1,staging,C1,A_agv,7,18.282790619381785,3,0.0,13.163609245954886,10.519025681164653,1027
2,picking,C1,A_agv,7,21.37353428421303,4,0.0,15.388944684633383,14.035000743146044,1027
1,staging,C2,A_agv,7,31.35136727420865,840,179.6466414394067,22.572984437430073,18.646625267970183,1027
2,picking,C2,A_agv,7,31.61376121533703,844,165.2088019165624,22.761908075042484,18.82229004522921,1027
1,staging,C3,A_agv,7,28.725488863765662,201,139.02769239748352,20.682351981911275,17.298352669801016,1027
2,picking,C3,A_agv,7,28.51540367392891,197,134.0923007785276,20.5310906452288,16.959316943174137,1027
1,staging,C4,A_agv,7,30.378481062541134,809,170.2123378311109,21.872506365029494,18.693133084235,1027
2,picking,C4,A_agv,7,30.26317545373291,801,154.98661659235447,21.789486326687555,18.61322667340886,1027
1,staging,C1,A_agv,7,21.380813512083115,4,0.0,15.394185728699846,14.039506573600203,1028
2,picking,C1,A_agv,7,16.58463121673476,3,0.0,11.940934476049026,10.522970723716648,1028
1,staging,C2,A_agv,7,29.370966153261925,839,150.76131104171824,21.14709563034846,17.67026113392103,1028
2,picking,C2,A_agv,7,29.247774618900625,834,140.16307872662225,21.058397725608316,17.726521718951208,1028
1,staging,C3,A_agv,7,25.741772189028378,190,119.1379415837684,18.53407597610044,15.93323000728013,1028
2,picking,C3,A_agv,7,25.825123178226956,188,125.84922535440971,18.5940886883234,16.179386178925704,1028
1,staging,C4,A_agv,7,28.276090600319108,799,137.42912842306188,20.358785232229646,17.60668731263825,1028
2,picking,C4,A_agv,7,28.441304618909957,813,139.49621200670092,20.477739325615065,17.659623318011793,1028
1,staging,C1,A_agv,7,27.428291312008618,4,0.0,19.748369744646205,14.02452712704548,1029
2,picking,C1,A_agv,7,16.66334498347521,3,0.0,11.997608388102151,10.534519521619753,1029
1,staging,C2,A_agv,7,32.43800313093934,850,205.56315031195052,23.35536225427616,19.381000924507052,1029
2,picking,C2,A_agv,7,32.15955033239605,860,213.99309311400833,23.154876239324995,19.13187905749133,1029
1,staging,C3,A_agv,7,29.978600615308913,226,168.0611309945725,21.58459244302242,17.72418219121768,1029
2,picking,C3,A_agv,7,29.596262686015123,226,167.42553482080464,21.309309133930878,17.738669149542396,1029
1,staging,C4,A_agv,7,31.363727463860368,823,199.5975523094078,22.581883773979328,19.287589249335184,1029
2,picking,C4,A_agv,7,31.061666218883545,814,211.82974570016356,22.364399677596044,19.069151843774364,1029
1,staging,C1,A_agv,7,24.40278271170771,4,0.0,17.57000355242955,14.040723501571648,1030
2,picking,C1,A_agv,7,17.279843335409147,3,0.0,12.441487201494587,10.526516826375177,1030
1,staging,C2,A_agv,7,30.62082879230157,847,147.70415071477245,22.046996730456982,18.450336296714145,1030
2,picking,C2,A_agv,7,30.710698195343795,847,151.843541423658,22.111702700647378,18.6932507211106,1030
1,staging,C3,A_agv,7,27.596495029519293,203,108.29853828448557,19.869476421253886,16.792400073301952,1030
2,picking,C3,A_agv,7,27.868595549252024,205,104.68316904674289,20.06538879546145,17.247829635144743,1030
1,staging,C4,A_agv,7,29.692681266120584,812,145.76728258916378,21.378730511606694,18.649630482184858,1030
2,picking,C4,A_agv,7,29.580125155806066,821,144.990643525689,21.297690112180252,18.36348431341769,1030
1,staging,C1,A_agv,7,21.73698284104385,4,142.8074590053288,15.650627645551575,14.046107321430778,1031
2,picking,C1,A_agv,7,17.362885696495734,3,80.42610332633389,12.50127770147693,10.527379385859206,1031
1,staging,C2,A_agv,7,29.650064616316474,829,153.91023381059463,21.34804652374775,17.936150890753783,1031
2,picking,C2,A_agv,7,30.199000952776544,818,157.7432713277554,21.74328068599896,17.990058038758235,1031
1,staging,C3,A_agv,7,26.97492749694945,203,120.9573800938538,19.421947797803607,16.469649529221986,1031
2,picking,C3,A_agv,7,26.820170987725668,201,122.7463015095439,19.310523111162475,16.3233732441062,1031
1,staging,C4,A_agv,7,29.029420821578167,795,146.30250587132122,20.901182991536153,18.050895319540565,1031
2,picking,C4,A_agv,7,28.666285852872292,792,146.0482981760458,20.639725814067962,17.74484138774924,1031
1,staging,C1,A_agv,7,21.9983070342293,4,0.0,15.838781064645097,14.035157760771558,1032
2,picking,C1,A_agv,7,16.168250974657944,3,0.0,11.641140701753722,10.519503035878673,1032
1,staging,C2,A_agv,7,31.733398293304553,877,165.77866547059415,22.848046771179124,19.07363972972543,1032
2,picking,C2,A_agv,7,31.60192271024981,859,167.1618229017364,22.753384351379722,19.076882178035742,1032
1,staging,C3,A_agv,7,28.52480490787905,207,110.01361173371197,20.53785953367292,17.65802265673928,1032
2,picking,C3,A_agv,7,28.367595564168656,209,132.5540146293591,20.424668806201446,17.070868507682135,1032
1,staging,C4,A_agv,7,30.671262029942593,826,161.76142442435165,22.08330866155855,19.201754962787938,1032
2,picking,C4,A_agv,7,30.16293272873925,834,154.8071579207096,21.71731156469214,18.769989167195483,1032
1,staging,C1,A_agv,7,18.302318980820612,3,58.446609007102964,13.17766966619084,10.5304407012116,1033
2,picking,C1,A_agv,7,21.97606244813089,4,153.6712287368099,15.82276496265424,14.021381084706462,1033
1,staging,C2,A_agv,7,28.39366538590934,826,125.30981193720339,20.44343907785464,17.138903046485318,1033
2,picking,C2,A_agv,7,28.51859706410698,830,142.11256324629522,20.533389886156908,17.14783540609929,1033
1,staging,C3,A_agv,7,25.704483661283923,195,101.35210720037716,18.507228236124405,15.629211881738119,1033
2,picking,C3,A_agv,7,25.34978623316231,194,98.37550174420109,18.251846087876856,15.549304348624458,1033
1,staging,C4,A_agv,7,27.459604792771064,795,129.02952219649003,19.770915450795073,17.07092007647346,1033
2,picking,C4,A_agv,7,27.563937924783566,800,128.70750481584852,19.84603530584407,17.07494358655652,1033
1,staging,C1,A_agv,7,22.960017682557616,4,64.7231518410612,16.531212731441485,14.028697004446489,1034
2,picking,C1,A_agv,7,16.167712869144605,3,49.41617475535895,11.640753265784115,10.519137523566934,1034
1,staging,C2,A_agv,7,31.09429057864659,837,162.35612728013774,22.387889216625375,18.62817875090819,1034
2,picking,C2,A_agv,7,31.361298719293977,833,175.7915595626165,22.5801350778915,19.02105663485698,1034
1,staging,C3,A_agv,7,28.20081447716601,215,118.3977097902684,20.304586423559527,17.0387431190293,1034
2,picking,C3,A_agv,7,28.386329373720443,214,123.96569775893043,20.43815714907873,17.521820950430172,1034
1,staging,C4,A_agv,7,29.975001260266822,808,179.21853088511722,21.582000907391986,18.536484167208236,1034
2,picking,C4,A_agv,7,30.4617851122765,795,145.2041193163376,21.932485280838943,18.965167885223632,1034
1,staging,C1,A_agv,7,21.930702210113893,4,21.407700072651036,15.790105591281998,14.029922240134521,1035
2,picking,C1,A_agv,7,24.984095936034475,3,28.107023812246915,17.98854907394482,10.518226483328352,1035
1,staging,C2,A_agv,7,30.506857161247137,847,173.18392996219214,21.964937156097765,18.432616764932234,1035
2,picking,C2,A_agv,7,30.14212928707928,855,182.2273555985165,21.702333086696964,18.380087514085993,1035
1,staging,C3,A_agv,7,27.309775217772735,199,130.6584088961879,19.663038156796365,16.77066643075086,1035
2,picking,C3,A_agv,7,27.434956359815615,200,138.92743677635931,19.753168579067253,16.957565801410144,1035
1,staging,C4,A_agv,7,29.290905336685668,819,176.91414045134394,21.089451842413556,18.29061487759602,1035
2,picking,C4,A_agv,7,29.273584216610622,819,155.75693163755741,21.07698063595955,18.364700512533332,1035
1,staging,C1,A_agv,7,21.589913152295335,4,35.563637392863285,15.54473746965264,14.03630036164356,1036
2,picking,C1,A_agv,7,18.010762064732,3,0.0,12.967748686607042,10.525663809462152,1036
1,staging,C2,A_agv,7,32.24063556270268,825,193.01565959819908,23.213257605145753,19.34965264456595,1036
2,picking,C2,A_agv,7,32.63734651256772,831,238.62873803754948,23.498889489048562,19.49614485987281,1036
1,staging,C3,A_agv,7,29.039290696378533,227,194.05925434808645,20.90828930139252,17.815263710513204,1036
2,picking,C3,A_agv,7,30.17573514664063,224,188.11488572456628,21.72652930558125,17.989897510134366,1036
1,staging,C4,A_agv,7,31.109553121481675,796,195.76754243713566,22.398878247466705,19.351862295175685,1036
2,picking,C4,A_agv,7,31.30669532103814,788,207.57093033728992,22.54082063114727,19.339935209263135,1036
1,staging,C1,A_agv,7,22.06300880159532,4,63.56213063286972,15.885366337148632,14.03621017734529,1037
2,picking,C1,A_agv,7,16.255700153968284,3,23.10535420058574,11.704104110857163,10.533693699771447,1037
1,staging,C2,A_agv,7,31.115380103630546,859,150.81778235814167,22.40307367461385,18.644027949150235,1037
2,picking,C2,A_agv,7,30.62433841581428,865,180.04556457032174,22.04952365938618,18.732181483521927,1037
1,staging,C3,A_agv,7,27.207250885487777,218,122.30266233428728,19.5892206375512,16.979528626948575,1037
2,picking,C3,A_agv,7,27.65782056508369,215,131.54597575730196,19.913630806860258,17.015252420687276,1037
1,staging,C4,A_agv,7,30.158628376164557,833,149.67688341093125,21.71421243083839,18.6878960805053,1037
2,picking,C4,A_agv,7,29.675575341569644,828,173.88644382767808,21.36641424593004,18.542868907722443,1037
1,staging,C1,A_agv,7,22.295184808819798,4,40.61159325631403,16.052533062350257,14.044270110096315,1038
2,picking,C1,A_agv,7,18.580696546504445,3,99.70377972735999,13.378101513483202,10.525967839886377,1038
1,staging,C2,A_agv,7,32.116138443775775,850,186.53693765096142,23.123619679518363,19.416785735857726,1038
2,picking,C2,A_agv,7,31.616430764612822,859,176.85147704520622,22.763830150521073,19.160591103013626,1038
1,staging,C3,A_agv,7,29.114278857546854,236,152.34399356833535,20.96228077743373,17.896467001935893,1038
2,picking,C3,A_agv,7,29.154008869252912,236,152.75538224445276,20.990886385862115,17.62534695256305,1038
1,staging,C4,A_agv,7,30.901070304792526,826,177.7187738256699,22.24877061945046,19.227734869441754,1038
2,picking,C4,A_agv,7,30.84390679691063,818,175.62183605290127,22.207612893775536,19.17603085831853,1038
1,staging,C1,A_agv,7,21.92324689465707,4,136.79573913875282,15.78473776415309,14.024764097590941,1039
2,picking,C1,A_agv,7,16.591963136685433,3,59.098473138750464,11.946213458413508,10.527122423000412,1039
1,staging,C2,A_agv,7,30.25730546836247,865,136.81082762120192,21.785259937220854,17.952723926283507,1039
2,picking,C2,A_agv,7,30.172411218610506,877,150.85746717632838,21.724136077399468,18.144384816529975,1039
1,staging,C3,A_agv,7,27.902876335862846,202,107.09205307456952,20.090070961821258,16.67590133238383,1039
2,picking,C3,A_agv,7,26.50679161093501,202,105.8096538060791,19.08488995987321,16.165185386240587,1039
1,staging,C4,A_agv,7,29.180489226425582,837,136.85809129259485,21.009952243026348,18.087522732684963,1039
2,picking,C4,A_agv,7,28.82956020398588,830,115.9056047788081,20.75728334686974,17.847030454572977,1039
1,staging,C1,A_agv,7,24.798103688477234,4,178.95552143587435,17.85463465570361,14.025841002517502,1040
2,picking,C1,A_agv,7,17.577186246997726,3,169.60998783254496,12.655574097838365,10.521685741876835,1040
1,staging,C2,A_agv,7,30.15598863462715,884,137.88311578685503,21.712311816931432,18.08888231007302,1040
2,picking,C2,A_agv,7,30.013548239880095,864,133.49495323504186,21.609754732713544,17.9918299825439,1040
1,staging,C3,A_agv,7,27.708944884910565,216,113.37219562871768,19.950440317135595,16.793004569427907,1040
2,picking,C3,A_agv,7,26.59558065916936,215,125.81155387487638,19.148818074601934,16.081404695127222,1040
1,staging,C4,A_agv,7,29.175707276358537,835,128.37132084792083,21.006509238978065,18.15006775132861,1040
2,picking,C4,A_agv,7,28.65512013111512,839,128.26497544548997,20.63168649440281,17.76808898573277,1040
1,staging,C1,A_agv,7,22.23749476106784,3,68.06816935794862,16.010996227968846,10.52298601685138,1041
2,picking,C1,A_agv,7,21.372301342862688,4,70.01129633734054,15.388056966861132,14.033928767852775,1041
1,staging,C2,A_agv,7,30.254795793464616,860,129.92266666798753,21.783452971294416,18.243094374326816,1041
2,picking,C2,A_agv,7,29.87036378202027,858,130.41812369256974,21.506661923054487,18.104348188154987,1041
1,staging,C3,A_agv,7,26.930742638586942,215,111.25388147680027,19.39013469978259,16.577490364757182,1041
2,picking,C3,A_agv,7,26.801993762128042,214,117.2342943412845,19.297435508732207,16.534843912808064,1041
1,staging,C4,A_agv,7,29.136047702106143,833,126.06031855548684,20.977954345516334,17.994808192925884,1041
2,picking,C4,A_agv,7,29.176690440381353,827,122.58034079194532,21.007217117074493,18.226439925111514,1041
1,staging,C1,A_agv,7,21.454030763044845,4,3.0845080877628788,15.44690214939229,14.047104875046792,1042
2,picking,C1,A_agv,7,16.239306004564728,3,54.75290650971025,11.692300323286608,10.523070290957946,1042
1,staging,C2,A_agv,7,30.66935042831674,821,190.84951517962793,22.08193230838794,18.605626980088335,1042
2,picking,C2,A_agv,7,30.775767216692508,827,173.1927232826317,22.158552396018482,18.43199263036064,1042
1,staging,C3,A_agv,7,27.140955548259615,216,151.97936650660006,19.541487994746923,16.79949174905617,1042
2,picking,C3,A_agv,7,28.455916100905515,219,150.19851899000213,20.488259592651968,17.147871392446685,1042
1,staging,C4,A_agv,7,29.615674177736086,786,181.4123408006763,21.323285407969912,18.51915147455432,1042
2,picking,C4,A_agv,7,29.757599496491416,796,157.64822637121617,21.42547163747372,18.370884802561367,1042
1,staging,C1,A_agv,7,21.649535760950727,4,87.90797000758236,15.587665747884524,14.031579243845608,1043
2,picking,C1,A_agv,7,16.107530840004475,3,10.504785755506358,11.597422204803221,10.522650887051155,1043
1,staging,C2,A_agv,7,32.650992110490265,864,217.3076369150198,23.508714319552784,19.848681941122745,1043
2,picking,C2,A_agv,7,32.67431746392263,869,203.95437672611519,23.525508574024077,19.80190930088487,1043
1,staging,C3,A_agv,7,30.89137484482418,252,168.42649712795503,22.24178988827342,18.769964495477637,1043
2,picking,C3,A_agv,7,29.274839546863912,251,167.52156667807327,21.077884473742003,17.823376746530386,1043
1,staging,C4,A_agv,7,31.794475951135777,830,199.51139324872855,22.892022684817565,19.81260976612629,1043
2,picking,C4,A_agv,7,31.3928959538972,836,202.24818127018622,22.60288508680581,19.6741759203258,1043
1,staging,C1,A_agv,7,19.72073655089998,3,52.690735284103845,14.198930316647985,10.515986496650086,1044
2,picking,C1,A_agv,7,21.01976101537226,4,60.90287480131216,15.134227931068029,14.032368126558666,1044
1,staging,C2,A_agv,7,31.069413800767155,863,154.9409372794948,22.3699779365522,18.785477719207258,1044
2,picking,C2,A_agv,7,31.051518062056218,861,149.66163780749667,22.357093004680312,18.438515792890225,1044
1,staging,C3,A_agv,7,27.716479355430636,208,113.05830028806146,19.955865135910045,17.22876129959347,1044
2,picking,C3,A_agv,7,27.92139791550475,205,108.10574210391518,20.103406499163412,16.805322917340003,1044
1,staging,C4,A_agv,7,29.995977137015316,824,144.01903342321918,21.597103538650885,18.514228702351115,1044
2,picking,C4,A_agv,7,29.821196640239688,826,141.58861369542691,21.47126158097246,18.54720925419084,1044
1,staging,C1,A_agv,7,27.29600240429696,4,34.57553484137352,19.65312173109381,14.028027363019834,1045
2,picking,C1,A_agv,7,23.42259488735314,3,16.258851712897133,16.86426831889426,10.524534294703379,1045
1,staging,C2,A_agv,7,30.46365022788403,879,140.38116824149967,21.933828164076353,18.58785151672887,1045
2,picking,C2,A_agv,7,31.75684927795539,877,171.06487739588664,22.864931480127716,19.25126569654972,1045
1,staging,C3,A_agv,7,28.061883504871528,226,113.482111045327,20.20455612350748,17.267524312278614,1045
2,picking,C3,A_agv,7,28.585502974247625,226,132.2299927270892,20.58156214145829,17.535122167730627,1045
1,staging,C4,A_agv,7,29.911179266200005,856,147.30074078314178,21.536049071663886,18.691061779273706,1045
2,picking,C4,A_agv,7,30.487568230496148,838,155.4522123433283,21.951049125957077,19.013305434004906,1045
1,staging,C1,A_agv,7,23.800905735969337,4,0.0,17.136652129897925,14.034134431335023,1046
2,picking,C1,A_agv,7,22.340006978708093,3,0.0,16.084805024669826,10.53706939804654,1046
1,staging,C2,A_agv,7,31.937020201116884,854,196.3496269426525,22.994654544803975,19.42389801648892,1046
2,picking,C2,A_agv,7,31.266754766867955,841,203.10834782950786,22.512063432144757,18.8599447017813,1046
1,staging,C3,A_agv,7,28.61738425913773,229,154.86329251463934,20.604516666579148,17.328090922563852,1046
2,picking,C3,A_agv,7,29.327196717512855,231,159.80603304861654,21.115581636609246,18.01273316125296,1046
1,staging,C4,A_agv,7,31.420304050604447,815,199.06702552142954,22.622618916435055,19.45319447771197,1046
2,picking,C4,A_agv,7,30.03669894193618,821,190.98266401497418,21.626423238193887,18.695898240558282,1046
1,staging,C1,A_agv,7,21.57940147825083,4,0.0,15.537169064340597,14.028942013590745,1047
2,picking,C1,A_agv,7,15.896748707050717,3,30.17931408278855,11.445659069076516,10.528374124447465,1047
1,staging,C2,A_agv,7,32.24040510182603,863,190.21649721307534,23.213091673314587,19.68816373084936,1047
2,picking,C2,A_agv,7,32.0985922372531,871,199.5868548605086,23.11098641082209,19.461555728978624,1047
1,staging,C3,A_agv,7,29.584651281257056,238,159.65196850327627,21.30094892250507,18.0209972805632,1047
2,picking,C3,A_agv,7,29.38336822179467,236,171.36071444941092,21.15602511969216,17.98090428811811,1047
1,staging,C4,A_agv,7,31.014719820602338,833,184.84964377193506,22.33059827083359,19.484130374073896,1047
2,picking,C4,A_agv,7,31.31446870493867,833,189.52552484709503,22.54641746755571,19.4975057524208,1047
1,staging,C1,A_agv,7,19.40568099366263,3,32.964293190869405,13.972090315437093,10.531328640646384,1048
2,picking,C1,A_agv,7,27.162689031141795,4,36.94144942247464,19.557136102422092,14.039767798072068,1048
1,staging,C2,A_agv,7,31.527395298087317,829,197.0987168035153,22.699724614622685,19.112100583930822,1048
2,picking,C2,A_agv,7,31.138442096905035,827,190.36650142488682,22.419678309771456,18.7074402992318,1048
1,staging,C3,A_agv,7,28.330630217722202,213,172.4015572062137,20.398053756759975,17.250078554242975,1048
2,picking,C3,A_agv,7,28.78274608354166,210,164.6779940282964,20.72357718014999,17.385145942090233,1048
1,staging,C4,A_agv,7,29.947028203331055,798,184.77490336833569,21.561860306398202,18.665271239448142,1048
2,picking,C4,A_agv,7,30.51505691319299,792,173.9534651518784,21.97084097749885,19.008825199270074,1048
1,staging,C1,A_agv,7,27.75181647978472,4,93.12797414843165,19.981307865445,14.045067302845478,1049
2,picking,C1,A_agv,7,16.180755032570772,3,61.302217879665236,11.650143623450957,10.527574830762068,1049
1,staging,C2,A_agv,7,31.005132912640654,848,171.04231519830242,22.32369569710113,18.574368196210816,1049
2,picking,C2,A_agv,7,31.399011411057177,852,170.0674173414521,22.607288215960995,18.862994954908576,1049
1,staging,C3,A_agv,7,28.99481602247039,224,138.77926897568958,20.876267536178712,17.35250806373152,1049
2,picking,C3,A_agv,7,27.705097513523114,218,130.20303167533746,19.947670209736643,16.743759925826588,1049
1,staging,C4,A_agv,7,29.956099487554017,812,172.2278632050179,21.568391631038768,18.60781724267245,1049
2,picking,C4,A_agv,7,30.002075150973777,812,156.1762354581448,21.601494108701004,18.659213779823844,1049
1,staging,C1,A_agv,7,22.3531179124855,4,0.0,16.094244896989558,14.038799838919441,1050
2,picking,C1,A_agv,7,18.207660170622276,3,0.0,13.10951532284804,10.51432996551901,1050
1,staging,C2,A_agv,7,30.036918905389047,843,169.79714646183032,21.62658161188001,18.269791839706055,1050
2,picking,C2,A_agv,7,29.578510381301232,830,153.82497004890817,21.29652747453678,17.978865742509974,1050
1,staging,C3,A_agv,7,26.59607328157297,193,118.16418528457935,19.149172762732537,16.538940019618977,1050
2,picking,C3,A_agv,7,26.8377888735442,193,125.73060448038747,19.32320798895183,16.44341878557749,1050
1,staging,C4,A_agv,7,28.829165057511247,809,162.87090006534189,20.756998841408016,17.956037181172952,1050
2,picking,C4,A_agv,7,28.71929044180413,798,146.6033326653728,20.67788911809891,18.15145373437643,1050
1,staging,C1,A_agv,7,21.592367524626866,4,77.91174328112683,15.546504617731346,14.034319171380451,1051
2,picking,C1,A_agv,7,16.855213364616592,3,0.0,12.135753622523946,10.518956847316995,1051
1,staging,C2,A_agv,7,31.856873936411727,847,205.76800752512776,22.936949234216286,19.286111862723747,1051
2,picking,C2,A_agv,7,32.35975375603895,834,204.0944229172352,23.29902270434788,19.38466415597348,1051
1,staging,C3,A_agv,7,29.354317230466226,222,169.03405604988134,21.13510840593569,17.965641569010458,1051
2,picking,C3,A_agv,7,28.901911703683965,218,161.73635886481858,20.809376426652452,17.64553674728787,1051
1,staging,C4,A_agv,7,31.34618705926058,805,196.38943694700737,22.569254682667477,19.508587278156863,1051
2,picking,C4,A_agv,7,30.667421209076746,801,194.00532738787342,22.08054327053512,18.997494296095955,1051
1,staging,C1,A_agv,7,22.223729364386045,3,30.058470269671187,16.001085142357958,10.515518347011232,1052
2,picking,C1,A_agv,7,23.903702611733237,4,105.40196039459892,17.210665880447934,14.020379070126696,1052
1,staging,C2,A_agv,7,31.34197768108352,860,169.32225826971035,22.56622393037999,18.69136539155674,1052
2,picking,C2,A_agv,7,31.37898245726678,852,167.7969498287969,22.592867369231918,19.093309803358764,1052
1,staging,C3,A_agv,7,28.826887789510984,228,134.1141852277316,20.755359208447924,17.438363236870657,1052
2,picking,C3,A_agv,7,28.861587151904434,224,143.07391265345066,20.780342749371197,17.40196477867237,1052
1,staging,C4,A_agv,7,30.518518974316102,826,162.1231090917591,21.973333661507443,18.706260566506305,1052
2,picking,C4,A_agv,7,30.43691449900062,824,162.01408272197298,21.914578439280334,18.91888685063145,1052
1,staging,C1,A_agv,7,29.499408696539213,4,59.93053313521814,21.23957426150823,14.04040851451099,1053
2,picking,C1,A_agv,7,16.257511324973663,3,0.0,11.70540815398104,10.534867338582934,1053
1,staging,C2,A_agv,7,31.615574254948626,868,171.75715714297232,22.763213463562835,19.08794804083744,1053
2,picking,C2,A_agv,7,31.389575168807028,872,181.6480971341495,22.600494121540915,18.73110559003407,1053
1,staging,C3,A_agv,7,28.20215027831593,228,144.69931710872814,20.305548200387474,16.993511239234934,1053
2,picking,C3,A_agv,7,29.087017959755613,228,148.82516482512588,20.94265293102404,17.594520192724193,1053
1,staging,C4,A_agv,7,30.664106285464626,835,163.99119787616584,22.078156525534407,19.145139610411558,1053
2,picking,C4,A_agv,7,29.938513240110222,831,166.5417330035316,21.55572953287925,18.513497353793298,1053
1,staging,C1,A_agv,7,22.989827493065285,4,29.325910214249234,16.552675795007005,14.031829209468818,1054
2,picking,C1,A_agv,7,16.868456580403265,3,0.0,12.14528873789035,10.52752482663082,1054
1,staging,C2,A_agv,7,31.794284882310663,849,199.02892341770848,22.891885115263506,18.947131696870716,1054
2,picking,C2,A_agv,7,31.78330898930438,843,191.95901972233375,22.883982472299,19.338055672562078,1054
1,staging,C3,A_agv,7,28.70853377849012,221,165.15986666594716,20.670144320512907,17.522479332638195,1054
2,picking,C3,A_agv,7,28.807248374787186,221,145.68245564974737,20.741218829846787,17.74290248123934,1054
1,staging,C4,A_agv,7,30.981237144943357,808,181.4632439990881,22.306490744359078,19.273926324457324,1054
2,picking,C4,A_agv,7,30.386307622055657,816,181.0988374842087,21.87814148787994,18.86367771164215,1054
1,staging,C1,A_agv,7,22.009135508723876,3,44.769674948705386,15.846577566281193,10.518031054839831,1055
2,picking,C1,A_agv,7,22.422113790917567,4,84.30698069319745,16.143921929460646,14.04298625274443,1055
1,staging,C2,A_agv,7,32.218039825081284,860,196.54783491635027,23.19698867405833,19.56288205726161,1055
2,picking,C2,A_agv,7,32.659541061660356,858,200.18129317998276,23.514869564395294,19.686440805877954,1055
1,staging,C3,A_agv,7,29.465977205334305,230,156.74804252809295,21.215503587840686,18.22052617449113,1055
2,picking,C3,A_agv,7,29.60785744894296,228,172.60920791944815,21.317657363238915,17.882602244204367,1055
1,staging,C4,A_agv,7,31.320613533683822,833,193.05498133213771,22.550841744252192,19.60599941739823,1055
2,picking,C4,A_agv,7,31.613769684234,820,194.84532951591783,22.76191417264834,19.504295667963614,1055
1,staging,C1,A_agv,7,21.579573821688275,4,0.0,15.537293151615557,14.026040344049939,1056
2,picking,C1,A_agv,7,16.92341581070745,3,0.0,12.184859383709362,10.520282610971488,1056
1,staging,C2,A_agv,7,31.296585008844314,862,161.35058338754848,22.533541206367747,18.659119156404326,1056
2,picking,C2,A_agv,7,31.802090250558862,871,164.83876511349388,22.897504980402204,18.95107573252904,1056
1,staging,C3,A_agv,7,28.711941908748756,223,127.20073259403817,20.672598174299115,17.142724270077796,1056
2,picking,C3,A_agv,7,28.729437048864664,225,122.46571238581289,20.685194675182554,17.492720921146496,1056
1,staging,C4,A_agv,7,30.455724242441264,819,148.11209929322268,21.928121454557594,18.90529216027135,1056
2,picking,C4,A_agv,7,30.127577775814718,832,161.79684373118613,21.691855998586455,18.527374950884283,1056
1,staging,C1,A_agv,10,21.54357516428652,4,0.0,15.511374118286295,14.045260489846934,1007
2,picking,C1,A_agv,10,21.591541572922672,4,0.0,15.545909932504324,14.03387623008303,1007
1,staging,C2,A_agv,10,34.84164582226947,890,553.8413984536,25.085984992033694,21.18156727556921,1007
2,picking,C2,A_agv,10,34.90976888063807,896,562.1727638338348,25.135033594059106,21.334232088054716,1007
1,staging,C3,A_agv,10,32.331313114872124,196,444.32788040511605,23.27854544270792,19.484267859489734,1007
2,picking,C3,A_agv,10,31.874305246467642,196,414.13357372425133,22.949499777456705,19.470364837468075,1007
1,staging,C4,A_agv,10,33.91687323134417,860,567.5504517943679,24.420148726567554,21.174543982702215,1007
2,picking,C4,A_agv,10,33.88163438909261,863,534.49780961458,24.394776760146403,21.204366492032918,1007
1,staging,C1,A_agv,10,22.64893717332844,3,28.856639672646633,16.307234764796476,10.523325457826571,1008
2,picking,C1,A_agv,10,16.525345754600547,3,0.3439442097661716,11.898248943312396,10.527275959249305,1008
1,staging,C2,A_agv,10,34.45380331913982,880,474.98434654847154,24.8067383897804,20.80152402844182,1008
2,picking,C2,A_agv,10,33.93947864286973,904,470.4398744571195,24.43642462286592,20.635817808166642,1008
1,staging,C3,A_agv,10,31.232563939787887,200,365.694272218719,22.487446036647295,19.00315697122081,1008
2,picking,C3,A_agv,10,30.995449088842335,202,343.32644605016975,22.316723343966487,18.91276819872149,1008
1,staging,C4,A_agv,10,33.19677552951366,861,453.14010425609763,23.901678381249575,20.620704417454792,1008
2,picking,C4,A_agv,10,33.1974155312855,863,443.4215809144614,23.902139182525314,20.672081863598155,1008
1,staging,C1,A_agv,10,33.0900630375215,5,103.31505367639971,23.82484538701548,17.549661142105958,1009
2,picking,C1,A_agv,10,30.210456200390894,5,58.41022156693277,21.75152846428145,17.53978572557647,1009
1,staging,C2,A_agv,10,36.668442131216416,904,623.6825963012495,26.401278334475425,22.209378019284333,1009
2,picking,C2,A_agv,10,36.38093566342549,891,626.8949790787042,26.19427367766597,21.840541070619828,1009
1,staging,C3,A_agv,10,33.79750044674166,251,502.68907029322287,24.334200321653988,20.282339893565705,1009
2,picking,C3,A_agv,10,33.70505197146851,252,507.3707957093867,24.267637419457333,20.595718085227862,1009
1,staging,C4,A_agv,10,35.338602543819036,865,585.7810440420144,25.44379383154934,22.097677239789835,1009
2,picking,C4,A_agv,10,35.41237299229953,862,620.8363941881947,25.496908554455327,21.79271407233664,1009
1,staging,C1,A_agv,10,17.62522456171451,3,0.0,12.69016168443445,10.528502969883425,1010
2,picking,C1,A_agv,10,22.637444003064054,4,0.0,16.298959682206117,14.031094976483711,1010
1,staging,C2,A_agv,10,33.796461144277245,944,446.489723305708,24.333452023879314,20.465929456366382,1010
2,picking,C2,A_agv,10,34.33878073771047,916,423.2796359853198,24.723922131151244,20.868030863833912,1010
1,staging,C3,A_agv,10,30.441577944508612,190,307.4040024546278,21.91793612004619,18.587130855590303,1010
2,picking,C3,A_agv,10,30.71316800797478,193,314.0442645774219,22.11348096574184,18.802848100823493,1010
1,staging,C4,A_agv,10,32.69721480839063,902,415.45104198197146,23.541994662041017,20.32922469124725,1010
2,picking,C4,A_agv,10,33.46474793426318,894,421.32557042133396,24.094618512669197,20.867846740064216,1010
1,staging,C1,A_agv,10,21.78392312549341,4,0.0,15.684424650355256,14.039672729305046,1011
2,picking,C1,A_agv,10,24.6235013370888,4,0.0,17.72892096270394,14.038374372412978,1011
1,staging,C2,A_agv,10,34.26523096715565,879,527.2737855958857,24.670966296351736,20.848353171887755,1011
2,picking,C2,A_agv,10,34.392012976272504,882,527.4729748103354,24.76224934291586,20.876122177071732,1011
1,staging,C3,A_agv,10,31.394556664021334,204,393.0582876023651,22.60408079809533,19.092563437293876,1011
2,picking,C3,A_agv,10,31.564606064987586,203,405.3584248086496,22.72651636679105,19.189650658326556,1011
1,staging,C4,A_agv,10,33.3874155088775,846,520.445446480451,24.038939166391486,20.68849896101835,1011
2,picking,C4,A_agv,10,33.4405928642467,857,522.2162461637959,24.077226862257334,20.88375416571899,1011
1,staging,C1,A_agv,10,21.68779229106999,4,0.0,15.615210449570393,14.053689404613353,1012
2,picking,C1,A_agv,10,16.249317560929867,3,0.0,11.699508643869503,10.529557779482552,1012
1,staging,C2,A_agv,10,33.20465357461635,881,462.2047206493197,23.90735057372351,19.986856881685334,1012
2,picking,C2,A_agv,10,33.30697111506143,888,498.8038842528832,23.98101920284393,20.095787840637282,1012
1,staging,C3,A_agv,10,30.106295747328428,189,361.3258905600944,21.676532938076466,18.333939468106017,1012
2,picking,C3,A_agv,10,30.141909406049322,187,354.5536294182815,21.702174772355516,18.328371920883754,1012
1,staging,C4,A_agv,10,32.24654415931906,852,458.0804876076954,23.217511794709484,19.973844859773227,1012
2,picking,C4,A_agv,10,32.10227922059105,847,458.9204172090477,23.113641038825335,19.942855418105022,1012
1,staging,C1,A_agv,10,32.22776752136126,6,281.25534145518225,23.20399261538011,21.07152158370101,1013
2,picking,C1,A_agv,10,24.295514083131323,4,105.58311162966372,17.49277013985455,14.046375373398323,1013
1,staging,C2,A_agv,10,34.55037570650295,927,516.7079875217378,24.8762705086818,20.884053174038918,1013
2,picking,C2,A_agv,10,34.78246880189892,927,492.2327879911345,25.043377537366872,21.253288227504342,1013
1,staging,C3,A_agv,10,31.973818669484857,254,415.9063901360843,23.021149442029103,19.464121175781607,1013
2,picking,C3,A_agv,10,31.789420963706494,253,408.7145679909165,22.88838309386869,19.41427721501989,1013
1,staging,C4,A_agv,10,33.93252415756985,900,497.3618108280797,24.431417393449994,21.11143743928174,1013
2,picking,C4,A_agv,10,33.614491639142685,895,473.93265162531833,24.202433980182423,20.899709517817143,1013
1,staging,C1,A_agv,10,22.04992185248523,4,86.62665072902577,15.875943733789368,14.02741559552964,1014
2,picking,C1,A_agv,10,16.093565647746257,3,67.44084116301771,11.587367266377305,10.513479827040735,1014
1,staging,C2,A_agv,10,32.69208103263057,900,439.9270696397446,23.538298343493757,19.881033178540132,1014
2,picking,C2,A_agv,10,32.76938914238369,898,470.1035331161654,23.593960182516014,19.808163990322353,1014
1,staging,C3,A_agv,10,29.645312705639736,213,358.3506500813013,21.344625148060583,18.37147118181833,1014
2,picking,C3,A_agv,10,29.13557407967689,210,367.93156505218866,20.97761333736735,17.562059320377955,1014
1,staging,C4,A_agv,10,31.589131546496592,858,415.83300405090796,22.74417471347733,19.85107932604407,1014
2,picking,C4,A_agv,10,31.607212448071277,872,460.6338603438644,22.757192962611114,19.67859006504072,1014
1,staging,C1,A_agv,10,37.95204910252922,6,93.69110998176014,27.325475353821037,21.05236907447196,1015
2,picking,C1,A_agv,10,29.416027742916757,4,60.70782597747845,21.179539974900067,14.034872103698241,1015
1,staging,C2,A_agv,10,36.036044151608785,892,612.1536305670357,25.945951789157945,21.75187346081865,1015
2,picking,C2,A_agv,10,36.24698132420006,900,611.2029124938521,26.097826553423666,22.020589939573274,1015
1,staging,C3,A_agv,10,32.851951850578985,226,466.3318744326592,23.653405332416828,19.993142389576946,1015
2,picking,C3,A_agv,10,33.0300939896551,224,475.24593610501387,23.78166767255166,20.47385070393948,1015
1,staging,C4,A_agv,10,35.24561332287294,869,574.9390418716632,25.37684159246817,21.78347340048722,1015
2,picking,C4,A_agv,10,35.115206483280055,860,608.8876463277772,25.28294866796132,21.8542399999048,1015
1,staging,C1,A_agv,10,28.128003060545907,5,180.56838850374407,20.252162203593052,17.54552911406382,1016
2,picking,C1,A_agv,10,21.961246724723633,4,52.41351317174679,15.812097641801017,14.049494270247658,1016
1,staging,C2,A_agv,10,33.837720059658785,899,474.4617066335107,24.36315844295402,20.51275473065024,1016
2,picking,C2,A_agv,10,33.73374265321746,904,486.24516226546046,24.28829471031628,20.54204058294392,1016
1,staging,C3,A_agv,10,30.360055223348514,205,364.51096488726995,21.859239760810937,18.572386437104445,1016
2,picking,C3,A_agv,10,30.384300262940204,204,366.5674333340167,21.87669618931695,19.036047765379138,1016
1,staging,C4,A_agv,10,32.676361501649886,868,461.77646974668806,23.526980281187644,20.368567563093894,1016
2,picking,C4,A_agv,10,32.737160760444304,868,470.5616167978059,23.570755747519655,20.528838861611447,1016
1,staging,C1,A_agv,10,21.70838092253683,4,0.0,15.630034264226516,14.03347753410922,1017
2,picking,C1,A_agv,10,16.926904661186793,3,0.0,12.187371356054495,10.522217167533512,1017
1,staging,C2,A_agv,10,33.75571871265129,888,470.7274063820001,24.30411747310865,20.525601390727697,1017
2,picking,C2,A_agv,10,33.49113398323298,903,472.9756455895735,24.11361646792744,20.477421003104993,1017
1,staging,C3,A_agv,10,29.559847663058953,205,378.4111707963338,21.28309031740244,18.739806649066296,1017
2,picking,C3,A_agv,10,30.12313363287146,204,359.2219734000467,21.688656215667443,18.770194264810826,1017
1,staging,C4,A_agv,10,32.62272900918067,865,457.01338492578566,23.488364886609816,20.463322277440685,1017
2,picking,C4,A_agv,10,32.505266239153094,857,467.77024948926925,23.403791692189973,20.37803344972541,1017
1,staging,C1,A_agv,10,28.174996776647287,5,101.44596974702095,20.285997679186046,17.548404258539783,1018
2,picking,C1,A_agv,10,22.68091558482435,4,136.47252732565565,16.330259221073533,14.027821814948254,1018
1,staging,C2,A_agv,10,33.519458334173265,913,455.0605504892294,24.134010000604462,20.42242792075717,1018
2,picking,C2,A_agv,10,33.303599732770564,913,476.0782631968983,23.978591807594576,20.17769398776749,1018
1,staging,C3,A_agv,10,30.526668140492163,218,390.4159034295368,21.979201061154356,18.840338733990574,1018
2,picking,C3,A_agv,10,30.75551787781882,220,403.64327017898614,22.14397287202957,18.12280807555119,1018
1,staging,C4,A_agv,10,32.20895766847705,876,446.78433000351885,23.19044952130325,20.194256702917006,1018
2,picking,C4,A_agv,10,32.661053668604524,886,478.5000503071043,23.515958641395034,20.26897631671885,1018
1,staging,C1,A_agv,10,26.67028793010997,5,68.18191427264816,19.20260730967918,17.55198927191764,1019
2,picking,C1,A_agv,10,27.744328286442492,4,83.93188630506604,19.975916366238597,14.04015612099125,1019
1,staging,C2,A_agv,10,34.74953456863522,885,574.0557982859879,25.019664889417033,21.277756232559465,1019
2,picking,C2,A_agv,10,34.76196727218743,884,579.4903947382323,25.02861643597461,20.994400127438176,1019
1,staging,C3,A_agv,10,31.51447232853207,221,468.9480998755469,22.690420076543106,19.580493562177384,1019
2,picking,C3,A_agv,10,31.387167364094825,216,452.7871310361443,22.59876050214828,19.156987092084716,1019
1,staging,C4,A_agv,10,33.76914991694429,847,562.5257692576139,24.31378794019959,21.041538513052867,1019
2,picking,C4,A_agv,10,33.66748204339578,854,574.8583291540839,24.240587071244686,21.08517340250041,1019
1,staging,C1,A_agv,10,32.42278100528358,6,174.8472967021177,23.344402323804182,21.05243823910932,1020
2,picking,C1,A_agv,10,24.331636743207145,4,9.177531803639674,17.518778455109143,14.032915745769515,1020
1,staging,C2,A_agv,10,35.95895275537218,917,576.0227721706999,25.890445983867593,21.46044516569896,1020
2,picking,C2,A_agv,10,35.87993524443977,914,570.9150328017453,25.83355337599625,21.87246437473493,1020
1,staging,C3,A_agv,10,33.1971721824131,239,471.86818756784163,23.9019639713374,19.78333869879726,1020
2,picking,C3,A_agv,10,33.08114999023366,238,466.0077751070218,23.81842799296823,20.184487508303828,1020
1,staging,C4,A_agv,10,35.10554467666787,881,552.9817315926315,25.27599216720051,21.649792300375424,1020
2,picking,C4,A_agv,10,34.751306794881366,885,560.4735147347975,25.020940892314243,21.527867240058544,1020
1,staging,C1,A_agv,10,24.225905883219983,4,8.748933435670308,17.44265223591839,14.044568755092152,1021
2,picking,C1,A_agv,10,16.520613419883183,3,0.0,11.894841662315894,10.524052576697226,1021
1,staging,C2,A_agv,10,33.801504503736254,882,502.0767904698033,24.337083242689776,20.521334924629837,1021
2,picking,C2,A_agv,10,33.611730911731605,885,532.0338882638831,24.20044625644646,20.371757398104073,1021
1,staging,C3,A_agv,10,30.697410000162506,193,372.9250232150619,22.102135200117022,18.64145520560352,1021
2,picking,C3,A_agv,10,31.022825335767656,193,373.6305699780458,22.336434241752727,18.87149001311976,1021
1,staging,C4,A_agv,10,32.62274464246089,858,509.3345980762991,23.488376142571557,20.373501796919648,1021
2,picking,C4,A_agv,10,32.98020058059048,850,492.5515009416251,23.745744418024866,20.391257192480992,1021
1,staging,C1,A_agv,10,17.272665342835005,3,0.0,12.436319046841202,10.522349269522694,1022
2,picking,C1,A_agv,10,18.011604463932066,3,0.0,12.968355214031085,10.536921522586862,1022
1,staging,C2,A_agv,10,33.73459308417605,883,475.4996305997048,24.288907020606466,20.273539910931305,1022
2,picking,C2,A_agv,10,33.305359849633504,882,485.96048123812477,23.979859091735808,20.106486929796496,1022
1,staging,C3,A_agv,10,30.324713526078412,202,349.87816633732774,21.833793738776446,18.305629839511514,1022
2,picking,C3,A_agv,10,30.71738378540985,203,358.03090144125395,22.11651632549509,18.63180370240692,1022
1,staging,C4,A_agv,10,32.50003228276828,847,460.5322691887074,23.40002324359292,19.94387027239624,1022
2,picking,C4,A_agv,10,32.57185777429296,855,485.3396050189976,23.451737597490688,20.30140656833164,1022
1,staging,C1,A_agv,10,13.166870624766213,2,0.0,9.480146849831673,7.020271657685574,1023
2,picking,C1,A_agv,10,11.851095604865101,2,39.38060145415463,8.532788835502874,7.0101614062145,1023
1,staging,C2,A_agv,10,32.68447637593961,870,446.74465095193943,23.532822990676276,19.60380964365348,1023
2,picking,C2,A_agv,10,32.64948226428924,867,441.569651157951,23.507627230287998,19.80414306690037,1023
1,staging,C3,A_agv,10,29.18966246647241,192,313.0362671335348,21.016556975860116,17.884400947401748,1023
2,picking,C3,A_agv,10,30.341386353590234,192,316.91692039158113,21.84579817458496,18.270673594148782,1023
1,staging,C4,A_agv,10,31.485028291967577,827,422.6577296508725,22.66922037021642,19.586939289989758,1023
2,picking,C4,A_agv,10,31.40374273300926,834,430.29990480517426,22.610694767766507,19.64437453167527,1023
1,staging,C1,A_agv,10,23.735765687315705,4,38.76175808547996,17.08975129486731,14.024020363825352,1024
2,picking,C1,A_agv,10,18.777182167604735,3,48.565556377120814,13.519571160675408,10.53334329886578,1024
1,staging,C2,A_agv,10,33.246364198712755,876,517.1785355946146,23.93738222307291,20.11430540487691,1024
2,picking,C2,A_agv,10,34.07853760680087,860,490.58319783751887,24.536547076896312,20.347894781741843,1024
1,staging,C3,A_agv,10,30.315931486884146,184,368.7313067975121,21.82747067055658,18.321933735338906,1024
2,picking,C3,A_agv,10,30.811288592737846,184,384.7807030265161,22.184127786771267,18.63043311794702,1024
1,staging,C4,A_agv,10,32.31590166797796,842,514.0978979013112,23.267449200943933,20.00952044912831,1024
2,picking,C4,A_agv,10,33.16173648304973,834,489.24562086701593,23.87645026779548,20.324346404157176,1024
1,staging,C1,A_agv,10,22.066594038038286,4,51.52387771066933,15.887947707387568,14.035362177856975,1025
2,picking,C1,A_agv,10,23.46789075784777,4,72.24825555198525,16.896881345650396,14.032626092743198,1025
1,staging,C2,A_agv,10,34.168047643293185,903,489.89758032435196,24.60099430317078,20.852174123715518,1025
2,picking,C2,A_agv,10,34.48961410626454,895,481.30358875190007,24.832522156510137,20.82693154102316,1025
1,staging,C3,A_agv,10,31.20690823261778,200,357.2410949698208,22.468973927484818,18.98786927175705,1025
2,picking,C3,A_agv,10,31.296367904254307,199,347.11148830982336,22.533384891063108,19.006362695560593,1025
1,staging,C4,A_agv,10,33.52439104659716,876,491.4771488509233,24.13756155354967,20.801494941700234,1025
2,picking,C4,A_agv,10,33.54776450559916,870,466.4845482881034,24.154390444031105,20.766388500816294,1025
1,staging,C1,A_agv,10,27.806997127725353,5,43.696098513039274,20.021037931962255,17.531717065706623,1026
2,picking,C1,A_agv,10,26.511783238361815,5,54.430566029662806,19.0884839316205,17.549075275123077,1026
1,staging,C2,A_agv,10,36.52545199154056,921,616.3966885121789,26.29832543390879,22.099072902149324,1026
2,picking,C2,A_agv,10,36.86686112372441,918,644.711869832173,26.544140009081165,22.206191660902096,1026
1,staging,C3,A_agv,10,33.602543932047034,252,519.0688960296274,24.19383163107387,20.387261459146558,1026
2,picking,C3,A_agv,10,33.69264441949197,253,509.7740651679498,24.258703982034174,20.480403600790996,1026
1,staging,C4,A_agv,10,35.579169074916614,896,647.7084052075153,25.617001733939617,22.00745867218269,1026
2,picking,C4,A_agv,10,35.89040764401987,883,585.4101743163714,25.84109350369393,22.169472557535475,1026
1,staging,C1,A_agv,10,18.340339432734694,3,17.95903254249509,13.205044391568983,10.52871704339245,1027
2,picking,C1,A_agv,10,21.356835965263514,4,62.56637904076051,15.37692189498973,14.023932006616487,1027
1,staging,C2,A_agv,10,35.485329516618464,891,605.4916021227756,25.549437251964942,20.85342874138592,1027
2,picking,C2,A_agv,10,35.269810663226515,887,565.5256516300034,25.394263677522737,21.279921966225572,1027
1,staging,C3,A_agv,10,32.19597175299178,202,412.85979466645716,23.181099662154082,19.296096501450197,1027
2,picking,C3,A_agv,10,32.06514729641575,204,422.42367990894707,23.086906053419327,19.4900042061618,1027
1,staging,C4,A_agv,10,33.97699438823176,858,558.9603070054512,24.463435959526564,20.85463841039322,1027
2,picking,C4,A_agv,10,34.192286527686036,846,540.3497341595372,24.618446299933645,21.120434519440582,1027
1,staging,C1,A_agv,10,16.934463204484093,3,6.366330955297599,12.192813507228548,10.527561237943992,1028
2,picking,C1,A_agv,10,15.666525806541426,3,0.0,11.279898580709826,10.521099925066258,1028
1,staging,C2,A_agv,10,32.34217505507674,856,453.5249799338497,23.286366039655004,19.71110465878728,1028
2,picking,C2,A_agv,10,32.1458593156527,863,463.019265379473,23.145018707269706,19.59972256359533,1028
1,staging,C3,A_agv,10,29.422042532878972,192,357.2184726137977,21.183870623672885,18.068025372854898,1028
2,picking,C3,A_agv,10,29.48641329496712,191,350.13533916410717,21.230217572376354,17.831718516194854,1028
1,staging,C4,A_agv,10,31.172850323935492,839,454.39585232464157,22.44445223323336,19.369567607201773,1028
2,picking,C4,A_agv,10,31.700850832275762,827,445.36605059069296,22.824612599238318,19.813815170736444,1028
1,staging,C1,A_agv,10,33.14607004522402,5,76.13563373877817,23.8651704325613,17.547169820635887,1029
2,picking,C1,A_agv,10,28.04134443547874,5,66.23552167388479,20.189767993544695,17.5426424468008,1029
1,staging,C2,A_agv,10,35.559745113605736,921,561.2604588647943,25.60301648179577,21.25196413653815,1029
2,picking,C2,A_agv,10,35.88235049390457,917,541.3158735391182,25.835292355610925,21.80754376661961,1029
1,staging,C3,A_agv,10,32.163961803264016,229,424.95013303881467,23.15805249835008,19.75912819910455,1029
2,picking,C3,A_agv,10,32.71132255865192,233,458.8790218664463,23.55215224222938,19.913489623887713,1029
1,staging,C4,A_agv,10,34.65047226824623,887,550.0997981129351,24.948340033136997,21.263565536902743,1029
2,picking,C4,A_agv,10,34.58059990965269,879,534.6948567673578,24.898031934949614,21.627080063866853,1029
1,staging,C1,A_agv,10,23.038566159333875,4,80.55355682768132,16.587767634720393,14.020295653514156,1030
2,picking,C1,A_agv,10,22.274164972095832,4,15.354311799724504,16.037398779908997,14.03043970279123,1030
1,staging,C2,A_agv,10,35.17802804837446,884,584.1217708979711,25.328180194829272,21.49620208752983,1030
2,picking,C2,A_agv,10,35.262379274035084,884,562.3078687735295,25.388913077304935,21.416416890606595,1030
1,staging,C3,A_agv,10,31.695496987455645,213,448.2283996754334,22.82075783096803,19.69121728636024,1030
2,picking,C3,A_agv,10,32.46795146378181,213,439.65061863968396,23.37692505392287,19.79534613622116,1030
1,staging,C4,A_agv,10,34.26535754618017,849,560.5664211800356,24.671057433249416,21.405868245266777,1030
2,picking,C4,A_agv,10,34.394942398918786,860,579.6837477268386,24.764358527221244,21.380556288425282,1030
1,staging,C1,A_agv,10,17.93734433248542,3,0.0,12.9148879193895,10.532725369019994,1031
2,picking,C1,A_agv,10,12.234412082232705,2,0.0,8.808776699207547,7.017477409764267,1031
1,staging,C2,A_agv,10,33.30537055193924,860,538.979007526205,23.979866797395953,19.994312300397077,1031
2,picking,C2,A_agv,10,33.494935870164674,866,496.24776873154286,24.11635382651828,20.33758803556263,1031
1,staging,C3,A_agv,10,30.566716788151822,201,367.35651552393205,22.00803608746931,18.228113969041758,1031
2,picking,C3,A_agv,10,30.863251682172933,201,374.647832654743,22.221541211164496,18.650091922474015,1031
1,staging,C4,A_agv,10,32.159933673793034,847,513.504353239843,23.155152245130754,19.829014395170173,1031
2,picking,C4,A_agv,10,32.864804101925756,825,476.6362420144343,23.662658953386288,20.387385940789585,1031
1,staging,C1,A_agv,10,28.6866098751919,4,72.51385760186336,20.654359110138166,14.032304921939042,1032
2,picking,C1,A_agv,10,27.667926163157468,4,71.85475575248032,19.920906837473378,14.036861399478898,1032
1,staging,C2,A_agv,10,34.418667745597006,928,459.6512409248098,24.781440776829513,20.767695541767523,1032
2,picking,C2,A_agv,10,34.63558360997826,919,461.33051297389994,24.93762019918408,20.89831774642016,1032
1,staging,C3,A_agv,10,30.896835728535937,186,304.21092515947856,22.245721724545856,19.01861700772452,1032
2,picking,C3,A_agv,10,30.63868044459038,186,311.8528234563784,22.059849920105073,18.72561850268589,1032
1,staging,C4,A_agv,10,33.27140752240105,883,432.5423127102028,23.955413416128515,20.7208803116927,1032
2,picking,C4,A_agv,10,33.10119283661353,883,436.2792441039272,23.83285884236149,20.757799643161736,1032
1,staging,C1,A_agv,10,18.26476821044524,3,0.0,13.150633111520573,10.522520587111797,1033
2,picking,C1,A_agv,10,17.66290621539178,3,21.644750694464406,12.71729247508208,10.534658462285108,1033
1,staging,C2,A_agv,10,32.15280661117137,870,391.08194117688305,23.15002076004316,19.44197542765574,1033
2,picking,C2,A_agv,10,32.10088711886201,871,409.0218177492243,23.112638725580453,19.438528094501862,1033
1,staging,C3,A_agv,10,29.479999172619113,188,289.0368957943685,21.22559940428577,17.93389478894666,1033
2,picking,C3,A_agv,10,28.879627124245566,184,273.6353357732109,20.793331529456808,17.47962487477751,1033
1,staging,C4,A_agv,10,31.371414533110208,827,375.4743302056611,22.587418463839196,19.387369338942815,1033
2,picking,C4,A_agv,10,31.131165986884803,857,411.1092796783734,22.41443951055687,19.37121751654817,1033
1,staging,C1,A_agv,10,21.371074328792915,4,110.21329375341496,15.3871735167309,14.03293084425956,1034
2,picking,C1,A_agv,10,17.579917543141903,3,42.72629096495293,12.657540631062172,10.526016085973671,1034
1,staging,C2,A_agv,10,34.59485759555708,881,532.2935376681274,24.908297468800786,20.807490894461584,1034
2,picking,C2,A_agv,10,34.61654515754014,880,513.66891560625,24.923912513428583,20.80983137745627,1034
1,staging,C3,A_agv,10,32.62525382933866,203,363.56891243451065,23.49018275712381,19.459828047222622,1034
2,picking,C3,A_agv,10,30.672720178582864,201,375.5566995644597,22.084358528579653,18.743861996877165,1034
1,staging,C4,A_agv,10,33.54976229299682,849,551.3972150244907,24.155828850957437,20.571220757215023,1034
2,picking,C4,A_agv,10,33.684473331788844,846,478.53760512794184,24.252820798887683,20.904934848036252,1034
1,staging,C1,A_agv,10,17.590960486248182,3,0.0,12.665491550098691,10.53205128154665,1035
2,picking,C1,A_agv,10,16.91782471022732,3,0.0,12.180833791363671,10.516304266207229,1035
1,staging,C2,A_agv,10,33.63730432303648,882,488.0496294735455,24.21885911258597,20.454736443622526,1035
2,picking,C2,A_agv,10,33.49250973950767,889,488.74352120063963,24.114607012445244,20.225048362962227,1035
1,staging,C3,A_agv,10,30.837339209921737,185,360.2098631614742,22.202884231143656,18.559751331857314,1035
2,picking,C3,A_agv,10,30.612718396821258,185,366.75663802979193,22.041157245711307,18.61645014139461,1035
1,staging,C4,A_agv,10,32.58805747352124,850,472.0498150487776,23.463401380935036,20.25171685222662,1035
2,picking,C4,A_agv,10,32.525824431008346,855,481.0036313698417,23.418593590325763,20.272817954358196,1035
1,staging,C1,A_agv,10,22.010503682758024,4,0.34896420692991037,15.847562651585775,14.038468591760095,1036
2,picking,C1,A_agv,10,17.645197152107265,3,0.0,12.704541949517232,10.525663809462152,1036
1,staging,C2,A_agv,10,34.250765511781715,882,511.92683340362066,24.66055116848255,20.57966975847465,1036
2,picking,C2,A_agv,10,34.22423077328875,865,501.72692873964183,24.641446156767604,20.603032130866836,1036
1,staging,C3,A_agv,10,30.735723314866153,206,376.6316767886456,22.129720786703626,18.765638655116184,1036
2,picking,C3,A_agv,10,31.57864343057586,207,371.96318924368063,22.736623270014633,19.144674345336917,1036
1,staging,C4,A_agv,10,33.25310786646509,836,490.70622880919746,23.942237663854616,20.55156687884032,1036
2,picking,C4,A_agv,10,32.91484167845086,835,495.8247898764304,23.69868600848438,20.452357232723486,1036
1,staging,C1,A_agv,10,33.48955489345837,5,353.67233379098735,24.112479523290027,17.540654063469386,1037
2,picking,C1,A_agv,10,27.918573399016456,5,407.03060669191984,20.10137284729185,17.549167900773117,1037
1,staging,C2,A_agv,10,34.03426035813419,902,500.16456563601133,24.50466745785634,20.543157735382376,1037
2,picking,C2,A_agv,10,34.17057531413359,908,526.2309771719399,24.602814226175894,20.681192006637364,1037
1,staging,C3,A_agv,10,30.83934823662306,216,413.34141056995395,22.204330730368593,18.90892747116124,1037
2,picking,C3,A_agv,10,30.385003383878306,215,417.10449670232356,21.877202436392377,18.940508723332258,1037
1,staging,C4,A_agv,10,33.235863672515435,867,475.7389841027177,23.929821844210863,20.681958514320524,1037
2,picking,C4,A_agv,10,32.83871413774136,879,522.3132649237735,23.64387417917352,20.403363449921525,1037
1,staging,C1,A_agv,10,21.31928594261769,4,21.647890783634647,15.349885878684738,14.042158368829984,1038
2,picking,C1,A_agv,10,15.676850090660835,3,0.0,11.2873320652758,10.527791382932772,1038
1,staging,C2,A_agv,10,33.821510845901756,887,455.6765180100499,24.351487809048937,20.695953204166234,1038
2,picking,C2,A_agv,10,33.64345135256988,899,503.97045745325903,24.22328497385003,20.543338597004684,1038
1,staging,C3,A_agv,10,30.05512509060863,198,344.3293298844822,21.63969006523822,18.874789899573944,1038
2,picking,C3,A_agv,10,30.81853460177158,196,373.0641814038737,22.189344913275537,18.80733205758156,1038
1,staging,C4,A_agv,10,32.92046439252351,858,454.01195330671214,23.70273436261662,20.598782520981857,1038
2,picking,C4,A_agv,10,32.61552827520294,867,479.69604413027906,23.483180358145876,20.481870391300244,1038
1,staging,C1,A_agv,10,27.570904582437656,5,293.850950389222,19.851051299355117,17.54638378931571,1039
2,picking,C1,A_agv,10,22.65227884971176,3,64.72505430645057,16.30964077179247,10.52531533612695,1039
1,staging,C2,A_agv,10,32.77910935562151,906,417.10898301117425,23.600958736047257,19.755614682218013,1039
2,picking,C2,A_agv,10,32.87574307792793,922,412.2606326622525,23.670535016107838,19.630970606060597,1039
1,staging,C3,A_agv,10,30.312138255801514,194,343.57765454139917,21.8247395441771,18.328657620889185,1039
2,picking,C3,A_agv,10,29.580025345453954,192,337.1303704206399,21.297618248726856,17.609707455164937,1039
1,staging,C4,A_agv,10,31.71268682972994,874,387.79111576359327,22.83313451740534,19.62748654281823,1039
2,picking,C4,A_agv,10,31.882572208770547,887,395.9377150253714,22.955451990314582,19.599570967682656,1039
1,staging,C1,A_agv,10,17.290347114222087,3,0.0,12.449049922239903,10.531559941720811,1040
2,picking,C1,A_agv,10,16.59322862608094,3,37.44887280115751,11.947124610778278,10.532871174459931,1040
1,staging,C2,A_agv,10,33.05184077332805,920,430.7403182911574,23.79732535679596,19.85215247843235,1040
2,picking,C2,A_agv,10,32.98962497445775,911,428.840396523504,23.752529981609367,20.003039000071357,1040
1,staging,C3,A_agv,10,29.593169658825857,204,344.55496049411306,21.307082154354607,17.937350171992037,1040
2,picking,C3,A_agv,10,30.181313590233998,208,344.1005998476254,21.73054578496848,18.401785750956574,1040
1,staging,C4,A_agv,10,31.66235879257893,873,398.13877059922254,22.79689833065665,19.55815615169798,1040
2,picking,C4,A_agv,10,32.11676200979911,885,427.16316574340635,23.124068647055168,20.140896437916908,1040
1,staging,C1,A_agv,10,23.018821084666257,3,0.0,16.573551180959704,10.529324283790627,1041
2,picking,C1,A_agv,10,16.645628096657212,3,8.102465870496477,11.984852229593194,10.525032132906952,1041
1,staging,C2,A_agv,10,33.11552010740747,909,415.0941681539491,23.843174477333125,19.861248878182018,1041
2,picking,C2,A_agv,10,33.19360990198679,925,436.43427604817356,23.899399129430222,20.089918068947554,1041
1,staging,C3,A_agv,10,29.77831980470942,208,298.8728536506289,21.440390259390778,18.50800702688127,1041
2,picking,C3,A_agv,10,29.791194987677354,210,307.6330505855816,21.44966039112767,18.017812153330986,1041
1,staging,C4,A_agv,10,32.14024981569183,884,393.2331996662997,23.140979867297894,19.94967706550936,1041
2,picking,C4,A_agv,10,32.167790994400846,888,432.89102498265044,23.160809515968385,19.86887877050916,1041
1,staging,C1,A_agv,10,27.133013513320588,5,60.325758578090365,19.53576972959082,17.54722838335608,1042
2,picking,C1,A_agv,10,21.596358147009386,4,36.93337997286799,15.549377865846758,14.036881486203981,1042
1,staging,C2,A_agv,10,34.669576062472004,873,569.5419566692686,24.962094764979543,20.907509870533048,1042
2,picking,C2,A_agv,10,34.5295547460421,865,540.8644674535814,24.86127941714997,20.937500406997824,1042
1,staging,C3,A_agv,10,31.529492392264597,219,472.4422584970427,22.70123452243051,18.953281415532953,1042
2,picking,C3,A_agv,10,31.81774762771615,216,444.1222303701632,22.908778291955628,19.44561139602573,1042
1,staging,C4,A_agv,10,33.21192096889395,834,561.7797361826605,23.912583097603353,20.6039879598723,1042
2,picking,C4,A_agv,10,33.96108057594526,842,525.5688874023143,24.451978014680304,21.108411206547533,1042
1,staging,C1,A_agv,10,22.575454643363333,4,42.80525623756245,16.2543273432216,14.04323184893379,1043
2,picking,C1,A_agv,10,22.98905165480812,4,10.049521309692985,16.552117191461846,14.030310702845508,1043
1,staging,C2,A_agv,10,35.13639364508753,888,572.9327873543128,25.29820342446265,21.212809672494455,1043
2,picking,C2,A_agv,10,34.96209759432215,900,576.69036214652,25.17271026791162,20.990678325933565,1043
1,staging,C3,A_agv,10,31.834517410443112,214,437.0954108066892,22.920852535519025,19.497134995300115,1043
2,picking,C3,A_agv,10,31.776651744927214,213,456.9326827817104,22.879189256347573,19.462853003128433,1043
1,staging,C4,A_agv,10,33.95840022829898,864,557.6020480491421,24.45004816437497,20.952280898850056,1043
2,picking,C4,A_agv,10,34.08449121291372,863,554.1148962114379,24.54083367329757,21.12073487735581,1043
1,staging,C1,A_agv,10,16.18083988074501,3,0.0,11.650204714136404,10.527616803887085,1044
2,picking,C1,A_agv,10,16.91958143755967,3,73.71776556244124,12.182098635042966,10.517682630634411,1044
1,staging,C2,A_agv,10,34.44512894515253,906,462.2735195174939,24.800492840509534,20.65990061798282,1044
2,picking,C2,A_agv,10,34.00959365268875,902,457.1548258734238,24.486907429935588,20.221646904359506,1044
1,staging,C3,A_agv,10,30.893076426016343,196,337.8771156803947,22.243015026731776,18.81562351972365,1044
2,picking,C3,A_agv,10,31.14723320559638,195,337.0767713497878,22.42600790802939,18.52559947161621,1044
1,staging,C4,A_agv,10,32.75521335055055,866,429.8626106051609,23.58375361239616,20.234362621584335,1044
2,picking,C4,A_agv,10,33.34969993208148,865,432.99897207294515,24.011783951098387,20.466268234091405,1044
1,staging,C1,A_agv,10,28.16528021177899,5,0.0,20.279001752480873,17.54236320793701,1045
2,picking,C1,A_agv,10,27.362852504728824,5,81.47144618023837,19.701253803404754,17.55415271052546,1045
1,staging,C2,A_agv,10,34.98690565159344,940,505.3630410962707,25.190572069146985,21.357289200263185,1045
2,picking,C2,A_agv,10,35.20662846758364,925,479.6300804637855,25.348772496659844,21.501698940420976,1045
1,staging,C3,A_agv,10,32.13640847370816,210,377.583160939492,23.138214101069885,19.721385261764105,1045
2,picking,C3,A_agv,10,32.144156141091294,205,367.29491014903556,23.14379242158573,19.598889799496785,1045
1,staging,C4,A_agv,10,34.13982248826689,895,474.39898165191465,24.58067219155185,21.336121441136363,1045
2,picking,C4,A_agv,10,34.06275580554936,908,482.85278545480145,24.525184179995257,21.374033366214537,1045
1,staging,C1,A_agv,10,25.37074614116649,4,0.0,18.26693722163987,14.031262916054757,1046
2,picking,C1,A_agv,10,16.195280552629374,3,0.0,11.660601997893147,10.53706939804654,1046
1,staging,C2,A_agv,10,33.972230949579725,886,489.8021763031957,24.460006283697066,20.411491786563438,1046
2,picking,C2,A_agv,10,33.937142605701034,889,495.4749320344159,24.434742676104438,20.4418014809766,1046
1,staging,C3,A_agv,10,31.14289633996052,222,396.63121161375113,22.42288536477156,18.64714711337448,1046
2,picking,C3,A_agv,10,30.95269748392799,220,379.7260009897968,22.28594218842815,18.902201709721624,1046
1,staging,C4,A_agv,10,32.93514041265875,859,484.2128132320608,23.713301097114,20.30835276128721,1046
2,picking,C4,A_agv,10,33.128915807864686,857,476.8880478022781,23.852819381662282,20.418746061808438,1046
1,staging,C1,A_agv,10,27.406600196581937,5,28.85243813987084,19.732752141538995,17.53542238040281,1047
2,picking,C1,A_agv,10,23.87554121687334,4,12.874401060364713,17.190389676148808,14.04163258172455,1047
1,staging,C2,A_agv,10,34.86337841451703,924,521.9189303790005,25.101632458451967,21.080865068523234,1047
2,picking,C2,A_agv,10,34.866734241628286,921,498.2515242230129,25.104048653972043,21.339108103593325,1047
1,staging,C3,A_agv,10,31.66486100849182,228,376.6240778991112,22.7986999261141,19.420846965801257,1047
2,picking,C3,A_agv,10,31.611704579847107,230,422.5343979955985,22.76042729748992,19.58938604848012,1047
1,staging,C4,A_agv,10,33.78849556664752,878,470.59769297135995,24.327716807985954,21.04695839639078,1047
2,picking,C4,A_agv,10,33.877201254346545,895,525.2993637412858,24.391584903129225,21.21901477572587,1047
1,staging,C1,A_agv,10,27.072794597070388,5,65.11116764705693,19.49241210989068,17.545615165216876,1048
2,picking,C1,A_agv,10,25.6958934057761,4,28.904826985558127,18.501043252158794,14.046532990374008,1048
1,staging,C2,A_agv,10,35.38041982246856,873,599.7012674353217,25.473902272176982,21.522390591973835,1048
2,picking,C2,A_agv,10,35.28447691916606,871,582.2959236167737,25.404823381799208,21.257352863459076,1048
1,staging,C3,A_agv,10,31.880434112192567,218,470.84418521049133,22.953912560778654,19.886212585027717,1048
2,picking,C3,A_agv,10,32.75566162518001,212,444.39577740786973,23.584076370129605,19.61828087040571,1048
1,staging,C4,A_agv,10,34.47424182362831,841,571.9443002401605,24.82145411301203,21.57180441498938,1048
2,picking,C4,A_agv,10,34.28611600526481,845,551.6691575107784,24.68600352379034,21.06980015155471,1048
1,staging,C1,A_agv,10,28.194351506296865,5,184.73878445112592,20.299933084533745,17.545858922365372,1049
2,picking,C1,A_agv,10,29.490272670006934,4,79.65905343150443,21.232996322404997,14.04123288924433,1049
1,staging,C2,A_agv,10,33.7553364177997,900,467.7920915108678,24.303842220815525,20.33525310125226,1049
2,picking,C2,A_agv,10,33.27620436459753,902,481.917715969353,23.958867142509938,20.27981537253903,1049
1,staging,C3,A_agv,10,29.822531602671905,218,394.48411448147033,21.472222753923777,18.577240381668652,1049
2,picking,C3,A_agv,10,30.9767419583072,215,398.86489607473476,22.303254209981198,18.51550867368548,1049
1,staging,C4,A_agv,10,32.17591151195725,863,460.7364402613431,23.166656288608994,20.085670515493582,1049
2,picking,C4,A_agv,10,32.55223762883988,865,460.74844954980756,23.43761109276449,20.36898129163113,1049
1,staging,C1,A_agv,10,21.533076814890325,4,80.08743697869092,15.503815306721036,14.038482983695594,1050
2,picking,C1,A_agv,10,22.7280269898153,3,103.99149492741053,16.36417943266702,10.526848251056823,1050
1,staging,C2,A_agv,10,33.48100847596407,869,541.0669694975526,24.10632610269384,20.51440910817948,1050
2,picking,C2,A_agv,10,33.851298535800936,867,520.6762150284407,24.372934945776343,20.616141499850393,1050
1,staging,C3,A_agv,10,30.92175762859514,198,402.620450917718,22.263665492588483,18.828638012815585,1050
2,picking,C3,A_agv,10,31.100107450796994,197,400.93828418349966,22.392077364573826,18.835745928548143,1050
1,staging,C4,A_agv,10,32.5359274924729,834,502.70736198840183,23.425867794580228,20.407146621901067,1050
2,picking,C4,A_agv,10,32.8670664511375,838,530.5658363834723,23.664287844818716,20.586515097239985,1050
1,staging,C1,A_agv,10,21.366664053715713,4,6.756373469820998,15.383998118675311,14.030411721223937,1051
2,picking,C1,A_agv,10,22.995346808553236,4,73.23571678055778,16.556649702158328,14.034319171380451,1051
1,staging,C2,A_agv,10,35.03897063974707,914,525.9486963477067,25.228058860617573,21.110466305218534,1051
2,picking,C2,A_agv,10,34.91288561234352,915,522.6971373203577,25.137277640887035,21.087994419062436,1051
1,staging,C3,A_agv,10,31.931165048387456,210,404.2730510936239,22.990438834838972,19.361227303888835,1051
2,picking,C3,A_agv,10,31.864287844277563,212,415.17051900954436,22.942287247879843,19.30984991633813,1051
1,staging,C4,A_agv,10,33.80873700746683,875,497.41110107131004,24.342290645375858,21.062439827674314,1051
2,picking,C4,A_agv,10,33.820459950337224,877,508.08626260718296,24.350731164242507,20.96704867438452,1051
1,staging,C1,A_agv,10,24.67197622260658,4,2.295795855667408,17.76382288027674,14.026411572027962,1052
2,picking,C1,A_agv,10,22.93988171521851,4,28.277069630283343,16.51671483495733,14.016365099615527,1052
1,staging,C2,A_agv,10,36.20152194368707,908,555.1582115863414,26.065095799454326,21.615716815945003,1052
2,picking,C2,A_agv,10,35.67503234115058,903,587.4413061859821,25.686023285628057,21.627374972385095,1052
1,staging,C3,A_agv,10,32.886382190584776,230,454.6802762856679,23.678195177221042,19.824287920290185,1052
2,picking,C3,A_agv,10,33.23697589824276,227,448.69435726642126,23.93062264673478,20.11297147511258,1052
1,staging,C4,A_agv,10,35.070844619086365,873,543.1931094350937,25.251008125741855,21.529480339862996,1052
2,picking,C4,A_agv,10,34.93020490909191,877,576.8994160449179,25.149747534545842,21.569055892911617,1052
1,staging,C1,A_agv,10,16.61448564210661,3,0.0,11.962429662316762,10.541735032589,1053
2,picking,C1,A_agv,10,15.974963288058403,3,0.0,11.50197356740205,10.536704554819124,1053
1,staging,C2,A_agv,10,34.25822647059363,920,457.02597450175745,24.665923058827072,20.610573395235225,1053
2,picking,C2,A_agv,10,34.39338487835702,916,481.9312632213443,24.763237112416757,20.725510692198085,1053
1,staging,C3,A_agv,10,30.575212841536747,206,336.307865609257,22.01415324590643,18.90605200160658,1053
2,picking,C3,A_agv,10,30.03217603553766,206,353.8545778051796,21.623166745587127,18.602501803660974,1053
1,staging,C4,A_agv,10,33.26351612101569,892,456.3149011036046,23.94973160713102,20.906268152344513,1053
2,picking,C4,A_agv,10,33.345277602707895,879,441.74489483903176,24.008599873949386,20.288649268422212,1053
1,staging,C1,A_agv,10,21.58725909460083,4,6.146418907995152,15.542826548112599,14.030959424997226,1054
2,picking,C1,A_agv,10,16.58649792031897,3,0.0,11.942278502629655,10.523983444990908,1054
1,staging,C2,A_agv,10,34.912555386122314,915,544.0627230600602,25.137039878007737,21.011281754984903,1054
2,picking,C2,A_agv,10,35.07917233696447,912,501.5479743825021,25.257004082614085,21.130192350383204,1054
1,staging,C3,A_agv,10,31.762679813056653,227,434.6023976447739,22.869129465400782,19.1872622545526,1054
2,picking,C3,A_agv,10,32.04102743434398,227,416.26420841352393,23.069539752727675,19.479358139429568,1054
1,staging,C4,A_agv,10,33.57547242436839,877,494.9284269495708,24.17434014554496,20.609509240474573,1054
2,picking,C4,A_agv,10,34.172355713102725,883,478.39526804644686,24.604096113433638,21.38865930933804,1054
1,staging,C1,A_agv,10,29.538705745270565,5,137.91946107629278,21.26786813659481,17.548577511360357,1055
2,picking,C1,A_agv,10,26.50970795366576,5,44.95079043820272,19.08698972663935,17.547912633917274,1055
1,staging,C2,A_agv,10,36.13551806223789,895,625.195735585342,26.01757300481089,22.080815733983034,1055
2,picking,C2,A_agv,10,36.19272020167964,896,637.429969212996,26.058758545208946,21.730313300182964,1055
1,staging,C3,A_agv,10,33.13640349953851,224,526.7433777915788,23.858210519667743,20.241852364125346,1055
2,picking,C3,A_agv,10,33.42363082032685,221,510.09260113485067,24.065014190635313,20.31499945193766,1055
1,staging,C4,A_agv,10,34.925396655108315,865,620.7845260123966,25.146285591677604,21.77649353253928,1055
2,picking,C4,A_agv,10,35.27687774291441,860,618.9853698962626,25.39935197489805,21.89346883496014,1055
1,staging,C1,A_agv,10,21.57773876296731,4,30.29197741735188,15.535971909336464,14.024794624707361,1056
2,picking,C1,A_agv,10,21.509691027201118,4,0.0,15.486977539584803,14.023170481999,1056
1,staging,C2,A_agv,10,34.71926094988832,903,510.28727714602314,24.99786788391931,20.882424814794323,1056
2,picking,C2,A_agv,10,34.6186589339672,907,503.05142702911144,24.925434432456058,20.493813317843806,1056
1,staging,C3,A_agv,10,32.101797382079624,212,404.26777996692323,23.113294115097307,19.21373623335658,1056
2,picking,C3,A_agv,10,31.407743477564825,212,381.9097756626803,22.61357530384664,18.75406916359196,1056
1,staging,C4,A_agv,10,33.22947994581523,863,477.3308660356588,23.925225560986725,20.583645265706135,1056
2,picking,C4,A_agv,10,33.37306883256495,862,486.09044507720046,24.028609559446508,20.608648422487647,1056
1,staging,C1,B_pad,1,33.18421070447762,6,206.044925548164,23.892631707223888,21.059428249147395,1007
1,staging,C2,B_pad,1,56.36777193101295,1195,1217.7007019860357,40.58479579032943,34.60551158248112,1007
1,staging,C3,B_pad,1,54.30698828404235,881,1031.4456078595172,39.10103156451051,33.58659560506257,1007
1,staging,C4,B_pad,1,55.360322494671074,1161,1145.7915263522507,39.85943219616328,34.51353936025888,1007
1,staging,C1,B_pad,1,40.276506109216136,6,196.21113042764458,28.99908439863562,21.067292251298884,1008
1,staging,C2,B_pad,1,54.30787552438452,1169,1105.8779051230047,39.10167037755709,33.412375584632564,1008
1,staging,C3,B_pad,1,51.66863189585859,715,771.9688053587398,37.20141496501819,32.025408607546254,1008
1,staging,C4,B_pad,1,53.270478156198166,1139,1013.7685292061652,38.354744272462966,33.31826447352146,1008
1,staging,C1,B_pad,1,38.93872970091479,7,450.6937906297625,28.03588538465865,24.562062518167476,1009
1,staging,C2,B_pad,1,58.202384270345185,1139,1365.9096603189896,41.90571667464864,35.892256962612414,1009
1,staging,C3,B_pad,1,56.82217630846957,917,1224.7881659708983,40.91196694209812,35.10446180614107,1009
1,staging,C4,B_pad,1,57.70836589629285,1115,1329.8575824892114,41.550023445330986,35.82809029594573,1009
1,staging,C1,B_pad,1,33.26368622627545,6,179.32311077216897,23.94985408291833,21.056026463647218,1010
1,staging,C2,B_pad,1,55.079076433780195,1163,1171.4575956063456,39.65693503232183,33.910606773127746,1010
1,staging,C3,B_pad,1,52.91829226465317,858,948.8028549622161,38.10117043055024,32.80736686488277,1010
1,staging,C4,B_pad,1,54.36015063265326,1147,1115.437416202669,39.13930845551045,33.87449926610709,1010
1,staging,C1,B_pad,1,39.87606317787949,7,623.0887260934456,28.710765488073232,24.568795156477456,1011
1,staging,C2,B_pad,1,57.83330114516524,1190,1254.4528216828553,41.639976824519174,35.7501709002999,1011
1,staging,C3,B_pad,1,55.965032301831286,896,1092.4387084283183,40.29482325731855,34.79131196934809,1011
1,staging,C4,B_pad,1,57.333064046978,1174,1214.0068555449066,41.27980611382435,35.727066800241325,1011
1,staging,C1,B_pad,1,32.491695404909535,6,348.11434564951924,23.394020691534873,21.062703981319757,1012
1,staging,C2,B_pad,1,55.08354262676719,1104,1251.7204652627,39.66015069127264,33.66309287020893,1012
1,staging,C3,B_pad,1,52.508866102737805,745,1014.7248775524812,37.80638359397125,32.41199081552185,1012
1,staging,C4,B_pad,1,53.96934646709565,1075,1178.5221402005768,38.85792945630918,33.561116521340416,1012
1,staging,C1,B_pad,1,31.587552885776798,6,187.64285138843735,22.74303807775929,21.06552903105294,1013
1,staging,C2,B_pad,1,56.522200605245075,1114,1308.2743631670908,40.69598443577655,34.91840825527037,1013
1,staging,C3,B_pad,1,54.918470566123034,943,1171.7192913675046,39.54129880760857,34.08616200322521,1013
1,staging,C4,B_pad,1,55.90792842512789,1093,1247.6115211343142,40.25370846609223,34.86826952883191,1013
1,staging,C1,B_pad,1,27.063060020908104,5,412.8350374900851,19.485403215053836,17.536862893548452,1014
1,staging,C2,B_pad,1,53.78704681804164,1082,1204.8557051996042,38.72667370899022,32.8309139678259,1014
1,staging,C3,B_pad,1,51.9977976326213,789,1021.7601927379146,37.43841429548734,31.838772187674966,1014
1,staging,C4,B_pad,1,52.6908512916077,1059,1113.8620529346088,37.937412929957766,32.76246952338144,1014
1,staging,C1,B_pad,1,38.9497144788462,7,391.14963853640097,28.043794424769267,24.55683787921539,1015
1,staging,C2,B_pad,1,58.37736400724911,1141,1348.6895628450707,42.03170208521953,35.539431554073175,1015
1,staging,C3,B_pad,1,56.762050884352234,959,1219.2824836091374,40.86867663673357,34.82711565699336,1015
1,staging,C4,B_pad,1,57.620440004942466,1120,1298.784247431717,41.486716803558714,35.47740377629543,1015
1,staging,C1,B_pad,1,33.11610133695466,6,436.11164412763964,23.843592962607357,21.053615465906525,1016
1,staging,C2,B_pad,1,57.82631538392054,1172,1284.356581484647,41.634947076422904,35.31483156189115,1016
1,staging,C3,B_pad,1,56.38645058862416,942,1184.155035197042,40.598244423809355,34.409855568169554,1016
1,staging,C4,B_pad,1,57.24855607916175,1154,1235.6070943810416,41.21896037699662,35.246387117446695,1016
1,staging,C1,B_pad,1,32.484228473954566,6,180.45255847659257,23.38864450124729,21.053415356813314,1017
1,staging,C2,B_pad,1,53.27023176352318,1124,1126.8414834888852,38.35456686973682,32.74855742402581,1017
1,staging,C3,B_pad,1,50.79840570987608,722,865.184191624254,36.57485211111083,31.425575182440788,1017
1,staging,C4,B_pad,1,52.102747355593095,1102,1028.6148635710654,37.51397809602713,32.68900204723814,1017
1,staging,C1,B_pad,1,34.44078769566094,6,610.167311054473,24.797367140875874,21.046465357757345,1018
1,staging,C2,B_pad,1,54.3906375712905,1121,1262.6623004852506,39.16125905132939,33.538260793702555,1018
1,staging,C3,B_pad,1,52.713376798799075,900,1138.6329835829224,37.95363129513531,32.65586024226465,1018
1,staging,C4,B_pad,1,53.48524790167798,1095,1216.1785717006462,38.50937848920835,33.45912190481365,1018
1,staging,C1,B_pad,1,35.70493556647151,6,579.8502837772209,25.70755360785949,21.05576546533068,1019
1,staging,C2,B_pad,1,56.47472525680976,1186,1238.7501110222217,40.66180218490324,34.57360875753941,1019
1,staging,C3,B_pad,1,54.66492313177106,858,1036.7502351406254,39.35874465487515,33.460333493713094,1019
1,staging,C4,B_pad,1,55.070242662487466,1148,1153.296309000977,39.65057471699119,34.46843386585981,1019
1,staging,C1,B_pad,1,38.2378224192181,7,400.5244270676991,27.531232141837034,24.55368070895859,1020
1,staging,C2,B_pad,1,58.497164796285425,1071,1500.6904173625558,42.117958653325566,35.87474735781031,1020
1,staging,C3,B_pad,1,57.785090462114354,1009,1404.0899031241572,41.60526513272238,35.543008354309926,1020
1,staging,C4,B_pad,1,58.34931201798561,1060,1479.6450836073336,42.01150465294969,35.90166226024506,1020
1,staging,C1,B_pad,1,45.00427455270045,7,403.6314967662322,32.403077677944324,24.581177085109168,1021
1,staging,C2,B_pad,1,57.48309718105744,1155,1296.6015955408002,41.38782997036157,35.16584375177623,1021
1,staging,C3,B_pad,1,55.71790106647636,856,1096.3658997848115,40.11688876786296,34.118334450588854,1021
1,staging,C4,B_pad,1,56.605403914490694,1132,1248.055779805588,40.75589081843355,35.09739930733174,1021
1,staging,C1,B_pad,1,32.999232568825754,6,286.5588076380324,23.759447449554543,21.064517436880838,1022
1,staging,C2,B_pad,1,54.638334749512275,1214,1108.7432290013667,39.33960101964901,33.44115478781132,1022
1,staging,C3,B_pad,1,51.90002264555149,797,855.6048064629194,37.36801630479709,32.05337057017552,1022
1,staging,C4,B_pad,1,53.59950168609794,1188,1038.527513875583,38.59164121399072,33.31878307907511,1022
1,staging,C1,B_pad,1,26.951167885878384,5,349.5226160272359,19.404840877832434,17.549317905811524,1023
1,staging,C2,B_pad,1,51.943131079503644,1148,1077.9230464218067,37.399054377242614,31.682933571915427,1023
1,staging,C3,B_pad,1,49.70780335426248,693,925.0238514318225,35.78961841506901,30.446562072762088,1023
1,staging,C4,B_pad,1,50.57128734296631,1098,997.4312013559515,36.41132688693572,31.555206794700613,1023
1,staging,C1,B_pad,1,33.86563839925903,6,449.4615333679673,24.38325964746651,21.040059510537244,1024
1,staging,C2,B_pad,1,55.72371502445896,1127,1267.105343571359,40.121074817610754,33.614948399426474,1024
1,staging,C3,B_pad,1,53.16822510440441,742,1009.8535413669238,38.28112207517115,32.38351951917095,1024
1,staging,C4,B_pad,1,54.95532010590156,1103,1207.66778001056,39.56783047624942,33.54864284387091,1024
1,staging,C1,B_pad,1,32.87167752446116,6,423.5687779051688,23.667607817612037,21.04313658619913,1025
1,staging,C2,B_pad,1,56.33174087534354,1183,1205.919035570135,40.55885343024757,34.34613532393573,1025
1,staging,C3,B_pad,1,54.47233144282594,859,1013.3317668027762,39.2200786388347,33.28660849662619,1025
1,staging,C4,B_pad,1,55.62106402431194,1157,1154.3014682303926,40.04716609750481,34.3292765583225,1025
1,staging,C1,B_pad,1,38.25096380691893,7,373.301854749205,27.540693940981633,24.56586262047681,1026
1,staging,C2,B_pad,1,58.52087143503755,1130,1416.298678602541,42.13502743322709,35.86551315115312,1026
1,staging,C3,B_pad,1,57.68571815856427,1049,1335.8419901235188,41.533717074166276,35.404980873859046,1026
1,staging,C4,B_pad,1,58.4877055964635,1120,1390.0553774285445,42.111148029453766,36.09250215270624,1026
1,staging,C1,B_pad,1,32.469642716522294,6,219.26938108689197,23.378142755896057,21.043570755333935,1027
1,staging,C2,B_pad,1,57.04339945449903,1127,1380.9519871749098,41.07124760723952,34.37884802764241,1027
1,staging,C3,B_pad,1,55.41609667646086,889,1206.7937444870222,39.89958960705175,33.402429221744015,1027
1,staging,C4,B_pad,1,56.153195105974774,1100,1329.735114279488,40.43030047630204,34.3076262892129,1027
1,staging,C1,B_pad,1,29.499848887611353,5,214.24803631358165,21.239891199080176,17.53759063517485,1028
1,staging,C2,B_pad,1,53.79866954817957,1235,1029.2325378267067,38.73504207468951,32.89970174628625,1028
1,staging,C3,B_pad,1,50.96684335909916,712,860.7897638690861,36.69612721855138,31.37918739118639,1028
1,staging,C4,B_pad,1,52.81514829971812,1205,973.7782823025043,38.0269067757973,32.81842396850846,1028
1,staging,C1,B_pad,1,33.24729662250542,6,207.92832383787814,23.938053568203905,21.0560587095248,1029
1,staging,C2,B_pad,1,57.34654404648719,1079,1405.2259191543665,41.28951171347083,35.008269864789185,1029
1,staging,C3,B_pad,1,56.40335361418789,948,1276.8216858332578,40.61041460221523,34.372070708052476,1029
1,staging,C4,B_pad,1,56.40898515711142,1050,1318.367651532553,40.61446931312027,35.040668443034136,1029
1,staging,C1,B_pad,1,32.7869128879751,6,54.180180837217144,23.606577279342073,21.064598494957952,1030
1,staging,C2,B_pad,1,55.45316811759399,1195,1130.5235061278872,39.92628104466778,33.87495960606934,1030
1,staging,C3,B_pad,1,52.56460845964283,751,838.9135992789978,37.84651809094284,32.43052251605244,1030
1,staging,C4,B_pad,1,54.11393350309596,1158,1057.0231243404216,38.96203212222922,33.77015405051379,1030
1,staging,C1,B_pad,1,38.91238929547689,6,388.94087587920814,28.016920292743364,21.055634200492253,1031
1,staging,C2,B_pad,1,52.93719658680489,1183,1085.3917081833652,38.11478154249978,32.348939756047976,1031
1,staging,C3,B_pad,1,50.681951837946336,709,887.0747452908004,36.491005323321346,31.01114938992664,1031
1,staging,C4,B_pad,1,52.09664261450728,1154,1052.21473035998,37.50958268244545,32.27621753382576,1031
1,staging,C1,B_pad,1,33.03399184223683,6,242.9470940607932,23.78447412641052,21.04481935006357,1032
1,staging,C2,B_pad,1,54.57765851899994,1154,1125.0845177156036,39.29591413368003,33.3639784928837,1032
1,staging,C3,B_pad,1,52.37361930234542,803,933.5293754085511,37.70900589768871,32.19140733644584,1032
1,staging,C4,B_pad,1,53.30235172564333,1121,1018.1867343880173,38.37769324246334,33.260036678878976,1032
1,staging,C1,B_pad,1,29.10376368208039,5,494.65865706114784,20.954709851097885,17.54485199816454,1033
1,staging,C2,B_pad,1,52.17555019169252,1175,1022.7399312541877,37.566396138018746,31.567745148059995,1033
1,staging,C3,B_pad,1,49.549806916657786,678,733.3256926901792,35.67586097999359,30.107050168442132,1033
1,staging,C4,B_pad,1,50.9865745714811,1143,961.1616303409108,36.71033369146648,31.475772925837813,1033
1,staging,C1,B_pad,1,45.73906836306974,6,355.67887580133373,32.93212922141022,21.04360401786908,1034
1,staging,C2,B_pad,1,53.893391047098845,1167,1107.8127862445856,38.80324155391148,32.946592216211506,1034
1,staging,C3,B_pad,1,51.720755603581594,769,884.2181151199869,37.23894403457874,31.71190489390626,1034
1,staging,C4,B_pad,1,53.04290385716616,1139,1064.4120882012357,38.19089077715988,32.87144212234347,1034
1,staging,C1,B_pad,1,27.037546735373375,5,392.21146604892834,19.467033649468824,17.523345649905416,1035
1,staging,C2,B_pad,1,54.29490063627077,1202,1118.863504514418,39.092328458115034,33.32819083202012,1035
1,staging,C3,B_pad,1,51.782512390290705,784,900.7077864027344,37.283408921009254,32.031540271686815,1035
1,staging,C4,B_pad,1,53.26254985352353,1175,1041.7382514390986,38.349035894537,33.246913054242356,1035
1,staging,C1,B_pad,1,33.46292918130794,6,304.7699612489489,24.093309010541716,21.04493847883269,1036
1,staging,C2,B_pad,1,56.80946410687054,1165,1280.0399784187832,40.90281415694702,34.79927542875629,1036
1,staging,C3,B_pad,1,54.79961746250759,853,1104.7827906084378,39.45572457300546,33.79068532165092,1036
1,staging,C4,B_pad,1,55.79464492491177,1134,1220.6780442810598,40.172144345936694,34.69496373429059,1036
1,staging,C1,B_pad,1,32.4159223524499,6,549.6937248624316,23.33946409376393,21.05063231026546,1037
1,staging,C2,B_pad,1,56.535282541784106,1135,1305.2800787564272,40.705403430084694,34.76866300050169,1037
1,staging,C3,B_pad,1,55.05851271359208,890,1132.4918038885412,39.642129153786286,33.828109521956264,1037
1,staging,C4,B_pad,1,55.38852320469666,1100,1224.387157697328,39.8797367073817,34.6809685560572,1037
1,staging,C1,B_pad,1,34.25769559677324,6,455.61320256632877,24.665540829676733,21.064117079731542,1038
1,staging,C2,B_pad,1,57.73605725173976,1163,1351.075617322183,41.569961221252804,35.38164239383445,1038
1,staging,C3,B_pad,1,55.869607318718295,884,1131.8709891536753,40.22611726947723,34.422190247883144,1038
1,staging,C4,B_pad,1,56.990423652234256,1145,1289.3435619795969,41.03310502960887,35.277051992995204,1038
1,staging,C1,B_pad,1,34.942893625403556,6,490.0756112100435,25.15888341029056,21.049429836234385,1039
1,staging,C2,B_pad,1,54.80976872252011,1176,1160.865109391415,39.46303348021453,33.37411354253783,1039
1,staging,C3,B_pad,1,52.50068605408356,827,985.2035089942852,37.80049395894015,32.21703611586509,1039
1,staging,C4,B_pad,1,53.5389870547975,1154,1058.5980026348336,38.548070679454234,33.377985132572974,1039
1,staging,C1,B_pad,1,36.21717490021482,6,383.0663342075401,26.07636592815467,21.05070645182068,1040
1,staging,C2,B_pad,1,55.296258781619876,1186,1140.9968761829798,39.81330632276649,33.80375866713852,1040
1,staging,C3,B_pad,1,53.43458581886167,844,990.352853150575,38.4729017895804,32.62427763848728,1040
1,staging,C4,B_pad,1,54.19653343538642,1158,1077.649032947129,39.02150407347837,33.71606422269407,1040
1,staging,C1,B_pad,1,33.118906845274026,6,438.8938478024144,23.845612928597305,21.056754999720557,1041
1,staging,C2,B_pad,1,55.65915334904311,1140,1246.555172245637,40.07459041131122,33.76403239138817,1041
1,staging,C3,B_pad,1,53.83855053538571,891,1099.685846576805,38.763756385477684,32.9149648109218,1041
1,staging,C4,B_pad,1,54.77870941241905,1116,1207.861717252036,39.44067077694187,33.698775914468875,1041
1,staging,C1,B_pad,1,32.37522116139579,6,399.8544038640803,23.31015923620497,21.064103263419728,1042
1,staging,C2,B_pad,1,54.92709534274821,1154,1209.1593957938487,39.547508646778866,33.371646835346624,1042
1,staging,C3,B_pad,1,53.06602712669369,821,1025.4794918197063,38.20753953121941,32.32927046617863,1042
1,staging,C4,B_pad,1,53.97282473587354,1126,1142.3854499642835,38.860433809829075,33.331557261268046,1042
1,staging,C1,B_pad,1,37.25970075475629,7,457.5160423782383,26.826984543424533,24.55624415398156,1043
1,staging,C2,B_pad,1,57.97882016622453,1136,1369.2084358949432,41.74475051968172,35.58088304287085,1043
1,staging,C3,B_pad,1,56.06164780655454,844,1089.3370617459939,40.36438642071927,34.52456129488349,1043
1,staging,C4,B_pad,1,57.08984238934558,1115,1306.7304210483974,41.10468652032889,35.503883042870825,1043
1,staging,C1,B_pad,1,46.19940573043928,7,323.2523420636581,33.26357212591628,24.539917265223934,1044
1,staging,C2,B_pad,1,56.48744410383924,1132,1294.1262461736894,40.67095975476439,34.34860332964855,1044
1,staging,C3,B_pad,1,54.65129639623449,899,1101.0645108477652,39.34893340528881,33.41611739202211,1044
1,staging,C4,B_pad,1,55.7350780334587,1111,1239.9643691061183,40.129256184090444,34.353024955574156,1044
1,staging,C1,B_pad,1,31.633585022311696,6,260.1225454627341,22.776181216064423,21.052355945015915,1045
1,staging,C2,B_pad,1,55.623943629098584,1126,1274.6150547621721,40.04923941295105,34.351982760045985,1045
1,staging,C3,B_pad,1,53.95513704141545,897,1078.1872021530278,38.847698669819145,33.370891943826756,1045
1,staging,C4,B_pad,1,54.84896198191518,1103,1180.5563596121876,39.491252626978984,34.2728438711571,1045
1,staging,C1,B_pad,1,32.899690266343974,6,195.4955697759143,23.687776991767656,21.055455911410384,1046
1,staging,C2,B_pad,1,55.725030813558575,1108,1326.6389809331738,40.12202218576232,34.2794308908006,1046
1,staging,C3,B_pad,1,54.558692629007254,915,1181.9903757918912,39.28225869288526,33.59959496025036,1046
1,staging,C4,B_pad,1,55.04214838168864,1092,1277.469577154636,39.63034683481596,34.240930890800605,1046
1,staging,C1,B_pad,1,32.758451448051346,6,491.35877956441715,23.58608504259697,21.045917920030693,1047
1,staging,C2,B_pad,1,56.16607121950192,1122,1335.7298621697403,40.439571278041534,34.59932158056248,1047
1,staging,C3,B_pad,1,54.859538580504605,955,1211.0879996071037,39.498867777963305,33.84252480110121,1047
1,staging,C4,B_pad,1,55.638425495080526,1102,1290.5862917631223,40.05966635645815,34.559307706433714,1047
1,staging,C1,B_pad,1,27.34975564835713,5,219.0523992041187,19.691824066817134,17.544095455711762,1048
1,staging,C2,B_pad,1,54.28413474157633,1174,1143.8847762208818,39.08457701393523,33.25331767793432,1048
1,staging,C3,B_pad,1,52.07027548841891,769,1016.5460436596461,37.49059835166158,32.048831701201856,1048
1,staging,C4,B_pad,1,53.438950756594004,1147,1096.229776570054,38.47604454474794,33.16776212237875,1048
1,staging,C1,B_pad,1,38.9264423974897,6,719.2704808021225,28.027038526192584,21.060570846161717,1049
1,staging,C2,B_pad,1,55.48509253810755,1095,1313.0811317857886,39.94926662743762,33.97934862393996,1049
1,staging,C3,B_pad,1,53.841561476807165,840,1152.5908397500057,38.76592426330114,33.09852920063092,1049
1,staging,C4,B_pad,1,54.52520712299614,1069,1246.3987093060548,39.25814912855743,33.90020973505104,1049
1,staging,C1,B_pad,1,32.413050759824664,6,247.76824492924922,23.33739654707376,21.049165137766224,1050
1,staging,C2,B_pad,1,55.861140429823955,1187,1178.7216240031717,40.22002110947353,34.145831804433236,1050
1,staging,C3,B_pad,1,53.635271309519794,798,974.795643007809,38.61739534285422,32.98823332836021,1050
1,staging,C4,B_pad,1,54.68833298968335,1155,1107.0602527640426,39.37559975257227,34.05599847109988,1050
1,staging,C1,B_pad,1,37.89212930639658,7,473.6729240536211,27.28233310060554,24.55696167809215,1051
1,staging,C2,B_pad,1,58.747823707748495,1069,1467.1889607371475,42.29843306957895,35.43704501142587,1051
1,staging,C3,B_pad,1,57.67950785467577,961,1310.6580069147326,41.529245655366545,34.91391635505664,1051
1,staging,C4,B_pad,1,58.02246520381112,1054,1414.6827935100575,41.77617494674407,35.38998945587031,1051
1,staging,C1,B_pad,1,34.3363239063941,6,373.0802664901793,24.722153212603754,21.038587620782014,1052
1,staging,C2,B_pad,1,55.1109611234117,1145,1200.8822876298013,39.6798920088566,33.553134089307285,1052
1,staging,C3,B_pad,1,53.066146392459835,841,973.2229822044917,38.207625402571054,32.50278735939889,1052
1,staging,C4,B_pad,1,54.45021724425679,1126,1154.6697395550655,39.204156415865064,33.51144129080852,1052
1,staging,C1,B_pad,1,40.516041636822834,7,252.0164026990115,29.171549978512445,24.5648895401282,1053
1,staging,C2,B_pad,1,55.62853189715688,1164,1198.786388546709,40.05254296595317,34.26604988349271,1053
1,staging,C3,B_pad,1,53.72938957083628,852,989.0919646072708,38.685160491002065,33.17915450457027,1053
1,staging,C4,B_pad,1,54.97467453819267,1138,1170.9789177134649,39.58176566749892,34.19829155347661,1053
1,staging,C1,B_pad,1,34.10295982560636,6,246.8976505069489,24.554131074436576,21.050656758630783,1054
1,staging,C2,B_pad,1,57.02581269293802,1111,1361.6490698803204,41.058585138915504,34.91867857060685,1054
1,staging,C3,B_pad,1,55.66721793587964,940,1194.9918799846719,40.08039691383334,34.13326770800052,1054
1,staging,C4,B_pad,1,56.47501593431827,1094,1308.767986260204,40.662011472709274,34.85064550988772,1054
1,staging,C1,B_pad,1,33.19479303539355,6,241.67392469491952,23.90025098548336,21.06176353400462,1055
1,staging,C2,B_pad,1,57.74305913237902,1180,1264.8993053848703,41.57500257531305,35.31931908956058,1055
1,staging,C3,B_pad,1,56.02425712091733,864,1034.4725100372214,40.337465127060476,34.375703584167226,1055
1,staging,C4,B_pad,1,56.808432948502784,1155,1196.1602886497642,40.90207172292215,35.23376353400505,1055
1,staging,C1,B_pad,1,35.18158854337477,6,239.456878183416,25.330743751229843,21.04011445652352,1056
1,staging,C2,B_pad,1,56.1013070534645,1133,1273.9115514865837,40.39294107849456,34.00113357536396,1056
1,staging,C3,B_pad,1,54.24275673679237,880,1099.9760672850773,39.05478485049054,32.939058102235784,1056
1,staging,C4,B_pad,1,54.97578325539104,1101,1204.688669543333,39.58256394388172,33.95715778337623,1056
1,staging,C1,B_pad,2,16.32387679211713,3,6.278702756394705,11.753191290324333,10.538297219100132,1007
2,picking,C1,B_pad,2,11.510071759963344,2,0.0,8.287251667173608,7.012242141158347,1007
1,staging,C2,B_pad,2,27.998977007818848,651,62.712901225289826,20.159263445629552,17.060521744461873,1007
2,picking,C2,B_pad,2,29.022283051162102,656,68.30893672320136,20.896043796836672,17.559962060241144,1007
1,staging,C3,B_pad,2,26.492341843333023,267,57.078247730624774,19.07448612719978,16.344542551121865,1007
2,picking,C3,B_pad,2,26.88981829335727,267,74.21025507756443,19.360669171217225,16.502493857771693,1007
1,staging,C4,B_pad,2,27.341188461491754,629,53.831835491333514,19.68565569227402,17.187577385872583,1007
2,picking,C4,B_pad,2,27.721199136764497,623,63.603774295386394,19.95926337847043,17.30885086327488,1007
1,staging,C1,B_pad,2,16.603258360840606,3,31.777040833101275,11.954346019805236,10.53942901027681,1008
2,picking,C1,B_pad,2,10.831750543415366,2,0.0,7.798860391259064,7.018974352133157,1008
1,staging,C2,B_pad,2,27.43718447853629,651,42.93298466805033,19.75477282454608,16.732202729160015,1008
2,picking,C2,B_pad,2,27.556108512547183,644,49.80216933160826,19.840398129033908,16.686589522138963,1008
1,staging,C3,B_pad,2,25.402961779950513,249,46.961612317572126,18.29013248156435,15.56879295635103,1008
2,picking,C3,B_pad,2,25.11607305009344,247,42.08653658903211,18.083572596067274,15.701238618812475,1008
1,staging,C4,B_pad,2,26.630924375311228,621,42.6802765381582,19.174265550224053,16.751611856888886,1008
2,picking,C4,B_pad,2,26.763410881903965,624,39.426858404187875,19.269655834970788,16.55381928329898,1008
1,staging,C1,B_pad,2,16.929210172007167,3,11.013781526512927,12.189031323845162,10.523881037201294,1009
2,picking,C1,B_pad,2,17.625910918444102,3,11.53456193455877,12.690655861279755,10.529292592077264,1009
1,staging,C2,B_pad,2,29.72066937560991,639,83.73008677773754,21.39888195043905,17.992730001885715,1009
2,picking,C2,B_pad,2,29.56989056292515,644,89.72346940555691,21.290321205306046,17.905943627392908,1009
1,staging,C3,B_pad,2,27.58782215647983,283,85.44827067067568,19.86323195266549,17.079155929241534,1009
2,picking,C3,B_pad,2,28.088143349548,280,76.59356213385259,20.22346321167455,16.972250998107537,1009
1,staging,C4,B_pad,2,28.656047283400326,614,82.90379145879476,20.63235404404818,17.872087472029328,1009
2,picking,C4,B_pad,2,28.87530794896196,614,75.79983339878876,20.790221723252543,17.904669490582645,1009
1,staging,C1,B_pad,2,15.894006367769919,3,29.766660519949436,11.443684584794344,10.526333493505946,1010
2,picking,C1,B_pad,2,19.058301107035312,3,0.0,13.721976797065427,10.529692970141273,1010
1,staging,C2,B_pad,2,27.564673214499848,653,44.330113973393004,19.84656471443987,16.824252273428982,1010
2,picking,C2,B_pad,2,28.382651475026506,653,68.05609405464557,20.435509062019065,17.21630196799613,1010
1,staging,C3,B_pad,2,25.66392822168449,264,47.83388786552253,18.47802831961283,15.95820825074521,1010
2,picking,C3,B_pad,2,26.095349806829425,263,68.22647670844233,18.788651860917174,15.95137612266091,1010
1,staging,C4,B_pad,2,26.842459267334135,633,46.163124091915535,19.32657067248057,16.74446573767397,1010
2,picking,C4,B_pad,2,27.425723317379262,630,58.19104981349915,19.746520788513042,17.191282948195585,1010
1,staging,C1,B_pad,2,16.193428869046258,3,72.72612863385675,11.659268785713305,10.535889356855794,1011
2,picking,C1,B_pad,2,12.229786976048423,2,52.57697084300004,8.805446622754866,7.015128021843834,1011
1,staging,C2,B_pad,2,28.92236942067459,665,73.02784628970834,20.824105982885712,17.57036223153405,1011
2,picking,C2,B_pad,2,29.82095874273244,668,82.91185052160708,21.471090294767322,18.34469622510684,1011
1,staging,C3,B_pad,2,26.754706862699866,274,68.36045596144783,19.2633889411439,16.367670139975658,1011
2,picking,C3,B_pad,2,28.287588031430506,274,80.76463319301435,20.367063382629958,17.52378219288881,1011
1,staging,C4,B_pad,2,28.447988437493045,647,72.56270916187337,20.482551674994966,17.640047791411867,1011
2,picking,C4,B_pad,2,29.00371469361926,645,79.79484086075142,20.88267457940586,18.148455109673478,1011
1,staging,C1,B_pad,2,22.050375275881525,3,4.866010110542508,15.876270198634701,10.53248806612598,1012
2,picking,C1,B_pad,2,16.6196410513709,2,0.0,11.966141556987047,7.0213270263048635,1012
1,staging,C2,B_pad,2,28.04333176721499,615,77.5569034846458,20.191198872394764,16.999100923003542,1012
2,picking,C2,B_pad,2,27.133334880665593,611,68.43837764629377,19.536001114079202,16.670408613871874,1012
1,staging,C3,B_pad,2,24.881683853186722,229,66.97035193632846,17.914812374294428,15.513725057707687,1012
2,picking,C3,B_pad,2,26.265867485509276,230,71.10219047392992,18.911424589566675,16.077595276613444,1012
1,staging,C4,B_pad,2,26.601000961131554,588,75.01865661775494,19.152720692014707,16.595819705632476,1012
2,picking,C4,B_pad,2,27.08220590270834,588,67.51140728850606,19.499188249949974,16.946245386798495,1012
1,staging,C1,B_pad,2,15.682667540434256,3,43.95153943112236,11.291520629112663,10.531718699400894,1013
2,picking,C1,B_pad,2,15.839322546364956,3,0.0,11.404312233382768,10.533810331652045,1013
1,staging,C2,B_pad,2,28.066878153354796,645,70.4304506823245,20.20815227041542,17.02601080187169,1013
2,picking,C2,B_pad,2,29.832526198973042,634,83.49912110343627,21.479418863260545,18.054081130626727,1013
1,staging,C3,B_pad,2,27.028353261750983,283,75.00039781185323,19.460414348460695,16.43941553813534,1013
2,picking,C3,B_pad,2,27.780530872955318,285,77.15356450574852,20.00198222852784,16.877925933934215,1013
1,staging,C4,B_pad,2,27.79548078173249,622,69.95388804189831,20.012746162847368,17.384269675600958,1013
2,picking,C4,B_pad,2,28.55665303777915,614,77.01257441683671,20.560790187200954,17.597433368008584,1013
1,staging,C1,B_pad,2,16.23501478239112,3,30.835408151091663,11.689210643321605,10.520289578989445,1014
2,picking,C1,B_pad,2,10.7623849151755,2,0.0,7.74891713892636,7.0165733145590075,1014
1,staging,C2,B_pad,2,27.386326155135027,615,67.74981749341504,19.718154831697216,16.603881195305863,1014
2,picking,C2,B_pad,2,27.417240307515545,608,69.04453351085377,19.740413021411154,16.32650947602044,1014
1,staging,C3,B_pad,2,25.31502374988954,245,73.15305906330877,18.226817099920464,15.555816440574429,1014
2,picking,C3,B_pad,2,26.058268411584645,246,64.2456216332687,18.761953256340952,15.393433686991573,1014
1,staging,C4,B_pad,2,26.537922281169262,588,63.08046310481748,19.107304042441864,16.66421159384145,1014
2,picking,C4,B_pad,2,25.944388317573182,582,61.48077168073137,18.679959588652675,16.150679077484877,1014
1,staging,C1,B_pad,2,16.160893772164346,3,1.7850516166226347,11.63584351595833,10.514703689955866,1015
2,picking,C1,B_pad,2,18.694090487074565,3,0.0,13.459745150693688,10.533245300370606,1015
1,staging,C2,B_pad,2,29.63506615138157,644,89.42815200905684,21.337247628994653,18.01432003928023,1015
2,picking,C2,B_pad,2,29.16385085195031,638,78.0300265407173,20.997972613404173,17.529389292570407,1015
1,staging,C3,B_pad,2,27.95283668885237,276,86.53559471074271,20.126042415973707,17.109181384212157,1015
2,picking,C3,B_pad,2,27.569724376628308,277,83.42705740069825,19.850201551172376,16.58165649500337,1015
1,staging,C4,B_pad,2,28.750110720402887,615,82.85116760977306,20.700079718690024,17.780621234354175,1015
2,picking,C4,B_pad,2,28.4707120474968,619,77.58774444435713,20.498912674197648,17.65400476416313,1015
1,staging,C1,B_pad,2,16.175263297326953,3,33.91573139808388,11.646189574075407,10.524009050041693,1016
2,picking,C1,B_pad,2,11.180066870887321,2,52.62739264675402,8.049648147038871,7.020717526975915,1016
1,staging,C2,B_pad,2,28.8789836771093,656,80.49834815665878,20.792868247518633,17.49961708752348,1016
2,picking,C2,B_pad,2,29.31734031899362,662,77.33736162335984,21.108485029675375,17.817353363256107,1016
1,staging,C3,B_pad,2,26.835990843495054,278,80.2657265507105,19.321913407316433,16.542432042462444,1016
2,picking,C3,B_pad,2,27.434697040749338,277,75.85209788209367,19.75298186933952,16.72728495430208,1016
1,staging,C4,B_pad,2,28.287587069655977,627,75.42914143079682,20.367062690152274,17.616507989218753,1016
2,picking,C4,B_pad,2,27.979610086278317,632,74.39227578724267,20.145319262120342,17.561434683783062,1016
1,staging,C1,B_pad,2,16.58263290011042,3,38.43769616431552,11.9394956880795,10.521875587386194,1017
2,picking,C1,B_pad,2,15.61659810073751,3,0.0,11.24395063253101,10.531539769427118,1017
1,staging,C2,B_pad,2,26.8451486552437,612,56.150647845186725,19.328507031775473,16.39844561297718,1017
2,picking,C2,B_pad,2,27.030635880066022,607,55.68405794086058,19.46205783364755,16.507891424112035,1017
1,staging,C3,B_pad,2,24.432375737405184,246,57.458511883168434,17.591310530931732,15.25377729644485,1017
2,picking,C3,B_pad,2,25.65911220433111,245,48.97734245547333,18.474560787118396,15.821224842736703,1017
1,staging,C4,B_pad,2,26.36539177596562,590,56.5938488157062,18.98308207869526,16.505118831919685,1017
2,picking,C4,B_pad,2,25.971837713375212,584,43.61443177510684,18.699723153630163,16.28999598294731,1017
1,staging,C1,B_pad,2,17.569405452108832,3,123.74865448822116,12.649971925518361,10.519494047711483,1018
2,picking,C1,B_pad,2,11.522042490335627,2,6.036928299389426,8.295870593041652,7.018082421156947,1018
1,staging,C2,B_pad,2,27.625947202458168,627,66.81341684735247,19.890681985769874,16.865941447988337,1018
2,picking,C2,B_pad,2,27.165779792191408,624,61.92930134443419,19.5593614503778,16.713443222737503,1018
1,staging,C3,B_pad,2,24.45651701655799,254,65.60281501098359,17.608692251921752,15.253525677302358,1018
2,picking,C3,B_pad,2,26.29126517561154,253,71.27769673202229,18.92971092644033,16.287778433526793,1018
1,staging,C4,B_pad,2,26.728368831712757,605,59.96845229420361,19.244425558833175,16.850668507026302,1018
2,picking,C4,B_pad,2,26.49003079180718,597,61.323915704290776,19.072822170101173,16.61107727481066,1018
1,staging,C1,B_pad,2,12.927550630665493,2,13.680269754234299,9.307836454079155,7.020477910158262,1019
2,picking,C1,B_pad,2,17.64713575437326,3,35.022750063587345,12.705937743148748,10.526398666283503,1019
1,staging,C2,B_pad,2,28.353924571406157,645,70.08802273971985,20.41482569141242,17.366959036029012,1019
2,picking,C2,B_pad,2,28.19845996239846,652,75.67674919812504,20.302891172926888,17.219028651523956,1019
1,staging,C3,B_pad,2,26.585126521642483,254,67.72411429217307,19.141291095582584,16.619774901714866,1019
2,picking,C3,B_pad,2,25.581102259735307,253,68.11627229725909,18.41839362700941,15.932527099008956,1019
1,staging,C4,B_pad,2,27.866349110523842,619,69.74592289497404,20.063771359577167,17.475015611157474,1019
2,picking,C4,B_pad,2,26.947003266583497,621,70.10423795063629,19.401842351940104,16.97836096528438,1019
1,staging,C1,B_pad,2,21.582538420271568,4,15.730380013882495,15.53942766259553,14.027969590073454,1020
2,picking,C1,B_pad,2,16.589200536018502,3,0.0,11.944224385933321,10.525711118885136,1020
1,staging,C2,B_pad,2,29.523084123857863,629,82.31954332733646,21.256620569177596,17.77174241684564,1020
2,picking,C2,B_pad,2,30.449085655846403,624,89.10099522130874,21.923341672209375,18.376160514335204,1020
1,staging,C3,B_pad,2,28.634210451435386,272,90.61537691981691,20.61663152503349,17.269285536377456,1020
2,picking,C3,B_pad,2,28.153218314276945,271,74.62368567799949,20.270317186279417,17.071119221825743,1020
1,staging,C4,B_pad,2,29.29872554159001,603,83.80321229082183,21.095082389944775,18.15369235943142,1020
2,picking,C4,B_pad,2,28.91171889071793,602,76.76753127100473,20.816437601316867,17.85557755023559,1020
1,staging,C1,B_pad,2,16.617815170064077,3,47.16603252351548,11.964826922446136,10.5438826766884,1021
2,picking,C1,B_pad,2,10.481874698601178,2,7.256380702550692,7.546949782992849,7.019516630642938,1021
1,staging,C2,B_pad,2,29.10560305942938,646,75.4412846958168,20.956034202789073,17.663005102921993,1021
2,picking,C2,B_pad,2,28.895877890519028,645,80.78480252841764,20.80503208117364,17.507116426631647,1021
1,staging,C3,B_pad,2,27.28136436449547,250,73.99838953865806,19.64258234243673,16.313115791743982,1021
2,picking,C3,B_pad,2,26.810489197433096,250,77.15458303730978,19.303552222151808,16.86536621418403,1021
1,staging,C4,B_pad,2,27.97159904024125,617,78.09459669155143,20.139551308973683,17.452346305647023,1021
2,picking,C4,B_pad,2,28.23101434922684,621,65.0274179656304,20.32633033144324,17.600136335017737,1021
1,staging,C1,B_pad,2,16.467154142813374,3,0.0,11.856350982825633,10.531446571443274,1022
2,picking,C1,B_pad,2,16.87763311351491,3,35.34758342837971,12.151895841730736,10.533070865437564,1022
1,staging,C2,B_pad,2,27.87264610080924,665,58.5200572375102,20.068305192582635,17.116885464054704,1022
2,picking,C2,B_pad,2,27.65539231564043,664,63.45614985634516,19.91188246726106,16.638095710308274,1022
1,staging,C3,B_pad,2,25.856538384823907,267,55.64226859603824,18.616707637073212,16.036451864571095,1022
2,picking,C3,B_pad,2,25.414079711390787,265,56.55527777966757,18.29813739220137,15.616181998726786,1022
1,staging,C4,B_pad,2,26.717587192268304,647,59.54399298168346,19.23666277843314,16.613109425493,1022
2,picking,C4,B_pad,2,27.140796016904982,637,56.53896335992022,19.541373132171582,17.038159145372003,1022
1,staging,C1,B_pad,2,16.253431024647796,3,56.87632435625213,11.702470337746412,10.532223303971772,1023
2,picking,C1,B_pad,2,10.697736861230586,2,33.90956257369192,7.702370540086022,7.017094601839751,1023
1,staging,C2,B_pad,2,26.295754717331455,615,68.14674466204741,18.932943396478663,15.669771666539535,1023
2,picking,C2,B_pad,2,26.583119282789543,620,66.0668786606463,19.13984588360846,16.02143512816098,1023
1,staging,C3,B_pad,2,23.4907546929219,225,65.63763096375665,16.91334337890377,14.421643257192764,1023
2,picking,C3,B_pad,2,24.94549329311771,227,63.13326540527193,17.960755171044745,15.212184738098308,1023
1,staging,C4,B_pad,2,25.41556522994127,583,65.32397144361191,18.299206965557733,15.944747481656172,1023
2,picking,C4,B_pad,2,24.999930999009074,584,60.64525559928604,17.999950319286537,15.592459313044346,1023
1,staging,C1,B_pad,2,16.862874238750912,3,41.07358702707655,12.141269451900657,10.524011912065962,1024
2,picking,C1,B_pad,2,10.528900223103552,2,0.0,7.580808160634559,7.007158709582368,1024
1,staging,C2,B_pad,2,28.30055359957409,621,90.0323254827292,20.376398591693288,17.191503127489536,1024
2,picking,C2,B_pad,2,27.670194678985,627,88.68760391082007,19.92254016886916,16.425584160825558,1024
1,staging,C3,B_pad,2,25.957814059655497,233,84.69301392315423,18.68962612295196,15.818906513970141,1024
2,picking,C3,B_pad,2,26.57290454638877,234,87.68716870680701,19.132491273399925,15.71234912920631,1024
1,staging,C4,B_pad,2,26.646884424867185,600,80.89438904307666,19.185756785904328,16.641793990369152,1024
2,picking,C4,B_pad,2,27.62392048994544,599,84.8082732172014,19.889222752760684,16.86193218683483,1024
1,staging,C1,B_pad,2,15.821887103938948,3,39.800287405611016,11.391758714836042,10.522407339860427,1025
2,picking,C1,B_pad,2,12.91175823643872,2,0.0,9.296465930235879,7.011840357449787,1025
1,staging,C2,B_pad,2,28.556932935165598,661,62.847986512942846,20.56099171331921,17.227809471749005,1025
2,picking,C2,B_pad,2,29.028451125108596,653,74.24410922380856,20.90048481007817,17.656413630886462,1025
1,staging,C3,B_pad,2,26.426948839076296,249,54.439410303599,19.027403164134927,16.09800003856148,1025
2,picking,C3,B_pad,2,27.195149997660323,249,69.23685899564332,19.58050799831545,16.631375120491274,1025
1,staging,C4,B_pad,2,27.63907514292508,628,56.05016860113603,19.90013410290605,17.19241177605628,1025
2,picking,C4,B_pad,2,28.061629439426884,636,74.99401596907357,20.204373196387333,17.553605596391595,1025
1,staging,C1,B_pad,2,22.00114585931437,4,30.237444040495152,15.840825018706347,14.037523763161143,1026
2,picking,C1,B_pad,2,16.58639060566446,3,0.0,11.942201236078409,10.528338857315667,1026
1,staging,C2,B_pad,2,29.889801792262205,648,90.89930570855944,21.52065729042872,18.107100146479983,1026
2,picking,C2,B_pad,2,30.61036077423719,646,73.63779169013803,22.039459757450732,18.537151362885766,1026
1,staging,C3,B_pad,2,29.015244500608034,297,77.9149642251112,20.890976040437785,17.90857717229795,1026
2,picking,C3,B_pad,2,27.749590427932592,294,81.10599175820259,19.979705108111446,16.853012803021812,1026
1,staging,C4,B_pad,2,29.226110674335086,625,72.19053920875822,21.042799685521206,18.08671148118212,1026
2,picking,C4,B_pad,2,29.884086900060048,628,89.51062094717976,21.51654256804319,18.461290028183647,1026
1,staging,C1,B_pad,2,16.167465122099962,3,0.0,11.640574887911976,10.519025681164653,1027
2,picking,C1,B_pad,2,10.761058618135667,2,0.0,7.74796220505768,7.015656185280368,1027
1,staging,C2,B_pad,2,28.803416882573757,637,88.47628358571814,20.73846015545305,17.458113564668352,1027
2,picking,C2,B_pad,2,29.30573670196409,635,71.77733415531266,21.100130425414097,17.29912385733233,1027
1,staging,C3,B_pad,2,28.090887336283483,269,106.2077941934942,20.225438882124124,17.128324733472375,1027
2,picking,C3,B_pad,2,26.15907359160941,268,66.5975020790063,18.83453298595879,15.650358465214712,1027
1,staging,C4,B_pad,2,28.201223408830263,609,80.14788245817776,20.304880854357755,17.35459882005874,1027
2,picking,C4,B_pad,2,28.117448634746612,611,64.96850385256168,20.244563017017487,17.274305268608618,1027
1,staging,C1,B_pad,2,17.63660970552524,3,32.007757286549044,12.698358987978175,10.520094140690523,1028
2,picking,C1,B_pad,2,11.51820706457291,2,0.0,8.293109086492496,7.017496494484329,1028
1,staging,C2,B_pad,2,27.413586068817647,672,54.77026470719321,19.7377819695487,16.602423123094365,1028
2,picking,C2,B_pad,2,26.72653625462506,674,56.49905954502695,19.243106103330042,16.30155640096946,1028
1,staging,C3,B_pad,2,24.85866117612712,234,51.635864918542545,17.89823604681153,15.214586344530135,1028
2,picking,C3,B_pad,2,24.78278217648865,235,55.624676557123436,17.843603167071837,15.36400273915962,1028
1,staging,C4,B_pad,2,26.258117112671407,648,51.51321210464059,18.905844321123414,16.41855669922739,1028
2,picking,C4,B_pad,2,26.353816267987728,647,56.04286933095612,18.974747712951178,16.372061713725323,1028
1,staging,C1,B_pad,2,21.362315667599777,4,0.0,15.38086728067184,14.02737561669584,1029
2,picking,C1,B_pad,2,12.598787104937397,2,0.0,9.071126715554927,7.028683092828961,1029
1,staging,C2,B_pad,2,29.825734360079842,617,89.18819168312255,21.47452873925746,17.952956371113533,1029
2,picking,C2,B_pad,2,28.45837916630196,617,91.01138168863882,20.490032999737366,17.266380116189136,1029
1,staging,C3,B_pad,2,26.930728568238344,260,89.41755508670911,19.39012456913159,16.603396782352384,1029
2,picking,C3,B_pad,2,27.802488171017092,260,99.64053447578024,20.017791483132317,16.835298886621352,1029
1,staging,C4,B_pad,2,28.62023873854679,590,80.62233530613285,20.60657189175368,17.825541537998735,1029
2,picking,C4,B_pad,2,27.78020041572251,586,78.69467493975627,20.001744299320173,17.26332272708171,1029
1,staging,C1,B_pad,2,16.94723318823407,3,0.0,12.202007895528528,10.5347909769066,1030
2,picking,C1,B_pad,2,10.834750970929685,2,0.0,7.801020699069375,7.020918629162438,1030
1,staging,C2,B_pad,2,27.814373982525094,663,50.679430163611386,20.026349267418038,16.99350675648044,1030
2,picking,C2,B_pad,2,27.89388266842016,654,41.478653353318506,20.08359552126249,16.88786951625542,1030
1,staging,C3,B_pad,2,24.865561491789848,255,49.3832936445562,17.903204274088694,15.32445969394353,1030
2,picking,C3,B_pad,2,26.34364551840751,254,45.71127736183616,18.9674247732534,16.339080998176268,1030
1,staging,C4,B_pad,2,27.036948379984555,632,47.01593330108478,19.46660283358885,16.80134967225281,1030
2,picking,C4,B_pad,2,26.98999376475781,631,41.99775489234608,19.432795510625613,16.962387711594143,1030
1,staging,C1,B_pad,2,16.232458712743313,3,6.653363247262072,11.687370273175189,10.518633245857668,1031
2,picking,C1,B_pad,2,11.19201439694087,2,71.74652869006749,8.058250365797425,7.028112065745667,1031
1,staging,C2,B_pad,2,26.045044403354385,637,54.32727301834793,18.75243197041516,15.523836921436805,1031
2,picking,C2,B_pad,2,27.370408579976058,635,60.20818081930828,19.706694177582715,16.831519501277715,1031
1,staging,C3,B_pad,2,24.314016326213466,228,54.581795323468604,17.506091754873694,15.046534368265638,1031
2,picking,C3,B_pad,2,24.819579193671345,231,61.60949457376947,17.870097019443367,15.28115224651621,1031
1,staging,C4,B_pad,2,25.467504550575153,613,42.987692634857225,18.336603276414117,15.798403205782401,1031
2,picking,C4,B_pad,2,26.442026579132232,614,59.35846706673024,19.038259136975185,16.450008772487678,1031
1,staging,C1,B_pad,2,16.866084449776853,3,2.4064543824459785,12.143580803839335,10.52553066601203,1032
2,picking,C1,B_pad,2,10.81851820241146,2,0.9911024109672629,7.78933310573625,7.010399795162625,1032
1,staging,C2,B_pad,2,27.850053875582592,645,60.94383974464617,20.052038790419484,16.737711873568514,1032
2,picking,C2,B_pad,2,28.072867738313377,641,49.316968861045844,20.212464771585616,16.88011881967733,1032
1,staging,C3,B_pad,2,25.796536911517897,246,60.51062371676316,18.5735065762929,15.458951688559592,1032
2,picking,C3,B_pad,2,26.484630273749254,249,58.7005195092313,19.06893379709948,16.126564241427467,1032
1,staging,C4,B_pad,2,26.347327803759086,611,55.29575133619764,18.970076018706536,16.554781133150982,1032
2,picking,C4,B_pad,2,27.22809966227967,612,45.29740800624427,19.60423175684137,16.87261740186316,1032
1,staging,C1,B_pad,2,17.98493468695237,3,71.7828111022854,12.94915297460571,10.521420428516567,1033
2,picking,C1,B_pad,2,11.118828995128023,2,5.894246638635256,8.005556876492177,7.023431569647972,1033
1,staging,C2,B_pad,2,25.88629177722732,634,45.93625606266611,18.638130079603624,15.630790218554178,1033
2,picking,C2,B_pad,2,26.67465595541878,633,66.69712549731838,19.205752287901486,16.00922844627713,1033
1,staging,C3,B_pad,2,24.298860768072334,231,50.123556651963796,17.495179753012074,14.803800276914146,1033
2,picking,C3,B_pad,2,24.49389707581866,233,59.53376349932267,17.63560589458942,14.666174588735528,1033
1,staging,C4,B_pad,2,25.039682021509673,609,52.64701154902719,18.02857105548693,15.480874312532537,1033
2,picking,C4,B_pad,2,25.72723180204793,608,52.46032834778798,18.523606897474483,16.04578324118766,1033
1,staging,C1,B_pad,2,13.157145900321144,2,0.0,9.473145048231224,7.013493821676162,1034
2,picking,C1,B_pad,2,15.886019935986647,3,29.908586949514454,11.437934353910386,10.521221307304,1034
1,staging,C2,B_pad,2,27.401698135954465,636,53.83745130879666,19.729222657887195,16.487417832149116,1034
2,picking,C2,B_pad,2,27.107361592866024,637,60.45665486683321,19.517300346863497,16.51473666088655,1034
1,staging,C3,B_pad,2,25.71769725535718,246,50.891438428466124,18.516742023857166,15.42423535119651,1034
2,picking,C3,B_pad,2,25.327263509596204,246,59.75146833964757,18.235629726909274,15.498477864715856,1034
1,staging,C4,B_pad,2,25.78699652910733,610,42.83905351617825,18.566637500957246,16.06291963878371,1034
2,picking,C4,B_pad,2,26.7948435600325,605,57.33730460891804,19.29228736322339,16.807020188812356,1034
1,staging,C1,B_pad,2,15.80824945209005,3,15.754965111646985,11.381939605504837,10.513196434677866,1035
2,picking,C1,B_pad,2,10.752586043801935,2,0.0,7.741861951537394,7.01014921522755,1035
1,staging,C2,B_pad,2,27.68590317503612,652,64.01594190010528,19.93385028602603,16.7818943295967,1035
2,picking,C2,B_pad,2,26.98396364803748,656,71.40093600608724,19.428453826586995,16.558082031584938,1035
1,staging,C3,B_pad,2,25.448799670750677,246,79.38260863790106,18.32313576294047,15.6242919864768,1035
2,picking,C3,B_pad,2,24.921786810484583,245,67.20781679424668,17.943686503548896,15.590872693371042,1035
1,staging,C4,B_pad,2,26.550763296721335,631,64.21516371455466,19.1165495736394,16.612539348413268,1035
2,picking,C4,B_pad,2,26.426225734728348,625,62.776052673196425,19.02688252900441,16.6097981238795,1035
1,staging,C1,B_pad,2,17.275293945254276,3,0.0,12.43821164058308,10.512847295089612,1036
2,picking,C1,B_pad,2,16.187635236053662,3,17.79178189569369,11.655097369958638,10.532091183743079,1036
1,staging,C2,B_pad,2,28.531675523988127,646,78.88835186172217,20.5428063772714,17.19594531736857,1036
2,picking,C2,B_pad,2,29.4557706850851,640,93.84571811470896,21.20815489326119,17.623894339807563,1036
1,staging,C3,B_pad,2,27.110383821648,259,76.59161055938071,19.519476351586555,16.35566424305403,1036
2,picking,C3,B_pad,2,26.90976914919109,259,76.19867378442322,19.375033787417593,16.505669592535945,1036
1,staging,C4,B_pad,2,28.089142815340534,615,69.25557887146198,20.224182827045144,17.227808400806758,1036
2,picking,C4,B_pad,2,28.00479258962988,612,91.35486007093336,20.163450664533478,17.430794222372395,1036
1,staging,C1,B_pad,2,16.64534865171971,3,94.82766421414368,11.984651029238194,10.524141003458624,1037
2,picking,C1,B_pad,2,10.69851103958878,2,0.0,7.702927948503923,7.017602417917919,1037
1,staging,C2,B_pad,2,28.82717322955087,631,91.88496921212878,20.755564725276614,17.43215058001458,1037
2,picking,C2,B_pad,2,28.77462897522298,630,80.45186399141721,20.717732862160524,17.402046864730707,1037
1,staging,C3,B_pad,2,27.096532533964684,268,87.67393000794782,19.50950342445459,16.506049942546102,1037
2,picking,C3,B_pad,2,26.51315796338343,267,72.77235166391738,19.08947373363608,16.319307337733278,1037
1,staging,C4,B_pad,2,28.195680236889032,601,81.86913089921745,20.3008897705601,17.533359914752978,1037
2,picking,C4,B_pad,2,27.45177371950466,604,71.98779588930607,19.76527707804333,17.176781974436754,1037
1,staging,C1,B_pad,2,21.960259934742556,4,76.3796240682168,15.811387153014643,14.048175992827325,1038
2,picking,C1,B_pad,2,12.231872863053098,2,35.74431130585338,8.806948461398232,7.015941086904216,1038
1,staging,C2,B_pad,2,28.461746676595755,631,76.47014908759148,20.492457607148918,17.432471992927965,1038
2,picking,C2,B_pad,2,29.495494765018492,642,79.41713817728045,21.236756230813256,17.96836730902583,1038
1,staging,C3,B_pad,2,27.372757868012943,258,67.44924775085236,19.708385664969303,16.57245756208517,1038
2,picking,C3,B_pad,2,27.57976291115253,259,84.03125784532091,19.857429296029824,16.91321059533162,1038
1,staging,C4,B_pad,2,27.948749019444424,613,71.71711918281446,20.123099293999974,17.470585122056114,1038
2,picking,C4,B_pad,2,28.36413905999924,611,79.26738278557308,20.422180123199404,17.772047764194635,1038
1,staging,C1,B_pad,2,15.955825849491237,3,58.32124939043388,11.488194611633693,10.524365741130547,1039
2,picking,C1,B_pad,2,10.477015880666848,2,21.447444725248957,7.543451434080131,7.016175206214923,1039
1,staging,C2,B_pad,2,28.37623027800103,653,63.353631689520974,20.43088580016071,17.090468630813472,1039
2,picking,C2,B_pad,2,27.55297386986335,653,66.9157530166725,19.838141186301602,16.586238983198825,1039
1,staging,C3,B_pad,2,26.517732596922066,251,63.69997469222546,19.092767469783883,16.07945558533832,1039
2,picking,C3,B_pad,2,25.82234333427734,251,69.89417345521794,18.592087200679686,15.58629696856515,1039
1,staging,C4,B_pad,2,26.518307209375326,628,51.13094559531704,19.09318119075022,16.619319063627742,1039
2,picking,C4,B_pad,2,27.092715131071692,621,51.127054351091154,19.50675489437161,16.917110772606758,1039
1,staging,C1,B_pad,2,19.690652691984802,3,43.25454108263863,14.177269938229056,10.522897557060121,1040
2,picking,C1,B_pad,2,11.177133018181504,2,47.991454879027636,8.047535773090683,7.018920005871645,1040
1,staging,C2,B_pad,2,27.4728141623231,652,51.263614599350674,19.780426196872643,16.87073922936283,1040
2,picking,C2,B_pad,2,28.1476577338585,658,61.85239074332768,20.266313568378102,17.009578333569102,1040
1,staging,C3,B_pad,2,26.09184636077909,274,49.38642114956508,18.786129379760943,16.000318574435298,1040
2,picking,C3,B_pad,2,25.69544745044279,270,59.19544893105373,18.500722164318805,15.796453992180396,1040
1,staging,C4,B_pad,2,26.955860258646975,627,45.43434831228667,19.408219386225817,16.943878421791496,1040
2,picking,C4,B_pad,2,26.997548216410287,630,65.36683273698623,19.438234715815412,16.812383585584872,1040
1,staging,C1,B_pad,2,17.29255633820519,3,28.485466045729723,12.450640563507736,10.534726983881717,1041
2,picking,C1,B_pad,2,10.757216078198589,2,0.0,7.745195576302985,7.013139126949926,1041
1,staging,C2,B_pad,2,28.106506864984876,636,68.14768714954162,20.236684942789076,16.914527896452533,1041
2,picking,C2,B_pad,2,28.128329464923034,631,65.33667565752768,20.25239721474456,16.86216262218152,1041
1,staging,C3,B_pad,2,26.12626549815054,264,67.16238148913139,18.810911158668386,15.900451237365834,1041
2,picking,C3,B_pad,2,26.785816213196963,264,57.80117420831666,19.28578767350182,16.082455345279833,1041
1,staging,C4,B_pad,2,27.23039618223535,609,59.49425028648246,19.60588525120944,16.654507483273385,1041
2,picking,C4,B_pad,2,27.351782346493515,612,65.74291300774665,19.693283289475314,17.007907320084144,1041
1,staging,C1,B_pad,2,16.270017715541385,3,20.959178993830815,11.714412755189796,10.542971479670816,1042
2,picking,C1,B_pad,2,10.755814255805888,2,18.92161778178294,7.7441862641802395,7.012242894859996,1042
1,staging,C2,B_pad,2,28.243736326172847,638,63.41466842116061,20.335490154844457,17.007228988396516,1042
2,picking,C2,B_pad,2,28.205330725011535,637,77.18032677102428,20.307838122008317,16.93779417548403,1042
1,staging,C3,B_pad,2,26.114056563622444,264,69.87288233693126,18.802120725808155,15.57195195819613,1042
2,picking,C3,B_pad,2,27.018177186614757,260,67.98271577224405,19.45308757436263,16.400122006139817,1042
1,staging,C4,B_pad,2,26.88805004542797,606,63.433479069807596,19.35939603270814,16.70765890138245,1042
2,picking,C4,B_pad,2,27.52848993226194,612,68.91423193240159,19.820512751228627,17.06021057962503,1042
1,staging,C1,B_pad,2,15.677477499818055,3,60.75320445680372,11.287783799869002,10.528345943362103,1043
2,picking,C1,B_pad,2,10.752561691111124,2,10.335203916509515,7.74184441760001,7.010120432841628,1043
1,staging,C2,B_pad,2,29.236144130970004,645,83.56225575930185,21.050023774298396,17.739521506660573,1043
2,picking,C2,B_pad,2,29.629558789092318,643,82.67908296247258,21.333282328146467,17.849917091765462,1043
1,staging,C3,B_pad,2,27.737073720715884,278,70.32912707941996,19.970693078915442,16.932996461072648,1043
2,picking,C3,B_pad,2,27.996014379660934,277,81.54976956756553,20.15713035335589,16.814760150907116,1043
1,staging,C4,B_pad,2,28.375853899922767,622,78.14251055927504,20.4306148079444,17.71765378211711,1043
2,picking,C4,B_pad,2,28.829260348293328,618,79.7217939670036,20.757067450771185,17.762701482975604,1043
1,staging,C1,B_pad,2,22.331835754696076,4,32.52164537896497,16.07892174338118,14.024875385539,1044
2,picking,C1,B_pad,2,16.506692325848736,3,0.0,11.884818474611087,10.515041879684931,1044
1,staging,C2,B_pad,2,28.752373810246983,645,64.33155920704363,20.70170914337778,17.200713385451394,1044
2,picking,C2,B_pad,2,28.731830029687433,636,64.52976402552969,20.686917621374914,17.280268044249265,1044
1,staging,C3,B_pad,2,26.716848733686337,254,62.95291704498872,19.236131088254172,16.090091350302504,1044
2,picking,C3,B_pad,2,26.919637287724612,252,62.23612188722714,19.382138847161723,16.388965114307187,1044
1,staging,C4,B_pad,2,27.458506278269603,622,60.65749010828857,19.7701245203541,17.223799686588464,1044
2,picking,C4,B_pad,2,28.134100392362445,612,53.905087683010024,20.25655228250089,17.141681743112194,1044
1,staging,C1,B_pad,2,15.671203088236005,3,38.75573609564162,11.283266223529926,10.524316888250285,1045
2,picking,C1,B_pad,2,10.547429945049586,2,16.170765859441598,7.594149560435701,7.019150167876716,1045
1,staging,C2,B_pad,2,28.01218904823272,637,66.9499058934327,20.16877611472756,17.307900005908753,1045
2,picking,C2,B_pad,2,27.937074892927843,632,66.03052408356788,20.114693922908042,17.052638309692583,1045
1,staging,C3,B_pad,2,26.12103861239633,267,66.71446901715265,18.80714780092537,16.22704765770274,1045
2,picking,C3,B_pad,2,26.495238599191534,265,80.4414001994419,19.076571791417898,16.118801146230794,1045
1,staging,C4,B_pad,2,27.201407887211833,613,56.72529994967329,19.585013678792542,17.096613106648864,1045
2,picking,C4,B_pad,2,27.29724708176427,612,68.59302390795139,19.654017898870265,17.154841875619137,1045
1,staging,C1,B_pad,2,16.940465664092937,3,0.0,12.197135278146916,10.52878826901972,1046
2,picking,C1,B_pad,2,11.176073913734783,2,0.0,8.046773217889044,7.01777875350175,1046
1,staging,C2,B_pad,2,27.997717380047828,623,79.06743195320968,20.158356513634388,17.087014387214925,1046
2,picking,C2,B_pad,2,28.168294553394286,629,82.45727684828967,20.28117207844385,17.208743688068196,1046
1,staging,C3,B_pad,2,26.333810456529815,282,93.31028410430194,18.960343528701458,16.199616480921428,1046
2,picking,C3,B_pad,2,26.348014322914644,280,74.08138049202755,18.97057031249854,16.276613816584035,1046
1,staging,C4,B_pad,2,27.092081145690187,608,76.81242572030642,19.50629842489691,16.919644500187204,1046
2,picking,C4,B_pad,2,27.69206296016,601,69.56422296782765,19.93828533131518,17.279863575095934,1046
1,staging,C1,B_pad,2,16.581272444656094,3,43.250759002771396,11.93851616015239,10.520621232093097,1047
2,picking,C1,B_pad,2,10.827789813346728,2,36.640840636821544,7.796008665609644,7.01640779904868,1047
1,staging,C2,B_pad,2,28.568342132217023,634,81.48223961625567,20.569206335196228,17.532851462804988,1047
2,picking,C2,B_pad,2,28.09720360898535,634,85.50305235467201,20.229986598469427,17.16604514000914,1047
1,staging,C3,B_pad,2,26.436962566391685,276,82.19726557634935,19.034613047802015,16.133494611266453,1047
2,picking,C3,B_pad,2,27.17231586264999,274,82.64222722731681,19.564067421108,16.617329146723268,1047
1,staging,C4,B_pad,2,27.803521655558022,610,86.9301319020956,20.018535592001772,17.356187101873164,1047
2,picking,C4,B_pad,2,27.393049835333127,608,73.8969680015048,19.72299588143983,17.230080468183576,1047
1,staging,C1,B_pad,2,15.823172413827683,3,17.14388333152674,11.392684137955932,10.5232472647677,1048
2,picking,C1,B_pad,2,11.18013833363648,2,0.0,8.049699600218265,7.02084819094406,1048
1,staging,C2,B_pad,2,27.297703250506842,637,53.153452209318395,19.6543463403649,16.298442630010694,1048
2,picking,C2,B_pad,2,27.761080291691638,641,59.4243332720263,19.98797781001795,16.959152825701167,1048
1,staging,C3,B_pad,2,25.172134994132144,231,48.67216125773385,18.123937195775152,15.449681927728617,1048
2,picking,C3,B_pad,2,25.859979232973686,229,55.437106843802056,18.619185047741055,15.755324927253055,1048
1,staging,C4,B_pad,2,26.137913195292196,611,51.920781282452715,18.81929750061037,16.317531024183793,1048
2,picking,C4,B_pad,2,27.09357084660476,615,54.01928857204124,19.50737100955541,16.8202866537503,1048
1,staging,C1,B_pad,2,16.86744874058698,2,25.519378116263518,12.144563093222626,7.029243792982319,1049
2,picking,C1,B_pad,2,18.333936324182286,3,112.51664047283352,13.200434153411248,10.522438164290485,1049
1,staging,C2,B_pad,2,28.359013024137713,611,85.16868464265382,20.41848937737915,17.326036247530368,1049
2,picking,C2,B_pad,2,27.661786988513086,616,76.9077163603492,19.9164866317294,16.66186793196472,1049
1,staging,C3,B_pad,2,26.05828001648714,252,74.21417174264477,18.761961611870753,16.237845073627454,1049
2,picking,C3,B_pad,2,26.236658460873226,251,70.11952989795259,18.890394091828732,15.826128844953256,1049
1,staging,C4,B_pad,2,27.004666667504324,586,75.63556884190416,19.443360000603125,16.93081816991994,1049
2,picking,C4,B_pad,2,27.13435676988958,586,76.28235804761971,19.53673687432049,16.928752676241825,1049
1,staging,C1,B_pad,2,16.182252177275284,3,4.4278579886022875,11.651221567638206,10.528632193700156,1050
2,picking,C1,B_pad,2,10.75493953531152,2,23.40948246202473,7.7435564654242945,7.011644055177152,1050
1,staging,C2,B_pad,2,28.39895064347277,650,76.14967824629399,20.44724446330039,17.174395548096246,1050
2,picking,C2,B_pad,2,27.621418699179067,658,69.35277012042135,19.887421463408916,16.975714034114443,1050
1,staging,C3,B_pad,2,25.21906747595033,234,73.44817197445518,18.157728582684236,15.720166737505853,1050
2,picking,C3,B_pad,2,26.552604964071076,235,57.872486983484606,19.11787557413118,16.272345204196032,1050
1,staging,C4,B_pad,2,27.435607011702434,622,67.15479393937859,19.753637048425755,17.25979202080512,1050
2,picking,C4,B_pad,2,26.82097739797807,630,70.64740860166921,19.31110372654419,16.76198422807224,1050
1,staging,C1,B_pad,2,16.11485206981009,3,75.81470753124158,11.602693490263267,10.527357795772428,1051
2,picking,C1,B_pad,2,11.16617466749176,2,0.0,8.039645760594066,7.011826104541895,1051
1,staging,C2,B_pad,2,29.27997888234443,621,94.58388648189637,21.08158479528799,17.56809975670444,1051
2,picking,C2,B_pad,2,29.87310385851547,611,93.31257219525786,21.508634778131082,17.8796396991655,1051
1,staging,C3,B_pad,2,27.83303109578697,252,89.40461326116855,20.039782388966607,16.57103651674643,1051
2,picking,C3,B_pad,2,27.57889453021276,255,93.6270306460852,19.856804061753195,16.933152898594273,1051
1,staging,C4,B_pad,2,28.057620580174188,588,83.23404798923028,20.20148681772541,17.35383426547399,1051
2,picking,C4,B_pad,2,28.785381299544333,582,89.59012065656292,20.725474535671907,17.95273852372929,1051
1,staging,C1,B_pad,2,17.28152314410618,3,15.054240126048535,12.442696663756452,10.517054607845878,1052
2,picking,C1,B_pad,2,11.101781179467459,2,0.0,7.99328244921657,7.012644124047222,1052
1,staging,C2,B_pad,2,28.24429097633584,639,69.97782950134113,20.33588950296179,16.97763511969512,1052
2,picking,C2,B_pad,2,27.927012594685426,638,61.05873400430484,20.1074490681735,16.880287507156176,1052
1,staging,C3,B_pad,2,25.415569032223946,267,60.970771494758196,18.299209703201235,15.572259533585541,1052
2,picking,C3,B_pad,2,26.905658635920936,266,69.30736912048181,19.372074217863076,16.30391810252056,1052
1,staging,C4,B_pad,2,27.199064641959325,614,64.40680404998595,19.583326542210685,16.764873929486075,1052
2,picking,C4,B_pad,2,27.56522290001756,617,65.23181205152474,19.84696048801264,17.010905571167743,1052
1,staging,C1,B_pad,2,15.829102233684067,3,62.097015566477175,11.396953608252527,10.526769975522665,1053
2,picking,C1,B_pad,2,16.586360795977388,3,0.0,11.942179773103721,10.529230675716615,1053
1,staging,C2,B_pad,2,27.972989368689976,644,69.37071907127147,20.140552345456783,17.090311233083728,1053
2,picking,C2,B_pad,2,28.42086359386317,641,77.83019877115717,20.463021787581447,17.35543941815564,1053
1,staging,C3,B_pad,2,26.210662937251776,254,74.4916178236308,18.871677314821284,16.053186348735675,1053
2,picking,C3,B_pad,2,26.540749898261073,252,85.87151885653238,19.10933992674797,16.49157450220471,1053
1,staging,C4,B_pad,2,27.411506448071222,621,71.08585734879021,19.736284642611277,17.120884607691494,1053
2,picking,C4,B_pad,2,27.404556457751966,617,72.4796356352392,19.731280649581393,17.209366043547874,1053
1,staging,C1,B_pad,2,17.99745006516973,3,4.033032072761853,12.958164046922205,10.529386208434488,1054
2,picking,C1,B_pad,2,16.516891739128493,3,0.0,11.892162052172512,10.521270550196295,1054
1,staging,C2,B_pad,2,29.337448920012378,626,89.18515947983799,21.12296322240884,17.57617715177117,1054
2,picking,C2,B_pad,2,28.816368704622143,619,75.72376681281153,20.747785467327898,17.401125441988913,1054
1,staging,C3,B_pad,2,27.033093527028335,270,87.96780520454374,19.463827339460405,16.10067165574067,1054
2,picking,C3,B_pad,2,27.719426816022164,268,72.25072661594032,19.957987307535966,16.99063215648831,1054
1,staging,C4,B_pad,2,28.385920549808404,598,82.36860299598666,20.43786279586203,17.507963281171303,1054
2,picking,C4,B_pad,2,28.117303218392127,597,68.98408909398229,20.24445831724227,17.351700423699885,1054
1,staging,C1,B_pad,2,15.681120994237213,3,0.0,11.290407115850794,10.530996672834597,1055
2,picking,C1,B_pad,2,11.181882861257424,2,0.0,8.050955660105346,7.021877972281111,1055
1,staging,C2,B_pad,2,29.207826869313745,655,71.26113052236727,21.029635345905888,17.67882040925861,1055
2,picking,C2,B_pad,2,29.242370593445223,663,74.6546837818837,21.0545068272805,17.646915346968317,1055
1,staging,C3,B_pad,2,27.47650467237254,268,73.41347442980107,19.783083364108244,16.920249678133498,1055
2,picking,C3,B_pad,2,27.108687451631702,268,71.25279557769453,19.51825496517483,16.498039201401323,1055
1,staging,C4,B_pad,2,28.51330239826133,629,70.20840517610635,20.529577726748116,17.63329014656205,1055
2,picking,C4,B_pad,2,28.07935279536955,632,68.2620279690282,20.217134012666055,17.566251165220446,1055
1,staging,C1,B_pad,2,16.103416916052655,3,0.0,11.594460179557913,10.5199470325283,1056
2,picking,C1,B_pad,2,17.570529788552665,3,0.0,12.650781447757918,10.520167423995217,1056
1,staging,C2,B_pad,2,28.952547496407234,640,65.73801653960793,20.84583419741317,17.455284883714498,1056
2,picking,C2,B_pad,2,28.060238959713228,639,64.27011512924746,20.20337205099352,16.666563524713233,1056
1,staging,C3,B_pad,2,26.497778599342876,258,63.86750986244524,19.078400591526876,16.273478605939697,1056
2,picking,C3,B_pad,2,26.4308153431144,258,67.52079317679859,19.03018704704237,15.881088028727731,1056
1,staging,C4,B_pad,2,27.665005041819946,608,61.26425629267307,19.918803630110357,17.07563603177295,1056
2,picking,C4,B_pad,2,27.428688028899362,610,61.069406246219934,19.748655380807516,16.909323487765903,1056
1,staging,C1,B_pad,3,11.17544447494738,2,0.0,8.046320021962114,7.017214268875158,1007
2,picking,C1,B_pad,3,11.522426057717059,2,0.0,8.296146761556283,7.020247726102754,1007
3,staging,C1,B_pad,3,5.1360780194160345,1,0.0,3.697976173979545,3.5130773652805676,1007
1,staging,C2,B_pad,3,18.753989495516702,440,5.23982427531478,13.502872436772057,11.524160636720495,1007
2,picking,C2,B_pad,3,19.794344315228237,432,9.669486927714729,14.25192790696437,12.040353980871085,1007
3,staging,C2,B_pad,3,18.629713620925113,435,4.669188359517876,13.413393807066111,11.055969187111588,1007
1,staging,C3,B_pad,3,17.502264501471455,159,7.776162769878643,12.601630441059433,10.616359728123163,1007
2,picking,C3,B_pad,3,18.023256482775512,158,12.767499722274481,12.976744667598366,11.107136234864418,1007
3,staging,C3,B_pad,3,17.74988792607682,160,7.585120082722696,12.779919306775307,10.901404197043332,1007
1,staging,C4,B_pad,3,18.921016222338537,417,4.471222246788742,13.623131680083768,11.764007937878173,1007
2,picking,C4,B_pad,3,18.257291757507087,414,8.805802338579792,13.145250065405143,11.47549278906385,1007
3,staging,C4,B_pad,3,17.90825438192471,419,4.28466897634982,12.893943154985822,11.2526497444278,1007
1,staging,C1,B_pad,3,10.773625557311608,2,0.0,7.757010401264358,7.023827805705925,1008
2,picking,C1,B_pad,3,10.547762604593109,2,0.0,7.594389075307038,7.019846122741638,1008
3,staging,C1,B_pad,3,6.113620742351254,1,0.0,4.401806934492904,3.514729433962406,1008
1,staging,C2,B_pad,3,19.018154039379162,433,4.551491230163951,13.693070908353022,11.43521905436408,1008
2,picking,C2,B_pad,3,18.842814737391002,430,4.400599121711407,13.566826610921558,11.523013756023488,1008
3,staging,C2,B_pad,3,17.251298063569028,436,3.6300586957749603,12.420934605769736,10.460559440911496,1008
1,staging,C3,B_pad,3,17.323939924407565,158,8.593676517514643,12.473236745573452,10.770306211351723,1008
2,picking,C3,B_pad,3,17.22459113557141,157,5.358361643045997,12.401705617611418,10.523084062489975,1008
3,staging,C3,B_pad,3,16.102197663116485,156,6.146200078091624,11.59358231744387,9.950449918719256,1008
1,staging,C4,B_pad,3,18.193773860679215,416,4.562526145013867,13.099517179689071,11.380079396170924,1008
2,picking,C4,B_pad,3,18.6630761492998,414,4.443775463338074,13.437414827495891,11.679923681823816,1008
3,staging,C4,B_pad,3,16.599298591271243,419,2.532725383328549,11.951494985715343,10.245428062193202,1008
1,staging,C1,B_pad,3,10.8276139966441,2,0.0,7.795882077583753,7.016293869825379,1009
2,picking,C1,B_pad,3,11.453819283042451,2,0.0,8.246749883790566,7.018424942648187,1009
3,staging,C1,B_pad,3,10.830948791365733,2,0.0,7.798283129783327,7.0184548168049945,1009
1,staging,C2,B_pad,3,19.815829853553574,427,13.03445157888665,14.267397494558615,12.021186928871977,1009
2,picking,C2,B_pad,3,19.09983213962312,428,6.562412676202415,13.751879140528695,11.594181195987225,1009
3,staging,C2,B_pad,3,20.509639843975947,429,10.545812110611703,14.766940687662698,12.283305504419538,1009
1,staging,C3,B_pad,3,17.850925865193204,173,8.301410964840013,12.852666622939108,11.085606887984882,1009
2,picking,C3,B_pad,3,18.613055213795107,174,12.08533120700688,13.401399753932477,11.515006053188621,1009
3,staging,C3,B_pad,3,18.871701882117982,172,10.491456154686157,13.587625355124956,11.390960296982106,1009
1,staging,C4,B_pad,3,19.42712501617381,410,12.615634295151247,13.987530011645184,12.165957542616196,1009
2,picking,C4,B_pad,3,19.084009206836047,410,6.026384196566391,13.740486628921992,11.876258449939339,1009
3,staging,C4,B_pad,3,19.118670093763335,408,7.438760477394099,13.765442467509637,11.732402081167626,1009
1,staging,C1,B_pad,3,11.953773924841748,2,0.0,8.60671722588606,7.020107586998593,1010
2,picking,C1,B_pad,3,10.839048982905366,2,0.0,7.804115267691865,7.023703740922678,1010
3,staging,C1,B_pad,3,10.755860791634978,2,0.0,7.7442197699771835,7.012215135725948,1010
1,staging,C2,B_pad,3,18.659446768865898,436,6.837212435593538,13.434801673583488,11.266860376545399,1010
2,picking,C2,B_pad,3,19.104186289467464,436,4.346552504787122,13.755014128416597,11.48805586174083,1010
3,staging,C2,B_pad,3,18.354209564953408,438,1.388261554003114,13.215030886766492,11.285638003138985,1010
1,staging,C3,B_pad,3,17.148946502054883,165,9.428008824452894,12.347241481479516,10.415817658126986,1010
2,picking,C3,B_pad,3,17.239045907693807,164,2.4015383598556856,12.412113053539546,10.58626171805777,1010
3,staging,C3,B_pad,3,17.936911674054794,163,5.287596787644409,12.914576405319453,10.870735794540218,1010
1,staging,C4,B_pad,3,18.021857814476718,423,5.470880644720783,12.97573762642327,11.233510504357398,1010
2,picking,C4,B_pad,3,18.47528660017968,421,4.341815707366683,13.302206352129405,11.505547168088263,1010
3,staging,C4,B_pad,3,17.906106698578053,423,1.0017921158700753,12.892396822976218,11.196691013423996,1010
1,staging,C1,B_pad,3,10.830424968137308,2,27.025033847347732,7.797905977058864,7.018115379352977,1011
2,picking,C1,B_pad,3,12.169933685345082,2,0.0,8.762352253448459,7.0188299791054,1011
3,staging,C1,B_pad,3,5.357291003900358,1,0.0,3.8572495228082575,3.51407202024125,1011
1,staging,C2,B_pad,3,19.49969781129616,444,7.418030595429512,14.039782424133273,11.921447228565881,1011
2,picking,C2,B_pad,3,19.884513403895767,446,12.842591188710564,14.316849650804997,11.95894639534096,1011
3,staging,C2,B_pad,3,19.432562483646603,446,5.661825797110879,13.991444988225622,12.034664832734235,1011
1,staging,C3,B_pad,3,18.348504911281506,166,9.556043756980358,13.210923536122683,11.254101805167332,1011
2,picking,C3,B_pad,3,18.208819459779257,165,13.215119089711303,13.110350011041078,11.313567902525348,1011
3,staging,C3,B_pad,3,17.88044607315809,165,2.822631303921554,12.873921172673821,11.172333104590125,1011
1,staging,C4,B_pad,3,18.43051383985831,429,7.931877464428868,13.269969964698038,11.431813617268695,1011
2,picking,C4,B_pad,3,19.46340129478003,433,11.985273026028608,14.013648932241654,12.107122112507938,1011
3,staging,C4,B_pad,3,19.517065529219742,430,4.957917676936963,14.052287181038263,12.243150504642205,1011
1,staging,C1,B_pad,3,10.818651937058085,2,0.0,7.789429394681822,7.0104864552136394,1012
2,picking,C1,B_pad,3,10.495267785765822,2,0.0,7.556592805751393,7.028446035171294,1012
3,staging,C1,B_pad,3,5.138717254453084,1,0.0,3.699876423206221,3.514882602045909,1012
1,staging,C2,B_pad,3,18.205332609478408,412,6.125161131119397,13.107839478824475,10.938423901369681,1012
2,picking,C2,B_pad,3,18.280236326346078,406,9.861088214447442,13.16177015496922,11.179004574678567,1012
3,staging,C2,B_pad,3,18.66980362002339,409,9.356987025127069,13.442258606416885,11.552081060827241,1012
1,staging,C3,B_pad,3,17.151749196685618,146,3.4125909697286025,12.349259421613642,10.681780118427723,1012
2,picking,C3,B_pad,3,17.125694364258855,144,12.459452770913838,12.330499942266378,10.507710342948096,1012
3,staging,C3,B_pad,3,16.686316192337678,145,11.634670598089906,12.014147658483136,10.462037228867556,1012
1,staging,C4,B_pad,3,17.549361171194917,394,5.109045837973045,12.635540043260374,10.898448949308928,1012
2,picking,C4,B_pad,3,18.079120715770355,388,10.20423021974466,13.016966915354688,11.32863223881004,1012
3,staging,C4,B_pad,3,17.954996091764876,394,9.930761853540124,12.92759718607075,11.312845015423191,1012
1,staging,C1,B_pad,3,10.474655900731987,2,0.0,7.541752248527031,7.014471663143368,1013
2,picking,C1,B_pad,3,10.275003377792746,2,0.0,7.398002432010777,7.0281023104102385,1013
3,staging,C1,B_pad,3,10.552896134145422,2,0.0,7.598085216584705,7.022955057499335,1013
1,staging,C2,B_pad,3,19.38295338381879,423,4.638962064373416,13.95572643634956,11.792263406867471,1013
2,picking,C2,B_pad,3,18.748271740498147,433,10.367954178763823,13.49875565315872,11.492791633008224,1013
3,staging,C2,B_pad,3,19.766321026289198,426,8.616943370960211,14.231751138928256,11.795036892622877,1013
1,staging,C3,B_pad,3,18.94604365052551,169,5.962980660250646,13.641151428378363,11.062877166505897,1013
2,picking,C3,B_pad,3,18.13729140009074,171,14.38811727897606,13.058849808065332,11.37330800036537,1013
3,staging,C3,B_pad,3,17.418417312958383,170,16.971286594069056,12.54126046533004,10.743302216159526,1013
1,staging,C4,B_pad,3,18.51165172565865,415,5.9659739073699365,13.328389242474254,11.6379445180646,1013
2,picking,C4,B_pad,3,18.406921815054474,413,7.947679280567892,13.252983706839256,11.514627916322265,1013
3,staging,C4,B_pad,3,19.28061529520623,409,7.543154401858108,13.882043012548527,11.824852831445043,1013
1,staging,C1,B_pad,3,10.829801283229505,2,0.0,7.797456923925244,7.0177112315327195,1014
2,picking,C1,B_pad,3,10.541029656341383,2,0.0,7.589541352565796,7.015482897744117,1014
3,staging,C1,B_pad,3,5.406896241159901,1,0.0,3.8929652936351293,3.5036687642716164,1014
1,staging,C2,B_pad,3,17.876061468900726,409,8.65896809576277,12.870764257608561,10.788164810558996,1014
2,picking,C2,B_pad,3,18.78361892071872,407,10.382790847643065,13.524205622917526,11.32230164548472,1014
3,staging,C2,B_pad,3,18.0684339392695,411,7.740959792483628,13.00927243627408,10.819924215282732,1014
1,staging,C3,B_pad,3,16.545738102715728,146,13.150982307352153,11.91293143395532,9.969508149687359,1014
2,picking,C3,B_pad,3,17.64309860890947,145,15.491285548976382,12.703030998414832,10.934126321967828,1014
3,staging,C3,B_pad,3,16.56667390548245,144,3.5208860417289696,11.92800521194736,9.829684186580895,1014
1,staging,C4,B_pad,3,17.78577415178924,391,11.20471980665671,12.805757389288294,11.103978803570444,1014
2,picking,C4,B_pad,3,17.16052111767055,390,6.452723850617514,12.35557520472283,10.776663306686798,1014
3,staging,C4,B_pad,3,17.483195988429202,392,7.879751390018593,12.587901111669058,10.932109672180317,1014
1,staging,C1,B_pad,3,11.113281255159887,2,0.0,8.001562503715117,7.019441807400339,1015
2,picking,C1,B_pad,3,12.23026644271464,2,0.0,8.805791838754542,7.015250474666072,1015
3,staging,C1,B_pad,3,10.82292701891985,2,0.0,7.792507453622292,7.013256708260063,1015
1,staging,C2,B_pad,3,19.841300768924473,427,16.347530415609626,14.285736553625652,12.0676243665378,1015
2,picking,C2,B_pad,3,19.77906461428888,427,9.53257704017329,14.240926522288017,11.953278004405409,1015
3,staging,C2,B_pad,3,19.11731610751686,428,12.725129952222654,13.764467597412184,11.522806960907477,1015
1,staging,C3,B_pad,3,18.846848505471332,164,19.509183522837514,13.569730923939364,11.398632001519193,1015
2,picking,C3,B_pad,3,18.214709198345385,162,10.523711375359419,13.114590622808683,11.080164012664845,1015
3,staging,C3,B_pad,3,18.113283706307307,162,13.20431310742939,13.041564268541268,11.037180753920376,1015
1,staging,C4,B_pad,3,18.983659456595028,410,12.596305285560229,13.668234808748469,11.704182498555966,1015
2,picking,C4,B_pad,3,18.87656464109707,413,13.441405556302039,13.591126541589924,11.663095344523791,1015
3,staging,C4,B_pad,3,19.209150384977068,408,10.853334795866685,13.83058827718352,12.05879259988203,1015
1,staging,C1,B_pad,3,11.101121555637812,2,0.0,7.992807520059225,7.0119993960680596,1016
2,picking,C1,B_pad,3,10.843282421582714,2,14.93348620809799,7.807163343539555,7.026447009185599,1016
3,staging,C1,B_pad,3,5.410926190993749,1,0.0,3.8958668575154984,3.5062801717639487,1016
1,staging,C2,B_pad,3,19.999389293143025,441,15.116635112596176,14.399560291063008,12.047114267096777,1016
2,picking,C2,B_pad,3,19.700127322781004,441,11.747760207269634,14.184091672402332,11.991959192618053,1016
3,staging,C2,B_pad,3,18.555826917573164,438,11.328082995540194,13.360195380652726,11.277896991064903,1016
1,staging,C3,B_pad,3,18.846772766697995,165,19.371299383240366,13.569676392022565,11.36450836396931,1016
2,picking,C3,B_pad,3,17.923006785913014,167,16.855051353523674,12.904564885857368,10.9487783540249,1016
3,staging,C3,B_pad,3,17.306265233400033,166,10.830138823905349,12.460510968048023,10.877062387542956,1016
1,staging,C4,B_pad,3,19.55193453857456,419,12.372871513060689,14.077392867773714,12.271833978618043,1016
2,picking,C4,B_pad,3,18.253065529543303,423,14.967880689676035,13.142207181271203,11.37980777026926,1016
3,staging,C4,B_pad,3,18.44533395166429,418,9.194375775588174,13.280640445198326,11.524162035225752,1016
1,staging,C1,B_pad,3,10.762176905095457,2,0.0,7.748767371668729,7.0164092989315785,1017
2,picking,C1,B_pad,3,10.557133102996264,2,0.0,7.6011358341573105,7.025809423887967,1017
3,staging,C1,B_pad,3,17.23788266262945,2,0.0,12.411275517093204,7.011196633993768,1017
1,staging,C2,B_pad,3,17.4219632275317,407,6.827072672146476,12.543813523822857,10.596872238568496,1017
2,picking,C2,B_pad,3,18.748284666237076,404,6.937142258834588,13.498764959690728,11.538959846478738,1017
3,staging,C2,B_pad,3,17.748939468512575,410,3.888099241563786,12.77923641732909,10.77050495204205,1017
1,staging,C3,B_pad,3,16.350685840072828,154,9.669642983064069,11.772493804852434,9.982008519587845,1017
2,picking,C3,B_pad,3,17.15480233093357,152,7.591812941355977,12.35145767827217,10.611846130538247,1017
3,staging,C3,B_pad,3,16.79912079963603,152,4.691133052264964,12.095366975737946,10.298791752558516,1017
1,staging,C4,B_pad,3,17.367700252537034,396,5.61816504236374,12.504744181826718,10.969970847017171,1017
2,picking,C4,B_pad,3,17.89915667323815,388,3.4465011546785607,12.887392804731483,11.201057082179007,1017
3,staging,C4,B_pad,3,17.075904560357895,392,5.6599097819338455,12.294651283457718,10.624086885670884,1017
1,staging,C1,B_pad,3,12.573453769480816,2,0.0,9.052886714026187,7.015339916245508,1018
2,picking,C1,B_pad,3,11.17401172203726,2,0.0,8.045288439866827,7.016894170850383,1018
3,staging,C1,B_pad,3,5.3439824509263865,1,0.0,3.8476673646669983,3.505342381772538,1018
1,staging,C2,B_pad,3,18.294673049996852,418,8.63330302051355,13.172164595997772,11.269210665049187,1018
2,picking,C2,B_pad,3,18.012286235388014,417,5.206477796695035,12.96884608947942,11.013757109997563,1018
3,staging,C2,B_pad,3,18.586435715108742,420,11.309645982571404,13.382233714878327,11.296416895679197,1018
1,staging,C3,B_pad,3,17.33508383964114,154,10.172961139340723,12.481260364541615,10.44753946728699,1018
2,picking,C3,B_pad,3,16.87965490030869,154,8.573364487820884,12.153351528222263,10.55329947055868,1018
3,staging,C3,B_pad,3,16.704789573690288,153,7.05657706572897,12.02744849305701,10.45829952004347,1018
1,staging,C4,B_pad,3,17.863719827238587,399,8.301924165534436,12.861878275611815,11.196324212460903,1018
2,picking,C4,B_pad,3,17.721522282256508,402,6.587104824281801,12.75949604322472,11.229224234319746,1018
3,staging,C4,B_pad,3,17.677525724423237,405,9.528779662427512,12.727818521584775,11.036197335056409,1018
1,staging,C1,B_pad,3,11.225838714039606,2,0.0,8.082603874108518,7.012842901401612,1019
2,picking,C1,B_pad,3,12.250088866082724,2,6.5740707894325165,8.82006398357956,7.027470691325167,1019
3,staging,C1,B_pad,3,6.814055997323082,1,0.0,4.906120318072619,3.506562983714985,1019
1,staging,C2,B_pad,3,18.758682561967948,432,8.407744809766053,13.506251444616957,11.497077627518557,1019
2,picking,C2,B_pad,3,19.051238838504155,433,8.47031838873023,13.716891963723025,11.604375868628063,1019
3,staging,C2,B_pad,3,18.837555305476986,433,9.530541152600632,13.563039819943462,11.48453419140647,1019
1,staging,C3,B_pad,3,16.848553549798442,145,8.735570625118518,12.13095855585488,10.5061809140638,1019
2,picking,C3,B_pad,3,18.349055644360835,146,10.012240498745639,13.211320063939802,11.484858179675156,1019
3,staging,C3,B_pad,3,16.829269453885487,146,5.607892578342196,12.117074006797557,10.39692302763735,1019
1,staging,C4,B_pad,3,18.49112392092755,415,8.607932142541134,13.313609223067878,11.652966261156715,1019
2,picking,C4,B_pad,3,18.617162740938674,412,7.985899981912516,13.404357173475878,11.639607846102273,1019
3,staging,C4,B_pad,3,17.81107082815408,414,9.065400374937003,12.823970996270964,11.16080246918299,1019
1,staging,C1,B_pad,3,16.186356647598988,3,0.0,11.654176786271272,10.531243801381619,1020
2,picking,C1,B_pad,3,10.748564093250812,2,0.0,7.738966147140584,7.007505385064789,1020
3,staging,C1,B_pad,3,10.825511608815095,2,0.0,7.794368358346867,7.014931522512181,1020
1,staging,C2,B_pad,3,20.33054402206826,418,6.660132375707355,14.637991695889177,12.34465340236397,1020
2,picking,C2,B_pad,3,20.41444491997177,419,13.063278007900385,14.6984003423797,12.026866317882341,1020
3,staging,C2,B_pad,3,19.6411606948345,417,6.87815281034109,14.14163570028087,11.776383210934673,1020
1,staging,C3,B_pad,3,19.67295274161854,165,9.549787197089168,14.16452597396535,11.738309109373736,1020
2,picking,C3,B_pad,3,19.01963493055478,163,13.130522970174926,13.694137149999445,11.193309943563756,1020
3,staging,C3,B_pad,3,18.779389562818924,164,9.417614313637356,13.52116048522962,11.31534680984608,1020
1,staging,C4,B_pad,3,18.995991118628357,400,9.352938726322707,13.677113605412444,11.712424034157145,1020
2,picking,C4,B_pad,3,20.15565379247133,401,9.693212916578515,14.512070730579381,12.385053043088977,1020
3,staging,C4,B_pad,3,19.109431041341075,400,4.961728237553887,13.758790349765611,11.90109838797658,1020
1,staging,C1,B_pad,3,10.556413291478474,2,0.0,7.600617569864502,7.025335111567273,1021
2,picking,C1,B_pad,3,10.773026626101649,2,0.0,7.756579170793187,7.0234037809740215,1021
3,staging,C1,B_pad,3,5.42385866479945,1,0.0,3.905178238655604,3.5146604147900438,1021
1,staging,C2,B_pad,3,19.690175303548358,427,10.85056324331935,14.17692621855487,11.769893933697075,1021
2,picking,C2,B_pad,3,18.90759880665524,433,11.96757040482402,13.613471140791829,11.500095457272948,1021
3,staging,C2,B_pad,3,19.50845485338314,433,5.832348189110557,14.046087494435884,11.900132138583741,1021
1,staging,C3,B_pad,3,18.224026267763016,153,13.00938140615805,13.121298912789365,11.114615290082192,1021
2,picking,C3,B_pad,3,17.617387766757293,152,17.825640450481306,12.68451919206525,10.729778524246319,1021
3,staging,C3,B_pad,3,18.34792430000723,151,3.0502573622087197,13.210505496005197,11.16341972559017,1021
1,staging,C4,B_pad,3,18.56361534595022,416,12.90118248268359,13.365803049084207,11.744013874587315,1021
2,picking,C4,B_pad,3,19.03804675103828,415,7.14171038302239,13.70739366074761,11.785341823312194,1021
3,staging,C4,B_pad,3,18.660498838112787,410,6.612676155168739,13.435559163441258,11.523126942765364,1021
1,staging,C1,B_pad,3,10.702121489516509,2,0.0,7.705527472451886,7.019970663559656,1022
2,picking,C1,B_pad,3,11.185706439475949,2,0.0,8.053708636422684,7.0240739885459575,1022
3,staging,C1,B_pad,3,11.456959327335834,2,0.0,8.249010715681802,7.020472784775223,1022
1,staging,C2,B_pad,3,18.806879043525953,443,6.394136146611712,13.540952911338742,11.47459925607278,1022
2,picking,C2,B_pad,3,17.548208917900975,447,4.358199721789664,12.634710420888732,10.758668247681412,1022
3,staging,C2,B_pad,3,19.086845795528067,441,5.834611178545856,13.742528972780251,11.521713670608941,1022
1,staging,C3,B_pad,3,17.02129768227484,162,5.430047415981974,12.255334331237885,10.605128664323187,1022
2,picking,C3,B_pad,3,16.261768407682833,162,4.989886428539298,11.708473253531642,9.963026427497413,1022
3,staging,C3,B_pad,3,17.949865623549353,161,6.917715130586127,12.923903248955533,11.077467473890836,1022
1,staging,C4,B_pad,3,18.25781453141359,431,6.851774974290374,13.145626462617834,11.408128426218214,1022
2,picking,C4,B_pad,3,17.84773065516412,428,4.882389345403436,12.850366071718195,11.139756063342379,1022
3,staging,C4,B_pad,3,17.725474684675603,426,4.746810111261129,12.76234177296647,11.102291129246987,1022
1,staging,C1,B_pad,3,10.752400604609571,2,0.0,7.741728435318894,7.009959388474339,1023
2,picking,C1,B_pad,3,10.776336098713829,2,30.34457918121916,7.758961991073957,7.025623111041556,1023
3,staging,C1,B_pad,3,5.42243118255498,1,0.0,3.904150451439585,3.5137354062956265,1023
1,staging,C2,B_pad,3,17.502921771666195,414,7.315022585482312,12.602103675599686,10.55907203746168,1023
2,picking,C2,B_pad,3,17.83562293995009,409,11.45545905880177,12.841648516764103,10.754806429705955,1023
3,staging,C2,B_pad,3,17.50137420844027,415,5.439341015106004,12.600989430077025,10.377328327533046,1023
1,staging,C3,B_pad,3,16.33615079974906,136,12.344421527172408,11.762028575819322,9.768267534083689,1023
2,picking,C3,B_pad,3,16.05132477439783,135,10.538528945573884,11.556953837566448,9.951048600237172,1023
3,staging,C3,B_pad,3,16.12466159997056,135,6.424920078103238,11.609756351978797,9.833098181257652,1023
1,staging,C4,B_pad,3,16.492024422614875,391,5.773070297792942,11.874257584282736,10.309861115389372,1023
2,picking,C4,B_pad,3,16.846734696306118,391,11.110965974914317,12.129648981340438,10.588845287896497,1023
3,staging,C4,B_pad,3,16.96226080603029,387,6.800080554636888,12.212827780341831,10.636361502525906,1023
1,staging,C1,B_pad,3,10.765823077275186,2,0.0,7.751392615638136,7.018822448222796,1024
2,picking,C1,B_pad,3,10.247822133176026,2,0.0,7.378431935886738,7.009510339092401,1024
3,staging,C1,B_pad,3,5.4056139418721205,1,0.0,3.892042038147927,3.502837834333134,1024
1,staging,C2,B_pad,3,18.978592546542334,415,14.222501832891083,13.664586633510531,11.438085688284453,1024
2,picking,C2,B_pad,3,18.633817122139074,416,17.863469946217943,13.41634832794018,11.123615976296236,1024
3,staging,C2,B_pad,3,18.485395666575137,418,11.003819335383278,13.309484879934143,11.05538562373451,1024
1,staging,C3,B_pad,3,17.3828795786767,141,15.199461879021959,12.515673296647227,10.439024471691212,1024
2,picking,C3,B_pad,3,17.370282397041265,142,10.698162071281198,12.506603325869708,10.450031182295586,1024
3,staging,C3,B_pad,3,17.303914627570478,144,13.11237144077799,12.458818531850753,10.52974434033117,1024
1,staging,C4,B_pad,3,17.688314965527365,401,12.239511879843835,12.735586775179737,10.974683069586927,1024
2,picking,C4,B_pad,3,18.465125478166666,397,15.529838743887304,13.294890344280049,11.256783419499962,1024
3,staging,C4,B_pad,3,18.173344362251324,401,10.463539196965993,13.084807940820987,11.270120799228302,1024
1,staging,C1,B_pad,3,12.16288865458634,2,0.0,8.757279831302164,7.014382445864424,1025
2,picking,C1,B_pad,3,6.092718511197495,1,0.0,4.386757328062196,3.502712710948712,1025
3,staging,C1,B_pad,3,10.543484018404719,2,0.0,7.591308493251399,7.017152540497078,1025
1,staging,C2,B_pad,3,19.00981599995607,439,4.4303068826176615,13.687067519968428,11.606000854288785,1025
2,picking,C2,B_pad,3,18.824926550151208,438,10.991700388606876,13.55394711610893,11.426253051552447,1025
3,staging,C2,B_pad,3,19.634010757411126,437,8.131165426165516,14.136487745336042,11.851969196794363,1025
1,staging,C3,B_pad,3,18.199449315179898,159,6.9194998511532,13.103603506929526,11.409188993759916,1025
2,picking,C3,B_pad,3,17.78397335642916,157,9.2513068415197,12.804460816628996,10.902089385625864,1025
3,staging,C3,B_pad,3,17.185791828348382,158,9.97257665762158,12.373770116410839,10.46135307173087,1025
1,staging,C4,B_pad,3,18.482348182963882,423,4.2004985954905605,13.30729069173405,11.552446737875117,1025
2,picking,C4,B_pad,3,18.58808068099372,421,10.48213430743954,13.38341809031553,11.555144155057972,1025
3,staging,C4,B_pad,3,18.546752525137762,419,8.112867477919323,13.353661818099216,11.645104543647873,1025
1,staging,C1,B_pad,3,11.18735874014014,2,0.0,8.054898292900901,7.025055070951241,1026
2,picking,C1,B_pad,3,15.948176422584334,3,0.0,11.48268702426072,10.51896830929249,1026
3,staging,C1,B_pad,3,10.7705329805371,2,0.0,7.754783745986714,7.02183924023308,1026
1,staging,C2,B_pad,3,20.233244238514782,433,5.240677434656508,14.56793585173067,12.311297892727403,1026
2,picking,C2,B_pad,3,20.449890233193404,432,10.108947279239263,14.723920967899268,12.283262911584517,1026
3,staging,C2,B_pad,3,19.804298963238313,431,9.844243003057034,14.25909525353161,12.04969070505392,1026
1,staging,C3,B_pad,3,17.725584661144328,184,6.271870839176574,12.762420956023908,11.127381376776706,1026
2,picking,C3,B_pad,3,19.09461980306462,183,10.297282412271516,13.748126258206536,11.624520014761806,1026
3,staging,C3,B_pad,3,19.48496240898887,183,9.393330443084661,14.02917293447198,11.87290148700144,1026
1,staging,C4,B_pad,3,19.459890967826947,418,5.571608494620155,14.01112149683545,12.234336799235335,1026
2,picking,C4,B_pad,3,19.501527306274973,416,10.307218390187453,14.041099660518,11.985581322404533,1026
3,staging,C4,B_pad,3,19.837059706330095,417,9.904623019483555,14.282682988557696,12.319527832170412,1026
1,staging,C1,B_pad,3,10.821261606127331,2,0.0,7.791308356411679,7.012177520770511,1027
2,picking,C1,B_pad,3,10.754902861892115,2,0.0,7.743530060562323,7.011667255234546,1027
3,staging,C1,B_pad,3,5.352359272216187,1,0.0,3.853698675995655,3.510837090439964,1027
1,staging,C2,B_pad,3,19.756416604335914,421,7.038894141579208,14.22461995512189,11.87559325167109,1027
2,picking,C2,B_pad,3,18.971910739174714,429,13.53689290440313,13.659775732205842,11.31414256402383,1027
3,staging,C2,B_pad,3,19.47084636808268,426,8.534258535209505,14.019009385019542,11.567501606305894,1027
1,staging,C3,B_pad,3,17.59807572509217,161,7.129140104041673,12.670614522066364,10.776564686881331,1027
2,picking,C3,B_pad,3,17.337763012932918,159,13.78834950428447,12.483189369311697,10.453303693014227,1027
3,staging,C3,B_pad,3,19.342561122888526,160,7.6794603550507174,13.926644008479734,11.429314351849683,1027
1,staging,C4,B_pad,3,18.912744838621855,409,9.332154421628271,13.61717628380776,11.670634367897689,1027
2,picking,C4,B_pad,3,18.833356210679273,405,8.747961407851442,13.560016471689119,11.68950345897412,1027
3,staging,C4,B_pad,3,18.508481634199004,407,7.87937239899216,13.326106776623323,11.264488484017889,1027
1,staging,C1,B_pad,3,12.91566441868357,2,0.0,9.299278381452172,7.014619911458203,1028
2,picking,C1,B_pad,3,10.822350943990006,2,0.0,7.792092679672805,7.012883411705525,1028
3,staging,C1,B_pad,3,5.4168014074245745,1,0.0,3.900097013345693,3.5100873120111236,1028
1,staging,C2,B_pad,3,17.76338202130945,452,7.164146735420861,12.789635055342863,10.757515105014107,1028
2,picking,C2,B_pad,3,18.68439386921703,449,5.097187854222401,13.452763585836294,11.360900402570891,1028
3,staging,C2,B_pad,3,17.830952121270784,446,5.193975204996904,12.838285527315023,10.785564016478974,1028
1,staging,C3,B_pad,3,17.637961310796726,145,7.778835463312657,12.699332143773644,10.638598814889457,1028
2,picking,C3,B_pad,3,16.331047501371224,144,4.801734356494,11.758354200987288,10.208872713965418,1028
3,staging,C3,B_pad,3,15.818869625054235,145,5.807063217933163,11.389586130039048,9.61457593272549,1028
1,staging,C4,B_pad,3,17.980576178897312,433,8.428401028077579,12.946014848806113,11.180059501407777,1028
2,picking,C4,B_pad,3,17.70873897035439,428,4.823581557477879,12.750292058655202,10.989804966075761,1028
3,staging,C4,B_pad,3,17.081840667357,435,4.585279198562917,12.298925280497087,10.62075394546931,1028
1,staging,C1,B_pad,3,12.238474119861301,2,0.0,8.811701366300138,7.0196621233601935,1029
2,picking,C1,B_pad,3,10.897949669665428,2,0.0,7.846523762159107,7.022004605173839,1029
3,staging,C1,B_pad,3,10.824678983010447,2,0.0,7.793768867767521,7.014391980990769,1029
1,staging,C2,B_pad,3,20.020113336265922,411,12.214835756729325,14.414481602111492,12.083573967400339,1029
2,picking,C2,B_pad,3,18.871273277380045,416,15.132827343959454,13.587316759713662,11.2837187842728,1029
3,staging,C2,B_pad,3,19.670662930985376,414,14.412436795270423,14.162877310309515,11.852043735629652,1029
1,staging,C3,B_pad,3,18.26142966618363,156,8.125599428668677,13.148229359652225,11.315764215167603,1029
2,picking,C3,B_pad,3,17.587353237104978,155,21.046560825766075,12.66289433071558,10.894342991122917,1029
3,staging,C3,B_pad,3,19.013845483718985,156,16.915405999543797,13.689968748277671,11.151401971502697,1029
1,staging,C4,B_pad,3,19.287747643579394,394,6.768638974268348,13.887178303377201,12.08736010520526,1029
2,picking,C4,B_pad,3,18.642509119454168,390,13.75697410450036,13.422606566007039,11.533873865163075,1029
3,staging,C4,B_pad,3,18.462641583011546,395,16.148504668385325,13.293101939768354,11.461213628045556,1029
1,staging,C1,B_pad,3,10.846607670824268,2,0.0,7.809557522993472,7.028601770694125,1030
2,picking,C1,B_pad,3,11.525502727208716,2,0.0,8.298361963590276,7.021509638162174,1030
3,staging,C1,B_pad,3,5.409873761130771,1,0.0,3.8951091080141547,3.5055981972127395,1030
1,staging,C2,B_pad,3,18.843465432365196,437,3.864456868129297,13.567295111302974,11.251809068698414,1030
2,picking,C2,B_pad,3,18.46139044830127,440,6.542251726623106,13.292201122776937,11.233413838935869,1030
3,staging,C2,B_pad,3,18.522722103285133,444,3.3360804358569607,13.33635991436531,11.396153365101672,1030
1,staging,C3,B_pad,3,16.444160081407723,153,5.203474814131371,11.839795258613558,9.97879802221456,1030
2,picking,C3,B_pad,3,16.94962445495934,155,6.546099014560424,12.203729607570725,10.476899569946141,1030
3,staging,C3,B_pad,3,18.254160067223303,153,3.817363781852407,13.14299524840078,11.191839838602752,1030
1,staging,C4,B_pad,3,17.651448460277297,424,5.9079122346811825,12.709042891399665,11.108906274814624,1030
2,picking,C4,B_pad,3,17.911609522534093,418,5.855456707392888,12.896358856224584,11.21282705685839,1030
3,staging,C4,B_pad,3,18.380151190201445,422,1.4848604282657296,13.23370885694506,11.43558738550737,1030
1,staging,C1,B_pad,3,11.178700074795204,2,0.0,8.048664053852546,7.019484384995275,1031
2,picking,C1,B_pad,3,10.835612803513834,2,3.212337398224069,7.80164121852996,7.021477096676964,1031
3,staging,C1,B_pad,3,5.410160231375149,1,0.0,3.8953153665901077,3.505783829931097,1031
1,staging,C2,B_pad,3,17.535035430593965,430,5.0180219140451205,12.625225510027697,10.580806988908218,1031
2,picking,C2,B_pad,3,18.269933329546415,423,8.853972299283642,13.154351997273464,11.076183642700341,1031
3,staging,C2,B_pad,3,17.572061783303955,420,2.0529671520891006,12.651884483978893,10.698365791106124,1031
1,staging,C3,B_pad,3,16.675065456582068,144,4.908943776497583,12.006047128739098,10.103649541598589,1031
2,picking,C3,B_pad,3,15.856122980144905,143,11.988936385923614,11.416408545704332,9.77760065863698,1031
3,staging,C3,B_pad,3,16.644005931079793,143,4.880683615654058,11.983684270377458,10.329140785627398,1031
1,staging,C4,B_pad,3,17.390570971369172,408,4.3798583911647615,12.521211099385836,10.818731320109567,1031
2,picking,C4,B_pad,3,16.814664278950342,409,7.683257770741938,12.10655828084429,10.489260025250232,1031
3,staging,C4,B_pad,3,17.498107195029895,407,3.125067634330704,12.598637180421559,10.934003966243766,1031
1,staging,C1,B_pad,3,11.508457137507506,2,0.0,8.286089139005405,7.011298786829439,1032
2,picking,C1,B_pad,3,10.826166156953871,2,0.0,7.794839633006786,7.015355669706108,1032
3,staging,C1,B_pad,3,5.3499793577269354,1,0.0,3.851985137563393,3.5092760046391067,1032
1,staging,C2,B_pad,3,18.130649067768946,429,5.8544978479326595,13.054067328793678,11.018960503356732,1032
2,picking,C2,B_pad,3,18.386845058629522,431,5.1165101724502025,13.238528442213294,11.076064950787833,1032
3,staging,C2,B_pad,3,19.349204055348178,427,8.698132244705787,13.931426919850718,11.52330245157616,1032
1,staging,C3,B_pad,3,16.898753366778514,152,6.4003085920604255,12.167102424080523,10.39870055890317,1032
2,picking,C3,B_pad,3,17.057727675359143,154,6.313694078001194,12.28156392625858,10.346609963498791,1032
3,staging,C3,B_pad,3,17.678117081751346,152,7.557028218915068,12.728244298860973,10.733597083405963,1032
1,staging,C4,B_pad,3,17.782470511116234,409,5.655831313280694,12.803378768003734,11.162615172378041,1032
2,picking,C4,B_pad,3,17.438995561209016,408,5.5602011914437,12.556076804070512,10.86556024917984,1032
3,staging,C4,B_pad,3,18.303246989883984,406,7.671565706773168,13.178337832716496,11.397581437042245,1032
1,staging,C1,B_pad,3,11.519146430125906,2,0.0,8.29378542969065,7.0163184292895755,1033
2,picking,C1,B_pad,3,10.771302179837388,2,0.0,7.755337569482919,7.022351870682436,1033
3,staging,C1,B_pad,3,6.8133150721171045,1,0.0,4.905586851924315,3.5061816981925285,1033
1,staging,C2,B_pad,3,17.13844634054269,425,4.76275729354843,12.33968136519077,10.355704366993534,1033
2,picking,C2,B_pad,3,17.982823317977324,422,8.856918959777982,12.947632788943714,10.76433570703841,1033
3,staging,C2,B_pad,3,17.416778243763474,421,7.509508992140106,12.540080335509732,10.51997859079949,1033
1,staging,C3,B_pad,3,16.88390874399657,137,4.4134340933181795,12.156414295677534,10.011629760450788,1033
2,picking,C3,B_pad,3,15.89734747257181,139,8.825721388599693,11.4460901802517,9.643958226160752,1033
3,staging,C3,B_pad,3,15.790581746720763,139,9.801562756766417,11.369218857638945,9.806167954217575,1033
1,staging,C4,B_pad,3,17.48909439861615,407,6.8937916149786735,12.592147967003655,10.876252317751156,1033
2,picking,C4,B_pad,3,16.62857274354662,408,8.03886200900384,11.9725723753536,10.334627862794761,1033
3,staging,C4,B_pad,3,16.69704295995785,403,6.871732237573438,12.021870931169689,10.315777373174397,1033
1,staging,C1,B_pad,3,13.149729930442906,2,0.0,9.467805549918891,7.008688273195062,1034
2,picking,C1,B_pad,3,10.54071235519672,2,0.0,7.589312895741639,7.014950819819356,1034
3,staging,C1,B_pad,3,5.352723550668167,1,0.0,3.85396095648108,3.5110760359657425,1034
1,staging,C2,B_pad,3,18.000419900001287,423,6.9155352890206085,12.960302328000964,10.862150991372518,1034
2,picking,C2,B_pad,3,17.893390831758495,425,2.963226174919033,12.883241398866145,10.7550660830646,1034
3,staging,C2,B_pad,3,18.74136121588907,426,6.216819442767187,13.49378007544019,11.393825663538578,1034
1,staging,C3,B_pad,3,16.556834866682536,150,6.669220615968814,11.920921104011416,10.255906107462943,1034
2,picking,C3,B_pad,3,16.41281440935682,151,4.162907256383468,11.817226374736906,9.974473260607555,1034
3,staging,C3,B_pad,3,17.198114353737477,149,7.035665664835984,12.382642334690997,10.581507929336283,1034
1,staging,C4,B_pad,3,17.64220276887007,403,5.26909673745542,12.702385993586498,10.966530273555067,1034
2,picking,C4,B_pad,3,16.892932374308643,405,3.465972261392101,12.162911309502245,10.58540311750201,1034
3,staging,C4,B_pad,3,18.108454028607788,408,5.483290381979783,13.038086900597653,11.32689468147901,1034
1,staging,C1,B_pad,3,10.47670727929879,2,0.0,7.543229241095129,7.01601415346489,1035
2,picking,C1,B_pad,3,10.809260133793703,2,0.0,7.782667296331466,7.00440056669832,1035
3,staging,C1,B_pad,3,5.340306131774696,1,0.0,3.8450204148777813,3.502930929742207,1035
1,staging,C2,B_pad,3,18.214063202528983,437,16.148219502443222,13.114125505820915,10.999828638409497,1035
2,picking,C2,B_pad,3,18.48192440770888,436,7.529793576661627,13.30698557355044,11.18378935803525,1035
3,staging,C2,B_pad,3,18.096824427020426,435,3.1269960626319384,13.029713587454756,11.156358364737052,1035
1,staging,C3,B_pad,3,16.55540000448285,152,13.131565539014472,11.919888003227651,10.023899338183782,1035
2,picking,C3,B_pad,3,16.885534779603688,151,7.998806410343625,12.157585041314663,10.575427820258382,1035
3,staging,C3,B_pad,3,16.77749083957642,150,5.9220905841413,12.079793404495025,10.506866734362136,1035
1,staging,C4,B_pad,3,17.577442287013863,419,13.233516855953557,12.655758446650026,10.99670476492379,1035
2,picking,C4,B_pad,3,17.92955615646704,419,9.622838867662109,12.909280432656317,11.215948060576945,1035
3,staging,C4,B_pad,3,17.508721539091304,417,2.9442818967234285,12.60627950814578,11.007545757903276,1035
1,staging,C1,B_pad,3,10.692997820291794,2,0.0,7.698958430610091,7.013986065985778,1036
2,picking,C1,B_pad,3,10.544831815393394,2,0.0,7.592278907083244,7.017511852386726,1036
3,staging,C1,B_pad,3,6.81014755659665,1,0.0,4.903306240749588,3.5045516715712726,1036
1,staging,C2,B_pad,3,18.98380043727745,434,6.817699685024375,13.668336314839816,11.25110489972313,1036
2,picking,C2,B_pad,3,19.225643325510436,429,9.145422041824183,13.842463194367555,11.36807602919534,1036
3,staging,C2,B_pad,3,20.006582157169333,428,10.6329295337858,14.40473915316198,12.200658728257793,1036
1,staging,C3,B_pad,3,18.029559516636933,156,12.231395890656076,12.981282851978596,10.76716886387577,1036
2,picking,C3,B_pad,3,17.542101506892198,156,10.029216073199343,12.630313084962387,10.659210367990037,1036
3,staging,C3,B_pad,3,18.25437190676534,156,12.601654849305998,13.143147772871046,11.36933431389696,1036
1,staging,C4,B_pad,3,18.772967443804443,407,6.019124263572369,13.516536559539247,11.388816454884404,1036
2,picking,C4,B_pad,3,18.436227953208252,410,10.052570785002642,13.274084126309978,11.499388515732623,1036
3,staging,C4,B_pad,3,18.92961118260023,412,8.866388730512757,13.629320051472233,11.763980985895582,1036
1,staging,C1,B_pad,3,10.772984309927029,2,0.0,7.7565487031474625,7.023430889788312,1037
2,picking,C1,B_pad,3,11.449533808204283,2,0.0,8.243664341907085,7.015314895535041,1037
3,staging,C1,B_pad,3,5.1213415731771805,1,0.0,3.6873659326875696,3.5029976360531907,1037
1,staging,C2,B_pad,3,19.738743827234472,419,13.717817534518952,14.211895555608853,11.956648972072253,1037
2,picking,C2,B_pad,3,19.1205068171525,422,18.008617259350647,13.766764908349831,11.453233393743673,1037
3,staging,C2,B_pad,3,18.73383225702014,421,10.500933610400114,13.488359225054555,11.43153661434831,1037
1,staging,C3,B_pad,3,17.41094959619728,160,13.466941247167146,12.535883709262038,10.80746821280702,1037
2,picking,C3,B_pad,3,18.64881106391609,160,18.8254025022364,13.427143966019589,11.304447897097983,1037
3,staging,C3,B_pad,3,17.073315253755677,159,11.86295243803543,12.292786982704099,10.601223049105737,1037
1,staging,C4,B_pad,3,18.362005488695047,400,12.048093052945195,13.220643951860476,11.413130009090501,1037
2,picking,C4,B_pad,3,18.808498370321264,403,16.121256284577246,13.542118826631349,11.649228850837433,1037
3,staging,C4,B_pad,3,18.441495523337252,402,11.822597968827575,13.277876776802852,11.652865675791844,1037
1,staging,C1,B_pad,3,11.18936854804856,2,0.0,8.056345354594963,7.026153680512138,1038
2,picking,C1,B_pad,3,6.824305627484621,1,0.0,4.913500051788928,3.511837518255843,1038
3,staging,C1,B_pad,3,10.82906943221396,2,32.13217645043769,7.79692999119405,7.017236992074645,1038
1,staging,C2,B_pad,3,19.618347441026675,424,12.517768904296979,14.125210157539248,11.938272550638814,1038
2,picking,C2,B_pad,3,19.431597701820984,426,11.36668448416211,13.990750345311135,11.869254422520832,1038
3,staging,C2,B_pad,3,19.071118726205295,424,9.616117020853297,13.731205482867846,11.593312328794303,1038
1,staging,C3,B_pad,3,18.53350254897511,155,14.055039415170556,13.344121835262087,11.091809452112038,1038
2,picking,C3,B_pad,3,17.66312718284122,155,11.291933368425273,12.717451571645672,10.855229815498538,1038
3,staging,C3,B_pad,3,18.75821042663549,154,12.662952505191447,13.505911507177546,11.35243915646373,1038
1,staging,C4,B_pad,3,19.037836511333815,409,12.280158850877797,13.70724228816038,12.011529768052048,1038
2,picking,C4,B_pad,3,18.71761955371425,410,10.23444158441042,13.47668607867431,11.720025959276226,1038
3,staging,C4,B_pad,3,18.55638006155466,405,9.040559560535538,13.360593644319387,11.508938270033745,1038
1,staging,C1,B_pad,3,10.538329057196826,2,0.0,7.587596921181715,7.013418524345058,1039
2,picking,C1,B_pad,3,10.488385196742126,2,0.0,7.551637341654331,7.023951818410412,1039
3,staging,C1,B_pad,3,5.406127476219134,1,0.0,3.892411782877777,3.5031706045899993,1039
1,staging,C2,B_pad,3,18.633554001432675,434,9.216801121767507,13.416158881031551,11.093963815790184,1039
2,picking,C2,B_pad,3,18.614357647507816,435,5.298614424768944,13.402337506205667,11.235595828542575,1039
3,staging,C2,B_pad,3,18.46851040225231,437,11.32034009518328,13.297327489621685,11.347147969679643,1039
1,staging,C3,B_pad,3,17.724834294599237,152,8.49466364765168,12.76188069211145,10.6766755831792,1039
2,picking,C3,B_pad,3,16.71306780604035,151,11.899725368995977,12.033408820349056,9.912435082115712,1039
3,staging,C3,B_pad,3,17.71151302846475,152,14.192608997382244,12.752289380494622,11.000008044348768,1039
1,staging,C4,B_pad,3,18.469904810206188,416,7.642709760503663,13.298331463348479,11.604951112189038,1039
2,picking,C4,B_pad,3,17.462975177587854,414,3.5659040199646332,12.573342127863288,10.91206660867969,1039
3,staging,C4,B_pad,3,17.614157910904023,418,8.90995614130237,12.68219369585093,11.017273226476991,1039
1,staging,C1,B_pad,3,13.503864565742656,2,0.0,9.722782487334714,7.013208687932655,1040
2,picking,C1,B_pad,3,12.229572960452828,2,36.494222984580965,8.805292531526037,7.016714717163073,1040
3,staging,C1,B_pad,3,5.1343481839708165,1,0.0,3.696730692458988,3.5118941578360383,1040
1,staging,C2,B_pad,3,18.907580815650345,432,5.8346127635784075,13.613458187268284,11.454036403412909,1040
2,picking,C2,B_pad,3,18.105327579913318,438,7.9729928718188585,13.035835857537617,10.901109843392494,1040
3,staging,C2,B_pad,3,18.85361445265301,441,5.783081991593265,13.574602405910218,11.525171316126604,1040
1,staging,C3,B_pad,3,17.106224778456514,166,7.345997793859582,12.316481840488686,10.626281525181472,1040
2,picking,C3,B_pad,3,17.221446539174277,167,11.945900295253612,12.399441508205468,10.483819311000804,1040
3,staging,C3,B_pad,3,17.00027766501652,167,4.1913920952433426,12.240199918811888,10.646017725440688,1040
1,staging,C4,B_pad,3,18.514388535982803,416,5.912676739518963,13.33035974590765,11.498664537842595,1040
2,picking,C4,B_pad,3,17.825698168902417,422,9.010368911630756,12.834502681609774,11.078311868331804,1040
3,staging,C4,B_pad,3,17.80883081553229,420,4.4499586623988305,12.822358187183283,11.179285601202041,1040
1,staging,C1,B_pad,3,10.766737740302448,2,0.0,7.752051173017762,7.019309163993226,1041
2,picking,C1,B_pad,3,11.171288974887188,2,0.0,8.043328061918775,7.014905476745906,1041
3,staging,C1,B_pad,3,6.1117457012141445,1,0.0,4.400456904874185,3.5136514700925114,1041
1,staging,C2,B_pad,3,18.810095166160988,425,5.9229542507298145,13.543268519635951,11.375890540498059,1041
2,picking,C2,B_pad,3,18.871399078882863,424,6.456967261763099,13.587407336795696,11.488078058845703,1041
3,staging,C2,B_pad,3,18.429727764856793,421,6.207245781894138,13.269403990696935,10.9148608081793,1041
1,staging,C3,B_pad,3,16.94863161695114,161,8.147090738784664,12.203014764204815,10.338594554285695,1041
2,picking,C3,B_pad,3,18.491622395259785,161,6.789186510476144,13.31396812458704,11.186487483625738,1041
3,staging,C3,B_pad,3,17.343700426839963,160,5.940530632296092,12.487464307324778,10.296824519279618,1041
1,staging,C4,B_pad,3,18.245400109739744,405,4.81413372657333,13.136688079012663,11.282703062660312,1041
2,picking,C4,B_pad,3,18.12990508048641,410,5.545882726269477,13.053531657950257,11.249943642655506,1041
3,staging,C4,B_pad,3,18.012639851895532,408,6.374647311627086,12.969100693364817,11.129768098041835,1041
1,staging,C1,B_pad,3,10.830161405280878,2,0.0,7.797716211802234,7.01794459062201,1042
2,picking,C1,B_pad,3,10.772713929294023,2,0.0,7.756354029091696,7.023193883280307,1042
3,staging,C1,B_pad,3,5.422956636772371,1,0.0,3.9045287784761067,3.5140759006284963,1042
1,staging,C2,B_pad,3,19.4835886593594,426,12.308723800624069,14.028183834738826,11.731774254134056,1042
2,picking,C2,B_pad,3,18.611410430365645,426,10.574570324160414,13.400215509863319,11.165830180017892,1042
3,staging,C2,B_pad,3,18.478532228852686,426,4.798516769987448,13.304543204773983,11.047418729728795,1042
1,staging,C3,B_pad,3,18.160381247531014,162,13.754283293709353,13.075474498222334,10.837483968630124,1042
2,picking,C3,B_pad,3,18.228701092486688,163,9.416189333036709,13.124664786590419,11.330954619916392,1042
3,staging,C3,B_pad,3,16.16522285532754,161,5.145972453651818,11.63896045583583,9.709874290766743,1042
1,staging,C4,B_pad,3,18.480832460443906,410,9.830874189874274,13.30619937151967,11.512986737816172,1042
2,picking,C4,B_pad,3,18.499224460978525,405,10.566609405915612,13.319441611904582,11.473954611020417,1042
3,staging,C4,B_pad,3,17.34964802978899,405,5.387547160396328,12.491746581448117,10.78087581040962,1042
1,staging,C1,B_pad,3,10.82424274340365,2,0.0,7.793454775250629,7.014109297725566,1043
2,picking,C1,B_pad,3,10.756683580719164,2,0.0,7.744812178117799,7.012791417307637,1043
3,staging,C1,B_pad,3,5.133867925687906,1,0.0,3.6963849064952927,3.5115656611705273,1043
1,staging,C2,B_pad,3,19.315786514981813,430,13.53076545864668,13.907366290786934,11.94360414661937,1043
2,picking,C2,B_pad,3,19.177950433596106,429,5.673897427066523,13.80812431218924,11.384344420259144,1043
3,staging,C2,B_pad,3,20.515198782419393,429,12.195617580601201,14.77094312334201,12.261490031547705,1043
1,staging,C3,B_pad,3,17.731162444123267,161,10.293757996550104,12.766436959768757,10.789782780638685,1043
2,picking,C3,B_pad,3,18.186187301368392,159,7.391283076639551,13.094054856985244,10.926557422641658,1043
3,staging,C3,B_pad,3,19.932509321714473,161,23.86989359590429,14.351406711634423,11.933475448912635,1043
1,staging,C4,B_pad,3,19.11825195486367,413,11.226523415990828,13.765141407501877,11.824943324355296,1043
2,picking,C4,B_pad,3,19.292692222630368,415,5.429464495917549,13.890738400293884,11.809706578459783,1043
3,staging,C4,B_pad,3,18.86462654795496,410,11.642209689263241,13.582531114527628,11.841427584500023,1043
1,staging,C1,B_pad,3,16.508696902426937,3,0.0,11.886261769747394,10.516409537113274,1044
2,picking,C1,B_pad,3,10.7458461745936,2,0.0,7.737009245707393,7.00572432306846,1044
3,staging,C1,B_pad,3,10.82991266210216,2,0.0,7.7975371167135545,7.017783405042199,1044
1,staging,C2,B_pad,3,19.471986142277068,430,6.496710840324038,14.019830022439523,11.820593009355237,1044
2,picking,C2,B_pad,3,18.96246105457,427,3.981924190707724,13.652971959290449,11.155271085661534,1044
3,staging,C2,B_pad,3,19.096473062926297,426,7.541526910707025,13.74946060530697,11.50511733468398,1044
1,staging,C3,B_pad,3,18.195652602158493,153,6.834279854119602,13.100869873554116,11.078089553588919,1044
2,picking,C3,B_pad,3,17.23368264715904,151,8.5206956202085,12.40825150595451,10.37645145231806,1044
3,staging,C3,B_pad,3,17.823550488116364,152,11.755548858899713,12.832956351443784,10.883218596049238,1044
1,staging,C4,B_pad,3,18.208824262447127,413,6.1784765402077415,13.110353468961971,11.400918999231774,1044
2,picking,C4,B_pad,3,18.785678970802266,412,6.3940029382300185,13.525688858977668,11.697671276584183,1044
3,staging,C4,B_pad,3,18.602202579789378,409,4.784700935042169,13.393585857448391,11.26047448721813,1044
1,staging,C1,B_pad,3,10.533377432992488,2,0.0,7.584031751754592,7.010044140063718,1045
2,picking,C1,B_pad,3,10.547350964680248,2,0.0,7.5940926945697775,7.019096145304088,1045
3,staging,C1,B_pad,3,5.137904635612858,1,0.0,3.6992913376412577,3.5143267707591948,1045
1,staging,C2,B_pad,3,18.560768769665557,418,5.198530895448944,13.363753514159251,11.3087965450483,1045
2,picking,C2,B_pad,3,18.689277723250306,428,11.206854007109017,13.456279960740254,11.605947854178327,1045
3,staging,C2,B_pad,3,18.727776899874936,423,5.473333648322705,13.483999367909998,11.445793916374821,1045
1,staging,C3,B_pad,3,17.61626792716507,157,11.532862011715615,12.683712907558853,10.915878554995482,1045
2,picking,C3,B_pad,3,16.806274671523283,157,13.584202427245197,12.100517763496761,10.39951678264927,1045
3,staging,C3,B_pad,3,17.433406725697374,156,8.984722841115293,12.552052842502102,10.90277225938854,1045
1,staging,C4,B_pad,3,18.476361594820816,410,8.775963712306085,13.302980348271028,11.554202162741458,1045
2,picking,C4,B_pad,3,18.335429165070945,408,10.914685472408804,13.201508998851127,11.614593105960603,1045
3,staging,C4,B_pad,3,17.719436097295794,407,1.5257444458020473,12.757993990053013,11.082659713566038,1045
1,staging,C1,B_pad,3,11.173897234443842,2,0.0,8.045206008799566,7.01636826532122,1046
2,picking,C1,B_pad,3,11.179248029415662,2,0.0,8.049058581179276,7.019712109109609,1046
3,staging,C1,B_pad,3,5.7633943139682176,1,0.0,4.149643906057117,3.5104866480906405,1046
1,staging,C2,B_pad,3,18.789485948546695,418,11.620614362343453,13.528429882953652,11.385366971207736,1046
2,picking,C2,B_pad,3,18.836144356574035,417,6.31881941589485,13.562023936733342,11.579658158778756,1046
3,staging,C2,B_pad,3,18.5980292200379,420,12.792165184892218,13.390581038427316,11.330732945296765,1046
1,staging,C3,B_pad,3,18.04177735821615,160,10.985751265850299,12.99007969791562,11.089091620483911,1046
2,picking,C3,B_pad,3,18.508833708149137,161,10.398088253017134,13.326360269867378,11.316003971800326,1046
3,staging,C3,B_pad,3,16.047757052063886,160,9.998653904575077,11.554385077485998,9.860709148524514,1046
1,staging,C4,B_pad,3,18.921044987988424,401,11.718559684953968,13.623152391351697,11.88942857066639,1046
2,picking,C4,B_pad,3,18.30194714017438,400,6.337178455278845,13.177401940925588,11.421742490556175,1046
3,staging,C4,B_pad,3,17.49436539940405,407,10.15925450149339,12.595943087570943,10.877642569616233,1046
1,staging,C1,B_pad,3,11.178003766861572,2,8.07349920974387,8.048162712140332,7.0193031288822425,1047
2,picking,C1,B_pad,3,10.814503811763764,2,0.0,7.786442744469911,7.00779847002292,1047
3,staging,C1,B_pad,3,5.416554679377488,1,0.0,3.899919369151792,3.509927432236613,1047
1,staging,C2,B_pad,3,19.23163873521266,422,12.264652530532674,13.846779889353165,11.629611196231703,1047
2,picking,C2,B_pad,3,19.18541944564115,427,16.410435198226395,13.813502000861675,11.725212234747614,1047
3,staging,C2,B_pad,3,18.429348343406527,422,8.405936194948685,13.269130807252742,11.346212060723829,1047
1,staging,C3,B_pad,3,17.83354863165994,164,12.14040690525826,12.840155014795158,10.763659223386504,1047
2,picking,C3,B_pad,3,17.25548542330794,163,16.817740583991995,12.423949504781715,10.707421433096842,1047
3,staging,C3,B_pad,3,17.904398478141484,164,10.660770670718792,12.891166904261876,11.116308653260674,1047
1,staging,C4,B_pad,3,18.31488843589278,406,11.664069563667347,13.186719673842829,11.505801347435685,1047
2,picking,C4,B_pad,3,18.6314476859815,406,15.15175376648737,13.414642333906729,11.641869714777457,1047
3,staging,C4,B_pad,3,18.317709381985274,406,8.603314971964778,13.188750755029442,11.43004095228816,1047
1,staging,C1,B_pad,3,10.562828552256587,2,0.0,7.605236557624743,7.029683739110142,1048
2,picking,C1,B_pad,3,11.09903671006222,2,0.0,7.9913064312448,7.010733437163813,1048
3,staging,C1,B_pad,3,5.341445485145354,1,0.0,3.8458407493046547,3.503678279437805,1048
1,staging,C2,B_pad,3,18.538789130530095,424,8.448517861082737,13.347928173981714,11.355263188659553,1048
2,picking,C2,B_pad,3,18.31283005942207,428,6.281445142054522,13.18523764278392,11.136463070297006,1048
3,staging,C2,B_pad,3,18.08025414568415,426,1.7310629431576785,13.017782984892648,10.765869196755427,1048
1,staging,C3,B_pad,3,17.138636757001127,141,9.934469284457151,12.339818465040818,10.395533497766198,1048
2,picking,C3,B_pad,3,16.890627911957292,143,8.374432953368991,12.16125209660925,10.511633169252269,1048
3,staging,C3,B_pad,3,16.762214539111756,142,2.2995959425601655,12.068794468160464,10.239083400279432,1048
1,staging,C4,B_pad,3,17.252887633355094,410,8.1165319768,12.422079096015711,10.705284288550498,1048
2,picking,C4,B_pad,3,17.989098044435185,408,5.531963756108339,12.952150591993375,11.228420098731336,1048
3,staging,C4,B_pad,3,17.926934502205988,407,2.53123897322137,12.907392841588345,11.201974401763485,1048
1,staging,C1,B_pad,3,18.33509202166114,2,14.092721177344114,13.201266255596021,7.027538701077388,1049
2,picking,C1,B_pad,3,11.111300274236614,2,0.0,8.000136197450363,7.018773993846339,1049
3,staging,C1,B_pad,3,5.754992768871512,1,0.0,4.143594793587488,3.5053692623490758,1049
1,staging,C2,B_pad,3,18.420587113716323,411,14.267990221308976,13.262822721875773,11.165828351045384,1049
2,picking,C2,B_pad,3,18.891347988927162,406,4.0731208733348,13.601770552027604,11.491119392149454,1049
3,staging,C2,B_pad,3,18.845028477074155,411,9.915147951226954,13.568420503493432,11.330956436300399,1049
1,staging,C3,B_pad,3,17.754917496945204,156,10.993821597523235,12.783540597800542,10.715082156586716,1049
2,picking,C3,B_pad,3,17.442107460349103,156,4.796054457727071,12.558317371451343,10.595556269618488,1049
3,staging,C3,B_pad,3,17.361672218721424,156,9.313746151612019,12.500403997479426,10.669918825708843,1049
1,staging,C4,B_pad,3,18.342852014756392,391,13.091112763345443,13.206853450624624,11.471622715743596,1049
2,picking,C4,B_pad,3,18.56599189233824,390,3.6696908884540935,13.367514162483571,11.577158265799545,1049
3,staging,C4,B_pad,3,17.291012175732394,391,10.467924499898395,12.449528766527346,10.804373197952104,1049
1,staging,C1,B_pad,3,10.824248011307862,2,0.0,7.793458568141661,7.0141127113274955,1050
2,picking,C1,B_pad,3,10.757499454068158,2,0.0,7.745399606929074,7.013302882531454,1050
3,staging,C1,B_pad,3,5.355444247210784,1,0.0,3.855919857991765,3.5128606550183608,1050
1,staging,C2,B_pad,3,18.927147838581163,436,5.953334135137793,13.62754644377849,11.43956639017739,1050
2,picking,C2,B_pad,3,18.276832462991475,438,12.883155188877645,13.15931937335391,11.098063589097945,1050
3,staging,C2,B_pad,3,19.042280773230782,434,8.756248087063584,13.710442156726216,11.61247960293551,1050
1,staging,C3,B_pad,3,17.98806857548825,148,10.793226836566005,12.951409374351536,11.008968006971395,1050
2,picking,C3,B_pad,3,16.717838415104577,147,9.72276643768748,12.0368436588753,10.18949687068652,1050
3,staging,C3,B_pad,3,17.088688445135283,146,10.234058700148664,12.303855680497401,10.747820104475808,1050
1,staging,C4,B_pad,3,18.075887286653543,419,9.740100682123947,13.014638846390596,11.332624503424162,1050
2,picking,C4,B_pad,3,18.812718822992,417,10.306914033694484,13.545157552554292,11.802788010719205,1050
3,staging,C4,B_pad,3,17.39004582271427,415,4.747206331515288,12.520832992354315,10.88422484584526,1050
1,staging,C1,B_pad,3,10.75662303975198,2,0.0,7.744768588621427,7.01276036887253,1051
2,picking,C1,B_pad,3,12.226881451892384,2,0.0,8.803354645362518,7.013892264345072,1051
3,staging,C1,B_pad,3,5.420572943050493,1,0.0,3.9028125189963543,3.512531267096719,1051
1,staging,C2,B_pad,3,19.9368571009712,412,9.78509440023492,14.354537112699276,11.958249342440311,1051
2,picking,C2,B_pad,3,19.715192713988035,411,12.317758416419332,14.194938754071428,11.807378867352506,1051
3,staging,C2,B_pad,3,19.570773733485343,411,10.387551223838448,14.090957088109478,11.682111246077282,1051
1,staging,C3,B_pad,3,17.76911611161849,151,8.896814120268848,12.793763600365322,10.447814999400405,1051
2,picking,C3,B_pad,3,18.868587588405735,151,13.600046607559058,13.58538306365213,11.547084772532319,1051
3,staging,C3,B_pad,3,18.831101550096765,153,14.604496548797785,13.558393116069665,11.397986787252327,1051
1,staging,C4,B_pad,3,19.579853674778395,391,9.967333224791206,14.097494645840468,12.07279093236195,1051
2,picking,C4,B_pad,3,18.799984127511536,389,10.940438574002968,13.535988571808346,11.669942829721593,1051
3,staging,C4,B_pad,3,18.698339525067063,390,11.653001599625465,13.462804458048318,11.559561249342106,1051
1,staging,C1,B_pad,3,10.544450376935684,2,0.0,7.592004271393692,7.017489040516841,1052
2,picking,C1,B_pad,3,11.84675148010655,2,0.0,8.529661065676716,7.007463062120827,1052
3,staging,C1,B_pad,3,6.810526404084387,1,0.0,4.903579010940759,3.5047466292554326,1052
1,staging,C2,B_pad,3,18.264005174432395,429,6.681954861142168,13.150083725591363,11.109147911898713,1052
2,picking,C2,B_pad,3,19.28671646304277,424,3.832346595358371,13.886435853390827,11.549565805101007,1052
3,staging,C2,B_pad,3,18.80615613718122,425,6.739255791642046,13.54043241877052,11.274372789696272,1052
1,staging,C3,B_pad,3,16.83401960159247,159,7.657803889489292,12.12049411314658,10.197514086451347,1052
2,picking,C3,B_pad,3,17.815369408023717,159,10.05427622723174,12.827065973777076,10.994879629892518,1052
3,staging,C3,B_pad,3,17.356921098749485,159,3.8173165467110324,12.496983191099625,10.618424960813579,1052
1,staging,C4,B_pad,3,17.86653575906138,410,7.000964437374188,12.86390574652424,11.02315616924518,1052
2,picking,C4,B_pad,3,18.357033236399115,408,3.941351883929089,13.217063930207399,11.487284467163306,1052
3,staging,C4,B_pad,3,18.4111101929618,409,6.182389503374131,13.255999338932531,11.260074907180911,1052
1,staging,C1,B_pad,3,10.699838780907797,2,0.0,7.703883922253613,7.018473339175673,1053
2,picking,C1,B_pad,3,10.487160624130883,2,0.0,7.550755649374237,7.0231369914586335,1053
3,staging,C1,B_pad,3,11.943577857601383,2,0.0,8.599376057472996,7.014390320604975,1053
1,staging,C2,B_pad,3,19.153682645342823,429,6.968264428431254,13.790651504646876,11.644924723394954,1053
2,picking,C2,B_pad,3,18.371041499272962,427,8.219802094233561,13.227149879476585,11.238101152988886,1053
3,staging,C2,B_pad,3,19.013474149718068,429,3.788348631960336,13.68970138779706,11.562724774855676,1053
1,staging,C3,B_pad,3,17.27160451125826,157,13.10911750755799,12.435555248105949,10.717559077656459,1053
2,picking,C3,B_pad,3,17.56604606253913,156,7.330234545536874,12.64755316502818,10.844273500917096,1053
3,staging,C3,B_pad,3,17.98764932837037,157,14.885813957533712,12.951107516426667,10.99192479092025,1053
1,staging,C4,B_pad,3,18.527235652742398,409,7.882860551267023,13.339609669974575,11.557281409428457,1053
2,picking,C4,B_pad,3,18.09141731279062,411,7.185307664373681,13.025820465209303,11.346506367299952,1053
3,staging,C4,B_pad,3,18.21069776979596,415,2.8275587859975304,13.111702394253127,11.420046207844432,1053
1,staging,C1,B_pad,3,11.180921096503917,2,0.0,8.05026318948282,7.0209628208255435,1054
2,picking,C1,B_pad,3,10.760527069359645,2,0.0,7.747579489938944,7.015237072640936,1054
3,staging,C1,B_pad,3,12.227074458720377,2,0.0,8.803493610278672,7.014456865164303,1054
1,staging,C2,B_pad,3,19.348680410376247,416,7.357987904273388,13.93104989547095,11.77241237596937,1054
2,picking,C2,B_pad,3,19.534820731696044,417,11.307325047647748,14.0650709268212,11.685146726342753,1054
3,staging,C2,B_pad,3,19.330659586200905,413,14.287290783621854,13.91807490206468,11.519743491448093,1054
1,staging,C3,B_pad,3,17.686889828039444,153,6.632297413033198,12.734560676188392,10.845379325841748,1054
2,picking,C3,B_pad,3,18.724924337648353,154,11.149186925964996,13.481945523106813,11.34343676798769,1054
3,staging,C3,B_pad,3,18.001290090979175,153,13.522780284462405,12.960928865505014,10.69530700374483,1054
1,staging,C4,B_pad,3,18.74076187773164,402,7.648181526990222,13.493348551966823,11.691589427628278,1054
2,picking,C4,B_pad,3,18.904714189531568,397,10.350959980151504,13.611394216462788,11.6518805463198,1054
3,staging,C4,B_pad,3,18.68525314966861,392,10.840721122839334,13.453382267761432,11.505499286478791,1054
1,staging,C1,B_pad,3,11.1715901480027,2,0.0,8.043544906561944,7.015208294092048,1055
2,picking,C1,B_pad,3,10.555033414003194,2,0.0,7.599624058082301,7.024382230277357,1055
3,staging,C1,B_pad,3,5.136380293488744,1,0.0,3.698193811311896,3.513284120746301,1055
1,staging,C2,B_pad,3,19.714846156444995,440,11.43162724797407,14.194689232640428,11.896127015525725,1055
2,picking,C2,B_pad,3,19.306697675070264,440,7.0132967428679684,13.900822326050632,11.697394295107975,1055
3,staging,C2,B_pad,3,19.542688532318582,441,10.838582224108288,14.070735743269422,11.732214445593348,1055
1,staging,C3,B_pad,3,18.190069251995013,163,12.970170352876885,13.096849861436414,10.970464395265395,1055
2,picking,C3,B_pad,3,17.751000284176634,163,9.360207805205448,12.780720204607176,10.923566448955576,1055
3,staging,C3,B_pad,3,18.767972370831842,162,13.771404622322391,13.512940106998935,11.415197483232404,1055
1,staging,C4,B_pad,3,19.32804631034197,424,13.258025487325643,13.916193343446254,12.125007920692491,1055
2,picking,C4,B_pad,3,18.739980957673055,418,7.00529185034291,13.492786289524654,11.631408678777253,1055
3,staging,C4,B_pad,3,18.53777144573564,420,8.628080578339288,13.347195440929696,11.440985823423977,1055
1,staging,C1,B_pad,3,12.155482055805207,2,0.0,8.75194708017975,7.011208307033327,1056
2,picking,C1,B_pad,3,10.759839002602424,2,0.0,7.747084081873744,7.014832037016612,1056
3,staging,C1,B_pad,3,10.758625646197691,2,0.0,7.7462104652623385,7.014074112473579,1056
1,staging,C2,B_pad,3,18.890675169142973,427,6.8948340166946585,13.601286121782978,11.47277478328259,1056
2,picking,C2,B_pad,3,19.385906768822014,428,8.992849919602302,13.957852873551879,11.38500358893393,1056
3,staging,C2,B_pad,3,18.814874901611837,424,10.313700908800543,13.546709929160567,11.264070036211335,1056
1,staging,C3,B_pad,3,17.53238952673309,156,6.081921469320686,12.62332045924783,10.740007193055959,1056
2,picking,C3,B_pad,3,16.991245398776456,157,8.249357245913883,12.233696687119044,10.365171216937142,1056
3,staging,C3,B_pad,3,18.1913215867359,156,9.34023671113118,13.097751542449846,10.875626341582485,1056
1,staging,C4,B_pad,3,17.668999360803678,407,4.209270821147991,12.721679539778679,10.986457889594941,1056
2,picking,C4,B_pad,3,18.60394742945875,403,6.695230760329254,13.394842149210326,11.495763968631204,1056
3,staging,C4,B_pad,3,18.666072670777112,405,8.70937506507034,13.439572322959565,11.496320994646153,1056
1,staging,C1,B_pad,5,5.770615072409952,1,0.0,4.1548428521351655,3.5148848160309045,1007
2,picking,C1,B_pad,5,6.105242357425919,1,0.0,4.395774497346661,3.509912688314094,1007
3,staging,C1,B_pad,5,5.1360780194160345,1,0.0,3.697976173979545,3.5130773652805676,1007
4,picking,C1,B_pad,5,5.404829402537427,1,0.0,3.8914771698269477,3.502329452844253,1007
5,staging,C1,B_pad,5,5.417183700291141,1,0.0,3.900372264209622,3.5103350377886597,1007
1,staging,C2,B_pad,5,11.406125221896996,262,0.0,8.21241015976585,7.028579570631936,1007
2,picking,C2,B_pad,5,11.539702557668228,262,0.0,8.308585841521138,7.04112473296173,1007
3,staging,C2,B_pad,5,11.206131494680145,260,0.0,8.068414676169711,6.72154180246118,1007
4,picking,C2,B_pad,5,11.632169638864045,262,0.0,8.37516213998212,6.86476377779036,1007
5,staging,C2,B_pad,5,11.458348826442357,261,0.0,8.25001115503851,6.964473920858094,1007
1,staging,C3,B_pad,5,10.770998633158252,92,0.0,7.755119015873941,6.807028006631899,1007
2,picking,C3,B_pad,5,10.62946426296212,92,0.0,7.653214269332727,6.559487657272304,1007
3,staging,C3,B_pad,5,11.147194920990717,92,0.0,8.025980343113313,6.811758878206178,1007
4,picking,C3,B_pad,5,10.184214732941186,91,0.0,7.332634607717648,6.0314921827011805,1007
5,staging,C3,B_pad,5,10.400487456573758,91,0.0,7.488350968733104,6.372052031078807,1007
1,staging,C4,B_pad,5,11.008874279938977,251,0.0,7.926389481556069,6.8759554130480804,1007
2,picking,C4,B_pad,5,11.35959024549367,251,0.0,8.178904976755451,7.118517052250452,1007
3,staging,C4,B_pad,5,11.117253074817482,249,0.0,8.004422213868594,6.9703691933434495,1007
4,picking,C4,B_pad,5,10.968123332907338,250,0.0,7.897048799693288,6.830848891029112,1007
5,staging,C4,B_pad,5,10.695648374090965,249,0.0,7.700866829345513,6.69645992169886,1007
1,staging,C1,B_pad,5,5.353638869453143,1,0.0,3.854619986006263,3.5116764319736395,1008
2,picking,C1,B_pad,5,5.411763855556901,1,0.0,3.8964699760009687,3.506822978400872,1008
3,staging,C1,B_pad,5,6.113620742351254,1,0.0,4.401806934492904,3.514729433962406,1008
4,picking,C1,B_pad,5,5.419986687858465,1,0.0,3.9023904152580946,3.5121513737322854,1008
5,staging,C1,B_pad,5,5.135998749036208,1,0.0,3.6979190993060698,3.513023144340766,1008
1,staging,C2,B_pad,5,11.481009990922278,259,0.0,8.266327193464047,7.034926013536123,1008
2,picking,C2,B_pad,5,10.662150804798245,260,0.0,7.676748579454744,6.499007620669001,1008
3,staging,C2,B_pad,5,11.136958273127824,260,0.0,8.018609956652039,6.877574759739808,1008
4,picking,C2,B_pad,5,10.888294000618178,259,0.0,7.839571680445098,6.397662223779475,1008
5,staging,C2,B_pad,5,10.989844659607769,261,0.0,7.912688154917605,6.6096216335748155,1008
1,staging,C3,B_pad,5,10.729756008899752,94,0.0,7.725424326407824,6.637235920761404,1008
2,picking,C3,B_pad,5,9.25798474520962,93,0.0,6.66574901655093,5.619344019198208,1008
3,staging,C3,B_pad,5,11.145789685590673,93,0.0,8.024968573625284,6.691794014766729,1008
4,picking,C3,B_pad,5,9.013943031775915,93,0.0,6.490038982878661,5.76358286991444,1008
5,staging,C3,B_pad,5,10.534677510645981,93,0.0,7.584967807665105,6.529714676746475,1008
1,staging,C4,B_pad,5,10.562032944007377,250,0.0,7.604663719685315,6.558364682825688,1008
2,picking,C4,B_pad,5,10.213307766031763,251,0.0,7.35358159154288,6.329374396740385,1008
3,staging,C4,B_pad,5,10.927192954193629,249,0.0,7.867578927019415,6.837473114342752,1008
4,picking,C4,B_pad,5,10.057948630371877,250,0.0,7.241723013867761,6.369124240806318,1008
5,staging,C4,B_pad,5,11.739890227849253,249,0.0,8.452720964051474,7.211094705472955,1008
1,staging,C1,B_pad,5,10.823431972224306,2,0.0,7.792871020001499,7.01358391800135,1009
2,picking,C1,B_pad,5,6.103315373527566,1,0.0,4.394387068939848,3.508804862475407,1009
3,staging,C1,B_pad,5,5.415996802339629,1,0.0,3.899517697684533,3.50956592791608,1009
4,picking,C1,B_pad,5,5.4191340134459,1,0.0,3.901776489681048,3.5115988407129435,1009
5,staging,C1,B_pad,5,5.350503909514886,1,0.0,3.8523628148507183,3.5096200801727795,1009
1,staging,C2,B_pad,5,11.996700605882804,256,0.0,8.637624436235637,7.2537132539106,1009
2,picking,C2,B_pad,5,11.659396431154242,257,0.0,8.394765430431072,6.966727278468462,1009
3,staging,C2,B_pad,5,12.269302071649506,257,0.0,8.833897491587656,7.375333316542322,1009
4,picking,C2,B_pad,5,12.337154860384736,256,0.0,8.882751499477026,7.619728474660363,1009
5,staging,C2,B_pad,5,11.123115480376219,258,0.0,8.008643145870886,6.683171305697204,1009
1,staging,C3,B_pad,5,10.414308782538104,100,0.0,7.498302323427434,6.468717005364611,1009
2,picking,C3,B_pad,5,12.37623620807757,99,0.0,8.910890069815853,7.548879640281765,1009
3,staging,C3,B_pad,5,10.785696169034122,100,0.0,7.765701241704569,6.5802505637075805,1009
4,picking,C3,B_pad,5,10.829245783572949,99,0.0,7.797056964172521,6.680649617519682,1009
5,staging,C3,B_pad,5,10.889119527487093,99,0.0,7.840166059790709,6.661743077948641,1009
1,staging,C4,B_pad,5,11.562212555527353,246,0.0,8.324793039979708,7.1724161560716375,1009
2,picking,C4,B_pad,5,11.431866863298213,247,0.0,8.230944141574728,6.974224123189831,1009
3,staging,C4,B_pad,5,12.048511446473531,244,0.0,8.674928241460943,7.471185226121465,1009
4,picking,C4,B_pad,5,11.610003864799069,246,0.0,8.359202782655341,7.288414495934233,1009
5,staging,C4,B_pad,5,11.012485654581832,245,0.0,7.928989671298933,6.868378072406217,1009
1,staging,C1,B_pad,5,10.542730445819295,2,0.0,7.590765920989892,7.016289353335456,1010
2,picking,C1,B_pad,5,5.413729874537509,1,0.0,3.8978855096670073,3.5080969587003064,1010
3,staging,C1,B_pad,5,5.340908802608874,1,0.0,3.8454543378783894,3.5033262468370334,1010
4,picking,C1,B_pad,5,6.825995468048558,1,0.0,4.914716736994962,3.512707122552052,1010
5,staging,C1,B_pad,5,5.425319108367856,1,0.0,3.9062297580248573,3.5156067822223718,1010
1,staging,C2,B_pad,5,10.893921409368172,262,0.0,7.843623414745087,6.730003727197937,1010
2,picking,C2,B_pad,5,11.454786637753783,262,0.0,8.247446379182737,6.862882632568221,1010
3,staging,C2,B_pad,5,11.648016178614549,263,0.0,8.386571648602485,7.080881447000986,1010
4,picking,C2,B_pad,5,11.01137479462513,262,0.0,7.928189852130093,6.716933620352299,1010
5,staging,C2,B_pad,5,11.101579699891648,261,0.0,7.993137383921992,6.649852814305879,1010
1,staging,C3,B_pad,5,9.419273469651854,97,0.0,6.781876898149334,5.872880605840674,1010
2,picking,C3,B_pad,5,10.352056012108237,97,0.0,7.453480328717933,6.178388567800981,1010
3,staging,C3,B_pad,5,10.309142346728862,97,0.0,7.422582489644781,6.324447471975699,1010
4,picking,C3,B_pad,5,10.765728210953537,96,0.0,7.751324311886546,6.549723807900702,1010
5,staging,C3,B_pad,5,11.286970323586916,96,0.0,8.126618632982582,6.93026360609581,1010
1,staging,C4,B_pad,5,10.61603219802124,252,0.0,7.6435431825752955,6.579724050620718,1010
2,picking,C4,B_pad,5,10.60546622826781,253,0.0,7.6359356843528285,6.679264218797813,1010
3,staging,C4,B_pad,5,11.20082403798217,253,0.0,8.064593307347172,6.947462417162229,1010
4,picking,C4,B_pad,5,10.878084529505383,254,0.0,7.832220861243875,6.836942200799855,1010
5,staging,C4,B_pad,5,11.088527133276632,254,0.0,7.983739535959184,6.890216909600255,1010
1,staging,C1,B_pad,5,5.420905994325717,1,0.0,3.9030523159145165,3.512747084323065,1011
2,picking,C1,B_pad,5,6.820268002236832,1,0.0,4.910592961610519,3.5097597268139213,1011
3,staging,C1,B_pad,5,5.357291003900358,1,0.0,3.8572495228082575,3.51407202024125,1011
4,picking,C1,B_pad,5,5.409518973811593,1,0.0,3.8948536611443476,3.5053682950299128,1011
5,staging,C1,B_pad,5,5.349665683108251,1,0.0,3.8517592918379404,3.5090702522914787,1011
1,staging,C2,B_pad,5,11.385630831456037,268,0.0,8.197654198648356,6.923352061074714,1011
2,picking,C2,B_pad,5,11.817176614775919,268,0.0,8.508367162638672,7.388931237481546,1011
3,staging,C2,B_pad,5,12.239363703115101,267,0.0,8.812341866242885,7.583488098496274,1011
4,picking,C2,B_pad,5,11.390264474708806,266,0.0,8.200990421790348,6.879572422309017,1011
5,staging,C2,B_pad,5,12.029770706564667,267,0.0,8.661434908726564,7.139714637279682,1011
1,staging,C3,B_pad,5,10.187517925861805,97,0.0,7.3350129066204985,6.256432897126139,1011
2,picking,C3,B_pad,5,10.842072069036305,97,0.0,7.806291889706139,6.8701221855672445,1011
3,staging,C3,B_pad,5,10.658510738647365,96,0.0,7.674127731826096,6.623843534864315,1011
4,picking,C3,B_pad,5,11.884505475472919,96,0.0,8.556843942340505,7.347233701169137,1011
5,staging,C3,B_pad,5,10.847685881657409,96,0.0,7.810333834793333,6.622776516898096,1011
1,staging,C4,B_pad,5,11.518623795467875,259,0.0,8.293409132736876,7.131066559084028,1011
2,picking,C4,B_pad,5,11.218777502355563,259,0.0,8.077519801696013,7.113159448386256,1011
3,staging,C4,B_pad,5,11.592514420608865,257,0.0,8.346610382838387,7.26478286572447,1011
4,picking,C4,B_pad,5,11.488643776760002,258,0.0,8.271823519267208,7.125404481041087,1011
5,staging,C4,B_pad,5,11.598273470115927,258,0.0,8.350756898483475,7.14553399129426,1011
1,staging,C1,B_pad,5,5.406611511664177,1,0.0,3.892760288398208,3.503484259558387,1012
2,picking,C1,B_pad,5,5.137901799195337,1,0.0,3.699289295420643,3.5143248306496107,1012
3,staging,C1,B_pad,5,5.138717254453084,1,0.0,3.699876423206221,3.514882602045909,1012
4,picking,C1,B_pad,5,5.412040425393908,1,0.0,3.896669106283614,3.507002195655253,1012
5,staging,C1,B_pad,5,5.3573659865704855,1,0.0,3.85730351033075,3.514121204521684,1012
1,staging,C2,B_pad,5,11.041524588640787,246,0.0,7.949897703821369,6.769630221558338,1012
2,picking,C2,B_pad,5,11.416545664443573,246,0.0,8.219912878399379,7.09726491123705,1012
3,staging,C2,B_pad,5,10.968687348421707,245,0.0,7.897454890863634,6.7255525144965675,1012
4,picking,C2,B_pad,5,10.888735063884528,245,0.0,7.83988924599687,6.508204594403872,1012
5,staging,C2,B_pad,5,10.806206093602269,245,0.0,7.780468387393641,6.5688572951798045,1012
1,staging,C3,B_pad,5,9.674066283769257,84,0.0,6.965327724313865,6.037155700804519,1012
2,picking,C3,B_pad,5,10.186219010414094,84,0.0,7.334077687498145,6.332411160692157,1012
3,staging,C3,B_pad,5,10.51604508248644,84,0.0,7.571552459390237,6.406391673136726,1012
4,picking,C3,B_pad,5,10.624498674893953,83,0.0,7.649639045923648,6.650179391988914,1012
5,staging,C3,B_pad,5,9.99972579725111,83,0.0,7.199802574020795,6.2336228331850805,1012
1,staging,C4,B_pad,5,10.70317317421867,235,0.0,7.706284685437449,6.678240637024984,1012
2,picking,C4,B_pad,5,11.129215196443441,235,0.0,8.013034941439281,6.907440641580743,1012
3,staging,C4,B_pad,5,10.976529017656615,235,0.0,7.903100892712772,6.877264803507913,1012
4,picking,C4,B_pad,5,10.368256489989781,235,0.0,7.465144672792647,6.478380756788692,1012
5,staging,C4,B_pad,5,10.39213437722398,236,0.0,7.482336751601275,6.598599364639952,1012
1,staging,C1,B_pad,5,10.251669449926554,2,0.0,7.38120200394712,7.012141903749763,1013
2,picking,C1,B_pad,5,5.136992389591538,1,0.0,3.6986345205059075,3.5137027944806114,1013
3,staging,C1,B_pad,5,5.422941618225956,1,0.0,3.9045179651226882,3.5140661686104195,1013
4,picking,C1,B_pad,5,5.352940966724898,1,0.0,3.8541174960419267,3.511218648282519,1013
5,staging,C1,B_pad,5,5.138010988201209,1,0.0,3.6993679115048703,3.5143995159296266,1013
1,staging,C2,B_pad,5,10.860665285450796,258,0.0,7.819679005524583,6.581924307284085,1013
2,picking,C2,B_pad,5,11.623215360398737,256,0.0,8.3687150594871,7.0986141295186185,1013
3,staging,C2,B_pad,5,11.821079878531085,257,0.0,8.511177512542389,7.2478266813248124,1013
4,picking,C2,B_pad,5,11.815002223057228,254,0.0,8.50680160060121,7.084326746909431,1013
5,staging,C2,B_pad,5,11.563890807189011,257,0.0,8.326001381176102,7.067400067461774,1013
1,staging,C3,B_pad,5,10.738434559098721,101,0.0,7.731672882551076,6.479780543626967,1013
2,picking,C3,B_pad,5,11.19627759196558,101,0.0,8.061319866215216,6.8789696330997465,1013
3,staging,C3,B_pad,5,10.947525233596062,100,0.0,7.882218168189166,6.749998712049412,1013
4,picking,C3,B_pad,5,10.483225697477124,101,0.0,7.547922502183528,6.347378450088731,1013
5,staging,C3,B_pad,5,10.864741687781136,101,0.0,7.822614015202416,6.707768931325562,1013
1,staging,C4,B_pad,5,11.0431342802894,247,0.0,7.951056681808381,6.7387231801919105,1013
2,picking,C4,B_pad,5,11.555680916240707,248,0.0,8.320090259693321,7.294700427726147,1013
3,staging,C4,B_pad,5,11.347814863890495,247,0.0,8.170426702001164,7.068489997157697,1013
4,picking,C4,B_pad,5,11.506063902097502,247,0.0,8.284366009510208,7.1864193369903715,1013
5,staging,C4,B_pad,5,10.673654511787861,248,0.0,7.685031248487269,6.689092323765911,1013
1,staging,C1,B_pad,5,5.406794577862197,1,0.0,3.8928920960607822,3.5036028864547037,1014
2,picking,C1,B_pad,5,5.405038533149679,1,0.0,3.8916277438677693,3.502464969480992,1014
3,staging,C1,B_pad,5,5.406896241159901,1,0.0,3.8929652936351293,3.5036687642716164,1014
4,picking,C1,B_pad,5,5.423006705367308,1,0.0,3.904564827864462,3.5141083450780157,1014
5,staging,C1,B_pad,5,5.135991123191703,1,0.0,3.697913608698026,3.5130179282631246,1014
1,staging,C2,B_pad,5,10.9683101065852,245,0.0,7.897183276741353,6.682643089075592,1014
2,picking,C2,B_pad,5,10.66716965359577,247,0.0,7.6803621505889605,6.509068297920352,1014
3,staging,C2,B_pad,5,10.960015017193205,245,0.0,7.891210812379114,6.456810750927259,1014
4,picking,C2,B_pad,5,10.94389724855094,245,0.0,7.879606018956677,6.5010864455549,1014
5,staging,C2,B_pad,5,11.207677203456864,245,0.0,8.069527586488945,6.78078208784848,1014
1,staging,C3,B_pad,5,10.42844963047714,84,0.0,7.508483733943537,6.56386775277864,1014
2,picking,C3,B_pad,5,9.811867735947953,84,0.0,7.064544769882526,6.012532078618787,1014
3,staging,C3,B_pad,5,10.343751242216474,84,0.0,7.447500894395861,6.102892474520496,1014
4,picking,C3,B_pad,5,10.507506004220433,84,0.0,7.565404323038717,6.342569550873634,1014
5,staging,C3,B_pad,5,9.453796345682635,83,0.0,6.8067333688914955,5.695411153889741,1014
1,staging,C4,B_pad,5,10.983755388393165,235,0.0,7.9083038796430865,6.843463797132604,1014
2,picking,C4,B_pad,5,10.229671827572908,235,0.0,7.365363715852493,6.44757447274194,1014
3,staging,C4,B_pad,5,10.107962166636105,234,0.0,7.277732759978002,6.322316553522207,1014
4,picking,C4,B_pad,5,10.622676745942048,235,0.0,7.648327257078276,6.672831390165298,1014
5,staging,C4,B_pad,5,10.48868372899264,233,0.0,7.551852284874705,6.524426679986734,1014
1,staging,C1,B_pad,5,10.75928347435909,2,0.0,7.746684101538547,7.014460216978062,1015
2,picking,C1,B_pad,5,6.821679185777032,1,0.0,4.911609013759463,3.5104859321705013,1015
3,staging,C1,B_pad,5,5.4079750298937475,1,0.0,3.893742021523498,3.5043678193711485,1015
4,picking,C1,B_pad,5,5.768949769826897,1,0.0,4.153643834275366,3.5138704793111915,1015
5,staging,C1,B_pad,5,5.408587256937609,1,0.0,3.8941828249950787,3.504764542495571,1015
1,staging,C2,B_pad,5,11.307674500443822,259,0.0,8.141525640319564,6.940574947638345,1015
2,picking,C2,B_pad,5,11.905295425791905,257,0.0,8.571812706570176,7.057846870414798,1015
3,staging,C2,B_pad,5,11.39873262948072,256,0.0,8.207087493226132,6.978519070922959,1015
4,picking,C2,B_pad,5,11.976940372194642,257,0.0,8.623397067980157,7.327664819470757,1015
5,staging,C2,B_pad,5,12.19662226167121,253,0.0,8.781568028403282,7.239103623404038,1015
1,staging,C3,B_pad,5,11.10531821469592,93,0.0,7.995829114581066,6.953057899314912,1015
2,picking,C3,B_pad,5,10.52366801539783,93,0.0,7.577040971086436,6.279888507536792,1015
3,staging,C3,B_pad,5,10.520149090927019,93,0.0,7.574507345467454,6.280470580625572,1015
4,picking,C3,B_pad,5,11.585707201111017,92,0.0,8.34170918479993,6.829498245061765,1015
5,staging,C3,B_pad,5,11.480422610544144,92,0.0,8.265904279591778,7.115311535565374,1015
1,staging,C4,B_pad,5,11.58106580842991,248,0.0,8.338367382069539,7.246560205737924,1015
2,picking,C4,B_pad,5,11.430973877083341,245,0.0,8.230301191500022,6.983125921792444,1015
3,staging,C4,B_pad,5,11.331786031087265,246,0.0,8.158885942382843,7.055516170251138,1015
4,picking,C4,B_pad,5,11.279169900872562,244,0.0,8.121002328628252,6.934201984478221,1015
5,staging,C4,B_pad,5,11.416778695799113,247,0.0,8.220080660975366,7.204527271813366,1015
1,staging,C1,B_pad,5,5.343564393693615,1,0.0,3.847366363459403,3.5050681604872898,1016
2,picking,C1,B_pad,5,5.4225097089431245,1,0.0,3.9042069904390497,3.5137862913951445,1016
3,staging,C1,B_pad,5,5.410926190993749,1,0.0,3.8958668575154984,3.5062801717639487,1016
4,picking,C1,B_pad,5,5.757557161944197,1,0.0,4.145441156599822,3.5069312355807702,1016
5,staging,C1,B_pad,5,5.4207727126395895,1,0.0,3.902956353100505,3.5126607177904545,1016
1,staging,C2,B_pad,5,11.336973512002364,265,0.0,8.16262092864171,6.936662952572278,1016
2,picking,C2,B_pad,5,11.694181734426165,264,0.0,8.419810848786842,7.189656072106116,1016
3,staging,C2,B_pad,5,11.917254146445401,263,0.0,8.580422985440702,7.084639823359022,1016
4,picking,C2,B_pad,5,11.667909303466493,264,0.0,8.400894698495884,7.007894796719813,1016
5,staging,C2,B_pad,5,11.671291393997743,264,0.0,8.40332980367839,7.098116806022654,1016
1,staging,C3,B_pad,5,11.003728091106888,94,0.0,7.922684225596959,6.903743289927528,1016
2,picking,C3,B_pad,5,9.857515210374196,94,0.0,7.0974109514694215,5.922258381667761,1016
3,staging,C3,B_pad,5,11.036953044974736,94,0.0,7.946606192381811,6.841411164935884,1016
4,picking,C3,B_pad,5,11.099085568358635,94,0.0,7.991341609218212,6.747121346670285,1016
5,staging,C3,B_pad,5,10.915790414705128,94,0.0,7.859369098587692,6.666443602884938,1016
1,staging,C4,B_pad,5,10.993385577700868,251,0.0,7.915237615944631,6.881301967990534,1016
2,picking,C4,B_pad,5,11.604493063061787,252,0.0,8.3552350054045,7.221974287362122,1016
3,staging,C4,B_pad,5,11.39184639943557,253,0.0,8.20212940759362,7.165038690557009,1016
4,picking,C4,B_pad,5,11.23118542298981,252,0.0,8.086453504552672,7.011452433303703,1016
5,staging,C4,B_pad,5,11.066520282762877,252,0.0,7.967894603589273,6.896036404899829,1016
1,staging,C1,B_pad,5,16.896426537914238,2,0.0,12.16542710729825,7.013603597063665,1017
2,picking,C1,B_pad,5,5.132977031844117,1,0.0,3.695743462927764,3.5109562897813755,1017
3,staging,C1,B_pad,5,5.74996647683674,1,0.0,4.139975863322453,3.502307745104853,1017
4,picking,C1,B_pad,5,5.353666552973929,1,0.0,3.854639918141229,3.511694590756828,1017
5,staging,C1,B_pad,5,5.424156071152147,1,0.0,3.9053923712295466,3.514853134106592,1017
1,staging,C2,B_pad,5,10.902831032752022,244,0.0,7.850038343581457,6.619897195866182,1017
2,picking,C2,B_pad,5,10.391457467648008,245,0.0,7.481849376706569,6.3761668801691895,1017
3,staging,C2,B_pad,5,10.83941462550822,244,0.0,7.804378530365915,6.486716987545642,1017
4,picking,C2,B_pad,5,10.924541524128257,244,0.0,7.865669897372346,6.745643376533075,1017
5,staging,C2,B_pad,5,10.959216817562561,244,0.0,7.890636108645051,6.677912596975302,1017
1,staging,C3,B_pad,5,10.903701130704055,91,0.0,7.850664814106918,6.705010163020068,1017
2,picking,C3,B_pad,5,9.934529157330497,90,0.0,7.152860993277958,5.922594349650688,1017
3,staging,C3,B_pad,5,9.505368467877316,90,0.0,6.843865296871668,5.8512227394762775,1017
4,picking,C3,B_pad,5,9.477139729491407,91,0.0,6.823540605233816,5.9876744656503345,1017
5,staging,C3,B_pad,5,10.396555062294055,91,0.0,7.485519644851719,6.430916562265432,1017
1,staging,C4,B_pad,5,10.283491776024107,235,0.0,7.404114078737358,6.440959467854901,1017
2,picking,C4,B_pad,5,10.70309806218471,235,0.0,7.706230604772996,6.7005774372866345,1017
3,staging,C4,B_pad,5,10.354765549501586,236,0.0,7.455431195641138,6.518404154034201,1017
4,picking,C4,B_pad,5,10.571888852815329,234,0.0,7.611759974027039,6.543396865287169,1017
5,staging,C4,B_pad,5,10.477988702992947,236,0.0,7.544151866154925,6.591776890404249,1017
1,staging,C1,B_pad,5,6.8063879333953565,1,0.0,4.9005993120446565,3.502616942012908,1018
2,picking,C1,B_pad,5,5.754976654250168,1,0.0,4.14358319106012,3.505359446924347,1018
3,staging,C1,B_pad,5,5.3439824509263865,1,0.0,3.8476673646669983,3.505342381772538,1018
4,picking,C1,B_pad,5,5.76706583608546,1,0.0,4.152287401981531,3.5127229742326,1018
5,staging,C1,B_pad,5,5.419035067787091,1,0.0,3.901705248806706,3.5115347239260357,1018
1,staging,C2,B_pad,5,11.138324346741383,252,0.0,8.019593529653802,6.851195208470093,1018
2,picking,C2,B_pad,5,11.395229795644587,251,0.0,8.204565452864104,7.031457195792484,1018
3,staging,C2,B_pad,5,11.036622367356369,250,0.0,7.946368104496591,6.771988498488347,1018
4,picking,C2,B_pad,5,10.99001868415164,251,0.0,7.912813452589183,6.558762950852658,1018
5,staging,C2,B_pad,5,10.332830500833227,251,0.0,7.439637960599926,6.365980817122537,1018
1,staging,C3,B_pad,5,10.994677849255588,90,0.0,7.916168051464023,6.792710504524515,1018
2,picking,C3,B_pad,5,9.256182031989471,90,0.0,6.664451063032418,5.669756924700739,1018
3,staging,C3,B_pad,5,10.260052222866564,90,0.0,7.387237600463925,6.402470532679661,1018
4,picking,C3,B_pad,5,9.92610799991999,89,0.0,7.146797759942395,6.114458065574558,1018
5,staging,C3,B_pad,5,10.432939729310808,89,0.0,7.511716605103786,6.441242430409669,1018
1,staging,C4,B_pad,5,10.94621824371251,241,0.0,7.881277135473009,6.9233040412266105,1018
2,picking,C4,B_pad,5,10.609656346092303,241,0.0,7.638952569186468,6.706265137735001,1018
3,staging,C4,B_pad,5,10.682399666528584,241,0.0,7.6913277599005845,6.728733979953003,1018
4,picking,C4,B_pad,5,10.66120752436463,241,0.0,7.676069417542535,6.649927322623385,1018
5,staging,C4,B_pad,5,10.325562691247207,242,0.0,7.434405137697994,6.453515300299216,1018
1,staging,C1,B_pad,5,6.101188177359393,1,0.0,4.392855487698763,3.507581934312347,1019
2,picking,C1,B_pad,5,5.423726412776624,1,0.0,3.905083017199169,3.5145747154792524,1019
3,staging,C1,B_pad,5,6.814055997323082,1,0.0,4.906120318072619,3.506562983714985,1019
4,picking,C1,B_pad,5,6.826362453306099,1,0.0,4.914980966380392,3.512895975845915,1019
5,staging,C1,B_pad,5,5.124650536680213,1,0.0,3.6897483864097538,3.5052609670892654,1019
1,staging,C2,B_pad,5,11.281072751968017,259,0.0,8.12237238141698,7.015558105151473,1019
2,picking,C2,B_pad,5,11.496667028090293,260,0.0,8.27760026022502,7.086092418016523,1019
3,staging,C2,B_pad,5,11.502179556148235,260,0.0,8.281569280426735,7.010843480884814,1019
4,picking,C2,B_pad,5,10.532941931334488,260,0.0,7.583718190560839,6.343525067519873,1019
5,staging,C2,B_pad,5,11.826051757911639,259,0.0,8.514757265696385,7.1299686159805615,1019
1,staging,C3,B_pad,5,10.464372211284456,87,0.0,7.5343479921248075,6.466853133601932,1019
2,picking,C3,B_pad,5,10.321499162232382,87,0.0,7.4314793968073145,6.422667672644681,1019
3,staging,C3,B_pad,5,10.87362559722421,87,0.0,7.82901043000143,6.816602608690481,1019
4,picking,C3,B_pad,5,9.73931010758364,86,0.0,7.012303277460221,5.956525384246719,1019
5,staging,C3,B_pad,5,10.99881011574757,85,0.0,7.91914328333825,6.723174433303611,1019
1,staging,C4,B_pad,5,11.061039935227237,248,0.0,7.963948753363611,6.989422711624491,1019
2,picking,C4,B_pad,5,11.382975777245619,248,0.0,8.195742559616848,7.131874236128945,1019
3,staging,C4,B_pad,5,10.786860198708089,249,0.0,7.766539343069834,6.77013500060293,1019
4,picking,C4,B_pad,5,10.395804696770174,248,0.0,7.484979381674534,6.470628845967617,1019
5,staging,C4,B_pad,5,11.29903997017573,248,0.0,8.135308778526536,7.091315782118128,1019
1,staging,C1,B_pad,5,10.828814727859832,2,0.0,7.796746604059079,7.017071943653171,1020
2,picking,C1,B_pad,5,10.7547138386099,2,0.0,7.743393963799127,7.011539261156689,1020
3,staging,C1,B_pad,5,5.410559619788991,1,0.0,3.8956029262480736,3.506042633623266,1020
4,picking,C1,B_pad,5,5.423104718716738,1,0.0,3.9046353974760524,3.514171857728447,1020
5,staging,C1,B_pad,5,5.343239444689431,1,0.0,3.84713240017639,3.504855012797015,1020
1,staging,C2,B_pad,5,12.210452122221692,251,0.0,8.791525527999626,7.468494420071082,1020
2,picking,C2,B_pad,5,11.655930208813242,254,0.0,8.392269750345543,7.125938484631921,1020
3,staging,C2,B_pad,5,12.253528653619474,250,0.0,8.82254063060604,7.205254352741774,1020
4,picking,C2,B_pad,5,11.839734302198117,250,0.0,8.52460869758265,7.16467758810202,1020
5,staging,C2,B_pad,5,12.406176017400181,249,0.0,8.932446732528136,7.1835380856343685,1020
1,staging,C3,B_pad,5,12.087429231098067,97,0.0,8.702949046390607,7.5025519574016695,1020
2,picking,C3,B_pad,5,10.64330151379916,98,0.0,7.663177089935394,6.389764339634611,1020
3,staging,C3,B_pad,5,11.390802988430773,97,0.0,8.201378151670156,6.659344682239304,1020
4,picking,C3,B_pad,5,10.931487864939175,97,0.0,7.870671262756202,6.678981421132325,1020
5,staging,C3,B_pad,5,12.025586549118904,96,0.0,8.65842231536561,6.970161795131985,1020
1,staging,C4,B_pad,5,11.351097535342943,240,0.0,8.172790225446926,7.1852958043694715,1020
2,picking,C4,B_pad,5,11.51252291508041,239,0.0,8.289016498857904,7.059226444939071,1020
3,staging,C4,B_pad,5,11.978086039200196,240,0.0,8.62422194822415,7.321410415596832,1020
4,picking,C4,B_pad,5,11.599685354786233,241,0.0,8.35177345544609,7.283628625015312,1020
5,staging,C4,B_pad,5,11.815695552244218,240,0.0,8.507300797615843,7.1468752864133,1020
1,staging,C1,B_pad,5,5.423654994555638,1,0.0,3.9050315960800597,3.5145284364720535,1021
2,picking,C1,B_pad,5,5.349116401678343,1,0.0,3.851363809208407,3.5087099555477193,1021
3,staging,C1,B_pad,5,5.42385866479945,1,0.0,3.905178238655604,3.5146604147900438,1021
4,picking,C1,B_pad,5,5.1327582969228365,1,0.0,3.695585973784442,3.510806675095219,1021
5,staging,C1,B_pad,5,5.423910224423305,1,0.0,3.90521536158478,3.5146938254263023,1021
1,staging,C2,B_pad,5,11.492735514548976,259,0.0,8.274769570475272,6.924265911806221,1021
2,picking,C2,B_pad,5,11.042296761005073,259,0.0,7.950453667923662,6.871701547586124,1021
3,staging,C2,B_pad,5,11.42673717310023,257,0.0,8.227250764632172,6.6890714058670975,1021
4,picking,C2,B_pad,5,11.747468409426,259,0.0,8.458177254786735,7.172893217558879,1021
5,staging,C2,B_pad,5,12.342365672049487,259,0.0,8.886503283875648,7.512189446735645,1021
1,staging,C3,B_pad,5,10.07891900814102,88,0.0,7.256821685861533,6.213115685487375,1021
2,picking,C3,B_pad,5,11.597049042258064,87,0.0,8.34987531042581,6.892304083165717,1021
3,staging,C3,B_pad,5,10.506068516741156,87,0.0,7.5643693320536345,6.419653336552457,1021
4,picking,C3,B_pad,5,10.356085456630742,86,0.0,7.456381528774134,6.479303436307073,1021
5,staging,C3,B_pad,5,11.751354322401001,86,0.0,8.460975112128722,7.03834294493196,1021
1,staging,C4,B_pad,5,11.097267428500793,247,0.0,7.990032548520583,6.874583028860691,1021
2,picking,C4,B_pad,5,10.901407271745652,249,0.0,7.8490132356568845,6.876392265012094,1021
3,staging,C4,B_pad,5,11.06342663156024,247,0.0,7.965667174723381,6.885263527260903,1021
4,picking,C4,B_pad,5,11.795306149480567,250,0.0,8.49262042762602,7.2938843390282955,1021
5,staging,C4,B_pad,5,11.312526104922666,248,0.0,8.14501879554433,7.1202205916141805,1021
1,staging,C1,B_pad,5,11.451900482782511,2,0.0,8.245368347603407,7.017154476308006,1022
2,picking,C1,B_pad,5,5.4204890438396385,1,0.0,3.9027521115645403,3.5124769004080862,1022
3,staging,C1,B_pad,5,5.353497795865198,1,0.0,3.8545184130229426,3.5115838958863095,1022
4,picking,C1,B_pad,5,5.353682538204635,1,0.0,3.854651427507337,3.511705076140564,1022
5,staging,C1,B_pad,5,5.765217395636308,1,0.0,4.150956524858143,3.5115970881378717,1022
1,staging,C2,B_pad,5,11.424142510123293,266,0.0,8.225382607288775,6.914397523217307,1022
2,picking,C2,B_pad,5,11.299778866098038,266,0.0,8.135840783590591,6.853859510185936,1022
3,staging,C2,B_pad,5,11.134484109459253,265,0.0,8.016828558810671,6.698870512260674,1022
4,picking,C2,B_pad,5,10.817522289029887,267,0.0,7.788616048101523,6.686193293126363,1022
5,staging,C2,B_pad,5,10.808586247286431,267,0.0,7.782182098046237,6.601660335572991,1022
1,staging,C3,B_pad,5,11.365585968122886,95,0.0,8.183221897048476,7.091176627892332,1022
2,picking,C3,B_pad,5,10.038598292858234,95,0.0,7.227790770857931,6.107304430694686,1022
3,staging,C3,B_pad,5,9.001521073607202,94,0.0,6.481095172997186,5.539890259412753,1022
4,picking,C3,B_pad,5,9.66629083835337,95,0.0,6.959729403614433,6.081238002251403,1022
5,staging,C3,B_pad,5,11.016335571563685,94,0.0,7.9317616115258485,6.8003465787935955,1022
1,staging,C4,B_pad,5,10.734934367266344,257,0.0,7.729152744431775,6.738973963012513,1022
2,picking,C4,B_pad,5,10.240552763986942,258,0.0,7.373197990070602,6.337866077962253,1022
3,staging,C4,B_pad,5,11.007350415350361,257,0.0,7.925292299052271,6.911873352996495,1022
4,picking,C4,B_pad,5,11.371224146617147,256,0.0,8.187281385564354,7.099022639455867,1022
5,staging,C4,B_pad,5,10.500091465086845,257,0.0,7.560065854862534,6.56243958538057,1022
1,staging,C1,B_pad,5,5.413197431393177,1,0.0,3.897502150603088,3.507751935542779,1023
2,picking,C1,B_pad,5,5.35853368801419,1,0.0,3.858144255370217,3.51488714890819,1023
3,staging,C1,B_pad,5,5.42243118255498,1,0.0,3.904150451439585,3.5137354062956265,1023
4,picking,C1,B_pad,5,5.339203173216395,1,0.0,3.8442262847158055,3.5022074529315605,1023
5,staging,C1,B_pad,5,5.417802410699639,1,0.0,3.90081773570374,3.5107359621333663,1023
1,staging,C2,B_pad,5,10.711865465225058,248,0.0,7.7125431349620515,6.293724510975806,1023
2,picking,C2,B_pad,5,10.774028711494683,248,0.0,7.757300672276174,6.556509062063245,1023
3,staging,C2,B_pad,5,10.07151033616,248,0.0,7.251487442035207,6.0824253387697595,1023
4,picking,C2,B_pad,5,10.779685679297188,247,0.0,7.7613736890939755,6.495830311007438,1023
5,staging,C2,B_pad,5,10.490588722704647,247,0.0,7.553223880347349,6.262717571884482,1023
1,staging,C3,B_pad,5,9.367006495774366,80,0.0,6.744244676957543,5.843644650673576,1023
2,picking,C3,B_pad,5,8.529964260581078,81,0.0,6.141574267618379,5.31351227215017,1023
3,staging,C3,B_pad,5,9.589527068345003,80,0.0,6.9044594892084,5.956563434532201,1023
4,picking,C3,B_pad,5,10.994509242617642,80,0.0,7.9160466546847035,6.672038036791455,1023
5,staging,C3,B_pad,5,10.104649811812138,80,0.0,7.275347864504735,5.817947764700286,1023
1,staging,C4,B_pad,5,9.459506013626374,234,0.0,6.810844329810991,5.850773131615543,1023
2,picking,C4,B_pad,5,10.62964091373117,234,0.0,7.653341457886447,6.622312159118375,1023
3,staging,C4,B_pad,5,9.93910080201426,234,0.0,7.156152577450271,6.254288319706912,1023
4,picking,C4,B_pad,5,10.192336159022396,234,0.0,7.338482034496129,6.415004640953811,1023
5,staging,C4,B_pad,5,10.082970331041835,233,0.0,7.259738638350121,6.392689654417178,1023
1,staging,C1,B_pad,5,5.360016326706791,1,0.0,3.8592117552288907,3.5158596738544747,1024
2,picking,C1,B_pad,5,5.123093472535158,1,0.0,3.6886273002253134,3.5041959352140477,1024
3,staging,C1,B_pad,5,5.4056139418721205,1,0.0,3.892042038147927,3.502837834333134,1024
4,picking,C1,B_pad,5,5.405806750568395,1,0.0,3.8921808604092454,3.5029627743683207,1024
5,staging,C1,B_pad,5,5.124728660640867,1,0.0,3.6898046356614245,3.505314403878353,1024
1,staging,C2,B_pad,5,10.982201828683145,252,0.0,7.907185316651875,6.664850732422734,1024
2,picking,C2,B_pad,5,11.384109141757772,248,0.0,8.196558582065604,6.566597276964714,1024
3,staging,C2,B_pad,5,11.704934838031809,250,0.0,8.427553083382914,6.975292814555287,1024
4,picking,C2,B_pad,5,11.087984248655998,250,0.0,7.983348659032329,6.764024539989029,1024
5,staging,C2,B_pad,5,10.93465338150258,249,0.0,7.872950434681863,6.646321924383616,1024
1,staging,C3,B_pad,5,10.372704513739398,84,0.0,7.468347249892368,6.241093409180968,1024
2,picking,C3,B_pad,5,10.320688189128607,84,0.0,7.430895496172596,6.027863688989148,1024
3,staging,C3,B_pad,5,10.289924128819004,84,0.0,7.408745372749684,6.203286888481502,1024
4,picking,C3,B_pad,5,10.801614210247374,83,0.0,7.777162231378113,6.617754028306901,1024
5,staging,C3,B_pad,5,10.538241517060522,83,0.0,7.5875338922835756,6.305274201581656,1024
1,staging,C4,B_pad,5,11.400673979784072,240,0.0,8.20848526544454,7.030354245408951,1024
2,picking,C4,B_pad,5,10.721872902049999,240,0.0,7.719748489476012,6.406820271387582,1024
3,staging,C4,B_pad,5,11.01186971887188,239,0.0,7.928546197587757,6.901798487637505,1024
4,picking,C4,B_pad,5,10.795461480436952,240,0.0,7.772732265914611,6.689018354525972,1024
5,staging,C4,B_pad,5,10.336629161521603,240,0.0,7.4423729962955605,6.473595929355352,1024
1,staging,C1,B_pad,5,5.343848929345112,1,0.0,3.847571229128481,3.5052547993633487,1025
2,picking,C1,B_pad,5,6.092718511197495,1,0.0,4.386757328062196,3.502712710948712,1025
3,staging,C1,B_pad,5,5.138191571411663,1,0.0,3.6994979314163974,3.5145230348455767,1025
4,picking,C1,B_pad,5,6.819039725241225,1,0.0,4.909708602173683,3.5091276465010752,1025
5,staging,C1,B_pad,5,5.405292446993057,1,0.0,3.8918105618350016,3.5026295056515013,1025
1,staging,C2,B_pad,5,11.45557198643524,263,0.0,8.24801183023339,7.070208450938494,1025
2,picking,C2,B_pad,5,11.194668102098989,265,0.0,8.060161033511276,6.769226813351265,1025
3,staging,C2,B_pad,5,11.74507871696878,262,0.0,8.456456676217536,7.091330034560645,1025
4,picking,C2,B_pad,5,11.345623171784398,263,0.0,8.168848683684779,6.753993532964882,1025
5,staging,C2,B_pad,5,11.721233745223516,261,0.0,8.439288296560939,7.199464270820465,1025
1,staging,C3,B_pad,5,10.810082373524068,92,0.0,7.783259308937329,6.708187867281366,1025
2,picking,C3,B_pad,5,10.976038643618084,91,0.0,7.902747823405019,6.628760981944645,1025
3,staging,C3,B_pad,5,10.163159618215591,91,0.0,7.317474925115228,6.143687424221729,1025
4,picking,C3,B_pad,5,10.225096712603785,91,0.0,7.362069633074724,6.460148815730115,1025
5,staging,C3,B_pad,5,11.037860685194726,92,0.0,7.947259693340202,6.7858777962575045,1025
1,staging,C4,B_pad,5,11.217086351629577,252,0.0,8.076302173173302,6.988036344907013,1025
2,picking,C4,B_pad,5,10.660607575766731,253,0.0,7.675637454552054,6.643210899891561,1025
3,staging,C4,B_pad,5,11.687764938510556,251,0.0,8.415190755727613,7.288846438582154,1025
4,picking,C4,B_pad,5,10.599676567062406,254,0.0,7.631767128284935,6.650397797639865,1025
5,staging,C4,B_pad,5,11.445468371118617,253,0.0,8.240737227205422,7.1822039555605235,1025
1,staging,C1,B_pad,5,10.83478974245739,2,0.0,7.8010486145693205,7.020943753112388,1026
2,picking,C1,B_pad,5,10.541340529521696,2,0.0,7.58976518125562,7.015338650587899,1026
3,staging,C1,B_pad,5,5.355580991510998,1,0.0,3.8560183138879194,3.5129503513441644,1026
4,picking,C1,B_pad,5,5.7675209867088535,1,0.0,4.152615110430374,3.5130002067277672,1026
5,staging,C1,B_pad,5,5.406835893062638,1,0.0,3.8929218430051,3.50362965870459,1026
1,staging,C2,B_pad,5,11.672884536556232,260,0.0,8.404476866320497,7.020762229129664,1026
2,picking,C2,B_pad,5,12.177660742798027,259,0.0,8.767915734814604,7.43184376244295,1026
3,staging,C2,B_pad,5,12.320131418391476,261,0.0,8.870494621241882,7.463972821410479,1026
4,picking,C2,B_pad,5,12.088908311201644,259,0.0,8.704013984065194,7.243400698333776,1026
5,staging,C2,B_pad,5,12.28511273354059,257,0.0,8.845281168149244,7.48427199804919,1026
1,staging,C3,B_pad,5,11.482939919336713,108,0.0,8.267716741922435,7.10414682087932,1026
2,picking,C3,B_pad,5,11.600719192322083,107,0.0,8.352517818471902,7.123731391391817,1026
3,staging,C3,B_pad,5,11.32776539500504,107,0.0,8.15599108440363,6.793426829061442,1026
4,picking,C3,B_pad,5,11.01496578175148,107,0.0,7.930775362861064,6.754384826536038,1026
5,staging,C3,B_pad,5,10.999397662251681,107,0.0,7.91956631682121,6.821307455115793,1026
1,staging,C4,B_pad,5,11.162560448260122,252,0.0,8.037043522747298,6.987912301939124,1026
2,picking,C4,B_pad,5,11.639765918748763,250,0.0,8.38063146149912,7.142592789338312,1026
3,staging,C4,B_pad,5,11.810309685168013,250,0.0,8.503422973320975,7.368872124563581,1026
4,picking,C4,B_pad,5,11.912650422652602,249,0.0,8.577108304309881,7.4123055316208575,1026
5,staging,C4,B_pad,5,12.24284650754421,248,0.0,8.814849485431854,7.623485428570836,1026
1,staging,C1,B_pad,5,5.410285581603439,1,0.0,3.8954056187544768,3.505865056879029,1027
2,picking,C1,B_pad,5,5.350082593611775,1,0.0,3.852059467400479,3.509343721388886,1027
3,staging,C1,B_pad,5,5.352359272216187,1,0.0,3.853698675995655,3.510837090439964,1027
4,picking,C1,B_pad,5,5.410976024523892,1,0.0,3.895902737657202,3.506312463891482,1027
5,staging,C1,B_pad,5,5.4048202682803375,1,0.0,3.8914705931618436,3.5023235338456593,1027
1,staging,C2,B_pad,5,11.956138767517412,256,0.0,8.608419912612552,7.120631583017302,1027
2,picking,C2,B_pad,5,11.326944282171036,255,0.0,8.15539988316316,6.8582449913378065,1027
3,staging,C2,B_pad,5,11.257799540311913,257,0.0,8.105615669024584,6.610379587727188,1027
4,picking,C2,B_pad,5,11.786113482704932,254,0.0,8.486001707547564,7.08841493096213,1027
5,staging,C2,B_pad,5,11.839661513658847,254,0.0,8.524556289834383,7.079566328956531,1027
1,staging,C3,B_pad,5,10.878648118569094,93,0.0,7.8326266453697455,6.774569961630834,1027
2,picking,C3,B_pad,5,10.134138144301637,92,0.0,7.296579463897175,6.059321833471435,1027
3,staging,C3,B_pad,5,11.204995205252347,92,0.0,8.067596547781692,6.70636530976325,1027
4,picking,C3,B_pad,5,11.189091058657356,92,0.0,8.056145562233294,6.691973999653225,1027
5,staging,C3,B_pad,5,10.27829664875741,91,0.0,7.400373587105333,6.306917036332653,1027
1,staging,C4,B_pad,5,10.84914549853325,246,0.0,7.811384758943952,6.712389394836494,1027
2,picking,C4,B_pad,5,11.255727848795418,245,0.0,8.104124051132715,6.926940248443483,1027
3,staging,C4,B_pad,5,11.380427800407155,243,0.0,8.193908016293161,6.9149998237210175,1027
4,picking,C4,B_pad,5,12.371363768642913,243,0.0,8.907381913422917,7.536454964414205,1027
5,staging,C4,B_pad,5,10.453404355895811,244,0.0,7.52645113624499,6.533841879474633,1027
1,staging,C1,B_pad,5,6.81018506529552,1,0.0,4.903333247012775,3.5045709738216617,1028
2,picking,C1,B_pad,5,5.41272771118486,1,0.0,3.8971639520530985,3.5074475568477887,1028
3,staging,C1,B_pad,5,5.4168014074245745,1,0.0,3.900097013345693,3.5100873120111236,1028
4,picking,C1,B_pad,5,6.105479353388051,1,0.0,4.395945134439398,3.5100489376365407,1028
5,staging,C1,B_pad,5,5.409623232805148,1,0.0,3.894928727619707,3.5054358548577365,1028
1,staging,C2,B_pad,5,10.717630534905828,270,0.0,7.716693985132206,6.514235559960326,1028
2,picking,C2,B_pad,5,10.719047710869086,270,0.0,7.717714351825752,6.425481394008855,1028
3,staging,C2,B_pad,5,11.083700244318223,271,0.0,7.980264175909128,6.659953002661974,1028
4,picking,C2,B_pad,5,11.084693992928186,268,0.0,7.980979674908305,6.782101654364882,1028
5,staging,C2,B_pad,5,10.703513563587205,268,0.0,7.706529765782789,6.522207913068071,1028
1,staging,C3,B_pad,5,10.41315983138678,85,0.0,7.497475078598481,6.28683658232252,1028
2,picking,C3,B_pad,5,10.04731627120863,85,0.0,7.234067715270208,6.140850182284124,1028
3,staging,C3,B_pad,5,10.353380411455829,84,0.0,7.4544338962481955,6.401468655086617,1028
4,picking,C3,B_pad,5,9.900323677673455,84,0.0,7.128233047924888,6.048227588427375,1028
5,staging,C3,B_pad,5,9.132302842967139,85,0.0,6.575258046936342,5.563275564570838,1028
1,staging,C4,B_pad,5,10.317974732630281,262,0.0,7.428941807493809,6.36611938222768,1028
2,picking,C4,B_pad,5,10.551535649297044,258,0.0,7.597105667493882,6.527323981415801,1028
3,staging,C4,B_pad,5,10.87792102926404,259,0.0,7.832103141070115,6.833725773988239,1028
4,picking,C4,B_pad,5,10.88974345039928,259,0.0,7.840615284287492,6.721675171447518,1028
5,staging,C4,B_pad,5,10.158987598320834,258,0.0,7.314471070791005,6.341774103873736,1028
1,staging,C1,B_pad,5,10.824948004415848,2,0.0,7.79396256317941,7.014566306861469,1029
2,picking,C1,B_pad,5,5.770309000465841,1,0.0,4.154622480335406,3.5146983874413227,1029
3,staging,C1,B_pad,5,5.409726993984343,1,0.0,3.895003435668727,3.505503092101854,1029
4,picking,C1,B_pad,5,6.828478104471556,1,0.0,4.916504235219521,3.5139847053876387,1029
5,staging,C1,B_pad,5,5.127640669199586,1,0.0,3.6919012818237014,3.507306217732516,1029
1,staging,C2,B_pad,5,11.57344390886885,248,0.0,8.332879614385572,6.9464496316159945,1029
2,picking,C2,B_pad,5,11.234069994456188,251,0.0,8.088530396008466,6.768459467934202,1029
3,staging,C2,B_pad,5,12.187113914575482,247,0.0,8.774722018494353,7.331096427630723,1029
4,picking,C2,B_pad,5,12.147924574703314,246,0.0,8.746505693786393,7.2584395223185245,1029
5,staging,C2,B_pad,5,11.337938288245754,249,0.0,8.16331556753694,6.91489143780349,1029
1,staging,C3,B_pad,5,11.028081284761095,88,0.0,7.940218525027987,6.826751163963111,1029
2,picking,C3,B_pad,5,10.44399087727786,88,0.0,7.519673431640061,6.386909807004087,1029
3,staging,C3,B_pad,5,10.70900293238933,88,0.0,7.710482111320316,6.644529399067866,1029
4,picking,C3,B_pad,5,11.739122112628579,88,0.0,8.452167921092576,6.972113612557183,1029
5,staging,C3,B_pad,5,10.816284235508942,88,0.0,7.787724649566433,6.481094793328884,1029
1,staging,C4,B_pad,5,11.400924700227963,236,0.0,8.20866578416414,7.093982146437706,1029
2,picking,C4,B_pad,5,10.686369168344594,238,0.0,7.6941858012081115,6.6498687801627305,1029
3,staging,C4,B_pad,5,11.311544195561336,236,0.0,8.144311820804168,7.111870136916884,1029
4,picking,C4,B_pad,5,11.746764852208141,234,0.0,8.45767069358987,7.154279138609856,1029
5,staging,C4,B_pad,5,11.258113984667519,235,0.0,8.10584206896062,7.072447396286843,1029
1,staging,C1,B_pad,5,5.422106340621384,1,0.0,3.903916565247396,3.5135249087226565,1030
2,picking,C1,B_pad,5,5.4102496407268035,1,0.0,3.8953797413232993,3.5058417671909696,1030
3,staging,C1,B_pad,5,5.409873761130771,1,0.0,3.8951091080141547,3.5055981972127395,1030
4,picking,C1,B_pad,5,5.424501330202883,1,0.0,3.905640957746076,3.515076861971468,1030
5,staging,C1,B_pad,5,6.115253086481912,1,0.0,4.402982222266977,3.5156678709712037,1030
1,staging,C2,B_pad,5,10.973444807570264,264,0.0,7.900880261450595,6.430202762461762,1030
2,picking,C2,B_pad,5,11.105255418904417,265,0.0,7.995783901611192,6.885789677436456,1030
3,staging,C2,B_pad,5,11.514798425413908,263,0.0,8.290654866298025,6.8809820028531865,1030
4,picking,C2,B_pad,5,11.295872338504429,265,0.0,8.133028083723195,7.030243780068024,1030
5,staging,C2,B_pad,5,10.952605404191772,264,0.0,7.8858758910180855,6.654158049916636,1030
1,staging,C3,B_pad,5,10.94951849781804,92,0.0,7.883653318428989,6.801065426833909,1030
2,picking,C3,B_pad,5,10.360346160989591,91,0.0,7.459449235912506,6.364099884635061,1030
3,staging,C3,B_pad,5,10.389317948983482,91,0.0,7.4803089232681055,6.409078682351505,1030
4,picking,C3,B_pad,5,10.394584792954594,91,0.0,7.484101050927307,6.389691614755288,1030
5,staging,C3,B_pad,5,9.274316537550465,90,0.0,6.677507907036339,5.647048604747063,1030
1,staging,C4,B_pad,5,10.392097845907704,253,0.0,7.482310449053552,6.431158768693233,1030
2,picking,C4,B_pad,5,11.168229504923175,254,0.0,8.041125243544695,6.986410465726382,1030
3,staging,C4,B_pad,5,10.9220782200268,251,0.0,7.863896318419306,6.846284269934977,1030
4,picking,C4,B_pad,5,10.75295123219513,252,0.0,7.742124887180501,6.74192297403255,1030
5,staging,C4,B_pad,5,10.716730312189716,254,0.0,7.716045824776605,6.751544238793354,1030
1,staging,C1,B_pad,5,5.412210701331204,1,0.0,3.896791704958467,3.50711253446262,1031
2,picking,C1,B_pad,5,5.425525023476871,1,0.0,3.906378016903347,3.5157402152130124,1031
3,staging,C1,B_pad,5,5.410160231375149,1,0.0,3.8953153665901077,3.505783829931097,1031
4,picking,C1,B_pad,5,5.766489373463998,1,0.0,4.151872348894079,3.512371850532655,1031
5,staging,C1,B_pad,5,5.410087780036963,1,0.0,3.8952632016266135,3.5057368814639522,1031
1,staging,C2,B_pad,5,10.515274457866271,256,0.0,7.5709976096637215,6.416623233332706,1031
2,picking,C2,B_pad,5,10.62644805837031,255,0.0,7.651042602026625,6.425634144794717,1031
3,staging,C2,B_pad,5,10.473193130376607,254,0.0,7.540699053871165,6.365802646542827,1031
4,picking,C2,B_pad,5,10.76799831369852,254,0.0,7.752958785862943,6.434588664010009,1031
5,staging,C2,B_pad,5,11.03686435987239,254,0.0,7.946542339108127,6.71270773403454,1031
1,staging,C3,B_pad,5,9.572558422585063,84,0.0,6.892242064261242,5.943857920476152,1031
2,picking,C3,B_pad,5,10.107669723880335,83,0.0,7.277522201193838,6.26576625212264,1031
3,staging,C3,B_pad,5,9.776815695064778,83,0.0,7.03930730044664,5.789737563029853,1031
4,picking,C3,B_pad,5,9.285548928031988,83,0.0,6.685595228183031,5.69924145087439,1031
5,staging,C3,B_pad,5,10.392111206027705,83,0.0,7.482320068339943,6.481843354915491,1031
1,staging,C4,B_pad,5,10.08292861470666,245,0.0,7.259708602588799,6.3227740608921525,1031
2,picking,C4,B_pad,5,10.443285431843192,246,0.0,7.519165510927104,6.499544901625256,1031
3,staging,C4,B_pad,5,10.53817640491622,245,0.0,7.587487011539688,6.505571301622075,1031
4,picking,C4,B_pad,5,10.381105864516055,244,0.0,7.474396222451567,6.440152342044929,1031
5,staging,C4,B_pad,5,10.303370215306625,244,0.0,7.418426555020774,6.473952705419254,1031
1,staging,C1,B_pad,5,6.103834381159681,1,0.0,4.39476075443497,3.509103240716047,1032
2,picking,C1,B_pad,5,5.413895446063631,1,0.0,3.898004721165815,3.5082042490492333,1032
3,staging,C1,B_pad,5,5.3499793577269354,1,0.0,3.851985137563393,3.5092760046391067,1032
4,picking,C1,B_pad,5,5.404622756347827,1,0.0,3.891328384570435,3.502195546113392,1032
5,staging,C1,B_pad,5,5.412270710890238,1,0.0,3.8968349118409717,3.5071514206568746,1032
1,staging,C2,B_pad,5,11.331263097770627,259,0.0,8.158509430394862,6.67779366651789,1032
2,picking,C2,B_pad,5,11.510896398609656,257,0.0,8.287845406998969,7.08382055107318,1032
3,staging,C2,B_pad,5,10.89442523770058,257,0.0,7.8439861711444205,6.53672888502356,1032
4,picking,C2,B_pad,5,11.026942547728597,256,0.0,7.939398634364587,6.589027455853323,1032
5,staging,C2,B_pad,5,11.085376967547283,258,0.0,7.981471416634051,6.730957347252866,1032
1,staging,C3,B_pad,5,9.899029177725788,89,0.0,7.127301007962569,6.205082279171497,1032
2,picking,C3,B_pad,5,10.266876613471632,89,0.0,7.3921511616995765,6.217993137010417,1032
3,staging,C3,B_pad,5,10.10058061499158,89,0.0,7.272418042793936,6.083914566814526,1032
4,picking,C3,B_pad,5,10.745955059335115,89,0.0,7.737087642721279,6.567365551771136,1032
5,staging,C3,B_pad,5,10.474293037882921,88,0.0,7.541490987275701,6.422085073830855,1032
1,staging,C4,B_pad,5,10.76618159195572,244,0.0,7.751650746208125,6.750339999510356,1032
2,picking,C4,B_pad,5,11.06711068619913,245,0.0,7.968319694063385,6.946354873421488,1032
3,staging,C4,B_pad,5,10.67664684654895,245,0.0,7.687185729515249,6.602254490372111,1032
4,picking,C4,B_pad,5,10.689034192676145,244,0.0,7.696104618726824,6.640695504937946,1032
5,staging,C4,B_pad,5,10.300483073345772,245,0.0,7.416347812808956,6.486111990358311,1032
1,staging,C1,B_pad,5,5.757685048846979,1,0.0,4.145533235169825,3.5070091315636276,1033
2,picking,C1,B_pad,5,5.357367613849099,1,0.0,3.8573046819713506,3.514122271922024,1033
3,staging,C1,B_pad,5,6.8133150721171045,1,0.0,4.905586851924315,3.5061816981925285,1033
4,picking,C1,B_pad,5,5.761461381278925,1,0.0,4.148252194520826,3.509309297725948,1033
5,staging,C1,B_pad,5,5.413934565988289,1,0.0,3.898032887511569,3.508229598760412,1033
1,staging,C2,B_pad,5,10.639665956324022,254,0.0,7.660559488553301,6.3323951859536445,1033
2,picking,C2,B_pad,5,10.712484713968088,253,0.0,7.7129889940570395,6.425824362902972,1033
3,staging,C2,B_pad,5,10.174179299469625,255,0.0,7.325409095618136,6.216105929197761,1033
4,picking,C2,B_pad,5,10.777240859074844,253,0.0,7.75961341853389,6.435566955187594,1033
5,staging,C2,B_pad,5,10.35348112853071,253,0.0,7.454506412542116,6.230126231589562,1033
1,staging,C3,B_pad,5,9.534929763749748,84,0.0,6.8651494298998195,5.816213174413132,1033
2,picking,C3,B_pad,5,9.02063122305163,84,0.0,6.494854480597172,5.4488916073237315,1033
3,staging,C3,B_pad,5,9.77390964954458,84,0.0,7.037214947672097,5.992580465525872,1033
4,picking,C3,B_pad,5,9.825082107438694,84,0.0,7.074059117355859,5.932465958840971,1033
5,staging,C3,B_pad,5,10.340126620659872,84,0.0,7.444891166875108,6.318605505195999,1033
1,staging,C4,B_pad,5,10.264989912354402,244,0.0,7.390792736895176,6.4412894332829405,1033
2,picking,C4,B_pad,5,10.068788718393321,243,0.0,7.249527877243201,6.117502324862559,1033
3,staging,C4,B_pad,5,10.230724920808349,243,0.0,7.3661219429820175,6.304075028051055,1033
4,picking,C4,B_pad,5,9.876328285645144,243,0.0,7.110956365664505,6.1404672454179625,1033
5,staging,C4,B_pad,5,10.452813504817952,244,0.0,7.526025723468931,6.521184633217006,1033
1,staging,C1,B_pad,5,7.743356146565617,1,0.0,5.575216425527243,3.505358061242579,1034
2,picking,C1,B_pad,5,5.126922601441191,1,0.0,3.6913842730376576,3.506815059385774,1034
3,staging,C1,B_pad,5,5.352723550668167,1,0.0,3.85396095648108,3.5110760359657425,1034
4,picking,C1,B_pad,5,5.413789753755529,1,0.0,3.8979286227039807,3.5081357604335826,1034
5,staging,C1,B_pad,5,5.40637378387729,1,0.0,3.892589124391648,3.5033302119524836,1034
1,staging,C2,B_pad,5,11.204115794671745,255,0.0,8.066963372163665,6.725277411411189,1034
2,picking,C2,B_pad,5,10.682127036941386,254,0.0,7.69113146659781,6.545397616880516,1034
3,staging,C2,B_pad,5,10.524118201241528,254,0.0,7.577365104893906,6.2381320416324515,1034
4,picking,C2,B_pad,5,10.582374039648514,256,0.0,7.61930930854693,6.538510090369106,1034
5,staging,C2,B_pad,5,11.572656636676664,255,0.0,8.332312778407202,6.963725577682536,1034
1,staging,C3,B_pad,5,10.40341753918968,87,0.0,7.490460628216567,6.354214261379775,1034
2,picking,C3,B_pad,5,9.774327685795921,86,0.0,7.03751593377306,5.9409489306300864,1034
3,staging,C3,B_pad,5,10.545947881557098,86,0.0,7.593082474721109,6.45323826007425,1034
4,picking,C3,B_pad,5,10.088282542770829,86,0.0,7.263563430794994,6.068631334937568,1034
5,staging,C3,B_pad,5,9.51896826526391,86,0.0,6.8536571509900135,5.95849339927399,1034
1,staging,C4,B_pad,5,10.227267813584541,245,0.0,7.3636328257808765,6.41174060839811,1034
2,picking,C4,B_pad,5,11.092667330669572,242,0.0,7.986720478082101,6.953068992669159,1034
3,staging,C4,B_pad,5,10.665714319770801,242,0.0,7.679314310234985,6.584717460133043,1034
4,picking,C4,B_pad,5,10.49425584730286,244,0.0,7.555864210058069,6.59272186932456,1034
5,staging,C4,B_pad,5,10.170022367533042,243,0.0,7.322416104623787,6.336579142011313,1034
1,staging,C1,B_pad,5,5.128732712093858,1,0.0,3.6926875527075773,3.5080531750721984,1035
2,picking,C1,B_pad,5,5.404611476597003,1,0.0,3.8913202631498423,3.5021882368348582,1035
3,staging,C1,B_pad,5,5.340306131774696,1,0.0,3.8450204148777813,3.502930929742207,1035
4,picking,C1,B_pad,5,5.347974567204933,1,0.0,3.8505416883875516,3.5079609783926915,1035
5,staging,C1,B_pad,5,5.4046486571967,1,0.0,3.891347033181624,3.5022123298634615,1035
1,staging,C2,B_pad,5,10.871877027663746,262,0.0,7.827751459917906,6.664819592855644,1035
2,picking,C2,B_pad,5,11.065674960020019,261,0.0,7.967285971214422,6.632740396247942,1035
3,staging,C2,B_pad,5,10.997304080439502,262,0.0,7.918058937916447,6.803666005825081,1035
4,picking,C2,B_pad,5,11.170207992818838,260,0.0,8.042549754829574,6.72961598119662,1035
5,staging,C2,B_pad,5,10.750204578873415,263,0.0,7.740147296788867,6.5091343850566,1035
1,staging,C3,B_pad,5,8.885987044108997,91,0.0,6.397910671758477,5.487105345796309,1035
2,picking,C3,B_pad,5,10.592294289295221,91,0.0,7.626451888292561,6.283432922384171,1035
3,staging,C3,B_pad,5,10.535302337325447,91,0.0,7.585417682874324,6.459233456707357,1035
4,picking,C3,B_pad,5,10.168622864272075,90,0.0,7.321408462275897,6.257959855376675,1035
5,staging,C3,B_pad,5,10.51170982845381,91,0.0,7.568431076486743,6.620601201428674,1035
1,staging,C4,B_pad,5,11.268367707850842,251,0.0,8.113224749652613,6.995161763677393,1035
2,picking,C4,B_pad,5,10.61396951017619,251,0.0,7.642058047326869,6.561599586962597,1035
3,staging,C4,B_pad,5,10.34666429755389,252,0.0,7.449598294238801,6.508249774267865,1035
4,picking,C4,B_pad,5,10.41559025330204,250,0.0,7.499224982377481,6.5686934894617846,1035
5,staging,C4,B_pad,5,10.451161116485663,251,0.0,7.524836003869682,6.58435508014556,1035
1,staging,C1,B_pad,5,5.341234277218558,1,0.0,3.8456886795973624,3.5035397392940157,1036
2,picking,C1,B_pad,5,5.4209197039543255,1,0.0,3.9030621868471145,3.512755968162403,1036
3,staging,C1,B_pad,5,6.81014755659665,1,0.0,4.903306240749588,3.5045516715712726,1036
4,picking,C1,B_pad,5,5.3517635430732335,1,0.0,3.853269751012729,3.5104463266917616,1036
5,staging,C1,B_pad,5,5.123912111439069,1,0.0,3.68921672023613,3.5047558842243234,1036
1,staging,C2,B_pad,5,11.695684751121657,258,0.0,8.420893020807606,7.054421780929541,1036
2,picking,C2,B_pad,5,12.180255745321485,259,0.0,8.769784136631475,7.20451028805165,1036
3,staging,C2,B_pad,5,11.58008080512824,257,0.0,8.337658179692351,6.919987280618686,1036
4,picking,C2,B_pad,5,11.409525536318602,259,0.0,8.214858386149402,6.724885969596321,1036
5,staging,C2,B_pad,5,11.31228607468219,259,0.0,8.144845973771186,6.916034337980286,1036
1,staging,C3,B_pad,5,10.31017436033206,91,0.0,7.423325539439087,6.237736018837477,1036
2,picking,C3,B_pad,5,10.936150699641358,91,0.0,7.87402850374178,6.9243289456522366,1036
3,staging,C3,B_pad,5,10.698673675240249,91,0.0,7.703045046172976,6.499284047917122,1036
4,picking,C3,B_pad,5,10.843007360374548,91,0.0,7.806965299469677,6.323800659631551,1036
5,staging,C3,B_pad,5,10.796477432874099,90,0.0,7.773463751669358,6.673720629568119,1036
1,staging,C4,B_pad,5,11.208222713699854,246,0.0,8.069920353863905,6.909330934721618,1036
2,picking,C4,B_pad,5,11.550901935453375,246,0.0,8.316649393526436,7.177448361188898,1036
3,staging,C4,B_pad,5,11.098250353058557,246,0.0,7.99074025420217,6.87541329434096,1036
4,picking,C4,B_pad,5,11.331331760257708,245,0.0,8.158558867385558,6.835362156691603,1036
5,staging,C4,B_pad,5,10.91195952788356,247,0.0,7.856610860076168,6.854631209569731,1036
1,staging,C1,B_pad,5,5.417001892804621,1,0.0,3.9002413628193273,3.5102172265373945,1037
2,picking,C1,B_pad,5,5.342528622466372,1,0.0,3.846620608175788,3.5043887546670023,1037
3,staging,C1,B_pad,5,5.1213415731771805,1,0.0,3.6873659326875696,3.5029976360531907,1037
4,picking,C1,B_pad,5,5.355982417122409,1,0.0,3.8563073403281347,3.5132136632509168,1037
5,staging,C1,B_pad,5,6.10700518573791,1,0.0,4.397043733731296,3.5109261408680386,1037
1,staging,C2,B_pad,5,11.51495196705307,252,0.0,8.290765416278218,6.971807550919545,1037
2,picking,C2,B_pad,5,11.290848220470929,252,0.0,8.12941071873908,6.799618394685063,1037
3,staging,C2,B_pad,5,11.942211957082156,253,0.0,8.598392609099164,7.105320472565434,1037
4,picking,C2,B_pad,5,11.544569397537746,254,0.0,8.312089966227184,7.030440653922912,1037
5,staging,C2,B_pad,5,11.324725592002315,252,0.0,8.153802426241676,6.934231908071384,1037
1,staging,C3,B_pad,5,9.522904186168262,91,0.0,6.856491014041148,5.846547280067443,1037
2,picking,C3,B_pad,5,11.446275727572433,91,0.0,8.241318523852156,6.968773396988879,1037
3,staging,C3,B_pad,5,11.10556866845018,91,0.0,7.996009441284133,6.838610430675834,1037
4,picking,C3,B_pad,5,10.47203024926743,91,0.0,7.539861779472552,6.462412356130507,1037
5,staging,C3,B_pad,5,10.959240469159461,90,0.0,7.89065313779481,6.5369068062592035,1037
1,staging,C4,B_pad,5,10.930151306082845,241,0.0,7.8697089403796605,6.770880610672004,1037
2,picking,C4,B_pad,5,10.978118606781246,241,0.0,7.904245396882496,6.794256545127771,1037
3,staging,C4,B_pad,5,11.636606798296533,240,0.0,8.378356894773512,7.263092858024396,1037
4,picking,C4,B_pad,5,11.091200544807354,242,0.0,7.985664392261308,7.000390264485564,1037
5,staging,C4,B_pad,5,10.99959185870932,242,0.0,7.91970613827072,6.8866042574101485,1037
1,staging,C1,B_pad,5,5.772758746245275,1,0.0,4.156386297296598,3.5161905289436106,1038
2,picking,C1,B_pad,5,6.824305627484621,1,0.0,4.913500051788928,3.511837518255843,1038
3,staging,C1,B_pad,5,5.421502196645482,1,0.0,3.903481581584747,3.513133423426272,1038
4,picking,C1,B_pad,5,5.416609801803283,1,0.0,3.8999590572983642,3.509963151568528,1038
5,staging,C1,B_pad,5,5.407567235568476,1,0.0,3.893448409609303,3.504103568648373,1038
1,staging,C2,B_pad,5,11.38322410613272,255,0.0,8.195921356415566,6.980114976814378,1038
2,picking,C2,B_pad,5,11.680923237075191,255,0.0,8.410264730694145,6.979554382226082,1038
3,staging,C2,B_pad,5,11.616102856065881,255,0.0,8.363594056367434,7.137171593469823,1038
4,picking,C2,B_pad,5,11.43126141035913,255,0.0,8.230508215458585,6.860440274007202,1038
5,staging,C2,B_pad,5,12.127624489423553,255,0.0,8.731889632384963,7.443558075436652,1038
1,staging,C3,B_pad,5,10.593323689921855,91,0.0,7.627193056743738,6.295661958792176,1038
2,picking,C3,B_pad,5,11.417964783356283,91,0.0,8.220934644016522,7.015166841543565,1038
3,staging,C3,B_pad,5,11.294282158377111,91,0.0,8.131883154031517,6.714653992643157,1038
4,picking,C3,B_pad,5,11.056190467896842,91,0.0,7.960457136885727,6.616856362354496,1038
5,staging,C3,B_pad,5,10.887244676276234,91,0.0,7.838816166918886,6.738611490963135,1038
1,staging,C4,B_pad,5,11.179829216241316,244,0.0,8.04947703569375,6.9088433517453005,1038
2,picking,C4,B_pad,5,10.93671660432288,245,0.0,7.874435955112485,6.957961569996146,1038
3,staging,C4,B_pad,5,11.44872380908814,245,0.0,8.24308114254347,7.11733847716881,1038
4,picking,C4,B_pad,5,10.900531935572182,245,0.0,7.848382993611978,6.7495428342323,1038
5,staging,C4,B_pad,5,11.961718282698678,246,0.0,8.612437163543065,7.506807764219639,1038
1,staging,C1,B_pad,5,5.411070854932532,1,0.0,3.895971015551423,3.5063739139962804,1039
2,picking,C1,B_pad,5,5.349757678402554,1,0.0,3.8518255284498384,3.509130595866145,1039
3,staging,C1,B_pad,5,5.406127476219134,1,0.0,3.892411782877777,3.5031706045899993,1039
4,picking,C1,B_pad,5,5.127258202264295,1,0.0,3.6916259056302927,3.507044610348778,1039
5,staging,C1,B_pad,5,5.138627518339573,1,0.0,3.699811813204492,3.514821222544267,1039
1,staging,C2,B_pad,5,11.269541649713418,262,0.0,8.114069987793668,6.806865108174549,1039
2,picking,C2,B_pad,5,11.31009816479085,261,0.0,8.143270678649422,6.734361529849535,1039
3,staging,C2,B_pad,5,11.288707981635177,262,0.0,8.127869746777336,6.983797602884708,1039
4,picking,C2,B_pad,5,11.031178470285392,260,0.0,7.9424484986054855,6.556876890193063,1039
5,staging,C2,B_pad,5,10.819614213996925,261,0.0,7.790122234077794,6.594806482910641,1039
1,staging,C3,B_pad,5,11.275604042131599,88,0.0,8.11843491033475,6.623628822969747,1039
2,picking,C3,B_pad,5,10.373819373570035,88,0.0,7.469149948970429,6.370362468261199,1039
3,staging,C3,B_pad,5,10.136031535335189,88,0.0,7.297942705441338,6.200367324959147,1039
4,picking,C3,B_pad,5,9.906199365337736,87,0.0,7.132463543043169,6.153528895914395,1039
5,staging,C3,B_pad,5,9.958329940585974,87,0.0,7.1699975572219,6.170660880164801,1039
1,staging,C4,B_pad,5,10.612067080583518,250,0.0,7.640688298020134,6.685584401223017,1039
2,picking,C4,B_pad,5,10.839202931754294,249,0.0,7.804226110863099,6.829492819231754,1039
3,staging,C4,B_pad,5,10.671420902028023,251,0.0,7.683423049460185,6.667081546435045,1039
4,picking,C4,B_pad,5,10.228058169041468,249,0.0,7.364201881709856,6.422056346790397,1039
5,staging,C4,B_pad,5,11.027222248963762,247,0.0,7.9396000192539224,6.925798055887822,1039
1,staging,C1,B_pad,5,7.748971077702158,1,0.0,5.579259175945554,3.507899897592381,1040
2,picking,C1,B_pad,5,5.422239530141005,1,0.0,3.9040124617015235,3.513611215531371,1040
3,staging,C1,B_pad,5,5.1343481839708165,1,0.0,3.696730692458988,3.5118941578360383,1040
4,picking,C1,B_pad,5,5.7548934880405,1,0.0,4.14352331138916,3.505308790340274,1040
5,staging,C1,B_pad,5,6.807333430311823,1,0.0,4.901280069824513,3.5031035016317023,1040
1,staging,C2,B_pad,5,11.291336263700586,263,0.0,8.129762109864428,6.714660318515442,1040
2,picking,C2,B_pad,5,11.519693781889552,263,0.0,8.294179522960487,7.031528613315149,1040
3,staging,C2,B_pad,5,10.847357208000629,261,0.0,7.810097189760458,6.519797837306095,1040
4,picking,C2,B_pad,5,11.175146244942749,262,0.0,8.046105296358784,6.795785113995714,1040
5,staging,C2,B_pad,5,11.025048480253474,262,0.0,7.938034905782505,6.81854567979972,1040
1,staging,C3,B_pad,5,10.500821322947182,98,0.0,7.560591352521973,6.3311554853265,1040
2,picking,C3,B_pad,5,9.782607097195418,98,0.0,7.0434771099806985,6.046191622697232,1040
3,staging,C3,B_pad,5,11.053254739927388,98,0.0,7.958343412747724,6.76865176352301,1040
4,picking,C3,B_pad,5,9.68380526187744,97,0.0,6.972339788551758,6.028039983244141,1040
5,staging,C3,B_pad,5,10.847929186144212,97,0.0,7.8105090140238325,6.536092433567894,1040
1,staging,C4,B_pad,5,10.711753288305333,251,0.0,7.712462367579846,6.683244512133758,1040
2,picking,C4,B_pad,5,10.700955493829797,251,0.0,7.70468795555746,6.681217481860513,1040
3,staging,C4,B_pad,5,10.959126642510466,251,0.0,7.89057118260754,6.855496694261613,1040
4,picking,C4,B_pad,5,10.720640854169348,251,0.0,7.718861415001938,6.734167577112094,1040
5,staging,C4,B_pad,5,10.930402542887395,252,0.0,7.869889830878929,6.797857964230792,1040
1,staging,C1,B_pad,5,5.420066447394791,1,0.0,3.902447842124249,3.512203057911824,1041
2,picking,C1,B_pad,5,5.4105447852909325,1,0.0,3.8955922454094716,3.5060330208685246,1041
3,staging,C1,B_pad,5,6.1117457012141445,1,0.0,4.400456904874185,3.5136514700925114,1041
4,picking,C1,B_pad,5,5.346671292907656,1,0.0,3.8496033308935127,3.5071061060814013,1041
5,staging,C1,B_pad,5,5.760744189596255,1,0.0,4.147735816509304,3.5088724558773805,1041
1,staging,C2,B_pad,5,11.286546391831552,254,0.0,8.126313402118727,6.75309766183825,1041
2,picking,C2,B_pad,5,11.100436574993363,256,0.0,7.992314333995226,6.713443708760703,1041
3,staging,C2,B_pad,5,11.285878937891583,253,0.0,8.125832835281953,6.795125370635227,1041
4,picking,C2,B_pad,5,11.305951692049945,254,0.0,8.140285218275965,6.84910906809084,1041
5,staging,C2,B_pad,5,11.114446776891521,253,0.0,8.0024016793619,6.6680535981981786,1041
1,staging,C3,B_pad,5,10.633977544876887,96,0.0,7.65646383231136,6.331184167183497,1041
2,picking,C3,B_pad,5,10.599614625574752,96,0.0,7.631722530413823,6.2789890710097085,1041
3,staging,C3,B_pad,5,10.339026418641138,95,0.0,7.444099021421621,6.301448554166577,1041
4,picking,C3,B_pad,5,11.24695791815483,95,0.0,8.097809701071478,6.960696358181393,1041
5,staging,C3,B_pad,5,9.80435240329004,95,0.0,7.059133730368827,5.9545304639056855,1041
1,staging,C4,B_pad,5,10.503676380442847,246,0.0,7.562646993918858,6.5431758152325425,1041
2,picking,C4,B_pad,5,11.150716480306786,243,0.0,8.028515865820896,6.861685449196914,1041
3,staging,C4,B_pad,5,10.746593902428883,244,0.0,7.737547609748805,6.5824183090555675,1041
4,picking,C4,B_pad,5,10.929117723313759,244,0.0,7.868964760785913,6.832319160208223,1041
5,staging,C4,B_pad,5,10.96937684969621,245,0.0,7.897951331781276,6.840677180775644,1041
1,staging,C1,B_pad,5,5.422548140811783,1,0.0,3.9042346613844834,3.513811195246035,1042
2,picking,C1,B_pad,5,5.348200991336791,1,0.0,3.85070471376249,3.5081094994840214,1042
3,staging,C1,B_pad,5,5.422956636772371,1,0.0,3.9045287784761067,3.5140759006284963,1042
4,picking,C1,B_pad,5,5.407613264469097,1,0.0,3.89348155041775,3.504133395375975,1042
5,staging,C1,B_pad,5,5.424512937957231,1,0.0,3.9056493153292062,3.5150843837962857,1042
1,staging,C2,B_pad,5,11.11335372750343,256,0.0,8.00161468380247,6.907608623669193,1042
2,picking,C2,B_pad,5,11.009219073104692,258,0.0,7.926637732635388,6.715855258625718,1042
3,staging,C2,B_pad,5,11.402609715831353,255,0.0,8.209878995398585,6.8438113173831345,1042
4,picking,C2,B_pad,5,11.564901476948672,255,0.0,8.326729063403052,6.789085963935286,1042
5,staging,C2,B_pad,5,11.46070058842909,255,0.0,8.251704423668954,6.688662000267523,1042
1,staging,C3,B_pad,5,11.166370631210466,91,0.0,8.039786854471537,6.55520273763564,1042
2,picking,C3,B_pad,5,10.513601874001841,91,0.0,7.569793349281327,6.369763141855788,1042
3,staging,C3,B_pad,5,9.7504458884262,91,0.0,7.020321039666861,5.9637658376593246,1042
4,picking,C3,B_pad,5,10.453226097000254,91,0.0,7.52632278984018,6.313141453410703,1042
5,staging,C3,B_pad,5,10.846981542573657,91,0.0,7.80982671065303,6.622931068901529,1042
1,staging,C4,B_pad,5,11.30399982788486,244,0.0,8.138879876077105,7.0586418601229015,1042
2,picking,C4,B_pad,5,10.921906526423834,246,0.0,7.863772699025165,6.818182277317445,1042
3,staging,C4,B_pad,5,10.996843256061231,244,0.0,7.917727144364093,6.826591383438729,1042
4,picking,C4,B_pad,5,10.514860569297346,243,0.0,7.570699609894092,6.558751832261473,1042
5,staging,C4,B_pad,5,10.541479639554794,243,0.0,7.5898653404794585,6.505649806105763,1042
1,staging,C1,B_pad,5,5.41801851426244,1,0.0,3.900973330268957,3.510875997242061,1043
2,picking,C1,B_pad,5,5.346337461969914,1,0.0,3.849362972618338,3.5068871323581225,1043
3,staging,C1,B_pad,5,5.133867925687906,1,0.0,3.6963849064952927,3.5115656611705273,1043
4,picking,C1,B_pad,5,5.406224229141211,1,0.0,3.892481444981672,3.503233300483505,1043
5,staging,C1,B_pad,5,5.410346118749251,1,0.0,3.8954492054994607,3.5059042849495143,1043
1,staging,C2,B_pad,5,11.442513022506478,259,0.0,8.238609376204675,6.90501133082386,1043
2,picking,C2,B_pad,5,11.853122210088191,258,0.0,8.534247991263513,7.349889523481772,1043
3,staging,C2,B_pad,5,12.012841774988898,257,0.0,8.649246077992021,7.260279264260998,1043
4,picking,C2,B_pad,5,12.474591602846633,256,0.0,8.98170595404959,7.239815633334817,1043
5,staging,C2,B_pad,5,11.249708792451402,258,0.0,8.099790330565012,6.834442846524897,1043
1,staging,C3,B_pad,5,11.653336102462147,93,0.0,8.390401993772741,7.004271732588088,1043
2,picking,C3,B_pad,5,10.973918443940068,92,0.0,7.901221279636851,6.901594717180159,1043
3,staging,C3,B_pad,5,9.8912759728001,92,0.0,7.121718700416073,6.046309592947268,1043
4,picking,C3,B_pad,5,11.440075088855922,91,0.0,8.236854063976264,6.476224850561847,1043
5,staging,C3,B_pad,5,12.02671980429774,91,0.0,8.659238259094376,7.1700814255822936,1043
1,staging,C4,B_pad,5,11.3614886742995,247,0.0,8.180271845495646,7.170841938484916,1043
2,picking,C4,B_pad,5,11.114941060118468,247,0.0,8.002757563285302,6.943627814176196,1043
3,staging,C4,B_pad,5,11.273998140542735,249,0.0,8.117278661190776,6.943105651050594,1043
4,picking,C4,B_pad,5,11.459014121543918,246,0.0,8.250490167511632,7.177058854762159,1043
5,staging,C4,B_pad,5,11.92293938773037,246,0.0,8.584516359165875,7.235026562174687,1043
1,staging,C1,B_pad,5,10.823259340752331,2,0.0,7.792746725341679,7.0134720528075105,1044
2,picking,C1,B_pad,5,10.690129166218961,2,0.0,7.696892999677653,7.012104395379168,1044
3,staging,C1,B_pad,5,5.414960673076057,1,0.0,3.898771684614761,3.5088945161532847,1044
4,picking,C1,B_pad,5,5.7510003606521884,1,0.0,4.140720259669576,3.502937484305763,1044
5,staging,C1,B_pad,5,5.405106198423157,1,0.0,3.8916764628646736,3.502508816578206,1044
1,staging,C2,B_pad,5,11.396516392714357,256,0.0,8.205491802754345,6.754548309570473,1044
2,picking,C2,B_pad,5,11.215909431648392,257,0.0,8.075454790786845,6.797924307938237,1044
3,staging,C2,B_pad,5,12.328679127394265,255,0.0,8.87664897172388,7.188504518958657,1044
4,picking,C2,B_pad,5,11.290187590927058,257,0.0,8.128935065467493,6.733527820819142,1044
5,staging,C2,B_pad,5,11.276120590906311,258,0.0,8.118806825452555,7.006476472414411,1044
1,staging,C3,B_pad,5,10.399215286449802,90,0.0,7.487435006243856,6.320966155400014,1044
2,picking,C3,B_pad,5,9.950774682168442,89,0.0,7.164557771161277,6.026982466716735,1044
3,staging,C3,B_pad,5,10.439798032776539,89,0.0,7.516654583599106,6.3941184302624,1044
4,picking,C3,B_pad,5,10.394209809022273,89,0.0,7.483831062496037,6.2164556226650625,1044
5,staging,C3,B_pad,5,11.782575356093474,89,0.0,8.483454256387303,7.351431371356455,1044
1,staging,C4,B_pad,5,11.171194986230097,247,0.0,8.043260390085672,6.795510879644387,1044
2,picking,C4,B_pad,5,10.971268003847811,247,0.0,7.899312962770433,6.936961289104969,1044
3,staging,C4,B_pad,5,11.05949677195536,247,0.0,7.962837675807861,6.654607954849133,1044
4,picking,C4,B_pad,5,10.922540412723558,246,0.0,7.864229097160971,6.879376144317586,1044
5,staging,C4,B_pad,5,11.305358519832675,246,0.0,8.139858134279532,7.0904696062292745,1044
1,staging,C1,B_pad,5,5.410722891754006,1,0.0,3.8957204820628846,3.506148433856596,1045
2,picking,C1,B_pad,5,5.424775403811103,1,0.0,3.905838290743994,3.5152544616695947,1045
3,staging,C1,B_pad,5,5.137904635612858,1,0.0,3.6992913376412577,3.5143267707591948,1045
4,picking,C1,B_pad,5,5.122654541238482,1,0.0,3.6883112696917073,3.503895706207121,1045
5,staging,C1,B_pad,5,5.1225755608691435,1,0.0,3.6882544038257836,3.503841683634494,1045
1,staging,C2,B_pad,5,11.346432516614376,254,0.0,8.16943141196236,6.907445008367861,1045
2,picking,C2,B_pad,5,11.218479905731902,255,0.0,8.077305532126971,6.94041508753499,1045
3,staging,C2,B_pad,5,11.196847736793917,253,0.0,8.061730370491627,6.733566262811845,1045
4,picking,C2,B_pad,5,11.370003924436906,254,0.0,8.186402825594582,7.1101721824292925,1045
5,staging,C2,B_pad,5,10.848652152571535,253,0.0,7.811029549851508,6.668939774457533,1045
1,staging,C3,B_pad,5,10.254726096506708,90,0.0,7.383402789484831,6.439021542446753,1045
2,picking,C3,B_pad,5,10.098163921028485,91,0.0,7.270678023140506,6.348475643284313,1045
3,staging,C3,B_pad,5,10.299412355893866,90,0.0,7.415576896243586,6.38412219315451,1045
4,picking,C3,B_pad,5,10.963312527086117,90,0.0,7.893585019502001,6.78731685292314,1045
5,staging,C3,B_pad,5,10.03973835889886,90,0.0,7.228611618407176,6.210830402476536,1045
1,staging,C4,B_pad,5,10.619765404362987,245,0.0,7.6462310911413525,6.641179604805935,1045
2,picking,C4,B_pad,5,10.657728764039446,246,0.0,7.673564710108403,6.753208965474423,1045
3,staging,C4,B_pad,5,11.325278110254027,245,0.0,8.154200239382904,7.05259787348498,1045
4,picking,C4,B_pad,5,10.980725666219096,245,0.0,7.906122479677758,6.957966514650527,1045
5,staging,C4,B_pad,5,10.951297854167043,244,0.0,7.88493445500028,6.846502023852317,1045
1,staging,C1,B_pad,5,5.407308139096874,1,0.0,3.893261860149749,3.503935674134774,1046
2,picking,C1,B_pad,5,5.4094848183878135,1,0.0,3.894829069239226,3.5053461623153033,1046
3,staging,C1,B_pad,5,5.7633943139682176,1,0.0,4.149643906057117,3.5104866480906405,1046
4,picking,C1,B_pad,5,5.766589095346968,1,0.0,4.151944148649817,3.512432591186446,1046
5,staging,C1,B_pad,5,5.769763211027847,1,0.0,4.154229511940049,3.514365946794306,1046
1,staging,C2,B_pad,5,10.766123034741872,251,0.0,7.751608585014151,6.561766833425607,1046
2,picking,C2,B_pad,5,11.030243453515252,251,0.0,7.9417752865309925,6.583853959852823,1046
3,staging,C2,B_pad,5,11.381534450148848,251,0.0,8.194704804107175,7.023819352634105,1046
4,picking,C2,B_pad,5,11.58509443546692,251,0.0,8.341267993536194,7.0746046064400785,1046
5,staging,C2,B_pad,5,11.506506245997542,251,0.0,8.284684497118242,7.051713322930795,1046
1,staging,C3,B_pad,5,10.313161770700152,91,0.0,7.425476474904106,6.354579470579806,1046
2,picking,C3,B_pad,5,10.348398795444808,91,0.0,7.450847132720261,6.235727889088737,1046
3,staging,C3,B_pad,5,10.233871486130942,91,0.0,7.368387470014279,6.39415039701128,1046
4,picking,C3,B_pad,5,10.533762660063498,91,0.0,7.58430911524572,6.520282822959553,1046
5,staging,C3,B_pad,5,11.102975873768212,91,0.0,7.994142629113109,6.797619716724939,1046
1,staging,C4,B_pad,5,10.321474712166284,242,0.0,7.431461792759725,6.428596061702491,1046
2,picking,C4,B_pad,5,10.642910606121188,241,0.0,7.662895636407262,6.636137493053103,1046
3,staging,C4,B_pad,5,10.341236476475181,242,0.0,7.44569026306214,6.476455922677855,1046
4,picking,C4,B_pad,5,11.798086690256907,242,0.0,8.494622416984983,7.355220364569108,1046
5,staging,C4,B_pad,5,11.617445558502217,241,0.0,8.364560802121604,7.290264899947496,1046
1,staging,C1,B_pad,5,5.759549649897967,1,0.0,4.146875747926536,3.5081448610898276,1047
2,picking,C1,B_pad,5,5.409335696383124,1,0.0,3.894721701395849,3.5052495312562644,1047
3,staging,C1,B_pad,5,5.416554679377488,1,0.0,3.899919369151792,3.509927432236613,1047
4,picking,C1,B_pad,5,5.418454116963605,1,0.0,3.901286964213795,3.5111582677924154,1047
5,staging,C1,B_pad,5,5.405168115380641,1,0.0,3.891721043074062,3.502548938766656,1047
1,staging,C2,B_pad,5,11.342556618447466,256,0.0,8.166640765282176,6.948222236240535,1047
2,picking,C2,B_pad,5,11.847153191452387,253,0.0,8.529950297845724,7.2346046364719525,1047
3,staging,C2,B_pad,5,11.188221751561324,254,0.0,8.055519661124166,6.7140693152162365,1047
4,picking,C2,B_pad,5,11.137158632043713,254,0.0,8.01875421507148,6.796528690867414,1047
5,staging,C2,B_pad,5,11.25499343120763,254,0.0,8.103595270469489,7.00761061290716,1047
1,staging,C3,B_pad,5,9.955043910522553,96,0.0,7.167631615576237,6.147232898139498,1047
2,picking,C3,B_pad,5,10.21762002721779,95,0.0,7.356686419596805,6.423044546348855,1047
3,staging,C3,B_pad,5,10.821931985372828,94,0.0,7.791791029468435,6.4751319315632365,1047
4,picking,C3,B_pad,5,10.23945219701219,94,0.0,7.372405581848776,6.305779273374443,1047
5,staging,C3,B_pad,5,11.742745701339969,94,0.0,8.454776904964778,7.1609502621934364,1047
1,staging,C4,B_pad,5,11.058002526094336,244,0.0,7.961761818787928,6.838798496835063,1047
2,picking,C4,B_pad,5,10.9757448041165,243,0.0,7.902536258963892,6.927464153576031,1047
3,staging,C4,B_pad,5,10.851635398315127,244,0.0,7.813177486786893,6.7268925171727,1047
4,picking,C4,B_pad,5,10.916083492360764,244,0.0,7.859580114499752,6.927027550438837,1047
5,staging,C4,B_pad,5,11.386799610307367,243,0.0,8.198495719421297,7.157529296478817,1047
1,staging,C1,B_pad,5,5.1380788124409245,1,0.0,3.6994167449574658,3.5144459077095918,1048
2,picking,C1,B_pad,5,5.7553885938208165,1,0.0,4.143879787550988,3.50561035954351,1048
3,staging,C1,B_pad,5,5.341445485145354,1,0.0,3.8458407493046547,3.503678279437805,1048
4,picking,C1,B_pad,5,5.424749739815664,1,0.0,3.9058198126672776,3.51523783140055,1048
5,staging,C1,B_pad,5,5.343648116241405,1,0.0,3.847426643693812,3.5051230776203033,1048
1,staging,C2,B_pad,5,11.097539892415325,256,0.0,7.990228722539046,6.787529022640384,1048
2,picking,C2,B_pad,5,10.944327482359734,257,0.0,7.879915787299007,6.654296489728982,1048
3,staging,C2,B_pad,5,11.19473646183185,254,0.0,8.060210252518944,6.66714516122081,1048
4,picking,C2,B_pad,5,10.662741419845922,255,0.0,7.677173822289072,6.545283493847918,1048
5,staging,C2,B_pad,5,11.062590684684528,256,0.0,7.9650652929728585,6.603341288274034,1048
1,staging,C3,B_pad,5,9.935490407716268,85,0.0,7.153553093555712,6.042218880420131,1048
2,picking,C3,B_pad,5,9.938768062240106,85,0.0,7.155913004812879,6.084455771344052,1048
3,staging,C3,B_pad,5,10.491871912320425,84,0.0,7.554147776870701,6.4708292964814955,1048
4,picking,C3,B_pad,5,10.06044315366339,84,0.0,7.243519070637644,6.210315886301261,1048
5,staging,C3,B_pad,5,10.27299522153796,84,0.0,7.396556559507328,6.332013566084297,1048
1,staging,C4,B_pad,5,10.44608804146377,247,0.0,7.521183389853915,6.5843178001989004,1048
2,picking,C4,B_pad,5,10.486201624503854,246,0.0,7.550065169642781,6.448572552329914,1048
3,staging,C4,B_pad,5,11.132956022998064,243,0.0,8.015728336558613,6.817288398261304,1048
4,picking,C4,B_pad,5,10.816253197076536,244,0.0,7.787702301895114,6.847422064267607,1048
5,staging,C4,B_pad,5,10.314389356360284,245,0.0,7.426360336579411,6.438077973987716,1048
1,staging,C1,B_pad,5,11.511614550846685,1,0.0,8.288362476609613,3.51612735829258,1049
2,picking,C1,B_pad,5,5.755466084496321,1,0.0,4.1439355808373515,3.5056575591566004,1049
3,staging,C1,B_pad,5,5.754992768871512,1,0.0,4.143594793587488,3.5053692623490758,1049
4,picking,C1,B_pad,5,5.355834189740294,1,0.0,3.856200616613012,3.5131164346897386,1049
5,staging,C1,B_pad,5,6.823477470814455,1,0.0,4.912903778986408,3.5114113427848075,1049
1,staging,C2,B_pad,5,10.687915552002703,246,0.0,7.6952991974419485,6.584545226033639,1049
2,picking,C2,B_pad,5,11.672825375328062,245,0.0,8.404434270236212,6.984057235050977,1049
3,staging,C2,B_pad,5,11.333646068546264,247,0.0,8.16022516935332,6.83838911290326,1049
4,picking,C2,B_pad,5,11.038859997533253,245,0.0,7.947979198223948,6.580583021595904,1049
5,staging,C2,B_pad,5,11.479643779418259,245,0.0,8.265343521181148,7.000329583911601,1049
1,staging,C3,B_pad,5,9.888840438992915,92,0.0,7.119965116074898,6.131668512069871,1049
2,picking,C3,B_pad,5,10.402477408274287,92,0.0,7.489783733957486,6.4175858007734945,1049
3,staging,C3,B_pad,5,11.707394597463963,92,0.0,8.429324110174052,7.039233370100782,1049
4,picking,C3,B_pad,5,9.980890892390498,92,0.0,7.18624144252116,5.909940660320167,1049
5,staging,C3,B_pad,5,10.610553922105474,92,0.0,7.639598823915942,6.460740019760828,1049
1,staging,C4,B_pad,5,10.7052417005801,234,0.0,7.707774024417675,6.639195909750438,1049
2,picking,C4,B_pad,5,10.960726479300591,235,0.0,7.891723065096434,6.91431374508383,1049
3,staging,C4,B_pad,5,10.651733018570441,234,0.0,7.6692477733707225,6.5770987326572525,1049
4,picking,C4,B_pad,5,10.969659507591757,234,0.0,7.898154845466067,6.800720315485831,1049
5,staging,C4,B_pad,5,10.947680723722371,234,0.0,7.882330121080106,6.919686587629122,1049
1,staging,C1,B_pad,5,5.413477621516559,1,0.0,3.8977038874919234,3.507933498742731,1050
2,picking,C1,B_pad,5,5.344169145520217,1,0.0,3.847801784774557,3.5054648425923887,1050
3,staging,C1,B_pad,5,5.355444247210784,1,0.0,3.855919857991765,3.5128606550183608,1050
4,picking,C1,B_pad,5,5.410770389791302,1,0.0,3.895754680649738,3.506179212584764,1050
5,staging,C1,B_pad,5,5.413330308547941,1,0.0,3.897597822154517,3.5078380399390654,1050
1,staging,C2,B_pad,5,11.218200511418551,262,0.0,8.077104368221363,6.737923617925136,1050
2,picking,C2,B_pad,5,11.300248892866914,261,0.0,8.13617920286419,6.7797806041355875,1050
3,staging,C2,B_pad,5,11.25842273949806,261,0.0,8.106064372438617,6.957018682887964,1050
4,picking,C2,B_pad,5,11.47861258425295,263,0.0,8.264601060662134,6.990716178144692,1050
5,staging,C2,B_pad,5,11.012502693379279,261,0.0,7.929001939233093,6.684670499117665,1050
1,staging,C3,B_pad,5,10.624039943068562,85,0.0,7.6493087590093625,6.292603697470258,1050
2,picking,C3,B_pad,5,10.749052197058187,85,0.0,7.739317581881893,6.733926858294654,1050
3,staging,C3,B_pad,5,10.594438932749888,84,0.0,7.627996031579919,6.499628376013212,1050
4,picking,C3,B_pad,5,9.891471755477108,85,0.0,7.121859663943518,6.143613579697157,1050
5,staging,C3,B_pad,5,10.126519829746016,85,0.0,7.291094277417134,6.312489296733305,1050
1,staging,C4,B_pad,5,10.977392247922776,250,0.0,7.903722418504405,6.837145641738424,1050
2,picking,C4,B_pad,5,11.213046533532491,251,0.0,8.073393504143397,7.038065067314483,1050
3,staging,C4,B_pad,5,10.935822939459126,250,0.0,7.8737925164105835,6.8306628430817895,1050
4,picking,C4,B_pad,5,10.695110791057182,250,0.0,7.7004797695611895,6.739028247832201,1050
5,staging,C4,B_pad,5,10.512778700505862,250,0.0,7.5692006643642324,6.5747355600219,1050
1,staging,C1,B_pad,5,5.34736769887741,1,0.0,3.850104743191736,3.5075629079858084,1051
2,picking,C1,B_pad,5,5.4114639562579825,1,0.0,3.8962540485057477,3.5066286436551732,1051
3,staging,C1,B_pad,5,5.420572943050493,1,0.0,3.9028125189963543,3.512531267096719,1051
4,picking,C1,B_pad,5,5.40925534087457,1,0.0,3.8946638454296907,3.5051974608867216,1051
5,staging,C1,B_pad,5,6.815417495634401,1,0.0,4.907100596856769,3.5072636206898995,1051
1,staging,C2,B_pad,5,11.550691906915231,247,0.0,8.31649817297898,6.907443295544642,1051
2,picking,C2,B_pad,5,12.285361341085027,247,0.0,8.845460165581231,7.300675542028615,1051
3,staging,C2,B_pad,5,11.616420609899102,247,0.0,8.363822839127366,7.079029455095988,1051
4,picking,C2,B_pad,5,11.809042233903247,247,0.0,8.50251040841035,7.110535240695118,1051
5,staging,C2,B_pad,5,11.995977104197387,246,0.0,8.63710351502213,7.050055922505907,1051
1,staging,C3,B_pad,5,11.664072530574925,89,0.0,8.398132222013945,6.846273594114924,1051
2,picking,C3,B_pad,5,11.381767993911788,88,0.0,8.194872955616491,6.942176819474349,1051
3,staging,C3,B_pad,5,10.545310589426789,89,0.0,7.592623624387288,6.509666493602043,1051
4,picking,C3,B_pad,5,10.584660490429423,88,0.0,7.620955553109188,6.345758919602554,1051
5,staging,C3,B_pad,5,11.330297731657394,88,0.0,8.157814366793321,6.728625926444994,1051
1,staging,C4,B_pad,5,10.958566042311183,236,0.0,7.890167550464063,6.729124799073258,1051
2,picking,C4,B_pad,5,11.859749720345206,234,0.0,8.539019798648559,7.344536692544335,1051
3,staging,C4,B_pad,5,11.715487855578717,233,0.0,8.435151256016681,7.316329040089705,1051
4,picking,C4,B_pad,5,11.225400822140113,233,0.0,8.082288591940888,6.926369377144847,1051
5,staging,C4,B_pad,5,11.353891509308541,234,0.0,8.174801886702166,6.985935102573654,1051
1,staging,C1,B_pad,5,5.130144340625523,1,0.0,3.693703925250376,3.509018728987857,1052
2,picking,C1,B_pad,5,5.753030121111142,1,0.0,4.142181687200023,3.5041738125182387,1052
3,staging,C1,B_pad,5,6.810526404084387,1,0.0,4.903579010940759,3.5047466292554326,1052
4,picking,C1,B_pad,5,5.41430603631016,1,0.0,3.8983003461433157,3.5084703115289835,1052
5,staging,C1,B_pad,5,6.093721358995407,1,0.0,4.3874793784766934,3.503289249602589,1052
1,staging,C2,B_pad,5,10.687873473616339,257,0.0,7.695268901003765,6.509044424138016,1052
2,picking,C2,B_pad,5,10.710862561246744,256,0.0,7.7118210440976664,6.581509043326493,1052
3,staging,C2,B_pad,5,11.200575180619712,256,0.0,8.064414130046197,6.776835294556451,1052
4,picking,C2,B_pad,5,12.0913259771624,254,0.0,8.705754703556929,7.066860516545516,1052
5,staging,C2,B_pad,5,11.655901760566326,255,0.0,8.39224926760777,6.998837228129632,1052
1,staging,C3,B_pad,5,9.80740421063374,95,0.0,7.061331031656294,6.011620711647232,1052
2,picking,C3,B_pad,5,11.23366044830569,95,0.0,8.088235522780092,6.70947988205788,1052
3,staging,C3,B_pad,5,10.963900743793298,95,0.0,7.894008535531174,6.862063826791609,1052
4,picking,C3,B_pad,5,10.473176400867093,95,0.0,7.5406870086243005,6.435742653340746,1052
5,staging,C3,B_pad,5,9.583891427498614,94,0.0,6.900401827799005,5.776939381097744,1052
1,staging,C4,B_pad,5,11.319196925207434,245,0.0,8.149821786149358,7.022358048501547,1052
2,picking,C4,B_pad,5,10.246771907550961,247,0.0,7.377675773436688,6.458420166442341,1052
3,staging,C4,B_pad,5,10.580948734986364,246,0.0,7.61828308919019,6.652141756158189,1052
4,picking,C4,B_pad,5,11.39967688078499,245,0.0,8.207767354165197,7.048582523137992,1052
5,staging,C4,B_pad,5,11.142200664117484,244,0.0,8.022384478164595,6.589013049349449,1052
1,staging,C1,B_pad,5,12.17373014085453,2,0.0,8.765085701415263,7.021559405479783,1053
2,picking,C1,B_pad,5,5.1382148600042346,1,0.0,3.699514699203049,3.514538964242896,1053
3,staging,C1,B_pad,5,5.125002093152134,1,0.0,3.690001507069537,3.50550143171606,1053
4,picking,C1,B_pad,5,5.344684404502515,1,0.0,3.848172771241811,3.505802822584805,1053
5,staging,C1,B_pad,5,5.34894576412665,1,0.0,3.851240950171188,3.5085980272157378,1053
1,staging,C2,B_pad,5,11.203810229584757,258,0.0,8.066743365301038,6.98290418808655,1053
2,picking,C2,B_pad,5,12.026636826450702,256,0.0,8.659178515044514,7.185816676829778,1053
3,staging,C2,B_pad,5,10.92860370322073,257,0.0,7.868594666318927,6.6507059074106385,1053
4,picking,C2,B_pad,5,10.677695600801238,258,0.0,7.6879408325768965,6.637579691064582,1053
5,staging,C2,B_pad,5,11.661348206303298,256,0.0,8.396170708538381,6.988744187848074,1053
1,staging,C3,B_pad,5,10.00646258454186,92,0.0,7.204653060870137,6.38361653092686,1053
2,picking,C3,B_pad,5,11.092659994964418,92,0.0,7.986715196374386,6.549973562408922,1053
3,staging,C3,B_pad,5,10.801428732606782,91,0.0,7.777028687476886,6.705827159844686,1053
4,picking,C3,B_pad,5,10.476858463159983,91,0.0,7.543338093475185,6.473934380225388,1053
5,staging,C3,B_pad,5,10.410002045606918,92,0.0,7.495201472836982,6.398353435343983,1053
1,staging,C4,B_pad,5,10.54236354246732,247,0.0,7.590501750576476,6.615534375872171,1053
2,picking,C4,B_pad,5,10.775441153127641,248,0.0,7.758317630251907,6.679088907065629,1053
3,staging,C4,B_pad,5,10.745579414809441,247,0.0,7.736817178662801,6.651854908634391,1053
4,picking,C4,B_pad,5,11.44555306074994,246,0.0,8.240798203739958,7.25687217655718,1053
5,staging,C4,B_pad,5,11.304554488996231,247,0.0,8.139279232077302,7.1204836164435665,1053
1,staging,C1,B_pad,5,11.180433282342486,2,0.0,8.04991196328659,7.020646717248937,1054
2,picking,C1,B_pad,5,5.340680767200575,1,0.0,3.845290152384414,3.503176668841859,1054
3,staging,C1,B_pad,5,6.812122469694275,1,0.0,4.904728178179878,3.505567976275388,1054
4,picking,C1,B_pad,5,5.415439803187533,1,0.0,3.8991166582950236,3.5092049924655213,1054
5,staging,C1,B_pad,5,5.419846302159068,1,0.0,3.90228933755453,3.512060403799077,1054
1,staging,C2,B_pad,5,11.326311778965076,248,0.0,8.15494448085486,6.765803687803679,1054
2,picking,C2,B_pad,5,11.973134569678475,250,0.0,8.620656890168515,7.335362492682672,1054
3,staging,C2,B_pad,5,11.674306124245804,250,0.0,8.405500409456993,6.931987536895549,1054
4,picking,C2,B_pad,5,11.70124603982424,249,0.0,8.424897148673468,7.059294407620574,1054
5,staging,C2,B_pad,5,11.403808856160346,249,0.0,8.210742376435455,6.884854468757908,1054
1,staging,C3,B_pad,5,10.318834201988944,91,0.0,7.429560625432038,6.2922144727131135,1054
2,picking,C3,B_pad,5,11.111402880272552,91,0.0,8.00021007379624,6.703835742825912,1054
3,staging,C3,B_pad,5,11.178740258595763,90,0.0,8.048692986188946,6.667170622098364,1054
4,picking,C3,B_pad,5,11.632000330381679,91,0.0,8.375040237874808,6.994337940268974,1054
5,staging,C3,B_pad,5,9.970822303652604,90,0.0,7.178992058629879,6.250813378913739,1054
1,staging,C4,B_pad,5,11.066200450308942,240,0.0,7.967664324222444,6.906861212303584,1054
2,picking,C4,B_pad,5,11.10882002297242,238,0.0,7.99835041654015,6.901755982300161,1054
3,staging,C4,B_pad,5,11.614561879562471,237,0.0,8.362484553284983,7.149111368625518,1054
4,picking,C4,B_pad,5,11.268685504149415,238,0.0,8.113453562987592,6.969933699020689,1054
5,staging,C4,B_pad,5,11.10757501908395,237,0.0,7.997454013740449,6.919168109288192,1054
1,staging,C1,B_pad,5,5.41361353399048,1,0.0,3.897801744473146,3.5080215700258313,1055
2,picking,C1,B_pad,5,5.423906247245206,1,0.0,3.905212498016549,3.514691248214894,1055
3,staging,C1,B_pad,5,5.136380293488744,1,0.0,3.698193811311896,3.513284120746301,1055
4,picking,C1,B_pad,5,5.75797661401222,1,0.0,4.145743162088798,3.5071867240662167,1055
5,staging,C1,B_pad,5,5.131127166757989,1,0.0,3.694411560065752,3.5096909820624638,1055
1,staging,C2,B_pad,5,11.352047612927315,266,0.0,8.173474281307678,6.835309159132714,1055
2,picking,C2,B_pad,5,12.175785164477592,265,0.0,8.76656531842388,7.4401662027533835,1055
3,staging,C2,B_pad,5,11.803476013535212,265,0.0,8.49850272974536,6.975270270305438,1055
4,picking,C2,B_pad,5,11.672531153297907,263,0.0,8.404222430374503,7.105765313874831,1055
5,staging,C2,B_pad,5,11.565816458425122,262,0.0,8.327387850066085,6.969224810160865,1055
1,staging,C3,B_pad,5,11.10694693195952,96,0.0,7.997001791010856,6.774998772536703,1055
2,picking,C3,B_pad,5,11.10977132274203,97,0.0,7.9990353523742606,6.833921988830962,1055
3,staging,C3,B_pad,5,10.753183417725126,97,0.0,7.74229206076209,6.472805429159621,1055
4,picking,C3,B_pad,5,11.103478274183923,96,0.0,7.994504357412425,6.641320883388062,1055
5,staging,C3,B_pad,5,10.67655305871401,96,0.0,7.687118202274087,6.552699598862847,1055
1,staging,C4,B_pad,5,11.163873907232198,253,0.0,8.03798921320718,6.886650439613877,1055
2,picking,C4,B_pad,5,11.714224752078122,252,0.0,8.434241821496258,7.293975399148461,1055
3,staging,C4,B_pad,5,11.506433918386548,253,0.0,8.284632421238323,7.125104024858552,1055
4,picking,C4,B_pad,5,11.058137388764443,253,0.0,7.961858919910407,6.925722296446461,1055
5,staging,C4,B_pad,5,11.168175018305709,251,0.0,8.041086013180117,6.965950262826528,1055
1,staging,C1,B_pad,5,10.697747635770007,2,0.0,7.7023782977544055,7.017101669312375,1056
2,picking,C1,B_pad,5,5.414016988420426,1,0.0,3.898092231662706,3.5082830084964356,1056
3,staging,C1,B_pad,5,5.4092364561491735,1,0.0,3.8946502484274044,3.505185223584664,1056
4,picking,C1,B_pad,5,6.807123610083721,1,0.0,4.901128999260279,3.5029955266098662,1056
5,staging,C1,B_pad,5,5.345822014181997,1,0.0,3.8489918502110383,3.5065490285201766,1056
1,staging,C2,B_pad,5,11.185643801363177,256,0.0,8.053663536981484,6.672858025260202,1056
2,picking,C2,B_pad,5,11.534429922468755,255,0.0,8.304789544177503,6.82857304113341,1056
3,staging,C2,B_pad,5,12.150003862252007,254,0.0,8.748002780821457,7.155554662693143,1056
4,picking,C2,B_pad,5,11.339391339762754,257,0.0,8.164361764629195,6.856070689199437,1056
5,staging,C2,B_pad,5,10.895356004714015,257,0.0,7.844656323394098,6.608791990141807,1056
1,staging,C3,B_pad,5,11.21581283189969,94,0.0,8.075385238967776,6.960361118353855,1056
2,picking,C3,B_pad,5,10.955754742803625,94,0.0,7.888143414818612,6.626808213124588,1056
3,staging,C3,B_pad,5,10.600314996998982,93,0.0,7.632226797839269,6.372681344788635,1056
4,picking,C3,B_pad,5,10.3283545115059,93,0.0,7.436415248284251,6.253120617167317,1056
5,staging,C3,B_pad,5,9.646924262749582,93,0.0,6.9457854691796985,5.765694569252314,1056
1,staging,C4,B_pad,5,10.880932031857665,244,0.0,7.834271062937524,6.721872601161975,1056
2,picking,C4,B_pad,5,10.990286081869861,243,0.0,7.913005978946307,6.792966686849282,1056
3,staging,C4,B_pad,5,11.559443332972073,243,0.0,8.322799199739908,7.115255620268707,1056
4,picking,C4,B_pad,5,11.214410339520615,243,0.0,8.074375444454844,7.015293904254244,1056
5,staging,C4,B_pad,5,10.298559148594459,242,0.0,7.414962586988014,6.333154040338216,1056
1,staging,C1,C_workload,45,16.477983580202178,3,0.0,11.864148177745568,10.538297219100132,1007
2,picking,C1,C_workload,45,11.510071759963344,2,0.0,8.287251667173608,7.012242141158347,1007
1,staging,C2,C_workload,45,18.818554072448464,502,67.1619261988643,13.549358932162985,11.643139185777958,1007
2,picking,C2,C_workload,45,19.49217884740816,493,54.58296162745647,14.034368770133955,11.723285656236278,1007
1,staging,C3,C_workload,45,17.048275864459335,94,55.255013647677245,12.274758622410722,10.664707781360477,1007
2,picking,C3,C_workload,45,17.266309803879825,92,53.425448209105184,12.431743058793485,10.651724061655607,1007
1,staging,C4,C_workload,45,18.382358733652385,484,67.41703470163154,13.235298288229817,11.564390231168408,1007
2,picking,C4,C_workload,45,18.755847619053124,473,53.53049475323368,13.504210285718328,11.717371351312355,1007
1,staging,C1,C_workload,45,18.473388398593276,3,24.01385280212004,13.30083964698716,10.53942901027681,1008
2,picking,C1,C_workload,45,10.766126785642927,2,0.0,7.751611285662907,7.018974352133158,1008
1,staging,C2,C_workload,45,18.999699883015236,523,40.663016607881296,13.67978391577106,11.39402575153246,1008
2,picking,C2,C_workload,45,18.72381452503188,516,39.40184294850223,13.48114645802303,11.475955657385482,1008
1,staging,C3,C_workload,45,17.76767545258079,102,29.509958849758217,12.792726325858165,10.74508381063088,1008
2,picking,C3,C_workload,45,16.65679744929686,104,30.946266752287542,11.992894163493748,10.000294305881345,1008
1,staging,C4,C_workload,45,18.368503851551274,500,41.065527314140034,13.225322773116993,11.470990903651751,1008
2,picking,C4,C_workload,45,17.94231645279938,494,38.320945854262064,12.918467846015618,11.3006016163773,1008
1,staging,C1,C_workload,45,16.240557156174834,3,0.0,11.693201152445882,10.523881037201294,1009
2,picking,C1,C_workload,45,11.456835953156109,2,0.0,8.248921886272397,7.02040370318835,1009
1,staging,C2,C_workload,45,20.70070242090713,516,68.73597385866755,14.904505743053175,12.323709874232865,1009
2,picking,C2,C_workload,45,21.26898044278846,507,51.876705210634405,15.313665918807727,12.8683526439346,1009
1,staging,C3,C_workload,45,18.675694941091283,120,54.80809430076677,13.446500357585728,11.557306857009722,1009
2,picking,C3,C_workload,45,19.100751762110324,120,44.02732918975589,13.752541268719444,11.584394550046648,1009
1,staging,C4,C_workload,45,20.515900424411885,486,54.96166923372917,14.771448305576607,12.799932809919813,1009
2,picking,C4,C_workload,45,20.137011355989102,495,63.71178933465162,14.498648176312194,12.281796374914313,1009
1,staging,C1,C_workload,45,16.240487630677926,3,4.720041564048733,11.693151094088108,10.526333493505946,1010
2,picking,C1,C_workload,45,10.769026197523228,2,0.0,7.753698862216725,7.020804081252358,1010
1,staging,C2,C_workload,45,19.12938134416545,536,54.66152248193779,13.773154567799205,11.520452296735197,1010
2,picking,C2,C_workload,45,18.775461458453858,527,29.20064396171853,13.518332250086859,11.292407500245425,1010
1,staging,C3,C_workload,45,16.93757381845119,106,32.10032623253299,12.195053149284853,10.40566123227603,1010
2,picking,C3,C_workload,45,17.393133434062168,105,21.733086686061657,12.52305607252476,10.365605516461441,1010
1,staging,C4,C_workload,45,18.45145627346193,510,37.144259742397416,13.28504851689266,11.388488530577384,1010
2,picking,C4,C_workload,45,18.080563631947054,509,44.71483829826397,13.018005815001963,11.330260155292118,1010
1,staging,C1,C_workload,45,16.127862681334328,3,25.05295117089154,11.612061130560715,10.535889356855794,1011
2,picking,C1,C_workload,45,12.229786976048423,2,37.710980062844826,8.805446622754866,7.015128021843834,1011
1,staging,C2,C_workload,45,20.907563713063514,517,85.73009063951228,15.05344587340576,12.650716566870436,1011
2,picking,C2,C_workload,45,20.75917666548809,515,84.48050943970715,14.946607199151513,12.571967478495893,1011
1,staging,C3,C_workload,45,19.376302678453566,110,68.03110166932474,13.950937928486574,11.65790279801738,1011
2,picking,C3,C_workload,45,18.449875591881828,108,74.56401512116855,13.283910426154923,11.468400436638392,1011
1,staging,C4,C_workload,45,20.093210392879318,498,86.93676621318397,14.4671114828732,12.486813496466933,1011
2,picking,C4,C_workload,45,20.497523655690706,498,81.99602627512304,14.758217032097358,12.658870548899396,1011
1,staging,C1,C_workload,45,15.968417158209222,3,0.0,11.49726035391064,10.53248806612598,1012
2,picking,C1,C_workload,45,11.238081562579842,2,0.0,8.091418725057487,7.0213270263048635,1012
1,staging,C2,C_workload,45,19.12663509506603,503,64.36200269328232,13.771177268447621,11.625499220497984,1012
2,picking,C2,C_workload,45,19.03975585189474,502,59.228193386198164,13.708624213364299,11.442565871932967,1012
1,staging,C3,C_workload,45,17.243222208394936,100,53.95349192316321,12.415119990044357,10.627086142421758,1012
2,picking,C3,C_workload,45,17.45636710494634,98,52.394926562017,12.568584315561372,10.434478950009137,1012
1,staging,C4,C_workload,45,18.45924341668593,485,62.43162239317267,13.29065526001395,11.678577857554655,1012
2,picking,C4,C_workload,45,18.410117229240008,480,58.47228809819307,13.255284405052878,11.287709457098515,1012
1,staging,C1,C_workload,45,16.314442022788878,3,28.035152255846334,11.746398256407993,10.531718699400894,1013
2,picking,C1,C_workload,45,11.187221767463644,2,0.0,8.054799672573825,7.02492144276313,1013
1,staging,C2,C_workload,45,20.264785525090062,533,55.30985653741229,14.5906455780649,12.311344465055702,1013
2,picking,C2,C_workload,45,19.835106611214446,531,41.87937788230892,14.281276760074482,11.84126789933061,1013
1,staging,C3,C_workload,45,17.314465669771558,121,44.02597478168985,12.466415282235513,10.814168022800805,1013
2,picking,C3,C_workload,45,18.923250407696813,123,35.79745837417044,13.624740293541711,11.258260085126869,1013
1,staging,C4,C_workload,45,19.272995010505614,509,47.20411320212438,13.876556407564143,12.065950643515649,1013
2,picking,C4,C_workload,45,19.261825336000125,512,41.66678255842373,13.868514241920163,11.994689498648441,1013
1,staging,C1,C_workload,45,16.58124090032847,3,2.709341193231982,11.938493448236498,10.520289578989445,1014
2,picking,C1,C_workload,45,10.7623849151755,2,0.0,7.74891713892636,7.0165733145590075,1014
1,staging,C2,C_workload,45,19.355381241268486,534,41.3976494373779,13.935874493713404,11.74692295422397,1014
2,picking,C2,C_workload,45,18.993166231076156,534,37.20496117539955,13.675079686374925,11.548217717102354,1014
1,staging,C3,C_workload,45,17.608430499767934,114,37.121933182722955,12.678069959832918,10.654359177642656,1014
2,picking,C3,C_workload,45,17.320247416841248,112,32.4324312930587,12.470578140125694,10.604860999966238,1014
1,staging,C4,C_workload,45,18.588425268034275,521,43.521143397396536,13.383666192984771,11.577213680954907,1014
2,picking,C4,C_workload,45,18.73308053257837,514,34.7733152273653,13.487817983456516,11.645204768149183,1014
1,staging,C1,C_workload,45,16.506267377053778,3,0.0,11.884512511478723,10.514703689955866,1015
2,picking,C1,C_workload,45,12.244318814343684,2,0.0,8.815909546327454,7.024356411481692,1015
1,staging,C2,C_workload,45,20.87344856806347,527,66.77569694908009,15.028882969005776,12.679156418154527,1015
2,picking,C2,C_workload,45,21.393615541803364,519,83.67627513741584,15.40340319009847,12.800570349949782,1015
1,staging,C3,C_workload,45,19.420017411396458,114,63.00768499575054,13.982412536205443,11.949311732443395,1015
2,picking,C3,C_workload,45,18.757524313300873,111,68.89905888295557,13.50541750557663,11.400915035660901,1015
1,staging,C4,C_workload,45,20.49697924420266,508,72.2124608445727,14.75782505582597,12.647634129417993,1015
2,picking,C4,C_workload,45,20.777947370186848,506,76.37599613380111,14.960122106534596,12.761509305352984,1015
1,staging,C1,C_workload,45,17.577843535181394,3,45.69915494773231,12.656047345330604,10.524009050041693,1016
2,picking,C1,C_workload,45,16.904016641597032,2,33.27236527589048,12.170891981949865,7.020717526975915,1016
1,staging,C2,C_workload,45,20.542300034817128,524,65.01400605320342,14.790456025068393,12.544033017685729,1016
2,picking,C2,C_workload,45,19.833493610104032,518,58.36323753477121,14.280115399274969,12.022915781554167,1016
1,staging,C3,C_workload,45,17.96716937912026,118,59.123740367717126,12.936361952966585,10.93629085070996,1016
2,picking,C3,C_workload,45,18.92587980425461,116,53.582065826464955,13.626633459063326,11.639516041027646,1016
1,staging,C4,C_workload,45,19.656412207088323,498,64.93658309227034,14.152616789103664,12.277701473716292,1016
2,picking,C4,C_workload,45,19.55582818762851,508,56.946551570652446,14.080196295092595,12.207969547745819,1016
1,staging,C1,C_workload,45,16.927142164975486,3,25.182350899839125,12.187542358782352,10.521875587386194,1017
2,picking,C1,C_workload,45,16.913966522563197,2,12.203834877375145,12.178055896245501,7.022650880538205,1017
1,staging,C2,C_workload,45,18.482391586662576,505,34.88374291266502,13.307321942397147,11.166429712689839,1017
2,picking,C2,C_workload,45,18.140731869539128,509,29.54819543513518,13.061326946068261,10.889041199679117,1017
1,staging,C3,C_workload,45,17.68227678642965,101,27.141359697521878,12.731239286229343,10.770823678924385,1017
2,picking,C3,C_workload,45,15.574255444243464,101,18.963790524034792,11.213463919855297,9.314752106798487,1017
1,staging,C4,C_workload,45,17.339271688680796,481,33.23825927114576,12.484275615850253,10.884421571633924,1017
2,picking,C4,C_workload,45,17.738490882510405,484,28.26163535620503,12.77171343540758,11.052160451846134,1017
1,staging,C1,C_workload,45,17.915485392574215,3,45.87379791955645,12.899149482653435,10.519494047711483,1018
2,picking,C1,C_workload,45,11.110211003647043,2,0.0,7.999351922625872,7.018082421156947,1018
1,staging,C2,C_workload,45,19.31358135958681,541,47.285866445851056,13.905778578902595,11.729752765356375,1018
2,picking,C2,C_workload,45,19.37663914592881,538,45.76743243329484,13.95118018506882,11.754351481289925,1018
1,staging,C3,C_workload,45,17.179171140826387,118,48.19799599229707,12.369003221395005,10.493284421728227,1018
2,picking,C3,C_workload,45,17.79236061752148,116,48.948544362962636,12.810499644615478,10.99731170246698,1018
1,staging,C4,C_workload,45,18.72818263090306,520,50.6267033346373,13.484291494250282,11.602164273955019,1018
2,picking,C4,C_workload,45,18.76513227607801,515,42.40793947924544,13.510895238776275,11.787828861580158,1018
1,staging,C1,C_workload,45,11.868538041448502,2,0.0,8.54534738984292,7.020477910158263,1019
2,picking,C1,C_workload,45,17.64713575437326,3,6.733579881993015,12.705937743148748,10.526398666283503,1019
1,staging,C2,C_workload,45,19.48040824681401,500,61.60745316828531,14.025893937706178,11.860620743372206,1019
2,picking,C2,C_workload,45,19.52344717280211,503,69.5439736860847,14.056881964417583,11.91447805529187,1019
1,staging,C3,C_workload,45,17.758703712363143,106,57.295632730329245,12.78626667290146,11.054647917477768,1019
2,picking,C3,C_workload,45,17.83809286559913,106,57.29267978848454,12.843426863231375,10.83877070666205,1019
1,staging,C4,C_workload,45,18.909151948896337,482,62.73535521889978,13.614589403205438,11.813373788482908,1019
2,picking,C4,C_workload,45,18.917590126024994,483,67.65858943551444,13.620664890738079,11.880447232403395,1019
1,staging,C1,C_workload,45,18.281900972496388,3,0.0,13.1629687001974,10.519080701184539,1020
2,picking,C1,C_workload,45,11.51797552688941,2,0.0,8.292942379360376,7.0168222299962215,1020
1,staging,C2,C_workload,45,21.65432164074493,523,75.19222751351418,15.591111581336385,12.765805436320807,1020
2,picking,C2,C_workload,45,20.48884060159307,521,73.25362340951588,14.75196523314708,12.447819717082224,1020
1,staging,C3,C_workload,45,19.909335303420704,119,58.56419748905958,14.334721418462916,11.594886338227095,1020
2,picking,C3,C_workload,45,18.86942546946513,118,69.83985766020643,13.585986338014903,11.634044977738967,1020
1,staging,C4,C_workload,45,20.346383152443366,501,76.71282041553886,14.649395869759292,12.545896884010611,1020
2,picking,C4,C_workload,45,20.120756301452413,497,69.79991458644844,14.48694453704581,12.569339380503527,1020
1,staging,C1,C_workload,45,16.271423883778393,3,30.879668423029944,11.715425196320444,10.5438826766884,1021
2,picking,C1,C_workload,45,10.767027937319112,2,0.0,7.752260114869761,7.019516630642938,1021
1,staging,C2,C_workload,45,20.6736843051972,508,62.8482478935628,14.885052699742026,12.44065954019806,1021
2,picking,C2,C_workload,45,20.00638602111221,512,85.96808992518793,14.404597935200844,12.208434211577778,1021
1,staging,C3,C_workload,45,17.74914118464004,101,52.53934320160076,12.779381652940833,10.800115223064022,1021
2,picking,C3,C_workload,45,19.347615226250262,102,65.4380900473087,13.930282962900193,11.815943561382397,1021
1,staging,C4,C_workload,45,19.759515055228587,493,84.73997036641416,14.226850839764655,12.439093156489186,1021
2,picking,C4,C_workload,45,19.4692810131617,483,59.93353355950372,14.01788232947649,12.115889484175538,1021
1,staging,C1,C_workload,45,16.12106780953756,3,0.0,11.607168822867042,10.531446571443272,1022
2,picking,C1,C_workload,45,11.532056527244558,2,12.123403985923506,8.303080699616082,7.024181976548651,1022
1,staging,C2,C_workload,45,18.839283927024795,499,56.11739315320973,13.564284427457952,11.418448711109711,1022
2,picking,C2,C_workload,45,18.952146168645477,502,38.33603460134191,13.645545241424836,11.542152059104517,1022
1,staging,C3,C_workload,45,16.938793050217544,105,43.89751447584151,12.195930996156632,10.20479342545042,1022
2,picking,C3,C_workload,45,17.084645935394146,104,25.81142109264046,12.300945073483785,10.722984139399633,1022
1,staging,C4,C_workload,45,18.213473472445756,487,48.9979895042662,13.11370090016104,11.479583564503628,1022
2,picking,C4,C_workload,45,18.50890030654166,483,40.9102950145336,13.326408220710075,11.414711650155045,1022
1,staging,C1,C_workload,45,16.916980858219816,2,0.0,12.18022621791827,7.021487341838405,1023
2,picking,C1,C_workload,45,18.682885488069388,3,146.0823849422719,13.451677551409958,10.527830563973119,1023
1,staging,C2,C_workload,45,17.43234405753268,484,43.23977767842405,12.551287721423602,10.483231526689382,1023
2,picking,C2,C_workload,45,17.212923249900566,484,40.9568283261862,12.393304739928473,10.360530823566709,1023
1,staging,C3,C_workload,45,15.2509690384012,91,39.475784904396455,10.980697707648854,9.461890322817002,1023
2,picking,C3,C_workload,45,15.533069095485194,90,30.441033631081908,11.18380974874934,9.451844249661233,1023
1,staging,C4,C_workload,45,16.501325811865232,459,42.75801751247913,11.880954584543025,10.369806316573905,1023
2,picking,C4,C_workload,45,16.577833078216756,460,40.84600025267289,11.936039816316137,10.36701158923774,1023
1,staging,C1,C_workload,45,17.577259988956893,3,18.151816159109753,12.655627192048962,10.524011912065962,1024
2,picking,C1,C_workload,45,10.463448152241718,2,0.0,7.533682669614036,7.007158709582368,1024
1,staging,C2,C_workload,45,19.577028509964386,500,62.51462932367055,14.095460527174437,11.630089702533912,1024
2,picking,C2,C_workload,45,19.670844239803504,501,78.3067919131129,14.163007852658579,11.597525363558951,1024
1,staging,C3,C_workload,45,18.01431013150611,103,52.66698138978904,12.970303294684404,10.795642375575698,1024
2,picking,C3,C_workload,45,17.79011404375115,101,47.67476022182421,12.808882111500825,10.579961417068285,1024
1,staging,C4,C_workload,45,19.026705198460682,485,83.78817341450119,13.699227742891775,11.768958484903889,1024
2,picking,C4,C_workload,45,19.01493379205726,474,56.818734155602435,13.690752330281315,11.368823247855643,1024
1,staging,C1,C_workload,45,15.887332947749833,3,17.234578104327376,11.43887972237988,10.522407339860427,1025
2,picking,C1,C_workload,45,11.508038953328784,2,0.0,8.285788046396725,7.011840357449787,1025
1,staging,C2,C_workload,45,19.859045047358382,511,55.993560444972495,14.298512434098116,12.150751932075423,1025
2,picking,C2,C_workload,45,19.392824353504366,516,62.72468072828589,13.962833534523234,11.718495765234882,1025
1,staging,C3,C_workload,45,17.707897073136103,108,47.05789149697032,12.749685892657999,10.776304671343517,1025
2,picking,C3,C_workload,45,17.93600732818144,109,51.338958906287374,12.91392527629065,11.098387470411192,1025
1,staging,C4,C_workload,45,19.042454738812975,501,59.811949397999264,13.710567411945446,11.890345904985583,1025
2,picking,C4,C_workload,45,19.299414859315323,496,58.74047111252642,13.895578698707112,11.914735125658057,1025
1,staging,C1,C_workload,45,16.182254638004924,3,0.0,11.651223339363545,10.528634874272228,1026
2,picking,C1,C_workload,45,10.54768515581622,2,0.0,7.594333312187679,7.019449968426752,1026
1,staging,C2,C_workload,45,22.14437304844294,524,68.9669805495906,15.94394859487898,13.427789731530005,1026
2,picking,C2,C_workload,45,21.066522390621234,529,59.52955789396109,15.167896121247363,12.710934000057893,1026
1,staging,C3,C_workload,45,19.430120112165845,121,61.54541346929827,13.989686480759396,11.788836554492457,1026
2,picking,C3,C_workload,45,20.151504602053873,121,47.29137010967828,14.509083313478788,12.326044184283818,1026
1,staging,C4,C_workload,45,21.20666152691696,498,67.66371220314802,15.268796299380286,13.267986037384325,1026
2,picking,C4,C_workload,45,20.377365456105135,501,59.20785100823619,14.671703128395782,12.753098805314684,1026
1,staging,C1,C_workload,45,16.854686419250918,3,0.0,12.135374221860662,10.519025681164653,1027
2,picking,C1,C_workload,45,10.476270406318623,2,0.0,7.542914692549409,7.015656185280368,1027
1,staging,C2,C_workload,45,20.1965617053985,497,59.28269501499314,14.541524427886989,11.839387028671327,1027
2,picking,C2,C_workload,45,19.900074249240905,501,60.21806500178376,14.32805345945351,11.78013375139451,1027
1,staging,C3,C_workload,45,18.30613426740059,108,49.76490600612354,13.180416672528418,10.99498087382388,1027
2,picking,C3,C_workload,45,18.035862829563502,107,45.612408455195556,12.985821237285725,10.70801705168728,1027
1,staging,C4,C_workload,45,19.465215648863822,474,66.75991202075589,14.014955267182007,11.800756694863237,1027
2,picking,C4,C_workload,45,19.053284622250423,476,51.754678056234766,13.718364928020396,11.68579186298038,1027
1,staging,C1,C_workload,45,17.571024514281405,3,0.0,12.651137650282612,10.520094140690523,1028
2,picking,C1,C_workload,45,11.233326658721076,2,0.0,8.087995194279177,7.01749649448433,1028
1,staging,C2,C_workload,45,18.52688405054151,510,62.483288952571115,13.339356516389985,11.154078595247457,1028
2,picking,C2,C_workload,45,18.669600730297923,501,47.68726840046943,13.442112525814608,11.467595373260828,1028
1,staging,C3,C_workload,45,16.671964256493972,96,51.06580408554923,12.003814264675665,10.09974915599218,1028
2,picking,C3,C_workload,45,17.718597339283882,96,38.23784543277146,12.7573900842844,10.487272338133353,1028
1,staging,C4,C_workload,45,18.0178994202914,496,61.388669804273704,12.972887582609891,11.153480586092716,1028
2,picking,C4,C_workload,45,18.243095969451804,485,47.7041629727682,13.135029098005402,11.4040267157489,1028
1,staging,C1,C_workload,45,22.30245761371178,3,0.0,16.057769481872484,10.518486727806925,1029
2,picking,C1,C_workload,45,11.193124903841825,2,0.0,8.059049930766115,7.028683092828961,1029
1,staging,C2,C_workload,45,20.30695710646358,513,80.8357517957796,14.621009116653866,12.200279036277202,1029
2,picking,C2,C_workload,45,20.14768966949382,508,69.99906956332897,14.506336562035623,11.873529673247646,1029
1,staging,C3,C_workload,45,18.53773784592206,111,69.69182142954395,13.347171249063893,10.971218653805282,1029
2,picking,C3,C_workload,45,18.833938640626744,111,59.48309367463202,13.56043582125126,11.038469981529389,1029
1,staging,C4,C_workload,45,19.84483968832007,496,80.9676525585078,14.288284575590543,12.195732129401227,1029
2,picking,C4,C_workload,45,19.417059006883612,486,67.65020284591125,13.980282484956284,11.778437691234734,1029
1,staging,C1,C_workload,45,18.313380479433903,3,0.0,13.18563394519241,10.5347909769066,1030
2,picking,C1,C_workload,45,16.902441401110693,2,0.0,12.169757808799698,7.020918629162438,1030
1,staging,C2,C_workload,45,18.998311885344457,491,45.84871080086864,13.67878455744809,11.676497751900332,1030
2,picking,C2,C_workload,45,18.440711585487957,497,45.84413464095089,13.277312341551415,11.188100743057692,1030
1,staging,C3,C_workload,45,17.0315726946763,96,37.26297753009835,12.26273234016694,10.250593139107302,1030
2,picking,C3,C_workload,45,16.838564374948234,97,31.35666513276322,12.123766349962732,10.598224632613858,1030
1,staging,C4,C_workload,45,18.225345502988198,472,44.361804457652106,13.122248762151589,11.523900322621891,1030
2,picking,C4,C_workload,45,18.02858771362652,476,46.102637831421355,12.980583153811166,11.255142616780567,1030
1,staging,C1,C_workload,45,16.166954808314898,3,0.0,11.640207461986726,10.518633245857668,1031
2,picking,C1,C_workload,45,10.780224075979392,2,67.8157369117141,7.761761334705163,7.028112065745667,1031
1,staging,C2,C_workload,45,18.176305087150123,499,49.710484568755085,13.086939662748184,11.152093524089894,1031
2,picking,C2,C_workload,45,18.066206272811957,495,38.38927887052629,13.007668516424674,10.885457343069112,1031
1,staging,C3,C_workload,45,16.02170045230759,104,40.77635563484883,11.53562432566146,9.837023180797587,1031
2,picking,C3,C_workload,45,17.545107049575247,104,38.835509630017256,12.632477075694192,10.471944353028016,1031
1,staging,C4,C_workload,45,17.618105266475183,476,49.253968989372545,12.685035791862191,11.044449819541956,1031
2,picking,C4,C_workload,45,17.518373381841997,482,39.394913156257005,12.613228834926314,10.916101047617039,1031
1,staging,C1,C_workload,45,17.62023998371073,3,0.0,12.686572788271729,10.525530666012028,1032
2,picking,C1,C_workload,45,11.163677718516695,2,0.0,8.037847957332021,7.010399795162625,1032
1,staging,C2,C_workload,45,18.168829369320335,510,49.409944555028936,13.081557145910713,11.00287518345737,1032
2,picking,C2,C_workload,45,18.497765470159305,507,45.4665086410178,13.318391138514805,11.249398296855956,1032
1,staging,C3,C_workload,45,15.853522563638196,95,39.789011700152244,11.4145362458195,9.741621164427086,1032
2,picking,C3,C_workload,45,17.160771986049575,95,36.30496628369236,12.355755829955699,10.477272318971321,1032
1,staging,C4,C_workload,45,17.751926489699198,494,49.69255238470712,12.781387072583502,11.077689682694375,1032
2,picking,C4,C_workload,45,17.69899629637945,485,44.22834676219187,12.74327733339329,11.09330601984116,1032
1,staging,C1,C_workload,45,16.58239384044102,3,30.366036168345452,11.939323565117537,10.521420428516567,1033
2,picking,C1,C_workload,45,10.772968381944697,2,0.0,7.756537235000182,7.023431569647972,1033
1,staging,C2,C_workload,45,17.39466182101776,494,38.42482337929021,12.524156511132867,10.566750936365962,1033
2,picking,C2,C_workload,45,17.419346112580687,493,41.406427496008895,12.541929201058165,10.480934395132039,1033
1,staging,C3,C_workload,45,15.531381692044915,99,33.60351724943834,11.182594818272339,9.28973950107689,1033
2,picking,C3,C_workload,45,15.908138721635314,102,45.59952543562902,11.453859879577433,9.721138500609023,1033
1,staging,C4,C_workload,45,16.835224781288442,477,37.125963571915875,12.121361842527742,10.502635686446128,1033
2,picking,C4,C_workload,45,16.977875507634103,478,42.46120773456434,12.224070365496626,10.474466311718531,1033
1,staging,C1,C_workload,45,18.43699454476069,3,3.3249754033216354,13.274636072227699,10.519764309160806,1034
2,picking,C1,C_workload,45,10.54071235519672,2,0.0,7.589312895741639,7.014950819819356,1034
1,staging,C2,C_workload,45,18.76431167933119,520,55.11799065557413,13.510304409118538,11.392516972702412,1034
2,picking,C2,C_workload,45,19.074697044023754,509,37.340255237639894,13.733781871697175,11.550725934055611,1034
1,staging,C3,C_workload,45,17.630325925039735,101,31.288945061038472,12.69383466602862,10.500148540420717,1034
2,picking,C3,C_workload,45,16.59230733608889,101,40.07840409189696,11.946461281984012,10.37436599243414,1034
1,staging,C4,C_workload,45,18.030912758588375,496,53.844054925512324,12.982257186183707,11.23731652435563,1034
2,picking,C4,C_workload,45,18.516338511536933,487,38.38074623857251,13.331763728306662,11.605398604624606,1034
1,staging,C1,C_workload,45,15.999786588852036,3,0.0,11.519846343973462,10.513196434677866,1035
2,picking,C1,C_workload,45,10.533209398223747,2,0.0,7.583910766721097,7.01014921522755,1035
1,staging,C2,C_workload,45,18.501472007135874,496,66.83395837044058,13.32105984513792,11.119159059836282,1035
2,picking,C2,C_workload,45,18.425831472806728,491,58.43418801909967,13.266598660420954,11.244047701180335,1035
1,staging,C3,C_workload,45,16.18958137687031,94,49.89373660848443,11.65649859134663,9.981234492928376,1035
2,picking,C3,C_workload,45,17.220706954481628,92,43.37296030820728,12.398909007226779,10.332043263273121,1035
1,staging,C4,C_workload,45,17.825913942304776,472,63.30537585283045,12.834658038459546,11.165509194684915,1035
2,picking,C4,C_workload,45,17.734834755860867,472,60.631852611257194,12.769081024219913,11.103586455220588,1035
1,staging,C1,C_workload,45,16.50347877574257,3,0.0,11.882504718534648,10.512847295089612,1036
2,picking,C1,C_workload,45,10.552963583013867,2,0.0,7.598133779769984,7.023202294854164,1036
1,staging,C2,C_workload,45,20.963153482826137,519,71.95643046843549,15.093470507634889,12.69856473571727,1036
2,picking,C2,C_workload,45,20.39532877955558,520,67.26201172411827,14.684636721280068,12.138153604732237,1036
1,staging,C3,C_workload,45,19.691930790644776,120,66.60204156749674,14.178190169264237,11.611805246833153,1036
2,picking,C3,C_workload,45,18.787512877609437,120,56.433064552451256,13.527009271878798,11.148310326697976,1036
1,staging,C4,C_workload,45,19.972893505121903,502,72.18148080779098,14.380483323687837,12.322770895417616,1036
2,picking,C4,C_workload,45,20.19025569681411,497,67.9408850846591,14.536984101706226,12.426253000587442,1036
1,staging,C1,C_workload,45,16.302459323835013,3,2.2608208157090606,11.737770713161211,10.524141003458624,1037
2,picking,C1,C_workload,45,10.764154646001737,2,0.0,7.750191345121251,7.017602417917919,1037
1,staging,C2,C_workload,45,19.709242171212285,511,55.886024485540155,14.190654363272918,11.87235878851486,1037
2,picking,C2,C_workload,45,19.968737050053598,514,71.54848411180832,14.377490676038654,11.991529884280418,1037
1,staging,C3,C_workload,45,17.894474762994932,117,54.510894125037446,12.88402182935636,10.886279644340707,1037
2,picking,C3,C_workload,45,18.169357309594723,115,47.45871737735218,13.081937262908205,10.866514786544208,1037
1,staging,C4,C_workload,45,19.21356216031899,497,65.78235527639343,13.833764755429758,11.925024455119946,1037
2,picking,C4,C_workload,45,19.30814175701704,494,52.97673186205046,13.901862065052336,11.844673235854623,1037
1,staging,C1,C_workload,45,16.31721937658721,3,20.54458097006536,11.74839795114279,10.533427521018256,1038
2,picking,C1,C_workload,45,10.770494251337178,2,51.53065277684109,7.754755860962769,7.021800669824371,1038
1,staging,C2,C_workload,45,20.24085406134325,512,72.63218586086363,14.573414924167214,12.33852938745454,1038
2,picking,C2,C_workload,45,20.44944779301616,516,69.83313343958856,14.723602410971704,12.550365470054805,1038
1,staging,C3,C_workload,45,18.19030426591959,114,74.92366658830679,13.097019071462118,11.373713679559472,1038
2,picking,C3,C_workload,45,18.675615547964618,114,64.23397840172352,13.44644319453453,11.490128359099602,1038
1,staging,C4,C_workload,45,19.442570636829323,500,70.330414775968,13.998650858517195,12.17464219209691,1038
2,picking,C4,C_workload,45,20.13439822117437,496,67.82665543914125,14.49676671924563,12.645808220967993,1038
1,staging,C1,C_workload,45,17.576967863297806,3,20.963139179191057,12.655416861574423,10.524365741130547,1039
2,picking,C1,C_workload,45,10.761863558570422,2,0.0,7.748541762170703,7.016175206214923,1039
1,staging,C2,C_workload,45,18.687139132714936,517,50.198588109149696,13.454740175554846,11.009491832270388,1039
2,picking,C2,C_workload,45,18.800296067701158,529,70.82811020110077,13.536213168744931,11.530799115075197,1039
1,staging,C3,C_workload,45,16.612168022293094,102,49.277209651572676,11.960760976051027,10.036853866454036,1039
2,picking,C3,C_workload,45,17.42325972233796,102,53.253041068429944,12.544747000083342,10.523231267813081,1039
1,staging,C4,C_workload,45,18.26912702640307,500,49.85120564678404,13.15377145901029,11.205684641347512,1039
2,picking,C4,C_workload,45,17.837120635163107,504,70.90174876384464,12.842726857317524,11.244772972664736,1039
1,staging,C1,C_workload,45,18.574584749720273,3,49.03384388637714,13.373701019798599,10.522897557060123,1040
2,picking,C1,C_workload,45,10.831666675727845,2,40.92350365259214,7.798800006524051,7.018920005871645,1040
1,staging,C2,C_workload,45,18.662403220740558,519,46.29831164986991,13.436930318933296,11.272672229033244,1040
2,picking,C2,C_workload,45,18.905434795295402,517,51.371232100626955,13.611913052612804,11.390478667231962,1040
1,staging,C3,C_workload,45,17.194724216419253,110,33.96647958531329,12.380201435821862,10.7358213712074,1040
2,picking,C3,C_workload,45,16.957965415129642,109,40.60210364625282,12.209735098893349,10.024051747279982,1040
1,staging,C4,C_workload,45,18.19722791033723,494,38.37365227938577,13.102004095442911,11.412144671169646,1040
2,picking,C4,C_workload,45,18.01408206971244,501,48.74027437292978,12.970139090193046,11.161172891762217,1040
1,staging,C1,C_workload,45,16.19173223628206,3,0.0,11.658047210123083,10.534726983881715,1041
2,picking,C1,C_workload,45,11.168389043512668,2,0.0,8.041240111329122,7.013139126949927,1041
1,staging,C2,C_workload,45,18.79620925368889,521,34.48595114670902,13.533270662656086,11.390998587854554,1041
2,picking,C2,C_workload,45,19.30194254279749,524,41.635860862983584,13.897398630814267,11.60389530075497,1041
1,staging,C3,C_workload,45,16.824994042140677,115,36.54495510028543,12.113995710341282,10.377762194486989,1041
2,picking,C3,C_workload,45,17.07985759336232,117,39.53561649856432,12.297497467220879,10.631492805233606,1041
1,staging,C4,C_workload,45,18.194730705942927,504,34.02503698167313,13.100206108278977,11.343879811515638,1041
2,picking,C4,C_workload,45,18.60244227550978,501,35.949495942022615,13.393758438367117,11.551375188204995,1041
1,staging,C1,C_workload,45,16.253118042053245,3,0.0,11.70224499027834,10.532020491250506,1042
2,picking,C1,C_workload,45,11.526618777241133,2,0.0,8.299165519613615,7.023193883280307,1042
1,staging,C2,C_workload,45,19.653455939936375,494,59.369751669188574,14.150488276754272,11.745910150058263,1042
2,picking,C2,C_workload,45,19.437463600253828,491,61.840372421377424,13.994973792182828,11.646054224472623,1042
1,staging,C3,C_workload,45,17.97823204639329,110,56.394078665795035,12.94432707340318,10.721962477627908,1042
2,picking,C3,C_workload,45,17.69231176653683,107,61.83968177284749,12.738464471906514,10.723029674680737,1042
1,staging,C4,C_workload,45,18.89302095253599,475,59.53502944630534,13.602975085826005,11.571932253895712,1042
2,picking,C4,C_workload,45,19.025930751311915,473,61.26167943940386,13.69867014094468,11.740893231746277,1042
1,staging,C1,C_workload,45,15.962232558699593,3,54.174178626443,11.492807442263711,10.528345943362103,1043
2,picking,C1,C_workload,45,10.752561691111124,2,0.12204776715795257,7.74184441760001,7.010120432841628,1043
1,staging,C2,C_workload,45,20.232931733130712,497,74.39683911024905,14.56771084785418,12.145960454043996,1043
2,picking,C2,C_workload,45,20.220012490681487,499,65.52441922560234,14.558408993290747,12.042962857716343,1043
1,staging,C3,C_workload,45,18.708321623470987,110,55.96826859910178,13.469991568899117,11.256484393112272,1043
2,picking,C3,C_workload,45,17.91010561570267,109,63.052348461814965,12.895276043305932,10.931149299191945,1043
1,staging,C4,C_workload,45,19.61022068174155,483,74.76840938094432,14.119358890853993,12.097931704253197,1043
2,picking,C4,C_workload,45,19.636470079175545,474,64.87098508527848,14.138258457006476,12.007574940840467,1043
1,staging,C1,C_workload,45,15.943376293063546,3,8.146962292720612,11.479230931005754,10.515986496650088,1044
2,picking,C1,C_workload,45,10.74650769886452,2,0.0,7.737485543182455,7.006152990796017,1044
1,staging,C2,C_workload,45,19.830040627857915,516,44.92237872117529,14.277629252057764,11.92444654912453,1044
2,picking,C2,C_workload,45,20.00973829640923,516,43.115186415191815,14.407011573414692,11.904165160543881,1044
1,staging,C3,C_workload,45,18.335905077534825,110,35.82644934617397,13.201851655825086,11.056014636823733,1044
2,picking,C3,C_workload,45,17.487266805114494,108,27.785087009647544,12.590832099682434,10.927791517289114,1044
1,staging,C4,C_workload,45,19.190306354319155,490,39.531708564068786,13.81702057510986,11.915784140092766,1044
2,picking,C4,C_workload,45,19.076095321579224,495,41.962143091677916,13.734788631537123,11.80802201402008,1044
1,staging,C1,C_workload,45,15.890977830082772,3,24.2491608320716,11.441504037659598,10.524316888250285,1045
2,picking,C1,C_workload,45,10.70087062325206,2,0.0,7.7046268487414835,7.019150167876715,1045
1,staging,C2,C_workload,45,18.713728854714432,522,65.2054980921606,13.473884775394474,11.511280191976223,1045
2,picking,C2,C_workload,45,18.550138011402733,519,40.15841304351922,13.356099368210085,11.360131308595323,1045
1,staging,C3,C_workload,45,17.153102419449105,104,50.79404518236954,12.350233742003361,10.623845272446735,1045
2,picking,C3,C_workload,45,16.222774857931565,101,33.35997435780532,11.680397897710725,10.102205117013645,1045
1,staging,C4,C_workload,45,18.33461899893565,504,65.44830398757182,13.200925679233768,11.474681082336165,1045
2,picking,C4,C_workload,45,17.972374984722638,504,38.44881458465982,12.940109989000396,11.321869307124265,1045
1,staging,C1,C_workload,45,17.28331206957568,3,0.0,12.443984690094489,10.52878826901972,1046
2,picking,C1,C_workload,45,10.545195756515428,2,0.0,7.592540944691107,7.01777875350175,1046
1,staging,C2,C_workload,45,19.71834322835614,523,59.50214483358447,14.197207124416495,11.873422063660708,1046
2,picking,C2,C_workload,45,20.61051856790234,511,52.00946186417905,14.83957336888973,12.243811625527512,1046
1,staging,C3,C_workload,45,17.80734291005154,118,57.34855504668277,12.821286895237114,10.89519901313552,1046
2,picking,C3,C_workload,45,18.34910653762387,118,43.02086287956876,13.211356707089196,11.226229120497125,1046
1,staging,C4,C_workload,45,18.818789678626928,496,58.83031783563809,13.549528568611478,11.633224123467288,1046
2,picking,C4,C_workload,45,19.877663528356045,489,51.276112900998875,14.311917740416408,12.379204010165367,1046
1,staging,C1,C_workload,45,16.515690240729857,3,0.0,11.891296973325497,10.520621232093097,1047
2,picking,C1,C_workload,45,10.827789813346728,2,3.132930360161481,7.796008665609644,7.01640779904868,1047
1,staging,C2,C_workload,45,19.52577475802807,527,57.90297146196047,14.058557825780316,11.8717599904656,1047
2,picking,C2,C_workload,45,19.536285506063003,529,46.12621215910255,14.066125564365437,11.986352374009575,1047
1,staging,C3,C_workload,45,17.674218873439003,116,51.13451520493415,12.725437588876087,10.920788411677048,1047
2,picking,C3,C_workload,45,17.605874589823845,115,45.12096896538924,12.67622970467317,10.96487950835368,1047
1,staging,C4,C_workload,45,19.017571782931082,507,56.79531147604472,13.692651683710462,11.880468006022898,1047
2,picking,C4,C_workload,45,18.909012363895037,510,45.91412176123085,13.61448890200455,11.89422769178561,1047
1,staging,C1,C_workload,45,15.88863785374067,3,0.0,11.439819254693283,10.5232472647677,1048
2,picking,C1,C_workload,45,11.18013833363648,2,0.0,8.049699600218265,7.02084819094406,1048
1,staging,C2,C_workload,45,18.482677914188915,499,50.349883178600145,13.307528098216125,11.362672083816435,1048
2,picking,C2,C_workload,45,19.158785149165848,496,50.372221842858444,13.794325307399491,11.38192337189541,1048
1,staging,C3,C_workload,45,16.58411541102099,96,42.272657978243664,11.94056309593511,10.127484203356675,1048
2,picking,C3,C_workload,45,17.35206084315171,97,34.931395212517494,12.493483807069229,10.60722236346625,1048
1,staging,C4,C_workload,45,18.02329097043858,474,47.99972773299795,12.976769498715864,11.298182987611991,1048
2,picking,C4,C_workload,45,18.31655314922538,478,50.07389256920649,13.187918267442367,11.352301356988736,1048
1,staging,C1,C_workload,45,22.61984205404879,3,22.23915433359871,16.286286278915128,10.532907963426464,1049
2,picking,C1,C_workload,45,10.89160122293161,2,0.0,7.84195288051076,7.018773993846339,1049
1,staging,C2,C_workload,45,19.569117072378077,518,43.393428168870955,14.0897642921123,11.799576460065929,1049
2,picking,C2,C_workload,45,19.35209726896618,520,62.736790480225935,13.93351003365575,11.71077216387362,1049
1,staging,C3,C_workload,45,17.541816724906845,105,36.224091257947656,12.630108041932932,10.924818841752394,1049
2,picking,C3,C_workload,45,17.45030714320093,106,41.16353938206506,12.56422114310467,10.362974226631568,1049
1,staging,C4,C_workload,45,18.72473010065818,498,41.650557972280424,13.481805672473987,11.566061470737475,1049
2,picking,C4,C_workload,45,19.02600292878373,502,61.86141456920718,13.698722108724384,11.860870486535406,1049
1,staging,C1,C_workload,45,16.182346023707368,3,0.0,11.651289137069302,10.528632193700158,1050
2,picking,C1,C_workload,45,11.100491662387068,2,0.0,7.992353996918689,7.011644055177152,1050
1,staging,C2,C_workload,45,19.72022652789963,498,62.92274842300332,14.198563100087828,11.85797208416358,1050
2,picking,C2,C_workload,45,19.03765548059778,503,62.328929650841594,13.707111946030501,11.708193053602688,1050
1,staging,C3,C_workload,45,17.48897034613638,104,48.27046287698486,12.592058649218197,10.767111107693356,1050
2,picking,C3,C_workload,45,17.24500868512623,103,50.06318125688578,12.416406253290885,10.850584722546184,1050
1,staging,C4,C_workload,45,18.85734973886503,480,57.204794923538216,13.577291811982919,11.686501803232908,1050
2,picking,C4,C_workload,45,18.87015149887271,488,61.669673895628236,13.586509079188446,11.792857778977796,1050
1,staging,C1,C_workload,45,22.250535785806505,3,72.93989279305654,16.02038576578068,10.527357795772428,1051
2,picking,C1,C_workload,45,10.755225471656187,2,0.0,7.743762339592456,7.011826104541895,1051
1,staging,C2,C_workload,45,20.907722040281552,515,70.07365304366604,15.053559869002756,12.507885681030329,1051
2,picking,C2,C_workload,45,20.346930525009306,512,63.887333067941164,14.649789978006748,12.142659330395142,1051
1,staging,C3,C_workload,45,18.69212528464762,107,61.044556956014496,13.458330204946291,11.071185945575275,1051
2,picking,C3,C_workload,45,18.949954006454416,109,61.50648804950727,13.643966884647194,11.497972993668066,1051
1,staging,C4,C_workload,45,19.939689193594983,493,68.01038179406258,14.356576219388456,12.380089045937607,1051
2,picking,C4,C_workload,45,20.033826946616664,489,63.813141366218005,14.424355401564044,12.174205965487852,1051
1,staging,C1,C_workload,45,15.945014524048396,3,0.0,11.480410457314845,10.51705460784588,1052
2,picking,C1,C_workload,45,11.167336157421303,2,0.0,8.040482033343338,7.012644124047222,1052
1,staging,C2,C_workload,45,19.305713762567237,513,46.118845069427046,13.900113909048471,11.635608827346205,1052
2,picking,C2,C_workload,45,19.165496353880783,512,44.343680232590444,13.79915737479426,11.35253434899146,1052
1,staging,C3,C_workload,45,17.53378139373744,101,32.70705145892975,12.624322603490958,10.89378444800642,1052
2,picking,C3,C_workload,45,16.71105061812549,100,39.21232214572965,12.031956445050357,10.045080950553404,1052
1,staging,C4,C_workload,45,18.697193322986656,490,43.65268590727114,13.461979192550466,11.570295163404472,1052
2,picking,C4,C_workload,45,18.38738411654056,489,43.767002070969696,13.238916563909285,11.319459124044293,1052
1,staging,C1,C_workload,45,17.517389856481273,3,63.02291974212664,12.612520696666515,10.526769975522667,1053
2,picking,C1,C_workload,45,11.954997879606363,2,0.0,8.607598473316582,7.020341786827702,1053
1,staging,C2,C_workload,45,19.37065762347456,525,50.24947997934939,13.946873488901767,11.691543723302628,1053
2,picking,C2,C_workload,45,19.35939059412175,527,41.58235694699441,13.938761227767747,11.665373594603366,1053
1,staging,C3,C_workload,45,16.964851512387032,105,47.52494301723186,12.214693088918663,10.525840986750609,1053
2,picking,C3,C_workload,45,17.45325588444017,102,32.076574131033674,12.566344236796928,10.685733728002253,1053
1,staging,C4,C_workload,45,18.685633518836557,505,47.382901354097065,13.453656133562392,11.569030834853766,1053
2,picking,C4,C_workload,45,18.56341843984641,501,43.733980138631146,13.365661276689517,11.689497594163337,1053
1,staging,C1,C_workload,45,16.30989965082254,3,0.0,11.743127748592226,10.529386208434488,1054
2,picking,C1,C_workload,45,11.22394218845674,2,0.0,8.081238375688853,7.01238166130738,1054
1,staging,C2,C_workload,45,20.20808268476164,512,67.98939550653395,14.549819533028417,12.186916298102807,1054
2,picking,C2,C_workload,45,19.940553139944218,511,60.4540188832243,14.357198260759898,12.13712934941692,1054
1,staging,C3,C_workload,45,18.413886120069336,109,55.856191065271645,13.257998006449931,11.105528487372146,1054
2,picking,C3,C_workload,45,18.44972693656371,108,58.89269890178765,13.283803394325872,11.229489382369788,1054
1,staging,C4,C_workload,45,19.02088596682544,487,65.60109863205204,13.695037896114396,11.936324894604361,1054
2,picking,C4,C_workload,45,19.622334606983355,489,60.40203023555747,14.128080917028068,12.270970752915366,1054
1,staging,C1,C_workload,45,16.18596028945406,3,0.0,11.653891408406926,10.530996672834597,1055
2,picking,C1,C_workload,45,12.23917431510597,2,0.0,8.8122055068763,7.021877972281111,1055
1,staging,C2,C_workload,45,19.621346616145615,511,65.93638487764471,14.127369563624926,11.675047212157867,1055
2,picking,C2,C_workload,45,20.39558129122868,506,57.978396486362655,14.684818529684724,12.53436375096906,1055
1,staging,C3,C_workload,45,17.94564399372716,100,48.2262704002471,12.92086367548356,11.120499688084982,1055
2,picking,C3,C_workload,45,18.343651491175272,101,48.70670848890351,13.207429073646198,10.973222553732144,1055
1,staging,C4,C_workload,45,19.017299642758104,495,65.56372512492726,13.692455742785944,11.772863111576413,1055
2,picking,C4,C_workload,45,19.694530593448377,482,56.59528524949342,14.180062027282906,12.342678200206018,1055
1,staging,C1,C_workload,45,17.571623781050043,3,0.0,12.651569122356033,10.5199470325283,1056
2,picking,C1,C_workload,45,10.535355477616136,2,0.0,7.585455943883618,7.011278535106301,1056
1,staging,C2,C_workload,45,19.90782523702175,519,50.046067227256934,14.333634170655747,11.688450666001778,1056
2,picking,C2,C_workload,45,19.640703939050145,524,55.59327237104458,14.141306836116181,11.788247123855133,1056
1,staging,C3,C_workload,45,17.47780714373892,111,50.34808953452833,12.584021143492025,10.656791688949621,1056
2,picking,C3,C_workload,45,18.427084609667375,109,47.642014367118655,13.267500918960518,10.784179483614993,1056
1,staging,C4,C_workload,45,19.173899198661616,497,48.29509067356955,13.805207423036451,11.675990349225637,1056
2,picking,C4,C_workload,45,18.942427975762122,499,54.89329414533542,13.638548142548826,11.683957440631264,1056
1,staging,C1,C_workload,75,16.32387679211713,3,6.278702756394705,11.753191290324333,10.538297219100132,1007
2,picking,C1,C_workload,75,11.510071759963344,2,0.0,8.287251667173608,7.012242141158347,1007
1,staging,C2,C_workload,75,27.998977007818848,651,62.712901225289826,20.159263445629552,17.060521744461873,1007
2,picking,C2,C_workload,75,29.022283051162102,656,68.30893672320136,20.896043796836672,17.559962060241144,1007
1,staging,C3,C_workload,75,26.492341843333023,267,57.078247730624774,19.07448612719978,16.344542551121865,1007
2,picking,C3,C_workload,75,26.88981829335727,267,74.21025507756443,19.360669171217225,16.502493857771693,1007
1,staging,C4,C_workload,75,27.341188461491754,629,53.831835491333514,19.68565569227402,17.187577385872583,1007
2,picking,C4,C_workload,75,27.721199136764497,623,63.603774295386394,19.95926337847043,17.30885086327488,1007
1,staging,C1,C_workload,75,16.603258360840606,3,31.777040833101275,11.954346019805236,10.53942901027681,1008
2,picking,C1,C_workload,75,10.831750543415366,2,0.0,7.798860391259064,7.018974352133157,1008
1,staging,C2,C_workload,75,27.43718447853629,651,42.93298466805033,19.75477282454608,16.732202729160015,1008
2,picking,C2,C_workload,75,27.556108512547183,644,49.80216933160826,19.840398129033908,16.686589522138963,1008
1,staging,C3,C_workload,75,25.402961779950513,249,46.961612317572126,18.29013248156435,15.56879295635103,1008
2,picking,C3,C_workload,75,25.11607305009344,247,42.08653658903211,18.083572596067274,15.701238618812475,1008
1,staging,C4,C_workload,75,26.630924375311228,621,42.6802765381582,19.174265550224053,16.751611856888886,1008
2,picking,C4,C_workload,75,26.763410881903965,624,39.426858404187875,19.269655834970788,16.55381928329898,1008
1,staging,C1,C_workload,75,16.929210172007167,3,11.013781526512927,12.189031323845162,10.523881037201294,1009
2,picking,C1,C_workload,75,17.625910918444102,3,11.53456193455877,12.690655861279755,10.529292592077264,1009
1,staging,C2,C_workload,75,29.72066937560991,639,83.73008677773754,21.39888195043905,17.992730001885715,1009
2,picking,C2,C_workload,75,29.56989056292515,644,89.72346940555691,21.290321205306046,17.905943627392908,1009
1,staging,C3,C_workload,75,27.58782215647983,283,85.44827067067568,19.86323195266549,17.079155929241534,1009
2,picking,C3,C_workload,75,28.088143349548,280,76.59356213385259,20.22346321167455,16.972250998107537,1009
1,staging,C4,C_workload,75,28.656047283400326,614,82.90379145879476,20.63235404404818,17.872087472029328,1009
2,picking,C4,C_workload,75,28.87530794896196,614,75.79983339878876,20.790221723252543,17.904669490582645,1009
1,staging,C1,C_workload,75,15.894006367769919,3,29.766660519949436,11.443684584794344,10.526333493505946,1010
2,picking,C1,C_workload,75,19.058301107035312,3,0.0,13.721976797065427,10.529692970141273,1010
1,staging,C2,C_workload,75,27.564673214499848,653,44.330113973393004,19.84656471443987,16.824252273428982,1010
2,picking,C2,C_workload,75,28.382651475026506,653,68.05609405464557,20.435509062019065,17.21630196799613,1010
1,staging,C3,C_workload,75,25.66392822168449,264,47.83388786552253,18.47802831961283,15.95820825074521,1010
2,picking,C3,C_workload,75,26.095349806829425,263,68.22647670844233,18.788651860917174,15.95137612266091,1010
1,staging,C4,C_workload,75,26.842459267334135,633,46.163124091915535,19.32657067248057,16.74446573767397,1010
2,picking,C4,C_workload,75,27.425723317379262,630,58.19104981349915,19.746520788513042,17.191282948195585,1010
1,staging,C1,C_workload,75,16.193428869046258,3,72.72612863385675,11.659268785713305,10.535889356855794,1011
2,picking,C1,C_workload,75,12.229786976048423,2,52.57697084300004,8.805446622754866,7.015128021843834,1011
1,staging,C2,C_workload,75,28.92236942067459,665,73.02784628970834,20.824105982885712,17.57036223153405,1011
2,picking,C2,C_workload,75,29.82095874273244,668,82.91185052160708,21.471090294767322,18.34469622510684,1011
1,staging,C3,C_workload,75,26.754706862699866,274,68.36045596144783,19.2633889411439,16.367670139975658,1011
2,picking,C3,C_workload,75,28.287588031430506,274,80.76463319301435,20.367063382629958,17.52378219288881,1011
1,staging,C4,C_workload,75,28.447988437493045,647,72.56270916187337,20.482551674994966,17.640047791411867,1011
2,picking,C4,C_workload,75,29.00371469361926,645,79.79484086075142,20.88267457940586,18.148455109673478,1011
1,staging,C1,C_workload,75,22.050375275881525,3,4.866010110542508,15.876270198634701,10.53248806612598,1012
2,picking,C1,C_workload,75,16.6196410513709,2,0.0,11.966141556987047,7.0213270263048635,1012
1,staging,C2,C_workload,75,28.04333176721499,615,77.5569034846458,20.191198872394764,16.999100923003542,1012
2,picking,C2,C_workload,75,27.133334880665593,611,68.43837764629377,19.536001114079202,16.670408613871874,1012
1,staging,C3,C_workload,75,24.881683853186722,229,66.97035193632846,17.914812374294428,15.513725057707687,1012
2,picking,C3,C_workload,75,26.265867485509276,230,71.10219047392992,18.911424589566675,16.077595276613444,1012
1,staging,C4,C_workload,75,26.601000961131554,588,75.01865661775494,19.152720692014707,16.595819705632476,1012
2,picking,C4,C_workload,75,27.08220590270834,588,67.51140728850606,19.499188249949974,16.946245386798495,1012
1,staging,C1,C_workload,75,15.682667540434256,3,43.95153943112236,11.291520629112663,10.531718699400894,1013
2,picking,C1,C_workload,75,15.839322546364956,3,0.0,11.404312233382768,10.533810331652045,1013
1,staging,C2,C_workload,75,28.066878153354796,645,70.4304506823245,20.20815227041542,17.02601080187169,1013
2,picking,C2,C_workload,75,29.832526198973042,634,83.49912110343627,21.479418863260545,18.054081130626727,1013
1,staging,C3,C_workload,75,27.028353261750983,283,75.00039781185323,19.460414348460695,16.43941553813534,1013
2,picking,C3,C_workload,75,27.780530872955318,285,77.15356450574852,20.00198222852784,16.877925933934215,1013
1,staging,C4,C_workload,75,27.79548078173249,622,69.95388804189831,20.012746162847368,17.384269675600958,1013
2,picking,C4,C_workload,75,28.55665303777915,614,77.01257441683671,20.560790187200954,17.597433368008584,1013
1,staging,C1,C_workload,75,16.23501478239112,3,30.835408151091663,11.689210643321605,10.520289578989445,1014
2,picking,C1,C_workload,75,10.7623849151755,2,0.0,7.74891713892636,7.0165733145590075,1014
1,staging,C2,C_workload,75,27.386326155135027,615,67.74981749341504,19.718154831697216,16.603881195305863,1014
2,picking,C2,C_workload,75,27.417240307515545,608,69.04453351085377,19.740413021411154,16.32650947602044,1014
1,staging,C3,C_workload,75,25.31502374988954,245,73.15305906330877,18.226817099920464,15.555816440574429,1014
2,picking,C3,C_workload,75,26.058268411584645,246,64.2456216332687,18.761953256340952,15.393433686991573,1014
1,staging,C4,C_workload,75,26.537922281169262,588,63.08046310481748,19.107304042441864,16.66421159384145,1014
2,picking,C4,C_workload,75,25.944388317573182,582,61.48077168073137,18.679959588652675,16.150679077484877,1014
1,staging,C1,C_workload,75,16.160893772164346,3,1.7850516166226347,11.63584351595833,10.514703689955866,1015
2,picking,C1,C_workload,75,18.694090487074565,3,0.0,13.459745150693688,10.533245300370606,1015
1,staging,C2,C_workload,75,29.63506615138157,644,89.42815200905684,21.337247628994653,18.01432003928023,1015
2,picking,C2,C_workload,75,29.16385085195031,638,78.0300265407173,20.997972613404173,17.529389292570407,1015
1,staging,C3,C_workload,75,27.95283668885237,276,86.53559471074271,20.126042415973707,17.109181384212157,1015
2,picking,C3,C_workload,75,27.569724376628308,277,83.42705740069825,19.850201551172376,16.58165649500337,1015
1,staging,C4,C_workload,75,28.750110720402887,615,82.85116760977306,20.700079718690024,17.780621234354175,1015
2,picking,C4,C_workload,75,28.4707120474968,619,77.58774444435713,20.498912674197648,17.65400476416313,1015
1,staging,C1,C_workload,75,16.175263297326953,3,33.91573139808388,11.646189574075407,10.524009050041693,1016
2,picking,C1,C_workload,75,11.180066870887321,2,52.62739264675402,8.049648147038871,7.020717526975915,1016
1,staging,C2,C_workload,75,28.8789836771093,656,80.49834815665878,20.792868247518633,17.49961708752348,1016
2,picking,C2,C_workload,75,29.31734031899362,662,77.33736162335984,21.108485029675375,17.817353363256107,1016
1,staging,C3,C_workload,75,26.835990843495054,278,80.2657265507105,19.321913407316433,16.542432042462444,1016
2,picking,C3,C_workload,75,27.434697040749338,277,75.85209788209367,19.75298186933952,16.72728495430208,1016
1,staging,C4,C_workload,75,28.287587069655977,627,75.42914143079682,20.367062690152274,17.616507989218753,1016
2,picking,C4,C_workload,75,27.979610086278317,632,74.39227578724267,20.145319262120342,17.561434683783062,1016
1,staging,C1,C_workload,75,16.58263290011042,3,38.43769616431552,11.9394956880795,10.521875587386194,1017
2,picking,C1,C_workload,75,15.61659810073751,3,0.0,11.24395063253101,10.531539769427118,1017
1,staging,C2,C_workload,75,26.8451486552437,612,56.150647845186725,19.328507031775473,16.39844561297718,1017
2,picking,C2,C_workload,75,27.030635880066022,607,55.68405794086058,19.46205783364755,16.507891424112035,1017
1,staging,C3,C_workload,75,24.432375737405184,246,57.458511883168434,17.591310530931732,15.25377729644485,1017
2,picking,C3,C_workload,75,25.65911220433111,245,48.97734245547333,18.474560787118396,15.821224842736703,1017
1,staging,C4,C_workload,75,26.36539177596562,590,56.5938488157062,18.98308207869526,16.505118831919685,1017
2,picking,C4,C_workload,75,25.971837713375212,584,43.61443177510684,18.699723153630163,16.28999598294731,1017
1,staging,C1,C_workload,75,17.569405452108832,3,123.74865448822116,12.649971925518361,10.519494047711483,1018
2,picking,C1,C_workload,75,11.522042490335627,2,6.036928299389426,8.295870593041652,7.018082421156947,1018
1,staging,C2,C_workload,75,27.625947202458168,627,66.81341684735247,19.890681985769874,16.865941447988337,1018
2,picking,C2,C_workload,75,27.165779792191408,624,61.92930134443419,19.5593614503778,16.713443222737503,1018
1,staging,C3,C_workload,75,24.45651701655799,254,65.60281501098359,17.608692251921752,15.253525677302358,1018
2,picking,C3,C_workload,75,26.29126517561154,253,71.27769673202229,18.92971092644033,16.287778433526793,1018
1,staging,C4,C_workload,75,26.728368831712757,605,59.96845229420361,19.244425558833175,16.850668507026302,1018
2,picking,C4,C_workload,75,26.49003079180718,597,61.323915704290776,19.072822170101173,16.61107727481066,1018
1,staging,C1,C_workload,75,12.927550630665493,2,13.680269754234299,9.307836454079155,7.020477910158262,1019
2,picking,C1,C_workload,75,17.64713575437326,3,35.022750063587345,12.705937743148748,10.526398666283503,1019
1,staging,C2,C_workload,75,28.353924571406157,645,70.08802273971985,20.41482569141242,17.366959036029012,1019
2,picking,C2,C_workload,75,28.19845996239846,652,75.67674919812504,20.302891172926888,17.219028651523956,1019
1,staging,C3,C_workload,75,26.585126521642483,254,67.72411429217307,19.141291095582584,16.619774901714866,1019
2,picking,C3,C_workload,75,25.581102259735307,253,68.11627229725909,18.41839362700941,15.932527099008956,1019
1,staging,C4,C_workload,75,27.866349110523842,619,69.74592289497404,20.063771359577167,17.475015611157474,1019
2,picking,C4,C_workload,75,26.947003266583497,621,70.10423795063629,19.401842351940104,16.97836096528438,1019
1,staging,C1,C_workload,75,21.582538420271568,4,15.730380013882495,15.53942766259553,14.027969590073454,1020
2,picking,C1,C_workload,75,16.589200536018502,3,0.0,11.944224385933321,10.525711118885136,1020
1,staging,C2,C_workload,75,29.523084123857863,629,82.31954332733646,21.256620569177596,17.77174241684564,1020
2,picking,C2,C_workload,75,30.449085655846403,624,89.10099522130874,21.923341672209375,18.376160514335204,1020
1,staging,C3,C_workload,75,28.634210451435386,272,90.61537691981691,20.61663152503349,17.269285536377456,1020
2,picking,C3,C_workload,75,28.153218314276945,271,74.62368567799949,20.270317186279417,17.071119221825743,1020
1,staging,C4,C_workload,75,29.29872554159001,603,83.80321229082183,21.095082389944775,18.15369235943142,1020
2,picking,C4,C_workload,75,28.91171889071793,602,76.76753127100473,20.816437601316867,17.85557755023559,1020
1,staging,C1,C_workload,75,16.617815170064077,3,47.16603252351548,11.964826922446136,10.5438826766884,1021
2,picking,C1,C_workload,75,10.481874698601178,2,7.256380702550692,7.546949782992849,7.019516630642938,1021
1,staging,C2,C_workload,75,29.10560305942938,646,75.4412846958168,20.956034202789073,17.663005102921993,1021
2,picking,C2,C_workload,75,28.895877890519028,645,80.78480252841764,20.80503208117364,17.507116426631647,1021
1,staging,C3,C_workload,75,27.28136436449547,250,73.99838953865806,19.64258234243673,16.313115791743982,1021
2,picking,C3,C_workload,75,26.810489197433096,250,77.15458303730978,19.303552222151808,16.86536621418403,1021
1,staging,C4,C_workload,75,27.97159904024125,617,78.09459669155143,20.139551308973683,17.452346305647023,1021
2,picking,C4,C_workload,75,28.23101434922684,621,65.0274179656304,20.32633033144324,17.600136335017737,1021
1,staging,C1,C_workload,75,16.467154142813374,3,0.0,11.856350982825633,10.531446571443274,1022
2,picking,C1,C_workload,75,16.87763311351491,3,35.34758342837971,12.151895841730736,10.533070865437564,1022
1,staging,C2,C_workload,75,27.87264610080924,665,58.5200572375102,20.068305192582635,17.116885464054704,1022
2,picking,C2,C_workload,75,27.65539231564043,664,63.45614985634516,19.91188246726106,16.638095710308274,1022
1,staging,C3,C_workload,75,25.856538384823907,267,55.64226859603824,18.616707637073212,16.036451864571095,1022
2,picking,C3,C_workload,75,25.414079711390787,265,56.55527777966757,18.29813739220137,15.616181998726786,1022
1,staging,C4,C_workload,75,26.717587192268304,647,59.54399298168346,19.23666277843314,16.613109425493,1022
2,picking,C4,C_workload,75,27.140796016904982,637,56.53896335992022,19.541373132171582,17.038159145372003,1022
1,staging,C1,C_workload,75,16.253431024647796,3,56.87632435625213,11.702470337746412,10.532223303971772,1023
2,picking,C1,C_workload,75,10.697736861230586,2,33.90956257369192,7.702370540086022,7.017094601839751,1023
1,staging,C2,C_workload,75,26.295754717331455,615,68.14674466204741,18.932943396478663,15.669771666539535,1023
2,picking,C2,C_workload,75,26.583119282789543,620,66.0668786606463,19.13984588360846,16.02143512816098,1023
1,staging,C3,C_workload,75,23.4907546929219,225,65.63763096375665,16.91334337890377,14.421643257192764,1023
2,picking,C3,C_workload,75,24.94549329311771,227,63.13326540527193,17.960755171044745,15.212184738098308,1023
1,staging,C4,C_workload,75,25.41556522994127,583,65.32397144361191,18.299206965557733,15.944747481656172,1023
2,picking,C4,C_workload,75,24.999930999009074,584,60.64525559928604,17.999950319286537,15.592459313044346,1023
1,staging,C1,C_workload,75,16.862874238750912,3,41.07358702707655,12.141269451900657,10.524011912065962,1024
2,picking,C1,C_workload,75,10.528900223103552,2,0.0,7.580808160634559,7.007158709582368,1024
1,staging,C2,C_workload,75,28.30055359957409,621,90.0323254827292,20.376398591693288,17.191503127489536,1024
2,picking,C2,C_workload,75,27.670194678985,627,88.68760391082007,19.92254016886916,16.425584160825558,1024
1,staging,C3,C_workload,75,25.957814059655497,233,84.69301392315423,18.68962612295196,15.818906513970141,1024
2,picking,C3,C_workload,75,26.57290454638877,234,87.68716870680701,19.132491273399925,15.71234912920631,1024
1,staging,C4,C_workload,75,26.646884424867185,600,80.89438904307666,19.185756785904328,16.641793990369152,1024
2,picking,C4,C_workload,75,27.62392048994544,599,84.8082732172014,19.889222752760684,16.86193218683483,1024
1,staging,C1,C_workload,75,15.821887103938948,3,39.800287405611016,11.391758714836042,10.522407339860427,1025
2,picking,C1,C_workload,75,12.91175823643872,2,0.0,9.296465930235879,7.011840357449787,1025
1,staging,C2,C_workload,75,28.556932935165598,661,62.847986512942846,20.56099171331921,17.227809471749005,1025
2,picking,C2,C_workload,75,29.028451125108596,653,74.24410922380856,20.90048481007817,17.656413630886462,1025
1,staging,C3,C_workload,75,26.426948839076296,249,54.439410303599,19.027403164134927,16.09800003856148,1025
2,picking,C3,C_workload,75,27.195149997660323,249,69.23685899564332,19.58050799831545,16.631375120491274,1025
1,staging,C4,C_workload,75,27.63907514292508,628,56.05016860113603,19.90013410290605,17.19241177605628,1025
2,picking,C4,C_workload,75,28.061629439426884,636,74.99401596907357,20.204373196387333,17.553605596391595,1025
1,staging,C1,C_workload,75,22.00114585931437,4,30.237444040495152,15.840825018706347,14.037523763161143,1026
2,picking,C1,C_workload,75,16.58639060566446,3,0.0,11.942201236078409,10.528338857315667,1026
1,staging,C2,C_workload,75,29.889801792262205,648,90.89930570855944,21.52065729042872,18.107100146479983,1026
2,picking,C2,C_workload,75,30.61036077423719,646,73.63779169013803,22.039459757450732,18.537151362885766,1026
1,staging,C3,C_workload,75,29.015244500608034,297,77.9149642251112,20.890976040437785,17.90857717229795,1026
2,picking,C3,C_workload,75,27.749590427932592,294,81.10599175820259,19.979705108111446,16.853012803021812,1026
1,staging,C4,C_workload,75,29.226110674335086,625,72.19053920875822,21.042799685521206,18.08671148118212,1026
2,picking,C4,C_workload,75,29.884086900060048,628,89.51062094717976,21.51654256804319,18.461290028183647,1026
1,staging,C1,C_workload,75,16.167465122099962,3,0.0,11.640574887911976,10.519025681164653,1027
2,picking,C1,C_workload,75,10.761058618135667,2,0.0,7.74796220505768,7.015656185280368,1027
1,staging,C2,C_workload,75,28.803416882573757,637,88.47628358571814,20.73846015545305,17.458113564668352,1027
2,picking,C2,C_workload,75,29.30573670196409,635,71.77733415531266,21.100130425414097,17.29912385733233,1027
1,staging,C3,C_workload,75,28.090887336283483,269,106.2077941934942,20.225438882124124,17.128324733472375,1027
2,picking,C3,C_workload,75,26.15907359160941,268,66.5975020790063,18.83453298595879,15.650358465214712,1027
1,staging,C4,C_workload,75,28.201223408830263,609,80.14788245817776,20.304880854357755,17.35459882005874,1027
2,picking,C4,C_workload,75,28.117448634746612,611,64.96850385256168,20.244563017017487,17.274305268608618,1027
1,staging,C1,C_workload,75,17.63660970552524,3,32.007757286549044,12.698358987978175,10.520094140690523,1028
2,picking,C1,C_workload,75,11.51820706457291,2,0.0,8.293109086492496,7.017496494484329,1028
1,staging,C2,C_workload,75,27.413586068817647,672,54.77026470719321,19.7377819695487,16.602423123094365,1028
2,picking,C2,C_workload,75,26.72653625462506,674,56.49905954502695,19.243106103330042,16.30155640096946,1028
1,staging,C3,C_workload,75,24.85866117612712,234,51.635864918542545,17.89823604681153,15.214586344530135,1028
2,picking,C3,C_workload,75,24.78278217648865,235,55.624676557123436,17.843603167071837,15.36400273915962,1028
1,staging,C4,C_workload,75,26.258117112671407,648,51.51321210464059,18.905844321123414,16.41855669922739,1028
2,picking,C4,C_workload,75,26.353816267987728,647,56.04286933095612,18.974747712951178,16.372061713725323,1028
1,staging,C1,C_workload,75,21.362315667599777,4,0.0,15.38086728067184,14.02737561669584,1029
2,picking,C1,C_workload,75,12.598787104937397,2,0.0,9.071126715554927,7.028683092828961,1029
1,staging,C2,C_workload,75,29.825734360079842,617,89.18819168312255,21.47452873925746,17.952956371113533,1029
2,picking,C2,C_workload,75,28.45837916630196,617,91.01138168863882,20.490032999737366,17.266380116189136,1029
1,staging,C3,C_workload,75,26.930728568238344,260,89.41755508670911,19.39012456913159,16.603396782352384,1029
2,picking,C3,C_workload,75,27.802488171017092,260,99.64053447578024,20.017791483132317,16.835298886621352,1029
1,staging,C4,C_workload,75,28.62023873854679,590,80.62233530613285,20.60657189175368,17.825541537998735,1029
2,picking,C4,C_workload,75,27.78020041572251,586,78.69467493975627,20.001744299320173,17.26332272708171,1029
1,staging,C1,C_workload,75,16.94723318823407,3,0.0,12.202007895528528,10.5347909769066,1030
2,picking,C1,C_workload,75,10.834750970929685,2,0.0,7.801020699069375,7.020918629162438,1030
1,staging,C2,C_workload,75,27.814373982525094,663,50.679430163611386,20.026349267418038,16.99350675648044,1030
2,picking,C2,C_workload,75,27.89388266842016,654,41.478653353318506,20.08359552126249,16.88786951625542,1030
1,staging,C3,C_workload,75,24.865561491789848,255,49.3832936445562,17.903204274088694,15.32445969394353,1030
2,picking,C3,C_workload,75,26.34364551840751,254,45.71127736183616,18.9674247732534,16.339080998176268,1030
1,staging,C4,C_workload,75,27.036948379984555,632,47.01593330108478,19.46660283358885,16.80134967225281,1030
2,picking,C4,C_workload,75,26.98999376475781,631,41.99775489234608,19.432795510625613,16.962387711594143,1030
1,staging,C1,C_workload,75,16.232458712743313,3,6.653363247262072,11.687370273175189,10.518633245857668,1031
2,picking,C1,C_workload,75,11.19201439694087,2,71.74652869006749,8.058250365797425,7.028112065745667,1031
1,staging,C2,C_workload,75,26.045044403354385,637,54.32727301834793,18.75243197041516,15.523836921436805,1031
2,picking,C2,C_workload,75,27.370408579976058,635,60.20818081930828,19.706694177582715,16.831519501277715,1031
1,staging,C3,C_workload,75,24.314016326213466,228,54.581795323468604,17.506091754873694,15.046534368265638,1031
2,picking,C3,C_workload,75,24.819579193671345,231,61.60949457376947,17.870097019443367,15.28115224651621,1031
1,staging,C4,C_workload,75,25.467504550575153,613,42.987692634857225,18.336603276414117,15.798403205782401,1031
2,picking,C4,C_workload,75,26.442026579132232,614,59.35846706673024,19.038259136975185,16.450008772487678,1031
1,staging,C1,C_workload,75,16.866084449776853,3,2.4064543824459785,12.143580803839335,10.52553066601203,1032
2,picking,C1,C_workload,75,10.81851820241146,2,0.9911024109672629,7.78933310573625,7.010399795162625,1032
1,staging,C2,C_workload,75,27.850053875582592,645,60.94383974464617,20.052038790419484,16.737711873568514,1032
2,picking,C2,C_workload,75,28.072867738313377,641,49.316968861045844,20.212464771585616,16.88011881967733,1032
1,staging,C3,C_workload,75,25.796536911517897,246,60.51062371676316,18.5735065762929,15.458951688559592,1032
2,picking,C3,C_workload,75,26.484630273749254,249,58.7005195092313,19.06893379709948,16.126564241427467,1032
1,staging,C4,C_workload,75,26.347327803759086,611,55.29575133619764,18.970076018706536,16.554781133150982,1032
2,picking,C4,C_workload,75,27.22809966227967,612,45.29740800624427,19.60423175684137,16.87261740186316,1032
1,staging,C1,C_workload,75,17.98493468695237,3,71.7828111022854,12.94915297460571,10.521420428516567,1033
2,picking,C1,C_workload,75,11.118828995128023,2,5.894246638635256,8.005556876492177,7.023431569647972,1033
1,staging,C2,C_workload,75,25.88629177722732,634,45.93625606266611,18.638130079603624,15.630790218554178,1033
2,picking,C2,C_workload,75,26.67465595541878,633,66.69712549731838,19.205752287901486,16.00922844627713,1033
1,staging,C3,C_workload,75,24.298860768072334,231,50.123556651963796,17.495179753012074,14.803800276914146,1033
2,picking,C3,C_workload,75,24.49389707581866,233,59.53376349932267,17.63560589458942,14.666174588735528,1033
1,staging,C4,C_workload,75,25.039682021509673,609,52.64701154902719,18.02857105548693,15.480874312532537,1033
2,picking,C4,C_workload,75,25.72723180204793,608,52.46032834778798,18.523606897474483,16.04578324118766,1033
1,staging,C1,C_workload,75,13.157145900321144,2,0.0,9.473145048231224,7.013493821676162,1034
2,picking,C1,C_workload,75,15.886019935986647,3,29.908586949514454,11.437934353910386,10.521221307304,1034
1,staging,C2,C_workload,75,27.401698135954465,636,53.83745130879666,19.729222657887195,16.487417832149116,1034
2,picking,C2,C_workload,75,27.107361592866024,637,60.45665486683321,19.517300346863497,16.51473666088655,1034
1,staging,C3,C_workload,75,25.71769725535718,246,50.891438428466124,18.516742023857166,15.42423535119651,1034
2,picking,C3,C_workload,75,25.327263509596204,246,59.75146833964757,18.235629726909274,15.498477864715856,1034
1,staging,C4,C_workload,75,25.78699652910733,610,42.83905351617825,18.566637500957246,16.06291963878371,1034
2,picking,C4,C_workload,75,26.7948435600325,605,57.33730460891804,19.29228736322339,16.807020188812356,1034
1,staging,C1,C_workload,75,15.80824945209005,3,15.754965111646985,11.381939605504837,10.513196434677866,1035
2,picking,C1,C_workload,75,10.752586043801935,2,0.0,7.741861951537394,7.01014921522755,1035
1,staging,C2,C_workload,75,27.68590317503612,652,64.01594190010528,19.93385028602603,16.7818943295967,1035
2,picking,C2,C_workload,75,26.98396364803748,656,71.40093600608724,19.428453826586995,16.558082031584938,1035
1,staging,C3,C_workload,75,25.448799670750677,246,79.38260863790106,18.32313576294047,15.6242919864768,1035
2,picking,C3,C_workload,75,24.921786810484583,245,67.20781679424668,17.943686503548896,15.590872693371042,1035
1,staging,C4,C_workload,75,26.550763296721335,631,64.21516371455466,19.1165495736394,16.612539348413268,1035
2,picking,C4,C_workload,75,26.426225734728348,625,62.776052673196425,19.02688252900441,16.6097981238795,1035
1,staging,C1,C_workload,75,17.275293945254276,3,0.0,12.43821164058308,10.512847295089612,1036
2,picking,C1,C_workload,75,16.187635236053662,3,17.79178189569369,11.655097369958638,10.532091183743079,1036
1,staging,C2,C_workload,75,28.531675523988127,646,78.88835186172217,20.5428063772714,17.19594531736857,1036
2,picking,C2,C_workload,75,29.4557706850851,640,93.84571811470896,21.20815489326119,17.623894339807563,1036
1,staging,C3,C_workload,75,27.110383821648,259,76.59161055938071,19.519476351586555,16.35566424305403,1036
2,picking,C3,C_workload,75,26.90976914919109,259,76.19867378442322,19.375033787417593,16.505669592535945,1036
1,staging,C4,C_workload,75,28.089142815340534,615,69.25557887146198,20.224182827045144,17.227808400806758,1036
2,picking,C4,C_workload,75,28.00479258962988,612,91.35486007093336,20.163450664533478,17.430794222372395,1036
1,staging,C1,C_workload,75,16.64534865171971,3,94.82766421414368,11.984651029238194,10.524141003458624,1037
2,picking,C1,C_workload,75,10.69851103958878,2,0.0,7.702927948503923,7.017602417917919,1037
1,staging,C2,C_workload,75,28.82717322955087,631,91.88496921212878,20.755564725276614,17.43215058001458,1037
2,picking,C2,C_workload,75,28.77462897522298,630,80.45186399141721,20.717732862160524,17.402046864730707,1037
1,staging,C3,C_workload,75,27.096532533964684,268,87.67393000794782,19.50950342445459,16.506049942546102,1037
2,picking,C3,C_workload,75,26.51315796338343,267,72.77235166391738,19.08947373363608,16.319307337733278,1037
1,staging,C4,C_workload,75,28.195680236889032,601,81.86913089921745,20.3008897705601,17.533359914752978,1037
2,picking,C4,C_workload,75,27.45177371950466,604,71.98779588930607,19.76527707804333,17.176781974436754,1037
1,staging,C1,C_workload,75,21.960259934742556,4,76.3796240682168,15.811387153014643,14.048175992827325,1038
2,picking,C1,C_workload,75,12.231872863053098,2,35.74431130585338,8.806948461398232,7.015941086904216,1038
1,staging,C2,C_workload,75,28.461746676595755,631,76.47014908759148,20.492457607148918,17.432471992927965,1038
2,picking,C2,C_workload,75,29.495494765018492,642,79.41713817728045,21.236756230813256,17.96836730902583,1038
1,staging,C3,C_workload,75,27.372757868012943,258,67.44924775085236,19.708385664969303,16.57245756208517,1038
2,picking,C3,C_workload,75,27.57976291115253,259,84.03125784532091,19.857429296029824,16.91321059533162,1038
1,staging,C4,C_workload,75,27.948749019444424,613,71.71711918281446,20.123099293999974,17.470585122056114,1038
2,picking,C4,C_workload,75,28.36413905999924,611,79.26738278557308,20.422180123199404,17.772047764194635,1038
1,staging,C1,C_workload,75,15.955825849491237,3,58.32124939043388,11.488194611633693,10.524365741130547,1039
2,picking,C1,C_workload,75,10.477015880666848,2,21.447444725248957,7.543451434080131,7.016175206214923,1039
1,staging,C2,C_workload,75,28.37623027800103,653,63.353631689520974,20.43088580016071,17.090468630813472,1039
2,picking,C2,C_workload,75,27.55297386986335,653,66.9157530166725,19.838141186301602,16.586238983198825,1039
1,staging,C3,C_workload,75,26.517732596922066,251,63.69997469222546,19.092767469783883,16.07945558533832,1039
2,picking,C3,C_workload,75,25.82234333427734,251,69.89417345521794,18.592087200679686,15.58629696856515,1039
1,staging,C4,C_workload,75,26.518307209375326,628,51.13094559531704,19.09318119075022,16.619319063627742,1039
2,picking,C4,C_workload,75,27.092715131071692,621,51.127054351091154,19.50675489437161,16.917110772606758,1039
1,staging,C1,C_workload,75,19.690652691984802,3,43.25454108263863,14.177269938229056,10.522897557060121,1040
2,picking,C1,C_workload,75,11.177133018181504,2,47.991454879027636,8.047535773090683,7.018920005871645,1040
1,staging,C2,C_workload,75,27.4728141623231,652,51.263614599350674,19.780426196872643,16.87073922936283,1040
2,picking,C2,C_workload,75,28.1476577338585,658,61.85239074332768,20.266313568378102,17.009578333569102,1040
1,staging,C3,C_workload,75,26.09184636077909,274,49.38642114956508,18.786129379760943,16.000318574435298,1040
2,picking,C3,C_workload,75,25.69544745044279,270,59.19544893105373,18.500722164318805,15.796453992180396,1040
1,staging,C4,C_workload,75,26.955860258646975,627,45.43434831228667,19.408219386225817,16.943878421791496,1040
2,picking,C4,C_workload,75,26.997548216410287,630,65.36683273698623,19.438234715815412,16.812383585584872,1040
1,staging,C1,C_workload,75,17.29255633820519,3,28.485466045729723,12.450640563507736,10.534726983881717,1041
2,picking,C1,C_workload,75,10.757216078198589,2,0.0,7.745195576302985,7.013139126949926,1041
1,staging,C2,C_workload,75,28.106506864984876,636,68.14768714954162,20.236684942789076,16.914527896452533,1041
2,picking,C2,C_workload,75,28.128329464923034,631,65.33667565752768,20.25239721474456,16.86216262218152,1041
1,staging,C3,C_workload,75,26.12626549815054,264,67.16238148913139,18.810911158668386,15.900451237365834,1041
2,picking,C3,C_workload,75,26.785816213196963,264,57.80117420831666,19.28578767350182,16.082455345279833,1041
1,staging,C4,C_workload,75,27.23039618223535,609,59.49425028648246,19.60588525120944,16.654507483273385,1041
2,picking,C4,C_workload,75,27.351782346493515,612,65.74291300774665,19.693283289475314,17.007907320084144,1041
1,staging,C1,C_workload,75,16.270017715541385,3,20.959178993830815,11.714412755189796,10.542971479670816,1042
2,picking,C1,C_workload,75,10.755814255805888,2,18.92161778178294,7.7441862641802395,7.012242894859996,1042
1,staging,C2,C_workload,75,28.243736326172847,638,63.41466842116061,20.335490154844457,17.007228988396516,1042
2,picking,C2,C_workload,75,28.205330725011535,637,77.18032677102428,20.307838122008317,16.93779417548403,1042
1,staging,C3,C_workload,75,26.114056563622444,264,69.87288233693126,18.802120725808155,15.57195195819613,1042
2,picking,C3,C_workload,75,27.018177186614757,260,67.98271577224405,19.45308757436263,16.400122006139817,1042
1,staging,C4,C_workload,75,26.88805004542797,606,63.433479069807596,19.35939603270814,16.70765890138245,1042
2,picking,C4,C_workload,75,27.52848993226194,612,68.91423193240159,19.820512751228627,17.06021057962503,1042
1,staging,C1,C_workload,75,15.677477499818055,3,60.75320445680372,11.287783799869002,10.528345943362103,1043
2,picking,C1,C_workload,75,10.752561691111124,2,10.335203916509515,7.74184441760001,7.010120432841628,1043
1,staging,C2,C_workload,75,29.236144130970004,645,83.56225575930185,21.050023774298396,17.739521506660573,1043
2,picking,C2,C_workload,75,29.629558789092318,643,82.67908296247258,21.333282328146467,17.849917091765462,1043
1,staging,C3,C_workload,75,27.737073720715884,278,70.32912707941996,19.970693078915442,16.932996461072648,1043
2,picking,C3,C_workload,75,27.996014379660934,277,81.54976956756553,20.15713035335589,16.814760150907116,1043
1,staging,C4,C_workload,75,28.375853899922767,622,78.14251055927504,20.4306148079444,17.71765378211711,1043
2,picking,C4,C_workload,75,28.829260348293328,618,79.7217939670036,20.757067450771185,17.762701482975604,1043
1,staging,C1,C_workload,75,22.331835754696076,4,32.52164537896497,16.07892174338118,14.024875385539,1044
2,picking,C1,C_workload,75,16.506692325848736,3,0.0,11.884818474611087,10.515041879684931,1044
1,staging,C2,C_workload,75,28.752373810246983,645,64.33155920704363,20.70170914337778,17.200713385451394,1044
2,picking,C2,C_workload,75,28.731830029687433,636,64.52976402552969,20.686917621374914,17.280268044249265,1044
1,staging,C3,C_workload,75,26.716848733686337,254,62.95291704498872,19.236131088254172,16.090091350302504,1044
2,picking,C3,C_workload,75,26.919637287724612,252,62.23612188722714,19.382138847161723,16.388965114307187,1044
1,staging,C4,C_workload,75,27.458506278269603,622,60.65749010828857,19.7701245203541,17.223799686588464,1044
2,picking,C4,C_workload,75,28.134100392362445,612,53.905087683010024,20.25655228250089,17.141681743112194,1044
1,staging,C1,C_workload,75,15.671203088236005,3,38.75573609564162,11.283266223529926,10.524316888250285,1045
2,picking,C1,C_workload,75,10.547429945049586,2,16.170765859441598,7.594149560435701,7.019150167876716,1045
1,staging,C2,C_workload,75,28.01218904823272,637,66.9499058934327,20.16877611472756,17.307900005908753,1045
2,picking,C2,C_workload,75,27.937074892927843,632,66.03052408356788,20.114693922908042,17.052638309692583,1045
1,staging,C3,C_workload,75,26.12103861239633,267,66.71446901715265,18.80714780092537,16.22704765770274,1045
2,picking,C3,C_workload,75,26.495238599191534,265,80.4414001994419,19.076571791417898,16.118801146230794,1045
1,staging,C4,C_workload,75,27.201407887211833,613,56.72529994967329,19.585013678792542,17.096613106648864,1045
2,picking,C4,C_workload,75,27.29724708176427,612,68.59302390795139,19.654017898870265,17.154841875619137,1045
1,staging,C1,C_workload,75,16.940465664092937,3,0.0,12.197135278146916,10.52878826901972,1046
2,picking,C1,C_workload,75,11.176073913734783,2,0.0,8.046773217889044,7.01777875350175,1046
1,staging,C2,C_workload,75,27.997717380047828,623,79.06743195320968,20.158356513634388,17.087014387214925,1046
2,picking,C2,C_workload,75,28.168294553394286,629,82.45727684828967,20.28117207844385,17.208743688068196,1046
1,staging,C3,C_workload,75,26.333810456529815,282,93.31028410430194,18.960343528701458,16.199616480921428,1046
2,picking,C3,C_workload,75,26.348014322914644,280,74.08138049202755,18.97057031249854,16.276613816584035,1046
1,staging,C4,C_workload,75,27.092081145690187,608,76.81242572030642,19.50629842489691,16.919644500187204,1046
2,picking,C4,C_workload,75,27.69206296016,601,69.56422296782765,19.93828533131518,17.279863575095934,1046
1,staging,C1,C_workload,75,16.581272444656094,3,43.250759002771396,11.93851616015239,10.520621232093097,1047
2,picking,C1,C_workload,75,10.827789813346728,2,36.640840636821544,7.796008665609644,7.01640779904868,1047
1,staging,C2,C_workload,75,28.568342132217023,634,81.48223961625567,20.569206335196228,17.532851462804988,1047
2,picking,C2,C_workload,75,28.09720360898535,634,85.50305235467201,20.229986598469427,17.16604514000914,1047
1,staging,C3,C_workload,75,26.436962566391685,276,82.19726557634935,19.034613047802015,16.133494611266453,1047
2,picking,C3,C_workload,75,27.17231586264999,274,82.64222722731681,19.564067421108,16.617329146723268,1047
1,staging,C4,C_workload,75,27.803521655558022,610,86.9301319020956,20.018535592001772,17.356187101873164,1047
2,picking,C4,C_workload,75,27.393049835333127,608,73.8969680015048,19.72299588143983,17.230080468183576,1047
1,staging,C1,C_workload,75,15.823172413827683,3,17.14388333152674,11.392684137955932,10.5232472647677,1048
2,picking,C1,C_workload,75,11.18013833363648,2,0.0,8.049699600218265,7.02084819094406,1048
1,staging,C2,C_workload,75,27.297703250506842,637,53.153452209318395,19.6543463403649,16.298442630010694,1048
2,picking,C2,C_workload,75,27.761080291691638,641,59.4243332720263,19.98797781001795,16.959152825701167,1048
1,staging,C3,C_workload,75,25.172134994132144,231,48.67216125773385,18.123937195775152,15.449681927728617,1048
2,picking,C3,C_workload,75,25.859979232973686,229,55.437106843802056,18.619185047741055,15.755324927253055,1048
1,staging,C4,C_workload,75,26.137913195292196,611,51.920781282452715,18.81929750061037,16.317531024183793,1048
2,picking,C4,C_workload,75,27.09357084660476,615,54.01928857204124,19.50737100955541,16.8202866537503,1048
1,staging,C1,C_workload,75,16.86744874058698,2,25.519378116263518,12.144563093222626,7.029243792982319,1049
2,picking,C1,C_workload,75,18.333936324182286,3,112.51664047283352,13.200434153411248,10.522438164290485,1049
1,staging,C2,C_workload,75,28.359013024137713,611,85.16868464265382,20.41848937737915,17.326036247530368,1049
2,picking,C2,C_workload,75,27.661786988513086,616,76.9077163603492,19.9164866317294,16.66186793196472,1049
1,staging,C3,C_workload,75,26.05828001648714,252,74.21417174264477,18.761961611870753,16.237845073627454,1049
2,picking,C3,C_workload,75,26.236658460873226,251,70.11952989795259,18.890394091828732,15.826128844953256,1049
1,staging,C4,C_workload,75,27.004666667504324,586,75.63556884190416,19.443360000603125,16.93081816991994,1049
2,picking,C4,C_workload,75,27.13435676988958,586,76.28235804761971,19.53673687432049,16.928752676241825,1049
1,staging,C1,C_workload,75,16.182252177275284,3,4.4278579886022875,11.651221567638206,10.528632193700156,1050
2,picking,C1,C_workload,75,10.75493953531152,2,23.40948246202473,7.7435564654242945,7.011644055177152,1050
1,staging,C2,C_workload,75,28.39895064347277,650,76.14967824629399,20.44724446330039,17.174395548096246,1050
2,picking,C2,C_workload,75,27.621418699179067,658,69.35277012042135,19.887421463408916,16.975714034114443,1050
1,staging,C3,C_workload,75,25.21906747595033,234,73.44817197445518,18.157728582684236,15.720166737505853,1050
2,picking,C3,C_workload,75,26.552604964071076,235,57.872486983484606,19.11787557413118,16.272345204196032,1050
1,staging,C4,C_workload,75,27.435607011702434,622,67.15479393937859,19.753637048425755,17.25979202080512,1050
2,picking,C4,C_workload,75,26.82097739797807,630,70.64740860166921,19.31110372654419,16.76198422807224,1050
1,staging,C1,C_workload,75,16.11485206981009,3,75.81470753124158,11.602693490263267,10.527357795772428,1051
2,picking,C1,C_workload,75,11.16617466749176,2,0.0,8.039645760594066,7.011826104541895,1051
1,staging,C2,C_workload,75,29.27997888234443,621,94.58388648189637,21.08158479528799,17.56809975670444,1051
2,picking,C2,C_workload,75,29.87310385851547,611,93.31257219525786,21.508634778131082,17.8796396991655,1051
1,staging,C3,C_workload,75,27.83303109578697,252,89.40461326116855,20.039782388966607,16.57103651674643,1051
2,picking,C3,C_workload,75,27.57889453021276,255,93.6270306460852,19.856804061753195,16.933152898594273,1051
1,staging,C4,C_workload,75,28.057620580174188,588,83.23404798923028,20.20148681772541,17.35383426547399,1051
2,picking,C4,C_workload,75,28.785381299544333,582,89.59012065656292,20.725474535671907,17.95273852372929,1051
1,staging,C1,C_workload,75,17.28152314410618,3,15.054240126048535,12.442696663756452,10.517054607845878,1052
2,picking,C1,C_workload,75,11.101781179467459,2,0.0,7.99328244921657,7.012644124047222,1052
1,staging,C2,C_workload,75,28.24429097633584,639,69.97782950134113,20.33588950296179,16.97763511969512,1052
2,picking,C2,C_workload,75,27.927012594685426,638,61.05873400430484,20.1074490681735,16.880287507156176,1052
1,staging,C3,C_workload,75,25.415569032223946,267,60.970771494758196,18.299209703201235,15.572259533585541,1052
2,picking,C3,C_workload,75,26.905658635920936,266,69.30736912048181,19.372074217863076,16.30391810252056,1052
1,staging,C4,C_workload,75,27.199064641959325,614,64.40680404998595,19.583326542210685,16.764873929486075,1052
2,picking,C4,C_workload,75,27.56522290001756,617,65.23181205152474,19.84696048801264,17.010905571167743,1052
1,staging,C1,C_workload,75,15.829102233684067,3,62.097015566477175,11.396953608252527,10.526769975522665,1053
2,picking,C1,C_workload,75,16.586360795977388,3,0.0,11.942179773103721,10.529230675716615,1053
1,staging,C2,C_workload,75,27.972989368689976,644,69.37071907127147,20.140552345456783,17.090311233083728,1053
2,picking,C2,C_workload,75,28.42086359386317,641,77.83019877115717,20.463021787581447,17.35543941815564,1053
1,staging,C3,C_workload,75,26.210662937251776,254,74.4916178236308,18.871677314821284,16.053186348735675,1053
2,picking,C3,C_workload,75,26.540749898261073,252,85.87151885653238,19.10933992674797,16.49157450220471,1053
1,staging,C4,C_workload,75,27.411506448071222,621,71.08585734879021,19.736284642611277,17.120884607691494,1053
2,picking,C4,C_workload,75,27.404556457751966,617,72.4796356352392,19.731280649581393,17.209366043547874,1053
1,staging,C1,C_workload,75,17.99745006516973,3,4.033032072761853,12.958164046922205,10.529386208434488,1054
2,picking,C1,C_workload,75,16.516891739128493,3,0.0,11.892162052172512,10.521270550196295,1054
1,staging,C2,C_workload,75,29.337448920012378,626,89.18515947983799,21.12296322240884,17.57617715177117,1054
2,picking,C2,C_workload,75,28.816368704622143,619,75.72376681281153,20.747785467327898,17.401125441988913,1054
1,staging,C3,C_workload,75,27.033093527028335,270,87.96780520454374,19.463827339460405,16.10067165574067,1054
2,picking,C3,C_workload,75,27.719426816022164,268,72.25072661594032,19.957987307535966,16.99063215648831,1054
1,staging,C4,C_workload,75,28.385920549808404,598,82.36860299598666,20.43786279586203,17.507963281171303,1054
2,picking,C4,C_workload,75,28.117303218392127,597,68.98408909398229,20.24445831724227,17.351700423699885,1054
1,staging,C1,C_workload,75,15.681120994237213,3,0.0,11.290407115850794,10.530996672834597,1055
2,picking,C1,C_workload,75,11.181882861257424,2,0.0,8.050955660105346,7.021877972281111,1055
1,staging,C2,C_workload,75,29.207826869313745,655,71.26113052236727,21.029635345905888,17.67882040925861,1055
2,picking,C2,C_workload,75,29.242370593445223,663,74.6546837818837,21.0545068272805,17.646915346968317,1055
1,staging,C3,C_workload,75,27.47650467237254,268,73.41347442980107,19.783083364108244,16.920249678133498,1055
2,picking,C3,C_workload,75,27.108687451631702,268,71.25279557769453,19.51825496517483,16.498039201401323,1055
1,staging,C4,C_workload,75,28.51330239826133,629,70.20840517610635,20.529577726748116,17.63329014656205,1055
2,picking,C4,C_workload,75,28.07935279536955,632,68.2620279690282,20.217134012666055,17.566251165220446,1055
1,staging,C1,C_workload,75,16.103416916052655,3,0.0,11.594460179557913,10.5199470325283,1056
2,picking,C1,C_workload,75,17.570529788552665,3,0.0,12.650781447757918,10.520167423995217,1056
1,staging,C2,C_workload,75,28.952547496407234,640,65.73801653960793,20.84583419741317,17.455284883714498,1056
2,picking,C2,C_workload,75,28.060238959713228,639,64.27011512924746,20.20337205099352,16.666563524713233,1056
1,staging,C3,C_workload,75,26.497778599342876,258,63.86750986244524,19.078400591526876,16.273478605939697,1056
2,picking,C3,C_workload,75,26.4308153431144,258,67.52079317679859,19.03018704704237,15.881088028727731,1056
1,staging,C4,C_workload,75,27.665005041819946,608,61.26425629267307,19.918803630110357,17.07563603177295,1056
2,picking,C4,C_workload,75,27.428688028899362,610,61.069406246219934,19.748655380807516,16.909323487765903,1056
1,staging,C1,C_workload,105,33.90763415721717,6,19.17805896813831,24.41349659319636,21.064963885766876,1007
2,picking,C1,C_workload,105,22.678457776085796,4,0.0,16.328489598781772,14.030019918936176,1007
1,staging,C2,C_workload,105,26.931862393907746,334,96.33436950733066,19.390940923613588,17.06108497802917,1007
2,picking,C2,C_workload,105,22.149607300980875,339,105.9933349093763,15.947717256706223,13.61046325571738,1007
1,staging,C3,C_workload,105,26.931862393907746,334,96.33436950733066,19.390940923613588,17.06108497802917,1007
2,picking,C3,C_workload,105,22.149607300980875,339,105.9933349093763,15.947717256706223,13.61046325571738,1007
1,staging,C4,C_workload,105,26.58183802743601,334,96.33436950733066,19.138923379753937,16.821668311362505,1007
2,picking,C4,C_workload,105,21.85946565172264,333,101.5946934663413,15.738815269240293,13.430992247836027,1007
1,staging,C1,C_workload,105,28.407005145172686,5,41.58754230056305,20.453043704524337,17.55720678805464,1008
2,picking,C1,C_workload,105,30.104770180852867,5,33.54946203313133,21.675434530214073,17.545641018799905,1008
1,staging,C2,C_workload,105,22.25570334329454,355,90.46213771508732,16.024106407172074,13.698586494388254,1008
2,picking,C2,C_workload,105,21.751420652990255,354,100.31496747122256,15.66102287015298,13.377443674089843,1008
1,staging,C3,C_workload,105,22.25570334329454,355,90.46213771508732,16.024106407172074,13.698586494388254,1008
2,picking,C3,C_workload,105,21.751420652990255,354,100.31496747122256,15.66102287015298,13.377443674089843,1008
1,staging,C4,C_workload,105,27.235593074621328,349,89.31158832543571,19.609627013727362,16.94191362428731,1008
2,picking,C4,C_workload,105,26.45567454668971,349,96.54995674988349,19.04808567361659,16.618544403887547,1008
1,staging,C1,C_workload,105,27.416352376630687,5,15.329508601059327,19.73977371117409,17.541658814979126,1009
2,picking,C1,C_workload,105,28.455814896496307,5,14.697976447996128,20.488186725477345,17.547070369855096,1009
1,staging,C2,C_workload,105,31.708432191014346,234,54.5873329907049,22.83007117753033,19.85439857692819,1009
2,picking,C2,C_workload,105,26.49350570813279,241,81.06859070518223,19.075324109855615,16.57830283012832,1009
1,staging,C3,C_workload,105,31.708432191014346,234,54.5873329907049,22.83007117753033,19.85439857692819,1009
2,picking,C3,C_workload,105,26.49350570813279,241,81.06859070518223,19.075324109855615,16.57830283012832,1009
1,staging,C4,C_workload,105,28.93121254249154,198,65.32609259292957,20.83047303059391,18.088139637983122,1009
2,picking,C4,C_workload,105,29.14581175322144,196,47.0866371195333,20.98498446231944,14.668311769073364,1009
1,staging,C1,C_workload,105,29.160541890089952,5,50.72870856770241,20.995590160864765,17.544111271283775,1010
2,picking,C1,C_workload,105,27.483691444645114,5,0.7966253082306746,19.78825784014449,17.547470747919103,1010
1,staging,C2,C_workload,105,21.583217241188883,181,96.81029498314905,15.539916413655995,12.955615175808571,1010
2,picking,C2,C_workload,105,32.232356992411994,176,33.4316592089488,23.207297034536634,20.568300176727664,1010
1,staging,C3,C_workload,105,27.26196435627508,177,34.4196596111445,19.62861433651805,16.67277633631785,1010
2,picking,C3,C_workload,105,27.160025915286308,177,95.53982495585036,19.555218659006147,16.77430568288505,1010
1,staging,C4,C_workload,105,28.8862402774684,150,72.04890335006046,20.798092999777243,18.515790225721332,1010
2,picking,C4,C_workload,105,23.04748960841219,149,26.28145335577422,16.59419251805678,15.094430682370469,1010
1,staging,C1,C_workload,105,32.98690146160706,6,142.07980318993293,23.750569052357086,21.06255602352254,1011
2,picking,C1,C_workload,105,29.132655150867237,4,114.35836264135033,20.975511708624413,14.032905799621666,1011
1,staging,C2,C_workload,105,30.396748747564935,321,81.14809602075023,21.88565909824674,18.98530731284476,1011
2,picking,C2,C_workload,105,36.71915328614912,317,97.68258599183334,26.43779036602738,23.243737843632903,1011
1,staging,C3,C_workload,105,30.396748747564935,321,81.14809602075023,21.88565909824674,18.98530731284476,1011
2,picking,C3,C_workload,105,36.71915328614912,317,97.68258599183334,26.43779036602738,23.243737843632903,1011
1,staging,C4,C_workload,105,33.00693932264821,298,70.82778405352252,23.764996312306703,20.962709821361976,1011
2,picking,C4,C_workload,105,30.60902174801225,297,79.29319295946713,22.038495658568827,17.9991964462268,1011
1,staging,C1,C_workload,105,32.90172082582789,6,28.006619052769263,23.68923899459608,21.059154732792724,1012
2,picking,C1,C_workload,105,22.432944958418723,4,0.0,16.15172037006148,14.039104804082694,1012
1,staging,C2,C_workload,105,32.47586888903213,293,97.54325425921739,23.382625600103143,18.5287929504186,1012
2,picking,C2,C_workload,105,34.276925355330825,293,97.92168535679396,24.679386255838196,21.97385547534583,1012
1,staging,C3,C_workload,105,32.47586888903213,293,97.54325425921739,23.382625600103143,18.5287929504186,1012
2,picking,C3,C_workload,105,34.276925355330825,293,97.92168535679396,24.679386255838196,21.97385547534583,1012
1,staging,C4,C_workload,105,30.622502857440846,293,97.54325425921739,22.04820205735742,18.064042950418603,1012
2,picking,C4,C_workload,105,35.26205653006061,293,95.67782570767106,25.388680701643644,21.269688808679167,1012
1,staging,C1,C_workload,105,30.296993903618958,5,76.60642237328236,21.81383561060565,17.549496477178725,1013
2,picking,C1,C_workload,105,29.112354638380644,5,8.169487032251405,20.960895339634064,17.551588109429876,1013
1,staging,C2,C_workload,105,28.84794951931109,93,22.092516308248392,20.770523653903982,14.141385952689998,1013
2,picking,C2,C_workload,105,28.58700247809893,94,94.30936616756898,20.582641784231228,18.239226411696364,1013
1,staging,C3,C_workload,105,28.84794951931109,93,22.092516308248392,20.770523653903982,14.141385952689998,1013
2,picking,C3,C_workload,105,28.58700247809893,94,94.30936616756898,20.582641784231228,18.239226411696364,1013
1,staging,C4,C_workload,105,27.797657592773895,74,19.867642073739155,20.01431346679721,16.342201053776986,1013
2,picking,C4,C_workload,105,42.04097299724016,75,19.304757974013473,30.269500558012908,23.460522421720555,1013
1,staging,C1,C_workload,105,35.288769996342246,6,87.02296000693065,25.407914397366415,21.04695624565619,1014
2,picking,C1,C_workload,105,27.7309134133358,4,38.67345715009869,19.966257657601776,14.034351092336838,1014
1,staging,C2,C_workload,105,25.543998554820885,330,89.3941521910956,18.39167895947105,15.85254643003923,1014
2,picking,C2,C_workload,105,28.237429104850438,329,88.41586714499205,20.330948955492314,15.885965799814384,1014
1,staging,C3,C_workload,105,25.543998554820885,330,89.3941521910956,18.39167895947105,15.85254643003923,1014
2,picking,C3,C_workload,105,28.237429104850438,329,88.41586714499205,20.330948955492314,15.885965799814384,1014
1,staging,C4,C_workload,105,26.842541588450054,200,53.255935245767795,19.326629943684033,17.07660392747686,1014
2,picking,C4,C_workload,105,21.923107549566538,202,39.74466282475827,15.784637435687914,13.55145803600767,1014
1,staging,C1,C_workload,105,34.610989455083796,6,22.658753505610186,24.919912407660334,21.04137035662261,1015
2,picking,C1,C_workload,105,25.514168022998906,4,0.0,18.370200976559218,14.04213418925952,1015
1,staging,C2,C_workload,105,26.484859420898673,168,42.481605026363574,19.06909878304705,12.957442087248014,1015
2,picking,C2,C_workload,105,25.970232439297735,158,43.52887510020996,18.698567356294372,16.600430728218573,1015
1,staging,C3,C_workload,105,26.484859420898673,168,42.481605026363574,19.06909878304705,12.957442087248014,1015
2,picking,C3,C_workload,105,25.970232439297735,158,43.52887510020996,18.698567356294372,16.600430728218573,1015
1,staging,C4,C_workload,105,25.852664798851986,168,49.6566020938347,18.613918655173425,16.2528495075622,1015
2,picking,C4,C_workload,105,26.364484705874535,167,38.44691461817206,18.98242898822967,12.927737935207293,1015
1,staging,C1,C_workload,105,27.285353180341932,5,72.89491693134963,19.645454289846192,17.54178682781952,1016
2,picking,C1,C_workload,105,27.70517921870233,5,66.55820791935348,19.947729037465677,17.54738419364266,1016
1,staging,C2,C_workload,105,26.535033824260463,275,136.54529169243634,19.105224353467538,16.69611514413461,1016
2,picking,C2,C_workload,105,31.997886868988175,274,138.71943777348878,23.03847854567148,20.33830587732766,1016
1,staging,C3,C_workload,105,26.535033824260463,275,136.54529169243634,19.105224353467538,16.69611514413461,1016
2,picking,C3,C_workload,105,31.997886868988175,274,138.71943777348878,23.03847854567148,20.33830587732766,1016
1,staging,C4,C_workload,105,30.536229985747234,224,206.8067909800955,21.986085589738007,17.88657623813362,1016
2,picking,C4,C_workload,105,25.612886565692584,234,131.2337343616161,18.441278327298654,14.772594783328614,1016
1,staging,C1,C_workload,105,33.08521320974517,5,34.41907002594489,23.82135351101653,17.539653365164025,1017
2,picking,C1,C_workload,105,36.24407438215423,5,0.0,26.095733555151053,17.54931754720495,1017
1,staging,C2,C_workload,105,24.65494845083293,307,95.47366741897099,17.751562884599704,15.292303741067347,1017
2,picking,C2,C_workload,105,24.951175042123104,301,93.99235090394262,17.96484603032864,15.309153296041723,1017
1,staging,C3,C_workload,105,24.65494845083293,307,95.47366741897099,17.751562884599704,15.292303741067347,1017
2,picking,C3,C_workload,105,24.951175042123104,301,93.99235090394262,17.96484603032864,15.309153296041723,1017
1,staging,C4,C_workload,105,28.80915534085099,296,130.49097035100075,20.742591845412715,17.844596473032645,1017
2,picking,C4,C_workload,105,34.179948322679756,291,112.98196697296092,24.609562792329427,21.201671834081083,1017
1,staging,C1,C_workload,105,28.74512860987532,5,123.1937614848502,20.696492599110233,17.537271825489313,1018
2,picking,C1,C_workload,105,27.481900984307302,5,6.889133125571728,19.78696870870126,17.544749087823693,1018
1,staging,C2,C_workload,105,33.06910574513612,260,162.53237932280038,23.809756136498002,20.79197477104387,1018
2,picking,C2,C_workload,105,26.46745729257638,259,55.45612612885513,19.056569250654988,16.911129475602486,1018
1,staging,C3,C_workload,105,33.06910574513612,260,162.53237932280038,23.809756136498002,20.79197477104387,1018
2,picking,C3,C_workload,105,26.46745729257638,259,55.45612612885513,19.056569250654988,16.911129475602486,1018
1,staging,C4,C_workload,105,34.764647627452746,108,161.38984298873075,25.030546291765983,18.02172432133865,1018
2,picking,C4,C_workload,105,24.43961457743945,106,27.5099773773139,17.596522495756407,14.595629925307698,1018
1,staging,C1,C_workload,105,29.575918667081698,5,18.720086166323988,21.294661440298825,17.547144576825005,1019
2,picking,C1,C_workload,105,29.856830083808777,5,45.587900488183486,21.496917660342323,17.544176444061332,1019
1,staging,C2,C_workload,105,23.04735886679179,367,103.24706374737569,16.594098384090085,14.38926805844131,1019
2,picking,C2,C_workload,105,23.09058869181634,366,96.62425798056341,16.625223858107777,14.186651476911448,1019
1,staging,C3,C_workload,105,23.04735886679179,367,103.24706374737569,16.594098384090085,14.38926805844131,1019
2,picking,C3,C_workload,105,23.09058869181634,366,96.62425798056341,16.625223858107777,14.186651476911448,1019
1,staging,C4,C_workload,105,23.04735886679179,367,103.24706374737569,16.594098384090085,14.38926805844131,1019
2,picking,C4,C_workload,105,28.43333568331857,367,96.62425798056341,20.47200169198938,17.691183468994232,1019
1,staging,C1,C_workload,105,33.13601740504186,5,49.92190594950395,23.857932531630144,17.53685847896237,1020
2,picking,C1,C_workload,105,34.18109891723228,5,161.48426425348663,24.61039122040725,17.543488896662968,1020
1,staging,C2,C_workload,105,26.407645218010256,157,96.05052275181897,19.013504556967384,17.097786930215296,1020
2,picking,C2,C_workload,105,25.94719406617339,157,50.87090643746174,18.681979727644844,13.229511664446123,1020
1,staging,C3,C_workload,105,26.407645218010256,157,96.05052275181897,19.013504556967384,17.097786930215296,1020
2,picking,C3,C_workload,105,25.94719406617339,157,50.87090643746174,18.681979727644844,13.229511664446123,1020
1,staging,C4,C_workload,105,22.65689285493477,183,53.1176883501792,16.31296285555303,14.05008803037084,1020
2,picking,C4,C_workload,105,28.796184321580405,182,97.96974137251966,20.733252711537897,17.420421722509438,1020
1,staging,C1,C_workload,105,27.725413642276447,5,52.07296908643105,19.962297822439044,17.561660454466228,1021
2,picking,C1,C_workload,105,26.880722473038716,5,9.024464044623771,19.354120180587877,17.546183297309682,1021
1,staging,C2,C_workload,105,24.61129153741599,403,92.92939628537057,17.72012990693953,15.231035614536875,1021
2,picking,C2,C_workload,105,24.779845066344173,403,95.70787738675634,17.841488447767805,15.153266735375073,1021
1,staging,C3,C_workload,105,24.61129153741599,403,92.92939628537057,17.72012990693953,15.231035614536875,1021
2,picking,C3,C_workload,105,24.779845066344173,403,95.70787738675634,17.841488447767805,15.153266735375073,1021
1,staging,C4,C_workload,105,24.692370102976156,404,97.29648429925079,17.778506474142837,15.090116595858165,1021
2,picking,C4,C_workload,105,24.64952570362656,403,91.34078937287612,17.747658506611135,15.28242331886742,1021
1,staging,C1,C_workload,105,26.951022389683065,5,0.0,19.40473612057181,17.549224349221102,1022
2,picking,C1,C_workload,105,27.29921688867177,5,42.76472203706398,19.655436159843674,17.550848643215396,1022
1,staging,C2,C_workload,105,21.838652708415214,355,99.27562323423471,15.723829950058956,13.705829476857154,1022
2,picking,C2,C_workload,105,22.56924500492865,354,113.54321028552701,16.249856403548634,13.844067852834458,1022
1,staging,C3,C_workload,105,21.838652708415214,355,99.27562323423471,15.723829950058956,13.705829476857154,1022
2,picking,C3,C_workload,105,22.56924500492865,354,113.54321028552701,16.249856403548634,13.844067852834458,1022
1,staging,C4,C_workload,105,26.430325606536208,342,96.62667278308741,19.029834436706075,16.740272106025667,1022
2,picking,C4,C_workload,105,27.529293295060548,341,109.67424305208036,19.821091172443595,16.856914218418986,1022
1,staging,C1,C_workload,105,32.27443885243423,6,61.38519384518113,23.237595973752647,21.058889970638518,1023
2,picking,C1,C_workload,105,23.705511502735984,4,38.52628236356431,17.06796828196991,14.034872379617582,1023
1,staging,C2,C_workload,105,21.464072136824434,350,104.991924078967,15.45413193851359,13.155981976926359,1023
2,picking,C2,C_workload,105,21.784809042568114,350,100.82482716631259,15.685062510649043,13.47339524216244,1023
1,staging,C3,C_workload,105,21.464072136824434,350,104.991924078967,15.45413193851359,13.155981976926359,1023
2,picking,C3,C_workload,105,21.784809042568114,350,100.82482716631259,15.685062510649043,13.47339524216244,1023
1,staging,C4,C_workload,105,26.523423089945208,344,105.76500268967952,19.096864624760542,16.648284791657527,1023
2,picking,C4,C_workload,105,21.59203023713853,347,99.91429351918846,15.546261770739743,13.244244936026316,1023
1,staging,C1,C_workload,105,28.34160116803151,5,49.132585951659166,20.40595284098269,17.541789689843792,1024
2,picking,C1,C_workload,105,26.76843104852245,5,0.0,19.273270354936162,17.533825376249112,1024
1,staging,C2,C_workload,105,24.319583070741857,397,115.35712661457663,17.51009981093412,14.8785662302964,1024
2,picking,C2,C_workload,105,24.852771291378577,397,129.0843997783627,17.893995329792578,15.200960865943857,1024
1,staging,C3,C_workload,105,24.319583070741857,397,115.35712661457663,17.51009981093412,14.8785662302964,1024
2,picking,C3,C_workload,105,24.852771291378577,397,129.0843997783627,17.893995329792578,15.200960865943857,1024
1,staging,C4,C_workload,105,24.319583070741857,397,115.35712661457663,17.51009981093412,14.8785662302964,1024
2,picking,C4,C_workload,105,24.852771291378577,397,129.0843997783627,17.893995329792578,15.200960865943857,1024
1,staging,C1,C_workload,105,27.06305610551632,5,45.73672856651707,19.48540039597175,17.540185117638256,1025
2,picking,C1,C_workload,105,30.089098696553336,5,3.9853500136477424,21.664151061518403,17.53850702411653,1025
1,staging,C2,C_workload,105,23.316802735439367,395,94.31805107385713,16.788097969516347,14.368106730787526,1025
2,picking,C2,C_workload,105,22.72136701327782,394,84.69245534268278,16.359384249560037,14.006933665953733,1025
1,staging,C3,C_workload,105,23.316802735439367,395,94.31805107385713,16.788097969516347,14.368106730787526,1025
2,picking,C3,C_workload,105,22.72136701327782,394,84.69245534268278,16.359384249560037,14.006933665953733,1025
1,staging,C4,C_workload,105,23.316802735439367,395,94.31805107385713,16.788097969516347,14.368106730787526,1025
2,picking,C4,C_workload,105,22.72136701327782,394,84.69245534268278,16.359384249560037,14.006933665953733,1025
1,staging,C1,C_workload,105,27.072461998281796,5,43.22996680223884,19.492172638762895,17.54641265205006,1026
2,picking,C1,C_workload,105,27.481050665339062,5,0.8549423642175195,19.78635647904413,17.546116635093497,1026
1,staging,C2,C_workload,105,33.13704246118156,97,20.54767531804758,23.858670572050727,21.513231953561448,1026
2,picking,C2,C_workload,105,33.223854905544506,96,18.067608267946426,23.921175531992045,21.520797333582177,1026
1,staging,C3,C_workload,105,33.13704246118156,97,20.54767531804758,23.858670572050727,21.513231953561448,1026
2,picking,C3,C_workload,105,33.223854905544506,96,18.067608267946426,23.921175531992045,21.520797333582177,1026
1,staging,C4,C_workload,105,38.99324280618794,97,47.105152278477696,28.075134820455325,23.821093751476162,1026
2,picking,C4,C_workload,105,32.0846989513013,95,16.867081889963288,23.100983244936934,16.840518869000793,1026
1,staging,C1,C_workload,105,33.512249012022075,6,1.4734102065548844,24.1288192886559,21.045692347831398,1027
2,picking,C1,C_workload,105,24.207168833038736,4,0.0,17.429161559787893,14.033433963058197,1027
1,staging,C2,C_workload,105,31.435272665633292,313,81.33930911437075,22.633396319255965,19.1349112481213,1027
2,picking,C2,C_workload,105,30.294369566725486,315,77.12841048462433,21.811946088042347,18.988678624993817,1027
1,staging,C3,C_workload,105,31.367853230259264,311,80.24650385328977,22.58485432578667,19.090085300544033,1027
2,picking,C3,C_workload,105,30.213780700626856,315,77.12841048462433,21.753922104451334,18.981752388245173,1027
1,staging,C4,C_workload,105,28.561421610095355,281,77.64851179452594,20.564223559268648,17.67826897964806,1027
2,picking,C4,C_workload,105,32.693738335028776,266,64.95461882023568,23.539491601220718,20.33746844235277,1027
1,staging,C1,C_workload,105,28.242521040121748,5,30.669582165850322,20.334615148887657,17.537871918468355,1028
2,picking,C1,C_workload,105,26.789328392867244,5,0.0,19.288316442864417,17.544163161151072,1028
1,staging,C2,C_workload,105,25.885580476275088,449,93.14208689220351,18.637617942918077,16.146015815487427,1028
2,picking,C2,C_workload,105,24.867628296088906,449,101.24524893968186,17.90469237318403,15.443617399286053,1028
1,staging,C3,C_workload,105,25.885580476275088,449,93.14208689220351,18.637617942918077,16.146015815487427,1028
2,picking,C3,C_workload,105,24.867628296088906,449,101.24524893968186,17.90469237318403,15.443617399286053,1028
1,staging,C4,C_workload,105,25.885580476275088,449,93.14208689220351,18.637617942918077,16.146015815487427,1028
2,picking,C4,C_workload,105,24.867628296088906,449,101.24524893968186,17.90469237318403,15.443617399286053,1028
1,staging,C1,C_workload,105,26.71185131034734,5,0.0,19.232532943450085,17.536264505584754,1029
2,picking,C1,C_workload,105,29.59052200516652,5,0.0,21.305175843719894,17.555349759495705,1029
1,staging,C2,C_workload,105,29.415320279578044,198,59.885485227249696,21.179030601296194,18.73942746973017,1029
2,picking,C2,C_workload,105,23.747624581858933,197,51.60945322397301,17.098289698938427,14.943520128683655,1029
1,staging,C3,C_workload,105,29.415320279578044,198,59.885485227249696,21.179030601296194,18.73942746973017,1029
2,picking,C3,C_workload,105,23.747624581858933,197,51.60945322397301,17.098289698938427,14.943520128683655,1029
1,staging,C4,C_workload,105,28.745089177236494,198,59.885485227249696,20.69646420761028,18.035260803063508,1029
2,picking,C4,C_workload,105,23.008684252640823,197,51.60945322397301,16.56625266190139,14.464686795350321,1029
1,staging,C1,C_workload,105,27.14838644269279,5,0.0,19.54683823873881,17.55256875468443,1030
2,picking,C1,C_workload,105,26.509611991794717,5,0.0,19.086920634092202,17.547585295829183,1030
1,staging,C2,C_workload,105,24.93060830838423,384,138.92161908260078,17.950037982036648,15.549402039811525,1030
2,picking,C2,C_workload,105,24.043870494911886,383,103.40108714309935,17.31158675633655,14.84459967738308,1030
1,staging,C3,C_workload,105,24.93060830838423,384,138.92161908260078,17.950037982036648,15.549402039811525,1030
2,picking,C3,C_workload,105,24.043870494911886,383,103.40108714309935,17.31158675633655,14.84459967738308,1030
1,staging,C4,C_workload,105,24.93719091492541,384,138.92161908260078,17.954777458746296,15.553719847720366,1030
2,picking,C4,C_workload,105,24.043870494911886,383,103.40108714309935,17.31158675633655,14.84459967738308,1030
1,staging,C1,C_workload,105,33.218422759952425,6,16.92884991016084,23.91726438716575,21.045299912524413,1031
2,picking,C1,C_workload,105,22.079951422833975,4,71.82308867072304,15.89756502444046,14.045889843523497,1031
1,staging,C2,C_workload,105,24.62836549975599,404,113.43416574853705,17.732423159824314,15.356762495476628,1031
2,picking,C2,C_workload,105,25.72326322889567,404,124.00027240670354,18.520749524804888,15.83993180598197,1031
1,staging,C3,C_workload,105,24.62836549975599,404,113.43416574853705,17.732423159824314,15.356762495476628,1031
2,picking,C3,C_workload,105,25.72326322889567,404,124.00027240670354,18.520749524804888,15.83993180598197,1031
1,staging,C4,C_workload,105,24.62836549975599,404,113.43416574853705,17.732423159824314,15.356762495476628,1031
2,picking,C4,C_workload,105,25.72326322889567,404,124.00027240670354,18.520749524804888,15.83993180598197,1031
1,staging,C1,C_workload,105,27.756818389660175,5,0.4054778814461315,19.984909240555332,17.543308443789858,1032
2,picking,C1,C_workload,105,26.712813897405553,5,7.521743217530821,19.233226006131993,17.53706646182937,1032
1,staging,C2,C_workload,105,29.009798153965487,201,142.9013748958627,20.88705467085515,14.333682489790709,1032
2,picking,C2,C_workload,105,28.767844674072162,201,139.06716839076415,20.712848165331955,17.992442415828542,1032
1,staging,C3,C_workload,105,29.009798153965487,201,142.9013748958627,20.88705467085515,14.333682489790709,1032
2,picking,C3,C_workload,105,28.767844674072162,201,139.06716839076415,20.712848165331955,17.992442415828542,1032
1,staging,C4,C_workload,105,28.32890769927081,191,66.51588168262508,20.396813543474984,17.15721216077366,1032
2,picking,C4,C_workload,105,22.04329524386627,190,117.01719137241408,15.871172575583717,13.481773855956696,1032
1,staging,C1,C_workload,105,33.19563265534601,5,155.38284271112752,23.900855511849134,17.539198206294397,1033
2,picking,C1,C_workload,105,33.84084741201524,5,27.106487099525232,24.36541013665098,17.550098236314717,1033
1,staging,C2,C_workload,105,23.326269205707934,374,105.75630819483891,16.794913828109706,14.35473589504108,1033
2,picking,C2,C_workload,105,23.905718323970802,373,111.16031978969244,17.212117193258983,14.66571589229015,1033
1,staging,C3,C_workload,105,23.326269205707934,374,105.75630819483891,16.794913828109706,14.35473589504108,1033
2,picking,C3,C_workload,105,23.905718323970802,373,111.16031978969244,17.212117193258983,14.66571589229015,1033
1,staging,C4,C_workload,105,23.326269205707934,374,105.75630819483891,16.794913828109706,14.35473589504108,1033
2,picking,C4,C_workload,105,23.905718323970802,373,111.16031978969244,17.212117193258983,14.66571589229015,1033
1,staging,C1,C_workload,105,32.01847609631804,5,0.0,23.053302789348987,17.540160488342906,1034
2,picking,C1,C_workload,105,27.127346759081476,5,45.12902083524532,19.531689666538668,17.53899908508183,1034
1,staging,C2,C_workload,105,27.371326191168873,353,100.366784232869,19.707354857641594,17.019558946157755,1034
2,picking,C2,C_workload,105,27.585779047724046,354,106.58297057680366,19.86176091436131,17.277697329529335,1034
1,staging,C3,C_workload,105,27.371326191168873,353,100.366784232869,19.707354857641594,17.019558946157755,1034
2,picking,C3,C_workload,105,27.585779047724046,354,106.58297057680366,19.86176091436131,17.277697329529335,1034
1,staging,C4,C_workload,105,25.782642153006663,327,91.90692478577849,18.5635023501648,16.03233333226063,1034
2,picking,C4,C_workload,105,26.250958022520443,329,99.34843112210143,18.900689776214712,16.238378211717,1034
1,staging,C1,C_workload,105,31.483528003575312,6,43.05130835846837,22.668140162574222,21.03986310134461,1035
2,picking,C1,C_workload,105,28.343963761065282,4,35.998700902530736,20.407653907967006,14.02792699300538,1035
1,staging,C2,C_workload,105,28.72091561324237,295,78.72335292153339,20.67905924153451,18.211849735691942,1035
2,picking,C2,C_workload,105,37.755091514055714,295,85.46954895574933,27.183665890120114,22.344829247547047,1035
1,staging,C3,C_workload,105,28.72091561324237,295,78.72335292153339,20.67905924153451,18.211849735691942,1035
2,picking,C3,C_workload,105,37.755091514055714,295,85.46954895574933,27.183665890120114,22.344829247547047,1035
1,staging,C4,C_workload,105,28.675464013679353,295,78.72335292153339,20.646334089849137,17.76118306902528,1035
2,picking,C4,C_workload,105,35.901197498840254,295,85.46954895574933,25.84886219916498,21.626579247547046,1035
1,staging,C1,C_workload,105,33.506728370366346,6,43.478261215508546,24.124844426663774,21.045204404223796,1036
2,picking,C1,C_workload,105,22.999005460753203,4,3.6547201982461655,16.559283931742307,14.035289630164556,1036
1,staging,C2,C_workload,105,29.123979303486003,318,112.09701975507984,20.969265098509922,18.30384315789771,1036
2,picking,C2,C_workload,105,35.32914948565568,315,79.11294875302544,25.4369876296721,22.412234209824096,1036
1,staging,C3,C_workload,105,29.123979303486003,318,112.09701975507984,20.969265098509922,18.30384315789771,1036
2,picking,C3,C_workload,105,35.32914948565568,315,79.11294875302544,25.4369876296721,22.412234209824096,1036
1,staging,C4,C_workload,105,28.35315590328008,304,124.83863312529756,20.414272250361655,17.35926383894723,1036
2,picking,C4,C_workload,105,33.395605124528025,304,70.46457165879316,24.04483568966019,21.306896862107905,1036
1,staging,C1,C_workload,105,31.565699518675938,6,113.83935433509468,22.72730365344668,21.05080767012537,1037
2,picking,C1,C_workload,105,21.931927086978884,4,15.086376594734428,15.790987502624802,14.03538019569575,1037
1,staging,C2,C_workload,105,27.980541812236204,245,79.95899326970553,20.145990104810075,16.665099348464572,1037
2,picking,C2,C_workload,105,34.2023282334336,245,113.05516081859089,24.62567632807219,20.6950885173566,1037
1,staging,C3,C_workload,105,27.980541812236204,245,79.95899326970553,20.145990104810075,16.665099348464572,1037
2,picking,C3,C_workload,105,34.2023282334336,245,113.05516081859089,24.62567632807219,20.6950885173566,1037
1,staging,C4,C_workload,105,28.645615863679673,201,60.62915913096793,20.624843421849363,14.343956094165328,1037
2,picking,C4,C_workload,105,29.396466127161297,189,67.90239688676357,21.165455611556133,17.829148438322495,1037
1,staging,C1,C_workload,105,33.47220877971354,6,46.50837177808123,24.099990321393747,21.060094187685,1038
2,picking,C1,C_workload,105,25.878496684144075,4,78.95383085189569,18.632517612583737,14.039578447602201,1038
1,staging,C2,C_workload,105,31.849718801847654,337,100.31006085793709,22.931797537330322,18.7376876531038,1038
2,picking,C2,C_workload,105,36.62212303843514,337,145.73251627461008,26.367928587673312,22.930262759961305,1038
1,staging,C3,C_workload,105,31.849718801847654,337,100.31006085793709,22.931797537330322,18.7376876531038,1038
2,picking,C3,C_workload,105,36.62212303843514,337,145.73251627461008,26.367928587673312,22.930262759961305,1038
1,staging,C4,C_workload,105,28.669592673543104,306,80.57173092825278,20.642106724951038,17.049486071449213,1038
2,picking,C4,C_workload,105,32.51295345527963,294,126.03950715102243,23.409326487801344,20.5526865638381,1038
1,staging,C1,C_workload,105,28.189353602966587,5,70.46639344281854,20.296334594135946,17.542143518908375,1039
2,picking,C1,C_workload,105,29.098852843516404,5,35.435633514116674,20.95117404733182,17.542841872881667,1039
1,staging,C2,C_workload,105,22.04114194953087,364,101.57986327790177,15.869622203662214,13.580720650460346,1039
2,picking,C2,C_workload,105,21.938146281225983,363,98.76701904620204,15.795465322482702,13.649978297227928,1039
1,staging,C3,C_workload,105,22.04114194953087,364,101.57986327790177,15.869622203662214,13.580720650460346,1039
2,picking,C3,C_workload,105,21.938146281225983,363,98.76701904620204,15.795465322482702,13.649978297227928,1039
1,staging,C4,C_workload,105,23.61670556004795,225,60.899420216647044,17.004028003234524,15.019412919238063,1039
2,picking,C4,C_workload,105,30.551246373612518,223,125.33064790919185,21.996897389001006,18.622655805885362,1039
1,staging,C1,C_workload,105,31.211691537495902,5,69.76837378079999,22.472417906997045,17.54067533483795,1040
2,picking,C1,C_workload,105,29.104086663727163,5,64.69358373800945,20.954942397883556,17.545586672538388,1040
1,staging,C2,C_workload,105,31.48748213733149,235,139.9286133489704,22.67098713887867,19.06609380434433,1040
2,picking,C2,C_workload,105,24.517986963104846,234,58.691663226143255,17.652950613435493,15.669501536365381,1040
1,staging,C3,C_workload,105,31.48748213733149,235,139.9286133489704,22.67098713887867,19.06609380434433,1040
2,picking,C3,C_workload,105,24.517986963104846,234,58.691663226143255,17.652950613435493,15.669501536365381,1040
1,staging,C4,C_workload,105,30.435685866396085,222,156.39738938367364,21.913693823805172,18.034828579878486,1040
2,picking,C4,C_workload,105,23.561284571636033,221,61.9468713965092,16.96412489157795,14.89793342749789,1040
1,staging,C1,C_workload,105,27.991336644907776,5,40.57009034756696,20.1537623843336,17.55250476165955,1041
2,picking,C1,C_workload,105,32.790005458041435,5,0.00036075655564976237,23.60880392978984,17.53980579361667,1041
1,staging,C2,C_workload,105,28.1202296355544,198,81.5696700967592,20.246565337599172,17.838976092140896,1041
2,picking,C2,C_workload,105,23.01956068191594,200,46.34040924445301,16.57408369097947,14.222945574246456,1041
1,staging,C3,C_workload,105,28.1202296355544,198,81.5696700967592,20.246565337599172,17.838976092140896,1041
2,picking,C3,C_workload,105,23.01956068191594,200,46.34040924445301,16.57408369097947,14.222945574246456,1041
1,staging,C4,C_workload,105,21.85402895660453,204,46.60866498648279,15.734900848755261,13.755239922169247,1041
2,picking,C4,C_workload,105,28.114702728946995,203,83.41337728634171,20.242585964841837,17.31767852261753,1041
1,staging,C1,C_workload,105,33.58712073261714,5,50.18021050742882,24.182726927484342,17.560749257448645,1042
2,picking,C1,C_workload,105,27.06187817815274,5,24.463611042487415,19.48455228826997,17.53890956152674,1042
1,staging,C2,C_workload,105,23.94040601094219,362,109.53032426683411,17.23709232787838,14.579047481653348,1042
2,picking,C2,C_workload,105,24.181186670687293,361,134.2605051099875,17.41045440289486,15.066591288704695,1042
1,staging,C3,C_workload,105,23.94040601094219,362,109.53032426683411,17.23709232787838,14.579047481653348,1042
2,picking,C3,C_workload,105,24.181186670687293,361,134.2605051099875,17.41045440289486,15.066591288704695,1042
1,staging,C4,C_workload,105,23.94040601094219,362,109.53032426683411,17.23709232787838,14.579047481653348,1042
2,picking,C4,C_workload,105,24.181186670687293,361,134.2605051099875,17.41045440289486,15.066591288704695,1042
1,staging,C1,C_workload,105,26.852664095177854,5,61.30954450160952,19.333918148528053,17.54612372113993,1043
2,picking,C1,C_workload,105,27.62036440165638,5,15.043804440719395,19.8866623691926,17.536787099508373,1043
1,staging,C2,C_workload,105,35.98198195813798,302,181.05761991468177,25.907027009859345,22.074785142690345,1043
2,picking,C2,C_workload,105,35.53610906674775,301,71.98410412387824,25.58599852805839,18.171125677958052,1043
1,staging,C3,C_workload,105,35.98198195813798,302,181.05761991468177,25.907027009859345,22.074785142690345,1043
2,picking,C3,C_workload,105,35.53610906674775,301,71.98410412387824,25.58599852805839,18.171125677958052,1043
1,staging,C4,C_workload,105,25.22069100505272,247,55.0562740286866,18.158897523637958,15.700337764563777,1043
2,picking,C4,C_workload,105,30.24622520517019,247,103.99800850807506,21.777282147722545,19.00765638941794,1043
1,staging,C1,C_workload,105,31.141373334191634,5,45.70443289707206,22.42178880061798,17.533764274427917,1044
2,picking,C1,C_workload,105,26.706366192836196,5,0.0,19.228583658842062,17.53281965746276,1044
1,staging,C2,C_workload,105,24.862805100526074,228,54.09581139262761,17.90121967237877,15.401732007658174,1044
2,picking,C2,C_workload,105,30.287873201202657,228,58.15655892283284,21.807268704865912,18.946963035343643,1044
1,staging,C3,C_workload,105,24.862805100526074,228,54.09581139262761,17.90121967237877,15.401732007658174,1044
2,picking,C3,C_workload,105,30.287873201202657,228,58.15655892283284,21.807268704865912,18.946963035343643,1044
1,staging,C4,C_workload,105,26.075521688042958,201,36.42458659844172,18.774375615390923,16.57627974572497,1044
2,picking,C4,C_workload,105,22.7535103423407,217,54.662035667579644,16.382527446485298,13.667329783653598,1044
1,staging,C1,C_workload,105,27.00557094489296,5,46.57777180476666,19.444011080322934,17.542094666028113,1045
2,picking,C1,C_workload,105,28.129517609088083,5,43.75274129962357,20.25325267854342,17.54581683454346,1045
1,staging,C2,C_workload,105,27.793820906808886,167,64.92505734629214,20.011551052902398,17.417782621057384,1045
2,picking,C2,C_workload,105,21.06051097697515,166,46.77350854460546,15.163567903422098,13.333934435069754,1045
1,staging,C3,C_workload,105,27.793820906808886,167,64.92505734629214,20.011551052902398,17.417782621057384,1045
2,picking,C3,C_workload,105,21.06051097697515,166,46.77350854460546,15.163567903422098,13.333934435069754,1045
1,staging,C4,C_workload,105,25.56079390159813,157,44.30694901824179,18.40377160915066,16.42536258004993,1045
2,picking,C4,C_workload,105,19.935126728399524,158,44.37027143365176,14.353291244447654,12.60891003163276,1045
1,staging,C1,C_workload,105,28.047113456216838,5,0.0,20.193921688476124,17.546566046797548,1046
2,picking,C1,C_workload,105,28.19367549901688,5,0.0,20.299446359292155,17.544445420168497,1046
1,staging,C2,C_workload,105,23.92321898689867,210,65.31682169221232,17.224717670567053,15.219268663784257,1046
2,picking,C2,C_workload,105,29.101479690614912,198,55.514741090903684,20.953065377242734,18.57357179106018,1046
1,staging,C3,C_workload,105,23.92321898689867,210,65.31682169221232,17.224717670567053,15.219268663784257,1046
2,picking,C3,C_workload,105,29.101479690614912,198,55.514741090903684,20.953065377242734,18.57357179106018,1046
1,staging,C4,C_workload,105,23.84251056602182,212,64.75452619550661,17.166607607535706,15.070556443897074,1046
2,picking,C4,C_workload,105,29.088351275153716,212,55.928287030877044,20.943612918110695,18.34458209566461,1046
1,staging,C1,C_workload,105,27.411176422708305,5,64.6859838391009,19.73604702434998,17.538399009870925,1047
2,picking,C1,C_workload,105,28.19127208274154,5,37.18051892979056,20.297715899573916,17.543074465715424,1047
1,staging,C2,C_workload,105,27.02782037125282,181,124.05415374499295,19.460030667302036,17.413329751274635,1047
2,picking,C2,C_workload,105,21.644584419449487,180,76.18668817014527,15.584100782003631,13.677782613200606,1047
1,staging,C3,C_workload,105,27.02782037125282,181,124.05415374499295,19.460030667302036,17.413329751274635,1047
2,picking,C3,C_workload,105,21.644584419449487,180,76.18668817014527,15.584100782003631,13.677782613200606,1047
1,staging,C4,C_workload,105,19.930994189499255,167,66.9895542915735,14.350315816439467,12.770603291913604,1047
2,picking,C4,C_workload,105,25.757498363231825,167,109.07157875238155,18.545398821526916,16.35509240589497,1047
1,staging,C1,C_workload,105,34.40155717301302,6,19.480571789436,24.76912116456937,21.049913931434446,1048
2,picking,C1,C_workload,105,34.166959055603286,4,0.0,24.60021052003437,14.03862596872189,1048
1,staging,C2,C_workload,105,24.570915755577154,413,106.1081616613841,17.69105934401556,15.28644666618956,1048
2,picking,C2,C_workload,105,25.643275367616887,413,114.06932051854382,18.463158264684168,15.97527454047578,1048
1,staging,C3,C_workload,105,24.570915755577154,413,106.1081616613841,17.69105934401556,15.28644666618956,1048
2,picking,C3,C_workload,105,25.643275367616887,413,114.06932051854382,18.463158264684168,15.97527454047578,1048
1,staging,C4,C_workload,105,24.570915755577154,413,106.1081616613841,17.69105934401556,15.28644666618956,1048
2,picking,C4,C_workload,105,25.643275367616887,413,114.06932051854382,18.463158264684168,15.97527454047578,1048
1,staging,C1,C_workload,105,33.296117725698174,5,52.804958934669045,23.973204762502693,17.555910459649063,1049
2,picking,C1,C_workload,105,27.474005145432915,5,129.18371559596156,19.7812837047117,17.540215942068315,1049
1,staging,C2,C_workload,105,34.55456074118967,298,176.1589925277067,24.879283733656557,22.010479465548595,1049
2,picking,C2,C_workload,105,29.31400799274532,291,80.66384908385865,21.10608575477663,17.96431360283553,1049
1,staging,C3,C_workload,105,34.55456074118967,298,176.1589925277067,24.879283733656557,22.010479465548595,1049
2,picking,C3,C_workload,105,29.31400799274532,291,80.66384908385865,21.10608575477663,17.96431360283553,1049
1,staging,C4,C_workload,105,33.95574056121784,292,164.90704813085765,24.44813320407684,21.18435488088248,1049
2,picking,C4,C_workload,105,27.565320948530204,291,89.23165605322923,19.847031082941747,17.491743743057206,1049
1,staging,C1,C_workload,105,34.46193324079042,5,20.618381124663088,24.812591933369106,17.54640997147799,1050
2,picking,C1,C_workload,105,33.133581405764076,5,52.487111792453106,23.85617861215014,17.538310721843896,1050
1,staging,C2,C_workload,105,22.626726852331274,366,94.60211577406731,16.291243333678516,14.051221020646588,1050
2,picking,C2,C_workload,105,22.673470068906756,365,109.39044793020861,16.324898449612864,13.906655114352372,1050
1,staging,C3,C_workload,105,22.626726852331274,366,94.60211577406731,16.291243333678516,14.051221020646588,1050
2,picking,C3,C_workload,105,22.673470068906756,365,109.39044793020861,16.324898449612864,13.906655114352372,1050
1,staging,C4,C_workload,105,26.888418083221804,350,89.4381426921439,19.3596610199197,16.81669863806795,1050
2,picking,C4,C_workload,105,32.719520045690075,350,102.66022703039401,23.558054432896853,20.21610142409669,1050
1,staging,C1,C_workload,105,28.28281702430786,5,77.33533078630687,20.36362825750166,17.545135573550258,1051
2,picking,C1,C_workload,105,27.471852341177712,5,5.95958026835821,19.779733685647955,17.53849277120864,1051
1,staging,C2,C_workload,105,22.062653818799376,181,40.024318913345134,15.88511074953555,13.788374497842302,1051
2,picking,C2,C_workload,105,27.832963113062004,181,108.68380767074271,20.039733441404643,17.31594829136104,1051
1,staging,C3,C_workload,105,22.062653818799376,181,40.024318913345134,15.88511074953555,13.788374497842302,1051
2,picking,C3,C_workload,105,27.832963113062004,181,108.68380767074271,20.039733441404643,17.31594829136104,1051
1,staging,C4,C_workload,105,26.75838376821555,176,89.35827724159837,19.266036313115183,16.702801885533034,1051
2,picking,C4,C_workload,105,21.432968024103126,176,38.80456035649444,15.431736977354252,13.163951920900624,1051
1,staging,C1,C_workload,105,28.926671353696648,5,20.856617683026222,20.82720337466159,17.534832385623705,1052
2,picking,C1,C_workload,105,27.061631852415392,5,3.0860001842983666,19.484374933739083,17.539310790713966,1052
1,staging,C2,C_workload,105,31.95431663905266,236,71.06089293506753,23.007107980117908,16.06116259132171,1052
2,picking,C2,C_workload,105,30.495384680632533,234,64.70604587857376,21.956676970055426,19.531925029460474,1052
1,staging,C3,C_workload,105,31.95431663905266,236,71.06089293506753,23.007107980117908,16.06116259132171,1052
2,picking,C3,C_workload,105,30.495384680632533,234,64.70604587857376,21.956676970055426,19.531925029460474,1052
1,staging,C4,C_workload,105,25.88034589480402,233,73.67998342223329,18.63384904425889,15.421945718180531,1052
2,picking,C4,C_workload,105,29.126958705653205,228,61.88733962009765,20.97141026807031,18.628753013712757,1052
1,staging,C1,C_workload,105,27.00423459495499,5,72.707934710728,19.44304890836759,17.544547753300495,1053
2,picking,C1,C_workload,105,27.76142074743629,5,4.110087016381295,19.98822293815413,17.547008453494445,1053
1,staging,C2,C_workload,105,26.96828604392913,193,86.60775500458152,19.41716595162897,17.39836848773457,1053
2,picking,C2,C_workload,105,22.022176743613144,192,44.78423635767351,15.85596725540147,13.892493274615937,1053
1,staging,C3,C_workload,105,26.96828604392913,193,86.60775500458152,19.41716595162897,17.39836848773457,1053
2,picking,C3,C_workload,105,22.022176743613144,192,44.78423635767351,15.85596725540147,13.892493274615937,1053
1,staging,C4,C_workload,105,24.56353024777233,172,97.35522233101065,17.68574177839608,15.79591197989398,1053
2,picking,C4,C_workload,105,30.2917247613387,161,36.108713268934345,21.810041828163868,15.817283115789872,1053
1,staging,C1,C_workload,105,27.14006122430279,5,0.0,19.54084408149801,17.54716398621232,1054
2,picking,C1,C_workload,105,28.75030685473401,5,0.0,20.700220935408492,17.539048327974125,1054
1,staging,C2,C_workload,105,24.299634660256014,136,28.628177513460596,17.49573695538433,15.105692430584758,1054
2,picking,C2,C_workload,105,24.354766422160758,145,47.882803726583234,17.53543182395574,15.510620537677283,1054
1,staging,C3,C_workload,105,24.299634660256014,136,28.628177513460596,17.49573695538433,15.105692430584758,1054
2,picking,C3,C_workload,105,24.354766422160758,145,47.882803726583234,17.53543182395574,15.510620537677283,1054
1,staging,C4,C_workload,105,23.34294780640171,147,61.79742851331091,16.806922420609226,14.894019655110624,1054
2,picking,C4,C_workload,105,29.002792012740663,157,26.31659921411439,20.882010249173284,18.570044588511166,1054
1,staging,C1,C_workload,105,28.48017746528082,5,0.0,20.505727775002196,17.548774450612427,1055
2,picking,C1,C_workload,105,30.105800724374504,5,13.107071409209311,21.676176521549642,17.548544638947853,1055
1,staging,C2,C_workload,105,29.847493132388713,220,66.89163769035862,21.490195055319877,19.012574610266586,1055
2,picking,C2,C_workload,105,24.795257844799153,229,57.78567439153574,17.852585648255392,15.383966701515966,1055
1,staging,C3,C_workload,105,29.847493132388713,220,66.89163769035862,21.490195055319877,19.012574610266586,1055
2,picking,C3,C_workload,105,24.795257844799153,229,57.78567439153574,17.852585648255392,15.383966701515966,1055
1,staging,C4,C_workload,105,31.802009476982047,219,112.93583517165823,22.89744682342708,14.784158928171227,1055
2,picking,C4,C_workload,105,37.515888566703936,220,173.82697456893055,27.01143976802684,18.23685460583355,1055
1,staging,C1,C_workload,105,33.815371616026134,5,30.148185754536218,24.347067563538822,17.53417130839582,1056
2,picking,C1,C_workload,105,39.89955368203513,5,48.78106710812208,28.727678651065297,17.541498703683356,1056
1,staging,C2,C_workload,105,25.774627443670045,260,76.4952649569669,18.557731759442433,15.977024476214238,1056
2,picking,C2,C_workload,105,33.05257037319914,242,59.40767644214275,23.79785066870339,19.837201091420557,1056
1,staging,C3,C_workload,105,25.774627443670045,260,76.4952649569669,18.557731759442433,15.977024476214238,1056
2,picking,C3,C_workload,105,33.05257037319914,242,59.40767644214275,23.79785066870339,19.837201091420557,1056
1,staging,C4,C_workload,105,23.22555222281698,227,48.406015188614795,16.722397600428227,14.410397705955818,1056
2,picking,C4,C_workload,105,30.045979939516336,216,79.74057433717574,21.63310555645176,18.222800083901184,1056
1,staging,C1,D_power,1,66.91450687702304,4,390.60737041187735,16.05948165048553,14.047186107989045,1007
2,picking,C1,D_power,1,51.81058938689037,3,141.77057408910198,12.43454145285369,10.521131030047263,1007
1,staging,C2,D_power,1,59.761981153621754,648,406.8931726869344,14.342875476869223,12.286832523674502,1007
2,picking,C2,D_power,1,59.1588491048648,647,376.8009975657029,14.198123785167539,12.160727634901113,1007
1,staging,C3,D_power,1,59.761981153621754,648,406.8931726869344,14.342875476869223,12.286832523674502,1007
2,picking,C3,D_power,1,59.1588491048648,647,376.8009975657029,14.198123785167539,12.160727634901113,1007
1,staging,C4,D_power,1,59.761981153621754,648,406.8931726869344,14.342875476869223,12.286832523674502,1007
2,picking,C4,D_power,1,59.1588491048648,647,376.8009975657029,14.198123785167539,12.160727634901113,1007
1,staging,C1,D_power,1,72.41195258778755,4,281.24144342816,17.378868621069014,14.048317899165726,1008
2,picking,C1,D_power,1,48.54341920039166,3,26.07170075350065,11.650420608093997,10.527863241022073,1008
1,staging,C2,D_power,1,58.24916712631253,640,399.341947584986,13.979800110315004,11.970851645592916,1008
2,picking,C2,D_power,1,58.957876644541194,640,388.8357477542473,14.149890394689878,12.17081166289102,1008
1,staging,C3,D_power,1,58.24916712631253,640,399.341947584986,13.979800110315004,11.970851645592916,1008
2,picking,C3,D_power,1,58.957876644541194,640,388.8357477542473,14.149890394689878,12.17081166289102,1008
1,staging,C4,D_power,1,58.24916712631253,640,399.341947584986,13.979800110315004,11.970851645592916,1008
2,picking,C4,D_power,1,58.957876644541194,640,388.8357477542473,14.149890394689878,12.17081166289102,1008
1,staging,C1,D_power,1,73.38914756032982,4,421.6787071130167,17.613395414479154,14.032769926090209,1009
2,picking,C1,D_power,1,55.02307545426813,3,187.3100446921527,13.205538109024353,10.529292592077264,1009
1,staging,C2,D_power,1,58.42548279446381,639,387.9473801501651,14.022115870671309,12.007604408434327,1009
2,picking,C2,D_power,1,58.04248565124131,638,398.7907062692705,13.9301965562979,11.957287659817288,1009
1,staging,C3,D_power,1,58.42548279446381,639,387.9473801501651,14.022115870671309,12.007604408434327,1009
2,picking,C3,D_power,1,58.04248565124131,638,398.7907062692705,13.9301965562979,11.957287659817288,1009
1,staging,C4,D_power,1,58.42548279446381,639,387.9473801501651,14.022115870671309,12.007604408434327,1009
2,picking,C4,D_power,1,58.04248565124131,638,398.7907062692705,13.9301965562979,11.957287659817288,1009
1,staging,C1,D_power,1,63.716548294620424,4,213.09835651343093,15.291971590708904,14.03232272272454,1010
2,picking,C1,D_power,1,69.04626679300836,3,371.4026067818137,16.571104030322008,10.532592629811592,1010
1,staging,C2,D_power,1,55.65188098468814,648,354.8189169270545,13.356451436325147,11.49440941396634,1010
2,picking,C2,D_power,1,55.495247745779,647,359.5950428019416,13.318859458986939,11.453953561803639,1010
1,staging,C3,D_power,1,55.65188098468814,648,354.8189169270545,13.356451436325147,11.49440941396634,1010
2,picking,C3,D_power,1,55.495247745779,647,359.5950428019416,13.318859458986939,11.453953561803639,1010
1,staging,C4,D_power,1,55.65188098468814,648,354.8189169270545,13.356451436325147,11.49440941396634,1010
2,picking,C4,D_power,1,55.495247745779,647,359.5950428019416,13.318859458986939,11.453953561803639,1010
1,staging,C1,D_power,1,68.83931533735071,4,539.2602948193484,16.52143568096417,14.044778245744707,1011
2,picking,C1,D_power,1,53.97167443436642,3,249.00068930742066,12.953201864247944,10.52401691073275,1011
1,staging,C2,D_power,1,59.61402146511301,661,399.1095055602959,14.307365151627103,12.296396946512727,1011
2,picking,C2,D_power,1,61.437918025576245,661,413.5004319850176,14.745100326138303,12.717274666547592,1011
1,staging,C3,D_power,1,59.61402146511301,661,399.1095055602959,14.307365151627103,12.296396946512727,1011
2,picking,C3,D_power,1,61.437918025576245,661,413.5004319850176,14.745100326138303,12.717274666547592,1011
1,staging,C4,D_power,1,59.61402146511301,661,399.1095055602959,14.307365151627103,12.296396946512727,1011
2,picking,C4,D_power,1,61.437918025576245,661,413.5004319850176,14.745100326138303,12.717274666547592,1011
1,staging,C1,D_power,1,65.18737945513628,4,446.0813112070482,15.64497106923271,14.041376955014895,1012
2,picking,C1,D_power,1,48.077607481242474,3,96.94611695667494,11.538625795498195,10.530215915193779,1012
1,staging,C2,D_power,1,58.650463011677715,607,444.9798737737112,14.076111122802656,12.005246330436096,1012
2,picking,C2,D_power,1,58.10502093192296,606,415.9388269318298,13.945205023661511,12.024565887994003,1012
1,staging,C3,D_power,1,58.650463011677715,607,444.9798737737112,14.076111122802656,12.005246330436096,1012
2,picking,C3,D_power,1,58.10502093192296,606,415.9388269318298,13.945205023661511,12.024565887994003,1012
1,staging,C4,D_power,1,58.650463011677715,607,444.9798737737112,14.076111122802656,12.005246330436096,1012
2,picking,C4,D_power,1,58.10502093192296,606,415.9388269318298,13.945205023661511,12.024565887994003,1012
1,staging,C1,D_power,1,65.36143485267758,4,269.28208782966504,15.686744364642617,14.04060758828981,1013
2,picking,C1,D_power,1,48.767640424315026,3,164.1330159393253,11.704233701835605,10.533810331652045,1013
1,staging,C2,D_power,1,55.17101388838018,635,335.89579151195005,13.241043333211248,11.29973524463113,1013
2,picking,C2,D_power,1,55.24083857278038,635,379.57845852894,13.257801257467284,11.348402843403377,1013
1,staging,C3,D_power,1,55.17101388838018,635,335.89579151195005,13.241043333211248,11.29973524463113,1013
2,picking,C3,D_power,1,55.24083857278038,635,379.57845852894,13.257801257467284,11.348402843403377,1013
1,staging,C4,D_power,1,55.17101388838018,635,335.89579151195005,13.241043333211248,11.29973524463113,1013
2,picking,C4,D_power,1,55.24083857278038,635,379.57845852894,13.257801257467284,11.348402843403377,1013
1,staging,C1,D_power,1,82.33523933018847,4,574.963747059523,19.760457439245233,14.02917846787836,1014
2,picking,C1,D_power,1,48.33532231567206,3,128.6405268471049,11.600477355761294,10.525462203447923,1014
1,staging,C2,D_power,1,57.29425401460896,607,399.7870753025357,13.750620963506163,11.672716917989506,1014
2,picking,C2,D_power,1,57.96393021225897,607,413.5340726653136,13.911343250942142,11.899068100629702,1014
1,staging,C3,D_power,1,57.29425401460896,607,399.7870753025357,13.750620963506163,11.672716917989506,1014
2,picking,C3,D_power,1,57.96393021225897,607,413.5340726653136,13.911343250942142,11.899068100629702,1014
1,staging,C4,D_power,1,57.29425401460896,607,399.7870753025357,13.750620963506163,11.672716917989506,1014
2,picking,C4,D_power,1,57.96393021225897,607,413.5340726653136,13.911343250942142,11.899068100629702,1014
1,staging,C1,D_power,1,68.08442114821905,4,436.53108035303086,16.34026107557257,14.023592578844779,1015
2,picking,C1,D_power,1,53.16175041457017,3,158.9492009839772,12.758820099496843,10.533245300370607,1015
1,staging,C2,D_power,1,59.61904639187347,636,396.28715181971774,14.308571134049629,12.196827538873231,1015
2,picking,C2,D_power,1,58.53878702177941,635,378.6648119109142,14.04930888522706,11.936222885342735,1015
1,staging,C3,D_power,1,59.61904639187347,636,396.28715181971774,14.308571134049629,12.196827538873231,1015
2,picking,C3,D_power,1,58.53878702177941,635,378.6648119109142,14.04930888522706,11.936222885342735,1015
1,staging,C4,D_power,1,59.61904639187347,636,396.28715181971774,14.308571134049629,12.196827538873231,1015
2,picking,C4,D_power,1,58.53878702177941,635,378.6648119109142,14.04930888522706,11.936222885342735,1015
1,staging,C1,D_power,1,68.1310511806864,4,494.3443736851323,16.351452283364736,14.032897938930608,1016
2,picking,C1,D_power,1,49.785056579740264,3,208.79567226431598,11.948413579137664,10.52960641586483,1016
1,staging,C2,D_power,1,58.59778830419771,653,384.6203671357565,14.063469193007451,11.949690722339065,1016
2,picking,C2,D_power,1,58.22882772583811,652,378.9456693733621,13.974918654201149,11.940369299693295,1016
1,staging,C3,D_power,1,58.59778830419771,653,384.6203671357565,14.063469193007451,11.949690722339065,1016
2,picking,C3,D_power,1,58.22882772583811,652,378.9456693733621,13.974918654201149,11.940369299693295,1016
1,staging,C4,D_power,1,58.59778830419771,653,384.6203671357565,14.063469193007451,11.949690722339065,1016
2,picking,C4,D_power,1,58.22882772583811,652,378.9456693733621,13.974918654201149,11.940369299693295,1016
1,staging,C1,D_power,1,48.89145300488617,3,204.41872607170032,11.733948721172682,10.521875587386194,1017
2,picking,C1,D_power,1,51.8609442780057,3,147.76620895690843,12.446626626721365,10.531539769427118,1017
1,staging,C2,D_power,1,57.308643194444144,605,414.2061132528415,13.754074366666593,11.881243091893221,1017
2,picking,C2,D_power,1,57.46238071044022,604,427.9049935010668,13.790971370505662,11.693573110332043,1017
1,staging,C3,D_power,1,57.308643194444144,605,414.2061132528415,13.754074366666593,11.881243091893221,1017
2,picking,C3,D_power,1,57.46238071044022,604,427.9049935010668,13.790971370505662,11.693573110332043,1017
1,staging,C4,D_power,1,57.308643194444144,605,414.2061132528415,13.754074366666593,11.881243091893221,1017
2,picking,C4,D_power,1,57.46238071044022,604,427.9049935010668,13.790971370505662,11.693573110332043,1017
1,staging,C1,D_power,1,58.17608860179019,3,196.00888960571658,13.962261264429642,10.524228805134422,1018
2,picking,C1,D_power,1,74.87453592850888,4,621.2460267106285,17.96988862284213,14.031125441511836,1018
1,staging,C2,D_power,1,56.76917957499791,624,382.0382303465336,13.6246030979995,11.710670538407825,1018
2,picking,C2,D_power,1,57.29980126918364,624,386.57724459301807,13.751952304604067,11.842511889712508,1018
1,staging,C3,D_power,1,56.76917957499791,624,382.0382303465336,13.6246030979995,11.710670538407825,1018
2,picking,C3,D_power,1,57.29980126918364,624,386.57724459301807,13.751952304604067,11.842511889712508,1018
1,staging,C4,D_power,1,56.76917957499791,624,382.0382303465336,13.6246030979995,11.710670538407825,1018
2,picking,C4,D_power,1,57.29980126918364,624,386.57724459301807,13.751952304604067,11.842511889712508,1018
1,staging,C1,D_power,1,54.172515439754875,3,189.3944892621849,13.00140370554117,10.529366799047178,1019
2,picking,C1,D_power,1,69.3696123465609,4,543.6742041624256,16.648706963174618,14.035287555172419,1019
1,staging,C2,D_power,1,60.15220749391686,644,406.06817417042816,14.436529798540054,12.475798256999717,1019
2,picking,C2,D_power,1,59.986918615552064,643,402.0019861730561,14.39686046773248,12.277025826751434,1019
1,staging,C3,D_power,1,60.15220749391686,644,406.06817417042816,14.436529798540054,12.475798256999717,1019
2,picking,C3,D_power,1,59.986918615552064,643,402.0019861730561,14.39686046773248,12.277025826751434,1019
1,staging,C4,D_power,1,60.15220749391686,644,406.06817417042816,14.436529798540054,12.475798256999717,1019
2,picking,C4,D_power,1,59.986918615552064,643,402.0019861730561,14.39686046773248,12.277025826751434,1019
1,staging,C1,D_power,1,66.15582277903891,4,463.8378414572128,15.877397466969342,14.027969590073454,1020
2,picking,C1,D_power,1,48.53315953872948,3,97.08871741124312,11.647958289295076,10.525711118885138,1020
1,staging,C2,D_power,1,55.60613125537681,623,372.8909702213103,13.34547150129044,11.407179983649636,1020
2,picking,C2,D_power,1,55.70068206345986,622,391.86209945436906,13.368163695230374,11.419795423234248,1020
1,staging,C3,D_power,1,55.60613125537681,623,372.8909702213103,13.34547150129044,11.407179983649636,1020
2,picking,C3,D_power,1,55.70068206345986,622,391.86209945436906,13.368163695230374,11.419795423234248,1020
1,staging,C4,D_power,1,55.60613125537681,623,372.8909702213103,13.34547150129044,11.407179983649636,1020
2,picking,C4,D_power,1,55.70068206345986,622,391.86209945436906,13.368163695230374,11.419795423234248,1020
1,staging,C1,D_power,1,64.86211382968351,4,424.76147652327455,15.566907319124045,14.052771565577315,1021
2,picking,C1,D_power,1,48.15245548495954,3,161.31093307088705,11.556589316390287,10.528405519531853,1021
1,staging,C2,D_power,1,60.2117942150682,640,400.5826352439552,14.450830611616377,12.287430545252759,1021
2,picking,C2,D_power,1,60.19030776180442,639,416.69695049005423,14.445673862833058,12.362061858424827,1021
1,staging,C3,D_power,1,60.2117942150682,640,400.5826352439552,14.450830611616377,12.287430545252759,1021
2,picking,C3,D_power,1,60.19030776180442,639,416.69695049005423,14.445673862833058,12.362061858424827,1021
1,staging,C4,D_power,1,60.2117942150682,640,400.5826352439552,14.450830611616377,12.287430545252759,1021
2,picking,C4,D_power,1,60.19030776180442,639,416.69695049005423,14.445673862833058,12.362061858424827,1021
1,staging,C1,D_power,1,50.63655625202054,3,198.71121910766428,12.15277350048493,10.531446571443274,1022
2,picking,C1,D_power,1,68.8534064323833,3,196.66750903671394,16.524817543771988,10.533070865437566,1022
1,staging,C2,D_power,1,59.751587009235095,659,428.22137188601783,14.340380882216415,12.373762833087014,1022
2,picking,C2,D_power,1,59.221087081883674,659,391.0973887473466,14.213060899652069,12.17954694732315,1022
1,staging,C3,D_power,1,59.751587009235095,659,428.22137188601783,14.340380882216415,12.373762833087014,1022
2,picking,C3,D_power,1,59.221087081883674,659,391.0973887473466,14.213060899652069,12.17954694732315,1022
1,staging,C4,D_power,1,59.751587009235095,659,428.22137188601783,14.340380882216415,12.373762833087014,1022
2,picking,C4,D_power,1,59.221087081883674,659,391.0973887473466,14.213060899652069,12.17954694732315,1022
1,staging,C1,D_power,1,66.88365017002853,4,291.6002361822744,16.05207604080685,14.041112192860687,1023
2,picking,C1,D_power,1,51.70998126346553,2,209.28859058891067,12.410395503231726,7.017094601839751,1023
1,staging,C2,D_power,1,60.33545398209327,613,434.13297804723953,14.48050895570237,12.31608098411784,1023
2,picking,C2,D_power,1,60.57661994290887,613,451.1343543298602,14.538388786298126,12.437875468877165,1023
1,staging,C3,D_power,1,60.33545398209327,613,434.13297804723953,14.48050895570237,12.31608098411784,1023
2,picking,C3,D_power,1,60.57661994290887,613,451.1343543298602,14.538388786298126,12.437875468877165,1023
1,staging,C4,D_power,1,60.33545398209327,613,434.13297804723953,14.48050895570237,12.31608098411784,1023
2,picking,C4,D_power,1,60.57661994290887,613,451.1343543298602,14.538388786298126,12.437875468877165,1023
1,staging,C1,D_power,1,63.915932754737646,4,486.93371401246463,15.339823861137035,14.032900800954877,1024
2,picking,C1,D_power,1,52.0424279626584,3,136.44610135036007,12.490182711038017,10.516047598471282,1024
1,staging,C2,D_power,1,60.17756512629453,619,436.1936331299957,14.442615630310673,12.172435083002094,1024
2,picking,C2,D_power,1,60.29617547100049,619,454.3581525528896,14.471082113040097,12.309629585386084,1024
1,staging,C3,D_power,1,60.17756512629453,619,436.1936331299957,14.442615630310673,12.172435083002094,1024
2,picking,C3,D_power,1,60.29617547100049,619,454.3581525528896,14.471082113040097,12.309629585386084,1024
1,staging,C4,D_power,1,60.17756512629453,619,436.1936331299957,14.442615630310673,12.172435083002094,1024
2,picking,C4,D_power,1,60.29617547100049,619,454.3581525528896,14.471082113040097,12.309629585386084,1024
1,staging,C1,D_power,1,63.90685481032781,4,466.53621477928317,15.337645154478675,14.031296228749342,1025
2,picking,C1,D_power,1,56.017372284876,3,163.60376346029176,13.444169348370242,10.5207292463387,1025
1,staging,C2,D_power,1,60.2694898619206,651,383.5344949563621,14.464677566860942,12.298241926749892,1025
2,picking,C2,D_power,1,58.95218695041606,651,374.6057416762838,14.148524868099845,12.094014922985666,1025
1,staging,C3,D_power,1,60.2694898619206,651,383.5344949563621,14.464677566860942,12.298241926749892,1025
2,picking,C3,D_power,1,58.95218695041606,651,374.6057416762838,14.148524868099845,12.094014922985666,1025
1,staging,C4,D_power,1,60.2694898619206,651,383.5344949563621,14.464677566860942,12.298241926749892,1025
2,picking,C4,D_power,1,58.95218695041606,651,374.6057416762838,14.148524868099845,12.094014922985666,1025
1,staging,C1,D_power,1,104.49738592091222,5,542.2133883681076,25.079372621018933,17.546412652050062,1026
2,picking,C1,D_power,1,68.3436387278747,4,144.55085862965765,16.40247329468993,14.03722774620458,1026
1,staging,C2,D_power,1,55.62165526026619,641,372.1799795982235,13.349197262463887,11.461164956706757,1026
2,picking,C2,D_power,1,56.16597061365941,640,355.21026261065475,13.479832947278256,11.495080091441245,1026
1,staging,C3,D_power,1,55.62165526026619,641,372.1799795982235,13.349197262463887,11.461164956706757,1026
2,picking,C3,D_power,1,56.16597061365941,640,355.21026261065475,13.479832947278256,11.495080091441245,1026
1,staging,C4,D_power,1,55.62165526026619,641,372.1799795982235,13.349197262463887,11.461164956706757,1026
2,picking,C4,D_power,1,56.16597061365941,640,355.21026261065475,13.479832947278256,11.495080091441245,1026
1,staging,C1,D_power,1,68.29157432541935,4,288.895375299158,16.389977838100645,14.027914570053568,1027
2,picking,C1,D_power,1,48.528031821485314,3,78.81764055276956,11.646727637156475,10.524545074169284,1027
1,staging,C2,D_power,1,59.1515680040528,632,409.1302404214121,14.19637632097267,12.08282230085816,1027
2,picking,C2,D_power,1,58.46827030312007,632,419.41499696102943,14.032384872748823,11.812149136049575,1027
1,staging,C3,D_power,1,59.1515680040528,632,409.1302404214121,14.19637632097267,12.08282230085816,1027
2,picking,C3,D_power,1,58.46827030312007,632,419.41499696102943,14.032384872748823,11.812149136049575,1027
1,staging,C4,D_power,1,59.1515680040528,632,409.1302404214121,14.19637632097267,12.08282230085816,1027
2,picking,C4,D_power,1,58.46827030312007,632,419.41499696102943,14.032384872748823,11.812149136049575,1027
1,staging,C1,D_power,1,60.974277968362756,3,139.06573774542193,14.63382671240706,10.5235471747217,1028
2,picking,C1,D_power,1,64.76544696524772,4,462.56836492389084,15.543707271659452,14.031821238230982,1028
1,staging,C2,D_power,1,61.94538807738491,665,403.94878390363886,14.86689313857238,12.767354812247426,1028
2,picking,C2,D_power,1,62.34328653923231,664,447.7873173971631,14.962388769415766,12.88084273277345,1028
1,staging,C3,D_power,1,61.94538807738491,665,403.94878390363886,14.86689313857238,12.767354812247426,1028
2,picking,C3,D_power,1,62.34328653923231,664,447.7873173971631,14.962388769415766,12.88084273277345,1028
1,staging,C4,D_power,1,61.94538807738491,665,403.94878390363886,14.86689313857238,12.767354812247426,1028
2,picking,C4,D_power,1,62.34328653923231,664,447.7873173971631,14.962388769415766,12.88084273277345,1028
1,staging,C1,D_power,1,82.9555404112809,4,439.9973724835344,19.909329698707413,14.027375616695839,1029
2,picking,C1,D_power,1,65.87211260619698,4,79.77170187935128,15.809307025487275,14.046460870606792,1029
1,staging,C2,D_power,1,56.24730076856521,613,381.8980129044918,13.499352184455649,11.503538896764226,1029
2,picking,C2,D_power,1,56.437890327314,613,387.1335844873778,13.545093678555375,11.529012364714507,1029
1,staging,C3,D_power,1,56.24730076856521,613,381.8980129044918,13.499352184455649,11.503538896764226,1029
2,picking,C3,D_power,1,56.437890327314,613,387.1335844873778,13.545093678555375,11.529012364714507,1029
1,staging,C4,D_power,1,56.24730076856521,613,381.8980129044918,13.499352184455649,11.503538896764226,1029
2,picking,C4,D_power,1,56.437890327314,613,387.1335844873778,13.545093678555375,11.529012364714507,1029
1,staging,C1,D_power,1,71.3099850500233,4,258.3093101242956,17.114396412005593,14.043679865795514,1030
2,picking,C1,D_power,1,47.89260866983533,3,71.95428653153431,11.49422608076048,10.529807518051353,1030
1,staging,C2,D_power,1,59.68287587400709,654,417.5772001539669,14.323890209761712,12.224784169277177,1030
2,picking,C2,D_power,1,59.955273171022625,653,404.371651221615,14.389265561045447,12.404771647061924,1030
1,staging,C3,D_power,1,59.68287587400709,654,417.5772001539669,14.323890209761712,12.224784169277177,1030
2,picking,C3,D_power,1,59.955273171022625,653,404.371651221615,14.389265561045447,12.404771647061924,1030
1,staging,C4,D_power,1,59.58005352575471,653,415.893166061118,14.299212846181142,12.222252578454102,1030
2,picking,C4,D_power,1,59.96164810546533,652,406.0556853144638,14.390795545311692,12.397483549869477,1030
1,staging,C1,D_power,1,48.50086179328007,3,249.38151633413582,11.640206830387218,10.518633245857671,1031
2,picking,C1,D_power,1,49.625011435278154,3,242.68916375794518,11.910002744466759,10.537000954634582,1031
1,staging,C2,D_power,1,60.59259535098885,630,426.9150908660931,14.542222884237312,12.475032509673161,1031
2,picking,C2,D_power,1,61.235875731411916,629,467.8907946393089,14.696610175538858,12.558936517974871,1031
1,staging,C3,D_power,1,60.59259535098885,630,426.9150908660931,14.542222884237312,12.475032509673161,1031
2,picking,C3,D_power,1,61.235875731411916,629,467.8907946393089,14.696610175538858,12.558936517974871,1031
1,staging,C4,D_power,1,60.59259535098885,630,426.9150908660931,14.542222884237312,12.475032509673161,1031
2,picking,C4,D_power,1,61.235875731411916,629,467.8907946393089,14.696610175538858,12.558936517974871,1031
1,staging,C1,D_power,1,77.15113107630357,4,397.0917844958071,18.516271458312858,14.034419554900945,1032
2,picking,C1,D_power,1,68.98089171531412,3,159.4310381932981,16.55541401167539,10.519288684051542,1032
1,staging,C2,D_power,1,56.87352710304688,637,372.0239691638959,13.649646504731246,11.748347487560117,1032
2,picking,C2,D_power,1,55.56194742388575,636,335.97492162787955,13.33486738173258,11.296570180781536,1032
1,staging,C3,D_power,1,56.87352710304688,637,372.0239691638959,13.649646504731246,11.748347487560117,1032
2,picking,C3,D_power,1,55.56194742388575,636,335.97492162787955,13.33486738173258,11.296570180781536,1032
1,staging,C4,D_power,1,56.87352710304688,637,372.0239691638959,13.649646504731246,11.748347487560117,1032
2,picking,C4,D_power,1,55.56194742388575,636,335.97492162787955,13.33486738173258,11.296570180781536,1032
1,staging,C1,D_power,1,67.75838167763922,3,157.0199421023248,16.262011602633414,10.52207971864507,1033
2,picking,C1,D_power,1,64.80556481087727,4,541.3406519161274,15.553335554610545,14.040550057297299,1033
1,staging,C2,D_power,1,61.43745512284763,630,439.883377493315,14.744989229483435,12.459629970468118,1033
2,picking,C2,D_power,1,60.66846006071627,630,407.99357686986707,14.560430414571895,12.355451695316008,1033
1,staging,C3,D_power,1,61.43745512284763,630,439.883377493315,14.744989229483435,12.459629970468118,1033
2,picking,C3,D_power,1,60.66846006071627,630,407.99357686986707,14.560430414571895,12.355451695316008,1033
1,staging,C4,D_power,1,61.43745512284763,630,439.883377493315,14.744989229483435,12.459629970468118,1033
2,picking,C4,D_power,1,60.66846006071627,630,407.99357686986707,14.560430414571895,12.355451695316008,1033
1,staging,C1,D_power,1,56.92701338688764,3,105.50554499669742,13.662483212853033,10.522382710565077,1034
2,picking,C1,D_power,1,47.854870803945,3,271.11940126191814,11.4851689929468,10.521221307304002,1034
1,staging,C2,D_power,1,60.14946907519906,632,400.17089014519405,14.435872578047773,12.201151434432253,1034
2,picking,C2,D_power,1,60.48850605410049,631,437.60810609707164,14.5172414529841,12.446991640853183,1034
1,staging,C3,D_power,1,60.14946907519906,632,400.17089014519405,14.435872578047773,12.201151434432253,1034
2,picking,C3,D_power,1,60.48850605410049,631,437.60810609707164,14.5172414529841,12.446991640853183,1034
1,staging,C4,D_power,1,60.14946907519906,632,400.17089014519405,14.435872578047773,12.201151434432253,1034
2,picking,C4,D_power,1,60.48850605410049,631,437.60810609707164,14.5172414529841,12.446991640853183,1034
1,staging,C1,D_power,1,66.96497443997431,4,446.51191496336725,16.071593865593837,14.022085323566781,1035
2,picking,C1,D_power,1,49.736433670002654,3,123.31134727022909,11.93674408080064,10.519038104116465,1035
1,staging,C2,D_power,1,59.465543436568844,651,411.8248387395298,14.27173042477652,12.248881560177274,1035
2,picking,C2,D_power,1,59.61898042791426,651,414.79057597253717,14.308555302699416,12.32516245165482,1035
1,staging,C3,D_power,1,59.465543436568844,651,411.8248387395298,14.27173042477652,12.248881560177274,1035
2,picking,C3,D_power,1,59.61898042791426,651,414.79057597253717,14.308555302699416,12.32516245165482,1035
1,staging,C4,D_power,1,59.465543436568844,651,411.8248387395298,14.27173042477652,12.248881560177274,1035
2,picking,C4,D_power,1,59.61898042791426,651,414.79057597253717,14.308555302699416,12.32516245165482,1035
1,staging,C1,D_power,1,68.73347134435403,4,375.55798423251275,16.49603312264497,14.021736183978526,1036
2,picking,C1,D_power,1,54.013111473003725,3,234.86261035084863,12.963146753520896,10.532091183743079,1036
1,staging,C2,D_power,1,60.31880337342075,637,395.5931556722296,14.47651280962098,12.260307947685538,1036
2,picking,C2,D_power,1,60.69041502507042,636,426.3569770870256,14.565699606016896,12.425090621998805,1036
1,staging,C3,D_power,1,60.31880337342075,637,395.5931556722296,14.47651280962098,12.260307947685538,1036
2,picking,C3,D_power,1,60.69041502507042,636,426.3569770870256,14.565699606016896,12.425090621998805,1036
1,staging,C4,D_power,1,60.31880337342075,637,395.5931556722296,14.47651280962098,12.260307947685538,1036
2,picking,C4,D_power,1,60.69041502507042,636,426.3569770870256,14.565699606016896,12.425090621998805,1036
1,staging,C1,D_power,1,48.5638088968594,3,152.6090078436162,11.655314135246257,10.532319778677227,1037
2,picking,C1,D_power,1,63.69395164949626,4,552.7247637695739,15.286548395879105,14.027201420477146,1037
1,staging,C2,D_power,1,57.232933757385375,627,405.70581051704784,13.735904101772492,11.693501679995771,1037
2,picking,C2,D_power,1,57.199854811045356,626,373.4674743190166,13.727965154650883,11.798067623284984,1037
1,staging,C3,D_power,1,57.232933757385375,627,405.70581051704784,13.735904101772492,11.693501679995771,1037
2,picking,C3,D_power,1,57.199854811045356,626,373.4674743190166,13.727965154650883,11.798067623284984,1037
1,staging,C4,D_power,1,57.232933757385375,627,405.70581051704784,13.735904101772492,11.693501679995771,1037
2,picking,C4,D_power,1,57.199854811045356,626,373.4674743190166,13.727965154650883,11.798067623284984,1037
1,staging,C1,D_power,1,65.65672578407357,4,496.46526275819815,15.757614188177655,14.042316409907171,1038
2,picking,C1,D_power,1,57.17976275908448,3,276.5317609951896,13.723143062180277,10.530689558713286,1038
1,staging,C2,D_power,1,58.8497862712248,634,397.71547230390877,14.123948705093964,12.13818501760373,1038
2,picking,C2,D_power,1,58.53969532141821,634,407.1114909318923,14.049526877140362,12.019894229756115,1038
1,staging,C3,D_power,1,58.8497862712248,634,397.71547230390877,14.123948705093964,12.13818501760373,1038
2,picking,C3,D_power,1,58.53969532141821,634,407.1114909318923,14.049526877140362,12.019894229756115,1038
1,staging,C4,D_power,1,58.8497862712248,634,397.71547230390877,14.123948705093964,12.13818501760373,1038
2,picking,C4,D_power,1,58.53969532141821,634,407.1114909318923,14.049526877140362,12.019894229756115,1038
1,staging,C1,D_power,1,64.96877143527529,4,525.6954019496588,15.59250514446607,14.033254630019462,1039
2,picking,C1,D_power,1,48.333758245856814,3,175.5204658632425,11.600101979005636,10.525064095103838,1039
1,staging,C2,D_power,1,57.07865571031995,647,374.1807208919047,13.69887737047679,11.690825555873998,1039
2,picking,C2,D_power,1,56.92785891768466,646,370.2620953289378,13.66268614024431,11.633474850483031,1039
1,staging,C3,D_power,1,57.07865571031995,647,374.1807208919047,13.69887737047679,11.690825555873998,1039
2,picking,C3,D_power,1,56.92785891768466,646,370.2620953289378,13.66268614024431,11.633474850483031,1039
1,staging,C4,D_power,1,57.07865571031995,647,374.1807208919047,13.69887737047679,11.690825555873998,1039
2,picking,C4,D_power,1,56.92785891768466,646,370.2620953289378,13.66268614024431,11.633474850483031,1039
1,staging,C1,D_power,1,70.91652141795345,4,531.6257521963976,17.01996514030883,14.031786445949038,1040
2,picking,C1,D_power,1,47.885735918642865,3,207.39496226049388,11.492576620474289,10.52780889476056,1040
1,staging,C2,D_power,1,57.14916880635895,651,350.90648109081303,13.715800513526144,11.833842615515186,1040
2,picking,C2,D_power,1,57.516897781322605,650,383.2027105104822,13.804055467517419,11.672343068068058,1040
1,staging,C3,D_power,1,57.14916880635895,651,350.90648109081303,13.715800513526144,11.833842615515186,1040
2,picking,C3,D_power,1,57.516897781322605,650,383.2027105104822,13.804055467517419,11.672343068068058,1040
1,staging,C4,D_power,1,57.14916880635895,651,350.90648109081303,13.715800513526144,11.833842615515186,1040
2,picking,C4,D_power,1,57.516897781322605,650,383.2027105104822,13.804055467517419,11.672343068068058,1040
1,staging,C1,D_power,1,50.84029241290512,3,158.81840433823552,12.201670179097228,10.534743416893251,1041
2,picking,C1,D_power,1,64.95787255424176,4,451.38707160752216,15.589889413018025,14.030900471716222,1041
1,staging,C2,D_power,1,57.241356245340015,629,368.19980659206004,13.737925498881609,11.701665094522491,1041
2,picking,C2,D_power,1,55.82211131714471,628,376.43996447374957,13.397306716114725,11.338875447809889,1041
1,staging,C3,D_power,1,57.241356245340015,629,368.19980659206004,13.737925498881609,11.701665094522491,1041
2,picking,C3,D_power,1,55.82211131714471,628,376.43996447374957,13.397306716114725,11.338875447809889,1041
1,staging,C4,D_power,1,57.241356245340015,629,368.19980659206004,13.737925498881609,11.701665094522491,1041
2,picking,C4,D_power,1,55.82211131714471,628,376.43996447374957,13.397306716114725,11.338875447809889,1041
1,staging,C1,D_power,1,67.12408475651502,4,486.43571084550155,16.109780341563606,14.051860368559733,1042
2,picking,C1,D_power,1,48.51229873449597,3,172.9498063322825,11.642951696279034,10.521131783748912,1042
1,staging,C2,D_power,1,59.792569120103934,631,411.24820596595407,14.350216588824946,12.023022887159462,1042
2,picking,C2,D_power,1,61.03864189650538,630,462.5879330890715,14.649274055161285,12.522755147812566,1042
1,staging,C3,D_power,1,59.792569120103934,631,411.24820596595407,14.350216588824946,12.023022887159462,1042
2,picking,C3,D_power,1,61.03864189650538,630,462.5879330890715,14.649274055161285,12.522755147812566,1042
1,staging,C4,D_power,1,59.792569120103934,631,411.24820596595407,14.350216588824946,12.023022887159462,1042
2,picking,C4,D_power,1,61.03864189650538,630,462.5879330890715,14.649274055161285,12.522755147812566,1042
1,staging,C1,D_power,1,66.19532536538395,4,468.850309729981,15.88687808769215,14.037234832251018,1043
2,picking,C1,D_power,1,48.502541040411685,3,164.30972282124313,11.640609849698805,10.519009321730543,1043
1,staging,C2,D_power,1,58.856646774194466,639,408.4950591037648,14.125595225806672,12.036370039653168,1043
2,picking,C2,D_power,1,58.41153994152626,639,378.5068362373868,14.018769585966295,12.010384452179421,1043
1,staging,C3,D_power,1,58.856646774194466,639,408.4950591037648,14.125595225806672,12.036370039653168,1043
2,picking,C3,D_power,1,58.41153994152626,639,378.5068362373868,14.018769585966295,12.010384452179421,1043
1,staging,C4,D_power,1,58.856646774194466,639,408.4950591037648,14.125595225806672,12.036370039653168,1043
2,picking,C4,D_power,1,58.41153994152626,639,378.5068362373868,14.018769585966295,12.010384452179421,1043
1,staging,C1,D_power,1,68.27820108480694,4,244.09687000446502,16.38676826035367,14.024875385539003,1044
2,picking,C1,D_power,1,48.48437906367187,3,8.343872878023102,11.63625097528125,10.515041879684931,1044
1,staging,C2,D_power,1,57.61599692853391,636,365.60871230619836,13.827839262848144,11.657662919326766,1044
2,picking,C2,D_power,1,57.97893243110857,635,392.5519018185856,13.914943783466072,11.904518351549317,1044
1,staging,C3,D_power,1,57.61599692853391,636,365.60871230619836,13.827839262848144,11.657662919326766,1044
2,picking,C3,D_power,1,57.97893243110857,635,392.5519018185856,13.914943783466072,11.904518351549317,1044
1,staging,C4,D_power,1,57.61599692853391,636,365.60871230619836,13.827839262848144,11.657662919326766,1044
2,picking,C4,D_power,1,57.97893243110857,635,392.5519018185856,13.914943783466072,11.904518351549317,1044
1,staging,C1,D_power,1,64.96854526453333,4,389.7422304657082,15.592450863488,14.033205777139202,1045
2,picking,C1,D_power,1,47.88437807428786,3,169.32211986899904,11.492250737829089,10.52803905676563,1045
1,staging,C2,D_power,1,54.73022936820161,628,372.46429533987833,13.135255048368377,11.36573975432148,1045
2,picking,C2,D_power,1,54.81675866257761,627,348.39708954703093,13.156022079018628,11.282733355083659,1045
1,staging,C3,D_power,1,54.73022936820161,628,372.46429533987833,13.135255048368377,11.36573975432148,1045
2,picking,C3,D_power,1,54.81675866257761,627,348.39708954703093,13.156022079018628,11.282733355083659,1045
1,staging,C4,D_power,1,54.73022936820161,628,372.46429533987833,13.135255048368377,11.36573975432148,1045
2,picking,C4,D_power,1,54.81675866257761,627,348.39708954703093,13.156022079018628,11.282733355083659,1045
1,staging,C1,D_power,1,64.13291911634253,4,358.5677760712297,15.391900587922208,14.037677157908636,1046
2,picking,C1,D_power,1,47.48686780292005,3,129.19433944311507,11.396848272700812,10.526667642390665,1046
1,staging,C2,D_power,1,57.54842522933858,623,449.727863505742,13.811622055041259,11.881822861551525,1046
2,picking,C2,D_power,1,57.56143031410933,622,418.4083101988543,13.814743275386245,11.917288655341714,1046
1,staging,C3,D_power,1,57.54842522933858,623,449.727863505742,13.811622055041259,11.881822861551525,1046
2,picking,C3,D_power,1,57.56143031410933,622,418.4083101988543,13.814743275386245,11.917288655341714,1046
1,staging,C4,D_power,1,57.54842522933858,623,449.727863505742,13.811622055041259,11.881822861551525,1046
2,picking,C4,D_power,1,57.56143031410933,622,418.4083101988543,13.814743275386245,11.917288655341714,1046
1,staging,C1,D_power,1,67.02425633539308,4,530.9975936029659,16.08582152049434,14.029510120982012,1047
2,picking,C1,D_power,1,49.76568294626134,3,192.42970869265554,11.94376390710272,10.525296687937596,1047
1,staging,C2,D_power,1,55.88884956218314,629,375.6310869102164,13.41332389492395,11.484368946338806,1047
2,picking,C2,D_power,1,55.57722249027572,628,374.89518094269073,13.338533397666163,11.45593583255768,1047
1,staging,C3,D_power,1,55.88884956218314,629,375.6310869102164,13.41332389492395,11.484368946338806,1047
2,picking,C3,D_power,1,55.57722249027572,628,374.89518094269073,13.338533397666163,11.45593583255768,1047
1,staging,C4,D_power,1,55.88884956218314,629,375.6310869102164,13.41332389492395,11.484368946338806,1047
2,picking,C4,D_power,1,55.57722249027572,628,374.89518094269073,13.338533397666163,11.45593583255768,1047
1,staging,C1,D_power,1,63.055858096166794,4,272.3204173217838,15.13340594308003,14.032136153656616,1048
2,picking,C1,D_power,1,51.862063209809484,3,105.56539421533962,12.446895170354274,10.529737079832975,1048
1,staging,C2,D_power,1,60.594401494048626,636,432.7608446954806,14.542656358571675,12.434579393264828,1048
2,picking,C2,D_power,1,60.9328580128014,635,425.2564142228259,14.623885923072327,12.562127810409333,1048
1,staging,C3,D_power,1,60.594401494048626,636,432.7608446954806,14.542656358571675,12.434579393264828,1048
2,picking,C3,D_power,1,60.9328580128014,635,425.2564142228259,14.623885923072327,12.562127810409333,1048
1,staging,C4,D_power,1,60.594401494048626,636,432.7608446954806,14.542656358571675,12.434579393264828,1048
2,picking,C4,D_power,1,60.9328580128014,635,425.2564142228259,14.623885923072327,12.562127810409333,1048
1,staging,C1,D_power,1,67.22556257406708,3,357.053877180648,16.1341350177761,10.538132681871234,1049
2,picking,C1,D_power,1,50.78791055447761,3,609.7752786833211,12.189098533074626,10.522438164290485,1049
1,staging,C2,D_power,1,57.061894907234276,608,425.52537109147875,13.694854777736218,11.714842376117973,1049
2,picking,C2,D_power,1,56.628998922899186,608,405.4453284427212,13.590959741495809,11.586930342658917,1049
1,staging,C3,D_power,1,57.061894907234276,608,425.52537109147875,13.694854777736218,11.714842376117973,1049
2,picking,C3,D_power,1,56.628998922899186,608,405.4453284427212,13.590959741495809,11.586930342658917,1049
1,staging,C4,D_power,1,57.061894907234276,608,425.52537109147875,13.694854777736218,11.714842376117973,1049
2,picking,C4,D_power,1,56.628998922899186,608,405.4453284427212,13.590959741495809,11.586930342658917,1049
1,staging,C1,D_power,1,73.21209407141134,4,367.0949107920842,17.570902577138725,14.037521082589071,1050
2,picking,C1,D_power,1,49.54713211215571,3,177.32155385300698,11.89131170691737,10.520532944066067,1050
1,staging,C2,D_power,1,62.33770080004524,648,414.33763364295714,14.96104819201085,12.789510899472,1050
2,picking,C2,D_power,1,61.24655691793986,647,424.79880607853386,14.699173660305568,12.599380478506262,1050
1,staging,C3,D_power,1,62.33770080004524,648,414.33763364295714,14.96104819201085,12.789510899472,1050
2,picking,C3,D_power,1,61.24655691793986,647,424.79880607853386,14.699173660305568,12.599380478506262,1050
1,staging,C4,D_power,1,62.33770080004524,648,414.33763364295714,14.96104819201085,12.789510899472,1050
2,picking,C4,D_power,1,61.24655691793986,647,424.79880607853386,14.699173660305568,12.599380478506262,1050
1,staging,C1,D_power,1,68.99688079639951,4,539.9355877464347,16.55925139113588,14.036246684661341,1051
2,picking,C1,D_power,1,54.98124083070066,3,95.8157214120153,13.195497799368159,10.52071499343081,1051
1,staging,C2,D_power,1,56.26694135147282,612,377.1544364410336,13.504065924353494,11.37801846730545,1051
2,picking,C2,D_power,1,56.03940307816211,612,389.5350935143518,13.44945673875891,11.371845518437986,1051
1,staging,C3,D_power,1,56.26694135147282,612,377.1544364410336,13.504065924353494,11.37801846730545,1051
2,picking,C3,D_power,1,56.03940307816211,612,389.5350935143518,13.44945673875891,11.371845518437986,1051
1,staging,C4,D_power,1,56.26694135147282,612,377.1544364410336,13.504065924353494,11.37801846730545,1051
2,picking,C4,D_power,1,56.03940307816211,612,389.5350935143518,13.44945673875891,11.371845518437986,1051
1,staging,C1,D_power,1,68.46962946667803,4,499.0589264256791,16.432711072002725,14.025943496734795,1052
2,picking,C1,D_power,1,50.784198219582585,3,120.42467855399445,12.18820757269982,10.521533012936137,1052
1,staging,C2,D_power,1,56.95269333006829,635,368.1565379873204,13.6686463992164,11.570138204934247,1052
2,picking,C2,D_power,1,57.28800942418783,635,412.9372618226364,13.749122261805077,11.86158949297423,1052
1,staging,C3,D_power,1,56.95269333006829,635,368.1565379873204,13.6686463992164,11.570138204934247,1052
2,picking,C3,D_power,1,57.28800942418783,635,412.9372618226364,13.749122261805077,11.86158949297423,1052
1,staging,C4,D_power,1,56.95269333006829,635,368.1565379873204,13.6686463992164,11.570138204934247,1052
2,picking,C4,D_power,1,57.28800942418783,635,412.9372618226364,13.749122261805077,11.86158949297423,1052
1,staging,C1,D_power,1,64.76779324911392,4,299.1869350424102,15.544270379787342,14.035658864411582,1053
2,picking,C1,D_power,1,50.991238705084996,3,74.85003051926167,12.237897289220403,10.529230675716617,1053
1,staging,C2,D_power,1,56.67974213431801,639,358.7620341388646,13.603138112236326,11.72772285155491,1053
2,picking,C2,D_power,1,56.19272539400794,638,373.04278822930587,13.486254094561925,11.610150353992188,1053
1,staging,C3,D_power,1,56.67974213431801,639,358.7620341388646,13.603138112236326,11.72772285155491,1053
2,picking,C3,D_power,1,56.19272539400794,638,373.04278822930587,13.486254094561925,11.610150353992188,1053
1,staging,C4,D_power,1,56.67974213431801,639,358.7620341388646,13.603138112236326,11.72772285155491,1053
2,picking,C4,D_power,1,56.19272539400794,638,373.04278822930587,13.486254094561925,11.610150353992188,1053
1,staging,C1,D_power,1,65.83363172821723,4,363.6543385368264,15.800071614772136,14.038275097323403,1054
2,picking,C1,D_power,1,55.718828590356864,3,144.01057639484472,13.372518861685645,10.521270550196295,1054
1,staging,C2,D_power,1,56.70665669683069,620,394.2712123103648,13.609597607239355,11.641195753855632,1054
2,picking,C2,D_power,1,56.02110386976348,619,363.2452643814024,13.445064928743252,11.478392384302593,1054
1,staging,C3,D_power,1,56.70665669683069,620,394.2712123103648,13.609597607239355,11.641195753855632,1054
2,picking,C3,D_power,1,56.02110386976348,619,363.2452643814024,13.445064928743252,11.478392384302593,1054
1,staging,C4,D_power,1,56.70665669683069,620,394.2712123103648,13.609597607239355,11.641195753855632,1054
2,picking,C4,D_power,1,56.02110386976348,619,363.2452643814024,13.445064928743252,11.478392384302593,1054
1,staging,C1,D_power,1,52.96704669261888,3,123.44925813107027,12.712091206228532,10.530194579661048,1055
2,picking,C1,D_power,1,64.41210490670504,4,376.7976723886339,15.458905177609207,14.04045784323249,1055
1,staging,C2,D_power,1,59.38618729293961,652,379.5404914889761,14.252684950305506,12.173486735328337,1055
2,picking,C2,D_power,1,58.74031623451144,651,388.69350114087496,14.097675896282738,12.040514187848395,1055
1,staging,C3,D_power,1,59.38618729293961,652,379.5404914889761,14.252684950305506,12.173486735328337,1055
2,picking,C3,D_power,1,58.74031623451144,651,388.69350114087496,14.097675896282738,12.040514187848395,1055
1,staging,C4,D_power,1,59.38618729293961,652,379.5404914889761,14.252684950305506,12.173486735328337,1055
2,picking,C4,D_power,1,58.74031623451144,651,388.69350114087496,14.097675896282738,12.040514187848395,1055
1,staging,C1,D_power,1,48.50680798579799,3,310.91210751959466,11.641633916591516,10.5199470325283,1056
2,picking,C1,D_power,1,52.71826500076223,3,217.86305771582835,12.652383600182937,10.520167423995217,1056
1,staging,C2,D_power,1,57.069728846895096,632,357.519721790043,13.696734923254825,11.618408406876105,1056
2,picking,C2,D_power,1,58.48944081586625,632,406.0901814508469,14.037465795807906,11.795662169540936,1056
1,staging,C3,D_power,1,57.069728846895096,632,357.519721790043,13.696734923254825,11.618408406876105,1056
2,picking,C3,D_power,1,58.48944081586625,632,406.0901814508469,14.037465795807906,11.795662169540936,1056
1,staging,C4,D_power,1,57.069728846895096,632,357.519721790043,13.696734923254825,11.618408406876105,1056
2,picking,C4,D_power,1,58.48944081586625,632,406.0901814508469,14.037465795807906,11.795662169540936,1056
1,staging,C1,D_power,3,16.32387679211713,3,6.278702756394705,11.753191290324333,10.538297219100132,1007
2,picking,C1,D_power,3,11.510071759963344,2,0.0,8.287251667173608,7.012242141158347,1007
1,staging,C2,D_power,3,27.998977007818848,651,62.712901225289826,20.159263445629552,17.060521744461873,1007
2,picking,C2,D_power,3,29.022283051162102,656,68.30893672320136,20.896043796836672,17.559962060241144,1007
1,staging,C3,D_power,3,26.492341843333023,267,57.078247730624774,19.07448612719978,16.344542551121865,1007
2,picking,C3,D_power,3,26.88981829335727,267,74.21025507756443,19.360669171217225,16.502493857771693,1007
1,staging,C4,D_power,3,27.341188461491754,629,53.831835491333514,19.68565569227402,17.187577385872583,1007
2,picking,C4,D_power,3,27.721199136764497,623,63.603774295386394,19.95926337847043,17.30885086327488,1007
1,staging,C1,D_power,3,16.603258360840606,3,31.777040833101275,11.954346019805236,10.53942901027681,1008
2,picking,C1,D_power,3,10.831750543415366,2,0.0,7.798860391259064,7.018974352133157,1008
1,staging,C2,D_power,3,27.43718447853629,651,42.93298466805033,19.75477282454608,16.732202729160015,1008
2,picking,C2,D_power,3,27.556108512547183,644,49.80216933160826,19.840398129033908,16.686589522138963,1008
1,staging,C3,D_power,3,25.402961779950513,249,46.961612317572126,18.29013248156435,15.56879295635103,1008
2,picking,C3,D_power,3,25.11607305009344,247,42.08653658903211,18.083572596067274,15.701238618812475,1008
1,staging,C4,D_power,3,26.630924375311228,621,42.6802765381582,19.174265550224053,16.751611856888886,1008
2,picking,C4,D_power,3,26.763410881903965,624,39.426858404187875,19.269655834970788,16.55381928329898,1008
1,staging,C1,D_power,3,16.929210172007167,3,11.013781526512927,12.189031323845162,10.523881037201294,1009
2,picking,C1,D_power,3,17.625910918444102,3,11.53456193455877,12.690655861279755,10.529292592077264,1009
1,staging,C2,D_power,3,29.72066937560991,639,83.73008677773754,21.39888195043905,17.992730001885715,1009
2,picking,C2,D_power,3,29.56989056292515,644,89.72346940555691,21.290321205306046,17.905943627392908,1009
1,staging,C3,D_power,3,27.58782215647983,283,85.44827067067568,19.86323195266549,17.079155929241534,1009
2,picking,C3,D_power,3,28.088143349548,280,76.59356213385259,20.22346321167455,16.972250998107537,1009
1,staging,C4,D_power,3,28.656047283400326,614,82.90379145879476,20.63235404404818,17.872087472029328,1009
2,picking,C4,D_power,3,28.87530794896196,614,75.79983339878876,20.790221723252543,17.904669490582645,1009
1,staging,C1,D_power,3,15.894006367769919,3,29.766660519949436,11.443684584794344,10.526333493505946,1010
2,picking,C1,D_power,3,19.058301107035312,3,0.0,13.721976797065427,10.529692970141273,1010
1,staging,C2,D_power,3,27.564673214499848,653,44.330113973393004,19.84656471443987,16.824252273428982,1010
2,picking,C2,D_power,3,28.382651475026506,653,68.05609405464557,20.435509062019065,17.21630196799613,1010
1,staging,C3,D_power,3,25.66392822168449,264,47.83388786552253,18.47802831961283,15.95820825074521,1010
2,picking,C3,D_power,3,26.095349806829425,263,68.22647670844233,18.788651860917174,15.95137612266091,1010
1,staging,C4,D_power,3,26.842459267334135,633,46.163124091915535,19.32657067248057,16.74446573767397,1010
2,picking,C4,D_power,3,27.425723317379262,630,58.19104981349915,19.746520788513042,17.191282948195585,1010
1,staging,C1,D_power,3,16.193428869046258,3,72.72612863385675,11.659268785713305,10.535889356855794,1011
2,picking,C1,D_power,3,12.229786976048423,2,52.57697084300004,8.805446622754866,7.015128021843834,1011
1,staging,C2,D_power,3,28.92236942067459,665,73.02784628970834,20.824105982885712,17.57036223153405,1011
2,picking,C2,D_power,3,29.82095874273244,668,82.91185052160708,21.471090294767322,18.34469622510684,1011
1,staging,C3,D_power,3,26.754706862699866,274,68.36045596144783,19.2633889411439,16.367670139975658,1011
2,picking,C3,D_power,3,28.287588031430506,274,80.76463319301435,20.367063382629958,17.52378219288881,1011
1,staging,C4,D_power,3,28.447988437493045,647,72.56270916187337,20.482551674994966,17.640047791411867,1011
2,picking,C4,D_power,3,29.00371469361926,645,79.79484086075142,20.88267457940586,18.148455109673478,1011
1,staging,C1,D_power,3,22.050375275881525,3,4.866010110542508,15.876270198634701,10.53248806612598,1012
2,picking,C1,D_power,3,16.6196410513709,2,0.0,11.966141556987047,7.0213270263048635,1012
1,staging,C2,D_power,3,28.04333176721499,615,77.5569034846458,20.191198872394764,16.999100923003542,1012
2,picking,C2,D_power,3,27.133334880665593,611,68.43837764629377,19.536001114079202,16.670408613871874,1012
1,staging,C3,D_power,3,24.881683853186722,229,66.97035193632846,17.914812374294428,15.513725057707687,1012
2,picking,C3,D_power,3,26.265867485509276,230,71.10219047392992,18.911424589566675,16.077595276613444,1012
1,staging,C4,D_power,3,26.601000961131554,588,75.01865661775494,19.152720692014707,16.595819705632476,1012
2,picking,C4,D_power,3,27.08220590270834,588,67.51140728850606,19.499188249949974,16.946245386798495,1012
1,staging,C1,D_power,3,15.682667540434256,3,43.95153943112236,11.291520629112663,10.531718699400894,1013
2,picking,C1,D_power,3,15.839322546364956,3,0.0,11.404312233382768,10.533810331652045,1013
1,staging,C2,D_power,3,28.066878153354796,645,70.4304506823245,20.20815227041542,17.02601080187169,1013
2,picking,C2,D_power,3,29.832526198973042,634,83.49912110343627,21.479418863260545,18.054081130626727,1013
1,staging,C3,D_power,3,27.028353261750983,283,75.00039781185323,19.460414348460695,16.43941553813534,1013
2,picking,C3,D_power,3,27.780530872955318,285,77.15356450574852,20.00198222852784,16.877925933934215,1013
1,staging,C4,D_power,3,27.79548078173249,622,69.95388804189831,20.012746162847368,17.384269675600958,1013
2,picking,C4,D_power,3,28.55665303777915,614,77.01257441683671,20.560790187200954,17.597433368008584,1013
1,staging,C1,D_power,3,16.23501478239112,3,30.835408151091663,11.689210643321605,10.520289578989445,1014
2,picking,C1,D_power,3,10.7623849151755,2,0.0,7.74891713892636,7.0165733145590075,1014
1,staging,C2,D_power,3,27.386326155135027,615,67.74981749341504,19.718154831697216,16.603881195305863,1014
2,picking,C2,D_power,3,27.417240307515545,608,69.04453351085377,19.740413021411154,16.32650947602044,1014
1,staging,C3,D_power,3,25.31502374988954,245,73.15305906330877,18.226817099920464,15.555816440574429,1014
2,picking,C3,D_power,3,26.058268411584645,246,64.2456216332687,18.761953256340952,15.393433686991573,1014
1,staging,C4,D_power,3,26.537922281169262,588,63.08046310481748,19.107304042441864,16.66421159384145,1014
2,picking,C4,D_power,3,25.944388317573182,582,61.48077168073137,18.679959588652675,16.150679077484877,1014
1,staging,C1,D_power,3,16.160893772164346,3,1.7850516166226347,11.63584351595833,10.514703689955866,1015
2,picking,C1,D_power,3,18.694090487074565,3,0.0,13.459745150693688,10.533245300370606,1015
1,staging,C2,D_power,3,29.63506615138157,644,89.42815200905684,21.337247628994653,18.01432003928023,1015
2,picking,C2,D_power,3,29.16385085195031,638,78.0300265407173,20.997972613404173,17.529389292570407,1015
1,staging,C3,D_power,3,27.95283668885237,276,86.53559471074271,20.126042415973707,17.109181384212157,1015
2,picking,C3,D_power,3,27.569724376628308,277,83.42705740069825,19.850201551172376,16.58165649500337,1015
1,staging,C4,D_power,3,28.750110720402887,615,82.85116760977306,20.700079718690024,17.780621234354175,1015
2,picking,C4,D_power,3,28.4707120474968,619,77.58774444435713,20.498912674197648,17.65400476416313,1015
1,staging,C1,D_power,3,16.175263297326953,3,33.91573139808388,11.646189574075407,10.524009050041693,1016
2,picking,C1,D_power,3,11.180066870887321,2,52.62739264675402,8.049648147038871,7.020717526975915,1016
1,staging,C2,D_power,3,28.8789836771093,656,80.49834815665878,20.792868247518633,17.49961708752348,1016
2,picking,C2,D_power,3,29.31734031899362,662,77.33736162335984,21.108485029675375,17.817353363256107,1016
1,staging,C3,D_power,3,26.835990843495054,278,80.2657265507105,19.321913407316433,16.542432042462444,1016
2,picking,C3,D_power,3,27.434697040749338,277,75.85209788209367,19.75298186933952,16.72728495430208,1016
1,staging,C4,D_power,3,28.287587069655977,627,75.42914143079682,20.367062690152274,17.616507989218753,1016
2,picking,C4,D_power,3,27.979610086278317,632,74.39227578724267,20.145319262120342,17.561434683783062,1016
1,staging,C1,D_power,3,16.58263290011042,3,38.43769616431552,11.9394956880795,10.521875587386194,1017
2,picking,C1,D_power,3,15.61659810073751,3,0.0,11.24395063253101,10.531539769427118,1017
1,staging,C2,D_power,3,26.8451486552437,612,56.150647845186725,19.328507031775473,16.39844561297718,1017
2,picking,C2,D_power,3,27.030635880066022,607,55.68405794086058,19.46205783364755,16.507891424112035,1017
1,staging,C3,D_power,3,24.432375737405184,246,57.458511883168434,17.591310530931732,15.25377729644485,1017
2,picking,C3,D_power,3,25.65911220433111,245,48.97734245547333,18.474560787118396,15.821224842736703,1017
1,staging,C4,D_power,3,26.36539177596562,590,56.5938488157062,18.98308207869526,16.505118831919685,1017
2,picking,C4,D_power,3,25.971837713375212,584,43.61443177510684,18.699723153630163,16.28999598294731,1017
1,staging,C1,D_power,3,17.569405452108832,3,123.74865448822116,12.649971925518361,10.519494047711483,1018
2,picking,C1,D_power,3,11.522042490335627,2,6.036928299389426,8.295870593041652,7.018082421156947,1018
1,staging,C2,D_power,3,27.625947202458168,627,66.81341684735247,19.890681985769874,16.865941447988337,1018
2,picking,C2,D_power,3,27.165779792191408,624,61.92930134443419,19.5593614503778,16.713443222737503,1018
1,staging,C3,D_power,3,24.45651701655799,254,65.60281501098359,17.608692251921752,15.253525677302358,1018
2,picking,C3,D_power,3,26.29126517561154,253,71.27769673202229,18.92971092644033,16.287778433526793,1018
1,staging,C4,D_power,3,26.728368831712757,605,59.96845229420361,19.244425558833175,16.850668507026302,1018
2,picking,C4,D_power,3,26.49003079180718,597,61.323915704290776,19.072822170101173,16.61107727481066,1018
1,staging,C1,D_power,3,12.927550630665493,2,13.680269754234299,9.307836454079155,7.020477910158262,1019
2,picking,C1,D_power,3,17.64713575437326,3,35.022750063587345,12.705937743148748,10.526398666283503,1019
1,staging,C2,D_power,3,28.353924571406157,645,70.08802273971985,20.41482569141242,17.366959036029012,1019
2,picking,C2,D_power,3,28.19845996239846,652,75.67674919812504,20.302891172926888,17.219028651523956,1019
1,staging,C3,D_power,3,26.585126521642483,254,67.72411429217307,19.141291095582584,16.619774901714866,1019
2,picking,C3,D_power,3,25.581102259735307,253,68.11627229725909,18.41839362700941,15.932527099008956,1019
1,staging,C4,D_power,3,27.866349110523842,619,69.74592289497404,20.063771359577167,17.475015611157474,1019
2,picking,C4,D_power,3,26.947003266583497,621,70.10423795063629,19.401842351940104,16.97836096528438,1019
1,staging,C1,D_power,3,21.582538420271568,4,15.730380013882495,15.53942766259553,14.027969590073454,1020
2,picking,C1,D_power,3,16.589200536018502,3,0.0,11.944224385933321,10.525711118885136,1020
1,staging,C2,D_power,3,29.523084123857863,629,82.31954332733646,21.256620569177596,17.77174241684564,1020
2,picking,C2,D_power,3,30.449085655846403,624,89.10099522130874,21.923341672209375,18.376160514335204,1020
1,staging,C3,D_power,3,28.634210451435386,272,90.61537691981691,20.61663152503349,17.269285536377456,1020
2,picking,C3,D_power,3,28.153218314276945,271,74.62368567799949,20.270317186279417,17.071119221825743,1020
1,staging,C4,D_power,3,29.29872554159001,603,83.80321229082183,21.095082389944775,18.15369235943142,1020
2,picking,C4,D_power,3,28.91171889071793,602,76.76753127100473,20.816437601316867,17.85557755023559,1020
1,staging,C1,D_power,3,16.617815170064077,3,47.16603252351548,11.964826922446136,10.5438826766884,1021
2,picking,C1,D_power,3,10.481874698601178,2,7.256380702550692,7.546949782992849,7.019516630642938,1021
1,staging,C2,D_power,3,29.10560305942938,646,75.4412846958168,20.956034202789073,17.663005102921993,1021
2,picking,C2,D_power,3,28.895877890519028,645,80.78480252841764,20.80503208117364,17.507116426631647,1021
1,staging,C3,D_power,3,27.28136436449547,250,73.99838953865806,19.64258234243673,16.313115791743982,1021
2,picking,C3,D_power,3,26.810489197433096,250,77.15458303730978,19.303552222151808,16.86536621418403,1021
1,staging,C4,D_power,3,27.97159904024125,617,78.09459669155143,20.139551308973683,17.452346305647023,1021
2,picking,C4,D_power,3,28.23101434922684,621,65.0274179656304,20.32633033144324,17.600136335017737,1021
1,staging,C1,D_power,3,16.467154142813374,3,0.0,11.856350982825633,10.531446571443274,1022
2,picking,C1,D_power,3,16.87763311351491,3,35.34758342837971,12.151895841730736,10.533070865437564,1022
1,staging,C2,D_power,3,27.87264610080924,665,58.5200572375102,20.068305192582635,17.116885464054704,1022
2,picking,C2,D_power,3,27.65539231564043,664,63.45614985634516,19.91188246726106,16.638095710308274,1022
1,staging,C3,D_power,3,25.856538384823907,267,55.64226859603824,18.616707637073212,16.036451864571095,1022
2,picking,C3,D_power,3,25.414079711390787,265,56.55527777966757,18.29813739220137,15.616181998726786,1022
1,staging,C4,D_power,3,26.717587192268304,647,59.54399298168346,19.23666277843314,16.613109425493,1022
2,picking,C4,D_power,3,27.140796016904982,637,56.53896335992022,19.541373132171582,17.038159145372003,1022
1,staging,C1,D_power,3,16.253431024647796,3,56.87632435625213,11.702470337746412,10.532223303971772,1023
2,picking,C1,D_power,3,10.697736861230586,2,33.90956257369192,7.702370540086022,7.017094601839751,1023
1,staging,C2,D_power,3,26.295754717331455,615,68.14674466204741,18.932943396478663,15.669771666539535,1023
2,picking,C2,D_power,3,26.583119282789543,620,66.0668786606463,19.13984588360846,16.02143512816098,1023
1,staging,C3,D_power,3,23.4907546929219,225,65.63763096375665,16.91334337890377,14.421643257192764,1023
2,picking,C3,D_power,3,24.94549329311771,227,63.13326540527193,17.960755171044745,15.212184738098308,1023
1,staging,C4,D_power,3,25.41556522994127,583,65.32397144361191,18.299206965557733,15.944747481656172,1023
2,picking,C4,D_power,3,24.999930999009074,584,60.64525559928604,17.999950319286537,15.592459313044346,1023
1,staging,C1,D_power,3,16.862874238750912,3,41.07358702707655,12.141269451900657,10.524011912065962,1024
2,picking,C1,D_power,3,10.528900223103552,2,0.0,7.580808160634559,7.007158709582368,1024
1,staging,C2,D_power,3,28.30055359957409,621,90.0323254827292,20.376398591693288,17.191503127489536,1024
2,picking,C2,D_power,3,27.670194678985,627,88.68760391082007,19.92254016886916,16.425584160825558,1024
1,staging,C3,D_power,3,25.957814059655497,233,84.69301392315423,18.68962612295196,15.818906513970141,1024
2,picking,C3,D_power,3,26.57290454638877,234,87.68716870680701,19.132491273399925,15.71234912920631,1024
1,staging,C4,D_power,3,26.646884424867185,600,80.89438904307666,19.185756785904328,16.641793990369152,1024
2,picking,C4,D_power,3,27.62392048994544,599,84.8082732172014,19.889222752760684,16.86193218683483,1024
1,staging,C1,D_power,3,15.821887103938948,3,39.800287405611016,11.391758714836042,10.522407339860427,1025
2,picking,C1,D_power,3,12.91175823643872,2,0.0,9.296465930235879,7.011840357449787,1025
1,staging,C2,D_power,3,28.556932935165598,661,62.847986512942846,20.56099171331921,17.227809471749005,1025
2,picking,C2,D_power,3,29.028451125108596,653,74.24410922380856,20.90048481007817,17.656413630886462,1025
1,staging,C3,D_power,3,26.426948839076296,249,54.439410303599,19.027403164134927,16.09800003856148,1025
2,picking,C3,D_power,3,27.195149997660323,249,69.23685899564332,19.58050799831545,16.631375120491274,1025
1,staging,C4,D_power,3,27.63907514292508,628,56.05016860113603,19.90013410290605,17.19241177605628,1025
2,picking,C4,D_power,3,28.061629439426884,636,74.99401596907357,20.204373196387333,17.553605596391595,1025
1,staging,C1,D_power,3,22.00114585931437,4,30.237444040495152,15.840825018706347,14.037523763161143,1026
2,picking,C1,D_power,3,16.58639060566446,3,0.0,11.942201236078409,10.528338857315667,1026
1,staging,C2,D_power,3,29.889801792262205,648,90.89930570855944,21.52065729042872,18.107100146479983,1026
2,picking,C2,D_power,3,30.61036077423719,646,73.63779169013803,22.039459757450732,18.537151362885766,1026
1,staging,C3,D_power,3,29.015244500608034,297,77.9149642251112,20.890976040437785,17.90857717229795,1026
2,picking,C3,D_power,3,27.749590427932592,294,81.10599175820259,19.979705108111446,16.853012803021812,1026
1,staging,C4,D_power,3,29.226110674335086,625,72.19053920875822,21.042799685521206,18.08671148118212,1026
2,picking,C4,D_power,3,29.884086900060048,628,89.51062094717976,21.51654256804319,18.461290028183647,1026
1,staging,C1,D_power,3,16.167465122099962,3,0.0,11.640574887911976,10.519025681164653,1027
2,picking,C1,D_power,3,10.761058618135667,2,0.0,7.74796220505768,7.015656185280368,1027
1,staging,C2,D_power,3,28.803416882573757,637,88.47628358571814,20.73846015545305,17.458113564668352,1027
2,picking,C2,D_power,3,29.30573670196409,635,71.77733415531266,21.100130425414097,17.29912385733233,1027
1,staging,C3,D_power,3,28.090887336283483,269,106.2077941934942,20.225438882124124,17.128324733472375,1027
2,picking,C3,D_power,3,26.15907359160941,268,66.5975020790063,18.83453298595879,15.650358465214712,1027
1,staging,C4,D_power,3,28.201223408830263,609,80.14788245817776,20.304880854357755,17.35459882005874,1027
2,picking,C4,D_power,3,28.117448634746612,611,64.96850385256168,20.244563017017487,17.274305268608618,1027
1,staging,C1,D_power,3,17.63660970552524,3,32.007757286549044,12.698358987978175,10.520094140690523,1028
2,picking,C1,D_power,3,11.51820706457291,2,0.0,8.293109086492496,7.017496494484329,1028
1,staging,C2,D_power,3,27.413586068817647,672,54.77026470719321,19.7377819695487,16.602423123094365,1028
2,picking,C2,D_power,3,26.72653625462506,674,56.49905954502695,19.243106103330042,16.30155640096946,1028
1,staging,C3,D_power,3,24.85866117612712,234,51.635864918542545,17.89823604681153,15.214586344530135,1028
2,picking,C3,D_power,3,24.78278217648865,235,55.624676557123436,17.843603167071837,15.36400273915962,1028
1,staging,C4,D_power,3,26.258117112671407,648,51.51321210464059,18.905844321123414,16.41855669922739,1028
2,picking,C4,D_power,3,26.353816267987728,647,56.04286933095612,18.974747712951178,16.372061713725323,1028
1,staging,C1,D_power,3,21.362315667599777,4,0.0,15.38086728067184,14.02737561669584,1029
2,picking,C1,D_power,3,12.598787104937397,2,0.0,9.071126715554927,7.028683092828961,1029
1,staging,C2,D_power,3,29.825734360079842,617,89.18819168312255,21.47452873925746,17.952956371113533,1029
2,picking,C2,D_power,3,28.45837916630196,617,91.01138168863882,20.490032999737366,17.266380116189136,1029
1,staging,C3,D_power,3,26.930728568238344,260,89.41755508670911,19.39012456913159,16.603396782352384,1029
2,picking,C3,D_power,3,27.802488171017092,260,99.64053447578024,20.017791483132317,16.835298886621352,1029
1,staging,C4,D_power,3,28.62023873854679,590,80.62233530613285,20.60657189175368,17.825541537998735,1029
2,picking,C4,D_power,3,27.78020041572251,586,78.69467493975627,20.001744299320173,17.26332272708171,1029
1,staging,C1,D_power,3,16.94723318823407,3,0.0,12.202007895528528,10.5347909769066,1030
2,picking,C1,D_power,3,10.834750970929685,2,0.0,7.801020699069375,7.020918629162438,1030
1,staging,C2,D_power,3,27.814373982525094,663,50.679430163611386,20.026349267418038,16.99350675648044,1030
2,picking,C2,D_power,3,27.89388266842016,654,41.478653353318506,20.08359552126249,16.88786951625542,1030
1,staging,C3,D_power,3,24.865561491789848,255,49.3832936445562,17.903204274088694,15.32445969394353,1030
2,picking,C3,D_power,3,26.34364551840751,254,45.71127736183616,18.9674247732534,16.339080998176268,1030
1,staging,C4,D_power,3,27.036948379984555,632,47.01593330108478,19.46660283358885,16.80134967225281,1030
2,picking,C4,D_power,3,26.98999376475781,631,41.99775489234608,19.432795510625613,16.962387711594143,1030
1,staging,C1,D_power,3,16.232458712743313,3,6.653363247262072,11.687370273175189,10.518633245857668,1031
2,picking,C1,D_power,3,11.19201439694087,2,71.74652869006749,8.058250365797425,7.028112065745667,1031
1,staging,C2,D_power,3,26.045044403354385,637,54.32727301834793,18.75243197041516,15.523836921436805,1031
2,picking,C2,D_power,3,27.370408579976058,635,60.20818081930828,19.706694177582715,16.831519501277715,1031
1,staging,C3,D_power,3,24.314016326213466,228,54.581795323468604,17.506091754873694,15.046534368265638,1031
2,picking,C3,D_power,3,24.819579193671345,231,61.60949457376947,17.870097019443367,15.28115224651621,1031
1,staging,C4,D_power,3,25.467504550575153,613,42.987692634857225,18.336603276414117,15.798403205782401,1031
2,picking,C4,D_power,3,26.442026579132232,614,59.35846706673024,19.038259136975185,16.450008772487678,1031
1,staging,C1,D_power,3,16.866084449776853,3,2.4064543824459785,12.143580803839335,10.52553066601203,1032
2,picking,C1,D_power,3,10.81851820241146,2,0.9911024109672629,7.78933310573625,7.010399795162625,1032
1,staging,C2,D_power,3,27.850053875582592,645,60.94383974464617,20.052038790419484,16.737711873568514,1032
2,picking,C2,D_power,3,28.072867738313377,641,49.316968861045844,20.212464771585616,16.88011881967733,1032
1,staging,C3,D_power,3,25.796536911517897,246,60.51062371676316,18.5735065762929,15.458951688559592,1032
2,picking,C3,D_power,3,26.484630273749254,249,58.7005195092313,19.06893379709948,16.126564241427467,1032
1,staging,C4,D_power,3,26.347327803759086,611,55.29575133619764,18.970076018706536,16.554781133150982,1032
2,picking,C4,D_power,3,27.22809966227967,612,45.29740800624427,19.60423175684137,16.87261740186316,1032
1,staging,C1,D_power,3,17.98493468695237,3,71.7828111022854,12.94915297460571,10.521420428516567,1033
2,picking,C1,D_power,3,11.118828995128023,2,5.894246638635256,8.005556876492177,7.023431569647972,1033
1,staging,C2,D_power,3,25.88629177722732,634,45.93625606266611,18.638130079603624,15.630790218554178,1033
2,picking,C2,D_power,3,26.67465595541878,633,66.69712549731838,19.205752287901486,16.00922844627713,1033
1,staging,C3,D_power,3,24.298860768072334,231,50.123556651963796,17.495179753012074,14.803800276914146,1033
2,picking,C3,D_power,3,24.49389707581866,233,59.53376349932267,17.63560589458942,14.666174588735528,1033
1,staging,C4,D_power,3,25.039682021509673,609,52.64701154902719,18.02857105548693,15.480874312532537,1033
2,picking,C4,D_power,3,25.72723180204793,608,52.46032834778798,18.523606897474483,16.04578324118766,1033
1,staging,C1,D_power,3,13.157145900321144,2,0.0,9.473145048231224,7.013493821676162,1034
2,picking,C1,D_power,3,15.886019935986647,3,29.908586949514454,11.437934353910386,10.521221307304,1034
1,staging,C2,D_power,3,27.401698135954465,636,53.83745130879666,19.729222657887195,16.487417832149116,1034
2,picking,C2,D_power,3,27.107361592866024,637,60.45665486683321,19.517300346863497,16.51473666088655,1034
1,staging,C3,D_power,3,25.71769725535718,246,50.891438428466124,18.516742023857166,15.42423535119651,1034
2,picking,C3,D_power,3,25.327263509596204,246,59.75146833964757,18.235629726909274,15.498477864715856,1034
1,staging,C4,D_power,3,25.78699652910733,610,42.83905351617825,18.566637500957246,16.06291963878371,1034
2,picking,C4,D_power,3,26.7948435600325,605,57.33730460891804,19.29228736322339,16.807020188812356,1034
1,staging,C1,D_power,3,15.80824945209005,3,15.754965111646985,11.381939605504837,10.513196434677866,1035
2,picking,C1,D_power,3,10.752586043801935,2,0.0,7.741861951537394,7.01014921522755,1035
1,staging,C2,D_power,3,27.68590317503612,652,64.01594190010528,19.93385028602603,16.7818943295967,1035
2,picking,C2,D_power,3,26.98396364803748,656,71.40093600608724,19.428453826586995,16.558082031584938,1035
1,staging,C3,D_power,3,25.448799670750677,246,79.38260863790106,18.32313576294047,15.6242919864768,1035
2,picking,C3,D_power,3,24.921786810484583,245,67.20781679424668,17.943686503548896,15.590872693371042,1035
1,staging,C4,D_power,3,26.550763296721335,631,64.21516371455466,19.1165495736394,16.612539348413268,1035
2,picking,C4,D_power,3,26.426225734728348,625,62.776052673196425,19.02688252900441,16.6097981238795,1035
1,staging,C1,D_power,3,17.275293945254276,3,0.0,12.43821164058308,10.512847295089612,1036
2,picking,C1,D_power,3,16.187635236053662,3,17.79178189569369,11.655097369958638,10.532091183743079,1036
1,staging,C2,D_power,3,28.531675523988127,646,78.88835186172217,20.5428063772714,17.19594531736857,1036
2,picking,C2,D_power,3,29.4557706850851,640,93.84571811470896,21.20815489326119,17.623894339807563,1036
1,staging,C3,D_power,3,27.110383821648,259,76.59161055938071,19.519476351586555,16.35566424305403,1036
2,picking,C3,D_power,3,26.90976914919109,259,76.19867378442322,19.375033787417593,16.505669592535945,1036
1,staging,C4,D_power,3,28.089142815340534,615,69.25557887146198,20.224182827045144,17.227808400806758,1036
2,picking,C4,D_power,3,28.00479258962988,612,91.35486007093336,20.163450664533478,17.430794222372395,1036
1,staging,C1,D_power,3,16.64534865171971,3,94.82766421414368,11.984651029238194,10.524141003458624,1037
2,picking,C1,D_power,3,10.69851103958878,2,0.0,7.702927948503923,7.017602417917919,1037
1,staging,C2,D_power,3,28.82717322955087,631,91.88496921212878,20.755564725276614,17.43215058001458,1037
2,picking,C2,D_power,3,28.77462897522298,630,80.45186399141721,20.717732862160524,17.402046864730707,1037
1,staging,C3,D_power,3,27.096532533964684,268,87.67393000794782,19.50950342445459,16.506049942546102,1037
2,picking,C3,D_power,3,26.51315796338343,267,72.77235166391738,19.08947373363608,16.319307337733278,1037
1,staging,C4,D_power,3,28.195680236889032,601,81.86913089921745,20.3008897705601,17.533359914752978,1037
2,picking,C4,D_power,3,27.45177371950466,604,71.98779588930607,19.76527707804333,17.176781974436754,1037
1,staging,C1,D_power,3,21.960259934742556,4,76.3796240682168,15.811387153014643,14.048175992827325,1038
2,picking,C1,D_power,3,12.231872863053098,2,35.74431130585338,8.806948461398232,7.015941086904216,1038
1,staging,C2,D_power,3,28.461746676595755,631,76.47014908759148,20.492457607148918,17.432471992927965,1038
2,picking,C2,D_power,3,29.495494765018492,642,79.41713817728045,21.236756230813256,17.96836730902583,1038
1,staging,C3,D_power,3,27.372757868012943,258,67.44924775085236,19.708385664969303,16.57245756208517,1038
2,picking,C3,D_power,3,27.57976291115253,259,84.03125784532091,19.857429296029824,16.91321059533162,1038
1,staging,C4,D_power,3,27.948749019444424,613,71.71711918281446,20.123099293999974,17.470585122056114,1038
2,picking,C4,D_power,3,28.36413905999924,611,79.26738278557308,20.422180123199404,17.772047764194635,1038
1,staging,C1,D_power,3,15.955825849491237,3,58.32124939043388,11.488194611633693,10.524365741130547,1039
2,picking,C1,D_power,3,10.477015880666848,2,21.447444725248957,7.543451434080131,7.016175206214923,1039
1,staging,C2,D_power,3,28.37623027800103,653,63.353631689520974,20.43088580016071,17.090468630813472,1039
2,picking,C2,D_power,3,27.55297386986335,653,66.9157530166725,19.838141186301602,16.586238983198825,1039
1,staging,C3,D_power,3,26.517732596922066,251,63.69997469222546,19.092767469783883,16.07945558533832,1039
2,picking,C3,D_power,3,25.82234333427734,251,69.89417345521794,18.592087200679686,15.58629696856515,1039
1,staging,C4,D_power,3,26.518307209375326,628,51.13094559531704,19.09318119075022,16.619319063627742,1039
2,picking,C4,D_power,3,27.092715131071692,621,51.127054351091154,19.50675489437161,16.917110772606758,1039
1,staging,C1,D_power,3,19.690652691984802,3,43.25454108263863,14.177269938229056,10.522897557060121,1040
2,picking,C1,D_power,3,11.177133018181504,2,47.991454879027636,8.047535773090683,7.018920005871645,1040
1,staging,C2,D_power,3,27.4728141623231,652,51.263614599350674,19.780426196872643,16.87073922936283,1040
2,picking,C2,D_power,3,28.1476577338585,658,61.85239074332768,20.266313568378102,17.009578333569102,1040
1,staging,C3,D_power,3,26.09184636077909,274,49.38642114956508,18.786129379760943,16.000318574435298,1040
2,picking,C3,D_power,3,25.69544745044279,270,59.19544893105373,18.500722164318805,15.796453992180396,1040
1,staging,C4,D_power,3,26.955860258646975,627,45.43434831228667,19.408219386225817,16.943878421791496,1040
2,picking,C4,D_power,3,26.997548216410287,630,65.36683273698623,19.438234715815412,16.812383585584872,1040
1,staging,C1,D_power,3,17.29255633820519,3,28.485466045729723,12.450640563507736,10.534726983881717,1041
2,picking,C1,D_power,3,10.757216078198589,2,0.0,7.745195576302985,7.013139126949926,1041
1,staging,C2,D_power,3,28.106506864984876,636,68.14768714954162,20.236684942789076,16.914527896452533,1041
2,picking,C2,D_power,3,28.128329464923034,631,65.33667565752768,20.25239721474456,16.86216262218152,1041
1,staging,C3,D_power,3,26.12626549815054,264,67.16238148913139,18.810911158668386,15.900451237365834,1041
2,picking,C3,D_power,3,26.785816213196963,264,57.80117420831666,19.28578767350182,16.082455345279833,1041
1,staging,C4,D_power,3,27.23039618223535,609,59.49425028648246,19.60588525120944,16.654507483273385,1041
2,picking,C4,D_power,3,27.351782346493515,612,65.74291300774665,19.693283289475314,17.007907320084144,1041
1,staging,C1,D_power,3,16.270017715541385,3,20.959178993830815,11.714412755189796,10.542971479670816,1042
2,picking,C1,D_power,3,10.755814255805888,2,18.92161778178294,7.7441862641802395,7.012242894859996,1042
1,staging,C2,D_power,3,28.243736326172847,638,63.41466842116061,20.335490154844457,17.007228988396516,1042
2,picking,C2,D_power,3,28.205330725011535,637,77.18032677102428,20.307838122008317,16.93779417548403,1042
1,staging,C3,D_power,3,26.114056563622444,264,69.87288233693126,18.802120725808155,15.57195195819613,1042
2,picking,C3,D_power,3,27.018177186614757,260,67.98271577224405,19.45308757436263,16.400122006139817,1042
1,staging,C4,D_power,3,26.88805004542797,606,63.433479069807596,19.35939603270814,16.70765890138245,1042
2,picking,C4,D_power,3,27.52848993226194,612,68.91423193240159,19.820512751228627,17.06021057962503,1042
1,staging,C1,D_power,3,15.677477499818055,3,60.75320445680372,11.287783799869002,10.528345943362103,1043
2,picking,C1,D_power,3,10.752561691111124,2,10.335203916509515,7.74184441760001,7.010120432841628,1043
1,staging,C2,D_power,3,29.236144130970004,645,83.56225575930185,21.050023774298396,17.739521506660573,1043
2,picking,C2,D_power,3,29.629558789092318,643,82.67908296247258,21.333282328146467,17.849917091765462,1043
1,staging,C3,D_power,3,27.737073720715884,278,70.32912707941996,19.970693078915442,16.932996461072648,1043
2,picking,C3,D_power,3,27.996014379660934,277,81.54976956756553,20.15713035335589,16.814760150907116,1043
1,staging,C4,D_power,3,28.375853899922767,622,78.14251055927504,20.4306148079444,17.71765378211711,1043
2,picking,C4,D_power,3,28.829260348293328,618,79.7217939670036,20.757067450771185,17.762701482975604,1043
1,staging,C1,D_power,3,22.331835754696076,4,32.52164537896497,16.07892174338118,14.024875385539,1044
2,picking,C1,D_power,3,16.506692325848736,3,0.0,11.884818474611087,10.515041879684931,1044
1,staging,C2,D_power,3,28.752373810246983,645,64.33155920704363,20.70170914337778,17.200713385451394,1044
2,picking,C2,D_power,3,28.731830029687433,636,64.52976402552969,20.686917621374914,17.280268044249265,1044
1,staging,C3,D_power,3,26.716848733686337,254,62.95291704498872,19.236131088254172,16.090091350302504,1044
2,picking,C3,D_power,3,26.919637287724612,252,62.23612188722714,19.382138847161723,16.388965114307187,1044
1,staging,C4,D_power,3,27.458506278269603,622,60.65749010828857,19.7701245203541,17.223799686588464,1044
2,picking,C4,D_power,3,28.134100392362445,612,53.905087683010024,20.25655228250089,17.141681743112194,1044
1,staging,C1,D_power,3,15.671203088236005,3,38.75573609564162,11.283266223529926,10.524316888250285,1045
2,picking,C1,D_power,3,10.547429945049586,2,16.170765859441598,7.594149560435701,7.019150167876716,1045
1,staging,C2,D_power,3,28.01218904823272,637,66.9499058934327,20.16877611472756,17.307900005908753,1045
2,picking,C2,D_power,3,27.937074892927843,632,66.03052408356788,20.114693922908042,17.052638309692583,1045
1,staging,C3,D_power,3,26.12103861239633,267,66.71446901715265,18.80714780092537,16.22704765770274,1045
2,picking,C3,D_power,3,26.495238599191534,265,80.4414001994419,19.076571791417898,16.118801146230794,1045
1,staging,C4,D_power,3,27.201407887211833,613,56.72529994967329,19.585013678792542,17.096613106648864,1045
2,picking,C4,D_power,3,27.29724708176427,612,68.59302390795139,19.654017898870265,17.154841875619137,1045
1,staging,C1,D_power,3,16.940465664092937,3,0.0,12.197135278146916,10.52878826901972,1046
2,picking,C1,D_power,3,11.176073913734783,2,0.0,8.046773217889044,7.01777875350175,1046
1,staging,C2,D_power,3,27.997717380047828,623,79.06743195320968,20.158356513634388,17.087014387214925,1046
2,picking,C2,D_power,3,28.168294553394286,629,82.45727684828967,20.28117207844385,17.208743688068196,1046
1,staging,C3,D_power,3,26.333810456529815,282,93.31028410430194,18.960343528701458,16.199616480921428,1046
2,picking,C3,D_power,3,26.348014322914644,280,74.08138049202755,18.97057031249854,16.276613816584035,1046
1,staging,C4,D_power,3,27.092081145690187,608,76.81242572030642,19.50629842489691,16.919644500187204,1046
2,picking,C4,D_power,3,27.69206296016,601,69.56422296782765,19.93828533131518,17.279863575095934,1046
1,staging,C1,D_power,3,16.581272444656094,3,43.250759002771396,11.93851616015239,10.520621232093097,1047
2,picking,C1,D_power,3,10.827789813346728,2,36.640840636821544,7.796008665609644,7.01640779904868,1047
1,staging,C2,D_power,3,28.568342132217023,634,81.48223961625567,20.569206335196228,17.532851462804988,1047
2,picking,C2,D_power,3,28.09720360898535,634,85.50305235467201,20.229986598469427,17.16604514000914,1047
1,staging,C3,D_power,3,26.436962566391685,276,82.19726557634935,19.034613047802015,16.133494611266453,1047
2,picking,C3,D_power,3,27.17231586264999,274,82.64222722731681,19.564067421108,16.617329146723268,1047
1,staging,C4,D_power,3,27.803521655558022,610,86.9301319020956,20.018535592001772,17.356187101873164,1047
2,picking,C4,D_power,3,27.393049835333127,608,73.8969680015048,19.72299588143983,17.230080468183576,1047
1,staging,C1,D_power,3,15.823172413827683,3,17.14388333152674,11.392684137955932,10.5232472647677,1048
2,picking,C1,D_power,3,11.18013833363648,2,0.0,8.049699600218265,7.02084819094406,1048
1,staging,C2,D_power,3,27.297703250506842,637,53.153452209318395,19.6543463403649,16.298442630010694,1048
2,picking,C2,D_power,3,27.761080291691638,641,59.4243332720263,19.98797781001795,16.959152825701167,1048
1,staging,C3,D_power,3,25.172134994132144,231,48.67216125773385,18.123937195775152,15.449681927728617,1048
2,picking,C3,D_power,3,25.859979232973686,229,55.437106843802056,18.619185047741055,15.755324927253055,1048
1,staging,C4,D_power,3,26.137913195292196,611,51.920781282452715,18.81929750061037,16.317531024183793,1048
2,picking,C4,D_power,3,27.09357084660476,615,54.01928857204124,19.50737100955541,16.8202866537503,1048
1,staging,C1,D_power,3,16.86744874058698,2,25.519378116263518,12.144563093222626,7.029243792982319,1049
2,picking,C1,D_power,3,18.333936324182286,3,112.51664047283352,13.200434153411248,10.522438164290485,1049
1,staging,C2,D_power,3,28.359013024137713,611,85.16868464265382,20.41848937737915,17.326036247530368,1049
2,picking,C2,D_power,3,27.661786988513086,616,76.9077163603492,19.9164866317294,16.66186793196472,1049
1,staging,C3,D_power,3,26.05828001648714,252,74.21417174264477,18.761961611870753,16.237845073627454,1049
2,picking,C3,D_power,3,26.236658460873226,251,70.11952989795259,18.890394091828732,15.826128844953256,1049
1,staging,C4,D_power,3,27.004666667504324,586,75.63556884190416,19.443360000603125,16.93081816991994,1049
2,picking,C4,D_power,3,27.13435676988958,586,76.28235804761971,19.53673687432049,16.928752676241825,1049
1,staging,C1,D_power,3,16.182252177275284,3,4.4278579886022875,11.651221567638206,10.528632193700156,1050
2,picking,C1,D_power,3,10.75493953531152,2,23.40948246202473,7.7435564654242945,7.011644055177152,1050
1,staging,C2,D_power,3,28.39895064347277,650,76.14967824629399,20.44724446330039,17.174395548096246,1050
2,picking,C2,D_power,3,27.621418699179067,658,69.35277012042135,19.887421463408916,16.975714034114443,1050
1,staging,C3,D_power,3,25.21906747595033,234,73.44817197445518,18.157728582684236,15.720166737505853,1050
2,picking,C3,D_power,3,26.552604964071076,235,57.872486983484606,19.11787557413118,16.272345204196032,1050
1,staging,C4,D_power,3,27.435607011702434,622,67.15479393937859,19.753637048425755,17.25979202080512,1050
2,picking,C4,D_power,3,26.82097739797807,630,70.64740860166921,19.31110372654419,16.76198422807224,1050
1,staging,C1,D_power,3,16.11485206981009,3,75.81470753124158,11.602693490263267,10.527357795772428,1051
2,picking,C1,D_power,3,11.16617466749176,2,0.0,8.039645760594066,7.011826104541895,1051
1,staging,C2,D_power,3,29.27997888234443,621,94.58388648189637,21.08158479528799,17.56809975670444,1051
2,picking,C2,D_power,3,29.87310385851547,611,93.31257219525786,21.508634778131082,17.8796396991655,1051
1,staging,C3,D_power,3,27.83303109578697,252,89.40461326116855,20.039782388966607,16.57103651674643,1051
2,picking,C3,D_power,3,27.57889453021276,255,93.6270306460852,19.856804061753195,16.933152898594273,1051
1,staging,C4,D_power,3,28.057620580174188,588,83.23404798923028,20.20148681772541,17.35383426547399,1051
2,picking,C4,D_power,3,28.785381299544333,582,89.59012065656292,20.725474535671907,17.95273852372929,1051
1,staging,C1,D_power,3,17.28152314410618,3,15.054240126048535,12.442696663756452,10.517054607845878,1052
2,picking,C1,D_power,3,11.101781179467459,2,0.0,7.99328244921657,7.012644124047222,1052
1,staging,C2,D_power,3,28.24429097633584,639,69.97782950134113,20.33588950296179,16.97763511969512,1052
2,picking,C2,D_power,3,27.927012594685426,638,61.05873400430484,20.1074490681735,16.880287507156176,1052
1,staging,C3,D_power,3,25.415569032223946,267,60.970771494758196,18.299209703201235,15.572259533585541,1052
2,picking,C3,D_power,3,26.905658635920936,266,69.30736912048181,19.372074217863076,16.30391810252056,1052
1,staging,C4,D_power,3,27.199064641959325,614,64.40680404998595,19.583326542210685,16.764873929486075,1052
2,picking,C4,D_power,3,27.56522290001756,617,65.23181205152474,19.84696048801264,17.010905571167743,1052
1,staging,C1,D_power,3,15.829102233684067,3,62.097015566477175,11.396953608252527,10.526769975522665,1053
2,picking,C1,D_power,3,16.586360795977388,3,0.0,11.942179773103721,10.529230675716615,1053
1,staging,C2,D_power,3,27.972989368689976,644,69.37071907127147,20.140552345456783,17.090311233083728,1053
2,picking,C2,D_power,3,28.42086359386317,641,77.83019877115717,20.463021787581447,17.35543941815564,1053
1,staging,C3,D_power,3,26.210662937251776,254,74.4916178236308,18.871677314821284,16.053186348735675,1053
2,picking,C3,D_power,3,26.540749898261073,252,85.87151885653238,19.10933992674797,16.49157450220471,1053
1,staging,C4,D_power,3,27.411506448071222,621,71.08585734879021,19.736284642611277,17.120884607691494,1053
2,picking,C4,D_power,3,27.404556457751966,617,72.4796356352392,19.731280649581393,17.209366043547874,1053
1,staging,C1,D_power,3,17.99745006516973,3,4.033032072761853,12.958164046922205,10.529386208434488,1054
2,picking,C1,D_power,3,16.516891739128493,3,0.0,11.892162052172512,10.521270550196295,1054
1,staging,C2,D_power,3,29.337448920012378,626,89.18515947983799,21.12296322240884,17.57617715177117,1054
2,picking,C2,D_power,3,28.816368704622143,619,75.72376681281153,20.747785467327898,17.401125441988913,1054
1,staging,C3,D_power,3,27.033093527028335,270,87.96780520454374,19.463827339460405,16.10067165574067,1054
2,picking,C3,D_power,3,27.719426816022164,268,72.25072661594032,19.957987307535966,16.99063215648831,1054
1,staging,C4,D_power,3,28.385920549808404,598,82.36860299598666,20.43786279586203,17.507963281171303,1054
2,picking,C4,D_power,3,28.117303218392127,597,68.98408909398229,20.24445831724227,17.351700423699885,1054
1,staging,C1,D_power,3,15.681120994237213,3,0.0,11.290407115850794,10.530996672834597,1055
2,picking,C1,D_power,3,11.181882861257424,2,0.0,8.050955660105346,7.021877972281111,1055
1,staging,C2,D_power,3,29.207826869313745,655,71.26113052236727,21.029635345905888,17.67882040925861,1055
2,picking,C2,D_power,3,29.242370593445223,663,74.6546837818837,21.0545068272805,17.646915346968317,1055
1,staging,C3,D_power,3,27.47650467237254,268,73.41347442980107,19.783083364108244,16.920249678133498,1055
2,picking,C3,D_power,3,27.108687451631702,268,71.25279557769453,19.51825496517483,16.498039201401323,1055
1,staging,C4,D_power,3,28.51330239826133,629,70.20840517610635,20.529577726748116,17.63329014656205,1055
2,picking,C4,D_power,3,28.07935279536955,632,68.2620279690282,20.217134012666055,17.566251165220446,1055
1,staging,C1,D_power,3,16.103416916052655,3,0.0,11.594460179557913,10.5199470325283,1056
2,picking,C1,D_power,3,17.570529788552665,3,0.0,12.650781447757918,10.520167423995217,1056
1,staging,C2,D_power,3,28.952547496407234,640,65.73801653960793,20.84583419741317,17.455284883714498,1056
2,picking,C2,D_power,3,28.060238959713228,639,64.27011512924746,20.20337205099352,16.666563524713233,1056
1,staging,C3,D_power,3,26.497778599342876,258,63.86750986244524,19.078400591526876,16.273478605939697,1056
2,picking,C3,D_power,3,26.4308153431144,258,67.52079317679859,19.03018704704237,15.881088028727731,1056
1,staging,C4,D_power,3,27.665005041819946,608,61.26425629267307,19.918803630110357,17.07563603177295,1056
2,picking,C4,D_power,3,27.428688028899362,610,61.069406246219934,19.748655380807516,16.909323487765903,1056
1,staging,C1,D_power,5,10.133721063196388,3,0.0,12.160465275835666,10.53829721910013,1007
2,picking,C1,D_power,5,6.866778913542968,2,0.0,8.240134696251562,7.012242141158348,1007
1,staging,C2,D_power,5,16.610142517822794,652,30.101238774219475,19.932171021387376,16.899447563004312,1007
2,picking,C2,D_power,5,17.631867281569065,655,26.482818332888943,21.15824073788291,17.721036241698712,1007
1,staging,C3,D_power,5,15.286514871452816,184,28.583801805506596,18.34381784574339,15.875369894961649,1007
2,picking,C3,D_power,5,16.388226713714733,185,26.114128279218523,19.665872056457687,16.451940805277804,1007
1,staging,C4,D_power,5,16.423120749119914,629,30.163979056385916,19.707744898943922,17.10887727261692,1007
2,picking,C4,D_power,5,16.612298801079888,621,24.5640922504727,19.934758561295908,17.38327319875275,1007
1,staging,C1,D_power,5,13.369205221818243,3,44.370621178881144,16.04304626618189,10.53942901027681,1008
2,picking,C1,D_power,5,7.342007625723082,2,0.0,8.810409150867699,7.018974352133158,1008
1,staging,C2,D_power,5,16.148155747736574,650,19.048140438468995,19.377786897283894,16.184911042079634,1008
2,picking,C2,D_power,5,17.046347911862274,648,17.00881839103504,20.45561749423473,17.23388120921931,1008
1,staging,C3,D_power,5,15.154813566993944,191,21.858657310808617,18.18577628039274,15.229314281433401,1008
2,picking,C3,D_power,5,15.607279668732065,189,12.950758441500982,18.728735602478476,15.96277314257217,1008
1,staging,C4,D_power,5,15.610376046954674,622,17.984542134400442,18.73245125634559,16.33721022385387,1008
2,picking,C4,D_power,5,16.542499673792122,625,15.531464924771095,19.85099960855057,16.966082027445083,1008
1,staging,C1,D_power,5,9.744334293704902,3,0.0,11.693201152445884,10.523881037201296,1009
2,picking,C1,D_power,5,6.742339084391053,2,0.0,8.09080690126926,7.02040370318835,1009
1,staging,C2,D_power,5,18.276248309940463,637,32.58520673680063,21.931497971928533,18.07593994869105,1009
2,picking,C2,D_power,5,17.61362556930136,647,34.073452451055175,21.136350683161655,17.822733680587564,1009
1,staging,C3,D_power,5,16.385272876901315,199,27.956216439267997,19.662327452281577,16.672144825614204,1009
2,picking,C3,D_power,5,16.866910231532376,198,30.10128553421766,20.240292277838844,17.059380790848962,1009
1,staging,C4,D_power,5,17.485872962358012,610,31.62729619964294,20.98304755482963,18.000448841835258,1009
2,picking,C4,D_power,5,17.23115469404456,618,33.09075718263949,20.67738563285349,17.774169231887807,1009
1,staging,C1,D_power,5,10.248738376096025,3,0.0,12.29848605131523,10.526333493505946,1010
2,picking,C1,D_power,5,9.710335228005354,3,0.0,11.652402273606425,10.529692970141273,1010
1,staging,C2,D_power,5,16.717867627197492,651,19.562341074871604,20.061441152637013,16.864547054162625,1010
2,picking,C2,D_power,5,16.966212573764864,657,26.193698881152315,20.359455088517876,17.176007187262446,1010
1,staging,C3,D_power,5,15.622826950483123,192,16.279846157675546,18.747392340579758,15.87469460653665,1010
2,picking,C3,D_power,5,15.357825627248529,195,18.416928892852727,18.429390752698247,15.80098824194723,1010
1,staging,C4,D_power,5,16.37872532508072,630,21.43236469132661,19.654470390096865,17.041163460593683,1010
2,picking,C4,D_power,5,16.17633474168688,633,21.483015833402483,19.411601690024305,16.89030744749806,1010
1,staging,C1,D_power,5,9.716057321427755,3,12.298561485575677,11.659268785713305,10.535889356855792,1011
2,picking,C1,D_power,5,7.167045270666583,2,13.292227150115771,8.600454324799902,7.015128021843834,1011
1,staging,C2,D_power,5,17.964035984494302,665,36.17773801340043,21.556843181393194,17.95086955670476,1011
2,picking,C2,D_power,5,17.52324983857339,671,37.864938224657955,21.02789980628811,17.96564221115615,1011
1,staging,C3,D_power,5,16.41381185204429,193,32.440722713003616,19.696574222453158,16.578610215471922,1011
2,picking,C3,D_power,5,16.386797197709445,192,37.084997365026645,19.66415663725134,16.912323136913695,1011
1,staging,C4,D_power,5,17.446606953740755,644,35.89793385749697,20.935928344488943,18.110713534047846,1011
2,picking,C4,D_power,5,16.960306453180202,645,35.21541021638057,20.352367743816277,17.6664093449242,1011
1,staging,C1,D_power,5,9.752303764931465,3,0.0,11.702764517917757,10.532488066125982,1012
2,picking,C1,D_power,5,6.290648806830005,2,0.0,7.5487785681960045,7.0213270263048635,1012
1,staging,C2,D_power,5,16.417392410785283,616,30.14082322850314,19.700870892942365,16.665147276980985,1012
2,picking,C2,D_power,5,16.746880768995183,610,27.53208215805409,20.09625692279422,17.004362259894396,1012
1,staging,C3,D_power,5,15.103402830451998,164,27.15303843701354,18.124083396542403,15.505634948403237,1012
2,picking,C3,D_power,5,15.507744518863262,161,23.16042485346476,18.609293422635904,15.910404564228019,1012
1,staging,C4,D_power,5,16.219447262253635,588,31.860144392701713,19.463336714704372,16.866655621955896,1012
2,picking,C4,D_power,5,15.930898855095213,586,26.025585987446558,19.117078626114285,16.671131692697276,1012
1,staging,C1,D_power,5,9.788665213673326,3,12.493162806804927,11.746398256407993,10.531718699400894,1013
2,picking,C1,D_power,5,9.92194045588942,3,0.0,11.906328547067304,10.533810331652045,1013
1,staging,C2,D_power,5,17.28104524537849,640,26.37090475974382,20.737254294454207,17.43503973210389,1013
2,picking,C2,D_power,5,17.28812325860389,641,29.240987722079716,20.74574791032468,17.64587191246925,1013
1,staging,C3,D_power,5,15.866930838187217,206,24.733337913331578,19.040317005824647,16.24887800701316,1013
2,picking,C3,D_power,5,16.23284864015399,207,30.17295765932443,19.479418368184778,16.623761895380934,1013
1,staging,C4,D_power,5,16.580832489883345,617,24.187200216893043,19.896998987860016,17.3035158493372,1013
2,picking,C4,D_power,5,17.01183655829378,615,31.05949976573508,20.41420386995256,17.66617357301372,1013
1,staging,C1,D_power,5,9.569809165328282,3,0.0,11.48377099839394,10.520289578989445,1014
2,picking,C1,D_power,5,6.496827143110193,2,0.0,7.796192571732232,7.0165733145590075,1014
1,staging,C2,D_power,5,16.630386003461602,615,29.52976262356144,19.95646320415392,16.658480717334555,1014
2,picking,C2,D_power,5,16.3338379698784,611,25.83784320068848,19.60060556385412,16.271909953991706,1014
1,staging,C3,D_power,5,15.71052452505144,179,38.0675323655564,18.85262943006173,15.570647785340624,1014
2,picking,C3,D_power,5,15.293010296159235,173,21.637447071140045,18.351612355391097,15.09497908751389,1014
1,staging,C4,D_power,5,15.575302129757448,588,28.862183213035607,18.69036255570894,16.249099829166347,1014
2,picking,C4,D_power,5,15.962435493454361,582,22.47005377921042,19.154922592145265,16.559374175493275,1014
1,staging,C1,D_power,5,9.696536263298606,3,0.0,11.635843515958328,10.514703689955866,1015
2,picking,C1,D_power,5,10.595562482021874,3,0.0,12.714674978426249,10.533245300370607,1015
1,staging,C2,D_power,5,17.823160822197934,637,42.16085286803788,21.387792986637535,17.515847351954385,1015
2,picking,C2,D_power,5,17.837441742387927,645,36.693657547006445,21.40493009086555,18.0301571939277,1015
1,staging,C3,D_power,5,16.544214905255195,192,43.22690761647961,19.85305788630623,16.55107824699228,1015
2,picking,C3,D_power,5,16.434421064622875,194,35.918905906558045,19.721305277547447,16.71339852111212,1015
1,staging,C4,D_power,5,17.15513902069396,616,42.295797190564116,20.58616682483277,17.653336935297617,1015
2,picking,C4,D_power,5,17.340523614705607,612,34.974352016979005,20.808628337646773,17.76861205502891,1015
1,staging,C1,D_power,5,11.389785669298261,3,12.45076149321382,13.667742803157916,10.524009050041691,1016
2,picking,C1,D_power,5,6.461348644429818,2,18.545140264322495,7.753618373315781,7.020717526975915,1016
1,staging,C2,D_power,5,17.611506688402866,659,36.53710935834179,21.133808026083454,17.717883162084885,1016
2,picking,C2,D_power,5,17.41051834445194,660,34.402223802454266,20.892622013342333,17.603982303821695,1016
1,staging,C3,D_power,5,16.058526085427875,198,39.31355733748965,19.270231302513444,16.34518980913112,1016
2,picking,C3,D_power,5,16.151640119047016,197,33.945740464951925,19.381968142856415,16.68172785186811,1016
1,staging,C4,D_power,5,17.106755240392804,631,35.31343261921231,20.528106288471378,17.840665911570984,1016
2,picking,C4,D_power,5,16.686198977201972,628,32.66184840521422,20.023438772642372,17.34003288766893,1016
1,staging,C1,D_power,5,13.392449438088287,3,2.17366711215606,16.070939325705943,10.521875587386194,1017
2,picking,C1,D_power,5,13.2263526230896,3,0.0,15.871623147707517,10.53153976942712,1017
1,staging,C2,D_power,5,16.02203934147754,613,21.122600809350427,19.226447209773067,16.214413733273034,1017
2,picking,C2,D_power,5,16.45015873234139,607,16.613230574520607,19.740190478809673,16.693482201777787,1017
1,staging,C3,D_power,5,14.733045038052122,178,20.83610714061746,17.679654045662545,15.340470034321495,1017
2,picking,C3,D_power,5,14.979369474227447,173,16.07142259429825,17.975243369072942,15.212981456284899,1017
1,staging,C4,D_power,5,16.23378288053464,587,18.78363174441432,19.48053945664159,16.862705706726864,1017
2,picking,C4,D_power,5,15.262055153819388,588,11.957186626283878,18.31446618458327,15.93182911721283,1017
1,staging,C1,D_power,5,11.384452567792312,3,21.858302979917546,13.661343081350775,10.519494047711481,1018
2,picking,C1,D_power,5,7.119064381951142,2,0.0,8.54287725834137,7.018082421156947,1018
1,staging,C2,D_power,5,16.316414889938617,627,27.141048201900357,19.579697867926352,16.558713690271425,1018
2,picking,C2,D_power,5,16.78606733924503,627,24.970942313710005,20.14328080709408,17.0262097816926,1018
1,staging,C3,D_power,5,15.465421794930398,181,34.45578537095342,18.558506153916493,15.90205612538404,1018
2,picking,C3,D_power,5,15.256220368921024,180,30.64855310540946,18.307464442705232,15.417536602834456,1018
1,staging,C4,D_power,5,15.621799566054426,603,22.828025717945525,18.746159479265327,16.398586246958306,1018
2,picking,C4,D_power,5,16.279990949505166,601,27.406923441254683,19.535989139406233,17.06655944722795,1018
1,staging,C1,D_power,5,6.913394365532226,2,0.0,8.29607323863867,7.020477910158263,1019
2,picking,C1,D_power,5,9.914630805300876,3,0.0,11.897556966361051,10.526398666283503,1019
1,staging,C2,D_power,5,16.957016018147517,644,29.128424333149784,20.348419221777032,17.172641534472845,1019
2,picking,C2,D_power,5,16.96728209419219,654,33.57179087828829,20.36073851303062,17.413346153080102,1019
1,staging,C3,D_power,5,15.702416239222963,184,35.11849247217563,18.842899487067555,16.159375894724615,1019
2,picking,C3,D_power,5,15.741084449242729,182,37.10075579005177,18.889301339091283,16.10057953052979,1019
1,staging,C4,D_power,5,16.142952905959,618,26.953342539864146,19.371543487150795,16.87989679655705,1019
2,picking,C4,D_power,5,16.765824938555173,623,34.44592199975698,20.11898992626622,17.573479779884803,1019
1,staging,C1,D_power,5,12.988860731549492,4,0.0,15.586632877859394,14.027969590073454,1020
2,picking,C1,D_power,5,9.667294228359346,3,0.0,11.600753074031216,10.525711118885138,1020
1,staging,C2,D_power,5,18.442913590748812,626,36.748799931277894,22.131496308898594,18.294790839919678,1020
2,picking,C2,D_power,5,17.93520678663419,627,33.17026726491475,21.52224814396106,17.85311209126113,1020
1,staging,C3,D_power,5,17.05155597702377,197,34.81734052879257,20.461867172428523,16.79281799257607,1020
2,picking,C3,D_power,5,17.301495004107228,197,37.16623300181074,20.761794004928678,17.136032975678926,1020
1,staging,C4,D_power,5,17.154076574902334,600,31.720677454863527,20.584891889882815,17.350816077973377,1020
2,picking,C4,D_power,5,17.935500853075972,599,35.770307778349405,21.52260102369119,18.673031297651896,1020
1,staging,C1,D_power,5,9.72345157252104,3,15.92577975487499,11.668141887025248,10.5438826766884,1021
2,picking,C1,D_power,5,6.873548271143763,2,0.0,8.248257925372515,7.019516630642938,1021
1,staging,C2,D_power,5,17.574807490318396,644,35.65456194080345,21.089768988382072,17.877834752230644,1021
2,picking,C2,D_power,5,17.219656484068103,648,40.106513350537895,20.663587780881734,17.292286777322964,1021
1,staging,C3,D_power,5,16.00801418400024,166,37.152808180438235,19.20961702080029,16.50138712995883,1021
2,picking,C3,D_power,5,16.09057364456729,160,27.485032478071894,19.308688373480734,16.218175652379145,1021
1,staging,C4,D_power,5,16.88204384956273,616,35.427834569227265,20.258452619475282,17.64114025966941,1021
2,picking,C4,D_power,5,16.757178964081962,624,38.156962343295284,20.10861475689835,17.40920349210643,1021
1,staging,C1,D_power,5,9.919660378434012,3,0.0,11.903592454120814,10.531446571443274,1022
2,picking,C1,D_power,5,10.168205109762397,3,7.340709058220455,12.201846131714877,10.533070865437566,1022
1,staging,C2,D_power,5,16.672524580389712,669,20.283482942263554,20.00702949646767,16.694702969134656,1022
2,picking,C2,D_power,5,16.86478848994582,660,19.74206059724945,20.237746187935,17.075342245523977,1022
1,staging,C3,D_power,5,14.822076557642225,189,24.697871838698678,17.786491869170682,15.152481191265597,1022
2,picking,C3,D_power,5,16.073864299206125,188,27.251709683913035,19.288637159047347,16.324436373770453,1022
1,staging,C4,D_power,5,16.69418029798115,636,18.36366518707985,20.03301635757737,17.22572727738616,1022
2,picking,C4,D_power,5,15.715173621860353,646,21.203377139562285,18.85820834623244,16.437373492828044,1022
1,staging,C1,D_power,5,10.125989785380023,3,24.838667350840844,12.151187742456028,10.532223303971772,1023
2,picking,C1,D_power,5,7.54572666279193,2,7.402502929732509,9.054871995350316,7.0170946018397515,1023
1,staging,C2,D_power,5,16.14771948214803,622,29.305540608589034,19.377263378577634,16.215805080861813,1023
2,picking,C2,D_power,5,15.611861407762595,615,21.246255530583614,18.734233689315133,15.475401713838663,1023
1,staging,C3,D_power,5,14.38475386111616,162,25.193170117012794,17.2617046333394,14.825635395266328,1023
2,picking,C3,D_power,5,14.200073422486664,160,24.60332660098098,17.040088106983994,14.573758136530854,1023
1,staging,C4,D_power,5,15.008980211373842,584,24.14204603557959,18.010776253648615,15.652542304037103,1023
2,picking,C4,D_power,5,15.212045159419787,584,24.87389713485154,18.254454191303743,15.882525601774493,1023
1,staging,C1,D_power,5,9.705039646219896,3,10.199892985245363,11.646047575463877,10.524011912065962,1024
2,picking,C1,D_power,5,6.317340133862132,2,0.0,7.580808160634559,7.007158709582368,1024
1,staging,C2,D_power,5,17.164007506354277,622,43.91667284332295,20.59680900762517,17.09891907966257,1024
2,picking,C2,D_power,5,16.68403902479125,626,40.664534656499164,20.020846829749498,16.518168208652476,1024
1,staging,C3,D_power,5,15.177906224209178,168,30.8457961063717,18.213487469051,15.335041607623992,1024
2,picking,C3,D_power,5,16.09785989210489,173,37.95148010423361,19.317431870525866,16.00949922851223,1024
1,staging,C4,D_power,5,16.314161047427415,601,40.217065846067804,19.576993256912925,17.039398061150017,1024
2,picking,C4,D_power,5,16.345825174240947,597,37.973638273004866,19.614990209089154,16.462189227165034,1024
1,staging,C1,D_power,5,9.532399768649901,3,9.019717572583128,11.43887972237988,10.522407339860427,1025
2,picking,C1,D_power,5,6.733813252772072,2,0.0,8.080575903326487,7.011840357449787,1025
1,staging,C2,D_power,5,17.245687981618097,657,26.136414077865595,20.694825577941742,17.399900754920754,1025
2,picking,C2,D_power,5,17.165631206022837,657,30.301734543094096,20.5987574472274,17.487509654968473,1025
1,staging,C3,D_power,5,16.154043962775457,183,22.968100312883244,19.38485275533055,16.17757168092878,1025
2,picking,C3,D_power,5,15.754820884773771,186,27.030483880856814,18.905785061728515,16.19924063735318,1025
1,staging,C4,D_power,5,16.945051713577005,629,26.232541413510532,20.334062056292435,17.530064450553795,1025
2,picking,C4,D_power,5,16.362776366474876,634,29.10194815412215,19.63533163976985,17.232040403779877,1025
1,staging,C1,D_power,5,16.414786677462846,5,0.0,19.697744012955418,17.54641265205006,1026
2,picking,C1,D_power,5,13.054631687301473,3,0.0,15.665558024761769,10.528338857315667,1026
1,staging,C2,D_power,5,18.111080739084354,649,33.71421886922487,21.733296886901236,18.15890949625043,1026
2,picking,C2,D_power,5,18.277788884806053,646,31.321323528973917,21.933346661767292,18.4853420131153,1026
1,staging,C3,D_power,5,16.889711621903025,205,31.85549377048044,20.26765394628363,17.07938758170281,1026
2,picking,C3,D_power,5,16.99555533210235,205,28.149213088782524,20.39466639852281,17.442530594329668,1026
1,staging,C4,D_power,5,18.1183345713105,625,37.26491182015794,21.742001485572626,18.79312381683132,1026
2,picking,C4,D_power,5,17.099806518994626,622,25.97805955404913,20.519767822793575,17.739905470312205,1026
1,staging,C1,D_power,5,7.899446961133689,2,0.0,9.479336353360427,7.016702147318994,1027
2,picking,C1,D_power,5,9.528654404759378,3,0.0,11.434385285711253,10.517979719126028,1027
1,staging,C2,D_power,5,17.763088857170516,635,40.25135096567878,21.315706628604634,17.51065703285481,1027
2,picking,C2,D_power,5,17.390529532633558,639,31.231128981288446,20.868635439160272,17.246580389145848,1027
1,staging,C3,D_power,5,16.44365848402772,183,46.76372225644847,19.73239018083326,16.243068556884953,1027
2,picking,C3,D_power,5,16.194099803759894,182,35.30367017527096,19.432919764511855,16.29464110081635,1027
1,staging,C4,D_power,5,17.179606427418577,609,35.79107996002713,20.61552771290228,17.52964277739671,1027
2,picking,C4,D_power,5,16.774423487761503,610,29.048802613804053,20.12930818531382,17.092844644603936,1027
1,staging,C1,D_power,5,10.542614708568841,3,0.0,12.651137650282612,10.52009414069052,1028
2,picking,C1,D_power,5,6.739995995232646,2,0.0,8.087995194279175,7.017496494484329,1028
1,staging,C2,D_power,5,16.399961106930153,671,27.709921555520467,19.679953328316206,16.615318494448896,1028
2,picking,C2,D_power,5,16.139079664380258,675,24.85544088236636,19.366895597256327,16.28866102961488,1028
1,staging,C3,D_power,5,14.631509986325941,169,23.39837895691283,17.557811983591122,14.845348479659325,1028
2,picking,C3,D_power,5,15.292115644985845,166,25.646458812778373,18.350538773983022,15.500825488849006,1028
1,staging,C4,D_power,5,15.927848133503748,646,27.14998841581253,19.11341776020452,16.44263353794361,1028
2,picking,C4,D_power,5,15.664811484207453,648,24.540885668140625,18.79777378104896,16.345845986120178,1028
1,staging,C1,D_power,5,9.700019626510201,3,0.0,11.640023551812241,10.518486727806923,1029
2,picking,C1,D_power,5,9.964846135720757,3,0.0,11.95781536286491,10.537571981717877,1029
1,staging,C2,D_power,5,17.523000298023735,622,39.32429715824689,21.02760035762848,17.377267419033842,1029
2,picking,C2,D_power,5,17.827630716079465,618,31.4623490673879,21.39315685929538,17.84206906826877,1029
1,staging,C3,D_power,5,16.58801003853288,189,34.91623344177568,19.905612046239444,16.466960124508972,1029
2,picking,C3,D_power,5,16.026547364501656,189,32.04174117757503,19.231856837401967,16.61605726421801,1029
1,staging,C4,D_power,5,16.825858287562177,592,38.18974055278229,20.191029945074646,17.32426371384431,1029
2,picking,C4,D_power,5,17.181035997710644,584,30.21389595535854,20.61724319725277,17.753906106791664,1029
1,staging,C1,D_power,5,10.988028287660342,3,0.0,13.185633945192409,10.5347909769066,1030
2,picking,C1,D_power,5,13.390436034082075,3,0.0,16.068523240898493,10.529807518051353,1030
1,staging,C2,D_power,5,17.025956757255315,662,24.468783021718977,20.431148108706406,17.29374460820733,1030
2,picking,C2,D_power,5,16.60424911512445,658,15.977023126834563,19.925098938149343,16.587631664528452,1030
1,staging,C3,D_power,5,15.24423786951606,180,21.218439654081955,18.293085443419265,15.6319786767028,1030
2,picking,C3,D_power,5,15.312994512798783,181,20.529161992529378,18.37559341535854,15.782314262699739,1030
1,staging,C4,D_power,5,16.1075884266212,637,19.659358051855392,19.329106111945432,16.823690788756345,1030
2,picking,C4,D_power,5,16.242897140059988,625,18.805477313985072,19.491476568071995,16.931491039535004,1030
1,staging,C1,D_power,5,9.739475227645988,3,0.0,11.687370273175189,10.51863324585767,1031
2,picking,C1,D_power,5,6.468134445587635,2,40.75610881369539,7.761761334705163,7.028112065745668,1031
1,staging,C2,D_power,5,16.25619481240002,638,25.76218022729631,19.507433774880006,16.202481530888104,1031
2,picking,C2,D_power,5,16.058536431772225,635,26.709210347763783,19.27024371812667,16.15287489182638,1031
1,staging,C3,D_power,5,15.153646856891617,169,22.113916607938712,18.184376228269954,15.426395643170753,1031
2,picking,C3,D_power,5,14.277618385607827,171,28.41097092389285,17.133142062729387,14.54017215727575,1031
1,staging,C4,D_power,5,15.835207885548261,615,25.295080319571657,19.0022494626579,16.38590189150752,1031
2,picking,C4,D_power,5,15.366770745041148,609,23.749993617587485,18.440124894049383,15.85609342009585,1031
1,staging,C1,D_power,5,10.57214399022644,3,0.0,12.686572788271729,10.52553066601203,1032
2,picking,C1,D_power,5,6.698206631110018,2,0.0,8.037847957332021,7.010399795162625,1032
1,staging,C2,D_power,5,16.537168788417816,647,24.12032431366628,19.844602546101402,16.52840037772888,1032
2,picking,C2,D_power,5,17.112129170631725,640,21.602562708411043,20.534555004758083,17.127669059616768,1032
1,staging,C3,D_power,5,15.367595347971708,176,18.72103011144039,18.441114417566055,15.613835085373895,1032
2,picking,C3,D_power,5,15.63652015132024,175,17.647383140665912,18.76382418158429,15.733907781564719,1032
1,staging,C4,D_power,5,15.700876384555041,612,21.586068616624022,18.841051661466064,16.322320186120415,1032
2,picking,C4,D_power,5,16.491570287669163,611,20.298199610865783,19.789884345203014,17.13671447219401,1032
1,staging,C1,D_power,5,9.949436304264614,3,15.308431498390807,11.939323565117537,10.521420428516569,1033
2,picking,C1,D_power,5,6.671297397076814,2,0.0,8.005556876492177,7.023431569647972,1033
1,staging,C2,D_power,5,16.048700671859887,636,19.26323696444346,19.258440806231842,16.077630173384897,1033
2,picking,C2,D_power,5,15.450940567548635,631,21.032969274193853,18.541128681058375,15.562388491446367,1033
1,staging,C3,D_power,5,14.467518920107478,171,20.253852831023476,17.361022704128974,14.600029779960883,1033
2,picking,C3,D_power,5,14.499966208504869,172,21.93299231485888,17.399959450205845,14.807331735960815,1033
1,staging,C4,D_power,5,15.158103926801658,606,18.586129691681617,18.189724712161997,15.707389384851187,1033
2,picking,C4,D_power,5,15.287310542636037,611,19.66351905317965,18.344772651163247,15.819268168868975,1033
1,staging,C1,D_power,5,11.101472088666643,3,0.5524791191482412,13.321766506399971,10.519764309160806,1034
2,picking,C1,D_power,5,6.324427413118032,2,0.0,7.589312895741638,7.014950819819356,1034
1,staging,C2,D_power,5,16.506625043823814,638,25.284824263882033,19.80795005258857,16.570123783356678,1034
2,picking,C2,D_power,5,16.447658035904876,635,22.356526238103154,19.737189643085856,16.543870562387315,1034
1,staging,C3,D_power,5,14.83504774106025,178,20.475630718111272,17.80205728927231,15.364697940263053,1034
2,picking,C3,D_power,5,15.259848382797191,177,22.560738478638207,18.311818059356636,15.360768867594771,1034
1,staging,C4,D_power,5,15.801055982524087,605,19.465182498033922,18.961267179028926,16.390747169098123,1034
2,picking,C4,D_power,5,15.913472283571666,609,23.109902670665022,19.096166740285994,16.586358287756987,1034
1,staging,C1,D_power,5,9.563483386150452,3,0.0,11.476180063380543,10.513196434677866,1035
2,picking,C1,D_power,5,6.319925638934247,2,0.0,7.583910766721098,7.01014921522755,1035
1,staging,C2,D_power,5,16.780716821512648,652,31.816357162908734,20.13686018581523,16.827932338150177,1035
2,picking,C2,D_power,5,16.20578484608792,656,31.966343180366316,19.446941815305514,16.518655703378812,1035
1,staging,C3,D_power,5,15.483948577446782,175,27.598489742622107,18.58073829293614,15.843034541274054,1035
2,picking,C3,D_power,5,14.72474120384942,175,22.275083326441596,17.66968944461929,15.014783330853723,1035
1,staging,C4,D_power,5,16.098491186416087,627,30.448396430838507,19.31818942369935,16.673736310609097,1035
2,picking,C4,D_power,5,15.75243313947696,626,30.291930007603252,18.90291976737237,16.546657286475465,1035
1,staging,C1,D_power,5,9.69484015503076,3,0.0,11.633808186036916,10.512847295089612,1036
2,picking,C1,D_power,5,6.33177814980832,2,0.0,7.598133779769984,7.023202294854165,1036
1,staging,C2,D_power,5,17.673025913935458,643,35.51311660074901,21.20763109672256,17.347633024249735,1036
2,picking,C2,D_power,5,17.483794803862498,646,40.75017876152645,20.980553764635015,17.483638647793352,1036
1,staging,C3,D_power,5,15.682379972307539,183,34.34974438279713,18.81885596676904,16.00803125052714,1036
2,picking,C3,D_power,5,16.535975731091913,182,32.0483618295291,19.843170877310286,16.532518339416782,1036
1,staging,C4,D_power,5,16.829005692922344,617,35.258681079820086,20.19480683150681,17.108570211535866,1036
2,picking,C4,D_power,5,17.004301282566058,609,38.091608420271314,20.405161539079288,17.549090349396103,1036
1,staging,C1,D_power,5,9.573863617429858,3,0.4231591560915452,11.488636340915829,10.524141003458624,1037
2,picking,C1,D_power,5,6.458492787601042,2,0.0,7.750191345121252,7.017602417917919,1037
1,staging,C2,D_power,5,17.419057188072557,631,42.042250827928314,20.90286862568707,17.510659932297237,1037
2,picking,C2,D_power,5,17.443081767094554,630,27.435694735315135,20.931698120513456,17.3769986750251,1037
1,staging,C3,D_power,5,16.33940657289672,185,37.06057058531861,19.60728788747606,16.684681096428516,1037
2,picking,C3,D_power,5,15.778522071664144,184,27.056851046971612,18.93422648599697,15.86736994139009,1037
1,staging,C4,D_power,5,16.672082596295255,603,40.38095058135854,20.006499115554316,17.27167928838245,1037
2,picking,C4,D_power,5,16.91416188179279,599,25.757215826826734,20.296994258151337,17.485507096717658,1037
1,staging,C1,D_power,5,9.961096907075541,3,0.616706065445275,11.953316288490647,10.533427521018256,1038
2,picking,C1,D_power,5,6.462296550802307,2,27.186518543895968,7.754755860962769,7.021800669824371,1038
1,staging,C2,D_power,5,17.5908342978553,634,32.57639897914119,21.109001157426388,17.693636144698363,1038
2,picking,C2,D_power,5,17.475181433882224,639,36.817422823235326,20.970217720658695,17.70720315725542,1038
1,staging,C3,D_power,5,16.610625414607473,177,34.709712651782304,19.932750497528982,16.956733099368524,1038
2,picking,C3,D_power,5,15.994823999627597,174,36.208741228132,19.193788799553122,16.257876966316395,1038
1,staging,C4,D_power,5,17.09698079770108,609,32.47014040067605,20.51637695724132,17.76837062120198,1038
2,picking,C4,D_power,5,16.810607022733706,614,35.31614127410172,20.172728427280475,17.490676386374872,1038
1,staging,C1,D_power,5,9.744783093639397,3,1.266956837917678,11.693739712367275,10.524365741130547,1039
2,picking,C1,D_power,5,6.417801131713306,2,0.0,7.701361358055969,7.016175206214922,1039
1,staging,C2,D_power,5,17.105496017972598,653,32.68253533878674,20.526595221567117,17.16229985070056,1039
2,picking,C2,D_power,5,16.571647480886753,653,29.793315342948443,19.88597697706411,16.514407763311663,1039
1,staging,C3,D_power,5,15.255176299402496,178,25.67208635074926,18.306211559282993,15.591884169299377,1039
2,picking,C3,D_power,5,16.178418911532845,179,24.498101401329972,19.41410269383943,15.710648211098786,1039
1,staging,C4,D_power,5,15.946757501210454,625,27.462325673923722,19.136109001452557,16.630482240049762,1039
2,picking,C4,D_power,5,16.287275668615248,622,23.245226434618157,19.544730802338304,16.901669818406926,1039
1,staging,C1,D_power,5,11.312528878676806,3,17.741025168123087,13.575034654412168,10.522897557060121,1040
2,picking,C1,D_power,5,6.706279810908902,2,18.5611871327721,8.047535773090683,7.018920005871645,1040
1,staging,C2,D_power,5,16.81583850448667,656,23.221095750213387,20.17900620538405,17.060416005682324,1040
2,picking,C2,D_power,5,16.772972242470892,655,21.72463772916562,20.12756669096507,16.819901557249565,1040
1,staging,C3,D_power,5,15.337226263554845,193,22.51288427174796,18.40467151626581,15.760828577934427,1040
2,picking,C3,D_power,5,15.619252513804224,194,21.818546463539388,18.74310301656506,15.807789576758529,1040
1,staging,C4,D_power,5,16.502099544816332,627,19.949741432940186,19.802519453779617,17.2343675726342,1040
2,picking,C4,D_power,5,15.910709628772771,627,19.494222500720657,19.092851554527346,16.513338879186588,1040
1,staging,C1,D_power,5,10.167480627715946,3,0.0,12.200976753259138,10.534726983881717,1041
2,picking,C1,D_power,5,6.493647339768449,2,0.0,7.79237680772214,7.013139126949926,1041
1,staging,C2,D_power,5,17.221221027653474,636,27.572423256560178,20.6654652331842,17.19873315351182,1041
2,picking,C2,D_power,5,16.538684505954667,633,23.689791666516005,19.84642140714562,16.589528926344343,1041
1,staging,C3,D_power,5,15.38134459554591,194,22.465371087867855,18.4576135146551,15.512153324126505,1041
2,picking,C3,D_power,5,15.9236457196061,195,31.046213628023057,19.108374863527327,16.1021793152801,1041
1,staging,C4,D_power,5,16.789160778644565,612,25.899445220261658,20.146992934373507,17.28192685948488,1041
2,picking,C4,D_power,5,15.807574492626358,607,21.8553413083075,18.96908939115165,16.378890775926852,1041
1,staging,C1,D_power,5,9.75187082523195,3,0.0,11.702244990278341,10.532020491250506,1042
2,picking,C1,D_power,5,6.9159712663446795,2,0.0,8.299165519613616,7.0231938832803085,1042
1,staging,C2,D_power,5,17.350061562738674,637,31.97798051298771,20.820073875286415,17.010895335767902,1042
2,picking,C2,D_power,5,16.873070968370506,641,24.885467590587616,20.247685162044647,16.936944798790197,1042
1,staging,C3,D_power,5,16.010460374615423,185,28.001811599950074,19.2125524495385,16.04206553760096,1042
2,picking,C3,D_power,5,15.580112297064778,183,26.541426745467827,18.69613475647773,15.734797482806322,1042
1,staging,C4,D_power,5,16.25054386954762,605,27.167966360675813,19.500652643457148,16.802792769644547,1042
2,picking,C4,D_power,5,16.50680844934225,612,29.024787358729146,19.80817013921073,16.990358876593913,1042
1,staging,C1,D_power,5,9.538035315824837,3,29.545417814652076,11.445642378989806,10.528345943362101,1043
2,picking,C1,D_power,5,6.4122627393178355,2,0.0,7.694715287181403,7.010120432841628,1043
1,staging,C2,D_power,5,17.93513338626839,641,35.06901963742069,21.5221600635221,17.84347819195413,1043
2,picking,C2,D_power,5,17.62000291021472,647,32.527779027469656,21.14400349225764,17.745960406471873,1043
1,staging,C3,D_power,5,16.361589190908823,188,39.455281605918536,19.633907029090594,16.477643669457137,1043
2,picking,C3,D_power,5,16.39424940021313,189,32.76692900607893,19.673099280255748,16.880138206417485,1043
1,staging,C4,D_power,5,16.996476052912953,619,34.424839252200705,20.395771263495547,17.5454807721889,1043
2,picking,C4,D_power,5,17.356652579127893,615,31.015985978082885,20.827983094953492,17.92204115957045,1043
1,staging,C1,D_power,5,15.228363214478785,4,24.256783931921746,18.274035857374546,14.024875385539003,1044
2,picking,C1,D_power,5,13.340654330794335,3,0.0,16.008785196953205,10.515041879684931,1044
1,staging,C2,D_power,5,17.196278618880616,642,23.856824355103655,20.635534342656758,17.148551552974695,1044
2,picking,C2,D_power,5,17.195153019266485,639,20.37197474291821,20.634183623119775,17.33461571224929,1044
1,staging,C3,D_power,5,15.884776403088956,179,30.060388238739105,19.061731683706743,16.294243841314458,1044
2,picking,C3,D_power,5,15.73803366632662,179,20.99334439638145,18.885640399591942,15.836027806681768,1044
1,staging,C4,D_power,5,16.658768799851266,617,24.856743151670813,19.990522559821528,17.430558598509116,1044
2,picking,C4,D_power,5,16.417750969475104,611,16.286375643412853,19.70130116337012,16.922136444492658,1044
1,staging,C1,D_power,5,9.534586698049667,3,14.61616316590953,11.4415040376596,10.524316888250286,1045
2,picking,C1,D_power,5,6.420522373951236,2,0.0,7.7046268487414835,7.019150167876715,1045
1,staging,C2,D_power,5,16.632739573342352,636,23.92135036784548,19.959287488010844,16.998609285116974,1045
2,picking,C2,D_power,5,17.002866517658003,633,26.404629236175612,20.403439821189618,17.367569129393065,1045
1,staging,C3,D_power,5,15.157695657353113,185,25.84776036995169,18.189234788823743,15.624238892918541,1045
2,picking,C3,D_power,5,15.70195720910243,186,36.550168455359206,18.842348650922926,16.492841003022615,1045
1,staging,C4,D_power,5,16.086403248531536,615,23.069037980778013,19.303683898237864,16.835328630709427,1045
2,picking,C4,D_power,5,16.639274388209333,610,23.750305250594774,19.9671292658512,17.42176645046727,1045
1,staging,C1,D_power,5,10.36998724174541,3,0.0,12.44398469009449,10.528788269019719,1046
2,picking,C1,D_power,5,6.497943290279398,2,0.0,7.797531948335277,7.01777875350175,1046
1,staging,C2,D_power,5,17.200820423666073,625,29.982622780371564,20.640984508399296,17.47644227171458,1046
2,picking,C2,D_power,5,16.769630997240213,628,34.80729814640167,20.123557196688292,16.824374750806967,1046
1,staging,C3,D_power,5,15.889135953421253,190,27.07088737977257,19.066963144105504,16.063724569472267,1046
2,picking,C3,D_power,5,15.543029629187435,192,32.79638261568246,18.65163555502493,15.938864578022322,1046
1,staging,C4,D_power,5,16.869934910977662,598,25.728177973236825,20.24392189317322,17.52301178720261,1046
2,picking,C4,D_power,5,16.02215289327973,606,31.869892854775678,19.2265834719357,16.664444124207836,1046
1,staging,C1,D_power,5,10.350519582929344,2,0.0,12.420623499515212,7.01807229332644,1047
2,picking,C1,D_power,5,9.739774757236422,3,0.3066412355526457,11.687729708683706,10.518956737815337,1047
1,staging,C2,D_power,5,16.640304390701623,636,34.80608573656961,19.968365268841975,16.68400109572123,1047
2,picking,C2,D_power,5,17.59004362278133,633,27.807200824338338,21.10805234733764,18.06180918805852,1047
1,staging,C3,D_power,5,15.91103892859063,187,28.744286769696664,19.093246714308755,16.164745678684664,1047
2,picking,C3,D_power,5,15.86349418452847,185,30.325839215091076,19.036193021434176,16.288744883407187,1047
1,staging,C4,D_power,5,16.069278466003617,613,34.87674895496096,19.28313415920437,16.719694534893666,1047
2,picking,C4,D_power,5,17.12375874699167,603,26.299994256115475,20.54851049639004,17.904199082219417,1047
1,staging,C1,D_power,5,9.965361443489996,2,0.0,11.958433732187997,7.0181241871473965,1048
2,picking,C1,D_power,5,9.914271869926733,3,0.0,11.897126243912076,10.525971268564364,1048
1,staging,C2,D_power,5,16.300420225218947,642,20.691351197116138,19.560504270262747,16.400582058981136,1048
2,picking,C2,D_power,5,16.7552862076987,636,25.516479392946046,20.10634344923845,16.857013396730686,1048
1,staging,C3,D_power,5,15.059101625224846,169,20.990130348858294,18.070921950269806,15.48509206724922,1048
2,picking,C3,D_power,5,15.296840689021268,165,23.95272511465105,18.35620882682553,15.488800083141264,1048
1,staging,C4,D_power,5,15.621159071309254,611,18.482013504126872,18.745390885571087,16.136958254199957,1048
2,picking,C4,D_power,5,16.266501278573717,614,26.03928107301928,19.519801534288497,16.998720534845223,1048
1,staging,C1,D_power,5,13.571905232429271,3,10.336706198075506,16.286286278915128,10.532907963426464,1049
2,picking,C1,D_power,5,6.706165238373475,2,0.0,8.047398286048171,7.018773993846339,1049
1,staging,C2,D_power,5,17.1125551690691,616,29.733206843539964,20.53506620288294,17.06381734204543,1049
2,picking,C2,D_power,5,16.70626425976882,612,22.379568642648117,20.04751711172261,16.92408683744964,1049
1,staging,C3,D_power,5,15.654060065621115,188,29.081660635108523,18.784872078745337,15.800447139439957,1049
2,picking,C3,D_power,5,15.641372330675049,187,19.360806258976563,18.76964679681005,15.992444799470968,1049
1,staging,C4,D_power,5,16.761029537376626,585,30.47935492760028,20.11323544485201,17.398340908012543,1049
2,picking,C4,D_power,5,15.788592872185037,586,19.06946909882564,18.946311446622058,16.452674382593646,1049
1,staging,C1,D_power,5,9.709407614224418,3,0.0,11.651289137069305,10.528632193700158,1050
2,picking,C1,D_power,5,7.294487632518863,2,0.0,8.753385159022635,7.011644055177152,1050
1,staging,C2,D_power,5,17.005412442850755,653,36.82559340385381,20.406494931420937,17.197343042734374,1050
2,picking,C2,D_power,5,16.735455642253594,655,34.51293834854041,20.082546770704344,16.952766539476304,1050
1,staging,C3,D_power,5,15.500868602982024,172,29.31986396282035,18.60104232357844,15.623639366141186,1050
2,picking,C3,D_power,5,15.721641628647868,174,33.80766015803298,18.865969954377448,16.00653707395032,1050
1,staging,C4,D_power,5,16.315763367361672,628,36.235819148566904,19.578916040834034,17.023149966687804,1050
2,picking,C4,D_power,5,16.321470651876176,623,31.24547788699792,19.58576478225142,16.996487393300658,1050
1,staging,C1,D_power,5,9.708230700610352,3,43.830602342500605,11.649876840732425,10.527357795772428,1051
2,picking,C1,D_power,5,6.321612988567706,2,0.0,7.585935586281246,7.011826104541896,1051
1,staging,C2,D_power,5,17.889794295486727,611,37.07760226391515,21.467753154584116,17.964225866552106,1051
2,picking,C2,D_power,5,17.657205893201137,623,43.84654587704329,21.188647071841363,17.483513589317802,1051
1,staging,C3,D_power,5,16.356395016081674,178,35.85333495995531,19.62767401929801,16.395760429903667,1051
2,picking,C3,D_power,5,16.77302108259818,178,36.81637451846913,20.127625299117824,16.814117914855274,1051
1,staging,C4,D_power,5,17.135882597670264,582,33.91502584271852,20.563059117204357,17.74208005013937,1051
2,picking,C4,D_power,5,17.09323661385877,587,42.71498511758198,20.511883936630536,17.55807607239722,1051
1,staging,C1,D_power,5,9.52771747335574,3,0.0,11.43326096802689,10.517054607845878,1052
2,picking,C1,D_power,5,6.700401694452782,2,0.0,8.040482033343338,7.012644124047222,1052
1,staging,C2,D_power,5,17.187446672278806,639,23.645775726599027,20.624936006734604,17.23618131387092,1052
2,picking,C2,D_power,5,16.734687187811378,639,18.445203122808472,20.08162462537365,16.697100751355652,1052
1,staging,C3,D_power,5,15.69530012420039,180,20.520098818930357,18.834360149040464,15.257239629494562,1052
2,picking,C3,D_power,5,16.228045265792197,178,18.541316248373324,19.47365431895064,16.44194498212745,1052
1,staging,C4,D_power,5,16.550657581538875,609,21.046025730912408,19.860789097846677,16.708054987446335,1052
2,picking,C4,D_power,5,16.39984063018906,617,20.176258447289435,19.679808756226876,17.087088188891332,1052
1,staging,C1,D_power,5,10.510433913888761,3,35.4941682194088,12.612520696666515,10.526769975522665,1053
2,picking,C1,D_power,5,10.62946142900805,3,0.0,12.755353714809658,10.529230675716617,1053
1,staging,C2,D_power,5,16.95766329089959,646,28.335779354252796,20.349195949079522,17.104001659713507,1053
2,picking,C2,D_power,5,17.02841471393048,639,24.833501843391765,20.434097656716595,17.34174899152582,1053
1,staging,C3,D_power,5,15.694746686036051,180,24.060943013719687,18.83369602324327,16.218973148433104,1053
2,picking,C3,D_power,5,15.572882693301093,179,30.678900263767773,18.68745923196132,16.031721947250766,1053
1,staging,C4,D_power,5,16.881062935549448,617,32.2336351416736,20.257275522659334,17.60093123671243,1053
2,picking,C4,D_power,5,15.983082842405572,616,19.361077319114965,19.179699410886688,16.71862497008246,1053
1,staging,C1,D_power,5,9.957092831614336,3,0.0,11.948511397937203,10.529386208434488,1054
2,picking,C1,D_power,5,10.996600528811102,3,0.0,13.195920634573323,10.521270550196295,1054
1,staging,C2,D_power,5,17.672076012259534,621,38.102385959444526,21.206491214711452,17.7725156636072,1054
2,picking,C2,D_power,5,17.399590672163068,624,33.36669261914346,20.87950880659571,17.21456154894256,1054
1,staging,C3,D_power,5,16.384766144126893,184,36.31589950877525,19.661719372952266,16.601698468891804,1054
2,picking,C3,D_power,5,16.500825260463014,184,32.63471164988065,19.800990312555623,16.170945531402456,1054
1,staging,C4,D_power,5,16.502699862893554,595,34.91507246614058,19.803239835472276,16.932593193583344,1054
2,picking,C4,D_power,5,17.347473355668864,594,34.164056084246155,20.816968026802673,17.924011796744207,1054
1,staging,C1,D_power,5,9.579885272991953,3,0.0,11.495862327590343,10.530996672834597,1055
2,picking,C1,D_power,5,6.33082333086135,2,0.0,7.5969879970336205,7.021877972281111,1055
1,staging,C2,D_power,5,17.939161206540447,660,32.366674296357765,21.526993447848557,17.9454646200695,1055
2,picking,C2,D_power,5,17.1972047340257,659,36.88804411067292,20.636645680830856,17.3802711361574,1055
1,staging,C3,D_power,5,15.706574929290257,183,31.71063563944405,18.84788991514832,16.303757712493596,1055
2,picking,C3,D_power,5,16.406612526811625,180,31.10741961407586,19.687935032173964,16.52749174807595,1055
1,staging,C4,D_power,5,17.02895450988838,627,30.784563896346278,20.434745411866075,17.699073658620307,1055
2,picking,C4,D_power,5,16.879187144168466,634,34.220906504210724,20.255024573002167,17.498328764273275,1055
1,staging,C1,D_power,5,9.530477141578693,3,0.0,11.43657256989443,10.5199470325283,1056
2,picking,C1,D_power,5,6.4919245695428724,2,0.0,7.7903094834514475,7.011278535106301,1056
1,staging,C2,D_power,5,17.076853563702496,639,27.879437768430126,20.492224276443,16.935098146270406,1056
2,picking,C2,D_power,5,17.399774111383394,640,29.922526700014632,20.879728933660104,17.19865726439205,1056
1,staging,C3,D_power,5,15.70705314117686,192,29.45865441302785,18.848463769412245,16.09788635399152,1056
2,picking,C3,D_power,5,15.964579029401724,191,31.79333359014924,19.157494835282073,15.736629911627157,1056
1,staging,C4,D_power,5,16.709513843758746,609,26.614851876068695,20.05141661251051,17.114097178196182,1056
2,picking,C4,D_power,5,16.412288467128874,606,25.1035605054186,19.694746160554676,16.87635267691075,1056
