scenario,strategy,replication,requested_tasks,completed_tasks,throughput,completion_rate,mean_delay,max_delay,mean_tardiness,urgent_deadline_violation_rate,normal_deadline_violation_rate,urgent_on_time_rate,idle_ratio,charging_wait,low_soc_stops,detour_distance_m,traction_energy,aux_energy,wpt_input_energy,battery_delivered_energy,wpt_loss,mean_efficiency,fleet_min_soc,opportunity_charging_energy,mandatory_charging_energy,pad_utilization,mean_queue,max_queue,pad_waiting_time,charging_contention_events,different_decision_rate_C4_vs_C3,deferred_charging_requests,charging_sessions,c1_start_soc,c1_target_soc,solver_computation_time_s,solver_calls,critical_soc_event_count,simulation_failure_count,infeasible_count,priority_decisions,total_priority_computation_time_s,mean_decision_latency_ms,p95_decision_latency_ms,max_decision_latency_ms,solver_calls_per_replication,solver_total_time_per_replication_s,solver_mean_time_s,solver_median_time_s,solver_p95_time_s,solver_max_time_s,solver_mean_time_per_call_ms,solver_p95_time_per_call_ms,solver_max_time_per_call_ms,solver_mean_binary_variables,solver_mean_constraints,solver_mean_available_agv_slot_pairs,solver_mean_actual_busy_agv_slot_pairs,solver_mean_forecast_busy_agv_slot_pairs,solver_infeasible_calls,solver_time_limit_calls,solver_fallback_calls,solver_safety_slack_total,solver_reserve_slack_total,solver_task_slack_total
base,C1,6007,1826,1823,75.95833333333333,99.83570646221249,1.6517622691516494,100.29864416477503,0.75121172585904,0,9.693318729463307,100,0.42271341500021187,8.761677868225878,0,100.0,21.931999999999945,3.8055555555555456,25.223170599923755,20.120984760570558,5.102185839353199,79.77182995634729,29.678888888888554,0.0,20.120984760570558,17.516090694391494,0,0,43.80838934112938,0,0,0,10,0.3,0.7,0.0,0,0,0,0,,,,,,,,,,,,,,,,,,,,,,,,,
base,C1,6008,1781,1781,74.20833333333333,100.0,1.5500970037581785,64.13407074914818,0.641082308434332,0,9.545199326221221,100,0.43540395911216223,3.9310674778371806,0,100.0,21.391999999999964,3.711805555555546,25.154574719621593,20.12844138821529,5.026133331406305,80.01900891814437,29.678888888888554,0.0,20.12844138821529,17.468454666403886,0,0,19.655337389185902,0,0,0,10,0.3,0.7,0.0,0,0,0,0,,,,,,,,,,,,,,,,,,,,,,,,,
base,C1,6009,1802,1797,74.875,99.72253052164261,0.7928679470086696,50.88180500916472,0.25596289348080015,0,1.6093229744728044,100,0.4299193383681798,0.0,0,100.0,21.643999999999952,3.7555555555555458,25.029038187455274,20.115552600705144,4.913485586750134,80.36885976220691,29.678888888888554,0.0,20.115552600705144,17.381276519066162,0,0,0.0,0,0,0,10,0.3,0.7,0.0,0,0,0,0,,,,,,,,,,,,,,,,,,,,,,,,,
base,C1,6010,1836,1832,76.33333333333333,99.78213507625271,0.937986872534873,56.382455305702024,0.301390882763339,0,3.05010893246187,100,0.41990686649178144,0.20986014060110997,0,100.0,22.051999999999943,3.826388888888879,25.23352806295868,20.12352988279241,5.109998180166271,79.7491727378882,29.678888888888554,0.0,20.12352988279241,17.52328337705464,0,0,1.04930070300555,0,0,0,10,0.3,0.7,0.0,0,0,0,0,,,,,,,,,,,,,,,,,,,,,,,,,
base,C1,6011,1833,1831,76.29166666666667,99.89088925259138,0.864287507747487,53.63788269810454,0.2854989867186427,0,1.9094380796508492,100,0.41383102950195616,0.0,0,110.0,22.01799999999994,3.820277777777768,27.720829379295772,22.14112545059459,5.579703928701186,79.87180018189294,29.678888888888554,0.0,22.14112545059459,19.250575957844283,0,0,0.0,0,0,0,11,0.3,0.7,0.0,0,0,0,0,,,,,,,,,,,,,,,,,,,,,,,,,
base,C1,6012,1800,1796,74.83333333333333,99.77777777777777,1.1035912240258041,74.4606981901267,0.3884099310688996,0,5.611111111111111,100,0.43015238263542505,4.860475795964243,0,100.0,21.619999999999955,3.7513888888888793,25.14514225124698,20.144950225770188,5.000192025476801,80.11467990311796,29.678888888888554,0.0,20.144950225770188,17.461904341143736,0,0,24.30237897982121,0,0,0,10,0.3,0.7,0.0,0,0,0,0,,,,,,,,,,,,,,,,,,,,,,,,,
base,C1,6013,1817,1813,75.54166666666667,99.77985690698954,0.7608306673953621,51.3771761634666,0.2725379408220161,0,0.8255365987892116,100,0.4187432828470806,0.0,0,110.0,21.825999999999947,3.7869444444444347,27.552418175050995,22.143048026880532,5.40937014817046,80.36698588921423,29.678888888888554,0.0,22.143048026880532,19.1336237326743,0,0,0.0,0,0,0,11,0.3,0.7,0.0,0,0,0,0,,,,,,,,,,,,,,,,,,,,,,,,,
base,C1,6014,1821,1816,75.66666666666667,99.72542559033498,0.9343675913090838,52.372140378089775,0.32444605753945205,0,3.0203185063152116,100,0.4240344773353394,0.0,0,100.0,21.871999999999947,3.795138888888879,25.24758815927782,20.137022670570424,5.110565488707394,79.75820321344477,29.678888888888554,0.0,20.137022670570424,17.53304733283182,0,0,0.0,0,0,0,10,0.3,0.7,0.0,0,0,0,0,,,,,,,,,,,,,,,,,,,,,,,,,
base,C1,6015,1745,1742,72.58333333333333,99.82808022922636,0.6786777811386432,53.5272806702805,0.2657376843455042,0,1.0888252148997135,100,0.4454299538167449,0.0,0,100.0,20.959999999999976,3.6368055555555463,25.145216625971837,20.15163284836985,4.993583777601983,80.14101905789809,29.678888888888554,0.0,20.15163284836985,17.461955990258218,0,0,0.0,0,0,0,10,0.3,0.7,0.0,0,0,0,0,,,,,,,,,,,,,,,,,,,,,,,,,
base,C1,6016,1836,1826,76.08333333333333,99.45533769063181,0.7461836547593463,52.30721516057838,0.2713539343765838,0,0.8169934640522847,100,0.41343394238588826,0.0,0,110.0,22.053999999999938,3.826527777777768,27.56378074108023,22.151469131183205,5.4123116098970225,80.36440769596356,29.678888888888544,0.0,22.151469131183205,19.141514403527935,0,0,0.0,0,0,0,11,0.3,0.7,0.0,0,0,0,0,,,,,,,,,,,,,,,,,,,,,,,,,
base,C1,6017,1810,1809,75.375,99.94475138121547,1.3855338310288952,71.21202643892721,0.6309911771182413,0,6.685082872928172,100,0.42775407742763516,5.493212320978151,0,100.0,21.73999999999995,3.7722222222222124,25.008532126051314,20.12917118807679,4.87936093797453,80.48921498718548,29.678888888888554,0.0,20.12917118807679,17.367036198646744,0,0,27.466061604890758,0,0,0,10,0.3,0.7,0.0,0,0,0,0,,,,,,,,,,,,,,,,,,,,,,,,,
base,C1,6018,1850,1844,76.83333333333333,99.67567567567568,1.0309411076589436,60.57235239758502,0.32776901155996874,0,4.054054054054057,100,0.40939394059960216,0.5749239134766079,0,110.0,22.221999999999934,3.8556944444444343,27.618181384143238,22.137976735539585,5.480204648603657,80.15725737919126,29.678888888888554,0.0,22.137976735539585,19.17929262787725,0,0,2.8746195673830397,0,0,0,11,0.3,0.7,0.0,0,0,0,0,,,,,,,,,,,,,,,,,,,,,,,,,
base,C1,6019,1819,1816,75.66666666666667,99.83507421660252,0.7491411509641888,52.372140378089775,0.2506812052028062,0,0.7146783947223789,100,0.4250297817835104,0.0,0,100.0,21.847999999999946,3.790972222222212,25.089278557936233,20.11145533165513,4.977823226281107,80.15956012929468,29.678888888888554,0.0,20.11145533165513,17.423110109677943,0,0,0.0,0,0,0,10,0.3,0.7,0.0,0,0,0,0,,,,,,,,,,,,,,,,,,,,,,,,,
base,C1,6020,1775,1770,73.75,99.71830985915493,0.7874022595163639,52.372140378089895,0.2631423101827847,0,1.4084507042253502,100,0.4368008549871198,0.0,0,100.0,21.31999999999997,3.699305555555546,25.251692204636875,20.1315950965204,5.120097108116473,79.72374656469046,29.678888888888554,0.0,20.1315950965204,17.535897364331163,0,0,0.0,0,0,0,10,0.3,0.7,0.0,0,0,0,0,,,,,,,,,,,,,,,,,,,,,,,,,
base,C1,6021,1811,1809,75.375,99.88956377691883,1.5540105445705226,71.74589660748565,0.6552474441467955,0,9.71838763114301,100,0.427042447999996,4.422428708177237,0,100.0,21.751999999999946,3.7743055555555456,25.164718720001417,20.119472323331642,5.045246396669773,79.9511115033457,29.678888888888554,0.0,20.119472323331642,17.4754991111121,0,0,22.112143540886184,0,0,0,10,0.3,0.7,0.0,0,0,0,0,,,,,,,,,,,,,,,,,,,,,,,,,
base,C1,6022,1776,1773,73.875,99.83108108108108,1.447616624915733,55.3254076285814,0.5716545027383765,0,8.389639639639634,100,0.4368188609304986,0.0,0,100.0,21.331999999999965,3.7013888888888795,25.145210065020507,20.119022527316524,5.0261875377039855,80.01135196442081,29.678888888888554,0.0,20.119022527316524,17.46195143404202,0,0,0.0,0,0,0,10,0.3,0.7,0.0,0,0,0,0,,,,,,,,,,,,,,,,,,,,,,,,,
base,C1,6023,1833,1831,76.29166666666667,99.89088925259138,0.6853514221925517,54.19742305946044,0.2714113443338293,0,0.6546644844517169,100,0.4141212656329725,0.0,0,110.0,22.01799999999994,3.820277777777768,27.61634437212991,22.15124351490086,5.465100857229047,80.21062895368452,29.678888888888554,0.0,22.15124351490086,19.178016925090212,0,0,0.0,0,0,0,11,0.3,0.7,0.0,0,0,0,0,,,,,,,,,,,,,,,,,,,,,,,,,
base,C1,6024,1817,1813,75.54166666666667,99.77985690698954,1.298510486808854,75.42014871317079,0.611355974723724,0,6.164006604292793,100,0.42492235190782185,3.6849848582081175,0,100.0,21.82399999999995,3.7868055555555458,25.327953313184118,20.132896825499902,5.195056487684217,79.48884213640744,29.676036211155456,0.0,20.132896825499902,17.588856467488966,0,0,18.42492429104059,0,0,0,10,0.3,0.7,0.0,0,0,0,0,,,,,,,,,,,,,,,,,,,,,,,,,
base,C1,6025,1777,1773,73.875,99.77490151941475,0.8992193464575888,63.88919460991268,0.30549546327971067,0,2.926280247608326,100,0.43689180962458235,2.287050563616455,0,100.0,21.343999999999966,3.7034722222222127,25.018948535150336,20.118171907750426,4.9007766273999085,80.41174024354153,29.678888888888554,0.0,20.118171907750426,17.374269816076627,0,0,11.435252818082274,0,0,0,10,0.3,0.7,0.0,0,0,0,0,,,,,,,,,,,,,,,,,,,,,,,,,
base,C1,6026,1818,1815,75.625,99.83498349834984,1.831557592593609,78.24530645707006,0.9119552579322112,0,9.405940594059404,100,0.4181758489822632,4.726394737017254,0,110.0,21.837999999999948,3.789027777777768,27.656694366385274,22.157744201494047,5.498950164891227,80.11710983227697,29.678888888888544,0.0,22.157744201494047,19.206037754434213,0,0,23.63197368508627,0,0,0,11,0.3,0.7,0.0,0,0,0,0,,,,,,,,,,,,,,,,,,,,,,,,,
base,C1,6027,1819,1814,75.58333333333333,99.72512369433755,0.6609030127046818,55.40907177414374,0.2502052520716604,0,0.5497526113249052,100,0.42453965779708575,0.0,0,100.0,21.84799999999995,3.790972222222212,25.265723193049126,20.137415980937973,5.128307212111148,79.70251168776358,29.678888888888554,0.0,20.137415980937973,17.545641106284116,0,0,0.0,0,0,0,10,0.3,0.7,0.0,0,0,0,0,,,,,,,,,,,,,,,,,,,,,,,,,
base,C1,6028,1834,1833,76.375,99.94547437295529,0.5747127320026161,52.07879515764768,0.24609215043056282,0,0.5452562704471142,100,0.4208653687736688,0.0,0,100.0,22.027999999999942,3.822222222222212,25.088467241479236,20.139370764384722,4.949096477094518,80.27342033509294,29.678888888888554,0.0,20.139370764384722,17.422546695471688,0,0,0.0,0,0,0,10,0.3,0.7,0.0,0,0,0,0,,,,,,,,,,,,,,,,,,,,,,,,,
base,C1,6029,1826,1824,76.0,99.89047097480832,1.3986137782078953,66.20846506863806,0.4997938210989908,0,8.59802847754655,100,0.4227135774063459,1.4668669192681654,0,100.0,21.93199999999994,3.8055555555555456,25.22311213371548,20.134272821227842,5.088839312487634,79.82469694655387,29.678888888888554,0.0,20.134272821227842,17.516050092857967,0,0,7.334334596340826,0,0,0,10,0.3,0.7,0.0,0,0,0,0,,,,,,,,,,,,,,,,,,,,,,,,,
base,C1,6030,1823,1819,75.79166666666667,99.7805814591333,1.0796929327629918,59.650761600569055,0.3759549095396258,0,4.004388370817336,100,0.424056655799886,1.503468860001764,0,100.0,21.895999999999944,3.799305555555545,25.039603912041045,20.132785377392,4.906818534649048,80.40376935719237,29.678888888888544,0.0,20.132785377392,17.388613827806278,0,0,7.51734430000882,0,0,0,10,0.3,0.7,0.0,0,0,0,0,,,,,,,,,,,,,,,,,,,,,,,,,
base,C1,6031,1814,1808,75.33333333333333,99.66923925027564,1.011277970258262,53.2811930986473,0.32939484867124313,0,3.6934950385887566,100,0.42624787753383264,0.0,0,100.0,21.787999999999947,3.7805555555555452,25.150764087820242,20.141416921708256,5.009347166111981,80.08272373506989,29.67668962281461,0.0,20.141416921708256,17.46580839431961,0,0,0.0,0,0,0,10,0.3,0.7,0.0,0,0,0,0,,,,,,,,,,,,,,,,,,,,,,,,,
base,C1,6032,1894,1891,78.79166666666667,99.8416050686378,2.8551595110796244,91.15363241570581,1.7302879484213036,0,13.35797254487856,100,0.4041770810196799,14.813061034657778,0,100.0,22.747999999999916,3.9472222222222118,25.09625083291523,20.11733204788557,4.97891878502967,80.16070679968055,29.678888888888554,0.0,20.11733204788557,17.42795196730225,0,0,74.06530517328889,0,0,0,10,0.3,0.7,0.0,0,0,0,0,,,,,,,,,,,,,,,,,,,,,,,,,
base,C1,6033,1853,1846,76.91666666666667,99.62223421478683,0.9883602473437688,89.21455521256127,0.38629221006359876,0,3.130059363194815,100,0.4071336263568807,8.121893297748612,0,110.0,22.25799999999993,3.8619444444444344,28.13189451152293,22.135832770850325,5.996061740672607,78.6858942677444,29.678888888888554,0.0,22.135832770850325,19.536037855224258,0,0,40.60946648874305,0,0,0,11,0.3,0.7,0.0,0,0,0,0,,,,,,,,,,,,,,,,,,,,,,,,,
base,C1,6034,1714,1709,71.20833333333333,99.70828471411902,0.7601778274257456,67.97793927501382,0.28220939727086786,0,0.875145857642945,100,0.4534628344735568,3.558839659520284,0,100.0,20.587999999999994,3.572222222222213,25.353379589519534,20.152076240691102,5.201303348828433,79.48477310307568,29.678888888888544,0.0,20.152076240691102,17.606513603833008,0,0,17.794198297601422,0,0,0,10,0.3,0.7,0.0,0,0,0,0,,,,,,,,,,,,,,,,,,,,,,,,,
base,C1,6035,1768,1764,73.5,99.77375565610859,0.6288482515251637,53.073181500824894,0.25726032608905586,0,0.5656108597285048,100,0.43912472437300865,0.0,0,100.0,21.23599999999997,3.684722222222213,25.115099225716914,20.111280989905197,5.003818235811721,80.07645444343697,29.678888888888554,0.0,20.111280989905197,17.44104112897008,0,0,0.0,0,0,0,10,0.3,0.7,0.0,0,0,0,0,,,,,,,,,,,,,,,,,,,,,,,,,
base,C1,6036,1759,1755,73.125,99.77259806708358,1.9652036245994873,88.81032087900014,0.9394474090901798,0,11.085844229675956,100,0.441315340300407,11.401010973377307,0,100.0,21.127999999999975,3.6659722222222126,25.226477491853494,20.132022984136768,5.094454507716725,79.80512931556972,29.678888888888554,0.0,20.132022984136768,17.51838714712048,0,0,57.00505486688653,0,0,0,10,0.3,0.7,0.0,0,0,0,0,,,,,,,,,,,,,,,,,,,,,,,,,
base,C1,6037,1836,1834,76.41666666666667,99.89106753812636,0.8298207416364349,55.26528735127916,0.2873190561379998,0,2.2331154684095855,100,0.4128393635473634,0.0,0,110.0,22.053999999999938,3.8265277777777675,27.77782912294918,22.155835221152714,5.621993901796468,79.76085936408994,29.678888888888554,0.0,22.155835221152714,19.290159113159152,0,0,0.0,0,0,0,11,0.3,0.7,0.0,0,0,0,0,,,,,,,,,,,,,,,,,,,,,,,,,
base,C1,6038,1771,1770,73.75,99.94353472614343,1.88206063537916,72.7753468175797,1.0024628595345824,0,10.333145115753817,100,0.4378020652274598,3.252885395427875,0,100.0,21.27199999999997,3.6909722222222126,25.291256518114448,20.12637398466846,5.164882533445981,79.57838698228883,29.678888888888554,0.0,20.12637398466846,17.563372582023923,0,0,16.264426977139372,0,0,0,10,0.3,0.7,0.0,0,0,0,0,,,,,,,,,,,,,,,,,,,,,,,,,
base,C1,6039,1732,1731,72.125,99.94226327944573,2.254988017384336,94.67266608990825,1.4104188212672144,0,8.371824480369517,100,0.4488816332889404,16.025757905357604,0,100.0,20.803999999999984,3.6097222222222127,25.202612015981465,20.105629834835266,5.096982181146202,79.775976482461,29.678888888888544,0.0,20.105629834835266,17.501813899987127,0,0,80.12878952678803,0,0,0,10,0.3,0.7,0.0,0,0,0,0,,,,,,,,,,,,,,,,,,,,,,,,,
base,C1,6040,1840,1834,76.41666666666667,99.67391304347825,1.8611002576057862,80.23421393012262,0.9923447051168379,0,9.728260869565219,100,0.4054387013263875,8.37482310290555,0,120.0,22.103999999999935,3.83499999999999,30.04206752250049,24.175117043963198,5.866950478537295,80.4708831236627,29.678244929194307,0.0,24.175117043963198,20.86254689062534,0,0,41.87411551452775,0,0,0,12,0.3,0.7,0.0,0,0,0,0,,,,,,,,,,,,,,,,,,,,,,,,,
base,C1,6041,1738,1737,72.375,99.94246260069045,0.6499068406455091,52.33424204811818,0.2597393366956883,0,0.5753739930955071,100,0.44739485207426666,0.0,0,100.0,20.875999999999983,3.622222222222213,25.137853253263955,20.145735727525363,4.992117525738596,80.14103481533212,29.678888888888544,0.0,20.145735727525363,17.45684253698886,0,0,0.0,0,0,0,10,0.3,0.7,0.0,0,0,0,0,,,,,,,,,,,,,,,,,,,,,,,,,
base,C1,6042,1770,1764,73.5,99.66101694915255,0.7965034881812608,52.372140378089895,0.2992705865795569,0,2.7683615819209084,100,0.43843189108448444,0.0,0,100.0,21.259999999999966,3.6888888888888793,25.164519209585606,20.137628811775908,5.0268903978097015,80.02389651897316,29.678888888888544,0.0,20.137628811775908,17.47536056221223,0,0,0.0,0,0,0,10,0.3,0.7,0.0,0,0,0,0,,,,,,,,,,,,,,,,,,,,,,,,,
base,C1,6043,1799,1795,74.79166666666667,99.77765425236242,2.1548651714584772,82.32913448700232,1.0515047568232347,0,11.951083935519735,100,0.4303894441925912,4.290587241077676,0,100.0,21.607999999999958,3.7493055555555457,25.159800090667183,20.131455509952563,5.028344580714618,80.01436989723999,29.678888888888554,0.0,20.131455509952563,17.472083396296654,0,0,21.452936205388383,0,0,0,10,0.3,0.7,0.0,0,0,0,0,,,,,,,,,,,,,,,,,,,,,,,,,
base,C1,6044,1839,1833,76.375,99.673735725938,1.2455191462588737,54.83054754043114,0.46440656997768215,0,5.709624796084833,100,0.4123713875926387,0.0,0,110.0,22.08999999999994,3.8327777777777676,27.646300466650075,22.147114484017834,5.499185982632239,80.10878168214244,29.678888888888544,0.0,22.147114484017834,19.198819768506997,0,0,0.0,0,0,0,11,0.3,0.7,0.0,0,0,0,0,,,,,,,,,,,,,,,,,,,,,,,,,
base,C1,6045,1761,1754,73.08333333333333,99.60249858035208,0.7090009901419263,51.48810495773554,0.26160687796172094,0,1.249290176036344,100,0.44113780700622074,0.0,0,100.0,21.151999999999973,3.6701388888888795,25.090389477760514,20.130875002255735,4.959514475504778,80.2334097687054,29.678888888888554,0.0,20.130875002255735,17.423881581778137,0,0,0.0,0,0,0,10,0.3,0.7,0.0,0,0,0,0,,,,,,,,,,,,,,,,,,,,,,,,,
base,C1,6046,1732,1728,72.0,99.76905311778292,1.7899189232211836,74.52751603712932,1.0077354184920149,0,7.563510392609696,100,0.4493610215621217,7.633995689944423,0,100.0,20.803999999999984,3.6097222222222127,25.030032237636178,20.113200437765386,4.916831799870794,80.3562706064851,29.678888888888544,0.0,20.113200437765386,17.38196683169179,0,0,38.16997844972211,0,0,0,10,0.3,0.7,0.0,0,0,0,0,,,,,,,,,,,,,,,,,,,,,,,,,
base,C1,6047,1716,1715,71.45833333333333,99.94172494172494,0.7650698089890311,62.93124750872351,0.2747235930720528,0,1.1655011655011704,100,0.45378328514302424,2.845343023626774,0,100.0,20.611999999999995,3.5763888888888795,25.03801734851124,20.132023947982717,4.905993400528521,80.40582314389908,29.678888888888554,0.0,20.132023947982717,17.387512047577246,0,0,14.226715118133871,0,0,0,10,0.3,0.7,0.0,0,0,0,0,,,,,,,,,,,,,,,,,,,,,,,,,
base,C1,6048,1772,1767,73.625,99.7178329571106,0.7402183451623325,57.28449060808926,0.2731339833587921,0,1.4108352144469483,100,0.43744222742137373,0.0,0,100.0,21.283999999999967,3.6930555555555458,25.32079812830547,20.12530686046223,5.19549126784324,79.4813289789814,29.678888888888554,0.0,20.12530686046223,17.583887589101025,0,0,0.0,0,0,0,10,0.3,0.7,0.0,0,0,0,0,,,,,,,,,,,,,,,,,,,,,,,,,
base,C1,6049,1777,1774,73.91666666666667,99.83117613956107,0.7752830251042877,53.1872267395395,0.26054435815138793,0,0.8441193021947124,100,0.43628768686118746,0.0,0,100.0,21.343999999999966,3.7034722222222127,25.236432729972513,20.131362932013655,5.105069797958858,79.771032409443,29.678271666994547,0.0,20.131362932013655,17.525300506925355,0,0,0.0,0,0,0,10,0.3,0.7,0.0,0,0,0,0,,,,,,,,,,,,,,,,,,,,,,,,,
base,C1,6050,1768,1765,73.54166666666667,99.83031674208145,1.0418452348654297,55.344841837757365,0.29852941602067923,0,4.2420814479637965,100,0.4390010335055952,0.0,0,100.0,21.23599999999997,3.6847222222222125,25.15962793798573,20.140627440915065,5.019000497070667,80.05137234365445,29.678888888888554,0.0,20.140627440915065,17.471963845823424,0,0,0.0,0,0,0,10,0.3,0.7,0.0,0,0,0,0,,,,,,,,,,,,,,,,,,,,,,,,,
base,C1,6051,1671,1670,69.58333333333333,99.94015559545183,0.9926781111905484,66.9986774665819,0.3503485009707634,0,4.42848593656493,100,0.4659748146881566,3.180818015536618,0,100.0,20.072000000000006,3.48263888888888,25.14906671226361,20.125812316498426,5.023254395765191,80.02608027869415,29.678888888888554,0.0,20.125812316498426,17.464629661294175,0,0,15.904090077683092,0,0,0,10,0.3,0.7,0.0,0,0,0,0,,,,,,,,,,,,,,,,,,,,,,,,,
base,C1,6052,1844,1842,76.75,99.89154013015184,0.9836049682017991,52.88361562011869,0.31183631740431456,0,2.8741865509761433,100,0.4104818868214086,0.0,0,110.0,22.149999999999935,3.8431944444444346,27.826520744292907,22.14669186752921,5.679828876763702,79.5884331751083,29.678888888888554,0.0,22.14669186752921,19.323972739092298,0,0,0.0,0,0,0,11,0.3,0.7,0.0,0,0,0,0,,,,,,,,,,,,,,,,,,,,,,,,,
base,C1,6053,1684,1680,70.0,99.7624703087886,0.7571932793210536,55.44178850542897,0.2784705822976044,0,1.7220902612826605,100,0.4626863276535749,0.0,0,100.0,20.228000000000005,3.509722222222213,25.032922044713043,20.137661097627873,4.895260947085168,80.44470821927459,29.678888888888554,0.0,20.137661097627873,17.383973642161834,0,0,0.0,0,0,0,10,0.3,0.7,0.0,0,0,0,0,,,,,,,,,,,,,,,,,,,,,,,,,
base,C1,6054,1818,1815,75.625,99.83498349834984,1.41108961470161,73.06137831987805,0.48648720899613485,0,6.875687568756872,100,0.4254294963043626,3.688937494058834,0,100.0,21.83599999999995,3.7888888888888794,25.04538133042947,20.133722810482112,4.911658519947359,80.3889649147413,29.678888888888554,0.0,20.133722810482112,17.392625923909353,0,0,18.44468747029417,0,0,0,10,0.3,0.7,0.0,0,0,0,0,,,,,,,,,,,,,,,,,,,,,,,,,
base,C1,6055,1816,1813,75.54166666666667,99.83480176211454,0.8265630024059033,52.17779817359533,0.2748489028302434,0,0.6607929515418554,100,0.41844282587603054,0.0,0,110.0,21.813999999999947,3.784861111111101,27.760582684629018,22.1419268885263,5.61865579610272,79.76031029343719,29.67559729396535,0.0,22.1419268885263,19.27818241988126,0,0,0.0,0,0,0,11,0.3,0.7,0.0,0,0,0,0,,,,,,,,,,,,,,,,,,,,,,,,,
base,C1,6056,1753,1748,72.83333333333333,99.71477467199087,1.3282783975269146,73.08024084466645,0.6475220526534937,0,6.3320022818026285,100,0.4434413331148999,4.57006951520217,0,100.0,21.055999999999976,3.653472222222213,25.061120078636044,20.13543266425816,4.925687414377881,80.34530220946947,29.678888888888554,0.0,20.13543266425816,17.40355561016392,0,0,22.85034757601085,0,0,0,10,0.3,0.7,0.0,0,0,0,0,,,,,,,,,,,,,,,,,,,,,,,,,
base,C2,6007,1826,1823,75.95833333333333,99.83570646221249,0.22500204978953459,3.736202237149458,0.0,0,0.0,100,0.36336769223605403,2.8800665556142724e-14,0,25590.0,27.02999999999947,4.159583333333357,46.58763079502054,37.26259587168211,9.325034923338498,79.9838824936873,52.37149269792107,37.26259587168211,0.0,32.35252138543089,1.5,3,1.4400332778071363e-13,308,34.41558441558442,498,2559,nan,nan,0.0,0,0,0,0,,,,,,,,,,,,,,,,,,,,,,,,,
base,C2,6008,1781,1781,74.20833333333333,100.0,0.20932860363314382,3.3582011232145303,0.0,0,0.0,100,0.3774234022119841,1.1842378929335004e-17,0,25530.0,26.477999999999497,4.065000000000021,46.02757520368569,36.820635832660166,9.20693937102558,79.99690548484885,53.866400374022994,36.820635832660166,0.0,31.96359389144834,1.5,3,5.921189464667501e-17,264,26.89393939393939,502,2553,nan,nan,0.0,0,0,0,0,,,,,,,,,,,,,,,,,,,,,,,,,
base,C2,6009,1802,1797,74.875,99.72253052164261,0.22726215451569903,3.387608642517436,0.0,0,0.0,100,0.37443368489722373,0.0,0,25030.0,26.629999999999487,4.101805555555577,45.00387343699947,35.9824488905861,9.021424546413444,79.9541153739969,55.58232754152832,35.9824488905861,0.0,31.252689886805136,1.5,3,0.0,248,20.161290322580644,442,2503,nan,nan,0.0,0,0,0,0,,,,,,,,,,,,,,,,,,,,,,,,,
base,C2,6010,1836,1832,76.33333333333333,99.78213507625271,0.20600720321590144,3.3744226695420365,0.0,0,0.0,100,0.36325370483013975,4.7369515717340015e-17,0,25430.0,27.11799999999947,4.178194444444466,45.62866626114966,36.496621255950075,9.132045005199675,79.98616713244799,59.0263620924455,36.496621255950075,0.0,31.686573792465005,1.5,3,2.3684757858670006e-16,259,32.432432432432435,479,2543,nan,nan,0.0,0,0,0,0,,,,,,,,,,,,,,,,,,,,,,,,,
base,C2,6011,1833,1832,76.33333333333333,99.94544462629568,0.20760730194619714,2.924064816833197,0.0,0,0.0,100,0.3616895464654773,4.7369515717340015e-17,0,25360.0,27.067999999999472,4.170972222222244,46.491763272428145,37.17717494174302,9.314588330685192,79.96507838150951,51.54968516732907,37.17717494174302,0.0,32.28594671696394,1.5,3,2.3684757858670006e-16,283,34.98233215547703,466,2536,nan,nan,0.0,0,0,0,0,,,,,,,,,,,,,,,,,,,,,,,,,
base,C2,6012,1800,1796,74.83333333333333,99.77777777777777,0.1826872466630379,3.298746699205185,0.0,0,0.0,100,0.371584687224825,0.0,0,26200.0,26.83999999999946,4.113888888888913,46.229512599062964,36.989571530135805,9.239941068927235,80.01289533579369,58.12254491554604,36.989571530135805,0.0,32.10382819379368,1.5,3,0.0,289,29.06574394463668,463,2620,nan,nan,0.0,0,0,0,0,,,,,,,,,,,,,,,,,,,,,,,,,
base,C2,6013,1817,1815,75.625,99.88992845349478,0.24310727213756864,5.071162833158451,0.0,0,0.0,100,0.36611097721916286,0.0,0,25460.0,26.895999999999475,4.1390277777778,46.50004820110135,37.16626971469502,9.3337784864064,79.9273789006841,49.70605264773192,37.16626971469502,0.0,32.291700139653656,1.5,3,0.0,267,24.719101123595504,505,2546,nan,nan,0.0,0,0,0,0,,,,,,,,,,,,,,,,,,,,,,,,,
base,C2,6014,1821,1816,75.66666666666667,99.72542559033498,0.2062017491086666,2.471099896177475,0.0,0,0.0,100,0.370313858485353,0.0,0,25010.0,26.85399999999949,4.141111111111131,44.58701094527292,35.6710854265552,8.915925518717787,80.00331188457255,53.564798451816785,35.6710854265552,0.0,30.96320204532838,1.5,3,0.0,251,33.46613545816733,470,2501,nan,nan,0.0,0,0,0,0,,,,,,,,,,,,,,,,,,,,,,,,,
base,C2,6015,1745,1742,72.58333333333333,99.82808022922636,0.15972277430810836,3.298161087837798,0.0,0,0.0,100,0.3890508059433138,2.3684757858670008e-17,0,25800.0,26.099999999999504,3.9937500000000217,45.44170986040707,36.35232729281472,9.089382567592383,79.99771004323091,52.850324813470884,36.35232729281472,0.0,31.55674295861595,1.5,3,1.1842378929335003e-16,259,35.13513513513514,464,2580,nan,nan,0.0,0,0,0,0,,,,,,,,,,,,,,,,,,,,,,,,,
base,C2,6016,1836,1829,76.20833333333333,99.61873638344227,0.20287486261566345,3.670225197590844,0.0,0,0.0,100,0.36134776295693055,2.1316282072803007e-16,0,25580.0,27.14799999999947,4.1802777777778,46.314805335504985,37.053028626395644,9.261776709109387,80.0025571909092,48.59903156235443,37.053028626395644,0.0,32.1630592607673,1.5,3,1.0658141036401502e-15,273,32.6007326007326,468,2558,nan,nan,0.0,0,0,0,0,,,,,,,,,,,,,,,,,,,,,,,,,
base,C2,6017,1810,1809,75.375,99.94475138121547,0.1852824778545658,3.406721018753592,0.0,0,0.0,100,0.37358544405110133,7.105427357601002e-17,0,25530.0,26.825999999999482,4.125416666666689,44.50924014160355,35.61523256620955,8.89400757539403,80.01761533762824,50.78244116802145,35.61523256620955,0.0,30.909194542780174,1.5,3,3.552713678800501e-16,218,25.229357798165136,529,2553,nan,nan,0.0,0,0,0,0,,,,,,,,,,,,,,,,,,,,,,,,,
base,C2,6018,1850,1846,76.91666666666667,99.78378378378379,0.19843331430601444,3.3402373795717115,0.0,0,0.0,100,0.3491748645937478,0.0,0,26820.0,27.563999999999425,4.226666666666691,49.29704874625078,39.43565979963348,9.861388946617378,79.99598516053702,50.12825169222518,39.43565979963348,0.0,34.234061629340786,1.5,3,0.0,358,23.743016759776538,516,2682,nan,nan,0.0,0,0,0,0,,,,,,,,,,,,,,,,,,,,,,,,,
base,C2,6019,1819,1816,75.66666666666667,99.83507421660252,0.19800444097764708,2.4707768449140226,0.0,0,0.0,100,0.36254357463390063,6.205406558971541e-15,0,25950.0,27.017999999999468,4.1500000000000234,47.58431313179577,38.041580520071,9.542732611724817,79.94563337439807,50.29994530819886,38.041580520071,0.0,33.04466189708033,1.5,3,3.1027032794857705e-14,310,16.129032258064516,489,2595,nan,nan,0.0,0,0,0,0,,,,,,,,,,,,,,,,,,,,,,,,,
base,C2,6020,1775,1770,73.75,99.71830985915493,0.2115817061436127,3.9836207828018813,0.0,0,0.0,100,0.37772616266230885,8.052817671947802e-16,0,24930.0,26.285999999999515,4.044166666666687,46.518581441568784,37.209992919922996,9.308588521645872,79.98952626417005,51.36500081707768,37.209992919922996,0.0,32.30457044553384,1.5,3,4.026408835973901e-15,299,27.759197324414714,461,2493,nan,nan,0.0,0,0,0,0,,,,,,,,,,,,,,,,,,,,,,,,,
base,C2,6021,1811,1809,75.375,99.88956377691883,0.21488605210979733,4.968780094368655,0.0,0,0.0,100,0.36311275579910507,0.0,0,26070.0,26.945999999999465,4.135000000000023,48.179407912322155,38.51925297837931,9.660154933942914,79.9496188256971,52.735835505470554,38.51925297837931,0.0,33.457922161334785,1.5,3,0.0,319,24.45141065830721,520,2607,nan,nan,0.0,0,0,0,0,,,,,,,,,,,,,,,,,,,,,,,,,
base,C2,6022,1776,1773,73.875,99.83108108108108,0.1893887999931614,3.410896553565423,0.0,0,0.0,100,0.38248669257912427,0.0,0,25850.0,26.48199999999949,4.059027777777801,44.704790671515255,35.74049314851366,8.964297523001678,79.94779219777575,56.77884528271087,35.74049314851366,0.0,31.04499352188556,1.5,3,0.0,236,27.54237288135593,498,2585,nan,nan,0.0,0,0,0,0,,,,,,,,,,,,,,,,,,,,,,,,,
base,C2,6023,1833,1832,76.33333333333333,99.94544462629568,0.18787343360021544,3.6107555215297906,0.0,0,0.0,100,0.3623541513525592,9.473903143468003e-17,0,26300.0,27.255999999999453,4.184027777777801,46.25250551307867,36.97859114204033,9.27391437103838,79.94937945920361,47.91327711471578,36.97859114204033,0.0,32.11979549519347,1.5,3,4.736951571734001e-16,245,28.163265306122447,474,2630,nan,nan,0.0,0,0,0,0,,,,,,,,,,,,,,,,,,,,,,,,,
base,C2,6024,1817,1813,75.54166666666667,99.77985690698954,0.19916462377070257,2.7884607683323943,0.0,0,0.0,100,0.3687798224535209,0.0,0,25390.0,26.881999999999486,4.138055555555576,45.53926391673244,36.4396089206808,9.099654996051708,80.01800158059173,57.19261568243208,36.4396089206808,0.0,31.62448883106417,1.5,3,0.0,251,28.68525896414343,494,2539,nan,nan,0.0,0,0,0,0,,,,,,,,,,,,,,,,,,,,,,,,,
base,C2,6025,1777,1773,73.875,99.77490151941475,0.22686854229472234,3.4751017883002193,0.0,0,0.0,100,0.3793921139638229,0.0,0,25240.0,26.371999999999506,4.052638888888911,45.71883897302378,36.57826291802593,9.140576054997897,80.0069812350414,51.321996577610896,36.57826291802593,0.0,31.749193731266438,1.5,3,0.0,235,28.936170212765955,472,2524,nan,nan,0.0,0,0,0,0,,,,,,,,,,,,,,,,,,,,,,,,,
base,C2,6026,1818,1816,75.66666666666667,99.8899889988999,0.22167136807998525,3.6346983330511953,0.0,0,0.0,100,0.3586742002104631,0.0,0,26550.0,27.12599999999946,4.156250000000023,49.07728792423328,39.2631330903834,9.814154833849965,80.00265448856665,50.74159560087794,39.2631330903834,0.0,34.081449947384186,1.5,3,0.0,306,25.816993464052292,491,2655,nan,nan,0.0,0,0,0,0,,,,,,,,,,,,,,,,,,,,,,,,,
base,C2,6027,1819,1814,75.58333333333333,99.72512369433755,0.2218874135049,3.4395056855750834,0.0,0,0.0,100,0.3651601604142016,1.8947806286936006e-16,0,25210.0,26.86999999999949,4.139722222222242,46.64234225088745,37.30827709204952,9.334065158837964,79.98800079843689,54.18577731583893,37.30827709204952,0.0,32.39051545200513,1.5,3,9.473903143468002e-16,312,29.807692307692307,493,2521,nan,nan,0.0,0,0,0,0,,,,,,,,,,,,,,,,,,,,,,,,,
base,C2,6028,1834,1833,76.375,99.94547437295529,0.2047743929011433,2.730179782878933,0.0,0,0.0,100,0.35708315749221475,2.3684757858670008e-17,0,26420.0,27.29199999999945,4.187777777777804,48.05006330280268,38.45623571464998,9.593827588152765,80.03368376916768,50.93221058681904,38.45623571464998,0.0,33.36809951583517,1.5,3,1.1842378929335003e-16,287,25.435540069686414,512,2642,nan,nan,0.0,0,0,0,0,,,,,,,,,,,,,,,,,,,,,,,,,
base,C2,6029,1826,1824,76.0,99.89047097480832,0.21808627776053405,3.634929194609625,0.0,0,0.0,100,0.3644002063660423,0.0,0,25560.0,27.023999999999482,4.159166666666688,46.21592570822477,36.959810035654186,9.25611567257065,79.97202148236245,52.19076717271602,36.959810035654186,0.0,32.09439285293384,1.5,3,0.0,271,29.520295202952028,505,2556,nan,nan,0.0,0,0,0,0,,,,,,,,,,,,,,,,,,,,,,,,,
base,C2,6030,1823,1819,75.79166666666667,99.7805814591333,0.1978833395650435,2.417010900315775,0.0,0,0.0,100,0.36507616199426557,0.0,0,25350.0,26.945999999999472,4.150000000000022,46.272581682064406,37.02448099091899,9.248100691145469,80.0138648958719,54.616105738364,37.02448099091899,0.0,32.13373727921133,1.5,3,0.0,308,31.16883116883117,470,2535,nan,nan,0.0,0,0,0,0,,,,,,,,,,,,,,,,,,,,,,,,,
base,C2,6031,1814,1808,75.33333333333333,99.66923925027564,0.2604155800060354,3.3019656522854346,0.0,0,0.0,100,0.3728148302379861,0.0,0,24590.0,26.685999999999503,4.120694444444465,44.38666111432497,35.519072058404035,8.867589055920998,80.02195066422986,48.889634379751215,35.519072058404035,0.0,30.824070218281186,1.5,3,0.0,258,30.620155038759687,462,2459,nan,nan,0.0,0,0,0,0,,,,,,,,,,,,,,,,,,,,,,,,,
base,C2,6032,1894,1891,78.79166666666667,99.8416050686378,0.2244425441439739,4.154530992022243,0.0,0,0.0,100,0.34455258310148373,0.0,0,26130.0,27.953999999999418,4.308750000000023,46.561070083465836,37.253522833277174,9.307547250188714,80.01002289358071,61.23407900939556,37.253522833277174,0.0,32.33407644685127,1.5,3,0.0,295,32.88135593220339,498,2613,nan,nan,0.0,0,0,0,0,,,,,,,,,,,,,,,,,,,,,,,,,
base,C2,6033,1853,1847,76.95833333333333,99.67620075553157,0.24610071573973866,3.116152286957852,0.0,0,0.0,100,0.36199044484554016,1.8474111129762605e-15,0,25520.0,27.339999999999456,4.214861111111134,44.3834398556055,35.528823429044174,8.85461642656139,80.04972923376732,50.25626752186273,35.528823429044174,0.0,30.821833233059376,1.5,3,9.237055564881303e-15,272,19.485294117647058,510,2552,nan,nan,0.0,0,0,0,0,,,,,,,,,,,,,,,,,,,,,,,,,
base,C2,6034,1714,1709,71.20833333333333,99.70828471411902,0.1742253772004095,2.553895564207869,0.0,0,0.0,100,0.4025771284454603,0.0,0,24500.0,25.46799999999954,3.911111111111132,43.67223375963427,34.91973522523329,8.752498534401026,79.95866530992328,57.96243443966236,34.91973522523329,0.0,30.32794011085706,1.5,3,0.0,250,18.0,464,2450,nan,nan,0.0,0,0,0,0,,,,,,,,,,,,,,,,,,,,,,,,,
base,C2,6035,1768,1764,73.5,99.77375565610859,0.14775014776648987,2.9222472140107127,0.0,0,0.0,100,0.38306230340091696,0.0,0,25880.0,26.391999999999495,4.0427777777778005,45.29757077566984,36.216419878794525,9.081150896875382,79.95223421174504,54.89944247384846,36.216419878794525,0.0,31.456646371992903,1.5,3,0.0,266,33.45864661654135,469,2588,nan,nan,0.0,0,0,0,0,,,,,,,,,,,,,,,,,,,,,,,,,
base,C2,6036,1759,1755,73.125,99.77259806708358,0.18962935726076455,2.8190313625093646,0.0,0,0.0,100,0.3790141289151999,0.0,0,25910.0,26.289999999999498,4.024444444444468,47.65491359052807,38.09658631955882,9.558327270969299,79.942619657023,46.206452602831234,38.09658631955882,0.0,33.09368999342219,1.5,3,0.0,312,21.794871794871796,482,2591,nan,nan,0.0,0,0,0,0,,,,,,,,,,,,,,,,,,,,,,,,,
base,C2,6037,1836,1835,76.45833333333333,99.94553376906318,0.19770995091418028,4.1637849423455915,0.0,0,0.0,100,0.35879805694547356,5.921189464667502e-18,0,26110.0,27.253999999999454,4.187638888888913,47.23269949962952,37.78642629671248,9.446273202917093,80.00056464485766,50.95892600340889,37.78642629671248,0.0,32.800485763631535,1.5,3,2.960594732333751e-17,299,22.40802675585284,506,2611,nan,nan,0.0,0,0,0,0,,,,,,,,,,,,,,,,,,,,,,,,,
base,C2,6038,1771,1770,73.75,99.94353472614343,0.19139425007007085,2.8672674105639695,0.0,0,0.0,100,0.38637303028998665,0.0,0,25520.0,26.355999999999497,4.044027777777801,43.80570909560481,35.0278462068911,8.77786288871376,79.96182901740899,66.21952311778142,35.0278462068911,0.0,30.420631316392196,1.5,3,0.0,224,36.607142857142854,483,2552,nan,nan,0.0,0,0,0,0,,,,,,,,,,,,,,,,,,,,,,,,,
base,C2,6039,1732,1731,72.125,99.94226327944573,0.19951844564816365,3.273551485916323,0.0,0,0.0,100,0.3839187700345532,2.3684757858670008e-17,0,25870.0,25.95799999999951,3.96763888888891,48.58924278756085,38.86576235881598,9.72348042874494,79.98840922206315,46.692900220485456,38.86576235881598,0.0,33.74252971358387,1.5,3,1.1842378929335003e-16,304,27.631578947368425,492,2587,nan,nan,0.0,0,0,0,0,,,,,,,,,,,,,,,,,,,,,,,,,
base,C2,6040,1840,1837,76.54166666666667,99.83695652173913,0.25654991506344027,5.275938381094542,0.0,0,0.0,100,0.3530402845201833,2.3684757858670008e-17,0,26120.0,27.30399999999943,4.1961111111111355,48.90549757273399,39.13753099280169,9.767966579932349,80.02685369798144,50.465438464064874,39.13753099280169,0.0,33.96215109217631,1.5,3,1.1842378929335003e-16,310,29.354838709677416,493,2612,nan,nan,0.0,0,0,0,0,,,,,,,,,,,,,,,,,,,,,,,,,
base,C2,6041,1738,1737,72.375,99.94246260069045,0.16306728861052677,2.9094299620120485,0.0,0,0.0,100,0.39126087067043874,2.3684757858670006e-16,0,25380.0,25.931999999999523,3.973333333333353,45.34608655864203,36.29110870586899,9.05497785277311,80.03140173725235,56.2804605209176,36.29110870586899,0.0,31.49033788794582,1.5,3,1.1842378929335002e-15,254,32.28346456692913,463,2538,nan,nan,0.0,0,0,0,0,,,,,,,,,,,,,,,,,,,,,,,,,
base,C2,6042,1770,1764,73.5,99.66101694915255,0.18581488097312668,3.3032582505225947,0.0,0,0.0,100,0.38160678680543125,0.0,0,25820.0,26.403999999999492,4.046111111111133,45.621556750044746,36.47915658955413,9.14240016049067,79.96035029979188,53.560194055515396,36.47915658955413,0.0,31.68163663197547,1.5,3,0.0,282,27.659574468085108,511,2582,nan,nan,0.0,0,0,0,0,,,,,,,,,,,,,,,,,,,,,,,,,
base,C2,6043,1799,1795,74.79166666666667,99.77765425236242,0.2255623279746675,3.0595518115799982,0.0,0,0.0,100,0.3649040610052394,0.0,0,26140.0,26.815999999999466,4.110972222222247,48.7345380381138,38.98212217661971,9.75241586149419,79.98869743288216,50.35095093595826,38.98212217661971,0.0,33.84342919313454,1.5,3,0.0,376,23.670212765957448,491,2614,nan,nan,0.0,0,0,0,0,,,,,,,,,,,,,,,,,,,,,,,,,
base,C2,6044,1839,1837,76.54166666666667,99.89124524197933,0.23146860419759022,3.458201177465192,0.0,0,0.0,100,0.3581874830389339,3.3158661002138005e-16,0,26210.0,27.309999999999455,4.1952777777778,47.152506105983775,37.713863925438595,9.438642180545255,79.98273483209964,50.63808203500471,37.713863925438595,0.0,32.74479590693314,1.5,3,1.6579330501069005e-15,317,21.13564668769716,497,2621,nan,nan,0.0,0,0,0,0,,,,,,,,,,,,,,,,,,,,,,,,,
base,C2,6045,1761,1754,73.08333333333333,99.60249858035208,0.14053178988969042,2.558490732743424,0.0,0,0.0,100,0.3857700223571635,0.0,0,25840.0,26.299999999999496,4.0276388888889105,45.02279195142114,36.0069380053077,9.015853946113475,79.97491147185764,50.323422222295,36.0069380053077,0.0,31.265827744042397,1.5,3,0.0,217,22.119815668202765,476,2584,nan,nan,0.0,0,0,0,0,,,,,,,,,,,,,,,,,,,,,,,,,
base,C2,6046,1732,1728,72.0,99.76905311778292,0.1879754276699437,2.8445475640350804,0.0,0,0.0,100,0.4031171388237679,1.4210854715202004e-16,0,24110.0,25.605999999999536,3.943194444444466,41.67783002344356,33.32356044455772,8.354269578885908,79.95512344527869,66.46073959068474,33.32356044455772,0.0,28.94293751628019,1.5,3,7.105427357601002e-16,178,44.38202247191011,409,2411,nan,nan,0.0,0,0,0,0,,,,,,,,,,,,,,,,,,,,,,,,,
base,C2,6047,1716,1715,71.45833333333333,99.94172494172494,0.19190765613664357,3.9131948484244274,0.0,0,0.0,100,0.40461527171506273,9.473903143468003e-17,0,24220.0,25.435999999999545,3.9113888888889092,42.73850218257744,34.1987635716011,8.539738610976363,80.01862916371081,62.93533298903375,34.1987635716011,0.0,29.679515404567603,1.5,3,4.736951571734001e-16,224,34.82142857142857,407,2422,nan,nan,0.0,0,0,0,0,,,,,,,,,,,,,,,,,,,,,,,,,
base,C2,6048,1772,1767,73.625,99.7178329571106,0.1568584778080597,2.839853670071595,0.0,0,0.0,100,0.38042760519356617,0.0,0,26090.0,26.48199999999948,4.054027777777801,45.846062130316135,36.64992330638727,9.196138823928926,79.94126780662405,56.442665093817624,36.64992330638727,0.0,31.837543146052816,1.5,3,0.0,255,31.76470588235294,459,2609,nan,nan,0.0,0,0,0,0,,,,,,,,,,,,,,,,,,,,,,,,,
base,C2,6049,1777,1774,73.91666666666667,99.83117613956107,0.25281493934398,3.671386784063543,0.0,0,0.0,100,0.37770830913888387,0.0,0,25630.0,26.44999999999949,4.058055555555579,46.32500871000175,37.06383637180379,9.26117233819805,80.00826638549896,51.88716055588362,37.06383637180379,0.0,32.17014493750115,1.5,3,0.0,252,21.428571428571427,457,2563,nan,nan,0.0,0,0,0,0,,,,,,,,,,,,,,,,,,,,,,,,,
base,C2,6050,1768,1765,73.54166666666667,99.83031674208145,0.14699341616786185,2.862594669724422,0.0,0,0.0,100,0.3846879768022464,9.473903143468003e-17,0,26320.0,26.47999999999948,4.048888888888912,44.71232835119129,35.772171982952436,8.940156368238938,80.00516479925015,60.416827615873935,35.772171982952436,0.0,31.050228021660576,1.5,3,4.736951571734001e-16,236,31.779661016949152,504,2632,nan,nan,0.0,0,0,0,0,,,,,,,,,,,,,,,,,,,,,,,,,
base,C2,6051,1671,1670,69.58333333333333,99.94015559545183,0.1384303653988358,2.1125558821970722,0.0,0,0.0,100,0.4133876593549356,4.7369515717340015e-17,0,24780.0,25.007999999999562,3.825416666666687,44.080442632223175,35.2683962830434,8.812046349179814,80.0091700015324,50.28918608349034,35.2683962830434,0.0,30.611418494599366,1.5,3,2.3684757858670006e-16,259,30.115830115830118,423,2478,nan,nan,0.0,0,0,0,0,,,,,,,,,,,,,,,,,,,,,,,,,
base,C2,6052,1844,1843,76.79166666666667,99.94577006507592,0.25634046365786434,5.269182559012067,0.0,0,0.0,100,0.36078912076786096,4.7369515717340015e-17,0,24960.0,27.119999999999475,4.188333333333356,45.71591652357,36.54599742308514,9.169919100484918,79.94151753305202,50.19313932008359,36.54599742308514,0.0,31.74716425247914,1.5,3,2.3684757858670006e-16,271,28.044280442804425,496,2496,nan,nan,0.0,0,0,0,0,,,,,,,,,,,,,,,,,,,,,,,,,
base,C2,6053,1684,1680,70.0,99.7624703087886,0.14931313918121605,2.955273741193135,0.0,0,0.0,100,0.40981589512643524,1.4210854715202004e-16,0,24330.0,25.073999999999565,3.84625000000002,44.06627775448329,35.26375265514851,8.80252509933485,80.02435071013181,53.111430353139696,35.26375265514851,0.0,30.601581773946656,1.5,3,7.105427357601002e-16,209,30.14354066985646,427,2433,nan,nan,0.0,0,0,0,0,,,,,,,,,,,,,,,,,,,,,,,,,
base,C2,6054,1818,1815,75.625,99.83498349834984,0.17043914854335154,2.5729515242095764,0.0,0,0.0,100,0.3598450546693344,4.7369515717340015e-17,0,26500.0,27.115999999999456,4.155555555555579,48.65578031903963,38.903912012978665,9.75186830606098,79.95743107577923,51.01228177839137,38.903912012978665,0.0,33.78873633266634,1.5,3,2.3684757858670006e-16,304,29.276315789473685,524,2650,nan,nan,0.0,0,0,0,0,,,,,,,,,,,,,,,,,,,,,,,,,
base,C2,6055,1816,1814,75.58333333333333,99.8898678414097,0.2962427906587839,5.0568048400051335,0.0,0,0.0,100,0.36242310798433247,0.0,0,25320.0,26.85599999999949,4.135000000000021,47.92768112564025,38.3223157774156,9.605365348224712,79.95862699252105,50.51893062729885,38.3223157774156,0.0,33.28311189280569,1.5,3,0.0,329,32.82674772036474,452,2532,nan,nan,0.0,0,0,0,0,,,,,,,,,,,,,,,,,,,,,,,,,
base,C2,6056,1753,1748,72.83333333333333,99.71477467199087,0.21228452000840461,3.8611377096818615,0.0,0,0.0,100,0.39321741730936843,4.7369515717340015e-17,0,24610.0,25.957999999999522,3.9938888888889097,43.141729768627336,34.51026675325859,8.631463015368801,79.99277483387895,53.78930020363365,34.51026675325859,0.0,29.959534561546718,1.5,3,2.3684757858670006e-16,214,32.242990654205606,456,2461,nan,nan,0.0,0,0,0,0,,,,,,,,,,,,,,,,,,,,,,,,,
base,C3,6007,1826,1823,75.95833333333333,99.83570646221249,0.22485023721378236,3.736202237149458,0.0,0,0.0,100,0.3637605229368738,4.547473508864641e-15,0,25060.0,26.923999999999477,4.152222222222244,46.44621174272546,37.14923476057098,9.296976982154531,79.98334711633268,60.12706969928979,37.14923476057098,0.0,32.25431371022597,1.5,3,2.2737367544323207e-14,332,67.16867469879519,483,2506,nan,nan,0.0,0,0,0,0,,,,,,,,,,,,,,,,,,,,,,,,,
base,C3,6008,1781,1781,74.20833333333333,100.0,0.20918846777704056,3.3582011232145303,0.0,0,0.0,100,0.37768375898395384,1.82017364143879e-14,0,25220.0,26.415999999999507,4.060694444444466,45.93384676577659,36.75433027710462,9.179516488672038,80.0157898042381,54.518911432062744,36.75433027710462,0.0,31.89850469845593,1.5,3,9.10086820719395e-14,286,56.29370629370629,505,2522,nan,nan,0.0,0,0,0,0,,,,,,,,,,,,,,,,,,,,,,,,,
base,C3,6009,1802,1797,74.875,99.72253052164261,0.22724471617754963,3.387608642517436,0.0,0,0.0,100,0.3746530659241746,0.0,0,24670.0,26.557999999999495,4.0968055555555765,44.92489626729713,35.92500456396518,8.999891703331999,79.96680582235784,57.51442725214028,35.92500456396518,0.0,31.197844630067404,1.5,3,0.0,268,49.25373134328358,439,2467,nan,nan,0.0,0,0,0,0,,,,,,,,,,,,,,,,,,,,,,,,,
base,C3,6010,1836,1832,76.33333333333333,99.78213507625271,0.205810455676158,3.3744226695420365,0.0,0,0.0,100,0.36326080772099284,0.0,0,25200.0,27.071999999999473,4.175000000000021,45.62610922044256,36.50627286937379,9.119836351068848,80.01180353335351,60.15302875911218,36.50627286937379,0.0,31.68479806975174,1.5,3,0.0,292,47.26027397260274,483,2520,nan,nan,0.0,0,0,0,0,,,,,,,,,,,,,,,,,,,,,,,,,
base,C3,6011,1833,1832,76.33333333333333,99.94544462629568,0.20743084692159153,2.924064816833197,0.0,0,0.0,100,0.36193751774950883,7.105427357601002e-17,0,25060.0,27.007999999999477,4.166805555555578,46.4024936101768,37.12423070318391,9.278262906992946,80.00481830795832,51.83135183399574,37.12423070318391,0.0,32.22395389595607,1.5,3,3.552713678800501e-16,310,58.06451612903226,466,2506,nan,nan,0.0,0,0,0,0,,,,,,,,,,,,,,,,,,,,,,,,,
base,C3,6012,1800,1796,74.83333333333333,99.77777777777777,0.18247350447303637,3.298746699205185,0.0,0,0.0,100,0.37195033988301385,0.0,0,25730.0,26.745999999999473,4.1073611111111346,46.097877642115016,36.889043752358,9.20883388975707,80.02330180740506,60.701570552716255,36.889043752358,0.0,32.012415029246476,1.5,3,0.0,293,63.82252559726962,450,2573,nan,nan,0.0,0,0,0,0,,,,,,,,,,,,,,,,,,,,,,,,,
base,C3,6013,1817,1815,75.625,99.88992845349478,0.24297521863244143,5.071162833158451,0.0,0,0.0,100,0.3664244014362364,0.0,0,25140.0,26.831999999999475,4.134583333333356,46.38721548295489,37.09540750823655,9.29180797471841,79.96903267855635,50.55105264773193,37.09540750823655,0.0,32.21334408538529,1.5,3,0.0,300,53.0,495,2514,nan,nan,0.0,0,0,0,0,,,,,,,,,,,,,,,,,,,,,,,,,
base,C3,6014,1821,1816,75.66666666666667,99.72542559033498,0.2057187900636436,2.471099896177475,0.0,0,0.0,100,0.3707491185147489,0.0,0,24410.0,26.7339999999995,4.132777777777798,44.43031733469037,35.55336812927895,8.876949205411485,80.02051360889007,55.953747248831434,35.55336812927895,0.0,30.8543870379794,1.5,3,0.0,284,59.50704225352113,458,2441,nan,nan,0.0,0,0,0,0,,,,,,,,,,,,,,,,,,,,,,,,,
base,C3,6015,1745,1742,72.58333333333333,99.82808022922636,0.15974280093071913,3.298161087837798,0.0,0,0.0,100,0.38929473130555664,0.0,0,25520.0,26.04399999999951,3.9898611111111326,45.35389672999959,36.292438403925864,9.061458326073806,80.02055175100318,53.37088036902644,36.292438403925864,0.0,31.49576161805522,1.5,3,0.0,287,55.749128919860624,460,2552,nan,nan,0.0,0,0,0,0,,,,,,,,,,,,,,,,,,,,,,,,,
base,C3,6016,1836,1829,76.20833333333333,99.61873638344227,0.20275538829879566,3.670225197590844,0.0,0,0.0,100,0.3616619541599627,2.3684757858670008e-17,0,25050.0,27.04199999999948,4.172916666666689,46.2016965024134,36.93971110347796,9.261985398935467,79.95314869346491,50.00736489568778,36.93971110347796,0.0,32.08451146000928,1.5,3,1.1842378929335003e-16,272,58.45588235294118,457,2505,nan,nan,0.0,0,0,0,0,,,,,,,,,,,,,,,,,,,,,,,,,
base,C3,6017,1810,1809,75.375,99.94475138121547,0.18508081485156813,3.406721018753592,0.0,0,0.0,100,0.37389968929368894,7.105427357601002e-17,0,25040.0,26.72799999999949,4.118611111111133,44.396111854271965,35.51073426091376,8.885377593358248,79.9861356721417,56.48640999855999,35.51073426091376,0.0,30.830633232133273,1.5,3,3.552713678800501e-16,235,50.212765957446805,523,2504,nan,nan,0.0,0,0,0,0,,,,,,,,,,,,,,,,,,,,,,,,,
base,C3,6018,1850,1846,76.91666666666667,99.78378378378379,0.19817071673885364,3.3402373795717115,0.0,0,0.0,100,0.34948032258854855,0.0,0,26370.0,27.473999999999442,4.22041666666669,49.187083868122535,39.348544261245394,9.838539606877205,79.99771721930976,52.350993858057734,39.348544261245394,0.0,34.157697130640614,1.5,3,0.0,369,62.601626016260155,500,2637,nan,nan,0.0,0,0,0,0,,,,,,,,,,,,,,,,,,,,,,,,,
base,C3,6019,1819,1816,75.66666666666667,99.83507421660252,0.1979687593117145,2.4707768449140226,0.0,0,0.0,100,0.36297827545980915,1.4210854715202004e-16,0,25430.0,26.913999999999476,4.1427777777778,47.42782083446869,37.93044769518711,9.497373139281624,79.97510117019912,53.56360525953878,37.93044769518711,0.0,32.935986690603194,1.5,3,7.105427357601002e-16,302,56.29139072847682,485,2543,nan,nan,0.0,0,0,0,0,,,,,,,,,,,,,,,,,,,,,,,,,
base,C3,6020,1775,1770,73.75,99.71830985915493,0.2120499749336251,3.9836207828018813,0.0,0,0.0,100,0.3778382445016815,7.638334409421077e-16,0,24650.0,26.229999999999514,4.040277777777798,46.47823197939464,37.18700153132096,9.29123044807374,80.00950110969626,52.84014181218674,37.18700153132096,0.0,32.27654998569069,1.5,3,3.819167204710538e-15,304,66.44736842105263,463,2465,nan,nan,0.0,0,0,0,0,,,,,,,,,,,,,,,,,,,,,,,,,
base,C3,6021,1811,1809,75.375,99.88956377691883,0.21524568870197383,4.968780094368655,0.0,0,0.0,100,0.3635287545995676,0.0,0,25650.0,26.861999999999476,4.129166666666689,48.02964834415563,38.428158717806795,9.601489626348888,80.00924437849403,55.26746749270852,38.428158717806795,0.0,33.35392246121911,1.5,3,0.0,339,56.63716814159292,512,2565,nan,nan,0.0,0,0,0,0,,,,,,,,,,,,,,,,,,,,,,,,,
base,C3,6022,1776,1773,73.875,99.83108108108108,0.18902393830259934,3.410896553565423,0.0,0,0.0,100,0.38283058539998943,0.0,0,25420.0,26.395999999999496,4.053055555555578,44.58098925600378,35.64850680134208,8.932482454661777,79.96347186607406,55.78538048066679,35.64850680134208,0.0,30.95902031666926,1.5,3,0.0,259,51.35135135135135,484,2542,nan,nan,0.0,0,0,0,0,,,,,,,,,,,,,,,,,,,,,,,,,
base,C3,6023,1833,1832,76.33333333333333,99.94544462629568,0.1879333011406485,3.6107555215297906,0.0,0,0.0,100,0.36283003220794735,9.473903143468003e-17,0,25700.0,27.135999999999466,4.175694444444467,46.08118840513891,36.850249844751474,9.230938560387496,79.96809787275797,50.893629295626276,36.850249844751474,0.0,32.00082528134643,1.5,3,4.736951571734001e-16,264,48.484848484848484,473,2570,nan,nan,0.0,0,0,0,0,,,,,,,,,,,,,,,,,,,,,,,,,
base,C3,6024,1817,1813,75.54166666666667,99.77985690698954,0.19935935261726748,2.7884607683323943,0.0,0,0.0,100,0.36895509774384505,0.0,0,25020.0,26.807999999999495,4.132916666666686,45.47616481221576,36.360513540222506,9.115651271993316,79.95510107408043,57.19261568243208,36.360513540222506,0.0,31.580670008483153,1.5,3,0.0,278,39.20863309352518,480,2502,nan,nan,0.0,0,0,0,0,,,,,,,,,,,,,,,,,,,,,,,,,
base,C3,6025,1777,1773,73.875,99.77490151941475,0.2267755602697618,3.4751017883002193,0.0,0,0.0,100,0.37979763080196244,3.789561257387201e-16,0,24690.0,26.261999999999514,4.04500000000002,45.572852911293516,36.46061894776065,9.112233963532919,80.00512721626268,56.383430883213094,36.46061894776065,0.0,31.647814521731554,1.5,3,1.8947806286936005e-15,251,58.56573705179283,452,2469,nan,nan,0.0,0,0,0,0,,,,,,,,,,,,,,,,,,,,,,,,,
base,C3,6026,1818,1816,75.66666666666667,99.8899889988999,0.2217074650836237,3.6346983330511953,0.0,0,0.0,100,0.3590504713428516,0.0,0,26030.0,27.02199999999947,4.1490277777778,48.941830316573366,39.15191086816115,9.789919448412295,79.99682605842999,50.87219729558481,39.15191086816115,0.0,33.98738216428703,1.5,3,0.0,359,59.33147632311978,487,2603,nan,nan,0.0,0,0,0,0,,,,,,,,,,,,,,,,,,,,,,,,,
base,C3,6027,1819,1814,75.58333333333333,99.72512369433755,0.22225284295396522,3.4395056855750834,0.0,0,0.0,100,0.36545662126697664,1.8947806286936006e-16,0,24760.0,26.779999999999497,4.133472222222243,46.535616343888414,37.212027092049524,9.323589251838921,79.96461638556686,54.77497625706139,37.212027092049524,0.0,32.31640023881135,1.5,3,9.473903143468002e-16,322,60.55900621118012,479,2476,nan,nan,0.0,0,0,0,0,,,,,,,,,,,,,,,,,,,,,,,,,
base,C3,6028,1834,1833,76.375,99.94547437295529,0.2052242466145055,2.730179782878933,0.0,0,0.0,100,0.3573951714065952,2.3684757858670008e-17,0,25880.0,27.183999999999457,4.1802777777778015,47.93773829362572,38.34015972051098,9.597578573114799,79.97907511963089,52.329250794772854,38.34015972051098,0.0,33.29009603724004,1.5,3,1.1842378929335003e-16,339,52.50737463126843,500,2588,nan,nan,0.0,0,0,0,0,,,,,,,,,,,,,,,,,,,,,,,,,
base,C3,6029,1826,1824,76.0,99.89047097480832,0.21802507744140678,3.634929194609625,0.0,0,0.0,100,0.3647073553230558,0.0,0,25110.0,26.93399999999949,4.1529166666666875,46.10535208369989,36.87586902909717,9.22948305460281,79.98175344622143,55.04201451761769,36.87586902909717,0.0,32.01760561368046,1.5,3,0.0,301,51.49501661129568,483,2511,nan,nan,0.0,0,0,0,0,,,,,,,,,,,,,,,,,,,,,,,,,
base,C3,6030,1823,1819,75.79166666666667,99.7805814591333,0.19768319691554884,2.417010900315775,0.0,0,0.0,100,0.36540842493172426,0.0,0,24820.0,26.83999999999949,4.14263888888891,46.152967024579226,36.91121747956688,9.241749545012404,79.97582790269895,55.05965460401162,36.91121747956688,0.0,32.050671544846644,1.5,3,0.0,328,56.40243902439024,450,2482,nan,nan,0.0,0,0,0,0,,,,,,,,,,,,,,,,,,,,,,,,,
base,C3,6031,1814,1808,75.33333333333333,99.66923925027564,0.2604975352046016,3.3019656522854346,0.0,0,0.0,100,0.37302885819005843,4.7369515717340015e-17,0,24190.0,26.605999999999508,4.115138888888908,44.309611051578926,35.43327821440822,8.876332837170793,79.96747742416844,54.83863636300887,35.43327821440822,0.0,30.77056323026312,1.5,3,2.3684757858670006e-16,293,51.5358361774744,458,2419,nan,nan,0.0,0,0,0,0,,,,,,,,,,,,,,,,,,,,,,,,,
base,C3,6032,1894,1891,78.79166666666667,99.8416050686378,0.2247221115673509,4.154530992022243,0.0,0,0.0,100,0.34488530583087035,0.0,0,25730.0,27.873999999999427,4.3031944444444665,46.441289900886694,37.16797907712399,9.273310823762753,80.03218505869783,62.92407900939557,37.16797907712399,0.0,32.25089576450459,1.5,3,0.0,318,57.23270440251572,498,2573,nan,nan,0.0,0,0,0,0,,,,,,,,,,,,,,,,,,,,,,,,,
base,C3,6033,1853,1847,76.95833333333333,99.67620075553157,0.2460649916542015,3.116152286957852,0.0,0,0.0,100,0.3623119595365387,0.0,0,24780.0,27.191999999999464,4.204583333333355,44.267694566846046,35.42409258698596,8.843601979860152,80.02244737072114,53.841706434586854,35.42409258698596,0.0,30.741454560309755,1.5,3,0.0,289,46.02076124567474,493,2478,nan,nan,0.0,0,0,0,0,,,,,,,,,,,,,,,,,,,,,,,,,
base,C3,6034,1714,1709,71.20833333333333,99.70828471411902,0.1745573120880174,2.553895564207869,0.0,0,0.0,100,0.40291236251580936,3.3158661002138005e-16,0,24090.0,25.385999999999548,3.905416666666687,43.55154949430863,34.831705533138695,8.719843961169984,79.97810855774614,60.66605024042231,34.831705533138695,0.0,30.244131593269827,1.5,3,1.6579330501069005e-15,266,60.902255639097746,448,2409,nan,nan,0.0,0,0,0,0,,,,,,,,,,,,,,,,,,,,,,,,,
base,C3,6035,1768,1764,73.5,99.77375565610859,0.14790725371861832,2.9222472140107127,0.0,0,0.0,100,0.3834204661699117,0.0,0,25400.0,26.295999999999502,4.036111111111133,45.168632178831764,36.11375321212784,9.054878966703992,79.95316986608356,54.89944247384846,36.11375321212784,0.0,31.367105679744228,1.5,3,0.0,279,52.32974910394266,466,2540,nan,nan,0.0,0,0,0,0,,,,,,,,,,,,,,,,,,,,,,,,,
base,C3,6036,1759,1755,73.125,99.77259806708358,0.18951687979060663,2.8190313625093646,0.0,0,0.0,100,0.37913852976186985,0.0,0,25590.0,26.2259999999995,4.020000000000023,47.61012928572681,38.061868301721475,9.548260984005415,79.94489591342521,50.9619192879122,38.061868301721475,0.0,33.06258978175468,1.5,3,0.0,336,64.28571428571429,472,2559,nan,nan,0.0,0,0,0,0,,,,,,,,,,,,,,,,,,,,,,,,,
base,C3,6037,1836,1835,76.45833333333333,99.94553376906318,0.19790077956551955,4.1637849423455915,0.0,0,0.0,100,0.3591399345348368,0.0,0,25620.0,27.155999999999466,4.180833333333356,47.10962356745877,37.68162074115691,9.428002826301922,79.98709793806482,51.95344290596984,37.68162074115691,0.0,32.715016366290754,1.5,3,0.0,308,51.62337662337663,497,2562,nan,nan,0.0,0,0,0,0,,,,,,,,,,,,,,,,,,,,,,,,,
base,C3,6038,1771,1770,73.75,99.94353472614343,0.1912380409870166,2.8672674105639695,0.0,0,0.0,100,0.3868129234279412,0.0,0,25030.0,26.2579999999995,4.037222222222245,43.64734756594115,34.92304065133555,8.72430691460566,80.01182797780513,66.21952311778142,34.92304065133555,0.0,30.310658031903525,1.5,3,0.0,237,64.13502109704642,459,2503,nan,nan,0.0,0,0,0,0,,,,,,,,,,,,,,,,,,,,,,,,,
base,C3,6039,1732,1731,72.125,99.94226327944573,0.19958927673059165,3.273551485916323,0.0,0,0.0,100,0.3841804184621306,0.0,0,25590.0,25.901999999999518,3.9637500000000214,48.495049353632986,38.810490945946846,9.684558407686204,80.02979987283872,51.280901103413655,38.810490945946846,0.0,33.6771176066895,1.5,3,0.0,335,63.582089552238806,497,2559,nan,nan,0.0,0,0,0,0,,,,,,,,,,,,,,,,,,,,,,,,,
base,C3,6040,1840,1837,76.54166666666667,99.83695652173913,0.2564681090061726,5.275938381094542,0.0,0,0.0,100,0.35327246252760636,2.3684757858670008e-17,0,25640.0,27.207999999999444,4.189444444444468,48.82191349006172,39.03479339631433,9.787120093747442,79.95342788901611,50.93405116360699,39.03479339631433,0.0,33.90410659032058,1.5,3,1.1842378929335003e-16,350,60.857142857142854,479,2564,nan,nan,0.0,0,0,0,0,,,,,,,,,,,,,,,,,,,,,,,,,
base,C3,6041,1738,1737,72.375,99.94246260069045,0.16274810042208915,2.9094299620120485,0.0,0,0.0,100,0.3914220644067302,7.105427357601002e-16,0,25050.0,25.865999999999524,3.96875000000002,45.288056813577114,36.22045339363204,9.067603419945135,79.97793666159981,56.74815981902454,36.22045339363204,0.0,31.450039453872932,1.5,3,3.552713678800501e-15,256,61.328125,458,2505,nan,nan,0.0,0,0,0,0,,,,,,,,,,,,,,,,,,,,,,,,,
base,C3,6042,1770,1764,73.5,99.66101694915255,0.18579322365972065,3.3032582505225947,0.0,0,0.0,100,0.3819300434729769,0.0,0,25340.0,26.3079999999995,4.039444444444466,45.50518434972833,36.376489922887444,9.128694426840937,79.93922108592582,55.04310633503891,36.376489922887444,0.0,31.600822465089067,1.5,3,0.0,313,61.66134185303515,508,2534,nan,nan,0.0,0,0,0,0,,,,,,,,,,,,,,,,,,,,,,,,,
base,C3,6043,1799,1795,74.79166666666667,99.77765425236242,0.2251549227367569,3.0595518115799982,0.0,0,0.0,100,0.36528059678926317,4.7369515717340015e-17,0,25580.0,26.70399999999948,4.103194444444468,48.598985155865236,38.86234439884194,9.736640757023405,79.96534140415437,52.342994733636715,38.86234439884194,0.0,33.74929524712861,1.5,3,2.3684757858670006e-16,361,64.81994459833795,476,2558,nan,nan,0.0,0,0,0,0,,,,,,,,,,,,,,,,,,,,,,,,,
base,C3,6044,1839,1837,76.54166666666667,99.89124524197933,0.23160080152557128,3.458201177465192,0.0,0,0.0,100,0.35843935465887433,9.473903143468003e-17,0,25770.0,27.22199999999946,4.189166666666689,47.06183232280521,37.63286713817439,9.428965184630886,79.96472997490636,52.04641536833805,37.63286713817439,0.0,32.681828001948,1.5,3,4.736951571734001e-16,333,59.15915915915916,484,2577,nan,nan,0.0,0,0,0,0,,,,,,,,,,,,,,,,,,,,,,,,,
base,C3,6045,1761,1754,73.08333333333333,99.60249858035208,0.14033200081480213,2.558490732743424,0.0,0,0.0,100,0.3859949620870803,0.0,0,25500.0,26.2319999999995,4.0229166666666885,44.94181364865109,35.93421335994737,9.007600288703761,79.95719452017691,52.85962395858844,35.93421335994737,0.0,31.209592811563184,1.5,3,0.0,250,59.599999999999994,477,2550,nan,nan,0.0,0,0,0,0,,,,,,,,,,,,,,,,,,,,,,,,,
base,C3,6046,1732,1728,72.0,99.76905311778292,0.1879725856274548,2.8445475640350804,0.0,0,0.0,100,0.4032545380384437,0.0,0,23990.0,25.58199999999954,3.9415277777777993,41.628366306160295,33.29763080299523,8.33073550316511,79.98783944126998,66.69962847957362,33.29763080299523,0.0,28.90858771261124,1.5,3,0.0,187,60.962566844919785,409,2399,nan,nan,0.0,0,0,0,0,,,,,,,,,,,,,,,,,,,,,,,,,
base,C3,6047,1716,1715,71.45833333333333,99.94172494172494,0.19188491307160713,3.9131948484244274,0.0,0,0.0,100,0.40497146917003235,9.473903143468003e-17,0,23710.0,25.333999999999552,3.904305555555575,42.610271098788346,34.088724358154415,8.521546740633964,80.00119097839712,62.93533298903375,34.088724358154415,0.0,29.590466040825184,1.5,3,4.736951571734001e-16,250,67.60000000000001,405,2371,nan,nan,0.0,0,0,0,0,,,,,,,,,,,,,,,,,,,,,,,,,
base,C3,6048,1772,1767,73.625,99.7178329571106,0.15711119230377335,2.839853670071595,0.0,0,0.0,100,0.3806211805126371,0.0,0,25860.0,26.43599999999948,4.050833333333356,45.77637501545067,36.624695768483726,9.151679246966985,80.00785504776641,57.06073600099829,36.624695768483726,0.0,31.78914931628512,1.5,3,0.0,274,55.1094890510949,462,2586,nan,nan,0.0,0,0,0,0,,,,,,,,,,,,,,,,,,,,,,,,,
base,C3,6049,1777,1774,73.91666666666667,99.83117613956107,0.253564666649601,3.671386784063543,0.0,0,0.0,100,0.3780610697297866,0.0,0,25100.0,26.343999999999497,4.050694444444467,46.19801489727681,36.950373178297575,9.247641718979326,79.98259938323811,51.88716055588362,36.950373178297575,0.0,32.08195478977552,1.5,3,0.0,290,48.62068965517241,456,2510,nan,nan,0.0,0,0,0,0,,,,,,,,,,,,,,,,,,,,,,,,,
base,C3,6050,1768,1765,73.54166666666667,99.83031674208145,0.1468780460488881,2.862594669724422,0.0,0,0.0,100,0.3850550667305946,9.189686049163962e-15,0,25820.0,26.379999999999498,4.041944444444467,44.58017597698596,35.66522753850798,8.914948438478039,80.00243775825328,61.82516094920728,35.66522753850798,0.0,30.958455539573514,1.5,3,4.594843024581981e-14,257,63.42412451361867,484,2582,nan,nan,0.0,0,0,0,0,,,,,,,,,,,,,,,,,,,,,,,,,
base,C3,6051,1671,1670,69.58333333333333,99.94015559545183,0.1386700781632495,2.1125558821970722,0.0,0,0.0,100,0.41370988901356076,4.7369515717340015e-17,0,24300.0,24.911999999999573,3.8187500000000196,43.96443995511811,35.17623777565592,8.788202179462251,80.01065818549313,52.98056794550522,35.17623777565592,0.0,30.53086107994308,1.5,3,2.3684757858670006e-16,271,59.77859778597786,426,2430,nan,nan,0.0,0,0,0,0,,,,,,,,,,,,,,,,,,,,,,,,,
base,C3,6052,1844,1843,76.79166666666667,99.94577006507592,0.2562843146858627,5.269182559012067,0.0,0,0.0,100,0.3611817558842082,0.0,0,24560.0,27.03999999999948,4.182777777777799,45.57456788168503,36.46044186752961,9.114126014155485,80.00172807383196,51.72446944236213,36.46044186752961,0.0,31.649005473392343,1.5,3,0.0,307,59.934853420195445,483,2456,nan,nan,0.0,0,0,0,0,,,,,,,,,,,,,,,,,,,,,,,,,
base,C3,6053,1684,1680,70.0,99.7624703087886,0.1493340239503482,2.955273741193135,0.0,0,0.0,100,0.41006506059471126,0.0,0,23950.0,24.997999999999568,3.840972222222242,43.976578185903904,35.183724581564846,8.792853604339133,80.00559850935039,53.674763686473035,35.183724581564846,0.0,30.53929040687766,1.5,3,0.0,240,55.00000000000001,418,2395,nan,nan,0.0,0,0,0,0,,,,,,,,,,,,,,,,,,,,,,,,,
base,C3,6054,1818,1815,75.625,99.83498349834984,0.17070750451962752,2.5729515242095764,0.0,0,0.0,100,0.3599536016923629,0.0,0,26140.0,27.043999999999464,4.150555555555578,48.61670339074935,38.861070867177546,9.755632523571826,79.93357870203087,53.54728177839139,38.861070867177546,0.0,33.761599576909205,1.5,3,0.0,319,61.75548589341693,525,2614,nan,nan,0.0,0,0,0,0,,,,,,,,,,,,,,,,,,,,,,,,,
base,C3,6055,1816,1814,75.58333333333333,99.8898678414097,0.296367932969542,5.0568048400051335,0.0,0,0.0,100,0.36284634109456915,4.7369515717340015e-17,0,24870.0,26.7659999999995,4.12875000000002,47.77531720595509,38.226065777415606,9.549251428539545,80.01216530416005,50.51893062729885,38.226065777415606,0.0,33.17730361524656,1.5,3,2.3684757858670006e-16,344,59.883720930232556,444,2487,nan,nan,0.0,0,0,0,0,,,,,,,,,,,,,,,,,,,,,,,,,
base,C3,6056,1753,1748,72.83333333333333,99.71477467199087,0.21226484058060258,3.8611377096818615,0.0,0,0.0,100,0.39354969259366196,4.7369515717340015e-17,0,24160.0,25.867999999999533,3.987638888888909,43.02211066628166,34.42146443168501,8.600646234596727,80.00877664670841,54.39541131474477,34.42146443168501,0.0,29.876465740473346,1.5,3,2.3684757858670006e-16,250,57.99999999999999,437,2416,nan,nan,0.0,0,0,0,0,,,,,,,,,,,,,,,,,,,,,,,,,
base,C4,6007,1826,1823,75.95833333333333,99.83570646221249,0.22485023721378236,3.736202237149458,0.0,0,0.0,100,0.3637605229368738,4.547473508864641e-15,0,25060.0,26.923999999999477,4.152222222222244,46.44621174272546,37.14923476057098,9.296976982154531,79.98334711633268,60.12706969928979,37.14923476057098,0.0,32.25431371022597,1.5,3,2.2737367544323207e-14,332,0.0,483,2506,nan,nan,0.0,0,0,0,0,2160,0.11821862729266286,0.0547308459688254,0.045931688509881476,63.06827999651432,,,,,,,,,,,,,,,,,,,,
base,C4,6008,1781,1781,74.20833333333333,100.0,0.20918846777704056,3.3582011232145303,0.0,0,0.0,100,0.37768375898395384,1.82017364143879e-14,0,25220.0,26.415999999999507,4.060694444444466,45.93384676577659,36.75433027710462,9.179516488672038,80.0157898042381,54.518911432062744,36.75433027710462,0.0,31.89850469845593,1.5,3,9.10086820719395e-14,286,0.0,505,2522,nan,nan,0.0,0,0,0,0,2207,0.09828094206750393,0.04453146446194107,0.04549711011350149,43.82734396494925,,,,,,,,,,,,,,,,,,,,
base,C4,6009,1802,1797,74.875,99.72253052164261,0.22724471617754963,3.387608642517436,0.0,0,0.0,100,0.3746530659241746,0.0,0,24670.0,26.557999999999495,4.0968055555555765,44.92489626729713,35.92500456396518,8.999891703331999,79.96680582235784,57.51442725214028,35.92500456396518,0.0,31.197844630067404,1.5,3,0.0,268,0.0,439,2467,nan,nan,0.0,0,0,0,0,2179,0.11622621398419142,0.053339244600363205,0.04614940844476222,61.31706899031997,,,,,,,,,,,,,,,,,,,,
base,C4,6010,1836,1832,76.33333333333333,99.78213507625271,0.205810455676158,3.3744226695420365,0.0,0,0.0,100,0.36326080772099284,0.0,0,25200.0,27.071999999999473,4.175000000000021,45.62610922044256,36.50627286937379,9.119836351068848,80.01180353335351,60.15302875911218,36.50627286937379,0.0,31.68479806975174,1.5,3,0.0,292,0.0,483,2520,nan,nan,0.0,0,0,0,0,2192,0.11476814839988947,0.05235773193425614,0.046186498366296284,57.2190098464489,,,,,,,,,,,,,,,,,,,,
base,C4,6011,1833,1832,76.33333333333333,99.94544462629568,0.20743084692159153,2.924064816833197,0.0,0,0.0,100,0.36193751774950883,7.105427357601002e-17,0,25060.0,27.007999999999477,4.166805555555578,46.4024936101768,37.12423070318391,9.278262906992946,80.00481830795832,51.83135183399574,37.12423070318391,0.0,32.22395389595607,1.5,3,3.552713678800501e-16,310,0.0,466,2506,nan,nan,0.0,0,0,0,0,2152,0.05406930856406689,0.025125143384789446,0.045985728502273546,0.15939213335514069,,,,,,,,,,,,,,,,,,,,
base,C4,6012,1800,1796,74.83333333333333,99.77777777777777,0.18247350447303637,3.298746699205185,0.0,0,0.0,100,0.37195033988301385,0.0,0,25730.0,26.745999999999473,4.1073611111111346,46.097877642115016,36.889043752358,9.20883388975707,80.02330180740506,60.701570552716255,36.889043752358,0.0,32.012415029246476,1.5,3,0.0,293,0.0,450,2573,nan,nan,0.0,0,0,0,0,2248,0.07824837253428996,0.03480799489959518,0.06735576316714287,0.2101338468492031,,,,,,,,,,,,,,,,,,,,
base,C4,6013,1817,1815,75.625,99.88992845349478,0.24297521863244143,5.071162833158451,0.0,0,0.0,100,0.3664244014362364,0.0,0,25140.0,26.831999999999475,4.134583333333356,46.38721548295489,37.09540750823655,9.29180797471841,79.96903267855635,50.55105264773193,37.09540750823655,0.0,32.21334408538529,1.5,3,0.0,300,0.0,495,2514,nan,nan,0.0,0,0,0,0,2166,0.05505378404632211,0.025417259485836615,0.04654453368857503,0.1759519800543785,,,,,,,,,,,,,,,,,,,,
base,C4,6014,1821,1816,75.66666666666667,99.72542559033498,0.2057187900636436,2.471099896177475,0.0,0,0.0,100,0.3707491185147489,0.0,0,24410.0,26.7339999999995,4.132777777777798,44.43031733469037,35.55336812927895,8.876949205411485,80.02051360889007,55.953747248831434,35.55336812927895,0.0,30.8543870379794,1.5,3,0.0,284,0.0,458,2441,nan,nan,0.0,0,0,0,0,2135,0.05170139600522816,0.024216110541090474,0.04501051735132933,0.14718412421643734,,,,,,,,,,,,,,,,,,,,
base,C4,6015,1745,1742,72.58333333333333,99.82808022922636,0.15974280093071913,3.298161087837798,0.0,0,0.0,100,0.38929473130555664,0.0,0,25520.0,26.04399999999951,3.9898611111111326,45.35389672999959,36.292438403925864,9.061458326073806,80.02055175100318,53.37088036902644,36.292438403925864,0.0,31.49576161805522,1.5,3,0.0,287,0.0,460,2552,nan,nan,0.0,0,0,0,0,2239,0.055351206101477146,0.024721396204322083,0.04615583457052708,0.14708400703966618,,,,,,,,,,,,,,,,,,,,
base,C4,6016,1836,1829,76.20833333333333,99.61873638344227,0.20275538829879566,3.670225197590844,0.0,0,0.0,100,0.3616619541599627,2.3684757858670008e-17,0,25050.0,27.04199999999948,4.172916666666689,46.2016965024134,36.93971110347796,9.261985398935467,79.95314869346491,50.00736489568778,36.93971110347796,0.0,32.08451146000928,1.5,3,1.1842378929335003e-16,272,0.0,457,2505,nan,nan,0.0,0,0,0,0,2181,0.05387180997058749,0.02470050892736703,0.04540802910923958,0.23312889970839024,,,,,,,,,,,,,,,,,,,,
base,C4,6017,1810,1809,75.375,99.94475138121547,0.18508081485156813,3.406721018753592,0.0,0,0.0,100,0.37389968929368894,7.105427357601002e-17,0,25040.0,26.72799999999949,4.118611111111133,44.396111854271965,35.51073426091376,8.885377593358248,79.9861356721417,56.48640999855999,35.51073426091376,0.0,30.830633232133273,1.5,3,3.552713678800501e-16,235,0.0,523,2504,nan,nan,0.0,0,0,0,0,2210,0.0534266394097358,0.02417494995915647,0.04582384135574102,0.17957808449864388,,,,,,,,,,,,,,,,,,,,
base,C4,6018,1850,1846,76.91666666666667,99.78378378378379,0.19817071673885364,3.3402373795717115,0.0,0,0.0,100,0.34948032258854855,0.0,0,26370.0,27.473999999999442,4.22041666666669,49.187083868122535,39.348544261245394,9.838539606877205,79.99771721930976,52.350993858057734,39.348544261245394,0.0,34.157697130640614,1.5,3,0.0,369,0.0,500,2637,nan,nan,0.0,0,0,0,0,2225,0.05683538434095681,0.025543992962227778,0.04564281553030013,0.11021201498806477,,,,,,,,,,,,,,,,,,,,
base,C4,6019,1819,1816,75.66666666666667,99.83507421660252,0.1979687593117145,2.4707768449140226,0.0,0,0.0,100,0.36297827545980915,1.4210854715202004e-16,0,25430.0,26.913999999999476,4.1427777777778,47.42782083446869,37.93044769518711,9.497373139281624,79.97510117019912,53.56360525953878,37.93044769518711,0.0,32.935986690603194,1.5,3,7.105427357601002e-16,302,0.0,485,2543,nan,nan,0.0,0,0,0,0,2190,0.05536481807939708,0.025280738849039763,0.0465633813291788,0.13424898497760296,,,,,,,,,,,,,,,,,,,,
base,C4,6020,1775,1770,73.75,99.71830985915493,0.2120499749336251,3.9836207828018813,0.0,0,0.0,100,0.3778382445016815,7.638334409421077e-16,0,24650.0,26.229999999999514,4.040277777777798,46.47823197939464,37.18700153132096,9.29123044807374,80.00950110969626,52.84014181218674,37.18700153132096,0.0,32.27654998569069,1.5,3,3.819167204710538e-15,304,0.0,463,2465,nan,nan,0.0,0,0,0,0,2097,0.05401792749762535,0.025759622078028302,0.046690646559000015,0.14801090583205223,,,,,,,,,,,,,,,,,,,,
base,C4,6021,1811,1809,75.375,99.88956377691883,0.21524568870197383,4.968780094368655,0.0,0,0.0,100,0.3635287545995676,0.0,0,25650.0,26.861999999999476,4.129166666666689,48.02964834415563,38.428158717806795,9.601489626348888,80.00924437849403,55.26746749270852,38.428158717806795,0.0,33.35392246121911,1.5,3,0.0,339,0.0,512,2565,nan,nan,0.0,0,0,0,0,2182,0.06222148798406124,0.028515805675555107,0.058380921836942434,0.17786608077585697,,,,,,,,,,,,,,,,,,,,
base,C4,6022,1776,1773,73.875,99.83108108108108,0.18902393830259934,3.410896553565423,0.0,0,0.0,100,0.38283058539998943,0.0,0,25420.0,26.395999999999496,4.053055555555578,44.58098925600378,35.64850680134208,8.932482454661777,79.96347186607406,55.78538048066679,35.64850680134208,0.0,30.95902031666926,1.5,3,0.0,259,0.0,484,2542,nan,nan,0.0,0,0,0,0,2221,0.052781741600483656,0.02376485439013222,0.04486297257244587,0.16476702876389027,,,,,,,,,,,,,,,,,,,,
base,C4,6023,1833,1832,76.33333333333333,99.94544462629568,0.1879333011406485,3.6107555215297906,0.0,0,0.0,100,0.36283003220794735,9.473903143468003e-17,0,25700.0,27.135999999999466,4.175694444444467,46.08118840513891,36.850249844751474,9.230938560387496,79.96809787275797,50.893629295626276,36.850249844751474,0.0,32.00082528134643,1.5,3,4.736951571734001e-16,264,0.0,473,2570,nan,nan,0.0,0,0,0,0,2255,0.055246619740501046,0.02449960964102042,0.046085100620985024,0.145771075040102,,,,,,,,,,,,,,,,,,,,
base,C4,6024,1817,1813,75.54166666666667,99.77985690698954,0.19935935261726748,2.7884607683323943,0.0,0,0.0,100,0.36895509774384505,0.0,0,25020.0,26.807999999999495,4.132916666666686,45.47616481221576,36.360513540222506,9.115651271993316,79.95510107408043,57.19261568243208,36.360513540222506,0.0,31.580670008483153,1.5,3,0.0,278,0.0,480,2502,nan,nan,0.0,0,0,0,0,2161,0.05419361568056047,0.025078026691605956,0.04586298018693924,0.18103583715856075,,,,,,,,,,,,,,,,,,,,
base,C4,6025,1777,1773,73.875,99.77490151941475,0.2267755602697618,3.4751017883002193,0.0,0,0.0,100,0.37979763080196244,3.789561257387201e-16,0,24690.0,26.261999999999514,4.04500000000002,45.572852911293516,36.46061894776065,9.112233963532919,80.00512721626268,56.383430883213094,36.46061894776065,0.0,31.647814521731554,1.5,3,1.8947806286936005e-15,251,0.0,452,2469,nan,nan,0.0,0,0,0,0,2144,0.05189421423710883,0.024204390968800758,0.045422790572047234,0.12735486961901188,,,,,,,,,,,,,,,,,,,,
base,C4,6026,1818,1816,75.66666666666667,99.8899889988999,0.2217074650836237,3.6346983330511953,0.0,0,0.0,100,0.3590504713428516,0.0,0,26030.0,27.02199999999947,4.1490277777778,48.941830316573366,39.15191086816115,9.789919448412295,79.99682605842999,50.87219729558481,39.15191086816115,0.0,33.98738216428703,1.5,3,0.0,359,0.0,487,2603,nan,nan,0.0,0,0,0,0,2243,0.056362190283834934,0.02512803846804946,0.04557862412184477,0.15049101784825325,,,,,,,,,,,,,,,,,,,,
base,C4,6027,1819,1814,75.58333333333333,99.72512369433755,0.22225284295396522,3.4395056855750834,0.0,0,0.0,100,0.36545662126697664,1.8947806286936006e-16,0,24760.0,26.779999999999497,4.133472222222243,46.535616343888414,37.212027092049524,9.323589251838921,79.96461638556686,54.77497625706139,37.212027092049524,0.0,32.31640023881135,1.5,3,9.473903143468002e-16,322,0.0,479,2476,nan,nan,0.0,0,0,0,0,2152,0.054028755985200405,0.02510629924962844,0.045999616850167506,0.1483280211687088,,,,,,,,,,,,,,,,,,,,
base,C4,6028,1834,1833,76.375,99.94547437295529,0.2052242466145055,2.730179782878933,0.0,0,0.0,100,0.3573951714065952,2.3684757858670008e-17,0,25880.0,27.183999999999457,4.1802777777778015,47.93773829362572,38.34015972051098,9.597578573114799,79.97907511963089,52.329250794772854,38.34015972051098,0.0,33.29009603724004,1.5,3,1.1842378929335003e-16,339,0.0,500,2588,nan,nan,0.0,0,0,0,0,2210,0.05700556724332273,0.02579437431824558,0.04761973395943637,0.14657597057521343,,,,,,,,,,,,,,,,,,,,
base,C4,6029,1826,1824,76.0,99.89047097480832,0.21802507744140678,3.634929194609625,0.0,0,0.0,100,0.3647073553230558,0.0,0,25110.0,26.93399999999949,4.1529166666666875,46.10535208369989,36.87586902909717,9.22948305460281,79.98175344622143,55.04201451761769,36.87586902909717,0.0,32.01760561368046,1.5,3,0.0,301,0.0,483,2511,nan,nan,0.0,0,0,0,0,2182,0.055047300877049565,0.02522791057609971,0.046099897008389235,0.13353489339351654,,,,,,,,,,,,,,,,,,,,
base,C4,6030,1823,1819,75.79166666666667,99.7805814591333,0.19768319691554884,2.417010900315775,0.0,0,0.0,100,0.36540842493172426,0.0,0,24820.0,26.83999999999949,4.14263888888891,46.152967024579226,36.91121747956688,9.241749545012404,79.97582790269895,55.05965460401162,36.91121747956688,0.0,32.050671544846644,1.5,3,0.0,328,0.0,450,2482,nan,nan,0.0,0,0,0,0,2132,0.06085316161625087,0.028542758731824987,0.05782722728326917,0.2385547850281,,,,,,,,,,,,,,,,,,,,
base,C4,6031,1814,1808,75.33333333333333,99.66923925027564,0.2604975352046016,3.3019656522854346,0.0,0,0.0,100,0.37302885819005843,4.7369515717340015e-17,0,24190.0,26.605999999999508,4.115138888888908,44.309611051578926,35.43327821440822,8.876332837170793,79.96747742416844,54.83863636300887,35.43327821440822,0.0,30.77056323026312,1.5,3,2.3684757858670006e-16,293,0.0,458,2419,nan,nan,0.0,0,0,0,0,2123,0.051931062480434775,0.024461169326629666,0.045572943054139614,0.17637992277741432,,,,,,,,,,,,,,,,,,,,
base,C4,6032,1894,1891,78.79166666666667,99.8416050686378,0.2247221115673509,4.154530992022243,0.0,0,0.0,100,0.34488530583087035,0.0,0,25730.0,27.873999999999427,4.3031944444444665,46.441289900886694,37.16797907712399,9.273310823762753,80.03218505869783,62.92407900939557,37.16797907712399,0.0,32.25089576450459,1.5,3,0.0,318,0.0,498,2573,nan,nan,0.0,0,0,0,0,2242,0.05606588372029364,0.025007084621005194,0.0460365554317832,0.14019780792295933,,,,,,,,,,,,,,,,,,,,
base,C4,6033,1853,1847,76.95833333333333,99.67620075553157,0.2460649916542015,3.116152286957852,0.0,0,0.0,100,0.3623119595365387,0.0,0,24780.0,27.191999999999464,4.204583333333355,44.267694566846046,35.42409258698596,8.843601979860152,80.02244737072114,53.841706434586854,35.42409258698596,0.0,30.741454560309755,1.5,3,0.0,289,0.0,493,2478,nan,nan,0.0,0,0,0,0,2145,0.05336015159264207,0.024876527549017282,0.04568789154291153,0.16931095160543919,,,,,,,,,,,,,,,,,,,,
base,C4,6034,1714,1709,71.20833333333333,99.70828471411902,0.1745573120880174,2.553895564207869,0.0,0,0.0,100,0.40291236251580936,3.3158661002138005e-16,0,24090.0,25.385999999999548,3.905416666666687,43.55154949430863,34.831705533138695,8.719843961169984,79.97810855774614,60.66605024042231,34.831705533138695,0.0,30.244131593269827,1.5,3,1.6579330501069005e-15,266,0.0,448,2409,nan,nan,0.0,0,0,0,0,2126,0.057393675902858377,0.02699608462034731,0.04721112782135606,0.14813710004091263,,,,,,,,,,,,,,,,,,,,
base,C4,6035,1768,1764,73.5,99.77375565610859,0.14790725371861832,2.9222472140107127,0.0,0,0.0,100,0.3834204661699117,0.0,0,25400.0,26.295999999999502,4.036111111111133,45.168632178831764,36.11375321212784,9.054878966703992,79.95316986608356,54.89944247384846,36.11375321212784,0.0,31.367105679744228,1.5,3,0.0,279,0.0,466,2540,nan,nan,0.0,0,0,0,0,2244,0.06971718976274133,0.031068266382683302,0.05640890449285507,0.23758900351822376,,,,,,,,,,,,,,,,,,,,
base,C4,6036,1759,1755,73.125,99.77259806708358,0.18951687979060663,2.8190313625093646,0.0,0,0.0,100,0.37913852976186985,0.0,0,25590.0,26.2259999999995,4.020000000000023,47.61012928572681,38.061868301721475,9.548260984005415,79.94489591342521,50.9619192879122,38.061868301721475,0.0,33.06258978175468,1.5,3,0.0,336,0.0,472,2559,nan,nan,0.0,0,0,0,0,2194,0.11132049327716231,0.050738602222954565,0.07123732939362525,3.086367854848504,,,,,,,,,,,,,,,,,,,,
base,C4,6037,1836,1835,76.45833333333333,99.94553376906318,0.19790077956551955,4.1637849423455915,0.0,0,0.0,100,0.3591399345348368,0.0,0,25620.0,27.155999999999466,4.180833333333356,47.10962356745877,37.68162074115691,9.428002826301922,79.98709793806482,51.95344290596984,37.68162074115691,0.0,32.715016366290754,1.5,3,0.0,308,0.0,497,2562,nan,nan,0.0,0,0,0,0,2190,0.055329773342236876,0.025264736685952912,0.046015926636755466,0.16692420467734337,,,,,,,,,,,,,,,,,,,,
base,C4,6038,1771,1770,73.75,99.94353472614343,0.1912380409870166,2.8672674105639695,0.0,0,0.0,100,0.3868129234279412,0.0,0,25030.0,26.2579999999995,4.037222222222245,43.64734756594115,34.92304065133555,8.72430691460566,80.01182797780513,66.21952311778142,34.92304065133555,0.0,30.310658031903525,1.5,3,0.0,237,0.0,459,2503,nan,nan,0.0,0,0,0,0,2214,0.05365099711343646,0.02423260935566236,0.04578816005960107,0.16542314551770687,,,,,,,,,,,,,,,,,,,,
base,C4,6039,1732,1731,72.125,99.94226327944573,0.19958927673059165,3.273551485916323,0.0,0,0.0,100,0.3841804184621306,0.0,0,25590.0,25.901999999999518,3.9637500000000214,48.495049353632986,38.810490945946846,9.684558407686204,80.02979987283872,51.280901103413655,38.810490945946846,0.0,33.6771176066895,1.5,3,0.0,335,0.0,497,2559,nan,nan,0.0,0,0,0,0,2178,0.055841441033408046,0.02563886181515521,0.04685338353738189,0.11087092570960522,,,,,,,,,,,,,,,,,,,,
base,C4,6040,1840,1837,76.54166666666667,99.83695652173913,0.2564681090061726,5.275938381094542,0.0,0,0.0,100,0.35327246252760636,2.3684757858670008e-17,0,25640.0,27.207999999999444,4.189444444444468,48.82191349006172,39.03479339631433,9.787120093747442,79.95342788901611,50.93405116360699,39.03479339631433,0.0,33.90410659032058,1.5,3,1.1842378929335003e-16,350,0.0,479,2564,nan,nan,0.0,0,0,0,0,2174,0.05777431884780526,0.026575123665043818,0.05027285078540429,0.17878017388284206,,,,,,,,,,,,,,,,,,,,
base,C4,6041,1738,1737,72.375,99.94246260069045,0.16274810042208915,2.9094299620120485,0.0,0,0.0,100,0.3914220644067302,7.105427357601002e-16,0,25050.0,25.865999999999524,3.96875000000002,45.288056813577114,36.22045339363204,9.067603419945135,79.97793666159981,56.74815981902454,36.22045339363204,0.0,31.450039453872932,1.5,3,3.552713678800501e-15,256,0.0,458,2505,nan,nan,0.0,0,0,0,0,2177,0.05302975885570049,0.024359099152825213,0.04552728496491908,0.1392839476466179,,,,,,,,,,,,,,,,,,,,
base,C4,6042,1770,1764,73.5,99.66101694915255,0.18579322365972065,3.3032582505225947,0.0,0,0.0,100,0.3819300434729769,0.0,0,25340.0,26.3079999999995,4.039444444444466,45.50518434972833,36.376489922887444,9.128694426840937,79.93922108592582,55.04310633503891,36.376489922887444,0.0,31.600822465089067,1.5,3,0.0,313,0.0,508,2534,nan,nan,0.0,0,0,0,0,2176,0.054129735101014376,0.024875797380980873,0.04559376975521445,0.140670919790864,,,,,,,,,,,,,,,,,,,,
base,C4,6043,1799,1795,74.79166666666667,99.77765425236242,0.2251549227367569,3.0595518115799982,0.0,0,0.0,100,0.36528059678926317,4.7369515717340015e-17,0,25580.0,26.70399999999948,4.103194444444468,48.598985155865236,38.86234439884194,9.736640757023405,79.96534140415437,52.342994733636715,38.86234439884194,0.0,33.74929524712861,1.5,3,2.3684757858670006e-16,361,0.0,476,2558,nan,nan,0.0,0,0,0,0,2159,0.057468379847705364,0.026618054584393407,0.05205508787184945,0.13907905668020248,,,,,,,,,,,,,,,,,,,,
base,C4,6044,1839,1837,76.54166666666667,99.89124524197933,0.23160080152557128,3.458201177465192,0.0,0,0.0,100,0.35843935465887433,9.473903143468003e-17,0,25770.0,27.22199999999946,4.189166666666689,47.06183232280521,37.63286713817439,9.428965184630886,79.96472997490636,52.04641536833805,37.63286713817439,0.0,32.681828001948,1.5,3,4.736951571734001e-16,333,0.0,484,2577,nan,nan,0.0,0,0,0,0,2196,0.05593895888887346,0.025473114248120883,0.046061817556619644,0.17384509555995464,,,,,,,,,,,,,,,,,,,,
base,C4,6045,1761,1754,73.08333333333333,99.60249858035208,0.14033200081480213,2.558490732743424,0.0,0,0.0,100,0.3859949620870803,0.0,0,25500.0,26.2319999999995,4.0229166666666885,44.94181364865109,35.93421335994737,9.007600288703761,79.95719452017691,52.85962395858844,35.93421335994737,0.0,31.209592811563184,1.5,3,0.0,250,0.0,477,2550,nan,nan,0.0,0,0,0,0,2271,0.05557656195014715,0.024472286195573383,0.045958906412124634,0.11334801092743874,,,,,,,,,,,,,,,,,,,,
base,C4,6046,1732,1728,72.0,99.76905311778292,0.1879725856274548,2.8445475640350804,0.0,0,0.0,100,0.4032545380384437,0.0,0,23990.0,25.58199999999954,3.9415277777777993,41.628366306160295,33.29763080299523,8.33073550316511,79.98783944126998,66.69962847957362,33.29763080299523,0.0,28.90858771261124,1.5,3,0.0,187,0.0,409,2399,nan,nan,0.0,0,0,0,0,2131,0.05015176744200289,0.023534381718443402,0.04496600013226271,0.21999492309987545,,,,,,,,,,,,,,,,,,,,
base,C4,6047,1716,1715,71.45833333333333,99.94172494172494,0.19188491307160713,3.9131948484244274,0.0,0,0.0,100,0.40497146917003235,9.473903143468003e-17,0,23710.0,25.333999999999552,3.904305555555575,42.610271098788346,34.088724358154415,8.521546740633964,80.00119097839712,62.93533298903375,34.088724358154415,0.0,29.590466040825184,1.5,3,4.736951571734001e-16,250,0.0,405,2371,nan,nan,0.0,0,0,0,0,2104,0.050773602444678545,0.024131940325417562,0.045940070413053036,0.1250940840691328,,,,,,,,,,,,,,,,,,,,
base,C4,6048,1772,1767,73.625,99.7178329571106,0.15711119230377335,2.839853670071595,0.0,0,0.0,100,0.3806211805126371,0.0,0,25860.0,26.43599999999948,4.050833333333356,45.77637501545067,36.624695768483726,9.151679246966985,80.00785504776641,57.06073600099829,36.624695768483726,0.0,31.78914931628512,1.5,3,0.0,274,0.0,462,2586,nan,nan,0.0,0,0,0,0,2281,0.06235262122936547,0.027335651569208884,0.05113799124956131,0.13831490650773048,,,,,,,,,,,,,,,,,,,,
base,C4,6049,1777,1774,73.91666666666667,99.83117613956107,0.253564666649601,3.671386784063543,0.0,0,0.0,100,0.3780610697297866,0.0,0,25100.0,26.343999999999497,4.050694444444467,46.19801489727681,36.950373178297575,9.247641718979326,79.98259938323811,51.88716055588362,36.950373178297575,0.0,32.08195478977552,1.5,3,0.0,290,0.0,456,2510,nan,nan,0.0,0,0,0,0,2161,0.06020120996981859,0.027858033303941966,0.05099410191178322,0.18901005387306213,,,,,,,,,,,,,,,,,,,,
base,C4,6050,1768,1765,73.54166666666667,99.83031674208145,0.1468780460488881,2.862594669724422,0.0,0,0.0,100,0.3850550667305946,9.189686049163962e-15,0,25820.0,26.379999999999498,4.041944444444467,44.58017597698596,35.66522753850798,8.914948438478039,80.00243775825328,61.82516094920728,35.66522753850798,0.0,30.958455539573514,1.5,3,4.594843024581981e-14,257,0.0,484,2582,nan,nan,0.0,0,0,0,0,2301,0.064260917250067,0.02792738689703042,0.051043927669525146,0.20033307373523712,,,,,,,,,,,,,,,,,,,,
base,C4,6051,1671,1670,69.58333333333333,99.94015559545183,0.1386700781632495,2.1125558821970722,0.0,0,0.0,100,0.41370988901356076,4.7369515717340015e-17,0,24300.0,24.911999999999573,3.8187500000000196,43.96443995511811,35.17623777565592,8.788202179462251,80.01065818549313,52.98056794550522,35.17623777565592,0.0,30.53086107994308,1.5,3,2.3684757858670006e-16,271,0.0,426,2430,nan,nan,0.0,0,0,0,0,2124,0.0586969091091305,0.0276350796182347,0.052155472803860896,0.1596030779182911,,,,,,,,,,,,,,,,,,,,
base,C4,6052,1844,1843,76.79166666666667,99.94577006507592,0.2562843146858627,5.269182559012067,0.0,0,0.0,100,0.3611817558842082,0.0,0,24560.0,27.03999999999948,4.182777777777799,45.57456788168503,36.46044186752961,9.114126014155485,80.00172807383196,51.72446944236213,36.46044186752961,0.0,31.649005473392343,1.5,3,0.0,307,0.0,483,2456,nan,nan,0.0,0,0,0,0,2112,0.06029640859924257,0.028549435889792883,0.051546946633607135,0.1992878969758749,,,,,,,,,,,,,,,,,,,,
base,C4,6053,1684,1680,70.0,99.7624703087886,0.1493340239503482,2.955273741193135,0.0,0,0.0,100,0.41006506059471126,0.0,0,23950.0,24.997999999999568,3.840972222222242,43.976578185903904,35.183724581564846,8.792853604339133,80.00559850935039,53.674763686473035,35.183724581564846,0.0,30.53929040687766,1.5,3,0.0,240,0.0,418,2395,nan,nan,0.0,0,0,0,0,2099,0.05822961637750268,0.027741599036447205,0.05161620210856199,0.15199603512883186,,,,,,,,,,,,,,,,,,,,
base,C4,6054,1818,1815,75.625,99.83498349834984,0.17070750451962752,2.5729515242095764,0.0,0,0.0,100,0.3599536016923629,0.0,0,26140.0,27.043999999999464,4.150555555555578,48.61670339074935,38.861070867177546,9.755632523571826,79.93357870203087,53.54728177839139,38.861070867177546,0.0,33.761599576909205,1.5,3,0.0,319,0.0,525,2614,nan,nan,0.0,0,0,0,0,2237,0.06470853346399963,0.028926478973625224,0.05244999192655086,0.19144895486533642,,,,,,,,,,,,,,,,,,,,
base,C4,6055,1816,1814,75.58333333333333,99.8898678414097,0.296367932969542,5.0568048400051335,0.0,0,0.0,100,0.36284634109456915,4.7369515717340015e-17,0,24870.0,26.7659999999995,4.12875000000002,47.77531720595509,38.226065777415606,9.549251428539545,80.01216530416005,50.51893062729885,38.226065777415606,0.0,33.17730361524656,1.5,3,2.3684757858670006e-16,344,0.0,444,2487,nan,nan,0.0,0,0,0,0,2110,0.06173023255541921,0.0292560343864546,0.05259251920506358,0.15150499530136585,,,,,,,,,,,,,,,,,,,,
base,C4,6056,1753,1748,72.83333333333333,99.71477467199087,0.21226484058060258,3.8611377096818615,0.0,0,0.0,100,0.39354969259366196,4.7369515717340015e-17,0,24160.0,25.867999999999533,3.987638888888909,43.02211066628166,34.42146443168501,8.600646234596727,80.00877664670841,54.39541131474477,34.42146443168501,0.0,29.876465740473346,1.5,3,2.3684757858670006e-16,250,0.0,437,2416,nan,nan,0.0,0,0,0,0,2106,0.05946211749687791,0.02823462369272455,0.05202100146561861,0.1513240858912468,,,,,,,,,,,,,,,,,,,,
base,C5,6007,1826,1823,75.95833333333333,99.83570646221249,0.22517547716029881,3.736202237149458,0.0,0,0.0,100,0.3662629585494281,2.4253192047278088e-14,0,22040.0,26.319999999999553,4.110277777777794,45.545334922205896,36.435850395399115,9.109484526806769,79.99908323790721,58.738747112238734,36.435850395399115,0.0,31.628704807087423,1.5,3,1.2126596023639043e-13,833,59.06362545018007,460,2204,nan,nan,24.42989444709383,2376,0,0,0,,,,,,2376,24.42989444709383,0.010281942107362723,0.007402391987852752,0.027636527200229466,0.12145413807593286,10.281942107362724,27.636527200229466,121.45413807593286,46.88131313131313,149.7260101010101,27.998737373737374,0.0,21.38804713804714,0,0,0,0.0,0.0,0.0
base,C5,6008,1781,1781,74.20833333333333,100.0,0.20889086964473277,3.3582011232145303,0.0,0,0.0,100,0.38049988395949824,1.1842378929335004e-17,0,22130.0,25.797999999999572,4.017777777777793,44.9200417745806,35.94292522118577,8.977116553394861,80.01534237558342,54.22035986295116,35.94292522118577,0.0,31.19447345456988,1.5,3,5.921189464667501e-17,851,58.989424206815514,490,2213,nan,nan,26.629261892987415,2419,0,0,0,,,,,,2419,26.629261892987415,0.011008376144269291,0.00753413699567318,0.029792779101990147,0.22635363996960223,11.008376144269292,29.79277910199015,226.35363996960223,47.405952873088054,150.81934683753616,28.288548987184786,0.0,21.444811905746175,0,0,0,0.0,0.0,0.0
base,C5,6009,1802,1797,74.875,99.72253052164261,0.22760456524413222,3.387608642517436,0.0,0,0.0,100,0.37749999479717977,0.0,0,21430.0,25.90999999999957,4.051805555555571,43.90000187301524,35.12859317860189,8.771408694413385,80.01957102465404,56.8575316344665,35.12859317860189,0.0,30.486112411816165,1.5,3,0.0,865,57.34104046242775,419,2143,nan,nan,23.62411825079471,2441,0,0,0,,,,,,2441,23.62411825079471,0.009678049262922863,0.007065893150866032,0.024944951059296727,0.13079821201972663,9.678049262922864,24.944951059296727,130.79821201972663,47.05858254813601,150.24948791478903,28.138058172879965,0.0,21.565751741089716,0,0,0,0.0,0.0,0.0
base,C5,6010,1836,1832,76.33333333333333,99.78213507625271,0.20621137852542332,3.3744226695420365,0.0,0,0.0,100,0.36619932746336425,4.7369515717340015e-17,0,22120.0,26.45599999999955,4.132222222222237,44.568242113188816,35.64155313761533,8.926688975573523,79.97074025737295,58.334695425778825,35.64155313761533,0.0,30.950168134158925,1.5,3,2.3684757858670006e-16,809,63.658838071693445,460,2212,nan,nan,24.856840076856315,2385,0,0,0,,,,,,2385,24.856840076856315,0.010422155168493213,0.007173303049057722,0.027395006921142284,0.13826932781375945,10.422155168493212,27.395006921142283,138.26932781375945,46.22012578616352,148.27672955974842,27.647798742138363,0.0,21.524528301886793,0,0,0,0.0,0.0,0.0
base,C5,6011,1833,1832,76.33333333333333,99.94544462629568,0.2078416485907018,2.924064816833197,0.0,0,0.0,100,0.3642677454508568,4.7369515717340015e-17,0,22260.0,26.447999999999542,4.127916666666683,45.56361163769156,36.407147111420265,9.156464526271288,79.90399751652524,51.533110673288895,36.407147111420265,0.0,31.641396970619134,1.5,3,2.3684757858670006e-16,803,62.01743462017435,488,2226,nan,nan,25.322963416110724,2415,0,0,0,,,,,,2415,25.322963416110724,0.01048569913710589,0.007101491093635559,0.02706757928244767,0.15884994296357036,10.48569913710589,27.06757928244767,158.84994296357036,45.98136645962733,147.58674948240164,27.47826086956522,0.0,21.535403726708076,0,0,0,0.0,0.0,0.0
base,C5,6012,1800,1796,74.83333333333333,99.77777777777777,0.18299209427571103,3.298746699205185,0.0,0,0.0,100,0.3752551620850034,0.0,0,21890.0,25.977999999999557,4.054027777777793,44.90814164939876,35.93761143417689,8.97053021522188,80.02471292342605,60.41990388604959,35.93761143417689,0.0,31.18620947874914,1.5,3,0.0,847,60.2125147579693,420,2189,nan,nan,25.3891043595504,2444,0,0,0,,,,,,2444,25.3891043595504,0.010388340572647464,0.007568304426968098,0.027872933389153295,0.24179811985231936,10.388340572647463,27.872933389153296,241.79811985231936,47.44885433715221,149.6153846153846,27.931669394435353,0.0,21.55482815057283,0,0,0,0.0,0.0,0.0
base,C5,6013,1817,1815,75.625,99.88992845349478,0.24371579716703237,5.071162833158451,0.0,0,0.0,100,0.3694235635044457,0.0,0,21730.0,26.14999999999956,4.087222222222238,45.307517138399525,36.22285328426347,9.084663854136071,79.94888171341324,50.22660820328748,36.22285328426347,0.0,31.463553568333012,1.5,3,0.0,816,61.029411764705884,468,2173,nan,nan,22.890946263447404,2351,0,0,0,,,,,,2351,22.890946263447404,0.009736684927029947,0.007211312185972929,0.024937002453953028,0.12314645713195205,9.736684927029946,24.937002453953028,123.14645713195205,47.47554232241599,150.94683113568695,28.23266695023394,0.0,21.699702254359845,0,0,0,0.0,0.0,0.0
base,C5,6014,1821,1816,75.66666666666667,99.72542559033498,0.2062154111865919,2.471099896177475,0.0,0,0.0,100,0.3736498475752628,0.0,0,21140.0,26.079999999999565,4.087361111111126,43.38605487290535,34.690642415119456,8.695412457785919,79.95804761862276,55.22114304149937,34.690642415119456,0.0,30.129204772850958,1.5,3,0.0,840,62.5,452,2114,nan,nan,26.25384082668461,2394,0,0,0,,,,,,2394,26.25384082668461,0.010966516636042025,0.007577545940876007,0.027196540229488163,0.17578375595621765,10.966516636042025,27.196540229488164,175.78375595621765,46.70426065162907,150.16081871345028,28.1328320802005,0.0,21.727234753550544,0,0,0,0.0,0.0,0.0
base,C5,6015,1745,1742,72.58333333333333,99.82808022922636,0.16118942012426352,3.298161087837798,0.0,0,0.0,100,0.3919383357184868,0.0,0,22480.0,25.435999999999584,3.9476388888889042,44.40219914134474,35.52517278553301,8.877026355811747,80.00768762026033,52.850324813470884,35.52517278553301,0.0,30.83486051482275,1.5,3,0.0,915,59.78142076502733,487,2248,nan,nan,23.59237394738011,2524,0,0,0,,,,,,2524,23.59237394738011,0.009347216302448539,0.007084889919497073,0.021685749280732126,0.13371869386173785,9.347216302448539,21.685749280732125,133.71869386173785,47.543581616481774,150.7840729001585,28.33597464342314,0.0,21.358954041204438,0,0,0,0.0,0.0,0.0
base,C5,6016,1836,1829,76.20833333333333,99.61873638344227,0.20421268222328376,3.670225197590844,0.0,0,0.0,100,0.3640936550816326,2.3684757858670008e-17,0,22320.0,26.49599999999954,4.1350000000000176,45.326284170612226,36.25430884223795,9.071975328374263,79.98517748724659,49.7367286998622,36.25430884223795,0.0,31.47658622959183,1.5,3,1.1842378929335003e-16,804,59.079601990049746,461,2232,nan,nan,29.030601699836552,2410,0,0,0,,,,,,2410,29.030601699836552,0.012045892821508943,0.007998810498975217,0.035411277448292804,0.13853552495129406,12.045892821508943,35.4112774482928,138.53552495129406,46.3195020746888,148.2344398340249,27.62240663900415,0.0,21.49460580912863,0,0,0,0.0,0.0,0.0
base,C5,6017,1810,1809,75.375,99.94475138121547,0.18536455241172492,3.406721018753592,0.0,0,0.0,100,0.3768327835566002,7.105427357601002e-17,0,21680.0,26.055999999999564,4.07194444444446,43.34019791962389,34.67017350670349,8.670024412920435,79.9954203508731,56.48640999855999,34.67017350670349,0.0,30.097359666405502,1.5,3,3.552713678800501e-16,830,63.97590361445783,501,2168,nan,nan,25.01452471106313,2433,0,0,0,,,,,,2433,25.01452471106313,0.010281350066199397,0.0072074399795383215,0.025986741576343775,0.17567713488824666,10.281350066199396,25.986741576343775,175.67713488824666,47.31196054254007,149.0924784217016,27.80517879161529,0.0,21.4845869297164,0,0,0,0.0,0.0,0.0
base,C5,6018,1850,1846,76.91666666666667,99.78378378378379,0.1983775086389729,3.3402373795717115,0.0,0,0.0,100,0.3520029380161841,0.0,0,23510.0,26.90199999999951,4.180694444444462,48.278942314173726,38.61589385330516,9.663048460868563,79.98496239212,51.67789135382199,38.61589385330516,0.0,33.52704327373175,1.5,3,0.0,788,52.53807106598985,493,2351,nan,nan,24.027700900565833,2400,0,0,0,,,,,,2400,24.027700900565833,0.010011542041902431,0.007490130024962127,0.027347935410216424,0.10333455400541425,10.01154204190243,27.347935410216422,103.33455400541425,45.25,146.46666666666667,27.25,0.0,21.535,0,0,0,0.0,0.0,0.0
base,C5,6019,1819,1816,75.66666666666667,99.83507421660252,0.19786529774935707,2.4707768449140226,0.0,0,0.0,100,0.3656303685342088,6.205406558971541e-15,0,22230.0,26.273999999999557,4.098333333333349,46.4730673276848,37.15427881777816,9.318788509906655,79.947980527734,53.56360525953878,37.15427881777816,0.0,32.27296342200334,1.5,3,3.1027032794857705e-14,783,54.5338441890166,452,2223,nan,nan,23.54704952472821,2368,0,0,0,,,,,,2368,23.54704952472821,0.009943855373618332,0.007181142456829548,0.025744564330670995,0.16833135904744267,9.943855373618332,25.744564330670997,168.33135904744267,46.323902027027025,148.04307432432432,27.605574324324323,0.0,21.336570945945947,0,0,0,0.0,0.0,0.0
base,C5,6020,1775,1770,73.75,99.71830985915493,0.21112915179324626,3.9836207828018813,0.0,0,0.0,100,0.38105231618568147,0.0,0,21380.0,25.575999999999596,3.994861111111125,45.32116617315464,36.23652100355894,9.084645169595708,79.9549615848657,52.84014181218674,36.23652100355894,0.0,31.473032064690727,1.5,3,0.0,884,60.85972850678733,441,2138,nan,nan,23.10896452376619,2360,0,0,0,,,,,,2360,23.10896452376619,0.00979193412023991,0.007136219879612327,0.025341947190463534,0.13106020190753043,9.79193412023991,25.341947190463532,131.06020190753043,49.23940677966102,153.87457627118644,28.89406779661017,0.0,21.77330508474576,0,0,0,0.0,0.0,0.0
base,C5,6021,1811,1809,75.375,99.88956377691883,0.21423042778450113,4.875732392783053,0.0,0,0.0,100,0.3657845304796569,0.0,0,22860.0,26.303999999999547,4.090416666666683,47.21756902732348,37.76320745890432,9.454361568419182,79.97702600286732,54.55352651620291,37.76320745890432,0.0,32.78997849119688,1.5,3,0.0,806,58.93300248138957,487,2286,nan,nan,22.420825074194,2379,0,0,0,,,,,,2379,22.420825074194,0.009424474600333754,0.007032020948827267,0.02506246401462704,0.12522008107043803,9.424474600333754,25.06246401462704,125.22008107043803,47.131147540983605,149.37032366540564,27.881462799495587,0.0,21.458596048759983,0,0,0,0.0,0.0,0.0
base,C5,6022,1776,1773,73.875,99.83108108108108,0.18896946938370704,3.410896553565423,0.0,0,0.0,100,0.38609579800168603,0.0,0,21650.0,25.641999999999584,4.00069444444446,43.405512719393016,34.71265444309972,8.692858276293311,79.97291649913068,55.49360525876236,34.71265444309972,0.0,30.142717166245163,1.5,3,0.0,841,57.90725326991677,462,2165,nan,nan,25.769819879438728,2433,0,0,0,,,,,,2433,25.769819879438728,0.010591787866600382,0.007362629985436797,0.027531698439270263,0.29504086379893124,10.591787866600383,27.53169843927026,295.04086379893124,48.47718865598027,151.90628853267572,28.45869297163995,0.0,21.447184545828197,0,0,0,0.0,0.0,0.0
base,C5,6023,1833,1832,76.33333333333333,99.94544462629568,0.18767635238745783,3.6107555215297906,0.0,0,0.0,100,0.3657849212838361,1.2316074086508404e-14,0,22240.0,26.44399999999954,4.127638888888905,45.017428337818956,36.00020221045436,9.017226127364628,79.96947746615446,50.468077128106984,36.00020221045436,0.0,31.262103012374297,1.5,3,6.158037043254201e-14,795,60.0,458,2224,nan,nan,27.818570805946365,2466,0,0,0,,,,,,2466,27.818570805946365,0.011280847853181819,0.0075965424766764045,0.02927915600594133,0.23478800687007606,11.280847853181818,29.27915600594133,234.78800687007606,44.71411192214112,144.76885644768856,26.92214111922141,0.0,21.00567721005677,0,0,0,0.0,0.0,0.0
base,C5,6024,1817,1813,75.54166666666667,99.77985690698954,0.19852385154016408,2.7884607683323943,0.0,0,0.0,100,0.3714165761851896,3.789561257387201e-16,0,22170.0,26.23799999999956,4.093333333333348,44.59003257333173,35.66153069096396,8.928501882367808,79.97646252515253,56.12120580514291,35.66153069096396,0.0,30.96530039814705,1.5,3,1.8947806286936005e-15,866,62.47113163972286,488,2217,nan,nan,26.637784225633368,2446,0,0,0,,,,,,2446,26.637784225633368,0.010890345145393854,0.007406533579342067,0.029098584898747504,0.28256613691337407,10.890345145393853,29.098584898747504,282.56613691337407,46.33687653311529,148.94276369582994,27.87203597710548,0.0,21.30948487326247,0,0,0,0.0,0.0,0.0
base,C5,6025,1777,1773,73.875,99.77490151941475,0.2267657084506182,3.4751017883002193,0.0,0,0.0,100,0.3828275102654065,0.0,0,21130.0,25.549999999999596,3.9955555555555695,44.48209630445364,35.59885972863193,8.88323657582172,80.02963593482373,55.47008272695367,35.59885972863193,0.0,30.890344655870592,1.5,3,0.0,876,62.55707762557078,435,2113,nan,nan,26.07977969152853,2349,0,0,0,,,,,,2349,26.07977969152853,0.011102503061527684,0.007692439015954733,0.03082608929835253,0.13185087498277426,11.102503061527683,30.82608929835253,131.85087498277426,49.05491698595147,154.360153256705,29.022988505747126,0.0,22.098765432098766,0,0,0,0.0,0.0,0.0
base,C5,6026,1818,1816,75.66666666666667,99.8899889988999,0.22213152399854913,3.6346983330511953,0.0,0,0.0,100,0.361776281784751,0.0,0,22960.0,26.407999999999536,4.1063888888889055,47.96053855748961,38.37132460602331,9.589213951466348,80.0060336270581,49.96464748079552,38.37132460602331,0.0,33.30592955381224,1.5,3,0.0,839,59.952324195470794,479,2296,nan,nan,26.989850637270138,2403,0,0,0,,,,,,2403,26.989850637270138,0.011231731434569346,0.007505411980673671,0.03181565843988211,0.16244984697550535,11.231731434569346,31.815658439882107,162.44984697550535,46.06117353308365,148.63087806908032,27.802746566791512,0.0,21.451518934665003,0,0,0,0.0,0.0,0.0
base,C5,6027,1819,1814,75.58333333333333,99.72512369433755,0.22279947336538036,3.4395056855750834,0.0,0,0.0,100,0.3678841851251766,3.789561257387201e-16,0,21910.0,26.20999999999956,4.093888888888904,45.6616933549364,36.50766775321958,9.154025601716834,79.95250519826112,54.0187767319528,36.50766775321958,0.0,31.7095092742614,1.5,3,1.8947806286936005e-15,854,62.06088992974239,468,2191,nan,nan,26.254241072107106,2365,0,0,0,,,,,,2365,26.254241072107106,0.011101159015690108,0.007325089070945978,0.032890360197052354,0.13882663403637707,11.101159015690108,32.89036019705235,138.82663403637707,46.68076109936575,150.7674418604651,28.249471458773783,0.0,21.816067653276956,0,0,0,0.0,0.0,0.0
base,C5,6028,1834,1833,76.375,99.94547437295529,0.20479585009143575,2.730179782878933,0.0,0,0.0,100,0.3610249618847181,2.3684757858670008e-17,0,22500.0,26.50799999999954,4.133333333333351,46.63101372150146,37.30430166284571,9.326712058655756,79.99890777764665,51.723139683661735,37.30430166284571,0.0,32.38264841770934,1.5,3,1.1842378929335003e-16,788,58.629441624365484,448,2250,nan,nan,23.105361621594056,2377,0,0,0,,,,,,2377,23.105361621594056,0.009720387724692494,0.00702888797968626,0.02522636349312958,0.16711966414004564,9.720387724692493,25.22636349312958,167.11966414004564,46.24316365166176,147.52461085401768,27.4884307951199,0.0,21.037862852334875,0,0,0,0.0,0.0,0.0
base,C5,6029,1826,1824,76.0,99.89047097480832,0.21823345008569434,3.634929194609625,0.0,0,0.0,100,0.367166211774266,0.0,0,22300.0,26.37199999999955,4.113888888888905,45.2201637612642,36.16522229900603,9.054941462258192,79.97587644736777,55.04201451761769,36.16522229900603,0.0,31.402891500877928,1.5,3,0.0,818,61.002444987775064,495,2230,nan,nan,25.012527589919046,2396,0,0,0,,,,,,2396,25.012527589919046,0.01043928530464067,0.007315190974622965,0.029417408572044224,0.13577365409582853,10.43928530464067,29.417408572044224,135.77365409582853,46.64023372287145,149.0822203672788,27.852671118530886,0.0,21.547161936560936,0,0,0,0.0,0.0,0.0
base,C5,6030,1823,1819,75.79166666666667,99.7805814591333,0.19765287959813305,2.417010900315775,0.0,0,0.0,100,0.36841173033662267,0.0,0,21450.0,26.16599999999956,4.095833333333348,45.071777078815856,36.06864130471414,9.003135774101727,80.02489283180878,54.735210159567174,36.06864130471414,0.0,31.29984519362214,1.5,3,0.0,844,55.56872037914692,427,2145,nan,nan,25.46568076382391,2362,0,0,0,,,,,,2362,25.46568076382391,0.010781405911864484,0.007346007041633129,0.029410358937457186,0.19253371795639396,10.781405911864484,29.410358937457186,192.53371795639396,47.0004233700254,150.76333615580018,28.24089754445385,0.0,21.859441151566468,0,0,0,0.0,0.0,0.0
base,C5,6031,1814,1808,75.33333333333333,99.66923925027564,0.26058981723871033,3.3019656522854346,0.0,0,0.0,100,0.376025538758342,0.0,0,21010.0,25.969999999999576,4.070972222222236,43.23080604699688,34.59578178135473,8.635024265642167,80.0257615917342,53.60663698917172,34.59578178135473,0.0,30.02139308819229,1.5,3,0.0,837,62.24611708482676,431,2101,nan,nan,27.71535266051069,2338,0,0,0,,,,,,2338,27.71535266051069,0.011854299683708592,0.0078028986463323236,0.03434250291902576,0.24033398693427444,11.854299683708591,34.34250291902576,240.33398693427444,48.08597091531223,152.64456800684346,28.639863130881096,0.0,21.814798973481608,0,0,0,0.0,0.0,0.0
base,C5,6032,1894,1891,78.79166666666667,99.8416050686378,0.22554749827936604,4.154530992022243,0.0,0,0.0,100,0.3472899795367292,0.0,0,22700.0,27.267999999999503,4.261111111111128,45.575607366777454,36.45243638090595,9.123170985871534,79.9823381124661,62.85434789622575,36.45243638090595,0.0,31.649727338039916,1.5,3,0.0,726,58.539944903581265,477,2270,nan,nan,26.994419099995866,2418,0,0,0,,,,,,2418,26.994419099995866,0.011163945037219134,0.007267220411449671,0.032342346385121346,0.13990553095936775,11.163945037219134,32.342346385121346,139.90553095936775,43.616625310173696,142.9805624483044,26.457816377171216,0.0,21.24524400330852,0,0,0,0.0,0.0,0.0
base,C5,6033,1853,1847,76.95833333333333,99.67620075553157,0.24488046013361522,3.116152286957852,0.0,0,0.0,100,0.36527394626650195,0.0,0,21350.0,26.505999999999545,4.15694444444446,43.20137934405926,34.58094310626859,8.620436237790694,80.04592360550153,52.476150879031294,34.58094310626859,0.0,30.00095787781894,1.5,3,0.0,832,58.05288461538461,437,2135,nan,nan,26.105482490500435,2386,0,0,0,,,,,,2386,26.105482490500435,0.01094110749811418,0.007460230495780706,0.02827018202515319,0.15597933996468782,10.94110749811418,28.27018202515319,155.97933996468782,46.873428331936296,149.57544006705783,27.931684828164293,0.0,21.667225481978207,0,0,0,0.0,0.0,0.0
base,C5,6034,1714,1709,71.20833333333333,99.70828471411902,0.17465161216629535,2.553895564207869,0.0,0,0.0,100,0.40593939398376977,9.473903143468003e-17,0,20410.0,24.649999999999636,3.8543055555555688,42.46181816584287,33.95177413102999,8.510044034812921,79.95836164722093,60.66605024042231,33.95177413102999,0.0,29.4873737262798,1.5,3,4.736951571734001e-16,965,66.6321243523316,453,2041,nan,nan,22.619232842465863,2456,0,0,0,,,,,,2456,22.619232842465863,0.009209785359310205,0.007327230996452272,0.021784889162518084,0.10883640800602734,9.209785359310205,21.784889162518084,108.83640800602734,49.97760586319218,157.35097719869708,29.77402280130293,0.0,22.122964169381106,0,0,0,0.0,0.0,0.0
base,C5,6035,1768,1764,73.5,99.77375565610859,0.14823729911173747,2.9222472140107127,0.0,0,0.0,100,0.38637363555523396,9.473903143468003e-17,0,21900.0,25.59599999999958,3.9875000000000154,44.105491200115786,35.257421953769665,8.848069246346123,79.93884886985934,54.57499802940401,35.257421953769665,0.0,30.628813333413753,1.5,3,4.736951571734001e-16,892,63.34080717488789,486,2190,nan,nan,27.796402130974457,2494,0,0,0,,,,,,2494,27.796402130974457,0.011145309595418788,0.007787597016431391,0.03025604709982871,0.18655944196507335,11.145309595418787,30.25604709982871,186.55944196507335,47.508019246190855,151.01764234161988,28.340016038492383,0.0,21.58700882117081,0,0,0,0.0,0.0,0.0
base,C5,6036,1759,1755,73.125,99.77259806708358,0.1896510479907109,2.8190313625093646,0.0,0,0.0,100,0.3821314108836642,4.7369515717340015e-17,0,22200.0,25.54799999999959,3.972916666666682,46.532692081880896,37.20633949292824,9.326352588952663,79.95741881311828,50.680252621245536,37.20633949292824,0.0,32.314369501306174,1.5,3,2.3684757858670006e-16,891,66.32996632996633,447,2220,nan,nan,21.94398378347978,2389,0,0,0,,,,,,2389,21.94398378347978,0.009185426447668388,0.00705883908085525,0.023731300234794615,0.17617850098758936,9.18542644766839,23.731300234794613,176.17850098758936,48.94935119296777,152.97614064462118,28.7316868982838,0.0,21.56802009208874,0,0,0,0.0,0.0,0.0
base,C5,6037,1836,1835,76.45833333333333,99.94553376906318,0.19823847209717685,4.1637849423455915,0.0,0,0.0,100,0.36154653760486904,0.0,0,22850.0,26.60199999999953,4.1423611111111285,46.243246462247164,36.996829228334306,9.246417233912867,80.00482677732931,50.99483550250421,36.996829228334306,0.0,32.11336559878275,1.5,3,0.0,779,58.02310654685494,481,2285,nan,nan,24.512254615547135,2403,0,0,0,,,,,,2403,24.512254615547135,0.010200688562441588,0.0071115868631750345,0.028016273560933773,0.13704444305039942,10.200688562441588,28.016273560933772,137.04444305039942,46.429463171036204,147.2201414898044,27.365792759051185,0.0,21.28755722014149,0,0,0,0.0,0.0,0.0
base,C5,6038,1771,1770,73.75,99.94353472614343,0.19174813485454711,2.8672674105639695,0.0,0,0.0,100,0.38961862794153507,0.0,0,21430.0,25.537999999999585,3.9872222222222384,42.637293941047346,34.089380360171056,8.5479135808763,79.95202605330651,66.19863100187983,34.089380360171056,0.0,29.609231903505112,1.5,3,0.0,895,63.57541899441341,470,2143,nan,nan,27.621730322018266,2482,0,0,0,,,,,,2482,27.621730322018266,0.011128819630144346,0.007423738483339548,0.02985264781164003,0.2129892399534583,11.128819630144346,29.85264781164003,212.9892399534583,47.58058017727639,151.9508460918614,28.54351329572925,0.0,21.636986301369863,0,0,0,0.0,0.0,0.0
base,C5,6039,1732,1731,72.125,99.94226327944573,0.19876173967517927,3.273551485916323,0.0,0,0.0,100,0.3869371952431401,2.3684757858670008e-17,0,22520.0,25.28799999999959,3.9211111111111263,47.50260971246957,37.97620046358201,9.526409248887562,79.94550340170711,50.741076578664824,37.97620046358201,0.0,32.987923411437215,1.5,3,1.1842378929335003e-16,932,61.69527896995708,486,2252,nan,nan,23.160827906569466,2466,0,0,0,,,,,,2466,23.160827906569466,0.009392063222453149,0.007114763022400439,0.023160182579886168,0.1535830299835652,9.39206322245315,23.16018257988617,153.5830299835652,48.41849148418491,153.25709651257097,28.905109489051096,0.0,21.299675587996756,0,0,0,0.0,0.0,0.0
base,C5,6040,1840,1837,76.54166666666667,99.83695652173913,0.2563795750029772,5.275938381094542,0.0,0,0.0,100,0.35560408265441884,2.3684757858670008e-17,0,23240.0,26.727999999999504,4.15611111111113,47.982530244409205,38.36673327746292,9.615796966946299,79.95979595497323,50.05684400854435,38.36673327746292,0.0,33.32120155861751,1.5,3,1.1842378929335003e-16,791,51.8331226295828,478,2324,nan,nan,23.1269937150646,2348,0,0,0,,,,,,2348,23.1269937150646,0.009849656607778791,0.007059797062538564,0.02676493950420994,0.11421010317280889,9.84965660777879,26.764939504209938,114.21010317280889,46.667376490630325,149.33390119250427,27.923764906303237,0.0,21.492333901192506,0,0,0,0.0,0.0,0.0
base,C5,6041,1738,1737,72.375,99.94246260069045,0.16462414912069573,2.9094299620120485,0.0,0,0.0,100,0.3942611511249051,4.7369515717340015e-17,0,22130.0,25.281999999999595,3.928194444444459,44.26598559503411,35.40292531643993,8.863060278594212,79.97771842317577,56.74815981902454,35.40292531643993,0.0,30.740267774329258,1.5,3,2.3684757858670006e-16,923,62.51354279523294,483,2213,nan,nan,25.549355316208676,2489,0,0,0,,,,,,2489,25.549355316208676,0.010264907720453466,0.007116544060409069,0.027390541229397044,0.1939709298312664,10.264907720453467,27.390541229397044,193.9709298312664,48.45319405383688,152.80273202089194,28.74648453194054,0.0,21.53836882282041,0,0,0,0.0,0.0,0.0
base,C5,6042,1770,1764,73.5,99.66101694915255,0.18736533740821484,3.3032582505225947,0.0,0,0.0,100,0.38465645415649297,0.0,0,22260.0,25.69199999999957,3.9966666666666826,44.52367650366252,35.59060268431622,8.933073819346314,79.93635180012264,54.802355694450746,35.59060268431622,0.0,30.91921979421009,1.5,3,0.0,909,57.86578657865786,532,2226,nan,nan,26.58095216867514,2444,0,0,0,,,,,,2444,26.58095216867514,0.010876003342338438,0.007877307943999767,0.027760894654784353,0.18456137389875948,10.876003342338437,27.76089465478435,184.56137389875948,48.418576104746315,153.17348608837972,28.81546644844517,0.0,21.653846153846153,0,0,0,0.0,0.0,0.0
base,C5,6043,1799,1795,74.79166666666667,99.77765425236242,0.22532137881428113,3.0595518115799982,0.0,0,0.0,100,0.3676296366253295,0.0,0,23050.0,26.197999999999546,4.068055555555574,47.75333081488136,38.191580278886015,9.561750535995337,79.97678827250387,50.1418719474652,38.191580278886015,0.0,33.162035288112065,1.5,3,0.0,823,54.67800729040098,470,2305,nan,nan,21.05354427290149,2392,0,0,0,,,,,,2392,21.05354427290149,0.008801648943520689,0.006840771064162254,0.02520597735419864,0.19575744098983705,8.80164894352069,25.20597735419864,195.75744098983705,47.270066889632105,150.75877926421404,28.281772575250837,0.0,21.47742474916388,0,0,0,0.0,0.0,0.0
base,C5,6044,1839,1837,76.54166666666667,99.89124524197933,0.23173819131661683,3.458201177465192,0.0,0,0.0,100,0.36103622270041763,9.473903143468003e-17,0,23090.0,26.685999999999527,4.151944444444461,46.12695982784968,36.88495373125991,9.242006096589757,79.96398173414889,51.48803023231754,36.88495373125991,0.0,32.03261099156227,1.5,3,4.736951571734001e-16,820,57.80487804878048,475,2309,nan,nan,26.374092404497787,2403,0,0,0,,,,,,2403,26.374092404497787,0.010975485811276648,0.007707864046096802,0.030069071170873943,0.21579712396487594,10.975485811276648,30.069071170873944,215.79712396487594,46.10486891385768,147.7457344985435,27.540574282147315,0.0,21.483562213899294,0,0,0,0.0,0.0,0.0
base,C5,6045,1761,1754,73.08333333333333,99.60249858035208,0.1402394154452365,2.558490732743424,0.0,0,0.0,100,0.3893898393259271,0.0,0,21350.0,25.40199999999959,3.9652777777777932,43.71965784266625,34.95349301472927,8.766164827936993,79.94914585223026,52.61953333340613,34.95349301472927,0.0,30.36087350185157,1.5,3,0.0,895,65.13966480446928,454,2135,nan,nan,27.153970817336813,2509,0,0,0,,,,,,2509,27.153970817336813,0.010822626870201997,0.007647193968296051,0.028265280509367583,0.19050636305473745,10.822626870201997,28.26528050936758,190.50636305473745,46.954962136309284,150.50458349940214,28.21841371064169,0.0,21.57791948983659,0,0,0,0.0,0.0,0.0
base,C5,6046,1732,1728,72.0,99.76905311778292,0.18780857085324806,2.8445475640350804,0.0,0,0.0,100,0.4063020477922403,0.0,0,20210.0,24.825999999999624,3.889027777777793,40.53126279479348,32.40865125617333,8.122611538620191,79.95963861342224,66.7424062573514,32.40865125617333,0.0,28.14671027416216,1.5,3,0.0,906,75.27593818984548,395,2021,nan,nan,27.33556216256693,2448,0,0,0,,,,,,2448,27.33556216256693,0.0111664878115061,0.008037257008254528,0.027576176915317784,0.18675038404762745,11.1664878115061,27.576176915317784,186.75038404762745,49.932598039215684,154.54452614379085,29.074754901960784,0.0,21.48856209150327,0,0,0,0.0,0.0,0.0
base,C5,6047,1716,1715,71.45833333333333,99.94172494172494,0.19149845963764675,3.9131948484244274,0.0,0,0.0,100,0.4080268901657721,9.473903143468003e-17,0,20030.0,24.597999999999637,3.853194444444458,41.510319540322016,33.19852975849172,8.311789781830347,79.97656998579247,62.93533298903375,33.19852975849172,0.0,28.82661079189031,1.5,3,4.736951571734001e-16,940,66.27659574468086,399,2003,nan,nan,27.327964243711904,2440,0,0,0,,,,,,2440,27.327964243711904,0.011199985345783568,0.00790905999019742,0.028516815195325732,0.1447818069718778,11.199985345783567,28.516815195325734,144.7818069718778,49.57377049180328,155.78319672131147,29.422131147540984,0.0,21.74795081967213,0,0,0,0.0,0.0,0.0
base,C5,6048,1772,1767,73.625,99.7178329571106,0.15798361767432312,2.839853670071595,0.0,0,0.0,100,0.3837564047958032,0.0,0,21850.0,25.63399999999957,3.9951388888889046,44.64769427351085,35.69318029971619,8.95451397379469,79.944061794234,57.06073600099829,35.69318029971619,0.0,31.005343245493663,1.5,3,0.0,838,58.94988066825776,437,2185,nan,nan,26.687390408478677,2515,0,0,0,,,,,,2515,26.687390408478677,0.010611288432794703,0.007749469019472599,0.02854532853234557,0.12885441002435982,10.611288432794703,28.545328532345568,128.85441002435982,46.53280318091451,147.9328031809145,27.644135188866798,0.0,21.13638170974155,0,0,0,0.0,0.0,0.0
base,C5,6049,1777,1774,73.91666666666667,99.83117613956107,0.2534614302794211,3.671386784063543,0.0,0,0.0,100,0.3806630315181009,0.0,0,22220.0,25.767999999999567,4.010694444444462,45.261308653483674,36.21544408978684,9.045864563696837,80.01413385337327,48.656379059057485,36.21544408978684,0.0,31.431464342697005,1.5,3,0.0,857,56.94282380396732,459,2222,nan,nan,27.25380326109007,2444,0,0,0,,,,,,2444,27.25380326109007,0.01115131066329381,0.007778930477797985,0.029758566129021335,0.1403510959353298,11.15131066329381,29.758566129021336,140.3510959353298,47.66980360065467,150.8285597381342,28.306055646481177,0.0,21.277414075286416,0,0,0,0.0,0.0,0.0
base,C5,6050,1768,1765,73.54166666666667,99.83031674208145,0.1470832924100577,2.862594669724422,0.0,0,0.0,100,0.38783201165247944,4.7369515717340015e-17,0,22720.0,25.759999999999557,3.9988888888889065,43.58047580510741,34.84789761120788,8.732578193899572,79.96217794190278,61.82516094920728,34.84789761120788,0.0,30.26421930910238,1.5,3,2.3684757858670006e-16,901,62.264150943396224,496,2272,nan,nan,31.24893867294304,2583,0,0,0,,,,,,2583,31.24893867294304,0.01209792437976889,0.008134037023410201,0.030837385961785917,0.18987742788158357,12.09792437976889,30.837385961785916,189.87742788158357,46.167247386759584,148.93186217576462,27.909407665505228,0.0,21.446380178087495,0,0,0,0.0,0.0,0.0
base,C5,6051,1671,1670,69.58333333333333,99.94015559545183,0.13857994969536075,2.1125558821970722,0.0,0,0.0,100,0.4165295643975167,0.0,0,20980.0,24.247999999999646,3.772638888888902,42.94935681689394,34.35855689585377,8.590799921040187,79.99783801730644,53.023345723283,34.35855689585377,0.0,29.825942233954137,1.5,3,0.0,987,64.6403242147923,423,2098,nan,nan,25.656185638159513,2484,0,0,0,,,,,,2484,25.656185638159513,0.010328577149017517,0.007805337547324598,0.026385419908910985,0.16499953693710268,10.328577149017518,26.385419908910986,164.99953693710268,50.92391304347826,158.20330112721416,29.993961352657006,0.0,21.65740740740741,0,0,0,0.0,0.0,0.0
base,C5,6052,1844,1843,76.79166666666667,99.94577006507592,0.25597965709811876,5.269182559012067,0.0,0,0.0,100,0.3633628440002849,0.0,0,21810.0,26.48999999999955,4.144583333333349,44.78937615989741,35.79368941815911,8.995686741738313,79.9155792891068,51.72446944236213,35.79368941815911,0.0,31.10373344437321,1.5,3,0.0,825,62.42424242424243,489,2181,nan,nan,28.19896585936658,2344,0,0,0,,,,,,2344,28.19896585936658,0.012030275537272431,0.008405947592109442,0.030498390318825803,0.29322608816437423,12.03027553727243,30.498390318825802,293.22608816437423,46.49744027303754,149.7534129692833,28.016211604095563,0.0,21.648037542662117,0,0,0,0.0,0.0,0.0
base,C5,6053,1684,1680,70.0,99.7624703087886,0.14957468319138306,2.955273741193135,0.0,0,0.0,100,0.41293518920808137,4.7369515717340015e-17,0,20520.0,24.311999999999646,3.793333333333347,42.9433318850907,34.33699084485785,8.606341040232884,79.95884189130457,53.379896817162745,34.33699084485785,0.0,29.82175825353523,1.5,3,2.3684757858670006e-16,1009,65.51040634291377,438,2052,nan,nan,26.40448996378109,2480,0,0,0,,,,,,2480,26.40448996378109,0.010646971759589148,0.007668573525734246,0.025969673949293767,0.2726173971313983,10.646971759589148,25.969673949293767,272.6173971313983,50.29838709677419,158.39556451612904,30.072580645161292,0.0,21.94516129032258,0,0,0,0.0,0.0,0.0
base,C5,6054,1818,1815,75.625,99.83498349834984,0.1709911618768442,2.5729515242095764,0.0,0,0.0,100,0.3627247927857264,4.7369515717340015e-17,0,22920.0,26.39999999999954,4.105833333333349,47.61907459713852,38.088020133764736,9.531054463373787,79.98479696632636,52.8898906387847,38.088020133764736,0.0,33.06880180356841,1.5,3,2.3684757858670006e-16,801,57.05368289637952,513,2292,nan,nan,27.329032318200916,2409,0,0,0,,,,,,2409,27.329032318200916,0.011344554719053929,0.008022708119824529,0.03214972075074907,0.10462331585586071,11.34455471905393,32.14972075074907,104.62331585586071,45.79078455790785,147.53009547530095,27.528019925280198,0.0,21.095475300954753,0,0,0,0.0,0.0,0.0
base,C5,6055,1816,1814,75.58333333333333,99.8898678414097,0.2971889098196811,5.0568048400051335,0.0,0,0.0,100,0.36538628091691344,1.8947806286936006e-16,0,21810.0,26.153999999999563,4.086250000000014,46.860938869911166,37.4940045397114,9.366934330199788,80.01121070962118,50.51893062729885,37.4940045397114,0.0,32.54231865966054,1.5,3,9.473903143468002e-16,793,59.52080706179067,421,2181,nan,nan,26.262172578833997,2294,0,0,0,,,,,,2294,26.262172578833997,0.011448200775428944,0.007672298466786742,0.02983619020087642,0.18040475994348526,11.448200775428944,29.836190200876423,180.40475994348526,47.89014821272886,151.18962510897995,28.280296425457717,0.0,21.47733217088056,0,0,0,0.0,0.0,0.0
base,C5,6056,1753,1748,72.83333333333333,99.71477467199087,0.21351906388999414,3.8611377096818615,0.0,0,0.0,100,0.3962417186716351,4.7369515717340015e-17,0,21060.0,25.2479999999996,3.9445833333333478,42.05298127821133,33.65163469133167,8.401346586879695,80.02199527472598,52.94268404698237,33.65163469133167,0.0,29.20345922098011,1.5,3,2.3684757858670006e-16,921,65.58089033659066,453,2106,nan,nan,28.91215345542878,2439,0,0,0,,,,,,2439,28.91215345542878,0.011854101457740377,0.008002770133316517,0.03106223857030272,0.22103543998673558,11.854101457740377,31.06223857030272,221.03543998673558,49.44034440344404,154.96473964739647,29.206642066420663,0.0,21.80237802378024,0,0,0,0.0,0.0,0.0
primary,C1,6007,2181,1943,80.95833333333333,89.08757450710684,107.9060407390267,217.44567380189474,104.49142508538053,95.3883495145631,87.11136235161108,4.611650485436893,0.3320274943888033,75.7376607966108,0,280.0,52.63199999999985,6.3812500000000085,70.46412242403701,56.38354945098672,14.080572973050277,80.01738687907498,29.36111111111111,0.0,56.38354945098672,97.8668367000514,0,0,454.42596477966475,0,0,0,28,0.3,0.7,0.0,0,0,0,0,,,,,,,,,,,,,,,,,,,,,,,,,
primary,C1,6008,2145,1947,81.125,90.76923076923077,86.78813001376182,222.29716540118176,83.48411877594583,92.97423887587823,85.38998835855647,7.02576112412178,0.34632632630848487,77.44944842481601,0,270.0,51.317999999999834,6.245000000000004,67.88702703473452,54.36456853893391,13.522458495800622,80.08093875007692,29.446666666666648,0.0,54.36456853893391,94.28753754824241,0,0,464.69669054889613,0,0,0,27,0.3,0.7,0.0,0,0,0,0,,,,,,,,,,,,,,,,,,,,,,,,,
primary,C1,6009,2140,2007,83.625,93.78504672897196,58.35766799425736,181.5651249147367,55.14475779926261,92.27373068432672,82.9875518672199,7.72626931567329,0.35263343670610986,50.85158309392015,0,260.0,51.427999999999834,6.246388888888894,65.6623553429606,52.45749357838933,13.204861764571252,79.88975312323014,29.250555555555586,0.0,52.45749357838933,91.19771575411193,0,0,305.1094985635209,0,0,0,26,0.3,0.7,0.0,0,0,0,0,,,,,,,,,,,,,,,,,,,,,,,,,
primary,C1,6010,2193,1952,81.33333333333333,89.01048791609666,101.80798905017468,239.15656302747604,98.50765065274953,93.34862385321101,85.60045532157086,6.651376146788992,0.3347975675182231,81.2001736160236,0,270.0,52.25399999999982,6.370000000000006,68.06745083212763,54.46691450397876,13.600536328148864,80.01903088497995,29.27555555555554,0.0,54.46691450397876,94.53812615573281,0,0,487.20104169614166,0,0,0,27,0.3,0.7,0.0,0,0,0,0,,,,,,,,,,,,,,,,,,,,,,,,,
primary,C1,6011,2204,1982,82.58333333333333,89.92740471869328,88.06238594736813,209.44305104711893,84.71112904562112,95.50827423167848,84.1100505334082,4.491725768321513,0.327177907519799,60.79763041729202,0,280.0,52.923999999999836,6.430277777777782,70.25914395144684,56.38587060943294,13.8732733420139,80.25413837720376,29.421666666666653,0.0,56.38587060943294,97.5821443770095,0,0,364.7857825037521,0,0,0,28,0.3,0.7,0.0,0,0,0,0,,,,,,,,,,,,,,,,,,,,,,,,,
primary,C1,6012,2126,1912,79.66666666666667,89.93414863593603,98.8311425778716,253.91981714334227,95.60293520176474,93.76558603491272,82.31884057971016,6.234413965087282,0.355826137444776,91.73455481214904,0,260.0,50.787999999999826,6.184444444444449,65.68310862385674,52.47193992795575,13.211168695900984,79.88650511114427,29.264999999999976,0.0,52.47193992795575,91.2265397553566,0,0,550.4073288728943,0,0,0,26,0.3,0.7,0.0,0,0,0,0,,,,,,,,,,,,,,,,,,,,,,,,,
primary,C1,6013,2169,1980,82.5,91.28630705394191,84.28244984969824,201.54123963779554,80.90982740872455,94.19642857142857,88.90180127832656,5.803571428571429,0.34086113749930264,59.502377868720416,0,270.0,52.03399999999982,6.324722222222228,67.8479886003013,54.406661830822806,13.441326769478488,80.18905637916168,29.396666666666615,0.0,54.406661830822806,94.23331750041847,0,0,357.0142672123225,0,0,0,27,0.3,0.7,0.0,0,0,0,0,,,,,,,,,,,,,,,,,,,,,,,,,
primary,C1,6014,2219,1998,83.25,90.0405588102749,78.48292079487774,202.40378576637838,75.22930142177547,94.57700650759219,85.0967007963595,5.42299349240781,0.3289471643525208,52.57984388126063,0,270.0,53.18599999999984,6.467222222222227,67.99482499971101,54.462586879488725,13.532238120222285,80.09813523267425,29.289999999999992,0.0,54.462586879488725,94.43725694404309,0,0,315.4790632875637,0,0,0,27,0.3,0.7,0.0,0,0,0,0,,,,,,,,,,,,,,,,,,,,,,,,,
primary,C1,6015,2108,1972,82.16666666666667,93.54838709677419,59.793557196060625,190.12107688168354,56.39382707543357,96.61016949152543,88.08259587020649,3.389830508474576,0.3549500952985268,62.68818828681663,0,270.0,50.70199999999984,6.155972222222228,67.86155883103643,54.40417444068547,13.457384390350956,80.16935563791347,29.289999999999992,0.0,54.40417444068547,94.25216504310615,0,0,376.1291297208998,0,0,0,27,0.3,0.7,0.0,0,0,0,0,,,,,,,,,,,,,,,,,,,,,,,,,
primary,C1,6016,2218,1969,82.04166666666667,88.7736699729486,97.223311360771,225.0581663705678,93.98443764829979,92.78131634819533,85.9187178019462,7.218683651804671,0.3231509140657813,60.13216316930026,0,280.0,53.18799999999983,6.4661111111111165,70.59880512358251,56.427174896059796,14.171630227522716,79.92652963075592,29.461111111111105,0.0,56.427174896059796,98.05389600497573,0,0,360.79297901580156,0,0,0,28,0.3,0.7,0.0,0,0,0,0,,,,,,,,,,,,,,,,,,,,,,,,,
primary,C1,6017,2135,1949,81.20833333333333,91.288056206089,82.5404127729217,222.3053571300432,79.27614069741745,95.27027027027027,83.91484328799527,4.72972972972973,0.35472830295890584,76.84738362820583,0,260.0,51.507999999999825,6.24569444444445,65.25737312175268,52.344779517543834,12.91259360420885,80.21282042702298,29.25665987523119,0.0,52.344779517543834,90.63524044687871,0,0,461.084301769235,0,0,0,26,0.3,0.7,0.0,0,0,0,0,,,,,,,,,,,,,,,,,,,,,,,,,
primary,C1,6018,2206,1933,80.54166666666667,87.62466001813236,131.8663952603049,249.10819794754164,128.42105626854976,97.1291866028708,87.02460850111858,2.8708133971291865,0.32641089660392425,89.69270003440238,0,280.0,52.83999999999983,6.426944444444452,70.39049266710475,56.50588535868041,13.884607308424334,80.2748826122182,29.270438302502118,0.0,56.50588535868041,97.76457314875661,0,0,538.1562002064143,0,0,0,28,0.3,0.7,0.0,0,0,0,0,,,,,,,,,,,,,,,,,,,,,,,,,
primary,C1,6019,2168,1982,82.58333333333333,91.42066420664207,86.59505328586833,201.22264759136743,83.13148114063843,96.30541871921181,87.74120317820659,3.6945812807881775,0.34110695768023186,63.82487189113456,0,270.0,51.96999999999983,6.319027777777784,67.84179428213986,54.393913555777985,13.44788072636188,80.17758688628585,29.336111111111094,0.0,54.393913555777985,94.2247142807498,0,0,382.9492313468074,0,0,0,27,0.3,0.7,0.0,0,0,0,0,,,,,,,,,,,,,,,,,,,,,,,,,
primary,C1,6020,2106,1926,80.25,91.45299145299145,100.70382443852625,238.17903399417276,97.35124751668504,96.04651162790697,87.88782816229117,3.953488372093023,0.3554497642145476,88.11772290247207,0,270.0,50.18199999999985,6.117361111111115,67.8457018593154,54.36671688227738,13.47898497703802,80.13288298647423,29.30055555555554,0.0,54.36671688227738,94.2301414712714,0,0,528.7063374148324,0,0,0,27,0.3,0.7,0.0,0,0,0,0,,,,,,,,,,,,,,,,,,,,,,,,,
primary,C1,6021,2158,1942,80.91666666666667,89.99073215940686,106.899286848481,221.8308015942136,103.47076424164165,96.75,86.68941979522185,3.25,0.3376303057026471,87.98832471155457,0,280.0,52.13999999999983,6.318333333333339,70.34370793645644,56.41824173667468,13.925466199781757,80.20367903784508,29.446666666666673,0.0,56.41824173667468,97.69959435618951,0,0,527.9299482693274,0,0,0,28,0.3,0.7,0.0,0,0,0,0,,,,,,,,,,,,,,,,,,,,,,,,,
primary,C1,6022,2170,1927,80.29166666666667,88.80184331797236,95.59726170093536,221.49359313165945,92.36457797286472,92.48826291079813,85.09174311926606,7.511737089201878,0.34053821150286673,71.55028887115822,0,270.0,52.68199999999984,6.370972222222226,67.88749263076159,54.420054516783615,13.467438113977973,80.16212178106645,29.35055555555557,0.0,54.420054516783615,94.2881842093911,0,0,429.30173322694924,0,0,0,27,0.3,0.7,0.0,0,0,0,0,,,,,,,,,,,,,,,,,,,,,,,,,
primary,C1,6023,2176,1969,82.04166666666667,90.48713235294117,91.62457815333785,194.94280865433393,88.42111662603595,93.94618834080718,83.52601156069363,6.053811659192825,0.3391639643715263,52.46109966027107,0,270.0,52.429999999999836,6.3609722222222285,67.88116739150063,54.41082540621379,13.470341985286838,80.15599539177423,29.356540787787537,0.0,54.41082540621379,94.27939915486195,0,0,314.7665979616264,0,0,0,27,0.3,0.7,0.0,0,0,0,0,,,,,,,,,,,,,,,,,,,,,,,,,
primary,C1,6024,2154,1962,81.75,91.08635097493037,95.2741793868325,227.3877306894845,91.82317986814697,95.01187648456057,89.15175995383727,4.98812351543943,0.3440259889861714,70.00578102195851,0,270.0,52.04999999999983,6.307083333333339,67.98077275797395,54.42748636154166,13.5532863964323,80.06305923487383,29.386111111111084,0.0,54.42748636154166,94.4177399416305,0,0,420.03468613175113,0,0,0,27,0.3,0.7,0.0,0,0,0,0,,,,,,,,,,,,,,,,,,,,,,,,,
primary,C1,6025,2133,1977,82.375,92.68635724331928,70.01799327875496,166.58006662499173,66.6872587381947,94.13092550790067,86.44970414201183,5.8690744920993225,0.34929247487943754,59.36800050827626,0,270.0,51.269999999999854,6.22666666666667,67.80565085208299,54.39145589107044,13.41419496101256,80.2167005368396,29.375555555555533,0.0,54.39145589107044,94.17451507233747,0,0,356.2080030496576,0,0,0,27,0.3,0.7,0.0,0,0,0,0,,,,,,,,,,,,,,,,,,,,,,,,,
primary,C1,6026,2190,1968,82.0,89.86301369863014,104.34825367248887,200.5952342317345,100.7799226907345,95.18072289156626,93.91549295774648,4.819277108433735,0.33000492613600824,68.25874853562517,0,280.0,52.33599999999983,6.371944444444449,70.43787190924445,56.43987166399412,13.998000245250326,80.12716757927322,29.386111111111106,0.0,56.43987166399412,97.83037765172838,0,0,409.552491213751,0,0,0,28,0.3,0.7,0.0,0,0,0,0,,,,,,,,,,,,,,,,,,,,,,,,,
primary,C1,6027,2177,1959,81.625,89.98621956821313,96.79511077753489,213.5792652350712,93.35514124515026,97.29064039408867,86.90005646527385,2.70935960591133,0.33240362735372453,73.99425559223728,0,280.0,52.69199999999985,6.380416666666674,70.701632983191,56.46311302647436,14.238519956716635,79.86111585272467,29.37239121112046,0.0,56.46311302647436,98.19671247665414,0,0,443.9655335534236,0,0,0,28,0.3,0.7,0.0,0,0,0,0,,,,,,,,,,,,,,,,,,,,,,,,,
primary,C1,6028,2160,1954,81.41666666666667,90.46296296296296,81.49249399219737,211.68937170273347,78.1044478289876,95.29702970297029,87.64236902050115,4.702970297029703,0.33662628165122466,57.69599763634205,0,280.0,52.50799999999982,6.346388888888896,70.57744632667095,56.49076295784511,14.086683368825847,80.04081459164024,29.254444444444427,0.0,56.49076295784511,98.02423100926522,0,0,346.17598581805225,0,0,0,28,0.3,0.7,0.0,0,0,0,0,,,,,,,,,,,,,,,,,,,,,,,,,
primary,C1,6029,2173,1950,81.25,89.73768982972848,94.46956792656175,204.71952593364526,91.17523256107253,93.76443418013857,85.86206896551725,6.235565819861432,0.33936312195945373,75.85366874586872,0,270.0,52.50999999999982,6.362777777777784,68.09513131351596,54.48835696713009,13.606774346385885,80.01799235287602,29.35055555555553,0.0,54.48835696713009,94.57657126877217,0,0,455.1220124752124,0,0,0,27,0.3,0.7,0.0,0,0,0,0,,,,,,,,,,,,,,,,,,,,,,,,,
primary,C1,6030,2198,1959,81.625,89.12647861692447,97.61423309333125,212.79686108992027,94.2778285254431,94.14414414414415,87.00114025085519,5.8558558558558556,0.3331376438983785,72.85449717208527,0,270.0,52.665999999999826,6.404861111111116,68.28453783590047,54.45050882669143,13.834029009209026,79.7406126662897,29.275555555555567,0.0,54.45050882669143,94.8396358831951,0,0,437.12698303251165,0,0,0,27,0.3,0.7,0.0,0,0,0,0,,,,,,,,,,,,,,,,,,,,,,,,,
primary,C1,6031,2154,1954,81.41666666666667,90.71494893221913,92.73385072243954,205.14197770387304,89.44430061674863,95.50561797752809,85.25453481568168,4.49438202247191,0.34867218985505016,65.91153180568948,0,260.0,52.05599999999983,6.307500000000003,65.97361398261833,52.414508722706714,13.559105259911611,79.44768454933521,29.314999999999987,0.0,52.414508722706714,91.63001942030321,0,0,395.4691908341369,0,0,0,26,0.3,0.7,0.0,0,0,0,0,,,,,,,,,,,,,,,,,,,,,,,,,
primary,C1,6032,2225,1936,80.66666666666667,87.01123595505618,123.2904627380906,252.9640767595886,120.02258001138145,91.76470588235294,83.27777777777779,8.235294117647058,0.3273027480178912,85.74635495050265,0,270.0,53.46199999999985,6.493888888888895,68.10521285627097,54.378077818068185,13.727135038202796,79.84422269236205,29.386111111111102,0.0,54.378077818068185,94.59057341148745,0,0,514.478129703016,0,0,0,27,0.3,0.7,0.0,0,0,0,0,,,,,,,,,,,,,,,,,,,,,,,,,
primary,C1,6033,2210,2002,83.41666666666667,90.58823529411765,65.77515834936865,193.00766436100795,62.4604778747354,93.21266968325791,86.8212669683258,6.787330316742081,0.3315464020943053,39.94185689398041,0,270.0,53.19799999999983,6.456805555555562,67.77195429526012,54.477010399690435,13.29494389556969,80.38282349414334,29.287504193012104,0.0,54.477010399690435,94.12771429897236,0,0,239.6511413638824,0,0,0,27,0.3,0.7,0.0,0,0,0,0,,,,,,,,,,,,,,,,,,,,,,,,,
primary,C1,6034,2090,1947,81.125,93.15789473684211,75.62388178750348,244.53204144097174,72.33875470161621,93.43832020997375,82.56290228203628,6.561679790026247,0.3644059740402128,80.74776680454086,0,260.0,50.08399999999984,6.090555555555561,65.5766192146281,52.34461906718941,13.232000147438686,79.82207636515815,29.436111111111124,0.0,52.34461906718941,91.07863779809459,0,0,484.48660082724524,0,0,0,26,0.3,0.7,0.0,0,0,0,0,,,,,,,,,,,,,,,,,,,,,,,,,
primary,C1,6035,2099,1966,81.91666666666667,93.66364935683659,70.79892364494428,189.12130197067958,67.57516152276263,94.01913875598086,84.1165972635336,5.980861244019139,0.36245231245484927,56.26025635347983,0,260.0,50.43599999999984,6.1262500000000015,65.52060101950514,52.37515159210646,13.145449427398667,79.93692178817874,29.42561641571618,0.0,52.37515159210646,91.00083474931269,0,0,337.561538120879,0,0,0,26,0.3,0.7,0.0,0,0,0,0,,,,,,,,,,,,,,,,,,,,,,,,,
primary,C1,6036,2117,1946,81.08333333333333,91.92253188474257,79.24268653931252,187.32741245011596,75.86115558150142,96.19686800894854,89.04191616766467,3.803131991051454,0.3528082206455247,77.96834612510307,0,270.0,50.61399999999985,6.161111111111115,67.88684868113333,54.47385761720449,13.412991063928843,80.24213625391556,29.264999999999997,0.0,54.47385761720449,94.28728983490741,0,0,467.81007675061835,0,0,0,27,0.3,0.7,0.0,0,0,0,0,,,,,,,,,,,,,,,,,,,,,,,,,
primary,C1,6037,2226,1985,82.70833333333333,89.17340521114106,93.36519248337065,222.9807773687787,89.99064705718973,92.16589861751152,87.83482142857143,7.834101382488479,0.3216165962513839,62.561054674100625,0,280.0,53.37199999999984,6.488888888888894,70.46163041940216,56.40496741015589,14.056663009246268,80.05061346781488,29.421666666666628,0.0,56.40496741015589,97.86337558250302,0,0,375.36632804460373,0,0,0,28,0.3,0.7,0.0,0,0,0,0,,,,,,,,,,,,,,,,,,,,,,,,,
primary,C1,6038,2145,1912,79.66666666666667,89.13752913752914,101.00021509853434,231.13800900049992,97.7442098686407,92.0673076923077,84.03701561596299,7.9326923076923075,0.35143214642076565,81.58966391145003,0,260.0,51.64799999999984,6.267916666666672,65.68131274622925,52.45497901712122,13.226333729108031,79.86286635254963,29.300555555555547,0.0,52.45497901712122,91.22404548087395,0,0,489.53798346870013,0,0,0,26,0.3,0.7,0.0,0,0,0,0,,,,,,,,,,,,,,,,,,,,,,,,,
primary,C1,6039,2100,1879,78.29166666666667,89.47619047619048,101.96519732097703,261.53427494536237,98.61602210072598,96.47887323943662,87.63440860215054,3.5211267605633805,0.35049174549704265,110.38915012042689,0,280.0,50.555999999999855,6.135833333333341,70.58756594527759,56.477421196874836,14.110144748402748,80.01043872324267,29.264999999999997,0.0,56.477421196874836,98.03828603510773,0,0,662.3349007225613,0,0,0,28,0.3,0.7,0.0,0,0,0,0,,,,,,,,,,,,,,,,,,,,,,,,,
primary,C1,6040,2165,1937,80.70833333333333,89.4688221709007,113.80844339592201,212.84804429840807,110.47470748117813,94.13092550790067,88.03716608594657,5.8690744920993225,0.33537185560502564,77.08565393780358,0,280.0,51.75199999999984,6.300138888888897,70.6193583786289,56.45186097675891,14.16749740187,79.93822412558563,29.289999999999978,0.0,56.45186097675891,98.08244219254017,0,0,462.5139236268215,0,0,0,28,0.3,0.7,0.0,0,0,0,0,,,,,,,,,,,,,,,,,,,,,,,,,
primary,C1,6041,2075,1937,80.70833333333333,93.34939759036145,76.82160497989811,217.80087166721424,73.62610884088338,91.6267942583732,82.92094146047073,8.373205741626794,0.3741515079090348,78.86804757112706,0,250.0,49.56599999999985,6.035833333333336,62.86654858329696,50.41608463340667,12.450463949890288,80.19540720707187,29.293333333333337,0.0,50.41608463340667,87.31465081013464,0,0,473.2082854267623,0,0,0,25,0.3,0.7,0.0,0,0,0,0,,,,,,,,,,,,,,,,,,,,,,,,,
primary,C1,6042,2127,1982,82.58333333333333,93.1828866948754,77.97665233582758,194.6575310692541,74.59574618253117,94.62616822429906,87.22778104767511,5.373831775700935,0.3561067947291825,61.388029368314164,0,260.0,51.139999999999844,6.210138888888895,65.46186467699312,52.466040775881225,12.995823901111898,80.14748897661735,29.340431850006933,0.0,52.466040775881225,90.9192564958238,0,0,368.32817620988493,0,0,0,26,0.3,0.7,0.0,0,0,0,0,,,,,,,,,,,,,,,,,,,,,,,,,
primary,C1,6043,2172,1911,79.625,87.98342541436463,122.0170277456734,260.08632178556906,118.62651782899846,96.11872146118722,88.75432525951557,3.881278538812785,0.33363645021420285,97.003983169644,0,280.0,52.30799999999982,6.3475000000000055,70.66905350746434,56.47681944356542,14.192234063898928,79.91732822288347,29.25055555555554,0.0,56.47681944356542,98.15146320481159,0,0,582.023899017864,0,0,0,28,0.3,0.7,0.0,0,0,0,0,,,,,,,,,,,,,,,,,,,,,,,,,
primary,C1,6044,2216,2009,83.70833333333333,90.65884476534296,79.06881957672877,190.02454665649833,75.49791455221626,98.85321100917432,92.35955056179776,1.146788990825688,0.32435490237763415,46.18205750894804,0,280.0,53.18399999999982,6.46333333333334,70.27868217286206,56.43301084270402,13.845671330158034,80.2989030213994,29.436111111111085,0.0,56.43301084270402,97.60928079564175,0,0,277.0923450536883,0,0,0,28,0.3,0.7,0.0,0,0,0,0,,,,,,,,,,,,,,,,,,,,,,,,,
primary,C1,6045,2126,1977,82.375,92.99153339604892,70.84178991008793,172.76881070849151,67.51624180309159,93.56435643564356,86.29500580720094,6.435643564356436,0.3500850696252787,50.94341564027011,0,270.0,50.70999999999984,6.179027777777784,68.16324992187961,54.425999166044235,13.737250755835383,79.84654374376319,29.350555555555562,0.0,54.425999166044235,94.67118044705501,0,0,305.6604938416206,0,0,0,27,0.3,0.7,0.0,0,0,0,0,,,,,,,,,,,,,,,,,,,,,,,,,
primary,C1,6046,2076,1983,82.625,95.52023121387283,59.50027310574918,204.4950711508076,56.07720261757409,94.17721518987342,87.68590124925639,5.822784810126582,0.37330709039508153,57.09557725948431,0,250.0,49.513999999999854,6.033472222222227,63.131336949324755,50.4610457625415,12.670291186783249,79.93026633199034,29.37555555555556,0.0,50.4610457625415,87.68241242961771,0,0,342.57346355690584,0,0,0,25,0.3,0.7,0.0,0,0,0,0,,,,,,,,,,,,,,,,,,,,,,,,,
primary,C1,6047,2100,1917,79.875,91.28571428571428,68.86240862058621,234.94992261243394,65.7030111886058,91.84149184149184,82.04667863554758,8.158508158508159,0.3626569045600327,87.72802943832396,0,260.0,51.06399999999985,6.171111111111115,65.3322172300659,52.38089543555666,12.951321794509242,80.17620961967133,29.36111111111109,0.0,52.38089543555666,90.73919059731375,0,0,526.3681766299437,0,0,0,26,0.3,0.7,0.0,0,0,0,0,,,,,,,,,,,,,,,,,,,,,,,,,
primary,C1,6048,2137,1965,81.875,91.95133364529715,71.04206694939356,184.95691281060434,67.73534949810652,93.22033898305084,83.75870069605568,6.779661016949152,0.3536859344019612,69.06904408427826,0,260.0,51.16799999999982,6.224583333333336,65.50767633835272,52.409140034697494,13.09853630365524,80.00457803448839,29.250555555555525,0.0,52.409140034697494,90.9828838032677,0,0,414.4142645056697,0,0,0,26,0.3,0.7,0.0,0,0,0,0,,,,,,,,,,,,,,,,,,,,,,,,,
primary,C1,6049,2123,1972,82.16666666666667,92.88742345737164,76.89080595347983,180.16357778934557,73.49941452320552,95.34883720930233,88.9545186060248,4.651162790697675,0.35098310267120314,64.58282069084626,0,270.0,50.92599999999984,6.190277777777782,68.07529964604025,54.461576190853826,13.613723455186419,80.0019632289958,29.26499999999998,0.0,54.461576190853826,94.54902728616699,0,0,387.4969241450777,0,0,0,27,0.3,0.7,0.0,0,0,0,0,,,,,,,,,,,,,,,,,,,,,,,,,
primary,C1,6050,2157,1939,80.79166666666667,89.89337042188225,93.09283630883802,219.4447270152861,89.93605235973578,92.55813953488372,80.66010422698321,7.441860465116279,0.34859030285572973,76.35127261727456,0,260.0,52.01599999999981,6.308472222222228,65.70898916632477,52.46928718442398,13.239701981900796,79.85100341691756,29.329187612298462,0.0,52.46928718442398,91.26248495322888,0,0,458.1076357036473,0,0,0,26,0.3,0.7,0.0,0,0,0,0,,,,,,,,,,,,,,,,,,,,,,,,,
primary,C1,6051,2046,1957,81.54166666666667,95.65004887585533,36.65417263235657,207.51978220751062,33.3701104068013,94.68822170900692,86.67079975201489,5.311778290993072,0.3747356100889682,64.82909491458351,0,260.0,49.00799999999985,5.960833333333339,65.51421644156574,52.38572286341355,13.128493578152192,79.9608477499507,29.264999999999976,0.0,52.38572286341355,90.99196727995242,0,0,388.974569487501,0,0,0,26,0.3,0.7,0.0,0,0,0,0,,,,,,,,,,,,,,,,,,,,,,,,,
primary,C1,6052,2213,2015,83.95833333333333,91.05286940804338,85.40461244343831,193.65392873728214,81.86782969121359,97.22863741339492,91.34831460674158,2.771362586605081,0.3310627250489285,47.58302131862883,0,270.0,53.21399999999982,6.461666666666672,67.68090277886292,54.37699943801307,13.303903340849837,80.34319461677643,29.330515256986157,0.0,54.37699943801307,94.00125385953181,0,0,285.49812791177294,0,0,0,27,0.3,0.7,0.0,0,0,0,0,,,,,,,,,,,,,,,,,,,,,,,,,
primary,C1,6053,2041,1984,82.66666666666667,97.20725134737873,37.49606169593113,174.74477590470414,34.10896820543129,92.87531806615776,86.83252427184466,7.124681933842239,0.38189350771382347,55.33340420096992,0,250.0,48.693999999999846,5.932777777777782,62.92200466762827,50.40521346229202,12.51679120533626,80.10745005431174,29.275555555555517,0.0,50.40521346229202,87.39167314948372,0,0,332.00042520581957,0,0,0,25,0.3,0.7,0.0,0,0,0,0,,,,,,,,,,,,,,,,,,,,,,,,,
primary,C1,6054,2221,1922,80.08333333333333,86.53759567762269,121.2301862627822,249.0597249615016,117.92201136101954,93.05263157894737,88.65979381443299,6.947368421052631,0.32282923874622926,83.78946072680044,0,280.0,53.67199999999983,6.5034722222222285,70.43776886162894,56.48826101319303,13.949507848435921,80.19598281734486,29.436111111111078,0.0,56.48826101319303,97.83023453004023,0,0,502.7367643608026,0,0,0,28,0.3,0.7,0.0,0,0,0,0,,,,,,,,,,,,,,,,,,,,,,,,,
primary,C1,6055,2211,1946,81.08333333333333,88.01447308909995,111.8476127302713,229.0537363522235,108.35640298146205,98.15242494226328,89.31383577052868,1.8475750577367205,0.3187582633519826,80.65957140399864,0,290.0,53.193999999999825,6.457777777777785,73.1964302319435,58.4343647137549,14.762065518188587,79.83226030093157,29.373405564682248,0.0,58.4343647137549,101.66170865547706,0,0,483.95742842399187,0,0,0,29,0.3,0.7,0.0,0,0,0,0,,,,,,,,,,,,,,,,,,,,,,,,,
primary,C1,6056,2092,1956,81.5,93.49904397705545,65.39579578048141,186.93802117766913,62.2062163898707,90.23809523809524,84.98803827751196,9.761904761904763,0.3695365359649614,55.37190659083997,0,250.0,50.62599999999984,6.130694444444449,63.16021646313668,50.431970136787044,12.728246326349636,79.8476841291726,29.32555555555552,0.0,50.431970136787044,87.7225228654676,0,0,332.2314395450398,0,0,0,25,0.3,0.7,0.0,0,0,0,0,,,,,,,,,,,,,,,,,,,,,,,,,
primary,C2,6007,2181,1837,76.54166666666667,84.22741861531408,150.6705394085158,428.72418095052217,147.3912177245383,92.96116504854369,81.40192198982477,7.038834951456311,0.32376986253026785,141.21970173395192,0,1780.0,52.931999999999846,6.40208333333334,74.0314193869243,59.05654945098671,14.97486993593759,79.77227768973114,19.250000000000064,2.73062987728249,56.325919573704226,102.82141581517266,2.5,5,847.3182104037116,82,19.51219512195122,40,178,nan,nan,0.0,0,16,0,0,,,,,,,,,,,,,,,,,,,,,,,,,
primary,C2,6008,2145,1874,78.08333333333333,87.36596736596736,116.90694783565804,361.9541534352735,113.77016912687336,88.52459016393442,80.09313154831199,11.475409836065573,0.34125775154406696,115.99465447944884,0,1960.0,51.65599999999983,6.2684722222222256,70.07665133296308,55.7648185389339,14.311832794029167,79.57688827619951,19.465914858960527,3.0322038492537233,52.732614689680176,97.32868240689314,2.5,5,695.967926876693,83,13.253012048192772,36,196,nan,nan,0.0,0,15,0,0,,,,,,,,,,,,,,,,,,,,,,,,,
primary,C2,6009,2140,1893,78.875,88.45794392523364,107.51674400888845,378.7998789079431,104.37586275561637,91.61147902869757,79.43094250148192,8.388520971302428,0.3464587125811791,118.84279584591242,0,1410.0,51.657999999999845,6.262361111111114,68.32983616493064,54.618188022833756,13.711648142096891,79.93314646767118,19.4605555555556,1.8781501441793333,52.74003787865443,94.90255022907034,2.5,5,713.0567750754745,56,8.928571428571429,32,141,nan,nan,0.0,0,15,0,0,,,,,,,,,,,,,,,,,,,,,,,,,
primary,C2,6010,2193,1824,76.0,83.17373461012312,152.520802947397,444.5773109658433,149.37960026598643,91.5137614678899,78.37222538417757,8.486238532110093,0.3304442111792241,163.62528191612313,0,1970.0,52.593999999999824,6.393611111111115,69.9481007705752,55.61527561508987,14.332825155485317,79.50934335944878,19.350000000000037,2.8846505173264787,52.730625097763394,97.1501399591322,2.5,5,981.7516914967387,77,18.181818181818183,38,197,nan,nan,0.0,0,15,0,0,,,,,,,,,,,,,,,,,,,,,,,,,
primary,C2,6011,2204,1888,78.66666666666667,85.66243194192378,126.05220440642128,376.170778422697,122.85160659809428,94.08983451536643,80.51656372824256,5.91016548463357,0.32157854347541887,113.39925120513108,0,1550.0,53.17799999999982,6.4479166666666705,72.67806921861907,58.49575949832182,14.182309720297253,80.48612205473401,19.38944444444453,2.232446881279374,56.26331261704244,100.9417628036376,2.5,5,680.3955072307865,70,17.142857142857142,35,155,nan,nan,0.0,0,16,0,0,,,,,,,,,,,,,,,,,,,,,,,,,
primary,C2,6012,2126,1735,72.29166666666667,81.60865475070554,161.07296571854516,497.7615762944807,158.26471779681424,86.53366583541147,68.63768115942028,13.466334164588527,0.3499170931993911,203.06527638737438,0,3520.0,51.43999999999981,6.229722222222227,68.23581573786304,54.71441215017799,13.521403587685038,80.18430139440362,19.316443105124627,5.451799577293069,49.26261257288493,94.77196630258756,2.5,5,1218.3916583242462,149,20.13422818791946,74,352,nan,nan,0.0,0,14,0,0,,,,,,,,,,,,,,,,,,,,,,,,,
primary,C2,6013,2169,1874,78.08333333333333,86.3992623328723,131.84921748691957,407.00932678910027,128.57239114306643,93.30357142857143,85.00871586287042,6.696428571428571,0.33065120998200864,129.91807206470403,0,1370.0,52.253999999999834,6.340000000000004,72.25867728777227,58.098217386378344,14.160459901393924,80.40310114590184,19.48555555555563,1.8896875458095919,56.20852984056876,100.3592740107948,2.5,5,779.5084323882242,52,7.6923076923076925,34,137,nan,nan,0.0,0,16,0,0,,,,,,,,,,,,,,,,,,,,,,,,,
primary,C2,6014,2219,1861,77.54166666666667,83.86660657954033,135.95363600217954,411.6900233599823,132.95774119014436,90.45553145336225,75.88168373151308,9.544468546637743,0.321678018301578,128.7863809603755,0,2600.0,53.65199999999983,6.499583333333337,71.13509609371827,56.62967021282206,14.505425880896215,79.60862263855557,19.3220297638163,3.869862587091254,52.759807625730815,98.79874457460873,2.5,5,772.7182857622531,105,20.952380952380953,54,260,nan,nan,0.0,0,15,0,0,,,,,,,,,,,,,,,,,,,,,,,,,
primary,C2,6015,2108,1868,77.83333333333333,88.61480075901328,106.88603847366828,379.08365584432784,103.69887027316189,93.22033898305084,80.117994100295,6.779661016949152,0.3454841629093898,129.2829303480518,0,1230.0,50.89399999999984,6.169305555555563,71.9508416231436,57.59128555179656,14.359556071347043,80.0425460669967,19.535555555555597,1.404171286203768,56.18711426559279,99.93172447658836,2.5,5,775.6975820883107,43,4.651162790697675,26,123,nan,nan,0.0,0,16,0,0,,,,,,,,,,,,,,,,,,,,,,,,,
primary,C2,6016,2218,1893,78.875,85.34715960324617,130.1797596746061,355.3294110951812,127.09547890109371,91.29511677282377,80.30910131654264,8.70488322717622,0.3147077001800627,102.32707592863876,0,2160.0,53.56399999999983,6.492222222222229,74.2462735222129,59.17967489605978,15.066598626153112,79.70726622172423,19.37500000000004,2.905873821343749,56.27380107471603,103.11982433640681,2.5,5,613.9624555718326,86,6.976744186046512,62,216,nan,nan,0.0,0,16,0,0,,,,,,,,,,,,,,,,,,,,,,,,,
primary,C2,6017,2135,1865,77.70833333333333,87.35362997658079,114.08878259472527,395.9407518643849,111.109343925464,91.89189189189189,73.97989355410999,8.108108108108109,0.343718766468827,126.75807236462128,0,2290.0,51.913999999999824,6.2738888888888935,70.01349288546677,56.23919618421051,13.774296701256251,80.32622551228908,19.264444444444475,3.490318699572967,52.748877484637546,97.24096234092603,2.5,5,760.5484341877277,104,15.384615384615385,47,229,nan,nan,0.0,0,16,0,0,,,,,,,,,,,,,,,,,,,,,,,,,
primary,C2,6018,2206,1788,74.5,81.05167724388032,201.09218860289081,481.2695809822047,197.78335463958615,95.93301435406698,80.8165548098434,4.0669856459330145,0.31267576390156965,191.51376916126364,0,1160.0,53.015999999999835,6.439166666666674,76.32406999452189,61.274302025347076,15.04976796917482,80.2817538815016,19.310555555555617,1.4124882734139272,59.86181375193314,106.00565277016929,2.5,5,1149.0826149675815,44,29.545454545454547,27,116,nan,nan,0.0,0,17,0,0,,,,,,,,,,,,,,,,,,,,,,,,,
primary,C2,6019,2168,1816,75.66666666666667,83.76383763837639,161.71304264382107,450.2740970549984,158.51963169196554,91.37931034482759,79.56867196367764,8.620689655172415,0.3277465888021078,163.54427480982667,0,1880.0,52.29199999999983,6.341388888888893,73.61347363748945,58.88655244466686,14.726921192822584,79.99425857099814,19.284576222994918,2.570253062638975,56.316299382027886,102.24093560762422,2.5,5,981.26564885896,71,14.084507042253522,38,188,nan,nan,0.0,0,16,0,0,,,,,,,,,,,,,,,,,,,,,,,,,
primary,C2,6020,2106,1849,77.04166666666667,87.79677113010447,129.71302950859578,392.8555269951406,126.4844604966818,94.65116279069767,81.14558472553699,5.348837209302325,0.34350912361827696,139.2287896592983,0,1510.0,50.42999999999985,6.134583333333336,73.00405859690441,58.54099466005516,14.46306393684926,80.18868510214236,19.350000000000037,2.3314449516516675,56.209549708403486,101.39452582903392,2.5,5,835.3727379557897,77,14.285714285714285,29,151,nan,nan,0.0,0,16,0,0,,,,,,,,,,,,,,,,,,,,,,,,,
primary,C2,6021,2158,1835,76.45833333333333,85.03243744207599,150.93829784178038,420.29546861246854,147.652157562559,94.75,81.68373151308305,5.25,0.33210154859587915,147.8980617041667,0,1280.0,52.33999999999982,6.332222222222229,72.73213100658022,57.89551951445246,14.836611492127766,79.6010218774073,19.4816666666667,1.6542484797715749,56.24127103468088,101.01684862025029,2.5,5,887.3883702250004,51,17.647058823529413,26,128,nan,nan,0.0,0,16,0,0,,,,,,,,,,,,,,,,,,,,,,,,,
primary,C2,6022,2170,1853,77.20833333333333,85.39170506912443,122.93149234976686,396.90168144491236,119.89043959089226,89.43661971830986,78.09633027522935,10.56338028169014,0.3345180689507043,122.092688887953,0,2380.0,53.103999999999836,6.400277777777783,70.48819421329576,56.158637850116946,14.329556363178817,79.67098388161587,19.47111111111117,3.4557000017460306,52.70293784837091,97.90026974068856,2.5,5,732.5561333277182,92,13.043478260869565,46,238,nan,nan,0.0,0,15,0,0,,,,,,,,,,,,,,,,,,,,,,,,,
primary,C2,6023,2176,1909,79.54166666666667,87.72977941176471,113.42172811782314,339.472501319102,110.34600098277423,91.4798206278027,79.1907514450867,8.520179372197308,0.3345109969674566,89.7294760400971,0,2130.0,52.801999999999836,6.3868055555555605,69.89124931005873,56.157603183991554,13.733646126067178,80.34997762718396,19.257412616024276,3.432076490203987,52.72552669378758,97.07117959730378,2.5,5,538.3768562405826,99,13.131313131313133,42,213,nan,nan,0.0,0,15,0,0,,,,,,,,,,,,,,,,,,,,,,,,,
primary,C2,6024,2154,1839,76.625,85.37604456824512,147.36629266634415,414.6650191016814,144.2306526247228,91.21140142517815,77.09174841315638,8.788598574821853,0.3408923203126412,138.1226158104811,0,1670.0,52.32999999999982,6.326527777777785,69.334517624939,55.31240302820831,14.022114596730674,79.77614170104637,19.303888888888928,2.5671441898705307,52.74525883833778,96.2979411457486,2.5,5,828.7356948628865,76,18.421052631578945,35,167,nan,nan,0.0,0,17,0,0,,,,,,,,,,,,,,,,,,,,,,,,,
primary,C2,6025,2133,1776,74.0,83.26300984528832,159.80853226667878,427.0922456894217,156.7955680542982,90.74492099322799,75.85798816568048,9.255079006772009,0.34122743719219856,172.91846322359748,0,2540.0,51.72399999999983,6.258194444444447,71.28974713297023,56.59295589107045,14.696791241899787,79.38442506397561,19.531666666666677,3.874005982037512,52.71894990903293,99.01353768468087,2.5,5,1037.5107793415848,118,25.423728813559322,46,254,nan,nan,0.0,0,15,0,0,,,,,,,,,,,,,,,,,,,,,,,,,
primary,C2,6026,2190,1823,75.95833333333333,83.2420091324201,169.37226302358027,443.05961806731466,166.08423516784018,91.32530120481928,83.2112676056338,8.674698795180722,0.32009356392033217,156.34055958959047,0,2000.0,52.67999999999981,6.395833333333337,74.71958038641648,59.623038330660776,15.096542055755709,79.79573496306712,19.26829804407543,3.319305242760105,56.30373308790067,103.777194981134,2.5,5,938.0433575375428,95,20.0,41,200,nan,nan,0.0,0,18,0,0,,,,,,,,,,,,,,,,,,,,,,,,,
primary,C2,6027,2177,1840,76.66666666666667,84.51998162609094,149.95372109109124,427.6361118473127,146.7119384756822,94.33497536945814,79.5595708639187,5.665024630541872,0.3270062568895579,148.8737720246342,0,1430.0,52.921999999999834,6.396388888888891,73.03329702371099,58.21077969314101,14.822517330569958,79.70443902353512,19.253888888888962,1.915966250655951,56.294813442485065,101.43513475515414,2.5,5,893.2426321478055,54,25.925925925925924,28,143,nan,nan,0.0,0,17,0,0,,,,,,,,,,,,,,,,,,,,,,,,,
primary,C2,6028,2160,1893,78.875,87.63888888888889,106.52777670736687,322.31733332308625,103.31452391133442,92.82178217821783,81.15034168564921,7.1782178217821775,0.3294091843054055,95.95390407328391,0,1610.0,52.77399999999983,6.364861111111118,73.69523238006484,58.715818513400656,14.97941386666418,79.67383590106401,19.41444444444448,2.467972084771123,56.24784642862952,102.3544894167567,2.5,5,575.7234244397035,92,14.130434782608695,35,161,nan,nan,0.0,0,16,0,0,,,,,,,,,,,,,,,,,,,,,,,,,
primary,C2,6029,2173,1881,78.375,86.56235618959963,120.91409019017556,356.18179890263707,117.79913082124789,90.99307159353349,79.54022988505747,9.006928406466514,0.32530378023919654,106.98841483708469,0,2030.0,52.86199999999982,6.387222222222228,74.16876693666707,59.460856967130084,14.707909969536992,80.16967171357167,19.256282602853688,3.1728493934190616,56.28800757371101,103.0121763009265,2.5,5,641.9304890225081,84,11.904761904761903,35,203,nan,nan,0.0,0,16,0,0,,,,,,,,,,,,,,,,,,,,,,,,,
primary,C2,6030,2198,1762,73.41666666666667,80.16378525932666,183.64597959597054,483.7528059116888,180.69701952213055,88.51351351351352,75.14253135689853,11.486486486486488,0.32399909809209776,181.9989107990308,0,3450.0,53.301999999999815,6.449027777777784,72.23238962421375,58.080536604469245,14.151853019744507,80.40788475451389,19.45836733812331,5.346757060478484,52.733779543990764,100.32276336696351,2.5,5,1091.9934647941848,165,20.0,73,345,nan,nan,0.0,0,15,0,0,,,,,,,,,,,,,,,,,,,,,,,,,
primary,C2,6031,2154,1863,77.625,86.49025069637884,122.93194448725458,390.1882794543686,119.91237137784667,92.80898876404494,73.5517846693973,7.191011235955057,0.33958538257477694,121.7361234433085,0,1750.0,52.35399999999983,6.328194444444447,69.89911472769634,55.47575872270671,14.423356004989644,79.36546684292323,19.31444444444447,2.736450173371056,52.739308549335654,97.08210378846715,2.5,5,730.416740659851,81,16.049382716049383,41,175,nan,nan,0.0,0,15,0,0,,,,,,,,,,,,,,,,,,,,,,,,,
primary,C2,6032,2225,1760,73.33333333333333,79.10112359550561,196.5146837888684,506.23711399096896,193.58851017798727,87.29411764705883,71.0,12.705882352941176,0.3220781644924596,199.14084712583636,0,2790.0,53.96599999999981,6.528888888888895,70.36223293925747,56.48260559584597,13.879627343411507,80.27403798370989,19.330812552251427,3.7451322318430003,52.737473364002966,97.7253235267465,2.5,5,1194.8450827550184,114,28.947368421052634,60,279,nan,nan,0.0,0,20,0,0,,,,,,,,,,,,,,,,,,,,,,,,,
primary,C2,6033,2210,1898,79.08333333333333,85.88235294117646,107.23287428340485,339.7050452002452,104.0806155551093,91.4027149321267,79.29864253393666,8.597285067873303,0.3188665526997482,104.83338496456243,0,1620.0,53.46799999999983,6.475555555555561,73.24964923370878,58.65467706635708,14.594972167351678,80.07502790793538,19.275000000000023,2.2982031224896113,56.35647394386747,101.73562393570663,2.5,5,629.0003097873747,69,17.391304347826086,31,162,nan,nan,0.0,0,17,0,0,,,,,,,,,,,,,,,,,,,,,,,,,
primary,C2,6034,2090,1851,77.125,88.5645933014354,107.23000414185195,430.49787796953296,104.17159126221506,91.86351706036746,73.61029842012873,8.136482939632545,0.36358827309688935,136.2816333891802,0,2370.0,50.50599999999984,6.119861111111113,65.9298660221438,52.694396844967194,13.235469177176611,79.92492632590636,19.445863540125195,3.4611111838806345,49.23328566108656,91.56925836408863,2.5,5,817.6898003350813,96,40.625,59,237,nan,nan,0.0,0,15,0,0,,,,,,,,,,,,,,,,,,,,,,,,,
primary,C2,6035,2099,1853,77.20833333333333,88.28013339685565,116.67782148091595,412.05165195845433,113.73596797363477,88.75598086124403,74.83640690065437,11.24401913875598,0.359363405559943,129.76977613988655,0,2870.0,50.95799999999984,6.162500000000003,66.85500879810462,53.63279048099534,13.222218317109267,80.22254644070269,19.371111111111123,4.416283897577431,49.21650658341791,92.85417888625642,2.5,5,778.6186568393192,121,15.702479338842975,57,287,nan,nan,0.0,0,14,0,0,,,,,,,,,,,,,,,,,,,,,,,,,
primary,C2,6036,2117,1810,75.41666666666667,85.49834671705243,139.11043336364054,419.17256177456187,135.94560695375415,93.51230425055928,80.77844311377245,6.487695749440715,0.3501879782416186,160.99180312446873,0,1600.0,50.87999999999984,6.179583333333336,69.01879339962076,55.191190950537816,13.827602449082956,79.96545322225393,19.368615038762158,2.4601662105798767,52.73102473995793,95.85943527725107,2.5,5,965.9508187468124,80,27.500000000000004,26,160,nan,nan,0.0,0,16,0,0,,,,,,,,,,,,,,,,,,,,,,,,,
primary,C2,6037,2226,1837,76.54166666666667,82.52470799640611,163.03134488722992,447.2416454859162,159.8180231052769,89.86175115207374,81.19419642857143,10.138248847926267,0.31697062772070944,157.24380214354957,0,1330.0,53.58199999999983,6.5034722222222285,72.46868882465353,57.960661854600325,14.508026970053203,79.98028223588112,19.39539945482223,1.6849238207740145,56.27573803382631,100.65095670090768,2.5,5,943.4628128612974,49,28.57142857142857,30,133,nan,nan,0.0,0,16,0,0,,,,,,,,,,,,,,,,,,,,,,,,,
primary,C2,6038,2145,1805,75.20833333333333,84.14918414918415,134.3912901304628,449.055298677448,131.3856369489163,86.53846153846155,74.37825332562174,13.461538461538462,0.3468679143633289,152.39070925549214,0,3030.0,52.201999999999835,6.306388888888895,67.65306099504188,53.97553457267678,13.677526422365098,79.78284172039534,19.419680825486743,4.782607202579165,49.19292737009762,93.96258471533594,2.5,5,914.3442555329527,146,28.767123287671232,58,303,nan,nan,0.0,0,15,0,0,,,,,,,,,,,,,,,,,,,,,,,,,
primary,C2,6039,2100,1740,72.5,82.85714285714286,155.97367540020164,468.67973781068633,152.94713636823042,90.84507042253522,76.76224611708481,9.15492957746479,0.34831421151118597,183.1410538413084,0,2640.0,51.02799999999985,6.168611111111115,71.52826062716764,57.07389341909707,14.454367208070575,79.792089054965,19.485555555555617,4.332262324351832,52.741631094745244,99.34480642662176,2.5,5,1098.8463230478508,133,33.83458646616541,46,264,nan,nan,0.0,0,16,0,0,,,,,,,,,,,,,,,,,,,,,,,,,
primary,C2,6040,2165,1832,76.33333333333333,84.6189376443418,157.566972779275,411.87741852805846,154.41741743233348,92.09932279909707,80.72009291521486,7.900677200902935,0.32794586787347946,147.9280987680768,0,1950.0,52.08599999999983,6.323333333333339,73.82738507865687,58.93180542120335,14.895579657453526,79.82377454980488,19.314444444444486,2.678564699072873,56.25324072213048,102.53803483146788,2.5,5,887.5685926084608,77,29.87012987012987,51,195,nan,nan,0.0,0,16,0,0,,,,,,,,,,,,,,,,,,,,,,,,,
primary,C2,6041,2075,1876,78.16666666666667,90.40963855421687,97.84476265416163,362.73741990360196,94.98316003543972,86.36363636363636,72.17863608931805,13.636363636363635,0.3659607581480518,112.43221019115546,0,2630.0,50.041999999999845,6.06888888888889,66.40495248004163,53.15752907785111,13.247423402190506,80.05054908190455,19.335555555555597,3.87706532150925,49.28046375634186,92.22910066672448,2.5,5,674.5932611469327,104,16.346153846153847,50,263,nan,nan,0.0,0,14,0,0,,,,,,,,,,,,,,,,,,,,,,,,,
primary,C2,6042,2127,1796,74.83333333333333,84.4381758345087,156.68434169647747,462.1484017696187,153.6231555986885,89.7196261682243,77.10417892878164,10.2803738317757,0.3444485703385118,169.97666286717464,0,2250.0,51.53799999999984,6.237777777777784,70.49821761376293,56.22851299810345,14.26970461565949,79.75877249288966,19.492920320812356,3.5012375426797817,52.727275455423666,97.9141911302263,2.5,5,1019.8599772030478,99,15.151515151515152,41,225,nan,nan,0.0,0,17,0,0,,,,,,,,,,,,,,,,,,,,,,,,,
primary,C2,6043,2172,1817,75.70833333333333,83.65561694290976,162.422315857997,445.9584334419567,159.18898089104815,92.46575342465754,82.5836216839677,7.534246575342466,0.3287290147417497,154.46776119382835,0,1440.0,52.53999999999982,6.363611111111114,72.78906563156413,58.48440277689874,14.30466285466539,80.34778612618659,19.362504092487757,2.2128928252440097,56.27150995165473,101.0959244882835,2.5,5,926.8065671629702,71,22.535211267605636,29,144,nan,nan,0.0,0,16,0,0,,,,,,,,,,,,,,,,,,,,,,,,,
primary,C2,6044,2216,1844,76.83333333333333,83.21299638989169,159.26859700096816,432.22688836750507,155.97046141828673,95.87155963302753,82.47191011235955,4.128440366972478,0.31923439474761833,150.46132410999914,0,1340.0,53.39599999999983,6.478055555555562,72.4907414690289,58.26678862048179,14.223952848547118,80.3782489180026,19.278888888888893,2.0677075098139497,56.199081110667834,100.68158537365125,2.5,5,902.7679446599947,63,7.936507936507936,24,134,nan,nan,0.0,0,16,0,0,,,,,,,,,,,,,,,,,,,,,,,,,
primary,C2,6045,2126,1860,77.5,87.48824082784571,116.62418319618317,384.91354942141373,113.56851601156477,91.33663366336634,74.8548199767712,8.663366336633663,0.34482526389339224,119.342031381069,0,2360.0,51.127999999999844,6.208055555555559,70.43548599805453,56.30930472159979,14.12618127645474,79.94451081540785,19.419644244058322,3.619273686089956,52.69003103550983,97.82706388618688,2.5,5,716.052188286414,114,17.543859649122805,58,236,nan,nan,0.0,0,16,0,0,,,,,,,,,,,,,,,,,,,,,,,,,
primary,C2,6046,2076,1857,77.375,89.45086705202311,111.62722759327586,427.783405841086,108.42860758377152,92.40506329113924,78.4651992861392,7.59493670886076,0.36947979195273734,147.84976977943649,0,1710.0,49.805999999999855,6.0537500000000035,64.7847298764175,51.880017984763725,12.90471189165376,80.08062715354276,19.43555555555559,2.6809262156644955,49.19909176909923,89.9787914950243,2.5,5,887.0986186766189,83,21.686746987951807,32,171,nan,nan,0.0,0,14,0,0,,,,,,,,,,,,,,,,,,,,,,,,,
primary,C2,6047,2100,1849,77.04166666666667,88.04761904761905,89.82708074002235,386.2319052419546,86.91962979554836,87.17948717948718,72.53141831238779,12.82051282051282,0.3598201197588527,125.14052506676532,0,2760.0,51.56399999999984,6.205833333333336,66.55770826417564,53.34814543555665,13.209562828618983,80.15321865321951,19.485555555555596,4.145818306276426,49.202327129280235,92.44126147802173,2.5,5,750.8431504005919,122,19.672131147540984,63,276,nan,nan,0.0,0,14,0,0,,,,,,,,,,,,,,,,,,,,,,,,,
primary,C2,6048,2137,1851,77.125,86.61675245671502,119.52958501159327,364.0114860165246,116.49804954715873,88.86198547215496,76.04408352668214,11.138014527845035,0.3390147294826848,115.90833058153756,0,2920.0,51.69999999999982,6.261527777777782,71.84563686348017,57.41797336803083,14.42766349544935,79.9185251529407,19.485555555555596,4.696484649693207,52.721488718337625,99.78560675483357,2.5,5,695.4499834892254,144,13.88888888888889,56,292,nan,nan,0.0,0,16,0,0,,,,,,,,,,,,,,,,,,,,,,,,,
primary,C2,6049,2123,1803,75.125,84.92699010833726,151.10959711519382,443.9406713507868,148.0269418520574,90.69767441860466,78.20437093916125,9.30232558139535,0.34662223932695163,169.32445004760606,0,2180.0,51.30799999999984,6.21680555555556,69.95919261075689,55.95968730196495,13.999505308791933,79.98904105900247,19.260555555555605,3.1760613625515166,52.78362593941344,97.16554529271791,2.5,5,1015.9467002856363,83,37.34939759036144,49,218,nan,nan,0.0,0,15,0,0,,,,,,,,,,,,,,,,,,,,,,,,,
primary,C2,6050,2157,1845,76.875,85.53546592489569,127.61541456178597,427.70197082835597,124.70509194874691,89.06976744186046,72.37984944991314,10.930232558139535,0.33526263480511886,131.94302236542237,0,2580.0,52.47999999999982,6.340694444444448,71.46654176418863,56.554064962201764,14.91247680198687,79.13362472303172,19.36943237145379,3.8192915161023073,52.73477344609945,99.25908578359531,2.5,5,791.6581341925341,111,9.90990990990991,51,258,nan,nan,0.0,0,15,0,0,,,,,,,,,,,,,,,,,,,,,,,,,
primary,C2,6051,2046,1855,77.29166666666667,90.66471163245356,76.99006358290148,373.76753539055403,74.04024068841613,89.60739030023095,75.0154990700558,10.392609699769054,0.3724665608793547,110.2510280466296,0,2500.0,49.45599999999985,5.991944444444449,66.49444570011875,53.336389530080226,13.158056170038519,80.21179659218511,19.36444444444452,4.125980153066647,49.21040937701358,92.3533968057205,2.5,5,661.5061682797775,120,33.33333333333333,36,250,nan,nan,0.0,0,14,0,0,,,,,,,,,,,,,,,,,,,,,,,,,
primary,C2,6052,2213,1922,80.08333333333333,86.8504292815183,127.54674835712392,386.1522418095359,124.09788940362468,96.07390300230946,87.58426966292134,3.9260969976905313,0.3208364429960941,109.45489674041897,0,820.0,53.32399999999983,6.469305555555559,72.09865662568738,57.32774943801306,14.770907187674327,79.51292315422735,19.37500000000005,1.0699523702189035,56.25779706779415,100.13702309123249,2.5,5,656.7293804425138,29,20.689655172413794,9,82,nan,nan,0.0,0,16,0,0,,,,,,,,,,,,,,,,,,,,,,,,,
primary,C2,6053,2041,1871,77.95833333333333,91.67074963253307,83.60900401631332,341.321934628316,80.58630828921446,89.31297709923665,74.63592233009709,10.687022900763358,0.37566754331428515,111.6111255344328,0,2100.0,49.06399999999985,5.958472222222225,65.61162128822883,52.45804679562535,13.153574492603479,79.95237088438886,19.425000000000043,3.274217624103597,49.18382917152175,91.12725178920671,2.5,5,669.6667532065968,102,15.686274509803921,53,210,nan,nan,0.0,0,14,0,0,,,,,,,,,,,,,,,,,,,,,,,,,
primary,C2,6054,2221,1877,78.20833333333333,84.5114813147231,135.72485189986165,387.57344682478146,132.54527680821352,90.73684210526316,83.1615120274914,9.263157894736842,0.3142228397543969,107.80059154200856,0,1770.0,53.96999999999983,6.524166666666674,74.15573322610054,58.868038790970786,15.287694435129742,79.38433918721074,19.42500000000001,2.6451527733329345,56.22288601763785,102.99407392513962,2.5,5,646.8035492520514,73,15.068493150684931,34,177,nan,nan,0.0,0,16,0,0,,,,,,,,,,,,,,,,,,,,,,,,,
primary,C2,6055,2211,1803,75.125,81.54681139755766,178.97722227180344,447.8012208244712,175.65388459543334,95.61200923787528,81.2710911136108,4.387990762124711,0.3093158461285333,168.55952094859921,0,1260.0,53.387999999999835,6.471250000000007,77.27555447247359,61.684559158199335,15.59099531427426,79.82415600805824,19.330301069608666,1.9162731728722358,59.7682859853271,107.32715898954663,2.5,5,1011.3571256915952,59,30.508474576271187,21,126,nan,nan,0.0,0,17,0,0,,,,,,,,,,,,,,,,,,,,,,,,,
primary,C2,6056,2092,1855,77.29166666666667,88.67112810707457,100.47032089947547,391.56683296194086,97.63941761586693,86.19047619047619,72.96650717703349,13.80952380952381,0.3579379649914654,111.74839432906916,0,3170.0,51.20999999999984,6.171250000000006,68.17079912368695,54.162886803453716,14.007912320233231,79.45174106758273,19.300000000000082,4.8952586484832885,49.26762815497043,94.68166544956522,2.5,5,670.4903659744151,142,20.422535211267608,72,317,nan,nan,0.0,0,14,0,0,,,,,,,,,,,,,,,,,,,,,,,,,
primary,C3,6007,2181,1728,72.0,79.22971114167812,205.23516006379094,524.733099793775,201.964989246809,92.96116504854369,80.10175240248728,7.038834951456311,0.32443873730904665,217.17119729020914,0,1780.0,52.93199999999983,6.402083333333342,73.74246548249187,58.94888278432005,14.793582698171821,79.93885531033112,19.34508714873988,2.7346925904498534,56.214190193870195,102.42009094790538,2.5,5,1303.027183741255,82,39.02439024390244,40,178,nan,nan,0.0,0,16,0,0,,,,,,,,,,,,,,,,,,,,,,,,,
primary,C3,6008,2145,1712,71.33333333333333,79.81351981351982,190.60129875247617,520.021049741612,187.64364884112942,86.18266978922718,71.9441210710128,13.817330210772832,0.3370944974320684,218.859313922953,0,2580.0,51.77999999999983,6.27708333333334,71.87517710934647,56.90387409448948,14.971303014856998,79.17041234962028,19.39921739265763,4.1415904059116135,52.76228368857787,99.8266348740923,2.5,5,1313.155883537718,117,49.572649572649574,48,258,nan,nan,0.0,0,15,0,0,,,,,,,,,,,,,,,,,,,,,,,,,
primary,C3,6009,2140,1745,72.70833333333333,81.54205607476635,171.68682833397528,502.4788815695708,168.79671808204756,86.75496688741721,72.73266152934204,13.245033112582782,0.3414963635691854,202.41240730963196,0,2550.0,51.885999999999825,6.278194444444451,70.47357093811195,56.464188022833774,14.009382915278174,80.12108265724062,19.278888888888932,3.744860909315573,52.719327113518204,97.87995963626658,2.5,5,1214.4744438577918,114,31.57894736842105,54,255,nan,nan,0.0,0,15,0,0,,,,,,,,,,,,,,,,,,,,,,,,,
primary,C3,6010,2193,1750,72.91666666666667,79.79936160510715,186.65835443765454,519.1225239504662,183.61633381416692,90.59633027522935,74.6727376209448,9.403669724770642,0.3304966364231697,211.46007741275463,0,2240.0,52.647999999999826,6.397361111111117,69.92545306519068,56.06466450397876,13.860788561211937,80.17776367027659,19.435555555555588,3.303833560364446,52.76083094361431,97.11868481276485,2.5,5,1268.7604644765277,88,45.45454545454545,44,224,nan,nan,0.0,0,15,0,0,,,,,,,,,,,,,,,,,,,,,,,,,
primary,C3,6011,2204,1713,71.375,77.72232304900182,204.94915700100228,518.6797744308346,202.0225937134562,90.54373522458629,71.7012914093206,9.456264775413711,0.32493492467254326,214.0913489376868,0,2760.0,53.4199999999998,6.4647222222222265,71.22811254146131,57.072898387210714,14.155214154250602,80.12692790924235,19.479897464518846,4.364649456708022,52.7082489305027,98.92793408536295,2.5,5,1284.5480936261208,135,38.51851851851852,58,276,nan,nan,0.0,0,15,0,0,,,,,,,,,,,,,,,,,,,,,,,,,
primary,C3,6012,2126,1710,71.25,80.43273753527752,172.38651814991485,519.0139922102019,169.60925223906352,86.53366583541147,67.18840579710145,13.466334164588527,0.34977063894536037,217.82895971616608,0,3520.0,51.43999999999981,6.229722222222229,68.2990839756043,54.73527326128912,13.563810714315204,80.14056715729888,19.410555555555582,5.45237431961776,49.282898941671355,94.85983885500599,2.5,5,1306.9737582969963,149,48.99328859060403,74,352,nan,nan,0.0,0,14,0,0,,,,,,,,,,,,,,,,,,,,,,,,,
primary,C3,6013,2169,1782,74.25,82.15767634854771,176.55031535914333,483.028303462677,173.3231185568714,93.30357142857143,81.46426496223125,6.696428571428571,0.3287075639751906,195.4925349060679,0,1590.0,52.29799999999983,6.343055555555562,73.09833236271767,58.59982849748947,14.4985038652282,80.1657529021512,19.275000000000023,2.3223375439839202,56.27749095350555,101.52546161488564,2.5,5,1172.9552094364074,62,11.29032258064516,36,159,nan,nan,0.0,0,16,0,0,,,,,,,,,,,,,,,,,,,,,,,,,
primary,C3,6014,2219,1722,71.75,77.60252365930599,197.96205967518236,519.0692426696498,195.16963593147318,87.85249457700651,69.62457337883959,12.147505422993492,0.319597591245219,218.33006973494886,0,3300.0,53.79199999999981,6.509305555555562,72.03384058206538,57.747864657266526,14.285975924798867,80.16768811802642,19.436834296562257,4.964218263737193,52.783646393529324,100.04700080842414,2.5,5,1309.9804184096934,132,34.090909090909086,70,330,nan,nan,0.0,0,16,0,0,,,,,,,,,,,,,,,,,,,,,,,,,
primary,C3,6015,2108,1730,72.08333333333333,82.06831119544592,167.31689694004336,504.68292761714855,164.35230053187982,88.37772397094432,74.10029498525074,11.62227602905569,0.34942533239323215,208.03775197317728,0,2540.0,51.155999999999835,6.187500000000006,70.2482564061237,56.05075777401879,14.19749863210491,79.78953591385182,19.341876916942898,3.3134003711346267,52.73735740288417,97.56702278628292,2.5,5,1248.2265118390637,105,33.33333333333333,50,254,nan,nan,0.0,0,16,0,0,,,,,,,,,,,,,,,,,,,,,,,,,
primary,C3,6016,2218,1745,72.70833333333333,78.67448151487827,198.10110834520705,496.5186612897427,195.1279789122908,90.44585987261146,74.75672581568402,9.554140127388536,0.31410860304824983,201.6114288939916,0,2470.0,53.625999999999834,6.496527777777786,74.50508348315608,59.783063784948695,14.722019698207383,80.24024803416843,19.289444444444477,3.5288411153578623,56.25422266959083,103.47928261549453,2.5,5,1209.6685733639495,101,37.62376237623762,66,247,nan,nan,0.0,0,16,0,0,,,,,,,,,,,,,,,,,,,,,,,,,
primary,C3,6017,2135,1713,71.375,80.23419203747073,178.34115333294295,524.5962818095961,175.5950743694686,85.8108108108108,67.65227675931402,14.18918918918919,0.34680159754120404,216.34247874152433,0,3540.0,52.16399999999979,6.29125000000001,68.68170986219982,54.625946184210534,14.055763677989294,79.53492464560041,19.334705980278997,5.410545097577707,49.21540108663282,95.39126369749975,2.5,5,1298.0548724491462,161,34.78260869565217,82,354,nan,nan,0.0,0,14,0,0,,,,,,,,,,,,,,,,,,,,,,,,,
primary,C3,6018,2206,1752,73.0,79.41976427923844,219.09128440945105,509.09178987528986,215.79951481974277,95.69377990430623,79.58612975391499,4.30622009569378,0.312047428038967,211.51349512357473,0,1180.0,53.01999999999983,6.439444444444451,76.59551108716626,61.19730202534706,15.398209061819191,79.89672130486089,19.29865019102374,1.4165599042562245,59.78074212109084,106.3826542877309,2.5,5,1269.0809707414483,44,47.72727272727273,28,118,nan,nan,0.0,0,17,0,0,,,,,,,,,,,,,,,,,,,,,,,,,
primary,C3,6019,2168,1743,72.625,80.39667896678966,195.2106264809324,508.50490009620046,192.08281050220467,90.88669950738917,76.61748013620885,9.113300492610838,0.32820426109442163,210.27569898494068,0,2050.0,52.32599999999984,6.3437500000000036,73.41575920720987,59.025052444666855,14.390706762543005,80.39834101296093,19.300000000000058,2.7397695379688995,56.28528290669797,101.96633223223593,2.5,5,1261.654193909644,75,36.0,45,205,nan,nan,0.0,0,16,0,0,,,,,,,,,,,,,,,,,,,,,,,,,
primary,C3,6020,2106,1718,71.58333333333333,81.57644824311491,187.90529382259788,519.1513686600642,184.86460985159906,92.32558139534883,74.46300715990454,7.674418604651163,0.3502923885471303,217.6304197882645,0,2130.0,50.55399999999984,6.1431944444444495,70.0736881476397,56.15930021561072,13.914387932028989,80.14320595954295,19.42111111111114,3.4631706050494007,52.696129610561314,97.32456687172181,2.5,5,1305.782518729587,111,54.95495495495496,42,213,nan,nan,0.0,0,15,0,0,,,,,,,,,,,,,,,,,,,,,,,,,
primary,C3,6021,2158,1749,72.875,81.04726598702501,196.18918377472258,504.47377063606535,193.07129138399617,92.25,76.05233219567691,7.75,0.32997757812199974,206.03172311219677,0,1910.0,52.46599999999981,6.340972222222229,73.64968625129613,59.00210284778578,14.647583403510342,80.11181832664958,19.289444444444428,2.654210091542203,56.34789275624358,102.29123090457793,2.5,5,1236.1903386731808,82,46.34146341463415,45,191,nan,nan,0.0,0,17,0,0,,,,,,,,,,,,,,,,,,,,,,,,,
primary,C3,6022,2170,1712,71.33333333333333,78.89400921658986,184.32443059448315,516.875651906071,181.32816308974571,88.49765258215963,74.82798165137613,11.502347417840376,0.33356142714162634,214.33252228811446,0,2710.0,53.16999999999984,6.404861111111117,70.90146347481743,56.68680451678363,14.214658958033805,79.95152954341694,19.384870277203873,3.9507427938022577,52.73606172298137,98.47425482613532,2.5,5,1285.9951337286868,109,36.69724770642202,54,271,nan,nan,0.0,0,15,0,0,,,,,,,,,,,,,,,,,,,,,,,,,
primary,C3,6023,2176,1726,71.91666666666667,79.31985294117648,198.72401478194524,517.2225242938166,195.8085624163177,90.35874439461884,72.13872832369943,9.641255605381167,0.3305644505872927,209.4009539267431,0,2670.0,52.909999999999826,6.394305555555563,71.59615734628952,57.06474207288045,14.531415273409067,79.70363799955787,19.410555555555593,4.3085292506906425,52.75621282218981,99.43910742540211,2.5,5,1256.4057235604587,129,36.434108527131784,54,267,nan,nan,0.0,0,16,0,0,,,,,,,,,,,,,,,,,,,,,,,,,
primary,C3,6024,2154,1709,71.20833333333333,79.34076137418757,201.95765330625096,517.0081996716181,198.95795185035286,87.88598574821853,73.22562031159838,12.114014251781473,0.33607697020734717,217.17691705863032,0,2760.0,52.547999999999796,6.341666666666674,71.41474887042604,57.09084747265279,14.323901397773248,79.94265662998782,19.355204045050996,4.3845167323821315,52.70633074027066,99.18715120892504,2.5,5,1303.0615023517819,118,46.61016949152542,61,276,nan,nan,0.0,0,15,0,0,,,,,,,,,,,,,,,,,,,,,,,,,
primary,C3,6025,2133,1703,70.95833333333333,79.84060009376465,190.68011168153103,517.7757551211873,187.79785394801576,89.16478555304741,71.65680473372781,10.835214446952596,0.34076623337303924,216.26907833300686,0,2900.0,51.79599999999983,6.263194444444449,71.48898718284705,57.21987255773712,14.269114625109927,80.04012200003073,19.289444444444484,4.427370913327736,52.79250164440939,99.29025997617646,2.5,5,1297.614469998041,135,54.074074074074076,54,290,nan,nan,0.0,0,15,0,0,,,,,,,,,,,,,,,,,,,,,,,,,
primary,C3,6026,2190,1734,72.25,79.17808219178082,208.63011265419257,507.72063473506125,205.40419853700885,90.36144578313254,81.12676056338029,9.63855421686747,0.31927185663950786,206.09219064037293,0,2280.0,52.73599999999982,6.399722222222228,75.07455793173261,59.9075383306608,15.167019601071829,79.79739072874249,19.567222222222213,3.707975991527799,56.19956233913298,104.27021934962863,2.5,5,1236.5531438422377,111,43.24324324324324,48,228,nan,nan,0.0,0,16,0,0,,,,,,,,,,,,,,,,,,,,,,,,,
primary,C3,6027,2177,1740,72.5,79.9265043638034,195.73068496251565,503.5442570208299,192.67536731504063,90.64039408866995,74.13890457368719,9.35960591133005,0.3243219288940917,206.12519478772225,0,2200.0,53.075999999999816,6.40708333333334,74.19292671775239,59.310974137585475,14.881952580166908,79.94154801739873,19.264444444444486,2.999486049326562,56.311488088258905,103.04573155243386,2.5,5,1236.7511687263334,82,37.80487804878049,46,220,nan,nan,0.0,0,16,0,0,,,,,,,,,,,,,,,,,,,,,,,,,
primary,C3,6028,2160,1680,70.0,77.77777777777779,201.51053218786865,516.4988056240071,198.69462082054787,86.63366336633663,69.76082004555808,13.366336633663368,0.3312483707987697,212.2391357604095,0,3610.0,53.1739999999998,6.3926388888888965,72.90070381493148,58.51648518006735,14.38421863486414,80.26875203923895,19.364444444444462,5.755727029516158,52.7607581505512,101.25097752073815,2.5,5,1273.4348145624567,185,50.27027027027027,77,361,nan,nan,0.0,0,16,0,0,,,,,,,,,,,,,,,,,,,,,,,,,
primary,C3,6029,2173,1695,70.625,78.00276115968707,204.01584531403844,518.4792441426922,201.27391122713988,84.75750577367207,68.79310344827586,15.242494226327944,0.32788200522415223,214.2806902250302,0,3650.0,53.18599999999979,6.409722222222229,73.05497374316623,58.423745856018996,14.631227887147233,79.97230422861404,19.27517875268974,5.652421577012467,52.77132427900653,101.46524130995307,2.5,5,1285.6841413501813,152,47.368421052631575,69,365,nan,nan,0.0,0,15,0,0,,,,,,,,,,,,,,,,,,,,,,,,,
primary,C3,6030,2198,1710,71.25,77.79799818016379,205.22331793577314,517.6579091498769,202.3326966887417,87.61261261261262,72.97605473204105,12.387387387387387,0.323338496638046,220.03116522382103,0,3500.0,53.31199999999981,6.449722222222228,72.51776945236413,58.15486993780257,14.362899514561555,80.19395849730824,19.285555555555575,5.395833179796787,52.75903675800579,100.71912423939462,2.5,5,1320.1869913429261,165,47.878787878787875,75,350,nan,nan,0.0,0,15,0,0,,,,,,,,,,,,,,,,,,,,,,,,,
primary,C3,6031,2154,1712,71.33333333333333,79.48003714020427,193.30843440377126,525.5761084967213,190.44616620954292,90.56179775280899,69.8069046225863,9.438202247191011,0.3367776392509863,218.32482102196496,0,2590.0,52.521999999999814,6.339861111111116,71.11205984357389,56.87023094492895,14.241828898644949,79.97269530657265,19.37465721801809,4.101807539485938,52.76842340544301,98.76674978274154,2.5,5,1309.94892613179,117,33.33333333333333,59,259,nan,nan,0.0,0,15,0,0,,,,,,,,,,,,,,,,,,,,,,,,,
primary,C3,6032,2225,1726,71.91666666666667,77.57303370786516,211.0496586381676,524.228313972935,208.14243895542685,87.29411764705883,70.5,12.705882352941176,0.3215703593187879,221.21457725880344,0,2800.0,53.96799999999981,6.529027777777784,70.5816047742836,56.497577818068194,14.084026956215407,80.04575412920205,19.314444444444508,3.7479038440425856,52.7496739740256,98.03000663094944,2.5,5,1327.287463552821,114,50.877192982456144,60,280,nan,nan,0.0,0,15,0,0,,,,,,,,,,,,,,,,,,,,,,,,,
primary,C3,6033,2210,1732,72.16666666666667,78.3710407239819,184.74475138298698,507.87965591925956,181.8280140051816,88.46153846153845,72.00226244343891,11.538461538461538,0.32480344891473084,207.3019524273501,0,2730.0,53.68999999999982,6.4909722222222275,70.68491006883627,56.81595484413488,13.868955224701393,80.37918530108456,19.33774831456875,4.058779790670049,52.757175053464834,98.17348620671706,2.5,5,1243.8117145641006,122,40.98360655737705,56,273,nan,nan,0.0,0,15,0,0,,,,,,,,,,,,,,,,,,,,,,,,,
primary,C3,6034,2090,1724,71.83333333333333,82.48803827751196,163.85577734673498,526.8545828714634,160.9660548786645,87.13910761154855,68.46108835576361,12.860892388451445,0.3604850305300376,218.178195959941,0,3050.0,50.641999999999825,6.129305555555562,67.27046681102374,53.640035733856095,13.63043107716765,79.73786756161769,19.342470078867294,4.383439539098761,49.256596194757336,93.43120390419963,2.5,5,1309.069175759646,123,41.46341463414634,82,305,nan,nan,0.0,0,14,0,0,,,,,,,,,,,,,,,,,,,,,,,,,
primary,C3,6035,2099,1727,71.95833333333333,82.27727489280609,171.82340853864338,522.8237204124393,168.94961440408704,88.75598086124403,70.61273051754908,11.24401913875598,0.3488294462215437,217.89566763711818,0,2890.0,50.96199999999983,6.162777777777782,71.4056792322931,57.13854048099536,14.267138751297741,80.01960221555396,19.37111111111114,4.407275061986479,52.731265419008885,99.174554489296,2.5,5,1307.3740058227093,121,41.32231404958678,57,289,nan,nan,0.0,0,15,0,0,,,,,,,,,,,,,,,,,,,,,,,,,
primary,C3,6036,2117,1741,72.54166666666667,82.2390174775626,170.53181652705416,503.83459435570046,167.5204437316584,91.2751677852349,76.04790419161677,8.724832214765101,0.34699625416595564,196.3157363814524,0,2290.0,51.017999999999844,6.18916666666667,70.39761820030716,56.30474650609338,14.092871694213782,79.98103905431236,19.400000000000087,3.5649245114753034,52.73982199461807,97.77446972264883,2.5,5,1177.8944182887144,116,44.827586206896555,44,229,nan,nan,0.0,0,16,0,0,,,,,,,,,,,,,,,,,,,,,,,,,
primary,C3,6037,2226,1776,74.0,79.78436657681941,195.02919323787418,507.2205403303012,191.89030658193226,89.40092165898618,78.85044642857143,10.599078341013826,0.31641288321736477,203.0486529524476,0,1540.0,53.62399999999984,6.506388888888894,72.70963445009843,58.20755074348921,14.502083706609218,80.05479766706543,19.402513442708074,1.9664479766273075,56.24110276686191,100.98560340291449,2.5,5,1218.2919177146855,58,32.758620689655174,37,154,nan,nan,0.0,0,16,0,0,,,,,,,,,,,,,,,,,,,,,,,,,
primary,C3,6038,2145,1715,71.45833333333333,79.95337995337995,176.33257548181018,518.2691015589734,173.4016068012277,85.33653846153845,70.90803932909195,14.663461538461538,0.3462298767184943,215.43101610035202,0,3330.0,52.26199999999983,6.310555555555561,67.92869325761046,54.414756794899,13.513936462711458,80.10570229658082,19.4605555555556,5.181966858334492,49.232789936564515,94.34540730223674,2.5,5,1292.5860966021123,159,42.138364779874216,66,333,nan,nan,0.0,0,14,0,0,,,,,,,,,,,,,,,,,,,,,,,,,
primary,C3,6039,2100,1672,69.66666666666667,79.61904761904762,186.53479231058276,512.4975104586822,183.6590318979772,85.44600938967136,72.75985663082437,14.553990610328638,0.3453933749150732,212.92705271655132,0,3480.0,51.19599999999982,6.180277777777783,72.7900620366884,58.35358786354152,14.436474173146877,80.16697091716935,19.43555555555563,5.652804210832626,52.70078365270889,101.09730838428943,2.5,5,1277.562316299308,175,54.285714285714285,63,348,nan,nan,0.0,0,17,0,0,,,,,,,,,,,,,,,,,,,,,,,,,
primary,C3,6040,2165,1737,72.375,80.2309468822171,198.91291470658393,509.90417732196704,195.9510076097097,89.39051918735892,75.20325203252033,10.609480812641085,0.3249433480086123,201.14993512825532,0,2830.0,52.26199999999982,6.335555555555564,75.12447366027946,60.24072208787004,14.883751572409425,80.18787906626106,19.332564211887956,3.9882356857924752,56.252486402077565,104.33954675038815,2.5,5,1206.8996107695318,117,42.73504273504273,76,283,nan,nan,0.0,0,17,0,0,,,,,,,,,,,,,,,,,,,,,,,,,
primary,C3,6041,2075,1718,71.58333333333333,82.79518072289157,167.15648032174394,523.1384705978303,164.40747727678456,84.21052631578947,68.98008449004224,15.789473684210526,0.36215184946288076,214.67772532129473,0,3740.0,50.26399999999982,6.084305555555559,68.05040103203552,54.725973522295575,13.324427509739941,80.41976636777302,19.385555555555577,5.527791837883112,49.19818168441247,94.5144458778271,2.5,5,1288.0663519277682,150,39.33333333333333,81,374,nan,nan,0.0,0,14,0,0,,,,,,,,,,,,,,,,,,,,,,,,,
primary,C3,6042,2127,1737,72.375,81.66431593794076,186.1465184239894,517.5900345247354,183.1747041007017,88.3177570093458,73.6904061212478,11.682242990654206,0.3443891718106839,210.25527340301898,0,2540.0,51.59599999999982,6.241805555555561,70.52387777778458,56.69323522032567,13.830642557458882,80.38870947930825,19.55666666666673,4.005008599536542,52.68822662078913,97.949830246923,2.5,5,1261.5316404181137,112,31.25,47,254,nan,nan,0.0,0,15,0,0,,,,,,,,,,,,,,,,,,,,,,,,,
primary,C3,6043,2172,1712,71.33333333333333,78.82136279926335,214.46489594062342,529.4708112620717,211.31390086927587,91.78082191780823,78.83506343713957,8.21917808219178,0.3269736292980373,225.33053297988792,0,1710.0,52.59399999999984,6.367361111111116,73.54739214324789,58.89081944356542,14.656572699682474,80.0719342010986,19.496111111111166,2.65088316828755,56.23993627527787,102.14915575451096,2.5,5,1351.9831978793275,85,44.70588235294118,37,171,nan,nan,0.0,0,16,0,0,,,,,,,,,,,,,,,,,,,,,,,,,
primary,C3,6044,2216,1775,73.95833333333333,80.09927797833934,190.48402756848685,492.74821760214866,187.31394982332785,94.03669724770643,78.70786516853933,5.963302752293578,0.3162756031356744,188.2309308533017,0,1830.0,53.4939999999998,6.484861111111117,73.76893944538867,59.00048306492623,14.768456380462446,79.98011562658351,19.286335539810793,2.6874797796417518,56.31300328528448,102.45686034081763,2.5,5,1129.38558511981,77,29.87012987012987,34,183,nan,nan,0.0,0,16,0,0,,,,,,,,,,,,,,,,,,,,,,,,,
primary,C3,6045,2126,1720,71.66666666666667,80.90310442144873,177.0695596723279,505.76781935158124,174.23711029400573,88.36633663366337,69.39605110336817,11.633663366336634,0.34024851251274907,202.91543829168438,0,3310.0,51.31799999999982,6.221250000000005,72.41264259449238,57.75547138826647,14.657171206225922,79.75882293330264,19.507106393764587,5.01677952354199,52.73869186472448,100.57311471457275,2.5,5,1217.4926297501063,148,35.810810810810814,81,331,nan,nan,0.0,0,15,0,0,,,,,,,,,,,,,,,,,,,,,,,,,
primary,C3,6046,2076,1761,73.375,84.82658959537572,154.37166479464187,508.8821903886607,151.32396148809823,89.36708860759494,73.52766210588935,10.632911392405063,0.36897566937129384,207.66497354669048,0,2040.0,49.871999999999844,6.058333333333338,65.00251083160103,52.27662909587484,12.725881735726198,80.42247665064117,19.32760467474828,3.079169387362633,49.1974597085122,90.28126504389033,2.5,5,1245.9898412801426,92,32.608695652173914,42,204,nan,nan,0.0,0,14,0,0,,,,,,,,,,,,,,,,,,,,,,,,,
primary,C3,6047,2100,1687,70.29166666666667,80.33333333333333,156.53907932806882,515.1280076063049,153.89099162900274,81.35198135198135,65.29024536205866,18.64801864801865,0.35307273443941717,214.34589051180785,0,4210.0,51.8539999999998,6.225972222222229,69.47257872217178,55.738173213334456,13.73440550883732,80.23046536999487,19.53555555555564,6.591977189999755,49.146196023334696,96.48969266968305,2.5,5,1286.0753430708473,198,43.43434343434344,94,421,nan,nan,0.0,0,14,0,0,,,,,,,,,,,,,,,,,,,,,,,,,
primary,C3,6048,2137,1704,71.0,79.73795039775386,186.37134238583553,522.9543684874809,183.53581730230033,86.19854721549636,68.5614849187935,13.801452784503631,0.34818241092314733,215.6339019137427,0,3380.0,51.79199999999982,6.26791666666667,67.88519848120035,54.50189003469751,13.383308446502834,80.28538069280431,19.3815983642398,5.297958214288927,49.203931820408584,94.28499789055603,2.5,5,1293.803411482456,160,48.125,71,338,nan,nan,0.0,0,14,0,0,,,,,,,,,,,,,,,,,,,,,,,,,
primary,C3,6049,2123,1743,72.625,82.10080075365049,177.31287771827581,497.0199572001682,174.29224602203752,89.53488372093024,75.95983461311282,10.465116279069768,0.3460965250829489,201.80926151716957,0,2310.0,51.33399999999984,6.218611111111116,70.18630116416608,56.15432619085384,14.031974973312241,80.00753032918576,19.350000000000033,3.4188188179809176,52.735507372872924,97.48097383911956,2.5,5,1210.8555691030172,87,29.88505747126437,52,231,nan,nan,0.0,0,16,0,0,,,,,,,,,,,,,,,,,,,,,,,,,
primary,C3,6050,2157,1718,71.58333333333333,79.64765878535003,184.34895457151106,528.1639218793506,181.60688058691682,87.67441860465117,67.28430804863925,12.325581395348838,0.3350732828548222,216.05201380155657,0,3040.0,52.57199999999981,6.347083333333342,71.54834180671682,57.16189829553511,14.386443511181703,79.89269471814491,19.4414618676824,4.447278299226784,52.71461999630833,99.37269695377336,2.5,5,1296.3120828093392,130,51.53846153846153,65,304,nan,nan,0.0,0,15,0,0,,,,,,,,,,,,,,,,,,,,,,,,,
primary,C3,6051,2046,1666,69.41666666666667,81.42717497556208,152.8241778495571,513.6327232203716,150.2098902457091,82.44803695150115,65.84004959702419,17.551963048498845,0.3624207856062536,210.90849356057322,0,4260.0,49.807999999999815,6.016388888888895,70.83422061809846,56.37277841896915,14.46144219912932,79.58410204426765,19.41055555555554,7.108904395786005,49.263874023183135,98.38086196958119,2.5,5,1265.4509613634393,207,53.14009661835749,67,426,nan,nan,0.0,0,14,0,0,,,,,,,,,,,,,,,,,,,,,,,,,
primary,C3,6052,2213,1829,76.20833333333333,82.64798915499321,176.79723570048756,470.615081105595,173.3708573384006,96.07390300230946,86.29213483146067,3.9260969976905313,0.32242196324203304,174.18436439580003,0,820.0,53.323999999999835,6.46930555555556,71.41371187944172,57.28549943801306,14.12821244142866,80.21638692401336,19.423730701090317,1.0693781069184485,56.21612133109461,99.18571094366906,2.5,5,1045.1061863748002,29,6.896551724137931,9,82,nan,nan,0.0,0,16,0,0,,,,,,,,,,,,,,,,,,,,,,,,,
primary,C3,6053,2041,1698,70.75,83.19451249387555,154.67804837868636,513.9058963818683,151.94535382248742,84.98727735368956,66.38349514563106,15.012722646310433,0.3768454075650282,210.85376384172,0,3900.0,49.42399999999982,5.983472222222227,65.10278393190781,52.19329679562539,12.909487136282404,80.17060660603288,19.275000000000023,6.46531980404788,45.72797699157751,90.42053323876083,2.5,5,1265.1225830503197,203,47.29064039408867,86,390,nan,nan,0.0,0,13,0,0,,,,,,,,,,,,,,,,,,,,,,,,,
primary,C3,6054,2221,1722,71.75,77.5326429536245,211.0809477412509,515.0789098606688,208.09832941879893,89.05263157894737,75.71592210767469,10.947368421052632,0.31311325189562716,210.84833340000674,0,2360.0,54.08799999999982,6.5323611111111175,74.63507518108906,59.797455457637454,14.837619723451613,80.11977654279747,19.436672971445798,3.585456036340731,56.211999421296724,103.65982664040149,2.5,5,1265.0900004000405,95,48.421052631578945,45,236,nan,nan,0.0,0,16,0,0,,,,,,,,,,,,,,,,,,,,,,,,,
primary,C3,6055,2211,1706,71.08333333333333,77.15965626413389,222.77982520640924,519.4095786985814,219.63355115032866,92.60969976905312,76.88413948256468,7.390300230946882,0.3148753257560352,216.88439770691195,0,2260.0,53.58799999999981,6.485138888888895,74.8738592733928,59.978281380421556,14.89557789297124,80.10576984073727,19.40000000000001,3.686514954695435,56.291766425726124,103.99147121304554,2.5,5,1301.3063862414717,116,50.86206896551724,45,226,nan,nan,0.0,0,17,0,0,,,,,,,,,,,,,,,,,,,,,,,,,
primary,C3,6056,2092,1698,70.75,81.16634799235182,165.04900596171004,511.8978123474522,162.3360319692055,84.04761904761905,67.52392344497608,15.95238095238095,0.35479071885079955,215.63065468723147,0,3970.0,51.36999999999981,6.182361111111118,69.53040945645458,55.55452569234262,13.975883764111963,79.89960957605929,19.390884663836847,6.29217686270214,49.26234882964049,96.57001313396472,2.5,5,1293.7839281233887,171,42.69005847953216,88,397,nan,nan,0.0,0,14,0,0,,,,,,,,,,,,,,,,,,,,,,,,,
primary,C4,6007,2181,1737,72.375,79.6423658872077,200.611343929176,517.6599719776722,197.3411731121941,92.96116504854369,80.10175240248728,7.038834951456311,0.32507614015882874,215.48799207843524,0,1780.0,52.931999999999846,6.40208333333334,73.46710745138597,59.06313278432005,14.403974667065915,80.39398151533706,19.30243385871418,2.73357815116257,56.329554633157485,102.03764923803607,2.5,5,1292.9279524706114,82,15.853658536585366,40,178,nan,nan,0.0,0,16,0,0,162,0.007150102872401476,0.04413643748395973,0.08343479130417109,0.12436416000127792,,,,,,,,,,,,,,,,,,,,
primary,C4,6008,2145,1720,71.66666666666667,80.1864801864802,187.28383708390422,514.8924630580644,184.32491168068307,86.18266978922718,71.9441210710128,13.817330210772832,0.339009151683417,218.43435992595371,0,2580.0,51.77999999999982,6.277083333333339,71.04804647276387,56.92954076115613,14.118505711607733,80.12822813218371,19.315026535258387,4.136184982992125,52.793355778164,98.67784232328313,2.5,5,1310.6061595557223,117,15.384615384615385,48,258,nan,nan,0.0,0,15,0,0,243,0.016157648293301463,0.06649237980782495,0.13092714361846441,0.20118686370551586,,,,,,,,,,,,,,,,,,,,
primary,C4,6009,2140,1724,71.83333333333333,80.5607476635514,179.59625077050532,517.1089364427697,176.7493366630383,86.31346578366445,71.66567871962063,13.686534216335541,0.3505340896288384,213.1992655604372,0,2870.0,51.949999999999804,6.282638888888895,66.56927328034182,53.541854689500454,13.027418590841375,80.43028269817628,19.25402288996387,4.308953373074967,49.23290131642548,92.45732400047476,2.5,5,1279.1955933626232,129,10.077519379844961,62,287,nan,nan,0.0,0,18,0,0,273,0.017855890793725848,0.06540619338361117,0.12918012216687194,0.1959279179573059,,,,,,,,,,,,,,,,,,,,
primary,C4,6010,2193,1750,72.91666666666667,79.79936160510715,183.24964040684,504.6010386987121,180.1977840769458,90.59633027522935,75.24188958451907,9.403669724770642,0.3298674052655573,210.67898415616253,0,2240.0,52.64799999999981,6.397361111111117,70.19728092527927,56.00030339286764,14.19697753241163,79.77560192463373,19.521111111111136,3.2996611111562815,52.70064228171137,97.49622350733233,2.5,5,1264.0739049369752,88,10.227272727272728,44,224,nan,nan,0.0,0,15,0,0,209,0.008941865526139736,0.042784045579615966,0.08631353266537188,0.12423703446984291,,,,,,,,,,,,,,,,,,,,
primary,C4,6011,2204,1711,71.29166666666667,77.63157894736842,206.61576450925133,530.2455363398572,203.68706436454832,90.54373522458629,71.92588433464347,9.456264775413711,0.32355108075632555,214.30989125506886,0,2760.0,53.4199999999998,6.464722222222229,71.82593311326734,57.122981720544054,14.702951392723296,79.52974537826447,19.421817108271743,4.365230663080826,52.75775105746323,99.75824043509353,2.5,5,1285.8593475304135,135,6.666666666666667,58,276,nan,nan,0.0,0,15,0,0,261,0.017253293888643384,0.06610457428598998,0.12814602814614773,0.2269209362566471,,,,,,,,,,,,,,,,,,,,
primary,C4,6012,2126,1708,71.16666666666667,80.33866415804327,175.96611516166485,525.2680084969335,173.1824691337915,86.53366583541147,67.3623188405797,13.466334164588527,0.3494410638060052,222.40403350144737,0,3520.0,51.43999999999981,6.22972222222223,68.44146043580577,54.648995483511335,13.792464952294448,79.84779274949723,19.31444444444447,5.436547184428348,49.21244829908299,95.05758393861913,2.5,5,1334.4242010086843,149,11.409395973154362,74,352,nan,nan,0.0,0,14,0,0,338,0.023871660698205233,0.07062621508344744,0.14291394036263227,0.4051199648529291,,,,,,,,,,,,,,,,,,,,
primary,C4,6013,2169,1786,74.41666666666667,82.34209313047486,175.64877395876746,480.90379764111805,172.41909213531656,93.30357142857143,81.40615920976177,6.696428571428571,0.3294286357150782,192.681459926536,0,1590.0,52.297999999999824,6.343055555555559,72.78682937108621,58.56560627526724,14.221223095818976,80.46181813564722,19.4355555555556,2.3201253675019418,56.2454809077653,101.09281857095307,2.5,5,1156.0887595592162,62,1.6129032258064515,36,159,nan,nan,0.0,0,16,0,0,143,0.005717930383980274,0.039985527160701216,0.07985313422977926,0.1248260959982872,,,,,,,,,,,,,,,,,,,,
primary,C4,6014,2219,1739,72.45833333333333,78.36863452005409,187.97626362337218,504.92251323820585,185.1505430173397,88.50325379609545,70.76222980659841,11.496746203904555,0.3198296305265133,204.30875377455234,0,3190.0,53.76999999999981,6.507777777777784,71.93359961254626,57.62219799059986,14.311401621946406,80.10470531291153,19.261346125713143,4.820918761291399,52.801279229308456,99.90777723964759,2.5,5,1225.8525226473141,130,10.0,68,319,nan,nan,0.0,0,15,0,0,304,0.020721198292449117,0.06816183648831946,0.14191264053806657,0.2621188759803772,,,,,,,,,,,,,,,,,,,,
primary,C4,6015,2108,1731,72.125,82.11574952561669,168.86929711272427,513.3371810080517,165.9145037372738,87.89346246973365,73.98230088495575,12.106537530266344,0.3499731868420228,206.16988785271676,0,2550.0,51.15799999999983,6.187638888888893,70.01158328424619,56.057368885129904,13.954214399116271,80.06870614186464,19.280658026762275,3.308692670569236,52.748676214560675,97.23831011700858,2.5,5,1237.0193271163007,105,5.714285714285714,50,255,nan,nan,0.0,0,16,0,0,240,0.016199458623304963,0.06749774426377068,0.1414380152709781,0.2353079617023468,,,,,,,,,,,,,,,,,,,,
primary,C4,6016,2218,1755,73.125,79.1253381424707,196.10810422417495,497.56129251942156,193.1444881903928,90.44585987261146,74.41327990841442,9.554140127388536,0.3134271592759698,196.6053165122254,0,2430.0,53.617999999999824,6.495972222222228,74.79946719278104,59.76898045161535,15.030486741165685,79.90562325473852,19.289444444444484,3.45532464569318,56.313655805922174,103.88814887886255,2.5,5,1179.6318990733523,101,5.9405940594059405,65,243,nan,nan,0.0,0,16,0,0,227,0.010267747333273292,0.0452323671069308,0.10074207093566655,0.20814314484596252,,,,,,,,,,,,,,,,,,,,
primary,C4,6017,2135,1715,71.45833333333333,80.32786885245902,177.62496378517292,516.4285352396115,174.8777162651138,85.8108108108108,67.65227675931402,14.18918918918919,0.347672142632166,217.53850269723446,0,3540.0,52.163999999999795,6.291250000000009,68.30563438290427,54.60330729532164,13.702327087582628,79.9396825585854,19.274999999999995,5.408418281094086,49.19488901422757,94.86893664292259,2.5,5,1305.2310161834068,161,9.937888198757763,82,354,nan,nan,0.0,0,14,0,0,340,0.014394362224265933,0.0423363594831351,0.08048443123698235,0.15941611491143703,,,,,,,,,,,,,,,,,,,,
primary,C4,6018,2206,1765,73.54166666666667,80.0090661831369,210.5448685892563,497.0618596644921,207.24584093988193,95.69377990430623,80.14541387024609,4.30622009569378,0.31277437789788715,202.0525465538144,0,1180.0,53.01999999999985,6.439444444444451,76.28146874811276,61.202107580902634,15.079361167210124,80.2319470053686,19.375000000000057,1.4205322098159765,59.781575371086646,105.94648437237883,2.5,5,1212.3152793228862,44,20.454545454545457,28,118,nan,nan,0.0,0,17,0,0,101,0.006523721385747194,0.06459130084898212,0.1511438749730587,0.2540249843150377,,,,,,,,,,,,,,,,,,,,
primary,C4,6019,2168,1750,72.91666666666667,80.71955719557195,192.65782037320744,503.0896520555655,189.5271274632919,90.88669950738917,77.01475595913733,9.113300492610838,0.3283276034721812,205.879722766772,0,2050.0,52.32599999999982,6.343750000000003,73.36247530001772,58.96891355577798,14.393561744239742,80.38021251957912,19.264444444444464,2.7427706456932976,56.22614291008468,101.89232680558014,2.5,5,1235.2783366006322,75,5.333333333333334,45,205,nan,nan,0.0,0,16,0,0,189,0.011964793782681227,0.06330578720995358,0.153734115883708,0.3075781278312206,,,,,,,,,,,,,,,,,,,,
primary,C4,6020,2106,1735,72.29166666666667,82.38366571699906,181.63690496375722,510.3723006261636,178.56816243110254,92.55813953488372,75.2983293556086,7.441860465116279,0.3506061728112035,207.6697281175669,0,2020.0,50.53199999999984,6.141666666666671,69.93813334556008,56.04949466005516,13.888638685504924,80.14153649643178,19.357540518082573,3.3064852178355917,52.743009442219574,97.13629631327791,2.5,5,1246.0183687054011,107,19.626168224299064,40,202,nan,nan,0.0,0,15,0,0,187,0.015026211272925138,0.08035407097820929,0.15394752845168114,1.0299358982592821,,,,,,,,,,,,,,,,,,,,
primary,C4,6021,2158,1749,72.875,81.04726598702501,194.31376535099778,500.5706874974559,191.1929609507809,92.25,76.10921501706484,7.75,0.3298125015371148,200.44807110359486,0,1910.0,52.46599999999981,6.340972222222227,73.72099933596643,58.92865840334133,14.792340932625084,79.93469830053115,19.300000000000033,2.6522744370795137,56.27638396626182,102.3902768555089,2.5,5,1202.688426621569,82,13.414634146341465,45,191,nan,nan,0.0,0,17,0,0,175,0.008008992997929454,0.04576567427388259,0.08400126826018095,0.16770092770457268,,,,,,,,,,,,,,,,,,,,
primary,C4,6022,2170,1729,72.04166666666667,79.6774193548387,177.70897262117083,508.41258526029486,174.71063053513515,88.49765258215963,75.05733944954129,11.502347417840376,0.333521528048863,204.39991046500913,0,2710.0,53.16999999999984,6.404861111111116,70.91869988289116,56.70694340567252,14.21175647721865,79.96049490376068,19.312732978748013,3.959130313556002,52.74781309211651,98.49819428179329,2.5,5,1226.3994627900545,109,17.431192660550458,54,271,nan,nan,0.0,0,15,0,0,256,0.01517749228514731,0.05928707923885668,0.12088660150766373,0.1938480418175459,,,,,,,,,,,,,,,,,,,,
primary,C4,6023,2176,1751,72.95833333333333,80.46875,187.90964993157755,495.89174936558123,184.95052076745026,90.80717488789237,73.41040462427746,9.192825112107624,0.3310562382695909,193.77907179083942,0,2450.0,52.86599999999982,6.3912500000000065,71.38370506753672,56.713047628436,14.670657439100715,79.4481703839543,19.385555555555563,3.921749002247726,52.79129862618828,99.14403481602322,2.5,5,1162.6744307450367,116,5.172413793103448,49,245,nan,nan,0.0,0,15,0,0,230,0.020815119612962008,0.09050052005635656,0.12664474779739973,3.1069640535861254,,,,,,,,,,,,,,,,,,,,
primary,C4,6024,2154,1710,71.25,79.38718662952647,203.4503135129601,519.9343418274024,200.45152829079814,87.88598574821853,73.22562031159838,12.114014251781473,0.3364381814470845,218.40839169993308,0,2760.0,52.5479999999998,6.341666666666675,71.2587056148595,57.143430805986114,14.115274808873373,80.19150826965073,19.275000000000045,4.389900287921696,52.75353051806442,98.97042446508264,2.5,5,1310.4503501995985,118,13.559322033898304,61,276,nan,nan,0.0,0,15,0,0,261,0.02017845679074526,0.07731209498369832,0.15113200061023235,3.2773250713944435,,,,,,,,,,,,,,,,,,,,
primary,C4,6025,2133,1714,71.41666666666667,80.35630567276138,185.16287288766557,507.70460683122104,182.26636595222806,89.16478555304741,72.18934911242604,10.835214446952596,0.3416670789113529,210.16735834966394,0,2890.0,51.793999999999826,6.2630555555555585,71.09982191029555,57.18476144662602,13.915060463669537,80.42883921534187,19.26433852097752,4.409495458576318,52.775265988049696,98.74975265318824,2.5,5,1261.0041500979835,135,11.851851851851853,54,289,nan,nan,0.0,0,18,0,0,274,0.012228731997311115,0.044630408749310645,0.08857047650963065,0.12806104496121407,,,,,,,,,,,,,,,,,,,,
primary,C4,6026,2190,1746,72.75,79.72602739726027,201.98637464983855,503.663406230068,198.75949552232416,90.36144578313254,81.2394366197183,9.63855421686747,0.3191171581099527,196.20106607579817,0,2280.0,52.73599999999983,6.399722222222228,75.1413876965004,59.98881610843856,15.152571588061852,79.83458643422479,19.31146031705234,3.7148135918965823,56.274002516541984,104.36303846736168,2.5,5,1177.206396454789,111,10.81081081081081,48,228,nan,nan,0.0,0,16,0,0,212,0.01635850523598492,0.0771627605470987,0.14853664906695482,0.2166018821299076,,,,,,,,,,,,,,,,,,,,
primary,C4,6027,2177,1750,72.91666666666667,80.38585209003215,191.24180111052908,498.60839676216284,188.17071686466554,91.13300492610837,74.6470920383964,8.866995073891626,0.3246005053217019,202.14641768058559,0,2200.0,53.07599999999982,6.40708333333334,74.07258170102477,59.21864080425213,14.853940896772645,79.94677577632326,19.40000000000005,2.9980022652580005,56.22063853899413,102.87858569586777,2.5,5,1212.8785060835135,82,10.975609756097562,46,220,nan,nan,0.0,0,16,0,0,204,0.00811165408231318,0.03976301020741755,0.08251713588833808,0.12340093962848186,,,,,,,,,,,,,,,,,,,,
primary,C4,6028,2160,1686,70.25,78.05555555555556,199.18881746978485,510.5654361338283,196.37158427143163,86.38613861386139,69.81776765375855,13.613861386138614,0.33083736128472035,210.35863575910417,0,3540.0,53.1599999999998,6.391666666666676,73.07825992500082,58.46781851340067,14.610441411600139,80.00713012790037,19.264444444444482,5.668160438977411,52.79965807442327,101.4975832291678,2.5,5,1262.1518145546252,184,17.934782608695652,75,354,nan,nan,0.0,0,15,0,0,339,0.033621902111917734,0.09917965224754494,0.1524619059637189,3.1367591582238674,,,,,,,,,,,,,,,,,,,,
primary,C4,6029,2173,1699,70.79166666666667,78.1868384721583,203.54232783619725,517.3283604913482,200.7923729955114,84.75750577367207,69.13793103448276,15.242494226327944,0.3281930128825959,211.14008066516686,0,3600.0,53.17599999999979,6.409027777777784,72.92061843471856,58.30841252268566,14.612205912032916,79.96148932127566,19.364444444444448,5.577643296966438,52.730769225719214,101.27863671488689,2.5,5,1266.840483991001,152,14.473684210526317,66,360,nan,nan,0.0,0,15,0,0,345,0.021913896314799786,0.06351854004289793,0.12432588264346123,0.30977698042988777,,,,,,,,,,,,,,,,,,,,
primary,C4,6030,2198,1715,71.45833333333333,78.02547770700637,204.4932997261182,517.8690010953635,201.59889993705912,87.61261261261262,73.20410490307867,12.387387387387387,0.32311611455355366,214.62408297806545,0,3500.0,53.31199999999983,6.4497222222222295,72.61383851286482,58.135258826691455,14.478579686173358,80.06085343689932,19.37500000000007,5.396128097244771,52.73913072944669,100.85255349009003,2.5,5,1287.7444978683927,165,15.151515151515152,75,350,nan,nan,0.0,0,15,0,0,335,0.014092224417254329,0.04206634154404277,0.08038736414164305,0.1343931071460247,,,,,,,,,,,,,,,,,,,,
primary,C4,6031,2154,1731,72.125,80.36211699164345,184.91982299909756,511.818073948815,182.05115647078145,90.56179775280899,70.09947337624341,9.438202247191011,0.3369783503312434,205.76140896928058,0,2590.0,52.521999999999835,6.3398611111111185,71.02535265690285,56.83600872270673,14.189343934196133,80.0221422303391,19.26444444444447,4.103057863421951,52.73295085928477,98.6463231345873,2.5,5,1234.5684538156834,117,5.982905982905983,59,259,nan,nan,0.0,0,15,0,0,244,0.011388753773644567,0.04667522038378921,0.10069977724924684,0.14167302288115025,,,,,,,,,,,,,,,,,,,,
primary,C4,6032,2225,1726,71.91666666666667,77.57303370786516,210.9867194014481,525.7910264722933,208.07904540645512,87.29411764705883,70.5,12.705882352941176,0.32131049929317745,220.6739436969667,0,2800.0,53.9679999999998,6.529027777777785,70.69386430534736,56.48224448473485,14.211619820612503,79.89695433930675,19.343563395112163,3.7477625283655343,52.73448195636932,98.18592264631577,2.5,5,1324.0436621818003,114,19.298245614035086,60,280,nan,nan,0.0,0,15,0,0,265,0.010847714496776462,0.04093477168594891,0.08045905269682407,0.12264796532690525,,,,,,,,,,,,,,,,,,,,
primary,C4,6033,2210,1738,72.41666666666667,78.64253393665159,184.90854008369686,513.7778769932745,181.98543448441905,88.68778280542986,72.17194570135746,11.312217194570136,0.32297574745686664,201.7905848085554,0,2660.0,53.67599999999979,6.490000000000005,71.47447709863361,56.71220484413488,14.762272254498733,79.34609268406814,19.410555555555593,3.99304686239621,52.719157981738675,99.27010708143558,2.5,5,1210.7435088513325,118,15.254237288135593,54,266,nan,nan,0.0,0,15,0,0,251,0.011338167823851109,0.04517198336195661,0.08543941657990217,0.168902100995183,,,,,,,,,,,,,,,,,,,,
primary,C4,6034,2090,1735,72.29166666666667,83.01435406698565,158.5328386045888,516.2014486166228,155.64157136588005,87.13910761154855,68.46108835576361,12.860892388451445,0.36137327606768643,211.3848826778278,0,3050.0,50.641999999999825,6.129305555555561,66.88674473875945,53.632730178300534,13.254014560458906,80.18439286853425,19.275000000000023,4.389452509695886,49.24327766860465,92.89825658161034,2.5,5,1268.309296066967,123,13.008130081300814,82,305,nan,nan,0.0,0,14,0,0,291,0.01164626656100154,0.040021534573888455,0.08090597111731768,0.12471084482967854,,,,,,,,,,,,,,,,,,,,
primary,C4,6035,2099,1726,71.91666666666667,82.22963315864698,171.86207963514286,522.5613320623651,168.98828279835107,88.75598086124403,70.67221891731113,11.24401913875598,0.3586114779429606,213.898418867099,0,2880.0,50.95999999999984,6.162638888888894,67.179841528641,53.66040159210647,13.51943993653453,79.87574899120482,19.273812650522544,4.408068200118769,49.2523333919877,93.30533545644583,2.5,5,1283.3905132025943,121,8.264462809917356,57,288,nan,nan,0.0,0,15,0,0,274,0.0218656740617007,0.07980173015219234,0.1688054879195988,0.24742190726101398,,,,,,,,,,,,,,,,,,,,
primary,C4,6036,2117,1731,72.125,81.76665092111477,174.01990234722138,508.4756546239399,171.01044678356462,91.2751677852349,75.86826347305389,8.724832214765101,0.3470855399274413,202.1648933968491,0,2290.0,51.01799999999983,6.189166666666669,70.35904675134536,56.25466317276005,14.104383578585313,79.95370285724398,19.466317865303818,3.567348941413655,52.68731423134639,97.72089826575746,2.5,5,1212.9893603810947,116,15.517241379310345,44,229,nan,nan,0.0,0,17,0,0,214,0.017664006212726235,0.08254208510619737,0.1621310017071664,0.2225849311798811,,,,,,,,,,,,,,,,,,,,
primary,C4,6037,2226,1796,74.83333333333333,80.68283917340521,184.81135834384295,484.6840919140541,181.64871052894935,89.40092165898618,79.79910714285714,10.599078341013826,0.3167598685441026,187.64349640540314,0,1520.0,53.61999999999984,6.5061111111111165,72.5597367889477,58.15977296571145,14.399963823236256,80.15433288419858,19.410555555555568,1.9559027768719413,56.2038701888395,100.7774122068718,2.5,5,1125.8609784324187,58,10.344827586206897,36,152,nan,nan,0.0,0,16,0,0,136,0.005372116109356284,0.039500853745266795,0.08006865391507745,0.1414890866726637,,,,,,,,,,,,,,,,,,,,
primary,C4,6038,2145,1721,71.70833333333333,80.23310023310023,173.59908347516577,514.4539389599545,170.6673717693172,85.33653846153845,70.96587622903412,14.663461538461538,0.3461778081565107,210.10499101698622,0,3330.0,52.26199999999984,6.31055555555556,67.95118687638735,54.382312350454555,13.568874525932799,80.03143852274948,19.289444444444488,5.184714292645473,49.19759805780909,94.37664843942689,2.5,5,1260.6299461019173,159,13.20754716981132,66,333,nan,nan,0.0,0,14,0,0,319,0.0441396851092577,0.13836891883779842,0.15055092517286536,6.126898108050227,,,,,,,,,,,,,,,,,,,,
primary,C4,6039,2100,1702,70.91666666666667,81.04761904761905,174.43654560054415,498.9560740073832,171.5033143025956,87.79342723004694,74.19354838709677,12.206572769953052,0.3477568264961149,200.9698825167965,0,2910.0,51.08199999999984,6.172361111111115,71.76905095367837,57.40581008576375,14.363240867914628,79.98685968804989,19.393237515926163,4.6680720648683875,52.737738020895364,99.67923743566442,2.5,5,1205.819295100779,142,17.6056338028169,52,291,nan,nan,0.0,0,15,0,0,276,0.01790095795877278,0.06485854332888688,0.12434663949534297,0.31299889087677,,,,,,,,,,,,,,,,,,,,
primary,C4,6040,2165,1737,72.375,80.2309468822171,198.31646813831398,507.1086802573906,195.35160741313447,89.61625282167043,75.37746806039489,10.383747178329571,0.32519055030808647,199.14393998014248,0,2830.0,52.26199999999984,6.335555555555563,75.01768226690666,60.18208319898114,14.835599067925518,80.22386373503024,19.488085553040875,3.989117285929874,56.19296591305127,104.19122537070366,2.5,5,1194.8636398808546,117,17.94871794871795,76,283,nan,nan,0.0,0,16,0,0,267,0.01659467932768166,0.062152357032515586,0.12678003404289484,0.18938304856419563,,,,,,,,,,,,,,,,,,,,
primary,C4,6041,2075,1718,71.58333333333333,82.79518072289157,167.6870363741289,523.837803739925,164.93803332916949,84.21052631578947,68.98008449004224,15.789473684210526,0.360892956561121,216.94726958994565,0,3740.0,50.26399999999983,6.084305555555561,68.59424276559572,54.70208463340669,13.892158132189032,79.74734092529874,19.46055555555562,5.517748637666392,49.1843359957403,95.26978161888296,2.5,5,1301.6836175396738,150,9.333333333333334,81,374,nan,nan,0.0,0,14,0,0,360,0.014419067418202758,0.040052965050563216,0.0820635468699038,0.1328128855675459,,,,,,,,,,,,,,,,,,,,
primary,C4,6042,2127,1735,72.29166666666667,81.57028678890455,187.27600266506144,525.1262969297989,184.3038566842583,88.3177570093458,73.80812242495585,11.682242990654206,0.34347124029165105,209.68426615589343,0,2540.0,51.59599999999983,6.241805555555562,70.92042419400676,56.7115963314368,14.208827862569954,79.96511156828262,19.53405435779125,4.00622316518192,52.70537316625487,98.5005891583427,2.5,5,1258.1055969353604,112,7.142857142857142,47,254,nan,nan,0.0,0,15,0,0,239,0.0098045882768929,0.04102338191168578,0.08222628384828568,0.14838995411992073,,,,,,,,,,,,,,,,,,,,
primary,C4,6043,2172,1728,72.0,79.55801104972376,206.9430567163947,520.1152050938753,203.79167167699907,91.78082191780823,78.83506343713957,8.21917808219178,0.3267975578038036,214.72800573411675,0,1710.0,52.59399999999982,6.367361111111116,73.62345502875684,58.909180554676524,14.714274474080321,80.01414838744934,19.32500000000005,2.6445760869784793,56.26460446769805,102.25479865105117,2.5,5,1288.3680344047004,85,14.117647058823529,37,171,nan,nan,0.0,0,16,0,0,155,0.008538041496649384,0.055084138688060544,0.12225310783833265,0.19156793132424355,,,,,,,,,,,,,,,,,,,,
primary,C4,6044,2216,1770,73.75,79.87364620938628,193.41659092541317,493.5478555856342,190.25566226938176,93.80733944954129,78.53932584269663,6.192660550458716,0.3163878309301669,190.4389868843121,0,1890.0,53.5059999999998,6.485694444444452,73.72045703816788,58.976594176037345,14.743862862130541,80.00031001639468,19.35000000000008,2.7043855517878117,56.272208624249544,102.38952366412207,2.5,5,1142.6339213058725,77,10.38961038961039,36,189,nan,nan,0.0,0,16,0,0,173,0.007397336419671774,0.04275917005590621,0.0969194807112217,0.12419093400239944,,,,,,,,,,,,,,,,,,,,
primary,C4,6045,2126,1721,71.70833333333333,80.95014111006586,176.93415089347914,506.0101057293105,174.10556498071978,88.36633663366337,69.1637630662021,11.633663366336634,0.3511234404985119,202.73987974215854,0,3300.0,51.31599999999982,6.221111111111117,67.71467370464285,54.292665832710924,13.422007871931934,80.17858296050292,19.264444444444475,5.010730763674021,49.2819350690369,94.04815792311506,2.5,5,1216.4392784529514,148,8.108108108108109,81,330,nan,nan,0.0,0,15,0,0,316,0.019506888929754496,0.06173066117010916,0.12056977720931172,0.2437171060591936,,,,,,,,,,,,,,,,,,,,
primary,C4,6046,2076,1764,73.5,84.97109826589595,153.82901892322445,507.5623892764098,150.77961465828315,89.1139240506329,73.64663890541344,10.886075949367088,0.36889238924037304,206.95961845189095,0,2030.0,49.86999999999985,6.0581944444444495,65.03848784815885,52.2817957625415,12.756692085617344,80.38593376371298,19.278888888888925,3.0637228090005295,49.21807295354098,90.33123312244284,2.5,5,1241.7577107113457,92,7.608695652173914,42,203,nan,nan,0.0,0,14,0,0,189,0.018440838903188705,0.09757057620734766,0.14241295866668216,3.103340044617653,,,,,,,,,,,,,,,,,,,,
primary,C4,6047,2100,1687,70.29166666666667,80.33333333333333,154.23536485844613,510.57802530945077,151.57739843355125,81.35198135198135,65.40993417115499,18.64801864801865,0.35187499971716646,213.73383975691928,0,4200.0,51.8519999999998,6.225833333333342,69.99000012218407,55.807700991112235,14.18229913107184,79.73667794497315,19.389335540929185,6.582845087378274,49.22485590373395,97.20833350303344,2.5,5,1282.4030385415158,198,18.181818181818183,93,420,nan,nan,0.0,0,14,0,0,406,0.017044974258169532,0.041982695217166334,0.07993972394615412,0.15331595204770565,,,,,,,,,,,,,,,,,,,,
primary,C4,6048,2137,1694,70.58333333333333,79.27000467945719,190.23999614834324,527.424084073277,187.40361507569878,86.19854721549636,68.5614849187935,13.801452784503631,0.34712021119787045,222.0821643017197,0,3380.0,51.79199999999982,6.267916666666671,68.34406876251997,54.523278923586396,13.820789838933567,79.77763090611761,19.300000000000026,5.299260012792007,49.2240189107944,94.92231772572217,2.5,5,1332.492985810318,160,13.125,71,338,nan,nan,0.0,0,14,0,0,324,0.014844155870378017,0.045815295896228445,0.09678434580564499,0.1606079749763012,,,,,,,,,,,,,,,,,,,,
primary,C4,6049,2123,1732,72.16666666666667,81.58266603862458,182.31091652014427,513.2343519275639,179.30659787951237,89.06976744186046,75.19196692262257,10.930232558139535,0.3445090207755867,208.1236017222442,0,2550.0,51.381999999999834,6.221944444444451,70.87210302494653,56.64863174640939,14.22347127853714,79.93078987153723,19.31444444444447,3.912124628653256,52.73650711775613,98.43347642353685,2.5,5,1248.7416103334654,106,6.60377358490566,54,255,nan,nan,0.0,0,16,0,0,240,0.012518010102212429,0.05215837542588512,0.12020097346976398,0.18986081704497337,,,,,,,,,,,,,,,,,,,,
primary,C4,6050,2157,1728,72.0,80.11126564673157,180.59512854168645,517.7936674871763,177.85112378712853,87.67441860465117,67.28430804863925,12.325581395348838,0.33539103502460166,215.12549090560802,0,3040.0,52.571999999999804,6.347083333333339,71.41107286937209,57.19862051775733,14.212452351614763,80.09769104349863,19.255827619729263,4.45546891845376,52.74315159930357,99.18204565190567,2.5,5,1290.7529454336482,130,13.846153846153847,65,304,nan,nan,0.0,0,15,0,0,289,0.01205957680940628,0.04172863947891447,0.08089160546660423,0.1543620601296425,,,,,,,,,,,,,,,,,,,,
primary,C4,6051,2046,1671,69.625,81.67155425219941,151.64889229391025,509.2510489849635,149.0259379270556,83.14087759815243,66.08803471791693,16.859122401847575,0.3639492390631345,209.9970758495726,0,4140.0,49.78399999999981,6.014722222222227,70.17392872472591,56.12447286341359,14.04945586131232,79.97909463438381,19.360555555555557,6.891151019669444,49.233321843744136,97.46378989545263,2.5,5,1259.9824550974358,203,17.733990147783253,67,414,nan,nan,0.0,0,14,0,0,400,0.026860474608838558,0.0671511865220964,0.1494562602601945,0.2898599486798048,,,,,,,,,,,,,,,,,,,,
primary,C4,6052,2213,1829,76.20833333333333,82.64798915499321,176.79723570048756,470.615081105595,173.3708573384006,96.07390300230946,86.29213483146067,3.9260969976905313,0.32242196324203304,174.18436439580003,0,820.0,53.323999999999835,6.46930555555556,71.41371187944172,57.28549943801306,14.12821244142866,80.21638692401336,19.423730701090317,1.0693781069184485,56.21612133109461,99.18571094366906,2.5,5,1045.1061863748002,29,0.0,9,82,nan,nan,0.0,0,16,0,0,66,0.004030686337500811,0.06107100511364865,0.12753921328112483,0.18640095368027687,,,,,,,,,,,,,,,,,,,,
primary,C4,6053,2041,1691,70.45833333333333,82.8515433610975,157.05234215303247,519.6002900770985,154.32043675446576,84.98727735368956,66.38349514563106,15.012722646310433,0.3771835552133675,213.22428304506977,0,3900.0,49.423999999999815,5.983472222222227,64.95670414782525,52.20007457340316,12.756629574422078,80.36133492027061,19.393092711104185,6.466884434518555,45.73319013888461,90.21764464975729,2.5,5,1279.3456982704188,203,8.866995073891626,86,390,nan,nan,0.0,0,14,0,0,377,0.023409382672980428,0.06209385324397991,0.12668180279433722,0.28642802499234676,,,,,,,,,,,,,,,,,,,,
primary,C4,6054,2221,1733,72.20833333333333,78.0279153534444,206.5505191891146,510.77306939202396,203.56731786188524,89.05263157894737,75.94501718213058,10.947368421052632,0.3131517497279666,206.13268947175493,0,2360.0,54.08799999999981,6.5323611111111175,74.61844411751844,59.83595545763745,14.782488659880972,80.1892295735895,19.300000000000036,3.579063891015655,56.256891566621796,103.63672794099782,2.5,5,1236.7961368305298,95,11.578947368421053,45,236,nan,nan,0.0,0,16,0,0,220,0.013513144571334124,0.0614233844151551,0.12349238386377692,0.1889960840344429,,,,,,,,,,,,,,,,,,,,
primary,C4,6055,2211,1761,73.375,79.6472184531886,199.49684180512426,483.4362197193033,196.28064334866306,94.22632794457274,78.74015748031495,5.773672055427252,0.3183638889462563,189.64417325753624,0,1670.0,53.46999999999983,6.47694444444445,73.36679997521729,58.77594804708822,14.590851928129066,80.11245967786827,19.33555555555559,2.526796046568064,56.249152000520155,101.89833329891289,2.5,5,1137.8650395452175,75,10.666666666666668,35,167,nan,nan,0.0,0,16,0,0,151,0.0070068377535790205,0.04640289903032464,0.1011845888569951,0.12607197277247906,,,,,,,,,,,,,,,,,,,,
primary,C4,6056,2092,1712,71.33333333333333,81.83556405353728,160.47230832618033,506.57034737450266,157.75922538010224,84.04761904761905,67.52392344497608,15.95238095238095,0.35535550707187197,209.44082829777716,0,3960.0,51.36799999999982,6.1822222222222285,69.28642094495127,55.51941458123151,13.767006363719757,80.13029656322155,19.338089809682888,6.2977905012134885,49.22162408001803,96.23114020132121,2.5,5,1256.644969786663,171,6.432748538011696,88,396,nan,nan,0.0,0,14,0,0,382,0.02681187679991126,0.07018815916207137,0.1238851808011532,3.1399831641465425,,,,,,,,,,,,,,,,,,,,
primary,C5,6007,2181,1810,75.41666666666667,82.98945437872536,164.0475147936906,457.46413624691303,160.77303239380007,92.96116504854369,81.00621820237423,7.038834951456311,0.32494962385727516,160.48759713713378,0,1780.0,52.931999999999825,6.402083333333339,73.52176249365712,58.95066056209782,14.571101931559294,80.181239625728,19.397078090088996,2.729096465411266,56.22156409668655,102.11355901896822,2.5,5,962.9255828228028,82,20.73170731707317,40,178,nan,nan,0.5664036183152348,162,16,0,0,,,,,,162,0.5664036183152348,0.003496318631575523,0.0020454603945836425,0.013640336622484024,0.029557986883446574,3.496318631575523,13.640336622484023,29.557986883446574,28.51851851851852,143.43827160493828,28.51851851851852,0.0,26.265432098765434,0,0,0,0.0,11.186271055570701,4.201057331990621
primary,C5,6008,2145,1782,74.25,83.07692307692308,159.36172592184207,475.1551442907296,156.29517386660336,88.05620608899297,75.55296856810244,11.943793911007026,0.3410148047199229,177.87242048563186,0,2240.0,51.71199999999983,6.272361111111116,70.18160436099332,56.28906853893392,13.892535822059415,80.20487569563055,19.42500000000003,3.550755719543967,52.73831281938995,97.47445050137962,2.5,5,1067.2345229137914,102,20.588235294117645,41,224,nan,nan,0.814872347516939,209,15,0,0,,,,,,209,0.814872347516939,0.003898910753669565,0.0033612519036978483,0.007521678134799003,0.011235965881496668,3.898910753669565,7.521678134799003,11.235965881496668,29.71291866028708,148.0,29.71291866028708,0.0,26.047846889952154,0,0,0,0.0,7.970716270623136,2.64066200501813
primary,C5,6009,2140,1785,74.375,83.41121495327103,153.8525632193774,473.60431028640903,150.87326026962708,88.52097130242825,75.75577949021933,11.479028697571744,0.3431800810317252,176.77816176672337,0,2070.0,51.78999999999981,6.271527777777784,69.7462049942947,55.65313246727821,14.0930725270165,79.79377870355911,19.496111111111166,2.9046790819638497,52.74845338531436,96.86972915874266,2.5,5,1060.6689706003403,87,19.54022988505747,46,207,nan,nan,0.67480667703785,192,15,0,0,,,,,,192,0.67480667703785,0.0035146181095721354,0.002464977093040943,0.007126625883392989,0.012669692048802972,3.5146181095721354,7.126625883392989,12.669692048802972,28.359375,142.55729166666666,28.359375,0.0,25.911458333333332,0,0,0,0.0,50.986145636578044,14.930491936279395
primary,C5,6010,2193,1792,74.66666666666667,81.71454628362973,164.7287959712562,474.18006620947403,161.6440441780662,90.82568807339449,76.26636311895277,9.174311926605505,0.33140927180485935,184.49120443725644,0,2020.0,52.603999999999814,6.3943055555555635,69.53119458030075,55.62972005953431,13.901474520766449,80.00685216947943,19.471111111111153,2.9422987574014243,52.68742130213288,96.57110358375107,2.5,5,1106.9472266235387,77,12.987012987012985,39,202,nan,nan,0.6608269531279802,187,15,0,0,,,,,,187,0.6608269531279802,0.0035338339739464184,0.0017148309852927923,0.013902831706218416,0.02715582400560379,3.5338339739464186,13.902831706218416,27.15582400560379,27.834224598930483,139.35828877005346,27.834224598930483,0.0,24.871657754010695,0,0,0,0.0,10.034625879957165,3.132633378937838
primary,C5,6011,2204,1797,74.875,81.53357531760436,169.1890068131821,452.58691777239216,166.11161180755872,92.43498817966903,75.85626052779337,7.5650118203309695,0.31798392693119776,170.7119183349004,0,2030.0,53.27399999999983,6.454583333333338,74.23094356572255,59.25298172054406,14.977961845178516,79.82248220795238,19.257416078799714,3.005798528567355,56.2471831919767,103.09853273017025,2.5,5,1024.2715100094022,95,9.473684210526317,46,203,nan,nan,0.5398627363611013,187,16,0,0,,,,,,187,0.5398627363611013,0.0028869665046048197,0.0020566091407090425,0.006881966721266505,0.008683343883603811,2.88696650460482,6.8819667212665045,8.683343883603811,29.197860962566846,145.9090909090909,29.197860962566846,0.0,26.513368983957218,0,0,0,0.0,8.700358568445107,3.04675054313172
primary,C5,6012,2126,1808,75.33333333333333,85.04233301975542,130.9040285040857,446.6820238779673,128.00934984563764,87.78054862842892,71.59420289855072,12.219451371571072,0.35125434129013433,152.98484365213395,0,3060.0,51.34799999999982,6.223333333333339,67.65812456266198,53.95541215017799,13.702712412483987,79.74712940824551,19.3012816708746,4.665846672533553,49.28956547764444,93.96961744814165,2.5,5,917.9090619128036,124,16.129032258064516,65,306,nan,nan,1.0505521362647414,292,15,0,0,,,,,,292,1.0505521362647414,0.0035977812885778816,0.0019878189777955413,0.011110250931233152,0.028808664064854383,3.5977812885778815,11.110250931233152,28.808664064854383,26.60958904109589,133.72260273972603,26.60958904109589,0.0,23.45205479452055,0,0,0,0.0,13.115752518134501,3.8692384532161475
primary,C5,6013,2169,1845,76.875,85.06224066390041,146.4110126054151,435.00757676696963,143.1476050038443,93.30357142857143,84.1952353282975,6.696428571428571,0.3290804207279408,154.6481877626285,0,1590.0,52.29799999999983,6.343055555555561,72.9372582455296,58.62246738637836,14.314790859151245,80.37382922872808,19.281048292543186,2.3185780689168825,56.30388931746147,101.30174756323555,2.5,5,927.8891265757709,62,6.451612903225806,36,159,nan,nan,0.2978939537424594,141,17,0,0,,,,,,141,0.2978939537424594,0.0021127230761876555,0.0014902760740369558,0.005625310121104121,0.007373637054115534,2.1127230761876556,5.625310121104121,7.373637054115534,25.53191489361702,129.78014184397162,25.53191489361702,0.0,23.75886524822695,0,0,0,0.0,3.8782010851704642,1.412394456293704
primary,C5,6014,2219,1786,74.41666666666667,80.48670572329878,167.27926336609033,468.76027959618136,164.37915545393753,89.80477223427332,72.58248009101251,10.195227765726681,0.3206314024089739,174.1299017238058,0,2930.0,53.71799999999982,6.504166666666672,71.58723415932326,57.22094799059985,14.366286168723418,79.93177647183568,19.344038634437975,4.4247580494044465,52.7961899411954,99.4267141101712,2.5,5,1044.7794103428348,120,13.333333333333334,61,293,nan,nan,1.3738448838703334,278,15,0,0,,,,,,278,1.3738448838703334,0.00494188807147602,0.00362361001316458,0.012080128653906265,0.028331872075796127,4.941888071476019,12.080128653906264,28.331872075796127,26.43884892086331,133.32374100719426,26.43884892086331,0.0,24.03956834532374,0,0,0,0.0,29.287166606891642,9.251496897362347
primary,C5,6015,2108,1846,76.91666666666667,87.57115749525617,114.95211676306444,401.67969899940584,111.80149673158832,92.00968523002422,78.93805309734513,7.990314769975787,0.3436674107263373,141.78284641683527,0,1530.0,50.95399999999984,6.173472222222228,72.73567856622235,58.187535551796564,14.548143014425778,79.99861512094041,19.253888888888913,1.8220617127387475,56.36547383905782,101.02177578641994,2.5,5,850.6970785010118,59,3.389830508474576,30,153,nan,nan,0.44499466428533196,137,16,0,0,,,,,,137,0.44499466428533196,0.0032481362356593575,0.0021452491637319326,0.00683647925034165,0.01324344309978187,3.2481362356593575,6.836479250341649,13.24344309978187,26.605839416058394,134.67153284671534,26.605839416058394,0.0,25.10948905109489,0,0,0,0.0,18.716543590737704,5.571867678734714
primary,C5,6016,2218,1800,75.0,81.1541929666366,174.31169825627305,451.5982533031198,171.25932221129656,91.29511677282377,77.61877504293074,8.70488322717622,0.3139105324121163,170.55101943032426,0,2400.0,53.61199999999983,6.495555555555562,74.59064999796576,59.784480451615345,14.806169546350404,80.15009984930524,19.300000000000033,3.421736510595109,56.36274394102024,103.59812499717465,2.5,5,1023.3061165819456,101,18.81188118811881,65,240,nan,nan,0.665430388180539,224,16,0,0,,,,,,224,0.665430388180539,0.0029706713758059777,0.001803079852834344,0.011712651583366087,0.019158813171088696,2.9706713758059777,11.712651583366087,19.158813171088696,29.665178571428573,147.88839285714286,29.665178571428573,0.0,26.325892857142858,0,0,0,0.0,5.1416048364731175,1.8164772154194972
primary,C5,6017,2135,1807,75.29166666666667,84.63700234192038,139.0175252943989,453.58385090874623,136.1548831097201,88.06306306306307,70.72738024837375,11.936936936936938,0.3514965609854545,161.7243092373514,0,2860.0,52.02799999999982,6.281805555555561,66.65348565428364,53.592251739766084,13.06123391451757,80.40427475576718,19.320190834924826,4.391623525963063,49.200628213803014,92.57428563094949,2.5,5,970.3458554241083,129,7.751937984496124,63,286,nan,nan,1.4422711366787553,272,14,0,0,,,,,,272,1.4422711366787553,0.00530246741426013,0.0035334511194378138,0.012408411921933291,0.019803898874670267,5.302467414260129,12.408411921933292,19.803898874670267,26.691176470588236,134.3639705882353,26.691176470588236,0.0,24.356617647058822,0,0,0,0.0,27.246737346005297,8.428504272049087
primary,C5,6018,2206,1817,75.70833333333333,82.36627379873073,185.45466658825444,462.4192108145347,182.110180617595,96.17224880382776,82.10290827740492,3.827751196172249,0.3128734717372779,167.60315656314563,0,1120.0,53.00799999999984,6.438611111111117,76.23866020949595,61.12135758090262,15.117302628593325,80.17108041110305,19.350000000000037,1.358707177913777,59.76265040298884,105.88702806874437,2.5,5,1005.6189393788738,44,15.909090909090908,26,112,nan,nan,0.3563832889776677,95,17,0,0,,,,,,95,0.3563832889776677,0.003751403041870186,0.002635909942910075,0.009722077264450488,0.012703350046649575,3.7514030418701863,9.722077264450489,12.703350046649575,28.894736842105264,144.66315789473686,28.894736842105264,0.0,25.673684210526314,0,0,0,0.0,0.6932622276617713,0.22615000169985913
primary,C5,6019,2168,1811,75.45833333333333,83.53321033210332,166.1815245349094,470.4442900481039,163.0077859852384,91.13300492610837,78.6038592508513,8.866995073891626,0.32701990854892204,167.62794810129162,0,2030.0,52.321999999999825,6.343472222222226,73.9273995068657,58.970163555777965,14.957235951087725,79.76766929330627,19.375000000000046,2.7342151121182168,56.235948443659744,102.67694375953569,2.5,5,1005.7676886077497,75,6.666666666666667,43,203,nan,nan,1.0208513087127358,187,16,0,0,,,,,,187,1.0208513087127358,0.005459097907554737,0.0027744800318032503,0.014647210994735359,0.019740247167646885,5.459097907554737,14.647210994735358,19.740247167646885,25.90909090909091,131.15508021390374,25.90909090909091,0.0,23.6951871657754,0,0,0,0.0,32.23040281042826,9.673435378491023
primary,C5,6020,2106,1787,74.45833333333333,84.85280151946819,160.63054055876202,464.1029898053779,157.50879820358986,93.48837209302326,77.50596658711217,6.511627906976744,0.35257113052478023,174.74336608192024,0,1690.0,50.46599999999985,6.1370833333333366,69.08927161329495,55.340216882277375,13.749054731017582,80.09958071641933,19.297808093752614,2.607498391259033,52.732718491018346,95.95732168513187,2.5,5,1048.4601964915214,89,29.213483146067414,37,169,nan,nan,0.8438499835319817,154,15,0,0,,,,,,154,0.8438499835319817,0.005479545347610271,0.0050258811097592115,0.012138122448232026,0.018179436214268208,5.479545347610271,12.138122448232025,18.179436214268208,32.62987012987013,161.45454545454547,32.62987012987013,0.0,29.058441558441558,0,0,0,0.0,14.853844267697818,5.179941814370383
primary,C5,6021,2158,1767,73.625,81.88137164040779,183.23749275430572,476.99839773781235,180.06239250816944,93.75,77.5881683731513,6.25,0.32938135669068663,185.6922965825951,0,1680.0,52.419999999999845,6.337777777777784,73.90725390962339,58.538825070008,15.368428839615385,79.20579100610546,19.27355234444896,2.2819223250740883,56.25690274493391,102.64896376336583,2.5,5,1114.1537794955705,72,34.72222222222222,39,168,nan,nan,1.0992142301984131,151,17,0,0,,,,,,151,1.0992142301984131,0.007279564438400087,0.005884165875613689,0.015781876049004495,0.02595071983523667,7.279564438400087,15.781876049004495,25.95071983523667,28.90728476821192,144.7019867549669,28.90728476821192,0.0,25.821192052980134,0,0,0,0.0,53.37519567028912,15.5934986114921
primary,C5,6022,2170,1798,74.91666666666667,82.85714285714286,147.26746901134612,460.526001161742,144.25027491805378,88.49765258215963,76.94954128440367,11.502347417840376,0.33359169341978806,155.43178808805322,0,2710.0,53.16999999999982,6.404861111111115,70.88838844265153,56.7094434056725,14.178945036979028,79.99821219176148,19.289444444444484,3.957833604024663,52.751609801647845,98.45609505923824,2.5,5,932.5907285283193,109,24.770642201834864,54,271,nan,nan,1.109394638799131,256,15,0,0,,,,,,256,1.109394638799131,0.004333572807809105,0.0027586265932768583,0.013560486724600196,0.02642641495913267,4.333572807809105,13.560486724600196,26.42641495913267,27.59765625,138.5703125,27.59765625,0.0,24.58203125,0,0,0,0.0,29.392241114259694,8.199868944905498
primary,C5,6023,2176,1902,79.25,87.40808823529412,118.34039302510911,352.2659214005192,115.27691857242667,91.4798206278027,79.2485549132948,8.520179372197308,0.33461013190708105,96.78684785544688,0,2130.0,52.801999999999836,6.386805555555562,69.84842301614103,56.132464295102665,13.71595872103835,80.36325212686793,19.46739168473555,3.4324930341875053,52.69997126091515,97.01169863352919,2.5,5,580.7210871326812,99,4.040404040404041,42,213,nan,nan,0.7386212914716452,198,15,0,0,,,,,,198,0.7386212914716452,0.003730410562988107,0.002646376029588282,0.011328690499067304,0.01481129601597786,3.7304105629881072,11.328690499067303,14.81129601597786,28.181818181818183,140.6161616161616,28.181818181818183,0.0,24.752525252525253,0,0,0,0.0,9.343668517210736,2.9169824075315263
primary,C5,6024,2154,1717,71.54166666666667,79.71216341689879,200.01619687982188,518.0721453482623,197.01138645497448,87.88598574821853,73.62954414310444,12.114014251781473,0.33642478132669856,213.5693814549543,0,2760.0,52.54799999999979,6.341666666666673,71.26449446686622,57.14270858376389,14.121785883102334,80.18398083260362,19.35000000000001,4.388079073661848,52.75462951010205,98.97846453731421,2.5,5,1281.416288729726,118,21.1864406779661,61,276,nan,nan,1.8246200908906758,261,15,0,0,,,,,,261,1.8246200908906758,0.006990881574293777,0.005601431941613555,0.017163603100925684,0.043539370177313685,6.990881574293777,17.163603100925684,43.539370177313685,28.39080459770115,141.51724137931035,28.39080459770115,0.0,24.375478927203066,0,0,0,0.0,65.10627525308658,19.025655496819375
primary,C5,6025,2133,1743,72.625,81.71589310829818,172.5020172892423,492.94564720930003,169.56914802743444,89.84198645598194,72.84023668639053,10.15801354401806,0.34089734656430015,193.16914833738485,0,2660.0,51.74799999999982,6.259861111111116,71.43234628422232,56.816317002181556,14.616029282040774,79.5386403466505,19.310555555555585,4.025456805092244,52.790860197089316,99.21159206141992,2.5,5,1159.0148900243091,123,27.64227642276423,49,266,nan,nan,1.0834383214823902,251,15,0,0,,,,,,251,1.0834383214823902,0.004316487336583227,0.0026676771230995655,0.011158064939081669,0.032091486966237426,4.3164873365832275,11.158064939081669,32.091486966237426,28.804780876494025,143.58565737051794,28.804780876494025,0.0,25.390438247011954,0,0,0,0.0,16.17323076701177,5.529460642226272
primary,C5,6026,2190,1806,75.25,82.46575342465754,177.69121455856822,451.10267719958597,174.41303482760154,91.32530120481928,83.38028169014085,8.674698795180722,0.32123091532517584,162.14153455661213,0,2000.0,52.679999999999836,6.3958333333333375,74.22824457952404,59.616260552883006,14.611984026641045,80.31479242246317,19.275000000000045,3.3285173116165483,56.28774324126644,103.09478413822785,2.5,5,972.8492073396726,95,26.31578947368421,41,200,nan,nan,0.9536198156420141,184,16,0,0,,,,,,184,0.9536198156420141,0.005182716389358772,0.002639864105731249,0.013016985775902865,0.02525081904605031,5.182716389358772,13.016985775902864,25.25081904605031,29.67391304347826,147.35326086956522,29.67391304347826,0.0,25.804347826086957,0,0,0,0.0,22.48057637666173,7.222229970688984
primary,C5,6027,2177,1798,74.91666666666667,82.59072117593018,167.99569482177264,453.62386111748623,164.86615479548473,92.85714285714286,75.83286278938452,7.142857142857142,0.32712418382966457,170.8263027297007,0,1800.0,52.99599999999984,6.401527777777783,72.98235258558489,58.72611302647435,14.256239559110549,80.4661825029653,19.35000000000003,2.4463904818494,56.27972254462495,101.36437859109016,2.5,5,1024.9578163782041,66,16.666666666666664,34,180,nan,nan,0.9900234977249056,164,16,0,0,,,,,,164,0.9900234977249056,0.006036728644664059,0.0028236499056220055,0.01764337966451421,0.021742186974734068,6.036728644664059,17.64337966451421,21.742186974734068,25.701219512195124,130.4329268292683,25.701219512195124,0.0,23.914634146341463,0,0,0,0.0,28.357600882499018,8.580809328389199
primary,C5,6028,2160,1819,75.79166666666667,84.21296296296296,141.37341661215237,399.3901205637495,138.28603041393202,91.83168316831683,77.50569476082005,8.16831683168317,0.32696124276011246,143.61981557261547,0,2250.0,52.90199999999981,6.3737500000000065,74.75274312763145,59.73667962451178,15.016063503119671,79.91235789503868,19.27213789555225,3.4717357556550055,56.26494386885676,103.82325434393258,2.5,5,861.7188934356927,120,6.666666666666667,44,225,nan,nan,0.9629499360453337,209,16,0,0,,,,,,209,0.9629499360453337,0.004607415961939396,0.0034978368785232306,0.010120532196015119,0.01734472601674497,4.607415961939396,10.12053219601512,17.34472601674497,30.645933014354068,151.83253588516746,30.645933014354068,0.0,26.976076555023923,0,0,0,0.0,25.781882468281133,7.818106250614168
primary,C5,6029,2173,1831,76.29166666666667,84.26138978370916,144.13311193083095,412.87070034986766,141.15000417918756,90.5311778290993,74.59770114942529,9.468822170900692,0.33506627146242196,140.52215113992725,0,2110.0,52.87799999999983,6.38833333333334,69.95137072823368,55.996634744907865,13.954735983325822,80.05080409711911,19.291505882983238,3.2532223765289405,52.74341236837893,97.15468156699124,2.5,5,843.1329068395634,84,8.333333333333332,38,211,nan,nan,0.5588410955388099,196,16,0,0,,,,,,196,0.5588410955388099,0.0028512300792796425,0.002164044068194926,0.00614578794920817,0.008431770140305161,2.8512300792796426,6.14578794920817,8.431770140305161,27.474489795918366,138.05102040816325,27.474489795918366,0.0,24.209183673469386,0,0,0,0.0,4.629129602808609,1.4152617682547635
primary,C5,6030,2198,1713,71.375,77.93448589626934,206.78467017803868,524.4510889315225,203.89017333731707,87.61261261261262,73.09007981755985,12.387387387387387,0.3225474290205473,215.37257629107137,0,3490.0,53.30999999999982,6.449583333333339,72.8595106631236,58.079286604469246,14.780224058654358,79.71407723695422,19.42500000000007,5.389832147178638,52.68945445729061,101.19376480989388,2.5,5,1292.2354577464282,165,19.393939393939394,74,349,nan,nan,1.9571516236755997,334,15,0,0,,,,,,334,1.9571516236755997,0.0058597354002263465,0.004014270030893385,0.019307934620883288,0.031175873009487987,5.859735400226347,19.307934620883287,31.175873009487987,27.934131736526947,139.9431137724551,27.934131736526947,0.0,25.29640718562874,0,0,0,0.0,50.73168569784715,15.541651367716197
primary,C5,6031,2154,1812,75.5,84.12256267409471,147.5299174417915,451.8270818117034,144.60198080874537,91.01123595505618,73.72732592159157,8.98876404494382,0.33700780485268833,148.19421118982777,0,2540.0,52.51199999999982,6.339166666666671,71.01262830363869,56.83386983381783,14.178758469820853,80.03346896386549,19.284918531750876,4.047741858702774,52.786127975115065,98.6286504217204,2.5,5,889.1652671389664,117,6.837606837606838,57,254,nan,nan,1.0086253667250276,238,15,0,0,,,,,,238,1.0086253667250276,0.004237921708928687,0.0021675429306924343,0.015161523374263191,0.022834799019619823,4.237921708928687,15.161523374263192,22.834799019619823,30.252100840336134,150.1386554621849,30.252100840336134,0.0,25.915966386554622,0,0,0,0.0,16.93658183544357,4.390068064281433
primary,C5,6032,2225,1740,72.5,78.20224719101122,203.92308748252893,515.0327830307956,201.00571278885798,87.29411764705883,70.94444444444444,12.705882352941176,0.32179253837628,211.39896183055907,0,2800.0,53.96799999999982,6.529027777777786,70.48562342144704,56.54160559584596,13.944017825601067,80.21721714479685,19.260555555555605,3.7498096090002138,52.79179598684575,97.89669919645422,2.5,5,1268.3937709833544,114,20.175438596491226,60,280,nan,nan,1.0704152956604958,265,15,0,0,,,,,,265,1.0704152956604958,0.004039303002492437,0.002629298949614167,0.009091299679130315,0.024073350010439754,4.039303002492437,9.091299679130316,24.073350010439754,27.0,136.05283018867925,27.0,0.0,24.656603773584905,0,0,0,0.0,42.44434300364878,13.681422337102294
primary,C5,6033,2210,1801,75.04166666666667,81.49321266968326,154.20022159131054,455.1434267862085,151.1666594151175,89.59276018099548,76.5837104072398,10.407239819004525,0.3257509493919474,161.10892698794356,0,2420.0,53.627999999999815,6.486666666666673,70.27558986267873,56.28831595524598,13.987273907432739,80.096540015154,19.298200713080007,3.563516979194534,52.72479897605146,97.60498592038712,2.5,5,966.6535619276615,111,18.91891891891892,50,242,nan,nan,0.8951550838537514,227,15,0,0,,,,,,227,0.8951550838537514,0.003943414466316086,0.0027212330605834723,0.009379756683483719,0.016552329994738102,3.9434144663160855,9.379756683483718,16.552329994738102,30.792951541850222,152.51982378854626,30.792951541850222,0.0,26.427312775330396,0,0,0,0.0,49.906406486062245,13.4578928313815
primary,C5,6034,2090,1747,72.79166666666667,83.58851674641147,152.57068170498346,507.85768916309024,149.66508028792546,87.13910761154855,69.5143358689292,12.860892388451445,0.36081692683373706,202.05528915718932,0,3040.0,50.63999999999982,6.129166666666672,67.12708760782559,53.65856351163387,13.468524096191718,79.93578363643834,19.275000000000034,4.375685603121697,49.28287790851217,93.23206612197998,2.5,5,1212.3317349431359,123,17.88617886178862,82,304,nan,nan,1.4713018015027046,289,14,0,0,,,,,,289,1.4713018015027046,0.0050910096937809846,0.0024950881488621235,0.013940004445612414,0.028519131941720843,5.091009693780984,13.940004445612415,28.519131941720843,25.847750865051903,130.73356401384083,25.847750865051903,0.0,23.647058823529413,0,0,0,0.0,30.52654340766512,9.9327420818625
primary,C5,6035,2099,1800,75.0,85.7551214864221,137.52141231182213,458.7541406847086,134.61346123400466,88.75598086124403,72.99226650803094,11.24401913875598,0.3568703710546223,162.7238743042211,0,2880.0,50.95999999999983,6.162638888888891,67.93199970440321,53.61531825877314,14.316681445630072,78.92498158757707,19.446111111111133,4.4100466659165365,49.205271592856604,94.3499995894489,2.5,5,976.3432458253267,121,12.396694214876034,57,288,nan,nan,1.3671059559565037,274,15,0,0,,,,,,274,1.3671059559565037,0.004989437795461692,0.0026292555266991258,0.01820713513297959,0.03643894591368735,4.989437795461693,18.207135132979587,36.43894591368735,26.824817518248175,135.04744525547446,26.824817518248175,0.0,24.416058394160583,0,0,0,0.0,14.35088826454155,4.717812466174419
primary,C5,6036,2117,1831,76.29166666666667,86.49031648559283,131.62851776092666,414.18267560002494,128.45937000275543,93.73601789709171,80.89820359281437,6.263982102908278,0.3508011853265857,146.96077654553474,0,1600.0,50.87999999999984,6.179583333333335,68.75388793891499,55.21935761720449,13.534530321710502,80.31452369103057,19.3961524696566,2.4600609208333863,52.759296696371095,95.49151102627083,2.5,5,881.7646592732084,80,11.25,26,160,nan,nan,0.6349598786327988,145,15,0,0,,,,,,145,0.6349598786327988,0.00437903364574344,0.0023286910727620125,0.011842952109873293,0.014866374898701906,4.37903364574344,11.842952109873293,14.866374898701906,30.103448275862068,149.6551724137931,30.103448275862068,0.0,26.551724137931036,0,0,0,0.0,11.443778291914851,4.169855026541835
primary,C5,6037,2226,1837,76.54166666666667,82.52470799640611,163.35353397282074,451.47356797363165,160.139510576916,89.86175115207374,81.36160714285714,10.138248847926267,0.317476619737341,158.06920022468492,0,1330.0,53.581999999999844,6.503472222222229,72.25010027346872,57.90630074348921,14.343799529979496,80.1470178232448,19.32938141698655,1.6895502302012397,56.21675051328797,100.34736149092878,2.5,5,948.4152013481096,49,18.367346938775512,30,133,nan,nan,0.4088134199846536,117,16,0,0,,,,,,117,0.4088134199846536,0.003494131794740629,0.002064554952085018,0.01339148841798305,0.01770958607085049,3.4941317947406287,13.39148841798305,17.70958607085049,25.384615384615383,129.1196581196581,25.384615384615383,0.0,23.846153846153847,0,0,0,0.0,2.3133288542407664,0.7919941442824876
primary,C5,6038,2145,1788,74.5,83.35664335664336,145.00863377806067,464.8897057573605,142.0341662957495,85.57692307692308,73.85772122614227,14.423076923076922,0.347697686357395,163.38889980771293,0,3120.0,52.21999999999984,6.307638888888895,67.29459949360539,54.126145683787875,13.168453809817514,80.4316335799445,19.375000000000046,4.904544973431612,49.22160071035627,93.46472151889637,2.5,5,980.3333988462776,150,11.333333333333332,60,312,nan,nan,0.9825998498126864,298,14,0,0,,,,,,298,0.9825998498126864,0.0032973149322573373,0.0023198584094643593,0.006675549119245257,0.02494310704059899,3.297314932257337,6.675549119245257,24.94310704059899,29.19463087248322,145.24496644295303,29.19463087248322,0.0,25.590604026845636,0,0,0,0.0,5.60173058392652,2.024166492759415
primary,C5,6039,2100,1726,71.91666666666667,82.19047619047619,164.47554423509803,483.09338111592376,161.5195256051639,88.49765258215963,74.61170848267622,11.502347417840376,0.33875463405866085,194.6321154066492,0,2690.0,51.03799999999984,6.169305555555562,75.6579980866585,60.6627267524304,14.995271334228097,80.18019018022055,19.325000000000067,4.375061005302367,56.28766574712803,105.0805528981368,2.5,5,1167.7926924398953,133,24.06015037593985,47,269,nan,nan,1.1880590736400336,252,17,0,0,,,,,,252,1.1880590736400336,0.004714520133492197,0.002875566016882658,0.012834902293980122,0.01727682794444263,4.714520133492197,12.834902293980122,17.27682794444263,29.047619047619047,145.07142857142858,29.047619047619047,0.0,25.682539682539684,0,0,0,0.0,29.261943548925316,9.47432611290163
primary,C5,6040,2165,1783,74.29166666666667,82.35565819861432,180.84164390151005,464.9530687334403,177.80298790063173,90.29345372460497,77.64227642276423,9.706546275395034,0.3274323019977155,174.63444276174062,0,2270.0,52.14999999999983,6.327777777777783,74.04924553698692,59.35747208787002,14.6917734491169,80.15945558583917,19.441779414280717,3.1012149625096534,56.25625712536037,102.84617435692627,2.5,5,1047.8066565704437,90,16.666666666666664,59,227,nan,nan,0.913971645059064,211,16,0,0,,,,,,211,0.913971645059064,0.004331619170896038,0.0022087760735303164,0.014016796019859612,0.016812741989269853,4.331619170896038,14.016796019859612,16.812741989269853,27.654028436018958,139.20853080568722,27.654028436018958,0.0,25.38862559241706,0,0,0,0.0,22.000894733719193,7.3931685506072204
primary,C5,6041,2075,1785,74.375,86.02409638554217,134.54473711092353,466.48156792321186,131.77352212136208,84.44976076555024,70.12673506336753,15.550239234449762,0.36114406076700706,167.09017349280492,0,3670.0,50.24999999999983,6.083333333333337,68.48576574865297,54.742917966740016,13.742847781912978,79.93327864311242,19.382770401029354,5.474069391804063,49.26884857493595,95.11911909535141,2.5,5,1002.5410409568296,150,13.333333333333334,78,367,nan,nan,1.7040728256106377,353,14,0,0,,,,,,353,1.7040728256106377,0.004827401772268095,0.0027083279564976692,0.013590997597202642,0.04104624013416469,4.827401772268095,13.590997597202643,41.04624013416469,25.96317280453258,130.9915014164306,25.96317280453258,0.0,23.56373937677054,0,0,0,0.0,40.211340458391085,12.124617355206201
primary,C5,6042,2127,1765,73.54166666666667,82.98072402444758,172.3560784056806,503.93015394119845,169.3748529455404,88.3177570093458,74.57327839905827,11.682242990654206,0.343372605748856,188.53830691631168,0,2540.0,51.59599999999981,6.241805555555562,70.96303431649422,56.73904077588123,14.22399354061298,79.95577038437483,19.390267076454435,4.005681669001788,52.73335910687944,98.55976988401972,2.5,5,1131.2298414978698,112,16.964285714285715,47,254,nan,nan,1.5837752046063542,239,15,0,0,,,,,,239,1.5837752046063542,0.006626674496260896,0.00514603010378778,0.019097892404533922,0.03192862495779991,6.626674496260896,19.097892404533923,31.92862495779991,26.485355648535563,133.61506276150627,26.485355648535563,0.0,23.94142259414226,0,0,0,0.0,45.953572826663304,14.149647492114898
primary,C5,6043,2172,1737,72.375,79.97237569060773,202.58447834320424,513.2442720707943,199.42542355573073,91.78082191780823,79.35409457900808,8.21917808219178,0.3269479086835854,208.06464587898907,0,1710.0,52.593999999999824,6.367361111111115,73.55850344869108,58.936097221343175,14.62240622734791,80.12139244030786,19.350000000000065,2.656533288860147,56.279563932483036,102.16458812318207,2.5,5,1248.3878752739342,85,16.470588235294116,37,171,nan,nan,0.868127305759117,155,16,0,0,,,,,,155,0.868127305759117,0.0056008213274781745,0.0022331029176712036,0.01923752597067504,0.038083304883912206,5.600821327478174,19.237525970675037,38.083304883912206,30.29032258064516,150.34193548387097,30.29032258064516,0.0,26.677419354838708,0,0,0,0.0,21.208297456566747,6.323778053374646
primary,C5,6044,2216,1882,78.41666666666667,84.92779783393502,140.37368194212814,399.21409833181286,137.0652023083494,96.78899082568807,81.46067415730337,3.211009174311927,0.32078326544016084,125.52383571059335,0,800.0,53.28799999999982,6.4705555555555625,71.82162932985048,57.43006639825955,14.391562931590936,79.96207679236049,19.350000000000076,1.137783237130807,56.29228316112875,99.7522629581257,2.5,5,753.1430142635602,32,18.75,11,80,nan,nan,0.17073661438189447,64,16,0,0,,,,,,64,0.17073661438189447,0.002667759599717101,0.0021730969892814755,0.00640371722402051,0.00678461417555809,2.667759599717101,6.40371722402051,6.78461417555809,32.8125,163.21875,32.8125,0.0,28.390625,0,0,0,0.0,0.5503920195260978,0.18382574959777376
primary,C5,6045,2126,1794,74.75,84.3838193791157,145.21810736108517,446.95000751244226,142.27768949515504,90.34653465346535,73.05458768873403,9.653465346534654,0.3425245613322702,158.68739351284952,0,2770.0,51.20999999999984,6.2137500000000045,71.4293895044593,57.00199916604424,14.427390338415067,79.80188485649263,19.254321487387703,4.218802960570612,52.78319620547363,99.20748542286016,2.5,5,952.1243610770972,126,12.698412698412698,67,277,nan,nan,1.2492955536581576,256,19,0,0,,,,,,256,1.2492955536581576,0.004880060756477178,0.004478349932469428,0.01097961253253743,0.029107525013387203,4.880060756477178,10.97961253253743,29.107525013387203,28.76953125,143.578125,28.76953125,0.0,25.62109375,0,0,0,0.0,24.88664187625006,7.92371214812714
primary,C5,6046,2076,1918,79.91666666666667,92.38921001926782,83.74543546145439,381.61494633759787,80.50995318354637,92.40506329113924,80.48780487804879,7.59493670886076,0.3691280256613642,105.20290647188322,0,1710.0,49.805999999999855,6.053750000000004,64.9366929142907,51.888573540319285,13.048119373971414,79.90639992832172,19.339444444444467,2.6847167929228477,49.203856747396436,90.18985126984819,2.5,5,631.2174388312994,83,8.433734939759036,32,171,nan,nan,0.5129349059425294,157,14,0,0,,,,,,157,0.5129349059425294,0.0032671013117358564,0.001769352937117219,0.007958088628947714,0.026850830065086484,3.2671013117358565,7.9580886289477135,26.850830065086484,28.662420382165607,142.61783439490446,28.662420382165607,0.0,24.02547770700637,0,0,0,0.0,0.5801690132109377,0.23834189228492522
primary,C5,6047,2100,1760,73.33333333333333,83.80952380952381,128.4877968615459,459.1933642714178,125.69791418360762,84.14918414918415,69.35966487133453,15.85081585081585,0.35694699003755376,174.5086954589259,0,3350.0,51.68199999999983,6.214027777777784,67.79890030377679,54.27631210222333,13.522588201553457,80.0548561393109,19.339444444444513,5.066199469778951,49.210112632444385,94.16513931080108,2.5,5,1047.0521727535554,150,22.0,78,335,nan,nan,1.3989142861682922,321,14,0,0,,,,,,321,1.3989142861682922,0.004357988430430817,0.002806254895403981,0.009881416102871299,0.035476516000926495,4.357988430430817,9.881416102871299,35.476516000926495,27.149532710280372,136.58878504672896,27.149532710280372,0.0,24.850467289719628,0,0,0,0.0,49.2018446649971,14.959190018328213
primary,C5,6048,2137,1762,73.41666666666667,82.45203556387459,157.69817627106468,463.6678606288095,154.7867848319259,86.4406779661017,72.15777262180974,13.559322033898304,0.338236508486812,178.28307477224593,0,3240.0,51.763999999999804,6.265972222222225,72.18182833369718,57.76611225691973,14.415716076777436,80.02860774025635,19.396111111111118,5.042472486127842,52.72363977079189,100.25253935235716,2.5,5,1069.6984486334754,154,23.376623376623375,67,324,nan,nan,1.2605342383030802,306,15,0,0,,,,,,306,1.2605342383030802,0.004119392935630981,0.002442302880808711,0.010384843626525253,0.028521716129034758,4.119392935630981,10.384843626525253,28.521716129034758,31.176470588235293,153.86928104575162,31.176470588235293,0.0,26.323529411764707,0,0,0,0.0,31.986937326996287,9.581405132871096
primary,C5,6049,2123,1833,76.375,86.34008478568063,136.43283468785887,423.6431320345943,133.31468526190545,91.16279069767442,80.2717070289427,8.837209302325581,0.3458806507295729,148.2272711639866,0,2140.0,51.29999999999985,6.216250000000003,70.27955888482451,55.9368539686316,14.342704916192902,79.59192524287467,19.264444444444475,3.1369398185019306,52.79991415012967,97.61049845114513,2.5,5,889.3636269839195,83,13.253012048192772,48,214,nan,nan,0.6530991920735687,198,16,0,0,,,,,,198,0.6530991920735687,0.0032984807680483267,0.0017440119991078973,0.010697379976045321,0.02665711287409067,3.298480768048327,10.69737997604532,26.65711287409067,25.984848484848484,131.2070707070707,25.984848484848484,0.0,23.646464646464647,0,0,0,0.0,19.36731209366259,6.581009455163966
primary,C5,6050,2157,1803,75.125,83.58831710709318,145.2883626141683,456.87676254811515,142.4409330498108,88.37209302325581,71.22177185871453,11.627906976744185,0.3365806462203112,160.30749664204984,0,2810.0,52.52599999999982,6.343888888888895,70.89716083282558,56.97331496220177,13.923845870623802,80.36050286490875,19.325000000000024,4.201591630541481,52.77172333166029,98.46827893447997,2.5,5,961.8449798522992,123,13.008130081300814,56,281,nan,nan,1.3978040488436818,266,15,0,0,,,,,,266,1.3978040488436818,0.0052549024392619615,0.00196298910304904,0.02466021612053737,0.0442220838740468,5.254902439261961,24.66021612053737,44.2220838740468,28.25187969924812,141.4360902255639,28.25187969924812,0.0,25.73308270676692,0,0,0,0.0,12.689209010189275,4.157023543801313
primary,C5,6051,2046,1731,72.125,84.60410557184751,129.82614232634378,466.5885663962745,127.05880551801557,86.14318706697459,70.05579665220087,13.856812933025402,0.36797847595754357,182.18151271482526,0,3230.0,49.60199999999983,6.0020833333333385,68.43329838634116,54.54727841896914,13.886019967372032,79.70867940782527,19.496111111111166,5.352798012220422,49.19448040674871,95.04624775880717,2.5,5,1093.0890762889514,157,17.197452229299362,50,323,nan,nan,1.6951083524618298,309,14,0,0,,,,,,309,1.6951083524618298,0.0054857875484201615,0.0034383670426905155,0.014711278304457658,0.023862638045102358,5.485787548420162,14.711278304457657,23.862638045102358,30.87378640776699,152.2621359223301,30.87378640776699,0.0,25.686084142394822,0,0,0,0.0,33.15913113516543,8.970073481568905
primary,C5,6052,2213,1884,78.5,85.1333032083145,149.94499934505703,426.4558478679542,146.51764922622857,96.07390300230946,86.46067415730337,3.9260969976905313,0.3224373420201279,140.46387874534392,0,820.0,53.32399999999983,6.469305555555561,71.40706824730474,57.33255499356861,14.074513253736127,80.28974778100154,19.3105555555556,1.0675749763140614,56.26498001725456,99.17648367681213,2.5,5,842.7832724720636,29,0.0,9,82,nan,nan,0.19721934851258993,66,16,0,0,,,,,,66,0.19721934851258993,0.0029881719471604533,0.002241226495243609,0.006143626756966114,0.00943579082377255,2.9881719471604535,6.143626756966114,9.43579082377255,27.272727272727273,138.34848484848484,27.272727272727273,0.0,25.181818181818183,0,0,0,0.0,0.0,0.0032508164006307405
primary,C5,6053,2041,1726,71.91666666666667,84.56638902498776,142.6047235174164,495.76008267066396,139.81010731447472,86.25954198473282,68.20388349514563,13.740458015267176,0.3761327400650931,188.17091190346935,0,3750.0,49.39399999999982,5.981388888888894,65.41065629187977,52.021102351180915,13.389553940698846,79.53001131657952,19.250000000000025,6.25177423213335,45.76932811904757,90.8481337387219,2.5,5,1129.0254714208158,196,24.489795918367346,82,375,nan,nan,2.297500505577773,362,13,0,0,,,,,,362,2.297500505577773,0.00634668647949661,0.005278249969705939,0.01782514196820557,0.033738682977855206,6.34668647949661,17.82514196820557,33.738682977855206,30.0,148.54419889502762,30.0,0.0,25.718232044198896,0,0,0,0.0,112.52403778152055,28.878119416970836
primary,C5,6054,2221,1779,74.125,80.09905447996398,187.09754820758528,471.8104026680338,184.0818770018841,89.47368421052632,77.4914089347079,10.526315789473683,0.3141210679769548,176.47199175948134,0,2090.0,54.03399999999983,6.528611111111115,74.1996986339555,59.301733235415234,14.897965398540267,79.92179796843189,19.26444444444451,3.117309573726352,56.18442366168888,103.05513699160487,2.5,5,1058.8319505568882,83,15.66265060240964,41,209,nan,nan,0.5175897714216262,193,16,0,0,,,,,,193,0.5175897714216262,0.002681812287158685,0.0017829290591180325,0.006549527356401086,0.015018826117739081,2.6818122871586847,6.549527356401086,15.018826117739081,27.04663212435233,136.33678756476684,27.04663212435233,0.0,24.414507772020727,0,0,0,0.0,5.713490076518955,1.9311375412125131
primary,C5,6055,2211,1775,73.95833333333333,80.28041610131163,193.34592890406222,457.0213165651452,190.07141176763776,94.45727482678984,80.76490438695163,5.542725173210162,0.3186744192035017,184.14445894122852,0,1540.0,53.44399999999983,6.4751388888888926,73.23265090408727,58.59092026931045,14.64173063477682,80.00655383354473,19.349999999999998,2.3652810820589507,56.22563918725149,101.71201514456567,2.5,5,1104.866753647371,70,28.57142857142857,31,154,nan,nan,0.695893953088671,134,19,0,0,,,,,,134,0.695893953088671,0.005193238455885605,0.004066657507792115,0.012642993044573808,0.017648879205808043,5.193238455885605,12.642993044573808,17.648879205808043,30.895522388059703,153.23880597014926,30.895522388059703,0.0,26.723880597014926,0,0,0,0.0,45.463758059566885,12.174019784540102
primary,C5,6056,2092,1771,73.79166666666667,84.65583173996177,135.99241782484413,466.007145074305,133.21794141733588,85.23809523809524,70.39473684210526,14.761904761904763,0.3555976262161382,170.0256698360334,0,3890.0,51.3539999999998,6.181250000000004,69.1818254746283,55.36505347012041,13.816772004507895,80.02832115267753,19.375000000000078,6.158211558752569,49.20684191136784,96.08586871476152,2.5,5,1020.1540190162002,169,17.159763313609467,88,389,nan,nan,1.3876500064507127,375,14,0,0,,,,,,375,1.3876500064507127,0.0037004000172019005,0.002170637948438525,0.011707147862762213,0.027971918927505612,3.7004000172019005,11.707147862762213,27.971918927505612,27.48,137.44266666666667,27.48,0.0,24.12,0,0,0,0.0,18.47008023511348,5.687629086109916
stress_near_transition,C1,6007,1718,1715,71.45833333333333,99.82537834691502,7.163190661310479,220.09685210140523,5.972822587092387,50.92592592592593,23.959827833572454,49.074074074074076,0.5437967427663921,121.5130197565692,0,230.0,45.06999999999987,5.277361111111106,58.12644164573834,46.352453071977735,11.773988573760594,79.74417796719914,29.21166666666664,0.0,46.352453071977735,80.73116895241436,0,0,850.5911382959843,0,0,0,23,0.3,0.7,0.0,0,0,0,0,,,,,,,,,,,,,,,,,,,,,,,,,
stress_near_transition,C1,6008,1664,1663,69.29166666666667,99.93990384615384,2.683780730996495,166.34696548371642,1.9661549779045542,40.7624633431085,13.529856386999239,59.2375366568915,0.5654250937782348,63.57610111933778,0,210.0,42.9579999999999,5.063194444444441,52.625752735769645,42.30878019385606,10.316972541913591,80.39558200010096,29.400555555555506,0.0,42.30878019385606,73.09132324412452,0,0,445.03270783536453,0,0,0,21,0.3,0.7,0.0,0,0,0,0,,,,,,,,,,,,,,,,,,,,,,,,,
stress_near_transition,C1,6009,1674,1669,69.54166666666667,99.70131421744325,1.3275150648151939,134.57113765365037,0.9007966105179421,46.285714285714285,2.114803625377648,53.714285714285715,0.5576680159808416,43.08097821494656,0,220.0,43.8839999999999,5.139999999999994,55.53531994565587,44.38165659152294,11.153663354132934,79.91609057974752,29.261666666666645,0.0,44.38165659152294,77.13238881341094,0,0,301.56684750462597,0,0,0,22,0.3,0.7,0.0,0,0,0,0,,,,,,,,,,,,,,,,,,,,,,,,,
stress_near_transition,C1,6010,1684,1680,70.0,99.7624703087886,9.34276934091382,244.21668283217952,8.201952743971288,54.54545454545454,26.061057334326133,45.45454545454545,0.5607458297725908,132.34382190252725,0,210.0,43.73399999999988,5.142083333333328,52.98410179461425,42.38169019935064,10.6024115952636,79.98944733202721,29.297222222222217,0.0,42.38169019935064,73.58903027029756,0,0,926.4067533176906,0,0,0,21,0.3,0.7,0.0,0,0,0,0,,,,,,,,,,,,,,,,,,,,,,,,,
stress_near_transition,C1,6011,1707,1702,70.91666666666667,99.7070884592853,7.76428185504998,226.12584938147089,6.443146414929316,60.19417475728155,30.04291845493562,39.80582524271845,0.5513258654797631,129.69295406157156,0,220.0,44.253999999999884,5.206944444444441,55.43176379819933,44.40904008289648,11.022723715302853,80.11478805648086,29.311666666666664,0.0,44.40904008289648,76.98856083083243,0,0,907.8506784310009,0,0,0,22,0.3,0.7,0.0,0,0,0,0,,,,,,,,,,,,,,,,,,,,,,,,,
stress_near_transition,C1,6012,1679,1674,69.75,99.7022036926742,8.037105517480196,239.95188553001512,6.88915123905821,60.84142394822006,23.649635036496353,39.15857605177994,0.5616625186123628,137.8669774393022,0,210.0,43.60799999999989,5.127083333333328,53.0220906193691,42.41688847770395,10.605202141665155,79.9985213374611,29.262983734063635,0.0,42.41688847770395,73.64179252690151,0,0,965.0688420751155,0,0,0,21,0.3,0.7,0.0,0,0,0,0,,,,,,,,,,,,,,,,,,,,,,,,,
stress_near_transition,C1,6013,1677,1674,69.75,99.82110912343471,3.8120431000823594,198.62664420788983,2.921741265479405,50.0,15.11541325390916,50.0,0.5570326110021352,90.32134118399561,0,220.0,43.55799999999989,5.121111111111107,55.555564054923856,44.37991804688008,11.175646008043769,79.88384026306491,29.332777777777796,0.0,44.37991804688008,77.1605056318387,0,0,632.2493882879693,0,0,0,22,0.3,0.7,0.0,0,0,0,0,,,,,,,,,,,,,,,,,,,,,,,,,
stress_near_transition,C1,6014,1668,1663,69.29166666666667,99.70023980815348,4.066886886779638,200.22938041437422,2.829783947937085,56.104651162790695,26.963746223564954,43.895348837209305,0.5636881607229396,114.93025679788393,0,210.0,43.48999999999989,5.105138888888885,53.10116699563844,42.33878313212145,10.762383863516995,79.73230256050498,29.210553890005723,0.0,42.33878313212145,73.75162082727559,0,0,804.5117975851875,0,0,0,21,0.3,0.7,0.0,0,0,0,0,,,,,,,,,,,,,,,,,,,,,,,,,
stress_near_transition,C1,6015,1626,1622,67.58333333333333,99.7539975399754,6.706327737887424,221.28871556488556,5.582109212287324,53.35463258785942,25.66641279512567,46.64536741214057,0.5672647208745024,120.32923238103845,0,220.0,42.399999999999885,4.976944444444439,55.49858067925075,44.3512770535951,11.147303625655647,79.91425458232791,29.211945931462967,0.0,44.3512770535951,77.08136205451493,0,0,842.3046266672692,0,0,0,22,0.3,0.7,0.0,0,0,0,0,,,,,,,,,,,,,,,,,,,,,,,,,
stress_near_transition,C1,6016,1713,1708,71.16666666666667,99.70811441914769,4.100169986053974,168.30818921646562,2.959339325303661,53.53260869565217,24.237918215613384,46.46739130434783,0.5499358867066879,95.35745569521346,0,220.0,44.39799999999989,5.22444444444444,55.53231309982931,44.39552675323641,11.136786346592892,79.9453944470627,29.358662480243126,0.0,44.39552675323641,77.12821263865182,0,0,667.5021898664942,0,0,0,22,0.3,0.7,0.0,0,0,0,0,,,,,,,,,,,,,,,,,,,,,,,,,
stress_near_transition,C1,6017,1708,1706,71.08333333333333,99.88290398126463,8.888630988319093,250.0071719029563,7.707353310180051,56.81818181818181,26.54867256637168,43.18181818181818,0.5510594349418109,134.25828106608452,0,220.0,44.615999999999886,5.233333333333327,55.466044789327256,44.348011548300306,11.118033241026962,79.95524418000997,29.443500905142304,0.0,44.348011548300306,77.0361733185101,0,0,939.8079674625916,0,0,0,22,0.3,0.7,0.0,0,0,0,0,,,,,,,,,,,,,,,,,,,,,,,,,
stress_near_transition,C1,6018,1730,1723,71.79166666666667,99.59537572254335,24.322856051031973,277.4627150536058,22.34558696063836,69.23076923076923,48.63505747126437,30.76923076923077,0.5371196176387961,186.3940490484625,0,240.0,45.19999999999988,5.301388888888883,60.2917127100467,48.44905842446849,11.842654285578217,80.3577411334596,29.253494203847314,0.0,48.44905842446849,83.73848987506487,0,0,1304.7583433392379,0,0,0,24,0.3,0.7,0.0,0,0,0,0,,,,,,,,,,,,,,,,,,,,,,,,,
stress_near_transition,C1,6019,1720,1714,71.41666666666667,99.65116279069768,3.889976635228957,184.9341672895965,2.9890385368528514,45.9375,15.142857142857146,54.0625,0.5481115766364213,92.50672593017696,0,220.0,44.631999999999884,5.249444444444438,55.75176537524368,44.32110765588793,11.430657719355757,79.49722732110742,29.264014525592895,0.0,44.32110765588793,77.43300746561623,0,0,647.5470815112386,0,0,0,22,0.3,0.7,0.0,0,0,0,0,,,,,,,,,,,,,,,,,,,,,,,,,
stress_near_transition,C1,6020,1642,1640,68.33333333333333,99.87819732034104,9.934325410803362,240.10110981523067,8.66387922015769,60.17699115044248,29.623944742901,39.823008849557525,0.5640081031588646,139.579080225376,0,220.0,42.423999999999886,4.998611111111107,55.53991600793225,44.38056781336118,11.159348194571074,79.90751697756028,29.329444444444437,0.0,44.38056781336118,77.13877223323925,0,0,977.0535615776322,0,0,0,22,0.3,0.7,0.0,0,0,0,0,,,,,,,,,,,,,,,,,,,,,,,,,
stress_near_transition,C1,6021,1697,1696,70.66666666666667,99.94107248084856,4.492368701275969,198.89094487649035,3.414150247789745,53.271028037383175,23.691860465116278,46.728971962616825,0.5532598320317145,116.20273395580888,0,220.0,44.56999999999991,5.216388888888882,55.457044656015896,44.34049702317871,11.116547632837184,79.95466995800095,29.234987503656342,0.0,44.34049702317871,77.0236731333554,0,0,813.4191376906621,0,0,0,22,0.3,0.7,0.0,0,0,0,0,,,,,,,,,,,,,,,,,,,,,,,,,
stress_near_transition,C1,6022,1650,1641,68.375,99.45454545454545,11.25290758679587,217.0730718873343,9.81336412852401,65.80645161290323,35.07462686567165,34.193548387096776,0.5627754268803061,141.4489551263333,0,220.0,43.10799999999989,5.056111111111106,55.36118485232578,44.361886181717516,10.999298670608257,80.13174988947844,29.38277777777777,0.0,44.361886181717516,76.89053451711914,0,0,990.142685884333,0,0,0,22,0.3,0.7,0.0,0,0,0,0,,,,,,,,,,,,,,,,,,,,,,,,,
stress_near_transition,C1,6023,1723,1718,71.58333333333333,99.70980847359257,7.564318609757118,204.71657697792355,6.258333076394,64.34540389972145,28.665689149560116,35.65459610027855,0.5479099419944038,123.78626123937184,0,220.0,45.009999999999884,5.2794444444444375,55.55338923482053,44.35020225517182,11.203186979648697,79.83347706781026,29.308362173738445,0.0,44.35020225517182,77.15748504836185,0,0,866.5038286756027,0,0,0,22,0.3,0.7,0.0,0,0,0,0,,,,,,,,,,,,,,,,,,,,,,,,,
stress_near_transition,C1,6024,1708,1705,71.04166666666667,99.82435597189696,9.922044668585265,237.77697908000877,8.25785239527294,64.68842729970326,36.39679066374909,35.311572700296736,0.550732863397097,158.25782800245992,0,220.0,44.7319999999999,5.241388888888883,55.63063684786308,44.41761091247363,11.21302593538945,79.84379368862075,29.297222222222214,0.0,44.41761091247363,77.26477339980984,0,0,1107.8047960172194,0,0,0,22,0.3,0.7,0.0,0,0,0,0,,,,,,,,,,,,,,,,,,,,,,,,,
stress_near_transition,C1,6025,1656,1646,68.58333333333333,99.39613526570048,5.257889423823399,188.91259261373295,4.095224098045311,52.32558139534884,24.237804878048784,47.674418604651166,0.5614985757738362,120.87060068784244,0,220.0,43.151999999999894,5.066666666666663,55.40471780998654,44.409616265272234,10.99510154471431,80.15493629545665,29.250125849296815,0.0,44.409616265272234,76.95099695831466,0,0,846.0942048148972,0,0,0,22,0.3,0.7,0.0,0,0,0,0,,,,,,,,,,,,,,,,,,,,,,,,,
stress_near_transition,C1,6026,1727,1721,71.70833333333333,99.65257672264042,4.126716792698998,180.46759518169577,2.928625565738413,52.76073619631902,23.768736616702355,47.239263803680984,0.5417419344869173,113.40763449819862,0,230.0,44.8639999999999,5.274305555555548,58.26206501859367,46.512122441539134,11.749942577054531,79.8326019283651,29.247222222222224,0.0,46.512122441539134,80.91953474804677,0,0,793.8534414873903,0,0,0,23,0.3,0.7,0.0,0,0,0,0,,,,,,,,,,,,,,,,,,,,,,,,,
stress_near_transition,C1,6027,1688,1683,70.125,99.70379146919431,3.5652334770679373,207.53183454328797,2.51035350939748,57.09779179810725,17.21371261852662,42.90220820189275,0.5544068389867174,113.04029003570501,0,220.0,44.2119999999999,5.180277777777773,55.77895315069445,44.41476711495493,11.364186035739511,79.626390611818,29.2238651459503,0.0,44.41476711495493,77.47076826485339,0,0,791.282030249935,0,0,0,22,0.3,0.7,0.0,0,0,0,0,,,,,,,,,,,,,,,,,,,,,,,,,
stress_near_transition,C1,6028,1696,1690,70.41666666666667,99.64622641509435,4.082857977278416,195.8829509364891,3.081561804039483,50.15479876160991,19.009468317552802,49.84520123839009,0.5488339050723444,106.70201965656877,0,230.0,44.5379999999999,5.21291666666666,57.78771184353849,46.39847603434154,11.389235809196935,80.29124973829461,29.243888888888858,0.0,46.39847603434154,80.26071089380345,0,0,746.9141375959813,0,0,0,23,0.3,0.7,0.0,0,0,0,0,,,,,,,,,,,,,,,,,,,,,,,,,
stress_near_transition,C1,6029,1702,1696,70.66666666666667,99.64747356051704,1.8699033178162594,186.97594270938285,1.1772771197238268,51.42857142857142,7.914201183431957,48.57142857142857,0.5526388581907282,66.1764739072732,0,220.0,44.619999999999884,5.2261111111111065,55.27001547187297,44.3741402407934,10.89587523107957,80.28610063149972,29.32944444444445,0.0,44.3741402407934,76.76391037760135,0,0,463.23531735091245,0,0,0,22,0.3,0.7,0.0,0,0,0,0,,,,,,,,,,,,,,,,,,,,,,,,,
stress_near_transition,C1,6030,1707,1701,70.875,99.64850615114236,3.6969333344201947,186.68561414746156,2.405531690684115,57.098765432098766,22.92118582791034,42.901234567901234,0.5516887177748153,129.41914155875526,0,220.0,44.15799999999989,5.200277777777774,55.248886241493075,44.372898991409784,10.875987250083304,80.31455837400176,29.357557784693622,0.0,44.372898991409784,76.73456422429594,0,0,905.9339909112867,0,0,0,22,0.3,0.7,0.0,0,0,0,0,,,,,,,,,,,,,,,,,,,,,,,,,
stress_near_transition,C1,6031,1670,1665,69.375,99.7005988023952,21.028421108468102,241.91390272219803,19.23927168895403,68.02325581395348,46.83257918552036,31.976744186046513,0.563380934372912,162.14429525516576,0,210.0,43.673999999999886,5.120416666666662,53.0560090760523,42.39321051475773,10.662798561294572,79.90275041982493,29.207608424472216,0.0,42.39321051475773,73.68890149451708,0,0,1135.0100667861605,0,0,0,21,0.3,0.7,0.0,0,0,0,0,,,,,,,,,,,,,,,,,,,,,,,,,
stress_near_transition,C1,6032,1757,1752,73.0,99.71542401821286,17.538522305887845,265.3557863767918,15.576407614184554,70.18072289156628,45.614035087719294,29.819277108433734,0.5413939710014377,175.41229672267954,0,220.0,45.53799999999988,5.358611111111104,55.43743861527543,44.350314725470966,11.087123889804467,80.00065629520357,29.297222222222214,0.0,44.350314725470966,76.99644252121588,0,0,1227.8860770587569,0,0,0,22,0.3,0.7,0.0,0,0,0,0,,,,,,,,,,,,,,,,,,,,,,,,,
stress_near_transition,C1,6033,1700,1695,70.625,99.70588235294117,1.592155247050042,146.90330053288235,1.058478615128947,43.440233236151606,5.895357406042745,56.559766763848394,0.5528170069571569,47.096579542806836,0,220.0,44.29999999999989,5.201388888888882,55.38022849359294,44.35735525909329,11.022873234499652,80.09601344318233,29.23083752634542,0.0,44.35735525909329,76.91698401887908,0,0,329.6760567996479,0,0,0,22,0.3,0.7,0.0,0,0,0,0,,,,,,,,,,,,,,,,,,,,,,,,,
stress_near_transition,C1,6034,1610,1607,66.95833333333333,99.81366459627328,3.4428902251195854,218.4999037156723,2.6672182005653036,45.36423841059602,15.519877675840977,54.63576158940398,0.5800764235101362,92.57673261382202,0,200.0,41.68799999999989,4.907499999999995,50.64148255089139,40.301244060954176,10.34023848993722,79.58148543628053,29.330847347177407,0.0,40.301244060954176,70.3353924317936,0,0,648.0371282967542,0,0,0,20,0.3,0.7,0.0,0,0,0,0,,,,,,,,,,,,,,,,,,,,,,,,,
stress_near_transition,C1,6035,1658,1650,68.75,99.51749095295537,4.453006102527138,187.46007938208484,3.6179663459110922,50.14749262536873,16.52767247915087,49.852507374631266,0.5614276062006912,93.04924846413242,0,220.0,43.0959999999999,5.065277777777773,55.24048647485158,44.353064004512824,10.887422470338766,80.29086424628919,29.382777777777758,0.0,44.353064004512824,76.72289788173833,0,0,651.3447392489269,0,0,0,22,0.3,0.7,0.0,0,0,0,0,,,,,,,,,,,,,,,,,,,,,,,,,
stress_near_transition,C1,6036,1636,1633,68.04166666666667,99.81662591687042,2.699257892242494,163.0265573081139,1.872647944367439,50.1432664756447,15.462315462315457,49.8567335243553,0.5650540545188601,86.82983119864318,0,220.0,42.62399999999989,5.0049999999999955,55.61275652249445,44.3189026629689,11.293853859525544,79.6919725513743,29.261666666666635,0.0,44.3189026629689,77.23993961457562,0,0,607.8088183905022,0,0,0,22,0.3,0.7,0.0,0,0,0,0,,,,,,,,,,,,,,,,,,,,,,,,,
stress_near_transition,C1,6037,1729,1720,71.66666666666667,99.47946790052053,5.358360940721538,178.30859736727683,4.332561554841382,45.614035087719294,22.0620043258832,54.385964912280706,0.5415497065669141,88.96255485852984,0,230.0,44.84399999999987,5.27541666666666,58.15894789027524,46.335533540076725,11.823414350198519,79.67051540804178,29.347222222222236,0.0,46.335533540076725,80.77631651427114,0,0,622.7378840097089,0,0,0,23,0.3,0.7,0.0,0,0,0,0,,,,,,,,,,,,,,,,,,,,,,,,,
stress_near_transition,C1,6038,1659,1653,68.875,99.63833634719711,12.93516946193044,244.15659837291852,11.530918445993755,60.371517027863774,33.23353293413174,39.628482972136226,0.5657405355468378,134.93291210766017,0,210.0,43.03999999999988,5.062638888888883,52.96677008439376,42.33236707402074,10.63440301037302,79.92250047826427,29.468333333333298,0.0,42.33236707402074,73.56495845054688,0,0,944.5303847536213,0,0,0,21,0.3,0.7,0.0,0,0,0,0,,,,,,,,,,,,,,,,,,,,,,,,,
stress_near_transition,C1,6039,1597,1590,66.25,99.56167814652474,7.819896548321263,258.3386297432895,6.84070890816772,53.82165605095541,20.342946219797355,46.17834394904459,0.5723806481608262,132.06747551987135,0,220.0,41.673999999999886,4.890277777777774,55.820153326943526,44.456557275948775,11.363596050994762,79.64248506370598,29.24388888888888,0.0,44.456557275948775,77.52799073186601,0,0,924.4723286390994,0,0,0,22,0.3,0.7,0.0,0,0,0,0,,,,,,,,,,,,,,,,,,,,,,,,,
stress_near_transition,C1,6040,1716,1710,71.25,99.65034965034964,7.327964396364931,190.7799111333115,6.001291246959402,59.887005649717516,31.20411160058737,40.11299435028249,0.5449326051674503,125.16062177035705,0,230.0,44.40999999999988,5.229027777777772,57.75396699560506,46.375514997162725,11.378451998442335,80.29840616955678,29.304229579151148,0.0,46.375514997162725,80.21384304945146,0,0,876.1243523924993,0,0,0,23,0.3,0.7,0.0,0,0,0,0,,,,,,,,,,,,,,,,,,,,,,,,,
stress_near_transition,C1,6041,1621,1614,67.25,99.56816779765578,7.657784566265028,222.57641668623364,6.433154994104341,57.97546012269939,29.343629343629342,42.02453987730061,0.5731802387697675,126.87827037312996,0,210.0,41.79599999999989,4.928749999999996,53.01715966003719,42.30151551858473,10.715644141452454,79.78834737627484,29.403238298695406,0.0,42.30151551858473,73.63494397227387,0,0,888.1478926119096,0,0,0,21,0.3,0.7,0.0,0,0,0,0,,,,,,,,,,,,,,,,,,,,,,,,,
stress_near_transition,C1,6042,1643,1635,68.125,99.51308581862448,3.672340122938457,197.52915459433504,2.7864102629800174,53.273809523809526,19.43381790359602,46.726190476190474,0.5688007045356195,89.55177228589652,0,210.0,42.71199999999989,5.0198611111111076,53.02444491404776,42.34414468638135,10.68030022766641,79.85778022763067,29.308849966075424,0.0,42.34414468638135,73.64506238062188,0,0,626.8624060012755,0,0,0,21,0.3,0.7,0.0,0,0,0,0,,,,,,,,,,,,,,,,,,,,,,,,,
stress_near_transition,C1,6043,1684,1681,70.04166666666667,99.82185273159145,14.116849512009432,247.18569804836818,12.544162675274059,69.41176470588235,37.12797619047619,30.58823529411765,0.5558001853600454,163.064429219247,0,220.0,43.963999999999885,5.158055555555551,55.476706578537126,44.390121968636336,11.086584609900788,80.01578447306392,29.269314636508447,0.0,44.390121968636336,77.05098135907934,0,0,1141.451004534729,0,0,0,22,0.3,0.7,0.0,0,0,0,0,,,,,,,,,,,,,,,,,,,,,,,,,
stress_near_transition,C1,6044,1702,1697,70.70833333333333,99.70622796709753,1.9584540597451205,159.77615586045522,1.15568396797419,49.068322981366464,9.130434782608699,50.931677018633536,0.5523026285097056,65.07388638611668,0,220.0,44.291999999999895,5.203333333333326,55.43947523110839,44.42117883021406,11.018296400894334,80.12553987034909,29.35330691646536,0.0,44.42117883021406,76.9992711543172,0,0,455.51720470281674,0,0,0,22,0.3,0.7,0.0,0,0,0,0,,,,,,,,,,,,,,,,,,,,,,,,,
stress_near_transition,C1,6045,1642,1637,68.20833333333333,99.69549330085262,4.54842283864065,200.666171894945,3.4430586767070364,50.0,24.737631184407793,50.0,0.5639766124953952,123.3779597779897,0,220.0,42.79599999999988,5.02444444444444,55.555787302320866,44.33194788787092,11.223839414449937,79.79717332890526,29.329444444444437,0.0,44.33194788787092,77.16081569766786,0,0,863.645718445928,0,0,0,22,0.3,0.7,0.0,0,0,0,0,,,,,,,,,,,,,,,,,,,,,,,,,
stress_near_transition,C1,6046,1662,1657,69.04166666666667,99.69915764139591,8.527830125603867,224.11723383536986,7.32334478271513,55.98802395209581,27.93674698795181,44.01197604790419,0.5649488483029108,116.56709732741288,0,210.0,43.09799999999988,5.070416666666661,53.065780455332984,42.32698902065083,10.738791434682156,79.76324602684151,29.438912615590993,0.0,42.32698902065083,73.70247285462915,0,0,815.9696812918901,0,0,0,21,0.3,0.7,0.0,0,0,0,0,,,,,,,,,,,,,,,,,,,,,,,,,
stress_near_transition,C1,6047,1605,1594,66.41666666666667,99.31464174454828,5.929573985199398,241.23431727201216,5.038622762022687,49.557522123893804,19.58925750394944,50.442477876106196,0.5812325774680506,121.05833106298815,0,200.0,42.23799999999988,4.93944444444444,50.55878095610252,40.352981381966934,10.205799574135582,79.81399198885603,29.224968677735596,0.0,40.352981381966934,70.22052910569793,0,0,847.408317440917,0,0,0,20,0.3,0.7,0.0,0,0,0,0,,,,,,,,,,,,,,,,,,,,,,,,,
stress_near_transition,C1,6048,1649,1645,68.54166666666667,99.75742874469375,1.3864686505705945,146.37340173579238,0.9583412287793219,38.71951219512195,5.677517032551094,61.28048780487805,0.5727554119473525,44.142850843204236,0,200.0,42.58599999999989,5.018611111111106,50.431272378534324,40.35225028352736,10.079022095006957,80.01434106331011,29.314999999999987,0.0,40.35225028352736,70.04343385907545,0,0,308.9999559024297,0,0,0,20,0.3,0.7,0.0,0,0,0,0,,,,,,,,,,,,,,,,,,,,,,,,,
stress_near_transition,C1,6049,1657,1652,68.83333333333333,99.69824984912492,7.426784406424692,207.98342201137967,6.1725520793051105,53.45345345345345,26.28398791540786,46.546546546546544,0.5609271040181826,123.16170971237115,0,220.0,42.965999999999894,5.054999999999995,55.59273957483595,44.35162402256229,11.24111555227366,79.77952581893994,29.414999999999974,0.0,44.35162402256229,77.21213829838325,0,0,862.1319679865979,0,0,0,22,0.3,0.7,0.0,0,0,0,0,,,,,,,,,,,,,,,,,,,,,,,,,
stress_near_transition,C1,6050,1676,1673,69.70833333333333,99.82100238663485,9.799066022758801,228.17401595637918,8.451587828087058,53.271028037383175,32.84132841328413,46.728971962616825,0.5628107217483256,122.9535974197913,0,210.0,43.757999999999896,5.133749999999995,52.74339623884395,42.334788300448004,10.408607938395953,80.26557127405779,29.397273273943338,0.0,42.334788300448004,73.25471699839439,0,0,860.675181938539,0,0,0,21,0.3,0.7,0.0,0,0,0,0,,,,,,,,,,,,,,,,,,,,,,,,,
stress_near_transition,C1,6051,1555,1549,64.54166666666667,99.61414790996784,1.3001624538374068,125.96712779428611,0.9213126262752516,34.92537313432836,2.868852459016391,65.07462686567163,0.5917872673764635,48.282606756439215,0,200.0,40.33399999999989,4.74472222222222,50.23921724226243,40.32944619098252,9.909771051279897,80.27482991326632,29.36499999999998,0.0,40.32944619098252,69.77669061425338,0,0,337.9782472950745,0,0,0,20,0.3,0.7,0.0,0,0,0,0,,,,,,,,,,,,,,,,,,,,,,,,,
stress_near_transition,C1,6052,1729,1725,71.875,99.76865240023135,3.9121393830359854,188.73906191663204,2.975149006943314,55.48961424332344,17.385057471264364,44.510385756676556,0.5472582442147761,81.42259255692507,0,220.0,44.80999999999988,5.273055555555548,55.28184491575284,44.39698139818802,10.884863517564835,80.31023831756539,29.315000000000037,0.0,44.39698139818802,76.78034016076786,0,0,569.9581478984754,0,0,0,22,0.3,0.7,0.0,0,0,0,0,,,,,,,,,,,,,,,,,,,,,,,,,
stress_near_transition,C1,6053,1561,1556,64.83333333333333,99.67969250480462,1.3647887251590851,159.86749505471172,0.9712226660318631,41.63934426229508,2.945859872611467,58.36065573770492,0.5904432972187913,61.89724103132849,0,200.0,40.53799999999989,4.7663888888888835,50.31657820172914,40.31923322183423,9.997344979894915,80.131111182057,29.261666666666674,0.0,40.31923322183423,69.88413639129048,0,0,433.28068721929947,0,0,0,20,0.3,0.7,0.0,0,0,0,0,,,,,,,,,,,,,,,,,,,,,,,,,
stress_near_transition,C1,6054,1722,1719,71.625,99.82578397212544,7.127824415090103,198.34776515078042,5.847493611979352,54.56989247311827,27.629629629629626,45.43010752688172,0.5430930976979134,126.78687211888706,0,230.0,45.0379999999999,5.280138888888883,58.08107876025167,46.36524748239858,11.715831277853091,79.82848885053608,29.311666666666646,0.0,46.36524748239858,80.66816494479399,0,0,887.5081048322096,0,0,0,23,0.3,0.7,0.0,0,0,0,0,,,,,,,,,,,,,,,,,,,,,,,,,
stress_near_transition,C1,6055,1715,1709,71.20833333333333,99.65014577259475,9.556697857880675,228.49101788426148,8.002462473308974,63.12684365781711,36.845930232558146,36.87315634218289,0.5391020431312545,156.29652345456196,0,240.0,44.7299999999999,5.249999999999994,60.7925702618477,48.429831366772184,12.362738895075523,79.66406282572635,29.33955582854257,0.0,48.429831366772184,84.43412536367737,0,0,1094.075664181934,0,0,0,24,0.3,0.7,0.0,0,0,0,0,,,,,,,,,,,,,,,,,,,,,,,,,
stress_near_transition,C1,6056,1633,1627,67.79166666666667,99.63257807715861,1.6360402322390433,169.4338756497706,0.9872572827589942,48.529411764705884,5.336426914153137,51.470588235294116,0.5755949423107943,51.300841803401255,0,200.0,42.70999999999989,5.007222222222217,50.60014907535968,40.37788990066377,10.222259174695909,79.79796628766503,29.279444444444426,0.0,40.37788990066377,70.27798482688846,0,0,359.10589262380876,0,0,0,20,0.3,0.7,0.0,0,0,0,0,,,,,,,,,,,,,,,,,,,,,,,,,
stress_near_transition,C2,6007,1718,1713,71.375,99.70896391152503,1.4309739867763422,236.01878305318877,0.8730475439410145,39.197530864197525,4.591104734576756,60.802469135802475,0.5340830440592162,60.2610062904583,0,8140.0,46.651999999999816,5.3872222222222215,63.022145794155,50.43153191831169,12.590613875843319,80.0219213148229,19.286572636414576,15.256272449483552,35.17525946882813,87.5307580474375,3.0,6,421.82704403320804,591,23.011844331641285,159,814,nan,nan,0.0,0,17,0,0,,,,,,,,,,,,,,,,,,,,,,,,,
stress_near_transition,C2,6008,1664,1663,69.29166666666667,99.93990384615384,0.7703200714090099,165.86712088420683,0.4798834180220374,35.483870967741936,1.13378684807256,64.51612903225806,0.5578434829499557,14.181967570095903,0,10610.0,45.037999999999776,5.207638888888893,56.44688459322234,45.27933180055054,11.167552792671815,80.21582081429396,19.3486067352017,20.671044990128703,24.608286810421824,78.39845082391993,3.0,6,99.27377299067133,778,27.892030848329046,191,1061,nan,nan,0.0,0,18,0,0,,,,,,,,,,,,,,,,,,,,,,,,,
stress_near_transition,C2,6009,1674,1669,69.54166666666667,99.70131421744325,1.4545139087914032,232.59254253801566,0.9079572453077525,45.714285714285715,4.154078549848938,54.285714285714285,0.5465224426610001,69.56811229534146,0,9070.0,45.65399999999978,5.262916666666668,61.15268889885587,48.97257325818973,12.180115640666157,80.08245285696012,19.403888888888908,17.309372016133665,31.66320124205606,84.93429013729987,3.0,6,486.97678606739026,660,19.545454545454547,154,907,nan,nan,0.0,0,10,0,0,,,,,,,,,,,,,,,,,,,,,,,,,
stress_near_transition,C2,6010,1684,1679,69.95833333333333,99.70308788598575,1.3551513310319063,218.56153259614342,0.8444643155568734,39.002932551319645,5.1377513030528625,60.997067448680355,0.540045748442764,67.12186509739848,0,11460.0,45.98399999999976,5.2983333333333364,63.41694278484691,50.385564816686916,13.031377968160008,79.45126744382613,19.388693348891913,22.23204575054913,28.153519066137783,88.0790872011763,3.0,6,469.8530556817894,826,26.02905569007264,194,1146,nan,nan,0.0,0,14,0,0,,,,,,,,,,,,,,,,,,,,,,,,,
stress_near_transition,C2,6011,1707,1703,70.95833333333333,99.76567076742823,1.0777623589246212,161.1557174372009,0.7063782833893137,43.042071197411005,0.6437768240343367,56.957928802588995,0.5421990929755595,42.906212253910816,0,8470.0,45.903999999999805,5.321527777777778,60.03165714031803,48.00616367305102,12.025493467267026,79.96808010953518,19.284582215219874,16.322038747782788,31.684124925268236,83.37730158377508,3.0,6,300.3434857773757,609,19.21182266009852,141,847,nan,nan,0.0,0,15,0,0,,,,,,,,,,,,,,,,,,,,,,,,,
stress_near_transition,C2,6012,1679,1675,69.79166666666667,99.76176295413937,0.6296507658892116,148.06486760352405,0.4435166308093678,35.922330097087375,0.5109489051094873,64.07766990291263,0.5556704554798353,11.70981255751732,0,10350.0,45.63599999999978,5.267916666666668,56.04209043816301,44.633383675842,11.408706762321025,79.64261027181095,19.47926956825076,20.037454922363626,24.59592875347836,77.83623671967088,3.0,6,81.96868790262124,765,21.830065359477125,179,1035,nan,nan,0.0,0,9,0,0,,,,,,,,,,,,,,,,,,,,,,,,,
stress_near_transition,C2,6013,1677,1675,69.79166666666667,99.88073941562313,1.0927589636520358,153.35542021114276,0.7652679481242995,36.227544910179645,3.127326880119141,63.772455089820355,0.5500682036457183,35.08588456683246,0,8240.0,45.161999999999814,5.232500000000002,59.065625362557995,47.43802844517043,11.627596917387574,80.31410512287853,19.238057655987088,15.774944352257368,31.663084092913046,82.03559078133054,3.0,6,245.60119196782725,574,18.29268292682927,148,824,nan,nan,0.0,0,10,0,0,,,,,,,,,,,,,,,,,,,,,,,,,
stress_near_transition,C2,6014,1668,1658,69.08333333333333,99.40047961630695,1.2650222599962504,230.11106308915382,0.8165251871008578,38.08139534883721,3.92749244712991,61.91860465116279,0.5433888158948249,56.19974087592186,0,10110.0,45.4699999999998,5.242638888888888,63.332036789008264,50.8608546082993,12.471182180708965,80.30825659017266,19.223891554148427,19.157768684410268,31.70308592388903,87.96116220695593,3.0,6,393.39818613145303,732,15.846994535519126,178,1011,nan,nan,0.0,0,22,0,0,,,,,,,,,,,,,,,,,,,,,,,,,
stress_near_transition,C2,6015,1626,1620,67.5,99.63099630996311,1.1900426470550247,188.7274265637803,0.8641119050910351,33.86581469648562,3.5795887281035776,66.13418530351439,0.5462490165649911,58.64942313399576,0,11100.0,44.57599999999977,5.128055555555558,66.09049565124442,52.88167443663819,13.208821214606248,80.01403819951905,19.385721009828103,21.227504356308547,31.654170080329642,91.79235507117284,3.0,6,410.5459619379703,832,28.245192307692307,204,1110,nan,nan,0.0,0,17,0,0,,,,,,,,,,,,,,,,,,,,,,,,,
stress_near_transition,C2,6016,1713,1626,67.75,94.92119089316988,21.26763761407613,411.2908709079983,19.987740635818245,55.70652173913043,34.27509293680298,44.29347826086957,0.5360243260791677,163.36454512009854,0,11390.0,46.63199999999977,5.379583333333336,62.54373965609945,50.04077675323656,12.502962902862901,80.00924957220148,19.33277777777773,21.873337675088294,28.16743907814826,86.86630507791595,3.0,6,1143.5518158406896,795,21.50943396226415,201,1139,nan,nan,0.0,0,9,0,0,,,,,,,,,,,,,,,,,,,,,,,,,
stress_near_transition,C2,6017,1708,1705,71.04166666666667,99.82435597189696,1.9618500864228587,244.14507929209648,1.1787245348028723,44.03409090909091,12.684365781710916,55.96590909090909,0.5403870152097954,75.28236184568527,0,9250.0,46.421999999999805,5.358749999999999,60.844944334263104,48.75779602856174,12.087148305701367,80.13450675655426,19.595242667396334,17.163455118559856,31.594340910001883,84.506867130921,3.0,6,526.9765329197969,667,22.188905547226387,175,925,nan,nan,0.0,0,10,0,0,,,,,,,,,,,,,,,,,,,,,,,,,
stress_near_transition,C2,6018,1730,1723,71.79166666666667,99.59537572254335,4.762336173037707,311.25909613106074,3.4805796352982696,63.01775147928994,24.20977011494253,36.98224852071006,0.525367255134999,146.79733594496764,0,5650.0,46.28199999999988,5.3765277777777705,66.21490341196044,52.60008620224634,13.614817209714104,79.438439825233,19.254383034404558,10.326189491580735,42.2738967106656,91.96514362772284,3.0,6,1027.5813516147734,387,33.850129198966414,97,565,nan,nan,0.0,0,15,0,0,,,,,,,,,,,,,,,,,,,,,,,,,
stress_near_transition,C2,6019,1720,1713,71.375,99.59302325581395,7.175223897536472,303.45765749625025,5.690065799967921,59.06249999999999,35.71428571428571,40.9375,0.5344920077735663,142.6921482981863,0,7850.0,46.15799999999984,5.355416666666662,62.6160280821226,50.121857655888036,12.494170426234561,80.0463702203402,19.310490266362457,14.992429275794409,35.129428380093636,86.96670566961474,3.0,6,998.8450380873041,555,26.486486486486488,139,785,nan,nan,0.0,0,10,0,0,,,,,,,,,,,,,,,,,,,,,,,,,
stress_near_transition,C2,6020,1642,1639,68.29166666666667,99.81729598051157,2.412073687993468,313.9965950577163,1.7486024924957229,45.13274336283186,9.20951650038373,54.86725663716814,0.5489984696658202,101.18713497619682,0,7840.0,43.94799999999984,5.104444444444441,63.104771288426605,50.50229794572321,12.602473342703407,80.02928608186765,19.46127818483263,15.349558443782097,35.152739501941106,87.64551567837027,3.0,6,708.3099448333777,566,33.215547703180206,134,784,nan,nan,0.0,0,17,0,0,,,,,,,,,,,,,,,,,,,,,,,,,
stress_near_transition,C2,6021,1697,1695,70.625,99.88214496169712,1.835497053327151,221.58964817127634,1.1209078193787603,46.41744548286605,7.776162790697672,53.58255451713395,0.5409867068848901,87.93875704666512,0,7430.0,46.01199999999986,5.316527777777772,61.642699730015345,49.16691368984549,12.475786040169869,79.7611297123395,19.34738831711742,13.978717249737294,35.18819644010819,85.61486073613244,3.0,6,615.5712993266558,534,32.58426966292135,133,743,nan,nan,0.0,0,10,0,0,,,,,,,,,,,,,,,,,,,,,,,,,
stress_near_transition,C2,6022,1650,1642,68.41666666666667,99.51515151515152,0.8731100364462248,196.42249325068514,0.6097976535592758,40.96774193548387,0.5970149253731294,59.03225806451613,0.552929431373581,31.339611661333905,0,10530.0,45.169999999999774,5.19930555555556,60.323566587715206,48.43776481769982,11.885801770015396,80.29658648791515,19.209118781031144,20.353806147127223,28.0839586705726,83.7827313718267,3.0,6,219.37728162933732,776,25.644329896907216,172,1053,nan,nan,0.0,0,21,0,0,,,,,,,,,,,,,,,,,,,,,,,,,
stress_near_transition,C2,6023,1723,1636,68.16666666666667,94.95066744051074,11.786395378006812,393.7855317785647,10.830433362100553,48.467966573816156,24.486803519061585,51.532033426183844,0.5251566907017446,158.7748789162417,0,11740.0,47.31399999999975,5.439444444444449,67.02102788632067,53.505646699616435,13.515381186704271,79.83411831637575,19.236199620266923,21.824286456528853,31.681360243087575,93.08476095322318,3.0,6,1111.4241524136921,816,24.142156862745097,202,1174,nan,nan,0.0,0,13,0,0,,,,,,,,,,,,,,,,,,,,,,,,,
stress_near_transition,C2,6024,1708,1706,71.08333333333333,99.88290398126463,1.9789563942307333,201.93223041812573,1.2056114616220446,45.6973293768546,11.086797957695115,54.3026706231454,0.5430398524765282,73.0276908580896,0,8410.0,46.36999999999983,5.355138888888886,59.50791435182976,47.71446155221376,11.793452799616006,80.1817070417065,19.321399309089223,16.079152880851396,31.635308671362363,82.64988104420802,3.0,6,511.1938360066272,636,25.628930817610062,154,841,nan,nan,0.0,0,12,0,0,,,,,,,,,,,,,,,,,,,,,,,,,
stress_near_transition,C2,6025,1656,1643,68.45833333333333,99.21497584541062,7.466340643920303,347.9720816053063,6.4962375337924945,51.45348837209303,23.17073170731707,48.54651162790697,0.5471327729034601,106.56517840319421,0,9430.0,44.993999999999815,5.194583333333333,62.64508245665617,49.991977376383474,12.653105080272713,79.80191806910412,19.334341711724896,18.350532970420605,31.641444405962865,87.00705896757805,3.0,6,745.9562488223595,708,31.63841807909605,173,943,nan,nan,0.0,0,10,0,0,,,,,,,,,,,,,,,,,,,,,,,,,
stress_near_transition,C2,6026,1727,1721,71.70833333333333,99.65257672264042,7.095076017033073,309.8742121626058,5.5221180266478616,61.34969325153374,33.904354032833695,38.65030674846626,0.5323252560559173,146.7882885895999,0,6190.0,46.05599999999986,5.357083333333328,63.0080709478177,50.45512244153921,12.552948506278497,80.0772372214432,19.312339247553272,11.74333298484033,38.711789456698874,87.51120964974682,3.0,6,1027.5180201271992,432,27.546296296296298,109,619,nan,nan,0.0,0,15,0,0,,,,,,,,,,,,,,,,,,,,,,,,,
stress_near_transition,C2,6027,1688,1683,70.125,99.70379146919431,2.6103010062882825,283.74518814042773,1.7306504663440556,52.05047318611987,15.754923413566734,47.94952681388013,0.542948130789949,115.83262343259523,0,9440.0,46.055999999999806,5.308333333333332,61.554142081865685,49.271989337177274,12.282152744688426,80.04658609593906,19.292015757652482,17.587262241024398,31.68472709615287,85.49186400259127,3.0,6,810.8283640281666,664,20.03012048192771,167,944,nan,nan,0.0,0,17,0,0,,,,,,,,,,,,,,,,,,,,,,,,,
stress_near_transition,C2,6028,1696,1687,70.29166666666667,99.46933962264151,17.96153092594249,382.723177918765,16.255284397650634,64.08668730650156,43.55426074289876,35.91331269349845,0.5357746748884668,154.72499663585825,0,8440.0,46.179999999999815,5.326944444444443,64.36956385621274,51.55750381211942,12.812060044093325,80.09609002056841,19.317995728783835,16.364123077492433,35.193380734626984,89.40217202251769,3.0,6,1083.0749764510078,623,31.46067415730337,152,844,nan,nan,0.0,0,18,0,0,,,,,,,,,,,,,,,,,,,,,,,,,
stress_near_transition,C2,6029,1702,1696,70.66666666666667,99.64747356051704,3.0249278881903474,226.08003772632037,2.0805231289478923,53.42857142857142,17.085798816568044,46.57142857142857,0.5405242921987504,87.38598297478276,0,9040.0,46.38399999999982,5.348611111111108,61.37575673182974,49.22691801857132,12.148838713258435,80.20580216006041,19.3089265664335,17.55629342522049,31.670624593350826,85.24410657198574,3.0,6,611.7018808234793,658,19.756838905775076,169,904,nan,nan,0.0,0,13,0,0,,,,,,,,,,,,,,,,,,,,,,,,,
stress_near_transition,C2,6030,1707,1702,70.91666666666667,99.7070884592853,1.5157049940759706,183.85303967922738,0.8942781875189258,45.370370370370374,5.639913232104121,54.629629629629626,0.5439772653091929,61.556617724722514,0,8300.0,45.77399999999983,5.312499999999997,59.135458284166766,47.47409512311056,11.6613631610562,80.28025232337046,19.361111111111097,15.829079068656883,31.645016054453674,82.1325809502316,3.0,6,430.8963240730576,606,17.16171617161716,158,830,nan,nan,0.0,0,11,0,0,,,,,,,,,,,,,,,,,,,,,,,,,
stress_near_transition,C2,6031,1670,1664,69.33333333333333,99.64071856287426,4.410515665768709,302.81062783869095,3.2861127262401104,59.883720930232556,25.26395173453997,40.116279069767444,0.5464194284202909,142.54765806083515,0,10750.0,45.7819999999998,5.266805555555556,61.604608076173314,49.01904384809123,12.585564228082102,79.57041750428768,19.453289051609236,20.899363512204964,28.119680335886272,85.56195566135186,3.0,6,997.833606425846,794,30.100755667506295,186,1075,nan,nan,0.0,0,8,0,0,,,,,,,,,,,,,,,,,,,,,,,,,
stress_near_transition,C2,6032,1757,1632,68.0,92.88560045532157,27.80857724102503,413.2014404038137,26.52202045702037,57.831325301204814,33.19298245614035,42.168674698795186,0.5193497668486535,192.50095320646568,0,11610.0,47.815999999999754,5.516805555555559,66.54771750827864,53.07973139213779,13.467986116140867,79.7619112714641,19.308276212359434,21.415502837327836,31.66422855480995,92.4273854281648,3.0,6,1347.5066724452597,823,28.189550425273392,198,1161,nan,nan,0.0,0,9,0,0,,,,,,,,,,,,,,,,,,,,,,,,,
stress_near_transition,C2,6033,1700,1660,69.16666666666667,97.6470588235294,10.981686590513561,307.07208162280074,9.553342149494739,59.475218658892125,36.18275607958733,40.524781341107875,0.5393808638450447,145.17251948548255,0,10930.0,46.44199999999978,5.35013888888889,62.15204462209747,49.72060525909343,12.431439363004039,79.9983420680835,19.524475511847843,21.589500842089976,28.13110441700346,86.32228419735762,3.0,6,1016.2076363983779,828,30.555555555555557,179,1093,nan,nan,0.0,0,9,0,0,,,,,,,,,,,,,,,,,,,,,,,,,
stress_near_transition,C2,6034,1610,1606,66.91666666666667,99.75155279503105,0.7756852794809491,172.38843526985355,0.5855795876950642,28.80794701986755,0.4587155963302725,71.19205298013244,0.5633422067223205,26.717757709979107,0,9480.0,43.54399999999981,5.036388888888888,59.07552781195044,46.80205430464514,12.273473507305308,79.22409843484719,19.21713269670196,18.639172258896416,28.162882045748717,82.0493441832645,3.0,6,187.02430396985378,735,22.176870748299322,160,948,nan,nan,0.0,0,18,0,0,,,,,,,,,,,,,,,,,,,,,,,,,
stress_near_transition,C2,6035,1658,1655,68.95833333333333,99.81905910735827,1.2344873502591993,203.00673233706766,0.8385665949253613,37.16814159292036,5.307050796057622,62.83185840707964,0.5552035146500165,38.01016680003975,0,9680.0,44.98799999999982,5.196666666666666,58.37742861639168,46.783272060380924,11.59415655601077,80.1393161178818,19.294666593670538,18.64202711472432,28.1412449456566,81.07976196721067,3.0,6,266.0711676002782,709,22.28490832157969,169,968,nan,nan,0.0,0,13,0,0,,,,,,,,,,,,,,,,,,,,,,,,,
stress_near_transition,C2,6036,1636,1633,68.04166666666667,99.81662591687042,1.9295683151688576,224.34917987355948,1.3806304046112867,39.541547277936964,9.246309246309249,60.458452722063036,0.555241891570745,49.24199628855673,0,10400.0,44.659999999999776,5.146388888888891,60.55808664834447,48.5736367740861,11.984449874258399,80.20999252527407,19.271194614196222,20.462539616282783,28.111097157803307,84.10845367825625,3.0,6,344.6939740198971,788,20.431472081218274,181,1040,nan,nan,0.0,0,23,0,0,,,,,,,,,,,,,,,,,,,,,,,,,
stress_near_transition,C2,6037,1729,1716,71.5,99.24812030075188,5.947707540514816,309.4948207337311,4.567104215592037,55.84795321637427,32.87671232876712,44.15204678362573,0.5274354807875451,140.80604826329528,0,9160.0,46.6299999999998,5.399444444444442,65.27251768307728,52.139283540076825,13.13323414300046,79.87938169205106,19.347356189363367,16.93705318051894,35.20223035955788,90.65627455982958,3.0,6,985.6423378430668,642,26.791277258566975,179,916,nan,nan,0.0,0,14,0,0,,,,,,,,,,,,,,,,,,,,,,,,,
stress_near_transition,C2,6038,1659,1652,68.83333333333333,99.57805907172997,0.5872300477442737,159.01584599721852,0.41211331001581364,34.98452012383901,0.22455089820359042,65.01547987616098,0.5531603910757154,13.069228071166991,0,13460.0,45.68999999999973,5.246666666666674,59.30716289783942,47.2940947978927,12.013068099946759,79.74432174299075,19.253676155777033,26.208819354008643,21.085275443884044,82.37105958033256,3.0,6,91.48459649816893,1023,18.27956989247312,228,1346,nan,nan,0.0,0,21,0,0,,,,,,,,,,,,,,,,,,,,,,,,,
stress_near_transition,C2,6039,1597,1590,66.25,99.56167814652474,4.267261575138506,300.68082049230213,3.363162908171762,49.36305732484077,18.862042088854245,50.63694267515923,0.5603694143504128,103.03519344442894,0,8900.0,43.409999999999805,5.010833333333336,61.87381516739192,49.66066838706,12.213146780331932,80.26120298660949,19.2790072099247,18.04060997881704,31.620058408242958,85.93585439915546,3.0,6,721.2463541110027,702,41.168091168091166,144,890,nan,nan,0.0,0,12,0,0,,,,,,,,,,,,,,,,,,,,,,,,,
stress_near_transition,C2,6040,1716,1710,71.25,99.65034965034964,1.537784810709859,266.82195830341163,0.9891061815072891,46.89265536723164,5.5066079295154164,53.10734463276836,0.5398369395751,70.19506152549259,0,8790.0,46.12199999999982,5.347916666666663,60.322182454149555,48.25597943524464,12.066203018904936,79.99707151166763,19.316618549471936,16.551004688361562,31.704974746883074,83.78080896409664,3.0,6,491.3654306784482,650,21.846153846153847,162,879,nan,nan,0.0,0,11,0,0,,,,,,,,,,,,,,,,,,,,,,,,,
stress_near_transition,C2,6041,1621,1614,67.25,99.56816779765578,0.6624405123041669,175.71902469172977,0.495276595164102,34.04907975460123,0.4633204633204602,65.95092024539878,0.5630535259098839,19.543295335903046,0,11250.0,44.003999999999785,5.082083333333336,58.121022941418474,46.35974502989891,11.761277911519583,79.76415879091799,19.336961326953432,21.723375322457265,24.636369707441638,80.72364297419234,3.0,6,136.80306735132132,842,25.29691211401425,195,1125,nan,nan,0.0,0,7,0,0,,,,,,,,,,,,,,,,,,,,,,,,,
stress_near_transition,C2,6042,1643,1634,68.08333333333333,99.45222154595253,2.318735628694503,235.45920747866452,1.5088376462288997,48.21428571428571,16.75592960979342,51.78571428571429,0.5530613199462864,75.67227212559837,0,8980.0,44.46599999999982,5.141666666666664,60.957094747071686,48.81600579749259,12.1410889495791,80.08256627065984,19.48436815133042,17.174839278938638,31.64116651855395,84.66263159315513,3.0,6,529.7059048791887,655,22.900763358778626,179,898,nan,nan,0.0,0,12,0,0,,,,,,,,,,,,,,,,,,,,,,,,,
stress_near_transition,C2,6043,1684,1680,70.0,99.7624703087886,6.86197300597242,303.7577607935509,5.511670450109626,58.23529411764705,33.110119047619044,41.76470588235294,0.5399946548322303,127.46641209395622,0,6610.0,45.24199999999986,5.246805555555551,63.44269396455597,50.66487196863642,12.777821995919549,79.85926952746011,19.35109622233128,11.981688782531293,38.68318318610513,88.11485272854996,3.0,6,892.2648846576935,455,33.4065934065934,127,661,nan,nan,0.0,0,12,0,0,,,,,,,,,,,,,,,,,,,,,,,,,
stress_near_transition,C2,6044,1702,1698,70.75,99.76498237367802,1.995564712438368,263.3277220270622,1.2240935877047838,53.41614906832298,10.579710144927535,46.58385093167702,0.5448944937471228,108.52195725768395,0,8510.0,45.94999999999983,5.318472222222219,59.17317515145009,47.47292613962573,11.700249011824372,80.22710631653905,19.264025771474223,15.797351812094703,31.67557432753102,82.18496548812512,3.0,6,759.6537008037877,602,16.27906976744186,147,851,nan,nan,0.0,0,12,0,0,,,,,,,,,,,,,,,,,,,,,,,,,
stress_near_transition,C2,6045,1642,1620,67.5,98.66017052375152,8.454629089220367,366.04528895564437,7.312610047030271,51.298701298701296,28.335832083958024,48.701298701298704,0.547730841336479,153.87830482197845,0,11690.0,45.08999999999976,5.183750000000003,63.74365596641456,51.007864554537726,12.73579141187684,80.02029971643437,19.255661571429314,22.79863143144707,28.20923312309065,88.53285550890914,3.0,6,1077.1481337538492,821,21.193666260657736,197,1169,nan,nan,0.0,0,16,0,0,,,,,,,,,,,,,,,,,,,,,,,,,
stress_near_transition,C2,6046,1662,1658,69.08333333333333,99.75932611311673,1.4190485336362735,292.2935393734042,1.0245312581799793,35.928143712574844,4.81927710843374,64.07185628742515,0.5584766040765826,87.00361767798418,0,9210.0,44.89799999999979,5.195416666666666,56.3277915454024,45.097791724763944,11.229999820638456,80.0631277873079,19.415600924794184,16.970009855636306,28.127781869127627,78.23304381305888,3.0,6,609.0253237458892,623,18.940609951845907,152,921,nan,nan,0.0,0,12,0,0,,,,,,,,,,,,,,,,,,,,,,,,,
stress_near_transition,C2,6047,1605,1594,66.41666666666667,99.31464174454828,0.7855482783457988,193.90856237276165,0.5299986461109473,35.988200589970496,0.7109004739336511,64.0117994100295,0.5713208268774524,34.21837751469413,0,11700.0,44.53799999999975,5.0991666666666715,55.554303253764,44.51044010045572,11.043863153308292,80.1205982138566,19.34499673480937,23.419378518216426,21.091061582239288,77.1587545191167,3.0,6,239.52864260285895,897,27.759197324414714,196,1170,nan,nan,0.0,0,12,0,0,,,,,,,,,,,,,,,,,,,,,,,,,
stress_near_transition,C2,6048,1649,1640,68.33333333333333,99.45421467556095,5.201104652219293,319.138714514242,4.2747348986257725,44.20731707317073,22.78576835730507,55.79268292682927,0.552667369355485,114.95335845302289,0,12150.0,44.975999999999765,5.184583333333338,60.55564584483552,48.60997024635944,11.945675598476097,80.27322567232619,19.241648662477107,23.999607709786655,24.610362536572783,84.1050636733827,3.0,6,804.6735091711602,910,31.538461538461537,185,1215,nan,nan,0.0,0,11,0,0,,,,,,,,,,,,,,,,,,,,,,,,,
stress_near_transition,C2,6049,1657,1652,68.83333333333333,99.69824984912492,1.7528172420285744,223.80954824560493,1.1959272470348565,40.84084084084084,6.9486404833836835,59.15915915915916,0.5467344782570543,87.36065030065639,0,8170.0,44.55599999999984,5.165416666666664,62.74582295844465,50.354191250110894,12.391631708333756,80.25106513219136,19.22669295593213,15.195969297649638,35.15822195246126,87.14697633117314,3.0,6,611.5245521045947,581,24.95697074010327,133,817,nan,nan,0.0,0,22,0,0,,,,,,,,,,,,,,,,,,,,,,,,,
stress_near_transition,C2,6050,1676,1671,69.625,99.7016706443914,1.0804540490506862,226.36095854547213,0.7611679578424007,37.383177570093466,1.5498154981549828,62.616822429906534,0.5377633223306694,67.03937514383101,0,12660.0,46.247999999999756,5.306666666666671,65.36728554534263,52.26764331363091,13.09964223171172,79.95994154809284,19.41564381329082,24.121858802187912,28.145784511443004,90.78789659075368,3.0,6,469.27562600681705,907,25.24807056229327,236,1266,nan,nan,0.0,0,9,0,0,,,,,,,,,,,,,,,,,,,,,,,,,
stress_near_transition,C2,6051,1555,1549,64.54166666666667,99.61414790996784,0.7774895228560236,202.59538543300198,0.5398903115250872,31.940298507462682,0.901639344262295,68.05970149253731,0.5748242806421274,30.95485622190582,0,12720.0,42.83799999999976,4.918611111111117,58.78856255636777,47.00076869565274,11.787793860715073,79.9488312893981,19.336080759710832,25.87910210045257,21.121666595200157,81.65078132828863,3.0,6,216.68399355334077,976,30.327868852459016,193,1272,nan,nan,0.0,0,6,0,0,,,,,,,,,,,,,,,,,,,,,,,,,
stress_near_transition,C2,6052,1729,1725,71.875,99.76865240023135,1.8397237264970714,243.4482217174272,1.1895383316035788,45.10385756676558,10.057471264367813,54.89614243323442,0.5354904653382994,59.53819075477638,0,7420.0,46.24999999999984,5.373055555555551,61.212805469497134,48.96382991447658,12.248975555020552,79.98952104699019,19.236272954557325,13.782500410051286,35.181329504425285,85.0177853743016,3.0,6,416.76733528343465,522,19.34865900383142,123,742,nan,nan,0.0,0,13,0,0,,,,,,,,,,,,,,,,,,,,,,,,,
stress_near_transition,C2,6053,1561,1556,64.83333333333333,99.67969250480462,0.45785618417062646,123.23647529249381,0.3436642166227602,31.147540983606557,0.31847133757961776,68.85245901639344,0.5759210466783072,8.632965813636215,0,14310.0,43.359999999999715,4.96236111111112,57.63579247413315,46.065014252694006,11.57077822143919,79.92431833633226,19.326652010902862,28.500659601094853,17.564354651599153,80.04971176962944,3.0,6,60.4307606954535,1075,25.674418604651162,238,1431,nan,nan,0.0,0,11,0,0,,,,,,,,,,,,,,,,,,,,,,,,,
stress_near_transition,C2,6054,1722,1716,71.5,99.65156794425087,7.344460410856484,308.1317919401035,6.017977581362822,56.18279569892473,32.2962962962963,43.81720430107527,0.530111705541086,128.4951998104402,0,8840.0,46.75999999999983,5.399722222222219,64.62370040729263,51.74849748239869,12.875202924893955,80.07665478184069,19.419429780324126,16.583700246265547,35.16479723613315,89.75513945457311,3.0,6,899.4663986730814,633,23.85466034755134,171,884,nan,nan,0.0,0,15,0,0,,,,,,,,,,,,,,,,,,,,,,,,,
stress_near_transition,C2,6055,1715,1709,71.20833333333333,99.65014577259475,3.516761699143164,239.61864424607458,2.558350337375784,50.737463126843664,19.331395348837212,49.26253687315634,0.5327460294944405,74.54938163501849,0,6760.0,46.03399999999985,5.340555555555551,63.996001134802015,51.29620326494465,12.699797869857386,80.15532588808738,19.275915438843818,12.607173096834908,38.689030168109724,88.88333490944724,3.0,6,521.8456714451294,493,20.486815415821503,131,676,nan,nan,0.0,0,13,0,0,,,,,,,,,,,,,,,,,,,,,,,,,
stress_near_transition,C2,6056,1633,1627,67.79166666666667,99.63257807715861,0.9108254568711185,181.05442634507708,0.6023375615423564,38.52941176470588,2.010827532869297,61.47058823529412,0.5588357398129417,32.59182401420575,0,11560.0,44.98199999999977,5.165000000000004,59.046787134277395,47.24385843739522,11.802928696882208,80.01088751867003,19.3516276259432,22.593729333118517,24.650129104276697,82.00942657538532,3.0,6,228.14276809944022,879,28.100113765642774,210,1156,nan,nan,0.0,0,12,0,0,,,,,,,,,,,,,,,,,,,,,,,,,
stress_near_transition,C3,6007,1718,1479,61.625,86.08847497089639,37.14576118974107,602.298351105582,36.37113268549265,41.35802469135802,18.364418938307026,58.64197530864198,0.528124940510993,255.7256743026238,0,14740.0,47.97199999999968,5.4788888888889,66.02502998245947,52.91281418308903,13.11221579937046,80.1405379098595,19.22438327796555,28.295503677956052,24.61731050513298,91.70143053119375,3.0,6,1790.0797201183666,1070,72.99065420560747,257,1474,nan,nan,0.0,0,7,0,0,,,,,,,,,,,,,,,,,,,,,,,,,
stress_near_transition,C3,6008,1664,1654,68.91666666666667,99.39903846153845,1.7400055169188882,602.0425795203087,1.598465261302354,29.618768328445743,0.7558578987150399,70.38123167155426,0.5201780972218136,255.95464719546632,0,18330.0,46.58199999999962,5.31486111111113,75.43023900020586,60.270613527189596,15.159625473016305,79.90245599914526,19.24277648267055,35.69914613742156,24.571467389768053,104.76422083361932,3.0,6,1791.6825303682642,1348,71.95845697329378,337,1833,nan,nan,0.0,0,13,0,0,,,,,,,,,,,,,,,,,,,,,,,,,
stress_near_transition,C3,6009,1674,1567,65.29166666666667,93.60812425328554,11.818611132452919,607.659443780476,11.44703675426744,36.857142857142854,6.797583081571002,63.142857142857146,0.5259598738992758,257.135440600515,0,16680.0,47.17599999999963,5.368611111111127,71.516223554765,57.26521214707866,14.25101140768637,80.07303699869814,19.21954095576134,32.603971867475195,24.661240279603465,99.32808827050698,3.0,6,1799.948084203605,1230,72.35772357723577,275,1668,nan,nan,0.0,0,8,0,0,,,,,,,,,,,,,,,,,,,,,,,,,
stress_near_transition,C3,6010,1684,1681,70.04166666666667,99.82185273159145,0.13069376405433236,3.695862557048046,0.029832334055064354,27.56598240469208,0.0,72.43401759530792,0.5750833693724019,0.0,0,18440.0,47.379999999999605,5.395277777777796,45.7579818363094,36.58160996735108,9.176371868958373,79.94585534435267,21.87070295055561,36.58160996735108,0.0,63.5527525504298,3.0,6,0.0,1354,74.96307237813885,307,1844,nan,nan,0.0,0,0,0,0,,,,,,,,,,,,,,,,,,,,,,,,,
stress_near_transition,C3,6011,1707,1539,64.125,90.15817223198594,21.43827046458416,612.0462858957743,20.948515956830363,40.45307443365695,11.08726752503576,59.54692556634305,0.5215140348912154,259.2430877068012,0,16480.0,47.50599999999966,5.432777777777792,70.45692641482741,56.1747623051189,14.282164109708532,79.7292262997398,19.409452540009774,31.55157920763964,24.623183097479252,97.85684224281589,3.0,6,1814.7016139476084,1194,70.18425460636516,281,1648,nan,nan,0.0,0,7,0,0,,,,,,,,,,,,,,,,,,,,,,,,,
stress_near_transition,C3,6012,1679,1675,69.79166666666667,99.76176295413937,0.12701010032589938,3.475479414772584,0.0284739890881886,32.36245954692557,0.0,67.63754045307444,0.5765099629006033,0.0,0,18520.0,47.26999999999961,5.3813888888889085,45.53897869809592,36.43974330693161,9.099235391164344,80.01879784900675,21.36489532228699,36.43974330693161,0.0,63.24858152513328,3.0,6,0.0,1393,70.35175879396985,302,1852,nan,nan,0.0,0,0,0,0,,,,,,,,,,,,,,,,,,,,,,,,,
stress_near_transition,C3,6013,1677,1497,62.375,89.26654740608228,25.016537107456355,611.0770969835334,24.427958647070284,37.4251497005988,13.17944899478779,62.5748502994012,0.5292719450536814,262.5763599823268,0,15750.0,46.66399999999967,5.336805555555569,69.54693969294459,55.45189026910245,14.095049423842159,79.73304147375437,19.34223103457909,30.818428043480345,24.63346222562211,96.59297179575643,3.0,6,1838.0345198762873,1150,73.65217391304347,266,1575,nan,nan,0.0,0,16,0,0,,,,,,,,,,,,,,,,,,,,,,,,,
stress_near_transition,C3,6014,1668,1648,68.66666666666667,98.8009592326139,2.3823491510761183,616.5089504427747,2.2347778630443274,31.3953488372093,1.3595166163142047,68.6046511627907,0.5189849528585008,261.0518048049815,0,18270.0,47.101999999999634,5.35597222222224,75.63158375931553,60.290449798788316,15.341133960527266,79.71596891406145,19.264442181646395,35.63709016626491,24.6533596325234,105.04386633238276,3.0,6,1827.3626336348707,1339,69.75354742345033,317,1827,nan,nan,0.0,0,10,0,0,,,,,,,,,,,,,,,,,,,,,,,,,
stress_near_transition,C3,6015,1626,1620,67.5,99.63099630996311,0.9050096054630913,426.3927345695064,0.8071315717198128,26.517571884984026,0.30464584920030235,73.48242811501598,0.542590224073417,121.07098435680078,0,18630.0,46.08199999999962,5.232638888888907,67.93452706699783,54.41386679007503,13.52066027692284,80.09751320769693,19.431534588865606,36.84766630855604,17.566200481518983,94.35350981527483,3.0,6,847.4968904976054,1409,73.31440738112136,316,1863,nan,nan,0.0,0,9,0,0,,,,,,,,,,,,,,,,,,,,,,,,,
stress_near_transition,C3,6016,1713,1548,64.5,90.36777583187391,21.30513854122145,610.0207771092312,20.853782222886654,37.22826086956522,9.962825278810406,62.77173913043478,0.5195011919796221,260.3197234040725,0,16810.0,47.71599999999965,5.454861111111126,70.87139924227043,56.67622119768103,14.19517804458944,79.97051251088769,19.361303382319225,32.03344261685025,24.64277858083078,98.43249894759789,3.0,6,1822.2380638285072,1159,69.11130284728215,289,1681,nan,nan,0.0,0,15,0,0,,,,,,,,,,,,,,,,,,,,,,,,,
stress_near_transition,C3,6017,1708,1661,69.20833333333333,97.24824355971897,4.613280904660805,608.4604579731362,4.413215390795343,30.39772727272727,2.8761061946902644,69.60227272727273,0.5138776246130986,258.59711481504564,0,18490.0,48.2699999999996,5.487083333333351,74.20567719499824,59.194483770522716,15.011193424475568,79.77082887468434,19.39892353889914,34.56938843652491,24.625095333997805,103.06344054860877,3.0,6,1810.1798037053195,1335,69.66292134831461,347,1849,nan,nan,0.0,0,15,0,0,,,,,,,,,,,,,,,,,,,,,,,,,
stress_near_transition,C3,6018,1730,1435,59.791666666666664,82.94797687861272,67.69134360762988,613.7328316945024,66.4546345828417,57.10059171597632,32.327586206896555,42.89940828402367,0.5183868899832482,289.2358344386923,0,12400.0,47.63199999999973,5.470277777777783,69.73300744844289,55.34189175780194,14.391115690640953,79.36254835806268,19.489444444444402,23.726241790044824,31.61564996775712,96.85139923394847,3.0,6,2024.6508410708457,876,71.46118721461188,214,1240,nan,nan,0.0,0,9,0,0,,,,,,,,,,,,,,,,,,,,,,,,,
stress_near_transition,C3,6019,1720,1486,61.916666666666664,86.39534883720931,38.17793144386822,591.4794419437773,37.36202328819035,43.125,19.499999999999996,56.875,0.5307874546618797,247.20755366612613,0,14140.0,47.4159999999997,5.442777777777787,64.48312285041257,51.72105210033253,12.762070750080051,80.20866517323395,19.38139396214244,27.104706478816702,24.616345621515826,89.55989284779527,3.0,6,1730.452875662883,1008,71.23015873015873,255,1414,nan,nan,0.0,0,8,0,0,,,,,,,,,,,,,,,,,,,,,,,,,
stress_near_transition,C3,6020,1642,1497,62.375,91.16930572472594,18.55042959666735,604.6598499034953,18.091736883752922,38.05309734513275,10.360706062931701,61.94690265486725,0.5342437406807218,255.20506086857662,0,16100.0,45.59999999999965,5.2191666666666805,70.54115469691615,56.23845670225024,14.30269799466595,79.72432113406957,19.480512293940915,31.618439890496177,24.620016811754073,97.97382596793916,3.0,6,1786.4354260800362,1184,74.23986486486487,275,1610,nan,nan,0.0,0,7,0,0,,,,,,,,,,,,,,,,,,,,,,,,,
stress_near_transition,C3,6021,1697,1498,62.416666666666664,88.27342368886269,30.035282298210713,612.6357034815788,29.4346909559043,36.7601246105919,14.389534883720934,63.2398753894081,0.5266097475846221,257.8564865401026,0,16060.0,47.73799999999969,5.436388888888901,68.88868721735042,55.10355257873444,13.785134638616018,79.98926210464344,19.40078403013077,30.490724491092024,24.61282808764241,95.67873224632008,3.0,6,1804.995405780718,1166,70.926243567753,278,1606,nan,nan,0.0,0,8,0,0,,,,,,,,,,,,,,,,,,,,,,,,,
stress_near_transition,C3,6022,1650,1643,68.45833333333333,99.57575757575758,0.13182450253284922,4.13808787742073,0.037545246713639145,33.225806451612904,0.07462686567164534,66.77419354838709,0.5809937069959109,0.0,0,18760.0,46.81599999999961,5.313611111111129,46.17917167406084,36.95718730646127,9.221984367599617,80.02999180520247,23.157443053344256,36.95718730646127,0.0,64.13773843619569,3.0,6,0.0,1404,73.21937321937322,309,1876,nan,nan,0.0,0,0,0,0,,,,,,,,,,,,,,,,,,,,,,,,,
stress_near_transition,C3,6023,1723,1524,63.5,88.45037724898432,27.28311638533926,607.262457240491,26.71045302808928,40.94707520891365,14.442815249266861,59.05292479108635,0.5222250270651966,255.962025031855,0,16110.0,48.18799999999966,5.5001388888889,68.49858635914092,54.58561892183867,13.912967437302266,79.68867946506812,19.240550204934646,29.9432832279137,24.642335693924977,95.13692549880687,3.0,6,1791.734175222985,1122,69.5187165775401,288,1611,nan,nan,0.0,0,7,0,0,,,,,,,,,,,,,,,,,,,,,,,,,
stress_near_transition,C3,6024,1708,1531,63.791666666666664,89.63700234192038,24.176534766638444,603.9993918488414,23.624792607843016,40.059347181008896,12.545587162654993,59.940652818991104,0.5264276121847767,254.62920460853317,0,15690.0,47.82599999999967,5.456250000000012,67.8804834588725,54.276916468029356,13.603566990843172,79.95953137386641,19.55968730084035,29.649521622188548,24.62739484584081,94.27844924843409,3.0,6,1782.4044322597322,1115,72.28699551569507,300,1569,nan,nan,0.0,0,8,0,0,,,,,,,,,,,,,,,,,,,,,,,,,
stress_near_transition,C3,6025,1656,1570,65.41666666666667,94.80676328502415,9.11329953836118,611.6653418991758,8.853252637499562,31.686046511627907,4.9542682926829285,68.31395348837209,0.5239595331426471,259.59050510311295,0,17700.0,46.64799999999963,5.309444444444463,74.32439529610583,59.302616265272405,15.021779030833477,79.78889842159202,19.40798814149881,34.69161715407439,24.61099911119801,103.22832680014706,3.0,6,1817.1335357217906,1324,71.6012084592145,322,1770,nan,nan,0.0,0,13,0,0,,,,,,,,,,,,,,,,,,,,,,,,,
stress_near_transition,C3,6026,1727,1453,60.541666666666664,84.13433700057904,56.69195511631302,607.922145249784,55.66443920141694,49.38650306748467,25.053533190578158,50.61349693251533,0.5254461844434096,272.54875813993664,0,13170.0,47.451999999999735,5.4540277777777835,66.47512304052151,53.14023355265037,13.33488948787116,79.94003037836795,19.443591461798697,25.0495342388114,28.09069931383896,92.32655977850214,3.0,6,1907.841306979556,945,71.85185185185186,236,1317,nan,nan,0.0,0,9,0,0,,,,,,,,,,,,,,,,,,,,,,,,,
stress_near_transition,C3,6027,1688,1529,63.708333333333336,90.58056872037915,20.268423591451477,607.285295762723,19.77442584365649,35.96214511041009,10.940919037199127,64.03785488958991,0.525046547556806,260.25589033772246,0,16650.0,47.49799999999966,5.408472222222236,70.5765400313697,56.41846155939954,14.158078471970201,79.93939846629317,19.253386920516782,31.785790373036917,24.632671186362618,98.02297226579131,3.0,6,1821.7912323640574,1198,70.95158597662771,308,1665,nan,nan,0.0,0,9,0,0,,,,,,,,,,,,,,,,,,,,,,,,,
stress_near_transition,C3,6028,1696,1440,60.0,84.90566037735849,46.27449011949421,611.821638212344,45.358955334124026,45.5108359133127,22.72396212672979,54.4891640866873,0.5263470256957328,270.84426167850836,0,13930.0,47.277999999999714,5.403194444444453,69.1210990493507,54.990420478786106,14.130678570564623,79.55663500015292,19.214999999999986,26.865515028145758,28.124905450640345,96.00152645743158,3.0,6,1895.9098317495584,1009,71.95242814667988,252,1393,nan,nan,0.0,0,9,0,0,,,,,,,,,,,,,,,,,,,,,,,,,
stress_near_transition,C3,6029,1702,1538,64.08333333333333,90.36427732079906,21.603026157444006,605.1145045356211,21.1062323274762,42.00000000000001,10.72485207100592,57.99999999999999,0.5239415905082017,257.3726422198221,0,16160.0,47.807999999999666,5.447500000000013,69.73343838386637,55.90564024079358,13.827798143072805,80.17049142628824,19.22654331527767,31.293392335719915,24.61224790507367,96.85199775537002,3.0,6,1801.6084955387548,1178,73.5144312393888,301,1616,nan,nan,0.0,0,10,0,0,,,,,,,,,,,,,,,,,,,,,,,,,
stress_near_transition,C3,6030,1707,1569,65.375,91.91564147627417,16.317701900904748,610.1727512317688,15.89973745827427,28.08641975308642,9.03832248734635,71.91358024691358,0.5209372191493741,258.9039891779028,0,16750.0,47.46399999999965,5.4298611111111255,70.74764154871544,56.45431565807662,14.293325890638853,79.79674576035625,19.26958679535659,31.854098120274127,24.600217537802486,98.26061326210484,3.0,6,1812.3279242453198,1198,70.2838063439065,309,1675,nan,nan,0.0,0,9,0,0,,,,,,,,,,,,,,,,,,,,,,,,,
stress_near_transition,C3,6031,1670,1666,69.41666666666667,99.76047904191617,0.16969382854728476,3.9695131107809476,0.0396927634739825,34.883720930232556,0.07541478129713397,65.11627906976744,0.580366600967797,0.0,0,17980.0,47.22799999999964,5.367222222222239,44.49523311223026,35.5936650629931,8.901568049237216,79.99433326535282,21.843313978063815,35.5936650629931,0.0,61.798934878097654,3.0,6,0.0,1342,72.72727272727273,308,1798,nan,nan,0.0,0,0,0,0,,,,,,,,,,,,,,,,,,,,,,,,,
stress_near_transition,C3,6032,1757,1540,64.16666666666667,87.64940239043824,31.641487196936666,612.1919051620057,31.030236415526332,42.168674698795186,14.456140350877188,57.831325301204814,0.5167837443509986,261.26833577311606,0,16040.0,48.70199999999966,5.578333333333345,67.8409928470967,54.22209250324894,13.6189003438478,79.92526380835449,19.292009118780047,29.597783904093127,24.624308599155807,94.22360117652326,3.0,6,1828.8783504118126,1128,71.63120567375887,275,1604,nan,nan,0.0,0,11,0,0,,,,,,,,,,,,,,,,,,,,,,,,,
stress_near_transition,C3,6033,1700,1618,67.41666666666667,95.17647058823529,8.327212083640811,610.521357783355,8.042767024456438,32.6530612244898,4.937361827560793,67.3469387755102,0.5177945435664765,258.18969368891345,0,17400.0,47.735999999999635,5.440000000000016,73.03155004249582,58.42113303687125,14.610417005624626,79.99437640701447,19.376938283528936,33.78823351736107,24.632899519510175,101.43270839235538,3.0,6,1807.327855822394,1276,68.73040752351098,282,1740,nan,nan,0.0,0,21,0,0,,,,,,,,,,,,,,,,,,,,,,,,,
stress_near_transition,C3,6034,1610,1607,66.95833333333333,99.81366459627328,0.11892089012521108,2.6635169744679237,0.026608194904398554,24.17218543046358,0.0,75.82781456953643,0.5875108697146139,0.0,0,18540.0,45.35599999999961,5.162222222222241,46.89452166383461,37.50443673683838,9.390084926996307,79.97615799493711,27.716775711036924,37.50443673683838,0.0,65.13128008865928,3.0,6,0.0,1436,73.46796657381616,296,1854,nan,nan,0.0,0,0,0,0,,,,,,,,,,,,,,,,,,,,,,,,,
stress_near_transition,C3,6035,1658,1655,68.95833333333333,99.81905910735827,0.0980525716551674,2.830108187798396,0.02848834657373409,25.663716814159287,0.0,74.33628318584071,0.5796819349967919,0.0,0,18930.0,46.837999999999624,5.325138888888908,46.04030476161681,36.84726698762531,9.193037773991565,80.03263049280332,21.331003863304037,36.84726698762531,0.0,63.94486772446787,3.0,6,0.0,1411,73.77746279234584,349,1893,nan,nan,0.0,0,0,0,0,,,,,,,,,,,,,,,,,,,,,,,,,
stress_near_transition,C3,6036,1636,1634,68.08333333333333,99.87775061124694,0.1147545509361484,2.714522848914324,0.030902784146192852,29.79942693409742,0.0,70.20057306590259,0.5834152537667665,0.0,0,18640.0,46.3079999999996,5.260833333333353,46.3587121015496,37.081697193301736,9.27701490824793,79.9886267592456,20.187538487692812,37.081697193301736,0.0,64.3871001410412,3.0,6,0.0,1406,74.03982930298719,297,1864,nan,nan,0.0,0,0,0,0,,,,,,,,,,,,,,,,,,,,,,,,,
stress_near_transition,C3,6037,1729,1519,63.291666666666664,87.85425101214574,29.726941883775403,615.5423316767076,29.101751198646514,36.549707602339176,14.131218457101657,63.450292397660824,0.5194070207582754,263.5251475553388,0,15990.0,47.99599999999965,5.494305555555568,69.3188615378292,55.289477984521334,14.029383553307929,79.76108775870236,19.339727182818,30.640079050649835,24.649398933871495,96.27619658031841,3.0,6,1844.6760328873715,1168,69.6917808219178,294,1599,nan,nan,0.0,0,7,0,0,,,,,,,,,,,,,,,,,,,,,,,,,
stress_near_transition,C3,6038,1659,1654,68.91666666666667,99.69861362266425,0.12387548065537113,2.2584085579503155,0.03150455879024477,31.57894736842105,0.0,68.42105263157895,0.579878774026892,0.0,0,18720.0,46.741999999999614,5.31972222222224,45.841097890446356,36.66976735904222,9.171330531404188,79.99321361516624,26.537909026110906,36.66976735904222,0.0,63.6681915145089,3.0,6,0.0,1411,72.92700212615166,326,1872,nan,nan,0.0,0,0,0,0,,,,,,,,,,,,,,,,,,,,,,,,,
stress_near_transition,C3,6039,1597,1592,66.33333333333333,99.68691296180339,0.1238848582695853,3.025670648740925,0.028209067665795215,27.388535031847137,0.0,72.61146496815286,0.5898812761560198,0.0,0,18670.0,45.363999999999606,5.146527777777797,46.99983681736599,37.6168609157928,9.382975901573236,80.03615217211505,19.412256349020556,37.6168609157928,0.0,65.27755113523061,3.0,6,0.0,1423,73.0147575544624,307,1867,nan,nan,0.0,0,4,0,0,,,,,,,,,,,,,,,,,,,,,,,,,
stress_near_transition,C3,6040,1716,1488,62.0,86.7132867132867,34.349632467498544,612.8321944344292,33.69926096285535,42.93785310734464,15.491923641703377,57.06214689265536,0.523277007956137,261.1763334481979,0,15700.0,47.50399999999967,5.4438888888889005,68.66838799010696,54.78632055271842,13.88206743738855,79.78390370924605,19.43150852430568,30.146534957969468,24.639785594748965,95.37276109737081,3.0,6,1828.2343341373853,1188,71.38047138047138,278,1570,nan,nan,0.0,0,9,0,0,,,,,,,,,,,,,,,,,,,,,,,,,
stress_near_transition,C3,6041,1621,1615,67.29166666666667,99.62985811227637,0.09875758736355414,2.935875087938863,0.026446782441329045,29.447852760736193,0.0,70.5521472392638,0.5851907114454552,0.0,0,18930.0,45.53999999999962,5.188750000000019,46.96388143149055,37.57855062302845,9.385330808462147,80.01585362540119,27.678826468590284,37.57855062302845,0.0,65.2276130992925,3.0,6,0.0,1448,75.48342541436463,327,1893,nan,nan,0.0,0,0,0,0,,,,,,,,,,,,,,,,,,,,,,,,,
stress_near_transition,C3,6042,1643,1635,68.125,99.51308581862448,0.1327061322002442,3.4748567063804026,0.034971268553499434,28.57142857142857,0.0,71.42857142857143,0.5828731132923195,0.0,0,18650.0,46.39999999999961,5.275972222222242,45.93195090067091,36.717071553418364,9.214879347252593,79.93797527307304,22.003812360983456,36.717071553418364,0.0,63.79437625093188,3.0,6,0.0,1395,72.47311827956989,330,1865,nan,nan,0.0,0,0,0,0,,,,,,,,,,,,,,,,,,,,,,,,,
stress_near_transition,C3,6043,1684,1468,61.166666666666664,87.17339667458432,47.051957231908474,599.2488083065415,46.01694897568724,47.94117647058823,26.413690476190478,52.05882352941177,0.5359394072889354,264.7710124856456,0,12850.0,46.48999999999973,5.33347222222223,65.48653872637652,52.37048307974757,13.116055646628963,79.97137136621011,19.30546032125916,24.215549276928915,28.15493380281866,90.95352600885633,3.0,6,1853.3970873995195,903,72.53599114064231,243,1285,nan,nan,0.0,0,8,0,0,,,,,,,,,,,,,,,,,,,,,,,,,
stress_near_transition,C3,6044,1702,1551,64.625,91.12808460634547,18.714653739413635,606.153413251382,18.253543627585444,39.13043478260869,9.92753623188406,60.86956521739131,0.5213969697009592,257.82232941068565,0,16770.0,47.60199999999965,5.4331944444444575,71.01592727071656,56.93503994132534,14.080887329391249,80.1722122479453,19.38501194743496,32.2931550561495,24.64188488517583,98.63323232043972,3.0,6,1804.7563058747994,1236,70.79288025889967,300,1677,nan,nan,0.0,0,7,0,0,,,,,,,,,,,,,,,,,,,,,,,,,
stress_near_transition,C3,6045,1642,1638,68.25,99.7563946406821,0.07999409536030438,2.185689091126915,0.01945965517302122,24.350649350649356,0.0,75.64935064935064,0.5829086677304682,0.0,0,18800.0,46.5119999999996,5.282500000000019,46.01403146384393,36.80989945363493,9.204132010209035,79.99711888439668,20.225503474918483,36.80989945363493,0.0,63.90837703311662,3.0,6,0.0,1356,71.976401179941,319,1880,nan,nan,0.0,0,0,0,0,,,,,,,,,,,,,,,,,,,,,,,,,
stress_near_transition,C3,6046,1662,1658,69.08333333333333,99.75932611311673,0.14323070207385863,2.7501070734965953,0.03020492875666872,27.544910179640713,0.0,72.45508982035929,0.5800905171475009,0.0,0,18440.0,46.74399999999959,5.323611111111132,45.434379357659495,36.358082144343115,9.076297213316428,80.02328337784091,24.39355015580544,36.358082144343115,0.0,63.103304663416026,3.0,6,0.0,1384,70.52023121387283,316,1844,nan,nan,0.0,0,0,0,0,,,,,,,,,,,,,,,,,,,,,,,,,
stress_near_transition,C3,6047,1605,1597,66.54166666666667,99.50155763239876,0.13629902386836412,3.644843251453858,0.03671410832697786,29.20353982300885,0.0,70.79646017699115,0.5897688612383145,0.0,0,18390.0,45.8759999999996,5.192083333333352,46.25649393588951,37.0009819991961,9.255511936693457,79.99089176641587,29.78966003123189,37.0009819991961,0.0,64.24513046651327,3.0,6,0.0,1409,71.5400993612491,299,1839,nan,nan,0.0,0,0,0,0,,,,,,,,,,,,,,,,,,,,,,,,,
stress_near_transition,C3,6048,1649,1645,68.54166666666667,99.75742874469375,0.09182726315658164,2.343226940425787,0.024575484621839287,26.21951219512195,0.0,73.78048780487805,0.5796066680906532,0.0,0,18690.0,46.28399999999963,5.2754166666666835,46.978239282310696,37.58871029079742,9.389528991513316,80.01302489204011,26.76393618523596,37.58871029079742,0.0,65.24755455876492,3.0,6,0.0,1432,70.18156424581005,274,1869,nan,nan,0.0,0,0,0,0,,,,,,,,,,,,,,,,,,,,,,,,,
stress_near_transition,C3,6049,1657,1551,64.625,93.6028968014484,11.365722724628206,602.1060075357844,10.978440165120105,31.53153153153153,6.722054380664655,68.46846846846847,0.5264056175769316,254.35449523023806,0,17140.0,46.349999999999646,5.290000000000016,72.99156874122643,58.55479068922911,14.43677805199735,80.22130733594814,19.370644989589827,33.95650089474069,24.59828979448842,101.377178807259,3.0,6,1780.4814666116663,1325,72.30188679245283,272,1714,nan,nan,0.0,0,11,0,0,,,,,,,,,,,,,,,,,,,,,,,,,
stress_near_transition,C3,6050,1676,1674,69.75,99.88066825775657,0.09456207199084378,3.1220467942296333,0.022480630966870464,28.348909657320874,0.0,71.65109034267913,0.5757970032343233,0.0,0,19070.0,47.52999999999961,5.395694444444463,46.198310369901016,36.95299408751529,9.245316282385767,79.98776100606224,23.485733173766484,36.95299408751529,0.0,64.16431995819593,3.0,6,0.0,1392,71.69540229885058,346,1907,nan,nan,0.0,0,0,0,0,,,,,,,,,,,,,,,,,,,,,,,,,
stress_near_transition,C3,6051,1555,1551,64.625,99.74276527331189,0.09423607335888438,2.2617587215350796,0.023327702355232596,25.671641791044774,0.0,74.32835820895522,0.5968682416833319,0.0,0,18630.0,44.01999999999962,5.000694444444464,47.67840619160067,38.11640495318678,9.562001238413952,79.94479681223406,33.35347614526387,38.11640495318678,0.0,66.22000859944546,3.0,6,0.0,1451,76.01654031702274,300,1863,nan,nan,0.0,0,0,0,0,,,,,,,,,,,,,,,,,,,,,,,,,
stress_near_transition,C3,6052,1729,1531,63.791666666666664,88.5482938114517,27.80025354052357,609.3521588646853,27.216463783468363,43.02670623145401,13.433908045977017,56.97329376854599,0.5223405676827616,261.09832120815605,0,15730.0,47.91199999999966,5.488472222222234,67.84035388788814,54.222953620410394,13.617400267477771,79.92728591896552,19.442680967810926,29.607932382538102,24.615021237872284,94.22271373317803,3.0,6,1827.6882484570922,1136,73.06338028169014,302,1573,nan,nan,0.0,0,15,0,0,,,,,,,,,,,,,,,,,,,,,,,,,
stress_near_transition,C3,6053,1561,1557,64.875,99.74375400384369,0.0698251726491345,2.272440948680499,0.021525087337625,27.86885245901639,0.0,72.1311475409836,0.5956341325025315,0.0,0,18980.0,44.29399999999962,5.027222222222241,47.70039721872406,38.15799406565191,9.54240315307221,79.99512853254306,31.78253348697172,38.15799406565191,0.0,66.2505516926724,3.0,6,0.0,1435,74.77351916376307,321,1898,nan,nan,0.0,0,0,0,0,,,,,,,,,,,,,,,,,,,,,,,,,
stress_near_transition,C3,6054,1722,1474,61.416666666666664,85.59814169570267,42.10335212134723,607.4628688188423,41.297599561470825,44.623655913978496,21.259259259259256,55.376344086021504,0.5207691900499155,267.6249816915459,0,14640.0,47.91999999999972,5.480277777777787,69.33232821484252,55.35788637128762,13.97444184355492,79.8442628376018,19.56242863131042,27.244374757606213,28.11351161368141,96.29490029839243,3.0,6,1873.3748718408212,1037,67.40597878495662,285,1464,nan,nan,0.0,0,8,0,0,,,,,,,,,,,,,,,,,,,,,,,,,
stress_near_transition,C3,6055,1715,1462,60.916666666666664,85.24781341107872,62.98203902288283,594.5362944028667,61.69632897239848,52.8023598820059,32.26744186046512,47.1976401179941,0.5252681169855214,274.54450079758254,0,11790.0,47.03999999999975,5.410416666666669,67.76486903929717,54.3871924778834,13.377676561413764,80.25868454987202,19.318333333333314,22.75766239524429,31.629530082639114,94.11787366569052,3.0,6,1921.8115055830779,840,74.16666666666667,225,1179,nan,nan,0.0,0,9,0,0,,,,,,,,,,,,,,,,,,,,,,,,,
stress_near_transition,C3,6056,1633,1629,67.875,99.75505205143907,0.15770147601587456,3.387274783064034,0.03501867568869797,30.294117647058826,0.0,69.70588235294117,0.5853318110415263,0.0,0,18520.0,46.37399999999961,5.2616666666666845,45.69276723507069,36.560196905868835,9.132570329201913,80.01309423388938,27.256467164519183,36.560196905868835,0.0,63.46217671537604,3.0,6,0.0,1410,71.27659574468085,329,1852,nan,nan,0.0,0,0,0,0,,,,,,,,,,,,,,,,,,,,,,,,,
stress_near_transition,C4,6007,1718,1479,61.625,86.08847497089639,37.299885686634084,601.3226379001674,36.53017783214954,41.666666666666664,18.22094691535151,58.333333333333336,0.5281495675342525,256.30599207568673,0,14760.0,47.97599999999968,5.4791666666666785,66.01261796273673,52.95042529420013,13.062192668536612,80.2125819704499,19.308676932101054,28.340068314930296,24.610356979269834,91.68419161491215,3.0,6,1794.1419445298075,1070,17.66355140186916,257,1476,nan,nan,0.0,0,7,0,0,1469,0.0857300809584558,0.058359483293707146,0.11310842819511889,0.2470039762556553,,,,,,,,,,,,,,,,,,,,
stress_near_transition,C4,6008,1664,1627,67.79166666666667,97.7764423076923,3.419295338739318,586.2006751197625,3.2092832360588095,30.49853372434017,2.7210884353741527,69.50146627565982,0.5229430295061556,244.36399228475864,0,17800.0,46.47599999999963,5.307500000000018,74.03671312889753,59.37703019385626,14.65968293504131,80.19944117519258,19.25128301066315,34.76901739629241,24.60801279756384,102.82876823457994,3.0,6,1710.5479459933106,1311,19.75591151792525,325,1780,nan,nan,0.0,0,7,0,0,1773,0.10451355529949069,0.05894729571319272,0.11273738928139207,0.19846297800540924,,,,,,,,,,,,,,,,,,,,
stress_near_transition,C4,6009,1674,1566,65.25,93.54838709677419,12.166391369654855,617.4139610997222,11.792626629063962,36.857142857142854,6.873111782477337,63.142857142857146,0.5249921638477631,263.19118354213526,0,16680.0,47.17599999999963,5.368611111111127,72.0039494207273,57.24810103596755,14.755848384759771,79.50689024217318,19.43216376770665,32.60877260691265,24.6393284290549,100.00548530656575,3.0,6,1842.3382847949467,1230,17.96747967479675,275,1668,nan,nan,0.0,0,7,0,0,1661,0.0968359368853271,0.058299781387915174,0.11384882964193821,0.31868298538029194,,,,,,,,,,,,,,,,,,,,
stress_near_transition,C4,6010,1684,1681,70.04166666666667,99.82185273159145,0.13069376405433236,3.695862557048046,0.029832334055064354,27.56598240469208,0.0,72.43401759530792,0.575083369372402,0.0,0,18440.0,47.379999999999605,5.395277777777795,45.75798183630938,36.630200606382715,9.127781229926732,80.05204586474203,21.8274948786095,36.630200606382715,0.0,63.55275255042978,3.0,6,0.0,1354,18.9807976366322,307,1844,nan,nan,0.0,0,0,0,0,1844,0.10612063389271498,0.05754915070103849,0.11186371557414532,0.2617968712002039,,,,,,,,,,,,,,,,,,,,
stress_near_transition,C4,6011,1707,1538,64.08333333333333,90.099589923843,21.748302945221823,606.1139094731661,21.254246362319307,40.45307443365695,11.158798283261806,59.54692556634305,0.5219778565126447,259.1571851267926,0,16440.0,47.49799999999965,5.432222222222237,70.22316031762702,56.11237341623,14.11078690139705,79.9057934197601,19.65932626387894,31.537983525251185,24.574389890978814,97.53216710781537,3.0,6,1814.1002958875486,1194,16.666666666666664,279,1644,nan,nan,0.0,0,7,0,0,1637,0.09093719744123518,0.055551128552984226,0.1106414943933487,0.2776840701699257,,,,,,,,,,,,,,,,,,,,
stress_near_transition,C4,6012,1679,1675,69.79166666666667,99.76176295413937,0.12701010032589938,3.475479414772584,0.0284739890881886,32.36245954692557,0.0,67.63754045307444,0.5765099629006032,0.0,0,18520.0,47.269999999999605,5.381388888888908,45.53897869809592,36.421136223870754,9.117842474225213,79.97793816441825,21.12080640296739,36.421136223870754,0.0,63.24858152513328,3.0,6,0.0,1393,18.16223977027997,302,1852,nan,nan,0.0,0,0,0,0,1852,0.10824360931292176,0.05844687327911543,0.10529323481023299,0.272765988484025,,,,,,,,,,,,,,,,,,,,
stress_near_transition,C4,6013,1677,1493,62.208333333333336,89.02802623732856,25.98205737503771,602.9802834963809,25.364646857138037,38.02395209580839,13.998510796723751,61.97604790419161,0.5306693736466684,253.6856724434522,0,15430.0,46.599999999999675,5.3323611111111235,68.84263568207909,54.91766804688023,13.924967635198893,79.77275637803076,19.28491530705328,30.253122371041076,24.66454567583915,95.61477178066549,3.0,6,1775.7997071041652,1128,18.173758865248228,258,1543,nan,nan,0.0,0,13,0,0,1536,0.10551791219040751,0.0686965574156299,0.12900028377771378,3.2185809686779976,,,,,,,,,,,,,,,,,,,,
stress_near_transition,C4,6014,1668,1648,68.66666666666667,98.8009592326139,2.3914161606352646,609.040432047492,2.2468735938646573,31.686046511627907,1.2839879154078582,68.31395348837209,0.5198603590505769,259.8791931609769,0,18270.0,47.10199999999962,5.355972222222239,75.19037903850916,60.277616465454976,14.912762573054227,80.16666126205251,19.482790368842444,35.65233762832355,24.62527883713143,104.43108199792945,3.0,6,1819.1543521268384,1339,18.82001493651979,317,1827,nan,nan,0.0,0,17,0,0,1820,0.10326255927793682,0.05673766993293232,0.1110109849832952,0.15103607438504696,,,,,,,,,,,,,,,,,,,,
stress_near_transition,C4,6015,1626,1620,67.5,99.63099630996311,1.2367909989357706,521.8966994237541,1.1366579426422663,26.517571884984026,0.38080731150038627,73.48242811501598,0.5331321587770298,184.49563877570486,0,18640.0,46.08399999999963,5.232777777777796,72.70139197637688,57.91184679125559,14.789545185121346,79.65713615232166,19.424646049994244,36.83541268567401,21.076434105581587,100.97415552274578,3.0,6,1291.469471429934,1409,14.9041873669269,316,1864,nan,nan,0.0,0,9,0,0,1858,0.11104846117086709,0.05976774013501996,0.11179642751812928,0.327924033626914,,,,,,,,,,,,,,,,,,,,
stress_near_transition,C4,6016,1713,1543,64.29166666666667,90.07589025102159,21.704948600389326,603.3261587160138,21.233341665012258,37.5,10.55762081784387,62.5,0.520274820178435,253.37809608523787,0,16650.0,47.683999999999656,5.452638888888903,70.48149063006873,56.36766564212548,14.11382498794329,79.97513267416335,19.341364507402307,31.749141254960612,24.618524387164875,97.89095920842887,3.0,6,1773.646672596665,1146,20.331588132635254,285,1665,nan,nan,0.0,0,11,0,0,1658,0.10692083742469549,0.06448783921875482,0.13212048215791575,0.2060930710285902,,,,,,,,,,,,,,,,,,,,
stress_near_transition,C4,6017,1708,1647,68.625,96.42857142857143,5.713779624622511,596.1143478771742,5.489479019312693,31.25,3.539823008849563,68.75,0.5158046189880122,251.69270349461627,0,18250.0,48.2219999999996,5.483750000000017,73.23447203004181,58.71070599274495,14.523766037296912,80.16812897710382,19.48857536807853,34.11075337227644,24.599952620468496,101.71454448616926,3.0,6,1761.8489244623138,1316,18.84498480243161,342,1825,nan,nan,0.0,0,7,0,0,1818,0.13492363295517862,0.07421541966731497,0.1515080570243299,0.3411681391298771,,,,,,,,,,,,,,,,,,,,
stress_near_transition,C4,6018,1730,1442,60.083333333333336,83.35260115606935,65.32649059243572,601.7925942274659,64.09553533851465,57.396449704142015,32.18390804597702,42.60355029585799,0.51941386728181,280.09496046343196,0,12410.0,47.633999999999745,5.470416666666671,69.2154108899677,55.38930842446861,13.826102465499094,80.02453169355802,19.382682444920185,23.736701510107967,31.652606914360646,96.13251512495516,3.0,6,1960.6647232440237,877,19.27023945267959,214,1241,nan,nan,0.0,0,10,0,0,1232,0.07221084926277399,0.05861270232368018,0.11452239705249667,0.8707849774509668,,,,,,,,,,,,,,,,,,,,
stress_near_transition,C4,6019,1720,1489,62.041666666666664,86.56976744186046,37.865186779498565,590.7325769097006,37.05558524320495,43.125,19.35714285714286,56.875,0.5307257277658358,250.02714632576772,0,14130.0,47.413999999999696,5.442638888888899,64.51423320601877,51.713746544776974,12.800486661241802,80.15866263129111,19.293267528274065,27.079107991303278,24.6346385534737,89.60310167502608,3.0,6,1750.190024280374,1008,19.841269841269842,255,1413,nan,nan,0.0,0,7,0,0,1406,0.07811049115844071,0.05555511462193507,0.10833359556272626,0.16094488091766834,,,,,,,,,,,,,,,,,,,,
stress_near_transition,C4,6020,1642,1499,62.458333333333336,91.2911084043849,18.11033104492084,598.0798620010922,17.654823205497383,37.46312684365781,10.283960092095167,62.53687315634219,0.5345264776806521,253.98478937769343,0,16190.0,45.617999999999654,5.220416666666681,70.39865524895133,56.39959559113914,13.999059657812227,80.11459223431584,19.38586840033418,31.733243396985536,24.66635219415361,97.77591006798801,3.0,6,1777.893525643854,1187,19.62931760741365,278,1619,nan,nan,0.0,0,8,0,0,1612,0.09603417129255831,0.05957454794823717,0.11360900243744253,0.2859509550035,,,,,,,,,,,,,,,,,,,,
stress_near_transition,C4,6021,1697,1498,62.416666666666664,88.27342368886269,29.81001341624192,605.731336431002,29.207150530302584,36.7601246105919,14.389534883720934,63.2398753894081,0.5269572829306458,253.83483903130934,0,16060.0,47.73799999999968,5.4363888888889,68.71352940295442,55.065941467623325,13.647587935331128,80.13842680777171,19.677158666089216,30.501827063849014,24.564114403774315,95.4354575041034,3.0,6,1776.8438732191653,1166,17.667238421955403,278,1606,nan,nan,0.0,0,8,0,0,1599,0.09008317161351442,0.05633719300407406,0.10258471593260753,0.18993299454450607,,,,,,,,,,,,,,,,,,,,
stress_near_transition,C4,6022,1650,1643,68.45833333333333,99.57575757575758,0.13182450253284922,4.13808787742073,0.037545246713639145,33.225806451612904,0.07462686567164534,66.77419354838709,0.5809937069959109,0.0,0,18760.0,46.815999999999605,5.313611111111129,46.17917167406084,36.92657411674141,9.252597557319469,79.96369960330692,23.17931941318376,36.92657411674141,0.0,64.13773843619569,3.0,6,0.0,1404,15.954415954415953,309,1876,nan,nan,0.0,0,0,0,0,1876,0.10935175977647305,0.05828985062711783,0.1121683744713664,0.2790109720081091,,,,,,,,,,,,,,,,,,,,
stress_near_transition,C4,6023,1723,1522,63.416666666666664,88.33430063842135,27.592714102441853,606.007564250997,27.01579536169104,41.22562674094708,14.589442815249265,58.77437325905292,0.5223495204173288,257.80239101074176,0,16110.0,48.18799999999966,5.5001388888889,68.43584170966624,54.56423003294979,13.871611676716473,79.73048722690416,19.46804205149833,29.935622750559936,24.62860728238985,95.04978015231426,3.0,6,1804.6167370751923,1122,18.627450980392158,288,1611,nan,nan,0.0,0,8,0,0,1604,0.0876445104368031,0.05464121598304433,0.09820344857871532,0.1655970700085163,,,,,,,,,,,,,,,,,,,,
stress_near_transition,C4,6024,1708,1531,63.791666666666664,89.63700234192038,24.29698701624269,603.3924554776194,23.745244857447258,40.059347181008896,12.545587162654993,59.940652818991104,0.5264878241263661,255.6378928952473,0,15690.0,47.825999999999674,5.456250000000012,67.85013664031142,54.276916468029356,13.5732201722821,79.99529427002233,19.27138185762362,29.65569318496695,24.621223283062406,94.23630088932148,3.0,6,1789.4652502667311,1115,18.744394618834082,300,1569,nan,nan,0.0,0,9,0,0,1562,0.08985785557888448,0.05752743635011811,0.10916637256741495,0.8296160958707333,,,,,,,,,,,,,,,,,,,,
stress_near_transition,C4,6025,1656,1568,65.33333333333333,94.68599033816425,9.170744350239843,607.0360187048279,8.911011839316846,32.26744186046512,4.878048780487809,67.73255813953489,0.524163489911147,256.36880921318857,0,17670.0,46.64199999999963,5.3090277777777946,74.22160108478182,59.25092182082797,14.970679263953892,79.82975435028253,19.211027373483105,34.646718891094395,24.604202929733578,103.08555706219704,3.0,6,1794.58166449232,1323,17.384731670445955,321,1767,nan,nan,0.0,0,13,0,0,1760,0.10228555765934289,0.058116794124626635,0.11141626164317131,0.28438796289265156,,,,,,,,,,,,,,,,,,,,
stress_near_transition,C4,6026,1727,1450,60.416666666666664,83.96062536189925,57.483607244306434,609.2805180296529,56.45381715584244,49.38650306748467,25.124910778015707,50.61349693251533,0.5251772247898481,274.6398341869815,0,13170.0,47.451999999999735,5.4540277777777835,66.6106787059166,53.139344663761484,13.471334042155128,79.77601444112213,19.45815029518087,25.024605057004468,28.114739606757013,92.5148315359953,3.0,6,1922.4788393088702,945,15.661375661375661,236,1317,nan,nan,0.0,0,8,0,0,1309,0.07567487307824194,0.057811209379863976,0.11074324138462535,0.21566986106336117,,,,,,,,,,,,,,,,,,,,
stress_near_transition,C4,6027,1688,1528,63.666666666666664,90.52132701421802,20.263784017419592,605.0448786599525,19.765244405485586,35.646687697160885,11.086797957695115,64.35331230283911,0.5255071644351611,257.745025701989,0,16650.0,47.49799999999967,5.408472222222236,70.34438912467881,56.38085044828843,13.963538676390419,80.14974776219704,19.309964952269436,31.769427275406787,24.611423172881647,97.70054045094285,3.0,6,1804.215179913923,1198,17.946577629382304,308,1665,nan,nan,0.0,0,11,0,0,1658,0.09430912346579134,0.056881256613866914,0.11205484624952075,0.15348498709499836,,,,,,,,,,,,,,,,,,,,
stress_near_transition,C4,6028,1696,1439,59.958333333333336,84.84669811320755,46.58213266684928,611.9740320573923,45.66932434692058,45.5108359133127,22.651128914785147,54.4891640866873,0.5269429106122088,273.0158483590384,0,13960.0,47.28399999999971,5.40361111111112,68.82077305144676,55.038003812119435,13.782769239327337,79.97295201984427,19.23201023509949,26.91429355414954,28.123710257969893,95.5844070158983,3.0,6,1911.1109385132688,1011,16.51829871414441,253,1396,nan,nan,0.0,0,11,0,0,1388,0.07929795957170427,0.05713109479229415,0.11380984215065836,0.1527180429548025,,,,,,,,,,,,,,,,,,,,
stress_near_transition,C4,6029,1702,1539,64.125,90.42303172737955,21.442375160405525,605.1252449581737,20.94793150670094,42.285714285714285,10.650887573964496,57.714285714285715,0.5239856924257797,257.3014496656405,0,16180.0,47.811999999999664,5.447777777777791,69.711211017407,55.94752912968247,13.763681887724543,80.25614289746349,19.415247191003683,31.324902213966993,24.622626915715482,96.82112641306534,3.0,6,1801.1101476594838,1178,19.779286926994907,301,1618,nan,nan,0.0,0,9,0,0,1611,0.09650211362168193,0.059901994799305976,0.11370296124368906,0.1952662132680416,,,,,,,,,,,,,,,,,,,,
stress_near_transition,C4,6030,1707,1552,64.66666666666667,90.91974223784418,18.994515283215094,596.9205074484923,18.522982215497674,29.629629629629626,10.48445408532176,70.37037037037037,0.5232344133214203,251.62671613917837,0,16310.0,47.375999999999664,5.4237500000000125,69.58985568600409,55.64237121363218,13.947484472371947,79.95758960141511,19.461696422613425,31.032056142310374,24.610315071321804,96.65257734167238,3.0,6,1761.3870129742486,1164,17.9553264604811,301,1631,nan,nan,0.0,0,7,0,0,1624,0.09157358692027628,0.056387676675046974,0.10990046430379151,0.226904870942235,,,,,,,,,,,,,,,,,,,,
stress_near_transition,C4,6031,1670,1666,69.41666666666667,99.76047904191617,0.16969382854728476,3.9695131107809476,0.0396927634739825,34.883720930232556,0.07541478129713397,65.11627906976744,0.5803666009677969,0.0,0,17980.0,47.22799999999963,5.367222222222239,44.49523311223026,35.590262048169556,8.904971064060746,79.98668522176362,21.12425467244578,35.590262048169556,0.0,61.798934878097654,3.0,6,0.0,1342,18.628912071535023,308,1798,nan,nan,0.0,0,0,0,0,1798,0.10580952907912433,0.05884845888716592,0.11237524449825287,0.2996239345520735,,,,,,,,,,,,,,,,,,,,
stress_near_transition,C4,6032,1757,1540,64.16666666666667,87.64940239043824,31.333110898636356,594.205230495528,30.692359831616447,42.168674698795186,15.298245614035089,57.831325301204814,0.5183538622882874,246.57766359268325,0,15820.0,48.65799999999967,5.575277777777789,67.04965340670313,53.78020361436004,13.26944979234312,80.2095176960057,19.55769563500389,29.19226710343256,24.587936510927474,93.12451862042107,3.0,6,1726.0436451487828,1114,19.658886894075405,270,1582,nan,nan,0.0,0,7,0,0,1575,0.08540294645354152,0.054224092986375566,0.10927759576588869,0.2173988614231348,,,,,,,,,,,,,,,,,,,,
stress_near_transition,C4,6033,1700,1619,67.45833333333333,95.23529411764706,8.305778347304239,609.1136923409501,8.023677693145231,32.6530612244898,4.937361827560793,67.3469387755102,0.5179831853445278,258.607672654718,0,17430.0,47.741999999999635,5.440416666666683,72.93647458635793,58.46088303687125,14.475591549486726,80.15315158625147,19.26861223830947,33.808718361833236,24.652164675038012,101.30065914771941,3.0,6,1810.2537085830259,1276,19.122257053291534,283,1743,nan,nan,0.0,0,20,0,0,1736,0.09683282161131501,0.05577927512172524,0.10960863437503576,0.2084188163280487,,,,,,,,,,,,,,,,,,,,
stress_near_transition,C4,6034,1610,1607,66.95833333333333,99.81366459627328,0.11892089012521108,2.6635169744679237,0.026608194904398554,24.17218543046358,0.0,75.82781456953643,0.5875108697146139,0.0,0,18540.0,45.35599999999962,5.162222222222241,46.894521663834624,37.49647941724282,9.398042246591862,79.95918944655823,27.68288395132128,37.49647941724282,0.0,65.13128008865928,3.0,6,0.0,1436,17.68802228412256,296,1854,nan,nan,0.0,0,0,0,0,1854,0.10906984261237085,0.0588294728222065,0.1099094282835722,0.16182893887162209,,,,,,,,,,,,,,,,,,,,
stress_near_transition,C4,6035,1658,1655,68.95833333333333,99.81905910735827,0.0980525716551674,2.830108187798396,0.02848834657373409,25.663716814159287,0.0,74.33628318584071,0.579681934996792,0.0,0,18930.0,46.83799999999961,5.325138888888907,46.04030476161681,36.82408220675343,9.216222554863448,79.98227291808281,20.709758678774346,36.82408220675343,0.0,63.94486772446787,3.0,6,0.0,1411,20.198440822111976,349,1893,nan,nan,0.0,0,0,0,0,1893,0.11242745560593903,0.05939115457260382,0.11289841495454307,0.2155238762497902,,,,,,,,,,,,,,,,,,,,
stress_near_transition,C4,6036,1636,1634,68.08333333333333,99.87775061124694,0.1147545509361484,2.714522848914324,0.030902784146192852,29.79942693409742,0.0,70.20057306590259,0.5834152537667665,0.0,0,18640.0,46.307999999999595,5.260833333333353,46.35871210154959,37.077127996897566,9.281584104652083,79.97877058292615,19.931279113281576,37.077127996897566,0.0,64.3871001410412,3.0,6,0.0,1406,21.12375533428165,297,1864,nan,nan,0.0,0,2,0,0,1864,0.10792824043892324,0.05790141654448672,0.11064339196309446,0.1893660519272089,,,,,,,,,,,,,,,,,,,,
stress_near_transition,C4,6037,1729,1521,63.375,87.96992481203007,29.04415232114142,605.4398789729571,28.406061914887566,36.8421052631579,14.419610670511895,63.1578947368421,0.5200382082483219,253.80585537320627,0,15900.0,47.97799999999966,5.493055555555569,69.0007430428457,55.166839095632426,13.833903947213296,79.95107974616568,19.23211368326683,30.536245706064758,24.63059338956767,95.83436533728576,3.0,6,1776.640987612444,1164,18.127147766323024,293,1590,nan,nan,0.0,0,7,0,0,1583,0.09061393304727972,0.05724190337794044,0.10997049976140247,0.2494498621672392,,,,,,,,,,,,,,,,,,,,
stress_near_transition,C4,6038,1659,1654,68.91666666666667,99.69861362266425,0.12387548065537113,2.2584085579503155,0.03150455879024477,31.57894736842105,0.0,68.42105263157895,0.5798787740268921,0.0,0,18720.0,46.74199999999962,5.319722222222241,45.84109789044636,36.67556849844813,9.165529391998255,80.00586850275154,25.11432745964784,36.67556849844813,0.0,63.66819151450891,3.0,6,0.0,1411,17.78880226789511,326,1872,nan,nan,0.0,0,0,0,0,1872,0.10723174945451319,0.05728191744365021,0.10952475713565946,0.20289793610572815,,,,,,,,,,,,,,,,,,,,
stress_near_transition,C4,6039,1597,1580,65.83333333333333,98.9355040701315,2.094900266525679,589.1502730593257,1.9600927472203185,28.025477707006374,1.0911925175370207,71.97452229299363,0.531158000536535,245.9391894649864,0,18320.0,45.29399999999962,5.141666666666686,76.59636772958639,61.39216838706008,15.204199342526369,80.15023454349327,19.387608021581393,36.79042668191514,24.60174170514493,106.38384406887005,3.0,6,1721.5743262549047,1398,19.027181688125893,302,1832,nan,nan,0.0,0,7,0,0,1825,0.1106600712519139,0.06063565548050077,0.11337944306433201,0.16292184591293335,,,,,,,,,,,,,,,,,,,,
stress_near_transition,C4,6040,1716,1490,62.083333333333336,86.82983682983682,33.934133708119084,611.3663889271546,33.28609320580689,42.93785310734464,15.41850220264317,57.06214689265536,0.5235180019177186,259.24783057947457,0,15710.0,47.505999999999666,5.44402777777779,68.5469270334698,54.82179277494064,13.725134258529177,79.97702471501384,19.305181481197366,30.17126653431784,24.65052624062281,95.20406532426367,3.0,6,1814.7348140563222,1188,19.865319865319865,278,1571,nan,nan,0.0,0,9,0,0,1564,0.09288748353719711,0.05939097412864266,0.11200236622244118,0.2578690182417631,,,,,,,,,,,,,,,,,,,,
stress_near_transition,C4,6041,1621,1615,67.29166666666667,99.62985811227637,0.09875758736355414,2.935875087938863,0.026446782441329045,29.447852760736193,0.0,70.5521472392638,0.5851907114454552,0.0,0,18930.0,45.53999999999962,5.188750000000018,46.96388143149055,37.576311258770765,9.387570172719856,80.01108535627729,26.919261295908548,37.576311258770765,0.0,65.22761309929253,3.0,6,0.0,1448,17.61049723756906,327,1893,nan,nan,0.0,0,0,0,0,1893,0.12176596350036561,0.06432433359765748,0.12405691668391225,0.36063394509255886,,,,,,,,,,,,,,,,,,,,
stress_near_transition,C4,6042,1643,1635,68.125,99.51308581862448,0.1327061322002442,3.4748567063804026,0.034971268553499434,28.57142857142857,0.0,71.42857142857143,0.5828731132923195,0.0,0,18650.0,46.39999999999961,5.275972222222242,45.93195090067089,36.73854709939165,9.1934038012793,79.98473040877313,21.61340637960723,36.73854709939165,0.0,63.79437625093188,3.0,6,0.0,1395,17.275985663082437,330,1865,nan,nan,0.0,0,0,0,0,1865,0.10697505110874772,0.05735927673391299,0.10940441861748694,0.17728516831994057,,,,,,,,,,,,,,,,,,,,
stress_near_transition,C4,6043,1684,1466,61.083333333333336,87.05463182897863,47.14822209379066,601.7460004109317,46.11999403653612,47.94117647058823,26.190476190476186,52.05882352941177,0.5359023887794865,267.0354576584411,0,12930.0,46.50599999999974,5.334583333333341,65.50519605513875,52.488483079747574,13.016712975391204,80.12873213228092,19.20788505860127,24.35254762759251,28.13593545215506,90.97943896547052,3.0,6,1869.248203609088,909,20.242024202420243,246,1293,nan,nan,0.0,0,11,0,0,1285,0.12668043770827353,0.09858399821655528,0.15650051645934573,3.211938077583909,,,,,,,,,,,,,,,,,,,,
stress_near_transition,C4,6044,1702,1551,64.625,91.12808460634547,18.783875458977008,606.6832382986142,18.322602754130624,39.13043478260869,9.92753623188406,60.86956521739131,0.5213444076923052,258.7290885190286,0,16770.0,47.60199999999966,5.4331944444444575,71.04241852307817,56.9393177191031,14.103100803975092,80.14833799697617,19.47002948811302,32.30281597287679,24.636501746226312,98.67002572649751,3.0,6,1811.1036196332002,1236,17.718446601941746,300,1677,nan,nan,0.0,0,7,0,0,1670,0.09737484552897513,0.05830829073591325,0.10556464549154039,0.30961399897933006,,,,,,,,,,,,,,,,,,,,
stress_near_transition,C4,6045,1642,1638,68.25,99.7563946406821,0.07999409536030438,2.185689091126915,0.01945965517302122,24.350649350649356,0.0,75.64935064935064,0.5829086677304682,0.0,0,18800.0,46.51199999999961,5.282500000000018,46.01403146384392,36.79003236558764,9.22399909825632,79.95394273265505,20.430205752945625,36.79003236558764,0.0,63.90837703311662,3.0,6,0.0,1356,19.837758112094395,319,1880,nan,nan,0.0,0,0,0,0,1880,0.10729991877451539,0.057074424880061383,0.11120403651148081,0.21691713482141495,,,,,,,,,,,,,,,,,,,,
stress_near_transition,C4,6046,1662,1658,69.08333333333333,99.75932611311673,0.14323070207385863,2.7501070734965953,0.03020492875666872,27.544910179640713,0.0,72.45508982035929,0.5800905171475009,0.0,0,18440.0,46.74399999999959,5.323611111111132,45.43437935765949,36.3835280037428,9.050851353916743,80.07928911569722,24.18905634437298,36.3835280037428,0.0,63.103304663416026,3.0,6,0.0,1384,18.063583815028903,316,1844,nan,nan,0.0,0,0,0,0,1844,0.1079940008930862,0.05856507640622896,0.11270440882071853,0.24310406297445297,,,,,,,,,,,,,,,,,,,,
stress_near_transition,C4,6047,1605,1597,66.54166666666667,99.50155763239876,0.13629902386836412,3.644843251453858,0.03671410832697786,29.20353982300885,0.0,70.79646017699115,0.5897688612383144,0.0,0,18390.0,45.87599999999961,5.192083333333352,46.256493935889516,37.01460669370386,9.241887242185689,80.02034642963925,27.72298242039975,37.01460669370386,0.0,64.24513046651327,3.0,6,0.0,1409,20.44002838892832,299,1839,nan,nan,0.0,0,0,0,0,1839,0.11029829480685294,0.05997732180905543,0.11282868217676878,0.2432779874652624,,,,,,,,,,,,,,,,,,,,
stress_near_transition,C4,6048,1649,1645,68.54166666666667,99.75742874469375,0.09182726315658164,2.343226940425787,0.024575484621839287,26.21951219512195,0.0,73.78048780487805,0.5796066680906533,0.0,0,18690.0,46.28399999999963,5.275416666666684,46.97823928231068,37.537386252927696,9.44085302938304,79.90377422906552,26.14635221545969,37.537386252927696,0.0,65.24755455876492,3.0,6,0.0,1432,16.75977653631285,274,1869,nan,nan,0.0,0,0,0,0,1869,0.10812858026474714,0.057853708006820305,0.11130580678582191,0.2279430627822876,,,,,,,,,,,,,,,,,,,,
stress_near_transition,C4,6049,1657,1557,64.875,93.96499698249849,10.647684122500868,604.4380032044683,10.275921982305377,31.231231231231227,6.19335347432024,68.76876876876878,0.525318142071322,256.47928772415503,0,17280.0,46.377999999999645,5.29194444444446,73.53965639605366,58.82573513367355,14.713921262380143,79.99185475774169,19.23416230893023,34.19841394619953,24.627321187474028,102.13841166118573,3.0,6,1795.3550140690852,1335,18.576779026217228,274,1728,nan,nan,0.0,0,16,0,0,1721,0.1006851363927126,0.05850385612592248,0.10742899030447006,0.22271904163062572,,,,,,,,,,,,,,,,,,,,
stress_near_transition,C4,6050,1676,1674,69.75,99.88066825775657,0.09456207199084378,3.1220467942296333,0.022480630966870464,28.348909657320874,0.0,71.65109034267913,0.5757970032343233,0.0,0,19070.0,47.5299999999996,5.395694444444463,46.198310369901,36.990891306794936,9.207419063106125,80.06979261928839,23.668092872779884,36.990891306794936,0.0,64.16431995819593,3.0,6,0.0,1392,17.67241379310345,346,1907,nan,nan,0.0,0,0,0,0,1907,0.12403593049384654,0.0650424386438629,0.12852777726948228,0.2562368754297495,,,,,,,,,,,,,,,,,,,,
stress_near_transition,C4,6051,1555,1551,64.625,99.74276527331189,0.09423607335888438,2.2617587215350796,0.023327702355232596,25.671641791044774,0.0,74.32835820895522,0.5968682416833317,0.0,0,18630.0,44.01999999999963,5.000694444444464,47.67840619160068,38.137598397350935,9.540807794249805,79.98924763569275,32.56077211721485,38.137598397350935,0.0,66.22000859944546,3.0,6,0.0,1451,21.226740179186766,300,1863,nan,nan,0.0,0,0,0,0,1863,0.11409955052658916,0.06124506201105161,0.11190434452146292,0.19909092225134373,,,,,,,,,,,,,,,,,,,,
stress_near_transition,C4,6052,1729,1516,63.166666666666664,87.68074031231926,30.64722448290936,588.4952144990513,29.967119209217557,46.58753709198813,15.94827586206896,53.41246290801187,0.5265848998604975,245.83814358295862,0,14940.0,47.75399999999967,5.47750000000001,65.70121047030929,52.697814731521504,13.003395738787818,80.20828589655271,19.424520976223285,28.06866991941505,24.629144812106443,91.25168120876297,3.0,6,1720.8670050807102,1077,16.80594243268338,286,1494,nan,nan,0.0,0,7,0,0,1487,0.08385359193198383,0.05639111764087682,0.1096412306651473,0.15025283209979534,,,,,,,,,,,,,,,,,,,,
stress_near_transition,C4,6053,1561,1557,64.875,99.74375400384369,0.0698251726491345,2.272440948680499,0.021525087337625,27.86885245901639,0.0,72.1311475409836,0.5956341325025315,0.0,0,18980.0,44.29399999999962,5.027222222222241,47.70039721872406,38.17164588691545,9.528751331808682,80.0237484645762,31.784309302877144,38.17164588691545,0.0,66.25055169267239,3.0,6,0.0,1435,18.048780487804876,321,1898,nan,nan,0.0,0,0,0,0,1898,0.11668038298375905,0.0614754388744779,0.11378893395885824,0.23427489213645458,,,,,,,,,,,,,,,,,,,,
stress_near_transition,C4,6054,1722,1472,61.333333333333336,85.48199767711962,42.54923799088646,603.5044089728879,41.746617427579125,44.892473118279575,21.111111111111114,55.107526881720425,0.5212685857702726,268.8144453326521,0,14700.0,47.931999999999704,5.481111111111121,69.0806327717826,55.400664149065406,13.679968622717208,80.19710000643616,19.31708647349561,27.268383306840946,28.132280842224457,95.94532329414251,3.0,6,1881.7011173285646,1037,22.082931533269047,288,1470,nan,nan,0.0,0,8,0,0,1462,0.08139211754314601,0.05567176302540767,0.11149219935759903,0.13851094990968704,,,,,,,,,,,,,,,,,,,,
stress_near_transition,C4,6055,1715,1465,61.041666666666664,85.42274052478133,62.66552820697442,594.7067483983213,61.38139685234268,52.8023598820059,32.19476744186046,47.1976401179941,0.5251381834852016,274.69935326630963,0,11790.0,47.03999999999976,5.410416666666668,67.83035552345841,54.38880358899452,13.441551934463908,80.18357440303365,19.403234796584197,22.755093585193755,31.633710003800765,94.2088271159145,3.0,6,1922.895472864167,840,19.28571428571429,225,1179,nan,nan,0.0,0,10,0,0,1170,0.06576565885916352,0.0562099648368919,0.10963312815874815,0.14533079229295254,,,,,,,,,,,,,,,,,,,,
stress_near_transition,C4,6056,1633,1629,67.875,99.75505205143907,0.15770147601587456,3.387274783064034,0.03501867568869797,30.294117647058826,0.0,69.70588235294117,0.5853318110415263,0.0,0,18520.0,46.37399999999961,5.2616666666666845,45.69276723507069,36.54284862492856,9.149918610142178,79.97512699751906,26.759569341661955,36.54284862492856,0.0,63.46217671537604,3.0,6,0.0,1410,17.23404255319149,329,1852,nan,nan,0.0,0,0,0,0,1852,0.10951235075481236,0.059131938852490476,0.11152361985296011,0.25551021099090576,,,,,,,,,,,,,,,,,,,,
stress_near_transition,C5,6007,1718,1482,61.75,86.26309662398137,36.48056739955872,597.9678049636309,35.70041577494442,41.666666666666664,18.364418938307026,58.333333333333336,0.5276006930569388,252.41902091785514,0,14690.0,47.96199999999968,5.478194444444456,66.28925069930278,52.87645307197792,13.41279762732489,79.76625548512055,19.381558109785253,28.252067828694297,24.624385243283616,92.06840374903167,3.0,6,1766.9331464249858,1070,34.018691588785046,256,1469,nan,nan,4.584969411138445,1462,7,0,0,,,,,,1462,4.584969411138445,0.003136093988466789,0.002451827982440591,0.007168933493085206,0.010282973060384393,3.1360939884667887,7.168933493085206,10.282973060384393,41.93228454172367,198.89808481532148,41.93228454172367,0.0,30.203146374829,0,0,0,0.0,181.530888401181,39.17114109969084
stress_near_transition,C5,6008,1664,1636,68.16666666666667,98.3173076923077,2.8329039947740666,592.5003865699982,2.650543848270573,30.20527859237536,1.9652305366591127,69.79472140762464,0.5221809478738704,250.74927358434005,0,17990.0,46.513999999999626,5.310138888888908,74.42080227156922,59.65350241607847,14.767299855490784,80.15702679258503,19.31652889621866,35.03540547530191,24.61809694077656,103.36222537717951,3.0,6,1755.2449150903803,1320,35.0,332,1799,nan,nan,6.731559575768188,1792,8,0,0,,,,,,1792,6.731559575768188,0.0037564506561206406,0.002620848943479359,0.008377093856688585,0.016113630961626768,3.7564506561206406,8.377093856688585,16.113630961626768,42.882254464285715,202.91852678571428,42.882254464285715,0.0,30.391183035714285,0,0,0,0.0,486.53606201595716,97.88349359610503
stress_near_transition,C5,6009,1674,1568,65.33333333333333,93.6678614097969,11.526412584718425,600.7316720747181,11.152075185560673,36.57142857142858,6.873111782477337,63.42857142857142,0.5261250230423976,251.27434852532178,0,16650.0,47.16999999999964,5.36819444444446,71.43298838663151,57.22546214707867,14.207526239552866,80.11069316790373,19.255513541407172,32.57188329713025,24.653578849948417,99.21248387032158,3.0,6,1758.9204396772525,1228,32.24755700325733,274,1665,nan,nan,7.28291289974004,1652,9,0,0,,,,,,1652,7.28291289974004,0.004408542917518184,0.004252615850418806,0.00866003147093578,0.017518267035484314,4.408542917518185,8.660031470935781,17.518267035484314,42.78450363196126,202.53934624697337,42.78450363196126,0.0,30.5090799031477,0,0,0,0.0,625.2758151650755,123.31792155591386
stress_near_transition,C5,6010,1684,1681,70.04166666666667,99.82185273159145,0.13069376405433236,3.695862557048046,0.029832334055064354,27.56598240469208,0.0,72.43401759530792,0.5750833693724019,0.0,0,18440.0,47.379999999999605,5.395277777777796,45.75798183630939,36.6164051542713,9.141576682038155,80.02189713099592,21.027292214634883,36.6164051542713,0.0,63.55275255042978,3.0,6,0.0,1354,34.638109305760715,307,1844,nan,nan,6.604297781130299,1844,0,0,0,,,,,,1844,6.604297781130299,0.0035815063888992946,0.0025626380229368806,0.00801399447955191,0.017134054098278284,3.5815063888992946,8.01399447955191,17.134054098278284,41.90075921908894,198.71312364425162,41.90075921908894,0.0,30.235900216919738,0,0,0,0.0,499.3577036133755,88.62031729960435
stress_near_transition,C5,6011,1707,1540,64.16666666666667,90.21675454012889,21.345170889056387,606.597313969657,20.857066498343624,40.45307443365695,11.015736766809725,59.54692556634305,0.5219932534701303,258.8111211175427,0,16460.0,47.501999999999654,5.432500000000014,70.2154002510543,56.18331786067445,14.032082390379887,80.01566274605241,19.339171149311767,31.56965401940917,24.613663841265275,97.52138923757548,3.0,6,1811.6778478227993,1194,25.711892797319933,280,1646,nan,nan,6.44922742061317,1638,9,0,0,,,,,,1638,6.44922742061317,0.003937257277541618,0.0027021330315619707,0.008715684304479504,0.02416393905878067,3.937257277541618,8.715684304479504,24.16393905878067,41.07142857142857,195.26129426129427,41.07142857142857,0.0,30.233821733821735,0,0,0,0.0,519.3516319653038,105.8277487287722
stress_near_transition,C5,6012,1679,1675,69.79166666666667,99.76176295413937,0.12701010032589938,3.475479414772584,0.0284739890881886,32.36245954692557,0.0,67.63754045307444,0.5765099629006032,0.0,0,18520.0,47.26999999999962,5.381388888888907,45.53897869809592,36.44096386185687,9.098014836239106,80.02147809120838,19.694933152641237,36.44096386185687,0.0,63.24858152513328,3.0,6,0.0,1393,29.432878679109837,302,1852,nan,nan,8.27386376238428,1851,1,0,0,,,,,,1851,8.27386376238428,0.004469942605285943,0.0036380901001393795,0.00908799353055656,0.0311239801812917,4.469942605285943,9.08799353055656,31.1239801812917,42.13938411669368,199.63101026472177,42.13938411669368,0.0,30.06537007023231,0,0,0,0.0,349.0709886413239,71.31391706229769
stress_near_transition,C5,6013,1677,1477,61.541666666666664,88.07394156231365,32.20605449067844,583.0475298475523,31.3954143094805,41.91616766467065,19.285182427401338,58.08383233532935,0.5378698170309473,243.98284191872327,0,14210.0,46.3559999999997,5.3154166666666764,65.21361221640252,52.3016124913247,12.911999725077852,80.20045311670344,19.452838013418756,27.697505758616312,24.604106732708388,90.57446141167021,3.0,6,1707.8798934310628,1022,29.74559686888454,234,1421,nan,nan,5.883314229315147,1413,8,0,0,,,,,,1413,5.883314229315147,0.004163704337802652,0.0038655551616102457,0.008049734914675352,0.012303441995754838,4.163704337802652,8.049734914675351,12.303441995754838,41.92144373673036,198.9171974522293,41.92144373673036,0.0,30.222929936305732,0,0,0,0.0,420.65800647705515,84.21060248941532
stress_near_transition,C5,6014,1668,1589,66.20833333333333,95.26378896882494,7.154609001910925,581.9628041761447,6.883020531148051,33.720930232558146,4.984894259818729,66.27906976744185,0.5243565640767128,241.95696908886796,0,17410.0,46.929999999999644,5.344027777777793,72.92429170533661,58.409338687677185,14.51495301765947,80.09586013353459,19.272921841462963,33.79603011968702,24.613308567990174,101.28373847963425,3.0,6,1693.6987836220758,1266,32.148499210110586,306,1741,nan,nan,6.723468874115497,1729,10,0,0,,,,,,1729,6.723468874115497,0.0038886459653646598,0.002606782829388976,0.009084500651806592,0.02138656098395586,3.8886459653646597,9.084500651806591,21.38656098395586,42.35396182764604,200.59572006940428,42.35396182764604,0.0,30.370734528629267,0,0,0,0.0,662.8991295067935,121.98383993405852
stress_near_transition,C5,6015,1626,1620,67.5,99.63099630996311,0.9060061565370866,426.09757591235274,0.8081281227938083,26.517571884984026,0.30464584920030235,73.48242811501598,0.5426195056862297,121.34463445729651,0,18630.0,46.08199999999962,5.232638888888908,67.91976913414014,54.452525339069716,13.467243795070491,80.17183514202927,19.388488698314987,36.869402833664715,17.583122505404997,94.33301268630585,3.0,6,849.4124412010756,1409,30.731014904187365,316,1863,nan,nan,8.588622429408133,1853,10,0,0,,,,,,1853,8.588622429408133,0.004634982422778269,0.004743298981338739,0.009821779467165462,0.021495130844414234,4.634982422778269,9.821779467165461,21.495130844414234,43.35671883432272,204.77495952509443,43.35671883432272,0.0,30.256341068537505,0,0,0,0.0,686.91723212631,129.66598466684167
stress_near_transition,C5,6016,1713,1512,63.0,88.2661996497373,32.70605408277834,532.9412484752658,31.836848421658818,47.55434782608695,22.156133828996282,52.44565217391305,0.5268351354875402,220.41708434149643,0,13600.0,47.07399999999973,5.410277777777785,67.1750917142797,53.86858230879214,13.306509405487565,80.19130444646801,19.350555555555506,25.750220230493774,28.118362078298365,93.29873849205515,3.0,6,1542.9195903904752,929,22.604951560818083,241,1360,nan,nan,5.2316840591374785,1352,8,0,0,,,,,,1352,5.2316840591374785,0.003869588801137188,0.003173075965605676,0.008325697958935055,0.018201892031356692,3.869588801137188,8.325697958935054,18.201892031356692,41.405325443786985,196.62721893491124,41.405325443786985,0.0,29.98890532544379,0,0,0,0.0,274.0574784828881,60.69866610938561
stress_near_transition,C5,6017,1708,1649,68.70833333333333,96.5456674473068,5.460964038907889,597.4246408377313,5.239032531921937,30.965909090909093,3.539823008849563,69.0340909090909,0.515556117865105,250.47989084737364,0,18250.0,48.2219999999996,5.4837500000000166,73.35971659598701,58.76453932607828,14.59517726990877,80.10464332858788,19.400560543066454,34.121946305091925,24.64259302098636,101.8884952722043,3.0,6,1753.3592359316156,1316,31.0790273556231,342,1825,nan,nan,7.151012789225206,1813,11,0,0,,,,,,1813,7.151012789225206,0.003944298284183787,0.0027326878625899553,0.008344702003523703,0.023192533990368247,3.9442982841837875,8.344702003523702,23.192533990368247,40.40816326530612,192.2824048538334,40.40816326530612,0.0,29.718698290126863,0,0,0,0.0,658.6063312361545,131.9730839938483
stress_near_transition,C5,6018,1730,1444,60.166666666666664,83.46820809248555,65.31583208251844,601.1761536248047,64.07276688937408,57.10059171597632,32.47126436781609,42.89940828402367,0.5191190350607451,280.56693782350584,0,12370.0,47.625999999999735,5.469861111111117,69.36400632938447,55.29697509113528,14.067031238249202,79.7199844953448,19.436111111111103,23.65562053336141,31.64135455777386,96.33889767970068,3.0,6,1963.9685647645408,875,41.6,213,1237,nan,nan,5.379449150059372,1227,9,0,0,,,,,,1227,5.379449150059372,0.004384229136152708,0.0036777278874069452,0.008845579298213125,0.01901810197159648,4.384229136152708,8.845579298213126,19.01810197159648,41.54034229828851,197.24205378973105,41.54034229828851,0.0,30.357783211083945,0,0,0,0.0,588.8208580766728,117.8210528611591
stress_near_transition,C5,6019,1720,1486,61.916666666666664,86.39534883720931,38.287081536212725,595.4909105506706,37.471827604299285,43.43749999999999,19.499999999999996,56.56250000000001,0.5301959566428213,251.51548613918058,0,14130.0,47.4139999999997,5.442638888888897,64.78123785201801,51.75991321144363,13.021324640574383,79.89954333642183,19.22519441137056,27.077033563878196,24.682879647565443,89.97394146113614,3.0,6,1760.608402974264,1008,27.579365079365083,255,1413,nan,nan,6.511450661579147,1401,9,0,0,,,,,,1401,6.511450661579147,0.004647716389421233,0.003748188028112054,0.009811821859329939,0.028175911866128445,4.647716389421233,9.811821859329939,28.175911866128445,41.33832976445396,196.4275517487509,41.33832976445396,0.0,30.303354746609564,0,0,0,0.0,287.6702939657924,65.05541741126864
stress_near_transition,C5,6020,1642,1476,61.5,89.89037758830695,23.33564279933161,572.6346141131013,22.73128848631811,39.82300884955752,14.504988488104376,60.17699115044248,0.5390542321339501,236.99995292270594,0,15220.0,45.42399999999967,5.206944444444456,68.11666700448913,54.460734480028016,13.655932524461132,79.95214222157824,19.347734114166215,29.857883271694384,24.602851208333636,94.6064819506794,3.0,6,1658.9996704589416,1119,36.371760500446825,263,1522,nan,nan,6.801141778938472,1515,7,0,0,,,,,,1515,6.801141778938472,0.004489202494348827,0.003988919081166387,0.008853164874017239,0.015394032001495361,4.489202494348827,8.853164874017239,15.394032001495361,43.54455445544554,205.7861386138614,43.54455445544554,0.0,30.543234323432344,0,0,0,0.0,578.7308215740351,111.61615351593458
stress_near_transition,C5,6021,1697,1503,62.625,88.56806128461992,28.788355368986732,601.5433875358705,28.1810381641071,36.7601246105919,14.607558139534882,63.2398753894081,0.5269397996243775,248.80782553414414,0,16040.0,47.73399999999968,5.436111111111123,68.72234098931374,55.13260813428999,13.589732855023758,80.22516017442284,19.27036721998756,30.50864767258081,24.623960461709178,95.44769581849137,3.0,6,1741.6547787390089,1165,29.613733905579398,277,1604,nan,nan,7.340860642492771,1591,12,0,0,,,,,,1591,7.340860642492771,0.004613991604332351,0.004721326055005193,0.009124396601691842,0.02307583997026086,4.613991604332351,9.124396601691842,23.07583997026086,41.153362664990574,195.5581395348837,41.153362664990574,0.0,30.12947831552483,0,0,0,0.0,626.1110627933147,130.2242682566299
stress_near_transition,C5,6022,1650,1643,68.45833333333333,99.57575757575758,0.13182450253284922,4.13808787742073,0.037545246713639145,33.225806451612904,0.07462686567164534,66.77419354838709,0.5809937069959109,0.0,0,18760.0,46.81599999999962,5.31361111111113,46.17917167406084,36.9399396374945,9.239232036566396,79.99264235015268,23.33499785786413,36.9399396374945,0.0,64.13773843619569,3.0,6,0.0,1404,34.686609686609685,309,1876,nan,nan,8.066022674785927,1876,0,0,0,,,,,,1876,8.066022674785927,0.0042995856475404725,0.0031612400198355317,0.009078087459784001,0.028602265985682607,4.299585647540472,9.078087459784001,28.602265985682607,42.70522388059702,201.98560767590618,42.70522388059702,0.0,30.004264392324092,0,0,0,0.0,337.26272063989376,65.90558248466841
stress_near_transition,C5,6023,1723,1513,63.041666666666664,87.81195589088799,31.14409718284876,575.3360152633005,30.393530720393457,44.01114206128134,19.428152492668627,55.98885793871866,0.527585029349202,241.06171291299108,0,15060.0,47.977999999999696,5.485555555555566,65.79714520800216,52.64764669961645,13.149498508385733,80.01509265057523,19.283571118815644,28.024713299240357,24.622933400376084,91.38492390000302,3.0,6,1687.4319903909377,1049,18.589132507149667,266,1506,nan,nan,5.958087641978636,1489,11,0,0,,,,,,1489,5.958087641978636,0.0040014020429675196,0.0028982101939618587,0.008673224085941908,0.015015457989647985,4.00140204296752,8.673224085941909,15.015457989647985,39.993284083277366,190.55339153794492,39.993284083277366,0.0,29.776359973136334,0,0,0,0.0,356.39406464573585,78.58836638981127
stress_near_transition,C5,6024,1708,1521,63.375,89.05152224824356,26.798974193830475,585.0127351984117,26.15149088240224,41.839762611275965,15.171407731582786,58.160237388724035,0.5301347536499886,240.78366678956607,0,15010.0,47.689999999999685,5.4468055555555654,66.01208416040568,52.96069424580713,13.05138991459857,80.22878677351801,19.387311807185405,28.32448269888386,24.636211546923278,91.68345022278572,3.0,6,1685.4856675269623,1066,22.70168855534709,283,1501,nan,nan,6.421794138848782,1491,9,0,0,,,,,,1491,6.421794138848782,0.004307038322500859,0.0034097470343112946,0.008934244397096336,0.017125742975622416,4.307038322500859,8.934244397096336,17.125742975622416,40.603621730382294,193.24815560026826,40.603621730382294,0.0,29.973172367538563,0,0,0,0.0,432.6010156837096,92.19174201141568
stress_near_transition,C5,6025,1656,1535,63.958333333333336,92.69323671497585,13.435861030292836,595.1127718562988,13.090641826997823,33.720930232558146,7.469512195121952,66.27906976744185,0.5280868515509286,247.85941828289666,0,16990.0,46.505999999999645,5.299583333333349,72.24422681833195,57.78336626527241,14.460860553059575,79.9833686511403,19.221831619733994,33.127460206124724,24.65590605914769,100.33920391435002,3.0,6,1735.0159279802765,1270,33.93700787401575,311,1699,nan,nan,7.65133403823711,1687,9,0,0,,,,,,1687,7.65133403823711,0.004535467716797338,0.0038849639240652323,0.0093200288945809,0.01701606484130025,4.5354677167973385,9.3200288945809,17.01606484130025,43.01719027860107,203.5234143449911,43.01719027860107,0.0,30.76882039122703,0,0,0,0.0,663.0497246415467,126.77422880123058
stress_near_transition,C5,6026,1727,1465,61.041666666666664,84.8291835552982,54.11412269428038,599.6822824026214,53.06873008371552,49.693251533742334,25.41042112776588,50.306748466257666,0.5258399913035788,263.02688533515897,0,13010.0,47.419999999999746,5.451805555555562,66.27664438299625,53.03595577487259,13.24068860812368,80.02208963445854,19.240794874219418,24.854830037752265,28.181125737120322,92.05089497638372,3.0,6,1841.1881973461127,939,42.49201277955272,234,1301,nan,nan,5.496589636197314,1292,9,0,0,,,,,,1292,5.496589636197314,0.00425432634380597,0.0035397650208324194,0.008470756199676546,0.021288403077051044,4.25432634380597,8.470756199676545,21.288403077051044,42.12074303405573,199.83359133126936,42.12074303405573,0.0,30.55340557275542,0,0,0,0.0,739.5849894800992,147.73691598453624
stress_near_transition,C5,6027,1688,1491,62.125,88.32938388625593,28.9992953411178,546.3245851906478,28.166805781919965,44.79495268138801,20.423048869438365,55.20504731861199,0.5347139029330578,230.92136172142,0,14530.0,47.0739999999997,5.379027777777788,65.7041929217389,52.348406003843955,13.355786917894948,79.67285446485404,19.284878903216406,27.725874308162666,24.622531695681285,91.25582350241515,3.0,6,1616.44953204994,1051,35.39486203615604,267,1453,nan,nan,6.538912546122447,1446,7,0,0,,,,,,1446,6.538912546122447,0.004522069533971263,0.003253831062465906,0.010984869906678796,0.023070997092872858,4.522069533971263,10.984869906678796,23.070997092872858,42.56224066390042,201.6701244813278,42.56224066390042,0.0,30.79529737206086,0,0,0,0.0,499.2105028219877,95.46564682504258
stress_near_transition,C5,6028,1696,1443,60.125,85.08254716981132,45.59528529871867,602.7390519171743,44.67634082586338,45.5108359133127,22.796795338674436,54.4891640866873,0.52754950699181,266.3256673059045,0,13880.0,47.26799999999972,5.402500000000009,68.51504847612773,54.913059367675004,13.601989108452731,80.14744291804452,19.28315674400886,26.736400735791566,28.176658631883445,95.15978955017744,3.0,6,1864.2796711413316,1005,36.517412935323385,251,1388,nan,nan,5.717240484198555,1380,8,0,0,,,,,,1380,5.717240484198555,0.004142927887100402,0.0032197419786825776,0.00852076230803504,0.01927907415665686,4.142927887100402,8.520762308035039,19.27907415665686,42.08695652173913,199.50507246376813,42.08695652173913,0.0,30.1268115942029,0,0,0,0.0,529.0470734864728,100.49820876940137
stress_near_transition,C5,6029,1702,1523,63.458333333333336,89.48296122209166,29.239712562542234,531.9863435441587,28.286661275600405,52.0,23.890532544378694,48.0,0.5373552365358648,220.40809082001314,0,13390.0,47.25399999999973,5.409027777777784,62.972960785924094,50.400112463015795,12.572848322908316,80.03452884222871,19.3561397006589,25.752567271432454,24.647545191583347,87.46244553600573,3.0,6,1542.856635740092,965,22.797927461139896,246,1339,nan,nan,5.229125704849139,1330,8,0,0,,,,,,1330,5.229125704849139,0.003931673462292585,0.0031188359716907144,0.008633033989463,0.020691275130957365,3.9316734622925855,8.633033989463,20.691275130957365,41.357142857142854,196.51353383458647,41.357142857142854,0.0,30.29172932330827,0,0,0,0.0,198.41889442980028,48.270157390331164
stress_near_transition,C5,6030,1707,1523,63.458333333333336,89.22085530169889,24.265194292270905,584.7265000113422,23.665966014797252,32.71604938271605,13.955169920462762,67.28395061728395,0.5279367034409043,240.55888058087768,0,15390.0,47.19199999999968,5.410972222222234,67.2199014657842,53.74076010252105,13.479141363263173,79.94769247002807,19.29470010426318,29.10601826427286,24.634741838248193,93.36097425803366,3.0,6,1683.9121640661438,1087,27.96688132474701,286,1539,nan,nan,6.153913348913193,1532,7,0,0,,,,,,1532,6.153913348913193,0.004016914718611745,0.003053886000998318,0.008801205758936703,0.017477303044870496,4.016914718611745,8.801205758936703,17.477303044870496,41.974543080939945,199.15731070496085,41.974543080939945,0.0,30.284595300261095,0,0,0,0.0,570.5862965088761,114.09709248984261
stress_near_transition,C5,6031,1670,1666,69.41666666666667,99.76047904191617,0.16969382854728476,3.9695131107809476,0.0396927634739825,34.883720930232556,0.07541478129713397,65.11627906976744,0.580366600967797,0.0,0,17980.0,47.22799999999963,5.367222222222239,44.49523311223025,35.59884993849071,8.8963831737396,80.00598591921025,21.49125803295087,35.59884993849071,0.0,61.798934878097654,3.0,6,0.0,1342,30.029806259314455,308,1798,nan,nan,7.522537821205333,1798,0,0,0,,,,,,1798,7.522537821205333,0.0041838363855424545,0.0031673635821789503,0.008852640655823047,0.02033368404954672,4.183836385542454,8.852640655823047,20.33368404954672,43.28976640711902,204.6540600667408,43.28976640711902,0.0,30.530589543937708,0,0,0,0.0,517.3428149571135,96.71900055877879
stress_near_transition,C5,6032,1757,1536,64.0,87.42174160500853,32.27703180072734,606.1473535398443,31.637983474719086,42.46987951807228,15.228070175438601,57.53012048192772,0.5174152766017336,252.90228622707863,0,15860.0,48.66599999999967,5.575833333333343,67.52270059272622,53.83492583658226,13.687774756143979,79.7286325398862,19.4486752872946,29.202646284208132,24.63227955237413,93.78152860100867,3.0,6,1770.3160035895503,1114,36.62477558348294,272,1586,nan,nan,5.933474827790633,1579,7,0,0,,,,,,1579,5.933474827790633,0.003757742132862972,0.002621362917125225,0.008084745076484977,0.02430586889386177,3.757742132862972,8.084745076484976,24.30586889386177,40.4401519949335,192.64217859404687,40.4401519949335,0.0,30.243191893603548,0,0,0,0.0,529.6995944632615,111.18234191245232
stress_near_transition,C5,6033,1700,1587,66.125,93.35294117647058,11.898164264140563,591.351869771178,11.518828492242644,33.52769679300292,7.590272660280029,66.47230320699708,0.5210284141958819,246.09088541158206,0,16700.0,47.59599999999965,5.430277777777792,71.40167924527555,57.12202192576014,14.279657319515438,80.00095029913425,19.37726247947085,32.48327808650885,24.638743839251294,99.16899895177167,3.0,6,1722.6361978810746,1226,24.225122349102772,273,1670,nan,nan,7.548742890357971,1659,9,0,0,,,,,,1659,7.548742890357971,0.004550176546327891,0.004265263909474015,0.009371049981564277,0.02816289197653532,4.550176546327891,9.371049981564276,28.16289197653532,42.34177215189873,200.69680530440024,42.34177215189873,0.0,30.597347799879447,0,0,0,0.0,457.60890921762626,97.14126340015503
stress_near_transition,C5,6034,1610,1607,66.95833333333333,99.81366459627328,0.11892089012521108,2.6635169744679237,0.026608194904398554,24.17218543046358,0.0,75.82781456953643,0.5875108697146137,0.0,0,18540.0,45.35599999999962,5.1622222222222405,46.89452166383461,37.51133627073456,9.383185393100117,79.99087087322519,24.448805504847893,37.51133627073456,0.0,65.13128008865928,3.0,6,0.0,1436,28.690807799442897,296,1854,nan,nan,8.004952982300892,1854,0,0,0,,,,,,1854,8.004952982300892,0.004317666117745897,0.003157660597935319,0.009500486496835945,0.021212385967373848,4.317666117745897,9.500486496835945,21.212385967373848,44.54692556634304,209.86623516720604,44.54692556634304,0.0,30.772923408845738,0,0,0,0.0,164.449684718155,32.234401308357526
stress_near_transition,C5,6035,1658,1655,68.95833333333333,99.81905910735827,0.0980525716551674,2.830108187798396,0.02848834657373409,25.663716814159287,0.0,74.33628318584071,0.5796819349967919,0.0,0,18930.0,46.837999999999624,5.325138888888907,46.04030476161682,36.83828796621357,9.202016795403301,80.01312796896418,20.451412205370143,36.83828796621357,0.0,63.94486772446787,3.0,6,0.0,1411,34.231041814316086,349,1893,nan,nan,8.685588563093916,1893,0,0,0,,,,,,1893,8.685588563093916,0.004588266541518181,0.004000813001766801,0.009503716882318256,0.031566510908305645,4.5882665415181805,9.503716882318255,31.566510908305645,42.57527733755943,201.49022715266773,42.57527733755943,0.0,30.317485472794505,0,0,0,0.0,680.5958638571788,132.09629175840104
stress_near_transition,C5,6036,1636,1634,68.08333333333333,99.87775061124694,0.1147545509361484,2.714522848914324,0.030902784146192852,29.79942693409742,0.0,70.20057306590259,0.5834152537667665,0.0,0,18640.0,46.307999999999595,5.260833333333353,46.3587121015496,37.07492640277703,9.283785698772629,79.97402154219412,19.343608412291722,37.07492640277703,0.0,64.3871001410412,3.0,6,0.0,1406,37.339971550497864,297,1864,nan,nan,9.34043534216471,1852,9,0,0,,,,,,1852,9.34043534216471,0.005043431610240124,0.005189062445424497,0.01016475448850542,0.024118480971083045,5.043431610240124,10.16475448850542,24.118480971083045,43.08855291576674,203.57505399568035,43.08855291576674,0.0,30.115550755939523,0,0,0,0.0,921.8004988051745,170.57245880444043
stress_near_transition,C5,6037,1729,1522,63.416666666666664,88.02776171197225,28.95384261499348,610.7592780896309,28.32469226256397,36.8421052631579,14.203316510454222,63.1578947368421,0.5198066933172066,257.51257812770234,0,15990.0,47.99599999999965,5.494305555555568,69.11742656812783,55.289477984521305,13.827948583606553,79.99354248240628,19.219998318618035,30.635736585040675,24.65374139948063,95.9964257890665,3.0,6,1802.5880468939165,1168,35.18835616438356,294,1599,nan,nan,7.994947495870292,1585,12,0,0,,,,,,1585,7.994947495870292,0.005044130912221004,0.00522869685664773,0.010684200795367358,0.026835239958018064,5.0441309122210045,10.684200795367358,26.835239958018064,41.981072555205046,199.06750788643532,41.981072555205046,0.0,30.317981072555206,0,0,0,0.0,797.9251252991344,154.02603752009594
stress_near_transition,C5,6038,1659,1654,68.91666666666667,99.69861362266425,0.12387548065537113,2.2584085579503155,0.03150455879024477,31.57894736842105,0.0,68.42105263157895,0.5798787740268921,0.0,0,18720.0,46.74199999999961,5.31972222222224,45.841097890446356,36.65247717944444,9.188620711001958,79.95549597664218,22.499450490082978,36.65247717944444,0.0,63.6681915145089,3.0,6,0.0,1411,31.75053153791637,326,1872,nan,nan,7.09919842495583,1872,0,0,0,,,,,,1872,7.09919842495583,0.0037923068509379434,0.002641833038069308,0.008632110664620994,0.016566968988627195,3.7923068509379436,8.632110664620994,16.566968988627195,43.24519230769231,204.428952991453,43.24519230769231,0.0,30.700854700854702,0,0,0,0.0,195.4350478260035,39.56037651339298
stress_near_transition,C5,6039,1597,1591,66.29166666666667,99.62429555416405,0.45258309830540494,262.050082607082,0.35168919039833807,27.707006369426757,0.1558846453624363,72.29299363057325,0.5639147489201399,36.93663449176033,0,18610.0,45.35199999999961,5.145694444444464,60.086966544249435,47.98619849543294,12.10076804881654,79.86124322001642,19.350424120250413,37.43106459212898,10.55513390330395,83.45412020034651,3.0,6,258.55644144232235,1420,39.154929577464785,306,1861,nan,nan,8.072720056865364,1854,7,0,0,,,,,,1854,8.072720056865364,0.004354217937899333,0.0038920289371162653,0.008529918023850768,0.01836808305233717,4.3542179378993335,8.529918023850767,18.36808305233717,44.08576051779935,207.88025889967636,44.08576051779935,0.0,30.261596548004317,0,0,0,0.0,1033.716765132899,181.50386933307257
stress_near_transition,C5,6040,1716,1488,62.0,86.7132867132867,34.1456418404383,608.9508275139864,33.48904121212997,43.50282485875706,15.565345080763581,56.49717514124294,0.5235163987198532,257.570307640094,0,15640.0,47.49199999999967,5.443055555555568,68.54773504519393,54.70682055271842,13.84091449247554,79.80835620119306,19.20940974031099,30.10478903892742,24.602031513791,95.2051875627694,3.0,6,1802.9921534806579,1187,42.96545914069082,276,1564,nan,nan,7.716579479165375,1551,10,0,0,,,,,,1551,7.716579479165375,0.004975228548784897,0.00519624981097877,0.009257390513084829,0.029955832986161113,4.975228548784897,9.257390513084829,29.955832986161113,43.994197292069636,207.80593165699548,43.994197292069636,0.0,31.40876853642811,0,0,0,0.0,1111.7079625937417,201.33532428271178
stress_near_transition,C5,6041,1621,1615,67.29166666666667,99.62985811227637,0.09875758736355414,2.935875087938863,0.026446782441329045,29.447852760736193,0.0,70.5521472392638,0.5851907114454552,0.0,0,18930.0,45.53999999999962,5.188750000000019,46.96388143149054,37.56926814104688,9.39461329044371,79.99608847461162,25.050198059645172,37.56926814104688,0.0,65.2276130992925,3.0,6,0.0,1448,29.48895027624309,327,1893,nan,nan,7.67426585056819,1893,0,0,0,,,,,,1893,7.67426585056819,0.004054023164589641,0.002976085990667343,0.008946182299405336,0.019634158117696643,4.0540231645896405,8.946182299405336,19.634158117696643,43.89857369255151,207.06180665610142,43.89857369255151,0.0,30.387744321183305,0,0,0,0.0,142.74998664384924,28.501555140249085
stress_near_transition,C5,6042,1643,1635,68.125,99.51308581862448,0.1327061322002442,3.4748567063804026,0.034971268553499434,28.57142857142857,0.0,71.42857142857143,0.5828731132923196,0.0,0,18650.0,46.39999999999962,5.275972222222242,45.93195090067089,36.71227160288692,9.21967929778404,79.92752513882596,19.8701555039115,36.71227160288692,0.0,63.79437625093188,3.0,6,0.0,1395,40.215053763440864,330,1865,nan,nan,8.45938317058608,1864,1,0,0,,,,,,1864,8.45938317058608,0.004538295692374506,0.003956705913878977,0.009202865464612837,0.020990359829738736,4.538295692374506,9.202865464612836,20.990359829738736,43.43884120171674,205.1464592274678,43.43884120171674,0.0,30.282188841201716,0,0,0,0.0,1378.0679281592215,232.30466746615235
stress_near_transition,C5,6043,1684,1477,61.541666666666664,87.70783847980998,46.370730392800866,593.0498699998809,45.27502024567975,48.82352941176471,27.976190476190478,51.17647058823529,0.5365748373428189,259.4876377572319,0,12620.0,46.44399999999974,5.330277777777787,65.16628197921924,52.00934419085866,13.156937788360576,79.81020646143942,19.368333333333318,23.895840242251047,28.113503948607615,90.50872497113787,3.0,6,1816.413464300623,894,38.92617449664429,237,1262,nan,nan,5.297912241658196,1242,14,0,0,,,,,,1242,5.297912241658196,0.004265629824201446,0.003250145586207509,0.009332656452897938,0.02316357404924929,4.265629824201445,9.332656452897938,23.16357404924929,41.06280193236715,195.22624798711755,41.06280193236715,0.0,30.113526570048307,0,0,0,0.0,656.6048377823558,131.01252267045126
stress_near_transition,C5,6044,1702,1550,64.58333333333333,91.06933019976499,18.965556761051424,613.0721853128185,18.50282099043621,39.44099378881988,9.85507246376811,60.55900621118012,0.5204779749112377,259.1118500831768,0,16750.0,47.59799999999966,5.432916666666679,71.47910064473618,56.88459549688088,14.594505147855333,79.5821365738881,19.406164988681944,32.29082036746658,24.593775129414293,99.27652867324474,3.0,6,1813.7829505822376,1236,41.99029126213592,299,1675,nan,nan,7.695788351818919,1666,8,0,0,,,,,,1666,7.695788351818919,0.004619320739387107,0.004456978524103761,0.009552760515362024,0.021391900023445487,4.619320739387107,9.552760515362024,21.391900023445487,41.8937575030012,198.67406962785114,41.8937575030012,0.0,30.288715486194477,0,0,0,0.0,1130.1161659774634,207.946428969986
stress_near_transition,C5,6045,1642,1638,68.25,99.7563946406821,0.07999409536030438,2.185689091126915,0.01945965517302122,24.350649350649356,0.0,75.64935064935064,0.5829086677304682,0.0,0,18800.0,46.5119999999996,5.282500000000019,46.01403146384392,36.81141622237005,9.202615241473913,80.00041520225209,19.429363000462196,36.81141622237005,0.0,63.90837703311662,3.0,6,0.0,1356,38.05309734513274,319,1880,nan,nan,8.159794653998688,1876,3,0,0,,,,,,1876,8.159794653998688,0.00434957071108672,0.0033328610006719828,0.009379691735375673,0.022669888101518154,4.34957071108672,9.379691735375673,22.669888101518154,42.26545842217484,200.11460554371,42.26545842217484,0.0,30.017057569296377,0,0,0,0.0,715.2259578717204,131.35878129647554
stress_near_transition,C5,6046,1662,1658,69.08333333333333,99.75932611311673,0.14323070207385863,2.7501070734965953,0.03020492875666872,27.544910179640713,0.0,72.45508982035929,0.5800905171475009,0.0,0,18440.0,46.74399999999959,5.323611111111132,45.434379357659495,36.347757023523066,9.086622334136475,80.00055802984228,21.918737913908405,36.347757023523066,0.0,63.103304663416026,3.0,6,0.0,1384,34.32080924855491,316,1844,nan,nan,8.759801192209125,1844,0,0,0,,,,,,1844,8.759801192209125,0.004750434486013625,0.004476998466998339,0.00990919879404827,0.017684179125353694,4.750434486013625,9.90919879404827,17.684179125353694,43.15347071583514,203.93817787418655,43.15347071583514,0.0,30.164316702819956,0,0,0,0.0,408.47207932699723,73.06848415206706
stress_near_transition,C5,6047,1605,1597,66.54166666666667,99.50155763239876,0.13629902386836412,3.644843251453858,0.03671410832697786,29.20353982300885,0.0,70.79646017699115,0.5897688612383144,0.0,0,18390.0,45.87599999999961,5.192083333333351,46.2564939358895,37.02175312756554,9.234740808324005,80.03579600926281,24.416729497655652,37.02175312756554,0.0,64.24513046651327,3.0,6,0.0,1409,19.517388218594746,299,1839,nan,nan,6.226514850510284,1839,0,0,0,,,,,,1839,6.226514850510284,0.003385815579396566,0.0025029738899320364,0.007563526672311125,0.0315167810767889,3.385815579396566,7.563526672311125,31.516781076788902,44.29853181076672,208.83414899401848,44.29853181076672,0.0,30.53779227841218,0,0,0,0.0,43.02745583665128,10.316780525552826
stress_near_transition,C5,6048,1649,1645,68.54166666666667,99.75742874469375,0.09182726315658164,2.343226940425787,0.024575484621839287,26.21951219512195,0.0,73.78048780487805,0.5796066680906533,0.0,0,18690.0,46.283999999999615,5.275416666666684,46.978239282310696,37.586209921896355,9.392029360414382,80.00770249396972,24.45999695027264,37.586209921896355,0.0,65.24755455876492,3.0,6,0.0,1432,33.030726256983236,274,1869,nan,nan,8.038318702951074,1869,0,0,0,,,,,,1869,8.038318702951074,0.004300866079695599,0.0032836829777806997,0.009028132911771534,0.016037964029237628,4.300866079695599,9.028132911771534,16.037964029237628,42.65650080256822,201.76511503477795,42.65650080256822,0.0,29.847512038523274,0,0,0,0.0,410.1530626644895,77.48596312653129
stress_near_transition,C5,6049,1657,1528,63.666666666666664,92.21484610742306,14.70807503339687,588.5691088304246,14.236195985020663,32.432432432432435,9.063444108761331,67.56756756756756,0.5291088885700472,244.3608631358031,0,16580.0,46.23799999999966,5.282222222222237,71.62912016069616,57.426624022562436,14.202496138133755,80.17217563712751,19.617777736532847,32.849546806260584,24.577077216301852,99.48488911207806,3.0,6,1710.526041950622,1286,39.19129082426128,267,1658,nan,nan,7.77659056475386,1650,8,0,0,,,,,,1650,7.77659056475386,0.004713085190759915,0.004906276008114219,0.009278693364467471,0.027371257077902555,4.713085190759915,9.278693364467472,27.371257077902555,43.981818181818184,207.62666666666667,43.981818181818184,0.0,30.881212121212123,0,0,0,0.0,1165.9465390805476,202.4730007233673
stress_near_transition,C5,6050,1676,1674,69.75,99.88066825775657,0.09456207199084378,3.1220467942296333,0.022480630966870464,28.348909657320874,0.0,71.65109034267913,0.5757970032343234,0.0,0,19070.0,47.52999999999961,5.395694444444463,46.19831036990101,36.98055034200905,9.21776002789201,80.047408760002,21.699629325350752,36.98055034200905,0.0,64.16431995819593,3.0,6,0.0,1392,24.20977011494253,346,1907,nan,nan,6.8455091279465705,1907,0,0,0,,,,,,1907,6.8455091279465705,0.0035896744247229002,0.0025123250670731068,0.007972859172150485,0.02791868895292282,3.5896744247229004,7.972859172150486,27.91868895292282,41.389617199790244,196.49606712113268,41.389617199790244,0.0,30.125852123754587,0,0,0,0.0,325.9677862996115,61.99811125146123
stress_near_transition,C5,6051,1555,1551,64.625,99.74276527331189,0.09423607335888438,2.2617587215350796,0.023327702355232596,25.671641791044774,0.0,74.32835820895522,0.5968682416833319,0.0,0,18630.0,44.01999999999963,5.000694444444463,47.67840619160068,38.152051555396284,9.526354636204447,80.01956148047034,26.12369441378132,38.152051555396284,0.0,66.22000859944546,3.0,6,0.0,1451,24.810475534114403,300,1863,nan,nan,6.91496801096946,1863,0,0,0,,,,,,1863,6.91496801096946,0.0037117380627855394,0.002561755944043398,0.0091529826633632,0.04139224882237613,3.7117380627855394,9.1529826633632,41.39224882237613,46.10305958132045,216.37412775093935,46.10305958132045,0.0,30.666129898013956,0,0,0,0.0,58.59576278797732,12.32292190141253
stress_near_transition,C5,6052,1729,1507,62.791666666666664,87.16020821283979,35.00466889912696,580.876417695409,34.208421686967604,48.07121661721068,19.324712643678165,51.92878338278932,0.5303837395942551,235.76280615477225,0,14070.0,47.57999999999969,5.465416666666677,63.786595244495366,50.87267584263262,12.913919401862767,79.7544933189122,19.33881049596806,26.276066479854855,24.59660936277776,88.5924933951325,3.0,6,1650.339643083406,1011,26.013847675568748,269,1407,nan,nan,6.245634126942605,1400,7,0,0,,,,,,1400,6.245634126942605,0.004461167233530432,0.0037490015383809805,0.009148458368144928,0.02587011898867786,4.461167233530432,9.148458368144928,25.87011898867786,41.79642857142857,198.48642857142858,41.79642857142857,0.0,30.626428571428573,0,0,0,0.0,363.139365842661,78.43693563526132
stress_near_transition,C5,6053,1561,1557,64.875,99.74375400384369,0.0698251726491345,2.272440948680499,0.021525087337625,27.86885245901639,0.0,72.1311475409836,0.5956341325025315,0.0,0,18980.0,44.29399999999961,5.027222222222241,47.70039721872407,38.16049339313612,9.539903825588,80.00036816917071,25.37300362947994,38.16049339313612,0.0,66.2505516926724,3.0,6,0.0,1435,30.10452961672474,321,1898,nan,nan,5.945879133883864,1898,0,0,0,,,,,,1898,5.945879133883864,0.003132707657473058,0.0024564764462411404,0.007428550592157988,0.01666031777858734,3.132707657473058,7.428550592157988,16.66031777858734,45.31612223393045,213.0068493150685,45.31612223393045,0.0,30.464699683877765,0,0,0,0.0,34.34597753669076,6.530402641164346
stress_near_transition,C5,6054,1722,1476,61.5,85.71428571428571,41.543074464940034,599.9893976510156,40.72353187373881,45.16129032258065,21.48148148148148,54.83870967741935,0.5213503475278779,262.32038907094807,0,14560.0,47.903999999999705,5.479166666666676,69.03942484594951,55.190330815732054,13.849094030217488,79.94031082802397,19.383751520281812,27.07662641721017,28.113704398521875,95.88809006381881,3.0,6,1836.2427234966367,1033,32.526621490803485,284,1456,nan,nan,6.2149359388276935,1445,10,0,0,,,,,,1445,6.2149359388276935,0.004300993729292522,0.0032391150016337633,0.009651388134807346,0.0171924140304327,4.3009937292925216,9.651388134807346,17.1924140304327,40.83737024221453,194.2539792387543,40.83737024221453,0.0,30.170242214532873,0,0,0,0.0,532.6072106146481,114.96363050513614
stress_near_transition,C5,6055,1715,1482,61.75,86.41399416909621,62.832921660550234,585.1710735439851,61.44584398365339,54.27728613569322,35.029069767441854,45.72271386430678,0.5272612816208679,267.02028484333306,0,11310.0,46.943999999999775,5.403750000000001,66.76031406308255,53.49735914455008,13.262954918532454,80.13347434824804,19.376503169136715,21.817188781820715,31.680170362729367,92.722658420948,3.0,6,1869.1419939033315,808,32.17821782178218,214,1131,nan,nan,4.824711644323543,1119,12,0,0,,,,,,1119,4.824711644323543,0.004311627921647491,0.0031472579576075077,0.009570941887795921,0.019510979996994138,4.311627921647491,9.570941887795922,19.510979996994138,42.10455764075067,199.63717605004467,42.10455764075067,0.0,29.99106344950849,0,0,0,0.0,348.20155079399655,72.91436826976235
stress_near_transition,C5,6056,1633,1629,67.875,99.75505205143907,0.15770147601587456,3.387274783064034,0.03501867568869797,30.294117647058826,0.0,69.70588235294117,0.5853318110415263,0.0,0,18520.0,46.37399999999962,5.2616666666666845,45.69276723507068,36.56617491563229,9.12659231943846,80.02617728865972,25.58450340830997,36.56617491563229,0.0,63.46217671537604,3.0,6,0.0,1410,27.588652482269506,329,1852,nan,nan,7.565507471561432,1852,0,0,0,,,,,,1852,7.565507471561432,0.004085047230864704,0.0026950191240757704,0.010304683109279721,0.02237343299202621,4.085047230864704,10.30468310927972,22.37343299202621,43.76889848812095,206.5172786177106,43.76889848812095,0.0,30.24244060475162,0,0,0,0.0,211.6320729663565,41.98827350294688
stress_non_binding,C1,6007,1826,1823,75.95833333333333,99.83570646221249,1.6517622691516494,100.29864416477503,0.8327804945249417,15.211267605633804,10.265125764785864,84.78873239436619,0.42271341500021187,8.761677868225878,0,100.0,21.931999999999945,3.8055555555555456,25.223170599923755,20.120984760570558,5.102185839353199,79.77182995634729,29.678888888888554,0.0,20.120984760570558,17.516090694391494,0,0,43.80838934112938,0,0,0,10,0.3,0.7,0.0,0,0,0,0,,,,,,,,,,,,,,,,,,,,,,,,,
stress_non_binding,C1,6008,1781,1781,74.20833333333333,100.0,1.5500970037581785,64.13407074914818,0.7516722926814458,19.55307262569832,9.486999297259313,80.44692737430168,0.43540395911216223,3.9310674778371806,0,100.0,21.391999999999964,3.711805555555546,25.154574719621593,20.12844138821529,5.026133331406305,80.01900891814437,29.678888888888554,0.0,20.12844138821529,17.468454666403886,0,0,19.655337389185902,0,0,0,10,0.3,0.7,0.0,0,0,0,0,,,,,,,,,,,,,,,,,,,,,,,,,
stress_non_binding,C1,6009,1802,1797,74.875,99.72253052164261,0.7928679470086696,50.88180500916472,0.3045479927042774,13.043478260869568,1.275690999291279,86.95652173913044,0.4299193383681798,0.0,0,100.0,21.643999999999952,3.7555555555555458,25.029038187455274,20.115552600705144,4.913485586750134,80.36885976220691,29.678888888888554,0.0,20.115552600705144,17.381276519066162,0,0,0.0,0,0,0,10,0.3,0.7,0.0,0,0,0,0,,,,,,,,,,,,,,,,,,,,,,,,,
stress_non_binding,C1,6010,1836,1832,76.33333333333333,99.78213507625271,0.937986872534873,56.382455305702024,0.35215224487514113,14.127423822714679,3.050847457627115,85.87257617728532,0.41990686649178144,0.20986014060110997,0,100.0,22.051999999999943,3.826388888888879,25.23352806295868,20.12352988279241,5.109998180166271,79.7491727378882,29.678888888888554,0.0,20.12352988279241,17.52328337705464,0,0,1.04930070300555,0,0,0,10,0.3,0.7,0.0,0,0,0,0,,,,,,,,,,,,,,,,,,,,,,,,,
stress_non_binding,C1,6011,1833,1831,76.29166666666667,99.89088925259138,0.864287507747487,53.63788269810454,0.32863209944555977,12.874251497005984,1.867911941294198,87.12574850299401,0.41383102950195616,0.0,0,110.0,22.01799999999994,3.820277777777768,27.720829379295772,22.14112545059459,5.579703928701186,79.87180018189294,29.678888888888554,0.0,22.14112545059459,19.250575957844283,0,0,0.0,0,0,0,11,0.3,0.7,0.0,0,0,0,0,,,,,,,,,,,,,,,,,,,,,,,,,
stress_non_binding,C1,6012,1800,1796,74.83333333333333,99.77777777777777,1.1035912240258041,74.4606981901267,0.4690371060162382,16.012084592145015,5.037440435670526,83.98791540785498,0.43015238263542505,4.860475795964243,0,100.0,21.619999999999955,3.7513888888888793,25.14514225124698,20.144950225770188,5.000192025476801,80.11467990311796,29.678888888888554,0.0,20.144950225770188,17.461904341143736,0,0,24.30237897982121,0,0,0,10,0.3,0.7,0.0,0,0,0,0,,,,,,,,,,,,,,,,,,,,,,,,,
stress_non_binding,C1,6013,1817,1813,75.54166666666667,99.77985690698954,0.7608306673953621,51.3771761634666,0.313230123908861,13.821138211382111,0.8287292817679592,86.1788617886179,0.4187432828470806,0.0,0,110.0,21.825999999999947,3.7869444444444347,27.552418175050995,22.143048026880532,5.40937014817046,80.36698588921423,29.678888888888554,0.0,22.143048026880532,19.1336237326743,0,0,0.0,0,0,0,11,0.3,0.7,0.0,0,0,0,0,,,,,,,,,,,,,,,,,,,,,,,,,
stress_non_binding,C1,6014,1821,1816,75.66666666666667,99.72542559033498,0.9343675913090838,52.372140378089775,0.3711318581000462,14.247311827956988,2.9675638371290503,85.75268817204301,0.4240344773353394,0.0,0,100.0,21.871999999999947,3.795138888888879,25.24758815927782,20.137022670570424,5.110565488707394,79.75820321344477,29.678888888888554,0.0,20.137022670570424,17.53304733283182,0,0,0.0,0,0,0,10,0.3,0.7,0.0,0,0,0,0,,,,,,,,,,,,,,,,,,,,,,,,,
stress_non_binding,C1,6015,1745,1742,72.58333333333333,99.82808022922636,0.6786777811386432,53.5272806702805,0.2945410063672034,8.187134502923977,0.9265858873841792,91.81286549707602,0.4454299538167449,0.0,0,100.0,20.959999999999976,3.6368055555555463,25.145216625971837,20.15163284836985,4.993583777601983,80.14101905789809,29.678888888888554,0.0,20.15163284836985,17.461955990258218,0,0,0.0,0,0,0,10,0.3,0.7,0.0,0,0,0,0,,,,,,,,,,,,,,,,,,,,,,,,,
stress_non_binding,C1,6016,1836,1826,76.08333333333333,99.45533769063181,0.7461836547593463,52.30721516057838,0.3005102353745783,11.13989637305699,0.8965517241379284,88.86010362694302,0.41343394238588826,0.0,0,110.0,22.053999999999938,3.826527777777768,27.56378074108023,22.151469131183205,5.4123116098970225,80.36440769596356,29.678888888888544,0.0,22.151469131183205,19.141514403527935,0,0,0.0,0,0,0,11,0.3,0.7,0.0,0,0,0,0,,,,,,,,,,,,,,,,,,,,,,,,,
stress_non_binding,C1,6017,1810,1809,75.375,99.94475138121547,1.3855338310288952,71.21202643892721,0.7201653959725836,17.158176943699733,6.332637439109257,82.84182305630027,0.42775407742763516,5.493212320978151,0,100.0,21.73999999999995,3.7722222222222124,25.008532126051314,20.12917118807679,4.87936093797453,80.48921498718548,29.678888888888554,0.0,20.12917118807679,17.367036198646744,0,0,27.466061604890758,0,0,0,10,0.3,0.7,0.0,0,0,0,0,,,,,,,,,,,,,,,,,,,,,,,,,
stress_non_binding,C1,6018,1850,1844,76.83333333333333,99.67567567567568,1.0309411076589436,60.57235239758502,0.3841547271483246,14.364640883977897,4.3010752688172005,85.6353591160221,0.40939394059960216,0.5749239134766079,0,110.0,22.221999999999934,3.8556944444444343,27.618181384143238,22.137976735539585,5.480204648603657,80.15725737919126,29.678888888888554,0.0,22.137976735539585,19.17929262787725,0,0,2.8746195673830397,0,0,0,11,0.3,0.7,0.0,0,0,0,0,,,,,,,,,,,,,,,,,,,,,,,,,
stress_non_binding,C1,6019,1819,1816,75.66666666666667,99.83507421660252,0.7491411509641888,52.372140378089775,0.2697364953214089,10.26392961876833,0.7442489851150258,89.73607038123167,0.4250297817835104,0.0,0,100.0,21.847999999999946,3.790972222222212,25.089278557936233,20.11145533165513,4.977823226281107,80.15956012929468,29.678888888888554,0.0,20.11145533165513,17.423110109677943,0,0,0.0,0,0,0,10,0.3,0.7,0.0,0,0,0,0,,,,,,,,,,,,,,,,,,,,,,,,,
stress_non_binding,C1,6020,1775,1770,73.75,99.71830985915493,0.7874022595163639,52.372140378089895,0.3107523349885412,14.364640883977897,1.3446567586694935,85.6353591160221,0.4368008549871198,0.0,0,100.0,21.31999999999997,3.699305555555546,25.251692204636875,20.1315950965204,5.120097108116473,79.72374656469046,29.678888888888554,0.0,20.1315950965204,17.535897364331163,0,0,0.0,0,0,0,10,0.3,0.7,0.0,0,0,0,0,,,,,,,,,,,,,,,,,,,,,,,,,
stress_non_binding,C1,6021,1811,1809,75.375,99.88956377691883,1.5540105445705226,71.74589660748565,0.75624283333708,19.104477611940297,9.620596205962062,80.8955223880597,0.427042447999996,4.422428708177237,0,100.0,21.751999999999946,3.7743055555555456,25.164718720001417,20.119472323331642,5.045246396669773,79.9511115033457,29.678888888888554,0.0,20.119472323331642,17.4754991111121,0,0,22.112143540886184,0,0,0,10,0.3,0.7,0.0,0,0,0,0,,,,,,,,,,,,,,,,,,,,,,,,,
stress_non_binding,C1,6022,1776,1773,73.875,99.83108108108108,1.447616624915733,55.3254076285814,0.6706519867011542,20.180722891566262,8.102493074792239,79.81927710843374,0.4368188609304986,0.0,0,100.0,21.331999999999965,3.7013888888888795,25.145210065020507,20.119022527316524,5.0261875377039855,80.01135196442081,29.678888888888554,0.0,20.119022527316524,17.46195143404202,0,0,0.0,0,0,0,10,0.3,0.7,0.0,0,0,0,0,,,,,,,,,,,,,,,,,,,,,,,,,
stress_non_binding,C1,6023,1833,1831,76.29166666666667,99.89088925259138,0.6853514221925517,54.19742305946044,0.2968093611196805,11.375661375661373,0.7560137457044647,88.62433862433863,0.4141212656329725,0.0,0,110.0,22.01799999999994,3.820277777777768,27.61634437212991,22.15124351490086,5.465100857229047,80.21062895368452,29.678888888888554,0.0,22.15124351490086,19.178016925090212,0,0,0.0,0,0,0,11,0.3,0.7,0.0,0,0,0,0,,,,,,,,,,,,,,,,,,,,,,,,,
stress_non_binding,C1,6024,1817,1813,75.54166666666667,99.77985690698954,1.298510486808854,75.42014871317079,0.6596460005692982,11.731843575419,6.579849211788902,88.26815642458101,0.42492235190782185,3.6849848582081175,0,100.0,21.82399999999995,3.7868055555555458,25.327953313184118,20.132896825499902,5.195056487684217,79.48884213640744,29.676036211155456,0.0,20.132896825499902,17.588856467488966,0,0,18.42492429104059,0,0,0,10,0.3,0.7,0.0,0,0,0,0,,,,,,,,,,,,,,,,,,,,,,,,,
stress_non_binding,C1,6025,1777,1773,73.875,99.77490151941475,0.8992193464575888,63.88919460991268,0.35299570793565205,10.626702997275206,2.765957446808509,89.3732970027248,0.43689180962458235,2.287050563616455,0,100.0,21.343999999999966,3.7034722222222127,25.018948535150336,20.118171907750426,4.9007766273999085,80.41174024354153,29.678888888888554,0.0,20.118171907750426,17.374269816076627,0,0,11.435252818082274,0,0,0,10,0.3,0.7,0.0,0,0,0,0,,,,,,,,,,,,,,,,,,,,,,,,,
stress_non_binding,C1,6026,1818,1815,75.625,99.83498349834984,1.831557592593609,78.24530645707006,0.9985205881169555,17.291066282420754,9.517335146159079,82.70893371757924,0.4181758489822632,4.726394737017254,0,110.0,21.837999999999948,3.789027777777768,27.656694366385274,22.157744201494047,5.498950164891227,80.11710983227697,29.678888888888544,0.0,22.157744201494047,19.206037754434213,0,0,23.63197368508627,0,0,0,11,0.3,0.7,0.0,0,0,0,0,,,,,,,,,,,,,,,,,,,,,,,,,
stress_non_binding,C1,6027,1819,1814,75.58333333333333,99.72512369433755,0.6609030127046818,55.40907177414374,0.2691269443566103,9.411764705882353,0.5409060175794456,90.58823529411765,0.42453965779708575,0.0,0,100.0,21.84799999999995,3.790972222222212,25.265723193049126,20.137415980937973,5.128307212111148,79.70251168776358,29.678888888888554,0.0,20.137415980937973,17.545641106284116,0,0,0.0,0,0,0,10,0.3,0.7,0.0,0,0,0,0,,,,,,,,,,,,,,,,,,,,,,,,,
stress_non_binding,C1,6028,1834,1833,76.375,99.94547437295529,0.5747127320026161,52.07879515764768,0.25300924965413474,5.413105413105413,0.6068779501011479,94.58689458689459,0.4208653687736688,0.0,0,100.0,22.027999999999942,3.822222222222212,25.088467241479236,20.139370764384722,4.949096477094518,80.27342033509294,29.678888888888554,0.0,20.139370764384722,17.422546695471688,0,0,0.0,0,0,0,10,0.3,0.7,0.0,0,0,0,0,,,,,,,,,,,,,,,,,,,,,,,,,
stress_non_binding,C1,6029,1826,1824,76.0,99.89047097480832,1.3986137782078953,66.20846506863806,0.6045625318597309,18.701298701298697,8.743927827897291,81.2987012987013,0.4227135774063459,1.4668669192681654,0,100.0,21.93199999999994,3.8055555555555456,25.22311213371548,20.134272821227842,5.088839312487634,79.82469694655387,29.678888888888554,0.0,20.134272821227842,17.516050092857967,0,0,7.334334596340826,0,0,0,10,0.3,0.7,0.0,0,0,0,0,,,,,,,,,,,,,,,,,,,,,,,,,
stress_non_binding,C1,6030,1823,1819,75.79166666666667,99.7805814591333,1.0796929327629918,59.650761600569055,0.44360698394184217,17.34104046242775,3.9268788083953954,82.65895953757226,0.424056655799886,1.503468860001764,0,100.0,21.895999999999944,3.799305555555545,25.039603912041045,20.132785377392,4.906818534649048,80.40376935719237,29.678888888888544,0.0,20.132785377392,17.388613827806278,0,0,7.51734430000882,0,0,0,10,0.3,0.7,0.0,0,0,0,0,,,,,,,,,,,,,,,,,,,,,,,,,
stress_non_binding,C1,6031,1814,1808,75.33333333333333,99.66923925027564,1.011277970258262,53.2811930986473,0.387478392818757,14.054054054054054,3.5318559556786755,85.94594594594595,0.42624787753383264,0.0,0,100.0,21.787999999999947,3.7805555555555452,25.150764087820242,20.141416921708256,5.009347166111981,80.08272373506989,29.67668962281461,0.0,20.141416921708256,17.46580839431961,0,0,0.0,0,0,0,10,0.3,0.7,0.0,0,0,0,0,,,,,,,,,,,,,,,,,,,,,,,,,
stress_non_binding,C1,6032,1894,1891,78.79166666666667,99.8416050686378,2.8551595110796244,91.15363241570581,1.8625977242339127,23.184357541899438,13.216145833333337,76.81564245810057,0.4041770810196799,14.813061034657778,0,100.0,22.747999999999916,3.9472222222222118,25.09625083291523,20.11733204788557,4.97891878502967,80.16070679968055,29.678888888888554,0.0,20.11733204788557,17.42795196730225,0,0,74.06530517328889,0,0,0,10,0.3,0.7,0.0,0,0,0,0,,,,,,,,,,,,,,,,,,,,,,,,,
stress_non_binding,C1,6033,1853,1846,76.91666666666667,99.62223421478683,0.9883602473437688,89.21455521256127,0.4332245741935889,12.365591397849462,2.9709655638082366,87.63440860215054,0.4071336263568807,8.121893297748612,0,110.0,22.25799999999993,3.8619444444444344,28.13189451152293,22.135832770850325,5.996061740672607,78.6858942677444,29.678888888888554,0.0,22.135832770850325,19.536037855224258,0,0,40.60946648874305,0,0,0,11,0.3,0.7,0.0,0,0,0,0,,,,,,,,,,,,,,,,,,,,,,,,,
stress_non_binding,C1,6034,1714,1709,71.20833333333333,99.70828471411902,0.7601778274257456,67.97793927501382,0.31014357746238774,9.627329192546586,0.9339080459770166,90.37267080745342,0.4534628344735568,3.558839659520284,0,100.0,20.587999999999994,3.572222222222213,25.353379589519534,20.152076240691102,5.201303348828433,79.48477310307568,29.678888888888544,0.0,20.152076240691102,17.606513603833008,0,0,17.794198297601422,0,0,0,10,0.3,0.7,0.0,0,0,0,0,,,,,,,,,,,,,,,,,,,,,,,,,
stress_non_binding,C1,6035,1768,1764,73.5,99.77375565610859,0.6288482515251637,53.073181500824894,0.2775171535114793,6.963788300835649,0.5677785663591228,93.03621169916435,0.43912472437300865,0.0,0,100.0,21.23599999999997,3.684722222222213,25.115099225716914,20.111280989905197,5.003818235811721,80.07645444343697,29.678888888888554,0.0,20.111280989905197,17.44104112897008,0,0,0.0,0,0,0,10,0.3,0.7,0.0,0,0,0,0,,,,,,,,,,,,,,,,,,,,,,,,,
stress_non_binding,C1,6036,1759,1755,73.125,99.77259806708358,1.9652036245994873,88.81032087900014,1.0553396035980422,17.37967914438503,11.191335740072205,82.62032085561498,0.441315340300407,11.401010973377307,0,100.0,21.127999999999975,3.6659722222222126,25.226477491853494,20.132022984136768,5.094454507716725,79.80512931556972,29.678888888888554,0.0,20.132022984136768,17.51838714712048,0,0,57.00505486688653,0,0,0,10,0.3,0.7,0.0,0,0,0,0,,,,,,,,,,,,,,,,,,,,,,,,,
stress_non_binding,C1,6037,1836,1834,76.41666666666667,99.89106753812636,0.8298207416364349,55.26528735127916,0.3283209071210799,9.21787709497207,2.3004059539918797,90.78212290502793,0.4128393635473634,0.0,0,110.0,22.053999999999938,3.8265277777777675,27.77782912294918,22.155835221152714,5.621993901796468,79.76085936408994,29.678888888888554,0.0,22.155835221152714,19.290159113159152,0,0,0.0,0,0,0,11,0.3,0.7,0.0,0,0,0,0,,,,,,,,,,,,,,,,,,,,,,,,,
stress_non_binding,C1,6038,1771,1770,73.75,99.94353472614343,1.88206063537916,72.7753468175797,1.1150255990085722,18.39080459770115,9.76809557273366,81.60919540229885,0.4378020652274598,3.252885395427875,0,100.0,21.27199999999997,3.6909722222222126,25.291256518114448,20.12637398466846,5.164882533445981,79.57838698228883,29.678888888888554,0.0,20.12637398466846,17.563372582023923,0,0,16.264426977139372,0,0,0,10,0.3,0.7,0.0,0,0,0,0,,,,,,,,,,,,,,,,,,,,,,,,,
stress_non_binding,C1,6039,1732,1731,72.125,99.94226327944573,2.254988017384336,94.67266608990825,1.4991370206160175,16.52173913043479,8.147080028839227,83.47826086956522,0.4488816332889404,16.025757905357604,0,100.0,20.803999999999984,3.6097222222222127,25.202612015981465,20.105629834835266,5.096982181146202,79.775976482461,29.678888888888544,0.0,20.105629834835266,17.501813899987127,0,0,80.12878952678803,0,0,0,10,0.3,0.7,0.0,0,0,0,0,,,,,,,,,,,,,,,,,,,,,,,,,
stress_non_binding,C1,6040,1840,1834,76.41666666666667,99.67391304347825,1.8611002576057862,80.23421393012262,1.0700832978075974,13.089005235602091,10.356652949245538,86.91099476439791,0.4054387013263875,8.37482310290555,0,120.0,22.103999999999935,3.83499999999999,30.04206752250049,24.175117043963198,5.866950478537295,80.4708831236627,29.678244929194307,0.0,24.175117043963198,20.86254689062534,0,0,41.87411551452775,0,0,0,12,0.3,0.7,0.0,0,0,0,0,,,,,,,,,,,,,,,,,,,,,,,,,
stress_non_binding,C1,6041,1738,1737,72.375,99.94246260069045,0.6499068406455091,52.33424204811818,0.2854174291019423,11.370262390670549,0.4301075268817178,88.62973760932945,0.44739485207426666,0.0,0,100.0,20.875999999999983,3.622222222222213,25.137853253263955,20.145735727525363,4.992117525738596,80.14103481533212,29.678888888888544,0.0,20.145735727525363,17.45684253698886,0,0,0.0,0,0,0,10,0.3,0.7,0.0,0,0,0,0,,,,,,,,,,,,,,,,,,,,,,,,,
stress_non_binding,C1,6042,1770,1764,73.5,99.66101694915255,0.7965034881812608,52.372140378089895,0.3432555671564756,9.917355371900827,2.487562189054726,90.08264462809917,0.43843189108448444,0.0,0,100.0,21.259999999999966,3.6888888888888793,25.164519209585606,20.137628811775908,5.0268903978097015,80.02389651897316,29.678888888888544,0.0,20.137628811775908,17.47536056221223,0,0,0.0,0,0,0,10,0.3,0.7,0.0,0,0,0,0,,,,,,,,,,,,,,,,,,,,,,,,,
stress_non_binding,C1,6043,1799,1795,74.79166666666667,99.77765425236242,2.1548651714584772,82.32913448700232,1.1761326449701066,21.138211382113823,12.027972027972023,78.86178861788618,0.4303894441925912,4.290587241077676,0,100.0,21.607999999999958,3.7493055555555457,25.159800090667183,20.131455509952563,5.028344580714618,80.01436989723999,29.678888888888554,0.0,20.131455509952563,17.472083396296654,0,0,21.452936205388383,0,0,0,10,0.3,0.7,0.0,0,0,0,0,,,,,,,,,,,,,,,,,,,,,,,,,
stress_non_binding,C1,6044,1839,1833,76.375,99.673735725938,1.2455191462588737,54.83054754043114,0.5428799507728377,17.613636363636363,5.312710154673839,82.38636363636364,0.4123713875926387,0.0,0,110.0,22.08999999999994,3.8327777777777676,27.646300466650075,22.147114484017834,5.499185982632239,80.10878168214244,29.678888888888544,0.0,22.147114484017834,19.198819768506997,0,0,0.0,0,0,0,11,0.3,0.7,0.0,0,0,0,0,,,,,,,,,,,,,,,,,,,,,,,,,
stress_non_binding,C1,6045,1761,1754,73.08333333333333,99.60249858035208,0.7090009901419263,51.48810495773554,0.2826507256444004,6.547619047619047,1.473684210526316,93.45238095238095,0.44113780700622074,0.0,0,100.0,21.151999999999973,3.6701388888888795,25.090389477760514,20.130875002255735,4.959514475504778,80.2334097687054,29.678888888888554,0.0,20.130875002255735,17.423881581778137,0,0,0.0,0,0,0,10,0.3,0.7,0.0,0,0,0,0,,,,,,,,,,,,,,,,,,,,,,,,,
stress_non_binding,C1,6046,1732,1728,72.0,99.76905311778292,1.7899189232211836,74.52751603712932,1.1123611393237327,19.526627218934912,6.886657101865135,80.4733727810651,0.4493610215621217,7.633995689944423,0,100.0,20.803999999999984,3.6097222222222127,25.030032237636178,20.113200437765386,4.916831799870794,80.3562706064851,29.678888888888544,0.0,20.113200437765386,17.38196683169179,0,0,38.16997844972211,0,0,0,10,0.3,0.7,0.0,0,0,0,0,,,,,,,,,,,,,,,,,,,,,,,,,
stress_non_binding,C1,6047,1716,1715,71.45833333333333,99.94172494172494,0.7650698089890311,62.93124750872351,0.29922548192507226,9.19220055710307,1.4001473839351464,90.80779944289694,0.45378328514302424,2.845343023626774,0,100.0,20.611999999999995,3.5763888888888795,25.03801734851124,20.132023947982717,4.905993400528521,80.40582314389908,29.678888888888554,0.0,20.132023947982717,17.387512047577246,0,0,14.226715118133871,0,0,0,10,0.3,0.7,0.0,0,0,0,0,,,,,,,,,,,,,,,,,,,,,,,,,
stress_non_binding,C1,6048,1772,1767,73.625,99.7178329571106,0.7402183451623325,57.28449060808926,0.30121853538059984,10.481586402266284,1.5503875968992276,89.51841359773371,0.43744222742137373,0.0,0,100.0,21.283999999999967,3.6930555555555458,25.32079812830547,20.12530686046223,5.19549126784324,79.4813289789814,29.678888888888554,0.0,20.12530686046223,17.583887589101025,0,0,0.0,0,0,0,10,0.3,0.7,0.0,0,0,0,0,,,,,,,,,,,,,,,,,,,,,,,,,
stress_non_binding,C1,6049,1777,1774,73.91666666666667,99.83117613956107,0.7752830251042877,53.1872267395395,0.2926868417847815,11.388888888888893,0.7762879322512295,88.61111111111111,0.43628768686118746,0.0,0,100.0,21.343999999999966,3.7034722222222127,25.236432729972513,20.131362932013655,5.105069797958858,79.771032409443,29.678271666994547,0.0,20.131362932013655,17.525300506925355,0,0,0.0,0,0,0,10,0.3,0.7,0.0,0,0,0,0,,,,,,,,,,,,,,,,,,,,,,,,,
stress_non_binding,C1,6050,1768,1765,73.54166666666667,99.83031674208145,1.0418452348654297,55.344841837757365,0.3529279089379892,15.088757396449704,4.545454545454541,84.91124260355029,0.4390010335055952,0.0,0,100.0,21.23599999999997,3.6847222222222125,25.15962793798573,20.140627440915065,5.019000497070667,80.05137234365445,29.678888888888554,0.0,20.140627440915065,17.471963845823424,0,0,0.0,0,0,0,10,0.3,0.7,0.0,0,0,0,0,,,,,,,,,,,,,,,,,,,,,,,,,
stress_non_binding,C1,6051,1671,1670,69.58333333333333,99.94015559545183,0.9926781111905484,66.9986774665819,0.4286803156547442,14.04494382022472,4.106463878326993,85.95505617977528,0.4659748146881566,3.180818015536618,0,100.0,20.072000000000006,3.48263888888888,25.14906671226361,20.125812316498426,5.023254395765191,80.02608027869415,29.678888888888554,0.0,20.125812316498426,17.464629661294175,0,0,15.904090077683092,0,0,0,10,0.3,0.7,0.0,0,0,0,0,,,,,,,,,,,,,,,,,,,,,,,,,
stress_non_binding,C1,6052,1844,1842,76.75,99.89154013015184,0.9836049682017991,52.88361562011869,0.3712721347397337,17.927170868347343,2.891728312037656,82.07282913165265,0.4104818868214086,0.0,0,110.0,22.149999999999935,3.8431944444444346,27.826520744292907,22.14669186752921,5.679828876763702,79.5884331751083,29.678888888888554,0.0,22.14669186752921,19.323972739092298,0,0,0.0,0,0,0,11,0.3,0.7,0.0,0,0,0,0,,,,,,,,,,,,,,,,,,,,,,,,,
stress_non_binding,C1,6053,1684,1680,70.0,99.7624703087886,0.7571932793210536,55.44178850542897,0.3172327311445094,9.393939393939398,1.9940915805022108,90.6060606060606,0.4626863276535749,0.0,0,100.0,20.228000000000005,3.509722222222213,25.032922044713043,20.137661097627873,4.895260947085168,80.44470821927459,29.678888888888554,0.0,20.137661097627873,17.383973642161834,0,0,0.0,0,0,0,10,0.3,0.7,0.0,0,0,0,0,,,,,,,,,,,,,,,,,,,,,,,,,
stress_non_binding,C1,6054,1818,1815,75.625,99.83498349834984,1.41108961470161,73.06137831987805,0.5935179935498175,18.911917098445596,6.564245810055869,81.0880829015544,0.4254294963043626,3.688937494058834,0,100.0,21.83599999999995,3.7888888888888794,25.04538133042947,20.133722810482112,4.911658519947359,80.3889649147413,29.678888888888554,0.0,20.133722810482112,17.392625923909353,0,0,18.44468747029417,0,0,0,10,0.3,0.7,0.0,0,0,0,0,,,,,,,,,,,,,,,,,,,,,,,,,
stress_non_binding,C1,6055,1816,1813,75.54166666666667,99.83480176211454,0.8265630024059033,52.17779817359533,0.2973970768386969,9.972299168975074,0.6872852233676952,90.02770083102493,0.41844282587603054,0.0,0,110.0,21.813999999999947,3.784861111111101,27.760582684629018,22.1419268885263,5.61865579610272,79.76031029343719,29.67559729396535,0.0,22.1419268885263,19.27818241988126,0,0,0.0,0,0,0,11,0.3,0.7,0.0,0,0,0,0,,,,,,,,,,,,,,,,,,,,,,,,,
stress_non_binding,C1,6056,1753,1748,72.83333333333333,99.71477467199087,1.3282783975269146,73.08024084466645,0.7243187487343056,14.722222222222225,6.030150753768848,85.27777777777777,0.4434413331148999,4.57006951520217,0,100.0,21.055999999999976,3.653472222222213,25.061120078636044,20.13543266425816,4.925687414377881,80.34530220946947,29.678888888888554,0.0,20.13543266425816,17.40355561016392,0,0,22.85034757601085,0,0,0,10,0.3,0.7,0.0,0,0,0,0,,,,,,,,,,,,,,,,,,,,,,,,,
stress_non_binding,C2,6007,1826,1823,75.95833333333333,99.83570646221249,0.22500204978953459,3.736202237149458,0.0032327403161570706,2.5352112676056304,0.0,97.46478873239437,0.36336769223605403,2.8800665556142724e-14,0,25590.0,27.02999999999947,4.159583333333357,46.58763079502054,37.26259587168211,9.325034923338498,79.9838824936873,52.37149269792107,37.26259587168211,0.0,32.35252138543089,1.5,3,1.4400332778071363e-13,308,35.714285714285715,498,2559,nan,nan,0.0,0,0,0,0,,,,,,,,,,,,,,,,,,,,,,,,,
stress_non_binding,C2,6008,1781,1781,74.20833333333333,100.0,0.20932860363314382,3.3582011232145303,0.002213614906197785,2.7932960893854775,0.0,97.20670391061452,0.3774234022119841,1.1842378929335004e-17,0,25530.0,26.477999999999497,4.065000000000021,46.02757520368569,36.820635832660166,9.20693937102558,79.99690548484885,53.866400374022994,36.820635832660166,0.0,31.96359389144834,1.5,3,5.921189464667501e-17,264,26.515151515151516,502,2553,nan,nan,0.0,0,0,0,0,,,,,,,,,,,,,,,,,,,,,,,,,
stress_non_binding,C2,6009,1802,1797,74.875,99.72253052164261,0.22726215451569903,3.387608642517436,0.0028886518089828303,3.8363171355498715,0.0,96.16368286445012,0.37443368489722373,0.0,0,25030.0,26.629999999999487,4.101805555555577,45.00387343699947,35.9824488905861,9.021424546413444,79.9541153739969,55.58232754152832,35.9824488905861,0.0,31.252689886805136,1.5,3,0.0,248,20.967741935483872,442,2503,nan,nan,0.0,0,0,0,0,,,,,,,,,,,,,,,,,,,,,,,,,
stress_non_binding,C2,6010,1836,1832,76.33333333333333,99.78213507625271,0.20600720321590144,3.3744226695420365,0.0038457833475712263,3.3240997229916913,0.0,96.67590027700831,0.36325370483013975,4.7369515717340015e-17,0,25430.0,27.11799999999947,4.178194444444466,45.62866626114966,36.496621255950075,9.132045005199675,79.98616713244799,59.0263620924455,36.496621255950075,0.0,31.686573792465005,1.5,3,2.3684757858670006e-16,259,34.36293436293436,479,2543,nan,nan,0.0,0,0,0,0,,,,,,,,,,,,,,,,,,,,,,,,,
stress_non_binding,C2,6011,1833,1832,76.33333333333333,99.94544462629568,0.20760730194619714,2.924064816833197,0.002885829750157618,3.59281437125748,0.0,96.40718562874252,0.3616895464654773,4.7369515717340015e-17,0,25360.0,27.067999999999472,4.170972222222244,46.491763272428145,37.17717494174302,9.314588330685192,79.96507838150951,51.54968516732907,37.17717494174302,0.0,32.28594671696394,1.5,3,2.3684757858670006e-16,283,37.455830388692576,466,2536,nan,nan,0.0,0,0,0,0,,,,,,,,,,,,,,,,,,,,,,,,,
stress_non_binding,C2,6012,1800,1796,74.83333333333333,99.77777777777777,0.1826872466630379,3.298746699205185,0.0031536071128672387,2.7190332326283984,0.0,97.2809667673716,0.371584687224825,0.0,0,26200.0,26.83999999999946,4.113888888888913,46.229512599062964,36.989571530135805,9.239941068927235,80.01289533579369,58.12254491554604,36.989571530135805,0.0,32.10382819379368,1.5,3,0.0,289,30.79584775086505,463,2620,nan,nan,0.0,0,0,0,0,,,,,,,,,,,,,,,,,,,,,,,,,
stress_non_binding,C2,6013,1817,1815,75.625,99.88992845349478,0.24310727213756864,5.071162833158451,0.011239296693553967,5.420054200542001,0.0,94.579945799458,0.36611097721916286,0.0,0,25460.0,26.895999999999475,4.1390277777778,46.50004820110135,37.16626971469502,9.3337784864064,79.9273789006841,49.70605264773192,37.16626971469502,0.0,32.291700139653656,1.5,3,0.0,267,25.468164794007492,505,2546,nan,nan,0.0,0,0,0,0,,,,,,,,,,,,,,,,,,,,,,,,,
stress_non_binding,C2,6014,1821,1816,75.66666666666667,99.72542559033498,0.2062017491086666,2.471099896177475,0.0015948183158454748,2.6881720430107503,0.0,97.31182795698925,0.370313858485353,0.0,0,25010.0,26.85399999999949,4.141111111111131,44.58701094527292,35.6710854265552,8.915925518717787,80.00331188457255,53.564798451816785,35.6710854265552,0.0,30.96320204532838,1.5,3,0.0,251,35.85657370517929,470,2501,nan,nan,0.0,0,0,0,0,,,,,,,,,,,,,,,,,,,,,,,,,
stress_non_binding,C2,6015,1745,1742,72.58333333333333,99.82808022922636,0.15972277430810836,3.298161087837798,0.001119623804240483,1.4619883040935644,0.0,98.53801169590643,0.3890508059433138,2.3684757858670008e-17,0,25800.0,26.099999999999504,3.9937500000000217,45.44170986040707,36.35232729281472,9.089382567592383,79.99771004323091,52.850324813470884,36.35232729281472,0.0,31.55674295861595,1.5,3,1.1842378929335003e-16,259,37.45173745173745,464,2580,nan,nan,0.0,0,0,0,0,,,,,,,,,,,,,,,,,,,,,,,,,
stress_non_binding,C2,6016,1836,1829,76.20833333333333,99.61873638344227,0.20287486261566345,3.670225197590844,0.00397137089599251,3.3678756476683946,0.0,96.6321243523316,0.36134776295693055,2.1316282072803007e-16,0,25580.0,27.14799999999947,4.1802777777778,46.314805335504985,37.053028626395644,9.261776709109387,80.0025571909092,48.59903156235443,37.053028626395644,0.0,32.1630592607673,1.5,3,1.0658141036401502e-15,273,34.43223443223443,468,2558,nan,nan,0.0,0,0,0,0,,,,,,,,,,,,,,,,,,,,,,,,,
stress_non_binding,C2,6017,1810,1809,75.375,99.94475138121547,0.1852824778545658,3.406721018753592,0.0031105669916879158,3.4852546916890104,0.0,96.51474530831099,0.37358544405110133,7.105427357601002e-17,0,25530.0,26.825999999999482,4.125416666666689,44.50924014160355,35.61523256620955,8.89400757539403,80.01761533762824,50.78244116802145,35.61523256620955,0.0,30.909194542780174,1.5,3,3.552713678800501e-16,218,24.770642201834864,529,2553,nan,nan,0.0,0,0,0,0,,,,,,,,,,,,,,,,,,,,,,,,,
stress_non_binding,C2,6018,1850,1846,76.91666666666667,99.78378378378379,0.19843331430601444,3.3402373795717115,0.0028100737730452,2.209944751381221,0.0,97.79005524861878,0.3491748645937478,0.0,0,26820.0,27.563999999999425,4.226666666666691,49.29704874625078,39.43565979963348,9.861388946617378,79.99598516053702,50.12825169222518,39.43565979963348,0.0,34.234061629340786,1.5,3,0.0,358,23.743016759776538,516,2682,nan,nan,0.0,0,0,0,0,,,,,,,,,,,,,,,,,,,,,,,,,
stress_non_binding,C2,6019,1819,1816,75.66666666666667,99.83507421660252,0.19800444097764708,2.4707768449140226,0.000926367879388802,2.052785923753664,0.0,97.94721407624634,0.36254357463390063,6.205406558971541e-15,0,25950.0,27.017999999999468,4.1500000000000234,47.58431313179577,38.041580520071,9.542732611724817,79.94563337439807,50.29994530819886,38.041580520071,0.0,33.04466189708033,1.5,3,3.1027032794857705e-14,310,16.451612903225808,489,2595,nan,nan,0.0,0,0,0,0,,,,,,,,,,,,,,,,,,,,,,,,,
stress_non_binding,C2,6020,1775,1770,73.75,99.71830985915493,0.2115817061436127,3.9836207828018813,0.003558262664940917,4.143646408839774,0.0,95.85635359116023,0.37772616266230885,8.052817671947802e-16,0,24930.0,26.285999999999515,4.044166666666687,46.518581441568784,37.209992919922996,9.308588521645872,79.98952626417005,51.36500081707768,37.209992919922996,0.0,32.30457044553384,1.5,3,4.026408835973901e-15,299,29.09698996655518,461,2493,nan,nan,0.0,0,0,0,0,,,,,,,,,,,,,,,,,,,,,,,,,
stress_non_binding,C2,6021,1811,1809,75.375,99.88956377691883,0.21488605210979733,4.968780094368655,0.006863292920451741,3.2835820895522394,0.0,96.71641791044776,0.36311275579910507,0.0,0,26070.0,26.945999999999465,4.135000000000023,48.179407912322155,38.51925297837931,9.660154933942914,79.9496188256971,52.735835505470554,38.51925297837931,0.0,33.457922161334785,1.5,3,0.0,319,25.391849529780565,520,2607,nan,nan,0.0,0,0,0,0,,,,,,,,,,,,,,,,,,,,,,,,,
stress_non_binding,C2,6022,1776,1773,73.875,99.83108108108108,0.1893887999931614,3.410896553565423,0.005771881385439486,4.518072289156628,0.0,95.48192771084338,0.38248669257912427,0.0,0,25850.0,26.48199999999949,4.059027777777801,44.704790671515255,35.74049314851366,8.964297523001678,79.94779219777575,56.77884528271087,35.74049314851366,0.0,31.04499352188556,1.5,3,0.0,236,30.08474576271186,498,2585,nan,nan,0.0,0,0,0,0,,,,,,,,,,,,,,,,,,,,,,,,,
stress_non_binding,C2,6023,1833,1832,76.33333333333333,99.94544462629568,0.18787343360021544,3.6107555215297906,0.003216730401748802,2.3809523809523836,0.0,97.61904761904762,0.3623541513525592,9.473903143468003e-17,0,26300.0,27.255999999999453,4.184027777777801,46.25250551307867,36.97859114204033,9.27391437103838,79.94937945920361,47.91327711471578,36.97859114204033,0.0,32.11979549519347,1.5,3,4.736951571734001e-16,245,29.38775510204082,474,2630,nan,nan,0.0,0,0,0,0,,,,,,,,,,,,,,,,,,,,,,,,,
stress_non_binding,C2,6024,1817,1813,75.54166666666667,99.77985690698954,0.19916462377070257,2.7884607683323943,0.0016697135702060555,2.5139664804469275,0.0,97.48603351955308,0.3687798224535209,0.0,0,25390.0,26.881999999999486,4.138055555555576,45.53926391673244,36.4396089206808,9.099654996051708,80.01800158059173,57.19261568243208,36.4396089206808,0.0,31.62448883106417,1.5,3,0.0,251,28.286852589641438,494,2539,nan,nan,0.0,0,0,0,0,,,,,,,,,,,,,,,,,,,,,,,,,
stress_non_binding,C2,6025,1777,1773,73.875,99.77490151941475,0.22686854229472234,3.4751017883002193,0.00346135087141876,2.452316076294281,0.0,97.54768392370572,0.3793921139638229,0.0,0,25240.0,26.371999999999506,4.052638888888911,45.71883897302378,36.57826291802593,9.140576054997897,80.0069812350414,51.321996577610896,36.57826291802593,0.0,31.749193731266438,1.5,3,0.0,235,31.06382978723404,472,2524,nan,nan,0.0,0,0,0,0,,,,,,,,,,,,,,,,,,,,,,,,,
stress_non_binding,C2,6026,1818,1816,75.66666666666667,99.8899889988999,0.22167136807998525,3.6346983330511953,0.004507301201526086,3.458213256484155,0.0,96.54178674351584,0.3586742002104631,0.0,0,26550.0,27.12599999999946,4.156250000000023,49.07728792423328,39.2631330903834,9.814154833849965,80.00265448856665,50.74159560087794,39.2631330903834,0.0,34.081449947384186,1.5,3,0.0,306,27.124183006535947,491,2655,nan,nan,0.0,0,0,0,0,,,,,,,,,,,,,,,,,,,,,,,,,
stress_non_binding,C2,6027,1819,1814,75.58333333333333,99.72512369433755,0.2218874135049,3.4395056855750834,0.005349035433761489,5.000000000000004,0.0,95.0,0.3651601604142016,1.8947806286936006e-16,0,25210.0,26.86999999999949,4.139722222222242,46.64234225088745,37.30827709204952,9.334065158837964,79.98800079843689,54.18577731583893,37.30827709204952,0.0,32.39051545200513,1.5,3,9.473903143468002e-16,312,31.08974358974359,493,2521,nan,nan,0.0,0,0,0,0,,,,,,,,,,,,,,,,,,,,,,,,,
stress_non_binding,C2,6028,1834,1833,76.375,99.94547437295529,0.2047743929011433,2.730179782878933,0.002112281026158708,2.8490028490028463,0.0,97.15099715099716,0.35708315749221475,2.3684757858670008e-17,0,26420.0,27.29199999999945,4.187777777777804,48.05006330280268,38.45623571464998,9.593827588152765,80.03368376916768,50.93221058681904,38.45623571464998,0.0,33.36809951583517,1.5,3,1.1842378929335003e-16,287,25.087108013937282,512,2642,nan,nan,0.0,0,0,0,0,,,,,,,,,,,,,,,,,,,,,,,,,
stress_non_binding,C2,6029,1826,1824,76.0,99.89047097480832,0.21808627776053405,3.634929194609625,0.0022470577149409435,3.3766233766233777,0.0,96.62337662337663,0.3644002063660423,0.0,0,25560.0,27.023999999999482,4.159166666666688,46.21592570822477,36.959810035654186,9.25611567257065,79.97202148236245,52.19076717271602,36.959810035654186,0.0,32.09439285293384,1.5,3,0.0,271,31.365313653136536,505,2556,nan,nan,0.0,0,0,0,0,,,,,,,,,,,,,,,,,,,,,,,,,
stress_non_binding,C2,6030,1823,1819,75.79166666666667,99.7805814591333,0.1978833395650435,2.417010900315775,0.00038382681095859144,1.1560693641618491,0.0,98.84393063583815,0.36507616199426557,0.0,0,25350.0,26.945999999999472,4.150000000000022,46.272581682064406,37.02448099091899,9.248100691145469,80.0138648958719,54.616105738364,37.02448099091899,0.0,32.13373727921133,1.5,3,0.0,308,33.44155844155844,470,2535,nan,nan,0.0,0,0,0,0,,,,,,,,,,,,,,,,,,,,,,,,,
stress_non_binding,C2,6031,1814,1808,75.33333333333333,99.66923925027564,0.2604155800060354,3.3019656522854346,0.004032859088748734,4.594594594594592,0.0,95.4054054054054,0.3728148302379861,0.0,0,24590.0,26.685999999999503,4.120694444444465,44.38666111432497,35.519072058404035,8.867589055920998,80.02195066422986,48.889634379751215,35.519072058404035,0.0,30.824070218281186,1.5,3,0.0,258,32.945736434108525,462,2459,nan,nan,0.0,0,0,0,0,,,,,,,,,,,,,,,,,,,,,,,,,
stress_non_binding,C2,6032,1894,1891,78.79166666666667,99.8416050686378,0.2244425441439739,4.154530992022243,0.0048038879265048205,2.7932960893854775,0.0,97.20670391061452,0.34455258310148373,0.0,0,26130.0,27.953999999999418,4.308750000000023,46.561070083465836,37.253522833277174,9.307547250188714,80.01002289358071,61.23407900939556,37.253522833277174,0.0,32.33407644685127,1.5,3,0.0,295,35.25423728813559,498,2613,nan,nan,0.0,0,0,0,0,,,,,,,,,,,,,,,,,,,,,,,,,
stress_non_binding,C2,6033,1853,1847,76.95833333333333,99.67620075553157,0.24610071573973866,3.116152286957852,0.003112872374404603,4.0322580645161255,0.0,95.96774193548387,0.36199044484554016,1.8474111129762605e-15,0,25520.0,27.339999999999456,4.214861111111134,44.3834398556055,35.528823429044174,8.85461642656139,80.04972923376732,50.25626752186273,35.528823429044174,0.0,30.821833233059376,1.5,3,9.237055564881303e-15,272,19.485294117647058,510,2552,nan,nan,0.0,0,0,0,0,,,,,,,,,,,,,,,,,,,,,,,,,
stress_non_binding,C2,6034,1714,1709,71.20833333333333,99.70828471411902,0.1742253772004095,2.553895564207869,0.0016927310246125453,2.1739130434782594,0.0,97.82608695652173,0.4025771284454603,0.0,0,24500.0,25.46799999999954,3.911111111111132,43.67223375963427,34.91973522523329,8.752498534401026,79.95866530992328,57.96243443966236,34.91973522523329,0.0,30.32794011085706,1.5,3,0.0,250,20.8,464,2450,nan,nan,0.0,0,0,0,0,,,,,,,,,,,,,,,,,,,,,,,,,
stress_non_binding,C2,6035,1768,1764,73.5,99.77375565610859,0.14775014776648987,2.9222472140107127,0.0011975850997875085,1.671309192200554,0.0,98.32869080779945,0.38306230340091696,0.0,0,25880.0,26.391999999999495,4.0427777777778005,45.29757077566984,36.216419878794525,9.081150896875382,79.95223421174504,54.89944247384846,36.216419878794525,0.0,31.456646371992903,1.5,3,0.0,266,36.46616541353384,469,2588,nan,nan,0.0,0,0,0,0,,,,,,,,,,,,,,,,,,,,,,,,,
stress_non_binding,C2,6036,1759,1755,73.125,99.77259806708358,0.18962935726076455,2.8190313625093646,0.002126503822940659,2.67379679144385,0.0,97.32620320855615,0.3790141289151999,0.0,0,25910.0,26.289999999999498,4.024444444444468,47.65491359052807,38.09658631955882,9.558327270969299,79.942619657023,46.206452602831234,38.09658631955882,0.0,33.09368999342219,1.5,3,0.0,312,22.435897435897438,482,2591,nan,nan,0.0,0,0,0,0,,,,,,,,,,,,,,,,,,,,,,,,,
stress_non_binding,C2,6037,1836,1835,76.45833333333333,99.94553376906318,0.19770995091418028,4.1637849423455915,0.00340381161506468,1.9553072625698276,0.0,98.04469273743017,0.35879805694547356,5.921189464667502e-18,0,26110.0,27.253999999999454,4.187638888888913,47.23269949962952,37.78642629671248,9.446273202917093,80.00056464485766,50.95892600340889,37.78642629671248,0.0,32.800485763631535,1.5,3,2.960594732333751e-17,299,25.08361204013378,506,2611,nan,nan,0.0,0,0,0,0,,,,,,,,,,,,,,,,,,,,,,,,,
stress_non_binding,C2,6038,1771,1770,73.75,99.94353472614343,0.19139425007007085,2.8672674105639695,0.004035104637924396,3.1609195402298895,0.0,96.83908045977012,0.38637303028998665,0.0,0,25520.0,26.355999999999497,4.044027777777801,43.80570909560481,35.0278462068911,8.77786288871376,79.96182901740899,66.21952311778142,35.0278462068911,0.0,30.420631316392196,1.5,3,0.0,224,38.392857142857146,483,2552,nan,nan,0.0,0,0,0,0,,,,,,,,,,,,,,,,,,,,,,,,,
stress_non_binding,C2,6039,1732,1731,72.125,99.94226327944573,0.19951844564816365,3.273551485916323,0.0019639469781374042,2.608695652173909,0.0,97.3913043478261,0.3839187700345532,2.3684757858670008e-17,0,25870.0,25.95799999999951,3.96763888888891,48.58924278756085,38.86576235881598,9.72348042874494,79.98840922206315,46.692900220485456,38.86576235881598,0.0,33.74252971358387,1.5,3,1.1842378929335003e-16,304,28.618421052631575,492,2587,nan,nan,0.0,0,0,0,0,,,,,,,,,,,,,,,,,,,,,,,,,
stress_non_binding,C2,6040,1840,1837,76.54166666666667,99.83695652173913,0.25654991506344027,5.275938381094542,0.002805885445373347,2.8795811518324554,0.0,97.12041884816755,0.3530402845201833,2.3684757858670008e-17,0,26120.0,27.30399999999943,4.1961111111111355,48.90549757273399,39.13753099280169,9.767966579932349,80.02685369798144,50.465438464064874,39.13753099280169,0.0,33.96215109217631,1.5,3,1.1842378929335003e-16,310,30.0,493,2612,nan,nan,0.0,0,0,0,0,,,,,,,,,,,,,,,,,,,,,,,,,
stress_non_binding,C2,6041,1738,1737,72.375,99.94246260069045,0.16306728861052677,2.9094299620120485,0.0008122134691613394,2.0408163265306145,0.0,97.95918367346938,0.39126087067043874,2.3684757858670006e-16,0,25380.0,25.931999999999523,3.973333333333353,45.34608655864203,36.29110870586899,9.05497785277311,80.03140173725235,56.2804605209176,36.29110870586899,0.0,31.49033788794582,1.5,3,1.1842378929335002e-15,254,33.85826771653544,463,2538,nan,nan,0.0,0,0,0,0,,,,,,,,,,,,,,,,,,,,,,,,,
stress_non_binding,C2,6042,1770,1764,73.5,99.66101694915255,0.18581488097312668,3.3032582505225947,0.004896665647569717,3.3057851239669422,0.0,96.69421487603306,0.38160678680543125,0.0,0,25820.0,26.403999999999492,4.046111111111133,45.621556750044746,36.47915658955413,9.14240016049067,79.96035029979188,53.560194055515396,36.47915658955413,0.0,31.68163663197547,1.5,3,0.0,282,28.723404255319153,511,2582,nan,nan,0.0,0,0,0,0,,,,,,,,,,,,,,,,,,,,,,,,,
stress_non_binding,C2,6043,1799,1795,74.79166666666667,99.77765425236242,0.2255623279746675,3.0595518115799982,0.0024035306280093863,3.7940379403794022,0.0,96.2059620596206,0.3649040610052394,0.0,0,26140.0,26.815999999999466,4.110972222222247,48.7345380381138,38.98212217661971,9.75241586149419,79.98869743288216,50.35095093595826,38.98212217661971,0.0,33.84342919313454,1.5,3,0.0,376,24.73404255319149,491,2614,nan,nan,0.0,0,0,0,0,,,,,,,,,,,,,,,,,,,,,,,,,
stress_non_binding,C2,6044,1839,1837,76.54166666666667,99.89124524197933,0.23146860419759022,3.458201177465192,0.0034573929071837345,3.9772727272727293,0.0,96.02272727272727,0.3581874830389339,3.3158661002138005e-16,0,26210.0,27.309999999999455,4.1952777777778,47.152506105983775,37.713863925438595,9.438642180545255,79.98273483209964,50.63808203500471,37.713863925438595,0.0,32.74479590693314,1.5,3,1.6579330501069005e-15,317,23.34384858044164,497,2621,nan,nan,0.0,0,0,0,0,,,,,,,,,,,,,,,,,,,,,,,,,
stress_non_binding,C2,6045,1761,1754,73.08333333333333,99.60249858035208,0.14053178988969042,2.558490732743424,0.0004610664927735998,1.1904761904761862,0.0,98.80952380952381,0.3857700223571635,0.0,0,25840.0,26.299999999999496,4.0276388888889105,45.02279195142114,36.0069380053077,9.015853946113475,79.97491147185764,50.323422222295,36.0069380053077,0.0,31.265827744042397,1.5,3,0.0,217,22.58064516129032,476,2584,nan,nan,0.0,0,0,0,0,,,,,,,,,,,,,,,,,,,,,,,,,
stress_non_binding,C2,6046,1732,1728,72.0,99.76905311778292,0.1879754276699437,2.8445475640350804,0.0031964357395409472,4.437869822485208,0.0,95.56213017751479,0.4031171388237679,1.4210854715202004e-16,0,24110.0,25.605999999999536,3.943194444444466,41.67783002344356,33.32356044455772,8.354269578885908,79.95512344527869,66.46073959068474,33.32356044455772,0.0,28.94293751628019,1.5,3,7.105427357601002e-16,178,43.82022471910113,409,2411,nan,nan,0.0,0,0,0,0,,,,,,,,,,,,,,,,,,,,,,,,,
stress_non_binding,C2,6047,1716,1715,71.45833333333333,99.94172494172494,0.19190765613664357,3.9131948484244274,0.003426128462923811,2.228412256267409,0.0,97.7715877437326,0.40461527171506273,9.473903143468003e-17,0,24220.0,25.435999999999545,3.9113888888889092,42.73850218257744,34.1987635716011,8.539738610976363,80.01862916371081,62.93533298903375,34.1987635716011,0.0,29.679515404567603,1.5,3,4.736951571734001e-16,224,36.160714285714285,407,2422,nan,nan,0.0,0,0,0,0,,,,,,,,,,,,,,,,,,,,,,,,,
stress_non_binding,C2,6048,1772,1767,73.625,99.7178329571106,0.1568584778080597,2.839853670071595,0.0006542376405435407,0.8498583569405138,0.0,99.15014164305948,0.38042760519356617,0.0,0,26090.0,26.48199999999948,4.054027777777801,45.846062130316135,36.64992330638727,9.196138823928926,79.94126780662405,56.442665093817624,36.64992330638727,0.0,31.837543146052816,1.5,3,0.0,255,32.94117647058823,459,2609,nan,nan,0.0,0,0,0,0,,,,,,,,,,,,,,,,,,,,,,,,,
stress_non_binding,C2,6049,1777,1774,73.91666666666667,99.83117613956107,0.25281493934398,3.671386784063543,0.00591697440270823,4.444444444444439,0.0,95.55555555555556,0.37770830913888387,0.0,0,25630.0,26.44999999999949,4.058055555555579,46.32500871000175,37.06383637180379,9.26117233819805,80.00826638549896,51.88716055588362,37.06383637180379,0.0,32.17014493750115,1.5,3,0.0,252,23.41269841269841,457,2563,nan,nan,0.0,0,0,0,0,,,,,,,,,,,,,,,,,,,,,,,,,
stress_non_binding,C2,6050,1768,1765,73.54166666666667,99.83031674208145,0.14699341616786185,2.862594669724422,0.0006820874498134592,1.4792899408283988,0.0,98.5207100591716,0.3846879768022464,9.473903143468003e-17,0,26320.0,26.47999999999948,4.048888888888912,44.71232835119129,35.772171982952436,8.940156368238938,80.00516479925015,60.416827615873935,35.772171982952436,0.0,31.050228021660576,1.5,3,4.736951571734001e-16,236,32.20338983050847,504,2632,nan,nan,0.0,0,0,0,0,,,,,,,,,,,,,,,,,,,,,,,,,
stress_non_binding,C2,6051,1671,1670,69.58333333333333,99.94015559545183,0.1384303653988358,2.1125558821970722,0.0008359066059277429,1.1235955056179803,0.0,98.87640449438202,0.4133876593549356,4.7369515717340015e-17,0,24780.0,25.007999999999562,3.825416666666687,44.080442632223175,35.2683962830434,8.812046349179814,80.0091700015324,50.28918608349034,35.2683962830434,0.0,30.611418494599366,1.5,3,2.3684757858670006e-16,259,33.204633204633204,423,2478,nan,nan,0.0,0,0,0,0,,,,,,,,,,,,,,,,,,,,,,,,,
stress_non_binding,C2,6052,1844,1843,76.79166666666667,99.94577006507592,0.25634046365786434,5.269182559012067,0.00811740986728889,3.9215686274509776,0.0,96.07843137254902,0.36078912076786096,4.7369515717340015e-17,0,24960.0,27.119999999999475,4.188333333333356,45.71591652357,36.54599742308514,9.169919100484918,79.94151753305202,50.19313932008359,36.54599742308514,0.0,31.74716425247914,1.5,3,2.3684757858670006e-16,271,28.782287822878228,496,2496,nan,nan,0.0,0,0,0,0,,,,,,,,,,,,,,,,,,,,,,,,,
stress_non_binding,C2,6053,1684,1680,70.0,99.7624703087886,0.14931313918121605,2.955273741193135,0.0012373701290771502,1.2121212121212088,0.0,98.7878787878788,0.40981589512643524,1.4210854715202004e-16,0,24330.0,25.073999999999565,3.84625000000002,44.06627775448329,35.26375265514851,8.80252509933485,80.02435071013181,53.111430353139696,35.26375265514851,0.0,30.601581773946656,1.5,3,7.105427357601002e-16,209,30.14354066985646,427,2433,nan,nan,0.0,0,0,0,0,,,,,,,,,,,,,,,,,,,,,,,,,
stress_non_binding,C2,6054,1818,1815,75.625,99.83498349834984,0.17043914854335154,2.5729515242095764,0.0003861383828496006,1.2953367875647714,0.0,98.70466321243524,0.3598450546693344,4.7369515717340015e-17,0,26500.0,27.115999999999456,4.155555555555579,48.65578031903963,38.903912012978665,9.75186830606098,79.95743107577923,51.01228177839137,38.903912012978665,0.0,33.78873633266634,1.5,3,2.3684757858670006e-16,304,30.92105263157895,524,2650,nan,nan,0.0,0,0,0,0,,,,,,,,,,,,,,,,,,,,,,,,,
stress_non_binding,C2,6055,1816,1814,75.58333333333333,99.8898678414097,0.2962427906587839,5.0568048400051335,0.008809330900060515,4.986149584487531,0.0,95.01385041551247,0.36242310798433247,0.0,0,25320.0,26.85599999999949,4.135000000000021,47.92768112564025,38.3223157774156,9.605365348224712,79.95862699252105,50.51893062729885,38.3223157774156,0.0,33.28311189280569,1.5,3,0.0,329,33.73860182370821,452,2532,nan,nan,0.0,0,0,0,0,,,,,,,,,,,,,,,,,,,,,,,,,
stress_non_binding,C2,6056,1753,1748,72.83333333333333,99.71477467199087,0.21228452000840461,3.8611377096818615,0.0030035048814088666,3.3333333333333326,0.0,96.66666666666667,0.39321741730936843,4.7369515717340015e-17,0,24610.0,25.957999999999522,3.9938888888889097,43.141729768627336,34.51026675325859,8.631463015368801,79.99277483387895,53.78930020363365,34.51026675325859,0.0,29.959534561546718,1.5,3,2.3684757858670006e-16,214,33.177570093457945,456,2461,nan,nan,0.0,0,0,0,0,,,,,,,,,,,,,,,,,,,,,,,,,
stress_non_binding,C3,6007,1826,1823,75.95833333333333,99.83570646221249,0.22485023721378236,3.736202237149458,0.0032327403161570706,2.5352112676056304,0.0,97.46478873239437,0.3637605229368738,4.547473508864641e-15,0,25060.0,26.923999999999477,4.152222222222244,46.44621174272546,37.14923476057098,9.296976982154531,79.98334711633268,60.12706969928979,37.14923476057098,0.0,32.25431371022597,1.5,3,2.2737367544323207e-14,332,68.37349397590361,483,2506,nan,nan,0.0,0,0,0,0,,,,,,,,,,,,,,,,,,,,,,,,,
stress_non_binding,C3,6008,1781,1781,74.20833333333333,100.0,0.20918846777704056,3.3582011232145303,0.002213614906197785,2.7932960893854775,0.0,97.20670391061452,0.37768375898395384,1.82017364143879e-14,0,25220.0,26.415999999999507,4.060694444444466,45.93384676577659,36.75433027710462,9.179516488672038,80.0157898042381,54.518911432062744,36.75433027710462,0.0,31.89850469845593,1.5,3,9.10086820719395e-14,286,56.29370629370629,505,2522,nan,nan,0.0,0,0,0,0,,,,,,,,,,,,,,,,,,,,,,,,,
stress_non_binding,C3,6009,1802,1797,74.875,99.72253052164261,0.22724471617754963,3.387608642517436,0.0028886518089828303,3.8363171355498715,0.0,96.16368286445012,0.3746530659241746,0.0,0,24670.0,26.557999999999495,4.0968055555555765,44.92489626729713,35.92500456396518,8.999891703331999,79.96680582235784,57.51442725214028,35.92500456396518,0.0,31.197844630067404,1.5,3,0.0,268,47.01492537313433,439,2467,nan,nan,0.0,0,0,0,0,,,,,,,,,,,,,,,,,,,,,,,,,
stress_non_binding,C3,6010,1836,1832,76.33333333333333,99.78213507625271,0.205810455676158,3.3744226695420365,0.0038457833475712263,3.3240997229916913,0.0,96.67590027700831,0.36326080772099284,0.0,0,25200.0,27.071999999999473,4.175000000000021,45.62610922044256,36.50627286937379,9.119836351068848,80.01180353335351,60.15302875911218,36.50627286937379,0.0,31.68479806975174,1.5,3,0.0,292,50.0,483,2520,nan,nan,0.0,0,0,0,0,,,,,,,,,,,,,,,,,,,,,,,,,
stress_non_binding,C3,6011,1833,1832,76.33333333333333,99.94544462629568,0.20743084692159153,2.924064816833197,0.002885829750157618,3.59281437125748,0.0,96.40718562874252,0.36193751774950883,7.105427357601002e-17,0,25060.0,27.007999999999477,4.166805555555578,46.4024936101768,37.12423070318391,9.278262906992946,80.00481830795832,51.83135183399574,37.12423070318391,0.0,32.22395389595607,1.5,3,3.552713678800501e-16,310,58.06451612903226,466,2506,nan,nan,0.0,0,0,0,0,,,,,,,,,,,,,,,,,,,,,,,,,
stress_non_binding,C3,6012,1800,1796,74.83333333333333,99.77777777777777,0.18247350447303637,3.298746699205185,0.0031536071128672387,2.7190332326283984,0.0,97.2809667673716,0.37195033988301385,0.0,0,25730.0,26.745999999999473,4.1073611111111346,46.097877642115016,36.889043752358,9.20883388975707,80.02330180740506,60.701570552716255,36.889043752358,0.0,32.012415029246476,1.5,3,0.0,293,61.774744027303754,450,2573,nan,nan,0.0,0,0,0,0,,,,,,,,,,,,,,,,,,,,,,,,,
stress_non_binding,C3,6013,1817,1815,75.625,99.88992845349478,0.24297521863244143,5.071162833158451,0.011239296693553967,5.420054200542001,0.0,94.579945799458,0.3664244014362364,0.0,0,25140.0,26.831999999999475,4.134583333333356,46.38721548295489,37.09540750823655,9.29180797471841,79.96903267855635,50.55105264773193,37.09540750823655,0.0,32.21334408538529,1.5,3,0.0,300,53.333333333333336,495,2514,nan,nan,0.0,0,0,0,0,,,,,,,,,,,,,,,,,,,,,,,,,
stress_non_binding,C3,6014,1821,1816,75.66666666666667,99.72542559033498,0.2057187900636436,2.471099896177475,0.0015948183158454748,2.6881720430107503,0.0,97.31182795698925,0.3707491185147489,0.0,0,24410.0,26.7339999999995,4.132777777777798,44.43031733469037,35.55336812927895,8.876949205411485,80.02051360889007,55.953747248831434,35.55336812927895,0.0,30.8543870379794,1.5,3,0.0,284,59.859154929577464,458,2441,nan,nan,0.0,0,0,0,0,,,,,,,,,,,,,,,,,,,,,,,,,
stress_non_binding,C3,6015,1745,1742,72.58333333333333,99.82808022922636,0.15974280093071913,3.298161087837798,0.001119623804240483,1.4619883040935644,0.0,98.53801169590643,0.38929473130555664,0.0,0,25520.0,26.04399999999951,3.9898611111111326,45.35389672999959,36.292438403925864,9.061458326073806,80.02055175100318,53.37088036902644,36.292438403925864,0.0,31.49576161805522,1.5,3,0.0,287,54.35540069686411,460,2552,nan,nan,0.0,0,0,0,0,,,,,,,,,,,,,,,,,,,,,,,,,
stress_non_binding,C3,6016,1836,1829,76.20833333333333,99.61873638344227,0.20275538829879566,3.670225197590844,0.00397137089599251,3.3678756476683946,0.0,96.6321243523316,0.3616619541599627,2.3684757858670008e-17,0,25050.0,27.04199999999948,4.172916666666689,46.2016965024134,36.93971110347796,9.261985398935467,79.95314869346491,50.00736489568778,36.93971110347796,0.0,32.08451146000928,1.5,3,1.1842378929335003e-16,272,58.45588235294118,457,2505,nan,nan,0.0,0,0,0,0,,,,,,,,,,,,,,,,,,,,,,,,,
stress_non_binding,C3,6017,1810,1809,75.375,99.94475138121547,0.18508081485156813,3.406721018753592,0.0031105669916879158,3.4852546916890104,0.0,96.51474530831099,0.37389968929368894,7.105427357601002e-17,0,25040.0,26.72799999999949,4.118611111111133,44.396111854271965,35.51073426091376,8.885377593358248,79.9861356721417,56.48640999855999,35.51073426091376,0.0,30.830633232133273,1.5,3,3.552713678800501e-16,235,47.65957446808511,523,2504,nan,nan,0.0,0,0,0,0,,,,,,,,,,,,,,,,,,,,,,,,,
stress_non_binding,C3,6018,1850,1846,76.91666666666667,99.78378378378379,0.19817071673885364,3.3402373795717115,0.0028100737730452,2.209944751381221,0.0,97.79005524861878,0.34948032258854855,0.0,0,26370.0,27.473999999999442,4.22041666666669,49.187083868122535,39.348544261245394,9.838539606877205,79.99771721930976,52.350993858057734,39.348544261245394,0.0,34.157697130640614,1.5,3,0.0,369,62.05962059620597,500,2637,nan,nan,0.0,0,0,0,0,,,,,,,,,,,,,,,,,,,,,,,,,
stress_non_binding,C3,6019,1819,1816,75.66666666666667,99.83507421660252,0.1979687593117145,2.4707768449140226,0.000926367879388802,2.052785923753664,0.0,97.94721407624634,0.36297827545980915,1.4210854715202004e-16,0,25430.0,26.913999999999476,4.1427777777778,47.42782083446869,37.93044769518711,9.497373139281624,79.97510117019912,53.56360525953878,37.93044769518711,0.0,32.935986690603194,1.5,3,7.105427357601002e-16,302,56.29139072847682,485,2543,nan,nan,0.0,0,0,0,0,,,,,,,,,,,,,,,,,,,,,,,,,
stress_non_binding,C3,6020,1775,1770,73.75,99.71830985915493,0.2120499749336251,3.9836207828018813,0.0035888472625394885,4.143646408839774,0.0,95.85635359116023,0.3778382445016815,7.638334409421077e-16,0,24650.0,26.229999999999514,4.040277777777798,46.47823197939464,37.18700153132096,9.29123044807374,80.00950110969626,52.84014181218674,37.18700153132096,0.0,32.27654998569069,1.5,3,3.819167204710538e-15,304,65.13157894736842,463,2465,nan,nan,0.0,0,0,0,0,,,,,,,,,,,,,,,,,,,,,,,,,
stress_non_binding,C3,6021,1811,1809,75.375,99.88956377691883,0.21524568870197383,4.968780094368655,0.006863292920451741,3.2835820895522394,0.0,96.71641791044776,0.3635287545995676,0.0,0,25650.0,26.861999999999476,4.129166666666689,48.02964834415563,38.428158717806795,9.601489626348888,80.00924437849403,55.26746749270852,38.428158717806795,0.0,33.35392246121911,1.5,3,0.0,339,55.75221238938053,512,2565,nan,nan,0.0,0,0,0,0,,,,,,,,,,,,,,,,,,,,,,,,,
stress_non_binding,C3,6022,1776,1773,73.875,99.83108108108108,0.18902393830259934,3.410896553565423,0.005771881385439486,4.518072289156628,0.0,95.48192771084338,0.38283058539998943,0.0,0,25420.0,26.395999999999496,4.053055555555578,44.58098925600378,35.64850680134208,8.932482454661777,79.96347186607406,55.78538048066679,35.64850680134208,0.0,30.95902031666926,1.5,3,0.0,259,52.8957528957529,484,2542,nan,nan,0.0,0,0,0,0,,,,,,,,,,,,,,,,,,,,,,,,,
stress_non_binding,C3,6023,1833,1832,76.33333333333333,99.94544462629568,0.1879333011406485,3.6107555215297906,0.003216730401748802,2.3809523809523836,0.0,97.61904761904762,0.36283003220794735,9.473903143468003e-17,0,25700.0,27.135999999999466,4.175694444444467,46.08118840513891,36.850249844751474,9.230938560387496,79.96809787275797,50.893629295626276,36.850249844751474,0.0,32.00082528134643,1.5,3,4.736951571734001e-16,264,48.10606060606061,473,2570,nan,nan,0.0,0,0,0,0,,,,,,,,,,,,,,,,,,,,,,,,,
stress_non_binding,C3,6024,1817,1813,75.54166666666667,99.77985690698954,0.19935935261726748,2.7884607683323943,0.0016697135702060555,2.5139664804469275,0.0,97.48603351955308,0.36895509774384505,0.0,0,25020.0,26.807999999999495,4.132916666666686,45.47616481221576,36.360513540222506,9.115651271993316,79.95510107408043,57.19261568243208,36.360513540222506,0.0,31.580670008483153,1.5,3,0.0,278,39.568345323741006,480,2502,nan,nan,0.0,0,0,0,0,,,,,,,,,,,,,,,,,,,,,,,,,
stress_non_binding,C3,6025,1777,1773,73.875,99.77490151941475,0.2267755602697618,3.4751017883002193,0.00346135087141876,2.452316076294281,0.0,97.54768392370572,0.37979763080196244,3.789561257387201e-16,0,24690.0,26.261999999999514,4.04500000000002,45.572852911293516,36.46061894776065,9.112233963532919,80.00512721626268,56.383430883213094,36.46061894776065,0.0,31.647814521731554,1.5,3,1.8947806286936005e-15,251,57.76892430278885,452,2469,nan,nan,0.0,0,0,0,0,,,,,,,,,,,,,,,,,,,,,,,,,
stress_non_binding,C3,6026,1818,1816,75.66666666666667,99.8899889988999,0.2217074650836237,3.6346983330511953,0.004507301201526086,3.458213256484155,0.0,96.54178674351584,0.3590504713428516,0.0,0,26030.0,27.02199999999947,4.1490277777778,48.941830316573366,39.15191086816115,9.789919448412295,79.99682605842999,50.87219729558481,39.15191086816115,0.0,33.98738216428703,1.5,3,0.0,359,59.05292479108635,487,2603,nan,nan,0.0,0,0,0,0,,,,,,,,,,,,,,,,,,,,,,,,,
stress_non_binding,C3,6027,1819,1814,75.58333333333333,99.72512369433755,0.22225284295396522,3.4395056855750834,0.005349035433761489,5.000000000000004,0.0,95.0,0.36545662126697664,1.8947806286936006e-16,0,24760.0,26.779999999999497,4.133472222222243,46.535616343888414,37.212027092049524,9.323589251838921,79.96461638556686,54.77497625706139,37.212027092049524,0.0,32.31640023881135,1.5,3,9.473903143468002e-16,322,61.18012422360248,479,2476,nan,nan,0.0,0,0,0,0,,,,,,,,,,,,,,,,,,,,,,,,,
stress_non_binding,C3,6028,1834,1833,76.375,99.94547437295529,0.2052242466145055,2.730179782878933,0.002112281026158708,2.8490028490028463,0.0,97.15099715099716,0.3573951714065952,2.3684757858670008e-17,0,25880.0,27.183999999999457,4.1802777777778015,47.93773829362572,38.34015972051098,9.597578573114799,79.97907511963089,52.329250794772854,38.34015972051098,0.0,33.29009603724004,1.5,3,1.1842378929335003e-16,339,52.21238938053098,500,2588,nan,nan,0.0,0,0,0,0,,,,,,,,,,,,,,,,,,,,,,,,,
stress_non_binding,C3,6029,1826,1824,76.0,99.89047097480832,0.21802507744140678,3.634929194609625,0.0022470577149409435,3.3766233766233777,0.0,96.62337662337663,0.3647073553230558,0.0,0,25110.0,26.93399999999949,4.1529166666666875,46.10535208369989,36.87586902909717,9.22948305460281,79.98175344622143,55.04201451761769,36.87586902909717,0.0,32.01760561368046,1.5,3,0.0,301,51.82724252491694,483,2511,nan,nan,0.0,0,0,0,0,,,,,,,,,,,,,,,,,,,,,,,,,
stress_non_binding,C3,6030,1823,1819,75.79166666666667,99.7805814591333,0.19768319691554884,2.417010900315775,0.00038382681095859144,1.1560693641618491,0.0,98.84393063583815,0.36540842493172426,0.0,0,24820.0,26.83999999999949,4.14263888888891,46.152967024579226,36.91121747956688,9.241749545012404,79.97582790269895,55.05965460401162,36.91121747956688,0.0,32.050671544846644,1.5,3,0.0,328,57.012195121951216,450,2482,nan,nan,0.0,0,0,0,0,,,,,,,,,,,,,,,,,,,,,,,,,
stress_non_binding,C3,6031,1814,1808,75.33333333333333,99.66923925027564,0.2604975352046016,3.3019656522854346,0.004032859088748734,4.594594594594592,0.0,95.4054054054054,0.37302885819005843,4.7369515717340015e-17,0,24190.0,26.605999999999508,4.115138888888908,44.309611051578926,35.43327821440822,8.876332837170793,79.96747742416844,54.83863636300887,35.43327821440822,0.0,30.77056323026312,1.5,3,2.3684757858670006e-16,293,50.170648464163826,458,2419,nan,nan,0.0,0,0,0,0,,,,,,,,,,,,,,,,,,,,,,,,,
stress_non_binding,C3,6032,1894,1891,78.79166666666667,99.8416050686378,0.2247221115673509,4.154530992022243,0.0048038879265048205,2.7932960893854775,0.0,97.20670391061452,0.34488530583087035,0.0,0,25730.0,27.873999999999427,4.3031944444444665,46.441289900886694,37.16797907712399,9.273310823762753,80.03218505869783,62.92407900939557,37.16797907712399,0.0,32.25089576450459,1.5,3,0.0,318,56.60377358490566,498,2573,nan,nan,0.0,0,0,0,0,,,,,,,,,,,,,,,,,,,,,,,,,
stress_non_binding,C3,6033,1853,1847,76.95833333333333,99.67620075553157,0.2460649916542015,3.116152286957852,0.003112872374404603,4.0322580645161255,0.0,95.96774193548387,0.3623119595365387,0.0,0,24780.0,27.191999999999464,4.204583333333355,44.267694566846046,35.42409258698596,8.843601979860152,80.02244737072114,53.841706434586854,35.42409258698596,0.0,30.741454560309755,1.5,3,0.0,289,45.674740484429066,493,2478,nan,nan,0.0,0,0,0,0,,,,,,,,,,,,,,,,,,,,,,,,,
stress_non_binding,C3,6034,1714,1709,71.20833333333333,99.70828471411902,0.1745573120880174,2.553895564207869,0.001698219696040084,2.1739130434782594,0.0,97.82608695652173,0.40291236251580936,3.3158661002138005e-16,0,24090.0,25.385999999999548,3.905416666666687,43.55154949430863,34.831705533138695,8.719843961169984,79.97810855774614,60.66605024042231,34.831705533138695,0.0,30.244131593269827,1.5,3,1.6579330501069005e-15,266,60.526315789473685,448,2409,nan,nan,0.0,0,0,0,0,,,,,,,,,,,,,,,,,,,,,,,,,
stress_non_binding,C3,6035,1768,1764,73.5,99.77375565610859,0.14790725371861832,2.9222472140107127,0.0011975850997875085,1.671309192200554,0.0,98.32869080779945,0.3834204661699117,0.0,0,25400.0,26.295999999999502,4.036111111111133,45.168632178831764,36.11375321212784,9.054878966703992,79.95316986608356,54.89944247384846,36.11375321212784,0.0,31.367105679744228,1.5,3,0.0,279,52.32974910394266,466,2540,nan,nan,0.0,0,0,0,0,,,,,,,,,,,,,,,,,,,,,,,,,
stress_non_binding,C3,6036,1759,1755,73.125,99.77259806708358,0.18951687979060663,2.8190313625093646,0.002126503822940659,2.67379679144385,0.0,97.32620320855615,0.37913852976186985,0.0,0,25590.0,26.2259999999995,4.020000000000023,47.61012928572681,38.061868301721475,9.548260984005415,79.94489591342521,50.9619192879122,38.061868301721475,0.0,33.06258978175468,1.5,3,0.0,336,62.5,472,2559,nan,nan,0.0,0,0,0,0,,,,,,,,,,,,,,,,,,,,,,,,,
stress_non_binding,C3,6037,1836,1835,76.45833333333333,99.94553376906318,0.19790077956551955,4.1637849423455915,0.00340381161506468,1.9553072625698276,0.0,98.04469273743017,0.3591399345348368,0.0,0,25620.0,27.155999999999466,4.180833333333356,47.10962356745877,37.68162074115691,9.428002826301922,79.98709793806482,51.95344290596984,37.68162074115691,0.0,32.715016366290754,1.5,3,0.0,308,51.94805194805194,497,2562,nan,nan,0.0,0,0,0,0,,,,,,,,,,,,,,,,,,,,,,,,,
stress_non_binding,C3,6038,1771,1770,73.75,99.94353472614343,0.1912380409870166,2.8672674105639695,0.004035104637924396,3.1609195402298895,0.0,96.83908045977012,0.3868129234279412,0.0,0,25030.0,26.2579999999995,4.037222222222245,43.64734756594115,34.92304065133555,8.72430691460566,80.01182797780513,66.21952311778142,34.92304065133555,0.0,30.310658031903525,1.5,3,0.0,237,63.29113924050633,459,2503,nan,nan,0.0,0,0,0,0,,,,,,,,,,,,,,,,,,,,,,,,,
stress_non_binding,C3,6039,1732,1731,72.125,99.94226327944573,0.19958927673059165,3.273551485916323,0.0019639469781374042,2.608695652173909,0.0,97.3913043478261,0.3841804184621306,0.0,0,25590.0,25.901999999999518,3.9637500000000214,48.495049353632986,38.810490945946846,9.684558407686204,80.02979987283872,51.280901103413655,38.810490945946846,0.0,33.6771176066895,1.5,3,0.0,335,64.4776119402985,497,2559,nan,nan,0.0,0,0,0,0,,,,,,,,,,,,,,,,,,,,,,,,,
stress_non_binding,C3,6040,1840,1837,76.54166666666667,99.83695652173913,0.2564681090061726,5.275938381094542,0.002805885445373347,2.8795811518324554,0.0,97.12041884816755,0.35327246252760636,2.3684757858670008e-17,0,25640.0,27.207999999999444,4.189444444444468,48.82191349006172,39.03479339631433,9.787120093747442,79.95342788901611,50.93405116360699,39.03479339631433,0.0,33.90410659032058,1.5,3,1.1842378929335003e-16,350,60.57142857142858,479,2564,nan,nan,0.0,0,0,0,0,,,,,,,,,,,,,,,,,,,,,,,,,
stress_non_binding,C3,6041,1738,1737,72.375,99.94246260069045,0.16274810042208915,2.9094299620120485,0.0008122134691613394,2.0408163265306145,0.0,97.95918367346938,0.3914220644067302,7.105427357601002e-16,0,25050.0,25.865999999999524,3.96875000000002,45.288056813577114,36.22045339363204,9.067603419945135,79.97793666159981,56.74815981902454,36.22045339363204,0.0,31.450039453872932,1.5,3,3.552713678800501e-15,256,60.9375,458,2505,nan,nan,0.0,0,0,0,0,,,,,,,,,,,,,,,,,,,,,,,,,
stress_non_binding,C3,6042,1770,1764,73.5,99.66101694915255,0.18579322365972065,3.3032582505225947,0.004896665647569717,3.3057851239669422,0.0,96.69421487603306,0.3819300434729769,0.0,0,25340.0,26.3079999999995,4.039444444444466,45.50518434972833,36.376489922887444,9.128694426840937,79.93922108592582,55.04310633503891,36.376489922887444,0.0,31.600822465089067,1.5,3,0.0,313,60.383386581469644,508,2534,nan,nan,0.0,0,0,0,0,,,,,,,,,,,,,,,,,,,,,,,,,
stress_non_binding,C3,6043,1799,1795,74.79166666666667,99.77765425236242,0.2251549227367569,3.0595518115799982,0.0024035306280093863,3.7940379403794022,0.0,96.2059620596206,0.36528059678926317,4.7369515717340015e-17,0,25580.0,26.70399999999948,4.103194444444468,48.598985155865236,38.86234439884194,9.736640757023405,79.96534140415437,52.342994733636715,38.86234439884194,0.0,33.74929524712861,1.5,3,2.3684757858670006e-16,361,63.988919667590025,476,2558,nan,nan,0.0,0,0,0,0,,,,,,,,,,,,,,,,,,,,,,,,,
stress_non_binding,C3,6044,1839,1837,76.54166666666667,99.89124524197933,0.23160080152557128,3.458201177465192,0.0034573929071837345,3.9772727272727293,0.0,96.02272727272727,0.35843935465887433,9.473903143468003e-17,0,25770.0,27.22199999999946,4.189166666666689,47.06183232280521,37.63286713817439,9.428965184630886,79.96472997490636,52.04641536833805,37.63286713817439,0.0,32.681828001948,1.5,3,4.736951571734001e-16,333,58.25825825825825,484,2577,nan,nan,0.0,0,0,0,0,,,,,,,,,,,,,,,,,,,,,,,,,
stress_non_binding,C3,6045,1761,1754,73.08333333333333,99.60249858035208,0.14033200081480213,2.558490732743424,0.0004610664927735998,1.1904761904761862,0.0,98.80952380952381,0.3859949620870803,0.0,0,25500.0,26.2319999999995,4.0229166666666885,44.94181364865109,35.93421335994737,9.007600288703761,79.95719452017691,52.85962395858844,35.93421335994737,0.0,31.209592811563184,1.5,3,0.0,250,59.599999999999994,477,2550,nan,nan,0.0,0,0,0,0,,,,,,,,,,,,,,,,,,,,,,,,,
stress_non_binding,C3,6046,1732,1728,72.0,99.76905311778292,0.1879725856274548,2.8445475640350804,0.0031964357395409472,4.437869822485208,0.0,95.56213017751479,0.4032545380384437,0.0,0,23990.0,25.58199999999954,3.9415277777777993,41.628366306160295,33.29763080299523,8.33073550316511,79.98783944126998,66.69962847957362,33.29763080299523,0.0,28.90858771261124,1.5,3,0.0,187,60.42780748663101,409,2399,nan,nan,0.0,0,0,0,0,,,,,,,,,,,,,,,,,,,,,,,,,
stress_non_binding,C3,6047,1716,1715,71.45833333333333,99.94172494172494,0.19188491307160713,3.9131948484244274,0.003407680975037014,2.228412256267409,0.0,97.7715877437326,0.40497146917003235,9.473903143468003e-17,0,23710.0,25.333999999999552,3.904305555555575,42.610271098788346,34.088724358154415,8.521546740633964,80.00119097839712,62.93533298903375,34.088724358154415,0.0,29.590466040825184,1.5,3,4.736951571734001e-16,250,69.19999999999999,405,2371,nan,nan,0.0,0,0,0,0,,,,,,,,,,,,,,,,,,,,,,,,,
stress_non_binding,C3,6048,1772,1767,73.625,99.7178329571106,0.15711119230377335,2.839853670071595,0.0006542376405435407,0.8498583569405138,0.0,99.15014164305948,0.3806211805126371,0.0,0,25860.0,26.43599999999948,4.050833333333356,45.77637501545067,36.624695768483726,9.151679246966985,80.00785504776641,57.06073600099829,36.624695768483726,0.0,31.78914931628512,1.5,3,0.0,274,54.379562043795616,462,2586,nan,nan,0.0,0,0,0,0,,,,,,,,,,,,,,,,,,,,,,,,,
stress_non_binding,C3,6049,1777,1774,73.91666666666667,99.83117613956107,0.253564666649601,3.671386784063543,0.00591697440270823,4.444444444444439,0.0,95.55555555555556,0.3780610697297866,0.0,0,25100.0,26.343999999999497,4.050694444444467,46.19801489727681,36.950373178297575,9.247641718979326,79.98259938323811,51.88716055588362,36.950373178297575,0.0,32.08195478977552,1.5,3,0.0,290,49.6551724137931,456,2510,nan,nan,0.0,0,0,0,0,,,,,,,,,,,,,,,,,,,,,,,,,
stress_non_binding,C3,6050,1768,1765,73.54166666666667,99.83031674208145,0.1468780460488881,2.862594669724422,0.0006820874498134592,1.4792899408283988,0.0,98.5207100591716,0.3850550667305946,9.189686049163962e-15,0,25820.0,26.379999999999498,4.041944444444467,44.58017597698596,35.66522753850798,8.914948438478039,80.00243775825328,61.82516094920728,35.66522753850798,0.0,30.958455539573514,1.5,3,4.594843024581981e-14,257,62.64591439688716,484,2582,nan,nan,0.0,0,0,0,0,,,,,,,,,,,,,,,,,,,,,,,,,
stress_non_binding,C3,6051,1671,1670,69.58333333333333,99.94015559545183,0.1386700781632495,2.1125558821970722,0.0008359066059277429,1.1235955056179803,0.0,98.87640449438202,0.41370988901356076,4.7369515717340015e-17,0,24300.0,24.911999999999573,3.8187500000000196,43.96443995511811,35.17623777565592,8.788202179462251,80.01065818549313,52.98056794550522,35.17623777565592,0.0,30.53086107994308,1.5,3,2.3684757858670006e-16,271,59.77859778597786,426,2430,nan,nan,0.0,0,0,0,0,,,,,,,,,,,,,,,,,,,,,,,,,
stress_non_binding,C3,6052,1844,1843,76.79166666666667,99.94577006507592,0.2562843146858627,5.269182559012067,0.00811740986728889,3.9215686274509776,0.0,96.07843137254902,0.3611817558842082,0.0,0,24560.0,27.03999999999948,4.182777777777799,45.57456788168503,36.46044186752961,9.114126014155485,80.00172807383196,51.72446944236213,36.46044186752961,0.0,31.649005473392343,1.5,3,0.0,307,58.95765472312704,483,2456,nan,nan,0.0,0,0,0,0,,,,,,,,,,,,,,,,,,,,,,,,,
stress_non_binding,C3,6053,1684,1680,70.0,99.7624703087886,0.1493340239503482,2.955273741193135,0.0012373701290771502,1.2121212121212088,0.0,98.7878787878788,0.41006506059471126,0.0,0,23950.0,24.997999999999568,3.840972222222242,43.976578185903904,35.183724581564846,8.792853604339133,80.00559850935039,53.674763686473035,35.183724581564846,0.0,30.53929040687766,1.5,3,0.0,240,54.166666666666664,418,2395,nan,nan,0.0,0,0,0,0,,,,,,,,,,,,,,,,,,,,,,,,,
stress_non_binding,C3,6054,1818,1815,75.625,99.83498349834984,0.17070750451962752,2.5729515242095764,0.0003861383828496006,1.2953367875647714,0.0,98.70466321243524,0.3599536016923629,0.0,0,26140.0,27.043999999999464,4.150555555555578,48.61670339074935,38.861070867177546,9.755632523571826,79.93357870203087,53.54728177839139,38.861070867177546,0.0,33.761599576909205,1.5,3,0.0,319,61.442006269592476,525,2614,nan,nan,0.0,0,0,0,0,,,,,,,,,,,,,,,,,,,,,,,,,
stress_non_binding,C3,6055,1816,1814,75.58333333333333,99.8898678414097,0.296367932969542,5.0568048400051335,0.008809330900060515,4.986149584487531,0.0,95.01385041551247,0.36284634109456915,4.7369515717340015e-17,0,24870.0,26.7659999999995,4.12875000000002,47.77531720595509,38.226065777415606,9.549251428539545,80.01216530416005,50.51893062729885,38.226065777415606,0.0,33.17730361524656,1.5,3,2.3684757858670006e-16,344,59.30232558139535,444,2487,nan,nan,0.0,0,0,0,0,,,,,,,,,,,,,,,,,,,,,,,,,
stress_non_binding,C3,6056,1753,1748,72.83333333333333,99.71477467199087,0.21226484058060258,3.8611377096818615,0.0030035048814088666,3.3333333333333326,0.0,96.66666666666667,0.39354969259366196,4.7369515717340015e-17,0,24160.0,25.867999999999533,3.987638888888909,43.02211066628166,34.42146443168501,8.600646234596727,80.00877664670841,54.39541131474477,34.42146443168501,0.0,29.876465740473346,1.5,3,2.3684757858670006e-16,250,56.8,437,2416,nan,nan,0.0,0,0,0,0,,,,,,,,,,,,,,,,,,,,,,,,,
stress_non_binding,C4,6007,1826,1823,75.95833333333333,99.83570646221249,0.22492814151279505,3.736202237149458,0.0032327403161570706,2.5352112676056304,0.0,97.46478873239437,0.3636998431871851,0.0,0,25120.0,26.935999999999474,4.153055555555578,46.468056452613325,37.16206809390432,9.305988358709065,79.97336435148958,59.90593243251311,37.16206809390432,0.0,32.269483647648116,1.5,3,0.0,336,6.845238095238096,482,2512,nan,nan,0.0,0,0,0,0,2164,0.062266812194138765,0.028773942788419025,0.05209504161030054,0.1460290513932705,,,,,,,,,,,,,,,,,,,,
stress_non_binding,C4,6008,1781,1781,74.20833333333333,100.0,0.20901510660957057,3.3582011232145303,0.002213614906197785,2.7932960893854775,0.0,97.20670391061452,0.377650537031449,1.82017364143879e-14,0,25220.0,26.4159999999995,4.060694444444465,45.94580666867835,36.75433027710461,9.191476391573799,79.9949613294315,54.518911432062744,36.75433027710461,0.0,31.90681018658214,1.5,3,9.10086820719395e-14,287,4.181184668989547,501,2522,nan,nan,0.0,0,0,0,0,2206,0.06157138082198799,0.027910870726195823,0.05188683280721307,0.2305549569427967,,,,,,,,,,,,,,,,,,,,
stress_non_binding,C4,6009,1802,1797,74.875,99.72253052164261,0.22740449710192062,3.387608642517436,0.0028886518089828303,3.8363171355498715,0.0,96.16368286445012,0.374631052091601,0.0,0,24710.0,26.56599999999949,4.097361111111132,44.93282124702363,35.934080842973586,8.998740404050109,79.97290142415412,57.51442725214028,35.934080842973586,0.0,31.203348088210795,1.5,3,0.0,285,3.508771929824561,441,2471,nan,nan,0.0,0,0,0,0,2189,0.060815589502453804,0.027782361581751396,0.052245333790779114,0.19226409494876862,,,,,,,,,,,,,,,,,,,,
stress_non_binding,C4,6010,1836,1832,76.33333333333333,99.78213507625271,0.20581084175907582,3.3744226695420365,0.0038457833475712263,3.3240997229916913,0.0,96.67590027700831,0.3632313723115326,0.0,0,25230.0,27.077999999999474,4.175416666666688,45.63670596784825,36.51513246130637,9.121573506541937,80.01263826322574,60.15302875911218,36.51513246130637,0.0,31.692156922116776,1.5,3,0.0,294,5.782312925170068,485,2523,nan,nan,0.0,0,0,0,0,2201,0.0627528598997742,0.028511067650965102,0.051802024245262146,0.29479782097041607,,,,,,,,,,,,,,,,,,,,
stress_non_binding,C4,6011,1833,1832,76.33333333333333,99.94544462629568,0.20713559595472936,2.924064816833197,0.002885829750157618,3.59281437125748,0.0,96.40718562874252,0.36189560169190305,7.105427357601002e-17,0,25100.0,27.015999999999472,4.167361111111132,46.417583390914885,37.13278625873946,9.284797132175488,79.99724144623889,51.83135183399574,37.13278625873946,0.0,32.23443291035751,1.5,3,3.552713678800501e-16,302,2.6490066225165565,463,2510,nan,nan,0.0,0,0,0,0,2157,0.06247558142058551,0.02896410821538503,0.053523248061537736,0.1897451002150774,,,,,,,,,,,,,,,,,,,,
stress_non_binding,C4,6012,1800,1796,74.83333333333333,99.77777777777777,0.18255639788750555,3.298746699205185,0.0031536071128672387,2.7190332326283984,0.0,97.2809667673716,0.3719063814514464,0.0,0,25830.0,26.76599999999947,4.108750000000024,46.113702677479296,36.91034105090979,9.203361626569551,80.04202418760839,60.701570552716255,36.91034105090979,0.0,32.02340463713833,1.5,3,0.0,294,3.4013605442176873,448,2583,nan,nan,0.0,0,0,0,0,2253,0.06538611417636275,0.029021799456885374,0.058830343186855524,0.1944899559020996,,,,,,,,,,,,,,,,,,,,
stress_non_binding,C4,6013,1817,1815,75.625,99.88992845349478,0.2429024947794056,5.071162833158451,0.011239296693553967,5.420054200542001,0.0,94.579945799458,0.3664369569733055,0.0,0,25100.0,26.82399999999948,4.1340277777778,46.382695489610015,37.086682700344134,9.296012789265918,79.95801517971667,50.55105264773193,37.086682700344134,0.0,32.210205201118015,1.5,3,0.0,304,6.578947368421052,495,2510,nan,nan,0.0,0,0,0,0,2167,0.062492914497852325,0.028838446930250266,0.053013162687420845,0.19367295317351818,,,,,,,,,,,,,,,,,,,,
stress_non_binding,C4,6014,1821,1816,75.66666666666667,99.72542559033498,0.20586769477346253,2.471099896177475,0.0015948183158454748,2.6881720430107503,0.0,97.31182795698925,0.37055959161663904,0.0,0,24580.0,26.7679999999995,4.135138888888909,44.498547018009944,35.59017413290579,8.908372885104221,79.98053086655018,55.953747248831434,35.59017413290579,0.0,30.901768762506897,1.5,3,0.0,273,5.86080586080586,466,2458,nan,nan,0.0,0,0,0,0,2151,0.09365811618044972,0.043541662566457334,0.051144976168870926,34.34970392845571,,,,,,,,,,,,,,,,,,,,
stress_non_binding,C4,6015,1745,1742,72.58333333333333,99.82808022922636,0.15974280093071913,3.298161087837798,0.001119623804240483,1.4619883040935644,0.0,98.53801169590643,0.3892650975242805,0.0,0,25530.0,26.045999999999513,3.990000000000022,45.36456489125901,36.29457729281474,9.069987598444332,80.00644860104919,53.37088036902644,36.29457729281474,0.0,31.503170063374263,1.5,3,0.0,285,2.456140350877193,462,2553,nan,nan,0.0,0,0,0,0,2238,0.06083834799937904,0.027184248435826203,0.05057599628344178,0.13133487664163113,,,,,,,,,,,,,,,,,,,,
stress_non_binding,C4,6016,1836,1829,76.20833333333333,99.61873638344227,0.20276842192357597,3.670225197590844,0.00397137089599251,3.3678756476683946,0.0,96.6321243523316,0.3618320571945948,2.3684757858670008e-17,0,24990.0,27.029999999999482,4.172083333333355,46.140459409945834,36.92687777014463,9.213581639801244,80.03144797943827,50.00736489568778,36.92687777014463,0.0,32.04198570135123,1.5,3,1.1842378929335003e-16,287,5.2264808362369335,463,2499,nan,nan,0.0,0,0,0,0,2188,0.06138029019348323,0.028053149082944807,0.05129441851750016,0.2315179444849491,,,,,,,,,,,,,,,,,,,,
stress_non_binding,C4,6017,1810,1809,75.375,99.94475138121547,0.18494291085794845,3.406721018753592,0.0031105669916879158,3.4852546916890104,0.0,96.51474530831099,0.37385322093003526,7.105427357601002e-17,0,24990.0,26.717999999999492,4.117916666666689,44.412840465187315,35.49947326549318,8.913367199694184,79.93065269788178,56.48640999855999,35.49947326549318,0.0,30.84225032304671,1.5,3,3.552713678800501e-16,232,4.310344827586207,516,2499,nan,nan,0.0,0,0,0,0,2196,0.05870274128392339,0.026731667251331234,0.05087070167064667,0.16151112504303455,,,,,,,,,,,,,,,,,,,,
stress_non_binding,C4,6018,1850,1846,76.91666666666667,99.78378378378379,0.19811325813068756,3.3402373795717115,0.0028100737730452,2.209944751381221,0.0,97.79005524861878,0.3495577614056179,0.0,0,26270.0,27.453999999999443,4.219027777777801,49.15920589397755,39.32677949284633,9.832426401131297,79.998809536637,52.350993858057734,39.32677949284633,0.0,34.138337426373255,1.5,3,0.0,364,4.945054945054945,494,2627,nan,nan,0.0,0,0,0,0,2214,0.0681869862601161,0.03079809677512019,0.055281096138060086,0.16811001114547253,,,,,,,,,,,,,,,,,,,,
stress_non_binding,C4,6019,1819,1816,75.66666666666667,99.83507421660252,0.19791535429959162,2.4707768449140226,0.000926367879388802,2.052785923753664,0.0,97.94721407624634,0.3629052540254202,1.4210854715202004e-16,0,25430.0,26.913999999999483,4.1427777777778,47.45410855084873,37.93044769518712,9.52366085566168,79.93079809842666,53.56360525953878,37.93044769518712,0.0,32.95424204920043,1.5,3,7.105427357601002e-16,302,2.980132450331126,483,2543,nan,nan,0.0,0,0,0,0,2190,0.06272587296552956,0.028641951125812585,0.052810506895184496,0.19252789206802845,,,,,,,,,,,,,,,,,,,,
stress_non_binding,C4,6020,1775,1770,73.75,99.71830985915493,0.2116117801335377,3.9836207828018813,0.003558262664940917,4.143646408839774,0.0,95.85635359116023,0.3778040129403878,7.638334409421077e-16,0,24710.0,26.241999999999514,4.041111111111131,46.49055534146038,37.19899381001885,9.291561531441607,80.01408788688894,52.84014181218674,37.19899381001885,0.0,32.285107876014116,1.5,3,3.819167204710538e-15,308,5.194805194805195,465,2471,nan,nan,0.0,0,0,0,0,2125,0.10866134404204786,0.051134750137434286,0.08189068175852299,3.611929016187787,,,,,,,,,,,,,,,,,,,,
stress_non_binding,C4,6021,1811,1809,75.375,99.88956377691883,0.21521066272548134,4.968780094368655,0.006863292920451741,3.2835820895522394,0.0,96.71641791044776,0.3635473473650351,0.0,0,25630.0,26.857999999999475,4.128888888888911,48.02295494858737,38.4251177678821,9.59783718070532,80.01406370978094,55.26746749270852,38.4251177678821,0.0,33.34927426985229,1.5,3,0.0,337,4.154302670623145,519,2563,nan,nan,0.0,0,0,0,0,2184,0.062380714574828744,0.028562598248547958,0.05276943556964397,0.2105028834193945,,,,,,,,,,,,,,,,,,,,
stress_non_binding,C4,6022,1776,1773,73.875,99.83108108108108,0.18915711253748624,3.410896553565423,0.005771881385439486,4.518072289156628,0.0,95.48192771084338,0.3829621536968345,0.0,0,25330.0,26.377999999999496,4.051805555555578,44.53362466913955,35.62935210178612,8.904272567353495,80.00550677492052,56.2870432020774,35.62935210178612,0.0,30.926128242457956,1.5,3,0.0,265,5.283018867924529,486,2533,nan,nan,0.0,0,0,0,0,2222,0.06162916659377515,0.027735898557054526,0.051560276187956326,0.22368109785020351,,,,,,,,,,,,,,,,,,,,
stress_non_binding,C4,6023,1833,1832,76.33333333333333,99.94544462629568,0.18808264978754294,3.6107555215297906,0.003216730401748802,2.3809523809523836,0.0,97.61904761904762,0.3628906957070749,9.473903143468003e-17,0,25690.0,27.133999999999467,4.175555555555578,46.05934954545305,36.848115640437285,9.211233905015806,80.00138083598904,50.893629295626276,36.848115640437285,0.0,31.985659406564587,1.5,3,4.736951571734001e-16,267,5.992509363295881,462,2569,nan,nan,0.0,0,0,0,0,2260,0.06147947651334107,0.02720330819174384,0.051320064812898636,0.16603386029601097,,,,,,,,,,,,,,,,,,,,
stress_non_binding,C4,6024,1817,1813,75.54166666666667,99.77985690698954,0.19955997807102857,2.7884607683323943,0.0016697135702060555,2.5139664804469275,0.0,97.48603351955308,0.3689062547910069,0.0,0,25090.0,26.821999999999495,4.133888888888909,45.49374827523745,36.3753589264332,9.118389348804325,79.95682990630286,57.19261568243208,36.3753589264332,0.0,31.592880746692643,1.5,3,0.0,281,2.491103202846975,479,2509,nan,nan,0.0,0,0,0,0,2157,0.06305315624922514,0.029231875868903634,0.05387300625443456,0.19344594329595566,,,,,,,,,,,,,,,,,,,,
stress_non_binding,C4,6025,1777,1773,73.875,99.77490151941475,0.22670777060899053,3.4751017883002193,0.00346135087141876,2.452316076294281,0.0,97.54768392370572,0.37988071160124187,3.789561257387201e-16,0,24640.0,26.25199999999951,4.044305555555576,45.54294382355293,36.44992510676723,9.09301871678575,80.03418761858084,56.383430883213094,36.44992510676723,0.0,31.627044321911676,1.5,3,1.8947806286936005e-15,251,4.780876494023905,450,2464,nan,nan,0.0,0,0,0,0,2138,0.06071260431781411,0.028396915022363942,0.0535385450348258,0.17481297254562378,,,,,,,,,,,,,,,,,,,,
stress_non_binding,C4,6026,1818,1816,75.66666666666667,99.8899889988999,0.22160056970849126,3.6346983330511953,0.004507301201526086,3.458213256484155,0.0,96.54178674351584,0.35912601228736885,0.0,0,26000.0,27.01599999999947,4.1486111111111335,48.914635576547184,39.145494201494486,9.769141375052765,80.02818326272751,50.87219729558481,39.145494201494486,0.0,33.96849692815771,1.5,3,0.0,361,2.4930747922437675,482,2600,nan,nan,0.0,0,0,0,0,2237,0.06491229520179331,0.029017566026729242,0.05186465568840503,0.1866880338639021,,,,,,,,,,,,,,,,,,,,
stress_non_binding,C4,6027,1819,1814,75.58333333333333,99.72512369433755,0.22209414230559904,3.4395056855750834,0.005349035433761489,5.000000000000004,0.0,95.0,0.3655088350154737,1.8947806286936006e-16,0,24680.0,26.763999999999502,4.132361111111131,46.51681939442943,37.19491598093842,9.321903413491075,79.9601444491552,54.77497625706139,37.19491598093842,0.0,32.30334680168705,1.5,3,9.473903143468002e-16,310,4.838709677419355,470,2468,nan,nan,0.0,0,0,0,0,2141,0.060217331163585186,0.028125796900320032,0.05108187906444073,0.15776301734149456,,,,,,,,,,,,,,,,,,,,
stress_non_binding,C4,6028,1834,1833,76.375,99.94547437295529,0.20523670506644712,2.730179782878933,0.002112281026158708,2.8490028490028463,0.0,97.15099715099716,0.3574641441318684,2.3684757858670008e-17,0,25820.0,27.171999999999464,4.179444444444468,47.912908112527376,38.32790238131665,9.585005731210781,79.99494059367142,52.329250794772854,38.32790238131665,0.0,33.27285285592172,1.5,3,1.1842378929335003e-16,336,4.464285714285714,499,2582,nan,nan,0.0,0,0,0,0,2211,0.0912385662086308,0.04126574681530113,0.08022051770240068,0.24446286261081696,,,,,,,,,,,,,,,,,,,,
stress_non_binding,C4,6029,1826,1824,76.0,99.89047097480832,0.21803416987347382,3.634929194609625,0.0022470577149409435,3.3766233766233777,0.0,96.62337662337663,0.36468696435008024,0.0,0,25250.0,26.961999999999485,4.154861111111131,46.11269283397108,36.89458010931753,9.21811272465363,80.00959788264069,55.04201451761769,36.89458010931753,0.0,32.02270335692432,1.5,3,0.0,307,7.81758957654723,489,2525,nan,nan,0.0,0,0,0,0,2195,0.06112275994382799,0.027846359883292933,0.051725027151405804,0.13839895837008953,,,,,,,,,,,,,,,,,,,,
stress_non_binding,C4,6030,1823,1819,75.79166666666667,99.7805814591333,0.1979370899796019,2.417010900315775,0.00038382681095859144,1.1560693641618491,0.0,98.84393063583815,0.3654248198415705,0.0,0,24820.0,26.839999999999485,4.14263888888891,46.14706485703461,36.911217479566886,9.235847377467753,79.98605673821135,55.05965460401162,36.911217479566886,0.0,32.046572817385076,1.5,3,0.0,329,4.5592705167173255,454,2482,nan,nan,0.0,0,0,0,0,2136,0.061814780812710524,0.028939504125800805,0.051413371693342924,0.22261706180870533,,,,,,,,,,,,,,,,,,,,
stress_non_binding,C4,6031,1814,1808,75.33333333333333,99.66923925027564,0.26064698787578183,3.3019656522854346,0.004032859088748734,4.594594594594592,0.0,95.4054054054054,0.3730470716592073,4.7369515717340015e-17,0,24240.0,26.61599999999951,4.115833333333353,44.303054202685374,35.44421082279623,8.858843379889214,80.0039894781065,54.83863636300887,35.44421082279623,0.0,30.7660098629759,1.5,3,2.3684757858670006e-16,300,4.666666666666667,465,2424,nan,nan,0.0,0,0,0,0,2124,0.05997908441349864,0.02823874030767356,0.051539402920752764,0.2426158171147108,,,,,,,,,,,,,,,,,,,,
stress_non_binding,C4,6032,1894,1891,78.79166666666667,99.8416050686378,0.22496077792061617,4.154530992022243,0.0048038879265048205,2.7932960893854775,0.0,97.20670391061452,0.3446837004215947,0.0,0,25940.0,27.91599999999943,4.306111111111134,46.513867848225914,37.21285946285945,9.301008385366522,80.00379496343861,62.92407900939557,37.21285946285945,0.0,32.30129711682353,1.5,3,0.0,311,4.501607717041801,510,2594,nan,nan,0.0,0,0,0,0,2270,0.0675585602875799,0.02976148030289863,0.06271456368267535,0.8264270145446062,,,,,,,,,,,,,,,,,,,,
stress_non_binding,C4,6033,1853,1847,76.95833333333333,99.67620075553157,0.246054886007817,3.116152286957852,0.003112872374404603,4.0322580645161255,0.0,95.96774193548387,0.36237127497651056,0.0,0,24760.0,27.187999999999466,4.204305555555578,44.246341008456184,35.407899376800906,8.838441631655309,80.02446884824643,53.841706434586854,35.407899376800906,0.0,30.72662570031677,1.5,3,0.0,287,7.317073170731707,484,2476,nan,nan,0.0,0,0,0,0,2135,0.0603056529071182,0.028246207450640843,0.051281158812344074,0.21190312691032887,,,,,,,,,,,,,,,,,,,,
stress_non_binding,C4,6034,1714,1709,71.20833333333333,99.70828471411902,0.1745573120880174,2.553895564207869,0.001698219696040084,2.1739130434782594,0.0,97.82608695652173,0.4027925048624493,3.3158661002138005e-16,0,24090.0,25.38599999999955,3.9054166666666865,43.59469824951825,34.83201065833981,8.762687591178487,79.89964848242693,60.66605024042231,34.83201065833981,0.0,30.274096006609852,1.5,3,1.6579330501069005e-15,274,5.474452554744526,451,2409,nan,nan,0.0,0,0,0,0,2125,0.06079099443741143,0.028607526794075966,0.050692865625023835,0.16486900858581066,,,,,,,,,,,,,,,,,,,,
stress_non_binding,C4,6035,1768,1764,73.5,99.77375565610859,0.14790725371861832,2.9222472140107127,0.0011975850997875085,1.671309192200554,0.0,98.32869080779945,0.38343880049833023,0.0,0,25370.0,26.2899999999995,4.0356944444444665,45.162031820601115,36.10733654546118,9.05469527513997,79.95064679306668,54.89944247384846,36.10733654546118,0.0,31.36252209763959,1.5,3,0.0,279,2.867383512544803,464,2537,nan,nan,0.0,0,0,0,0,2239,0.061792114516720176,0.02759808598334979,0.05089349579066038,0.17075403593480587,,,,,,,,,,,,,,,,,,,,
stress_non_binding,C4,6036,1759,1755,73.125,99.77259806708358,0.189511253139891,2.8190313625093646,0.002126503822940659,2.67379679144385,0.0,97.32620320855615,0.37924323503483925,0.0,0,25590.0,26.225999999999498,4.020000000000023,47.572435387457844,38.02638918579383,9.546046201664085,79.93366090275723,50.9619192879122,38.02638918579383,0.0,33.03641346351234,1.5,3,0.0,326,4.294478527607362,468,2559,nan,nan,0.0,0,0,0,0,2192,0.062054340494796634,0.028309461904560507,0.05167664494365453,0.19400892779231071,,,,,,,,,,,,,,,,,,,,
stress_non_binding,C4,6037,1836,1835,76.45833333333333,99.94553376906318,0.1979131962499316,4.1637849423455915,0.00340381161506468,1.9553072625698276,0.0,98.04469273743017,0.35906966507174776,0.0,0,25700.0,27.17199999999946,4.1819444444444684,47.13492057417081,37.69822872008061,9.436691854090247,79.97940435851426,51.95344290596984,37.69822872008061,0.0,32.732583732063006,1.5,3,0.0,302,3.9735099337748347,499,2570,nan,nan,0.0,0,0,0,0,2203,0.06075937859714031,0.027580289876141768,0.05051523912698031,0.1775070559233427,,,,,,,,,,,,,,,,,,,,
stress_non_binding,C4,6038,1771,1770,73.75,99.94353472614343,0.1913226357363716,2.8672674105639695,0.004035104637924396,3.1609195402298895,0.0,96.83908045977012,0.38678856141810886,0.0,0,25060.0,26.263999999999502,4.037638888888911,43.656117889480775,34.92945731800222,8.726660571478615,80.010452157998,66.21952311778142,34.92945731800222,0.0,30.316748534361608,1.5,3,0.0,238,7.142857142857142,462,2506,nan,nan,0.0,0,0,0,0,2213,0.060403815004974604,0.02729499096474225,0.05105817690491676,0.15855510719120502,,,,,,,,,,,,,,,,,,,,
stress_non_binding,C4,6039,1732,1731,72.125,99.94226327944573,0.1995441060523434,3.273551485916323,0.0019639469781374042,2.608695652173909,0.0,97.3913043478261,0.38407521696076785,0.0,0,25670.0,25.917999999999516,3.9648611111111323,48.53292189412358,38.827602057057966,9.705319837065689,80.00260553395458,51.280901103413655,38.827602057057966,0.0,33.703417982030196,1.5,3,0.0,335,4.776119402985075,493,2567,nan,nan,0.0,0,0,0,0,2187,0.10162337985821068,0.046467023254783114,0.09427394252270459,3.1121009960770607,,,,,,,,,,,,,,,,,,,,
stress_non_binding,C4,6040,1840,1837,76.54166666666667,99.83695652173913,0.2565186862110359,5.275938381094542,0.002805885445373347,2.8795811518324554,0.0,97.12041884816755,0.3533606777624502,3.552713678800501e-17,0,25530.0,27.185999999999446,4.18791666666669,48.79015600551789,39.01124104039101,9.778914965126937,79.9571967672722,50.7958507943446,39.01124104039101,0.0,33.88205278160957,1.5,3,1.7763568394002506e-16,345,4.63768115942029,480,2553,nan,nan,0.0,0,0,0,0,2167,0.06329186842776835,0.029207138176173673,0.05325081292539825,0.14294497668743134,,,,,,,,,,,,,,,,,,,,
stress_non_binding,C4,6041,1738,1737,72.375,99.94246260069045,0.16284867703354422,2.9094299620120485,0.0008122134691613394,2.0408163265306145,0.0,97.95918367346938,0.3913397024910882,7.105427357601002e-16,0,25160.0,25.88799999999953,3.970277777777798,45.317707103208264,36.24398117140983,9.073725931798505,79.97752642000711,56.74815981902454,36.24398117140983,0.0,31.47062993278345,1.5,3,3.552713678800501e-15,254,1.968503937007874,468,2516,nan,nan,0.0,0,0,0,0,2191,0.05936070322059095,0.027092972715924667,0.05032902117818594,0.19689509645104408,,,,,,,,,,,,,,,,,,,,
stress_non_binding,C4,6042,1770,1764,73.5,99.66101694915255,0.18583556961548475,3.3032582505225947,0.004896665647569717,3.3057851239669422,0.0,96.69421487603306,0.382030171218402,0.0,0,25340.0,26.307999999999495,4.039444444444466,45.46913836137529,36.37648992288746,9.092648438487895,80.00259348171028,55.04310633503891,36.37648992288746,0.0,31.57579052873277,1.5,3,0.0,311,7.07395498392283,510,2534,nan,nan,0.0,0,0,0,0,2174,0.06147124711424112,0.028275642646845043,0.051626027561724186,0.14943303540349007,,,,,,,,,,,,,,,,,,,,
stress_non_binding,C4,6043,1799,1795,74.79166666666667,99.77765425236242,0.22511838899962033,3.0595518115799982,0.0024035306280093863,3.7940379403794022,0.0,96.2059620596206,0.36526377862482245,4.7369515717340015e-17,0,25640.0,26.715999999999475,4.104027777777802,48.60503969506387,38.87517773217526,9.72986196288872,79.98178373285695,52.342994733636715,38.87517773217526,0.0,33.75349978823879,1.5,3,2.3684757858670006e-16,369,5.691056910569105,481,2564,nan,nan,0.0,0,0,0,0,2168,0.09124996582977474,0.042089467633659935,0.07912232540547849,0.2347270492464304,,,,,,,,,,,,,,,,,,,,
stress_non_binding,C4,6044,1839,1837,76.54166666666667,99.89124524197933,0.23184868219019686,3.458201177465192,0.0034573929071837345,3.9772727272727293,0.0,96.02272727272727,0.3584971010549953,9.473903143468003e-17,0,25850.0,27.23799999999946,4.1902777777777995,47.04104362020167,37.62528751265772,9.415756107544018,79.98395574816632,52.04641536833805,37.62528751265772,0.0,32.66739140291778,1.5,3,4.736951571734001e-16,335,5.074626865671641,485,2585,nan,nan,0.0,0,0,0,0,2209,0.06244976166635752,0.028270602836739482,0.05168616771697998,0.17667212523519993,,,,,,,,,,,,,,,,,,,,
stress_non_binding,C4,6045,1761,1754,73.08333333333333,99.60249858035208,0.14037246223070396,2.558490732743424,0.0004610664927735998,1.1904761904761862,0.0,98.80952380952381,0.3860329924800018,0.0,0,25460.0,26.2239999999995,4.022361111111134,44.928122707199385,35.92565539926363,9.002467307935788,79.96251175103478,52.85962395858844,35.92565539926363,0.0,31.20008521333284,1.5,3,0.0,250,3.5999999999999996,470,2546,nan,nan,0.0,0,0,0,0,2261,0.061554033076390624,0.02722425169234437,0.0509750097990036,0.16836985014379025,,,,,,,,,,,,,,,,,,,,
stress_non_binding,C4,6046,1732,1728,72.0,99.76905311778292,0.18805779104407577,2.8445475640350804,0.0031964357395409472,4.437869822485208,0.0,95.56213017751479,0.40318741893017435,0.0,0,24050.0,25.593999999999536,3.9423611111111327,41.652529185137254,33.310432060077346,8.342097125059961,79.97217146651303,66.69962847957362,33.310432060077346,0.0,28.925367489678607,1.5,3,0.0,181,2.209944751381215,413,2405,nan,nan,0.0,0,0,0,0,2138,0.057698208605870605,0.02698700121883564,0.05258528981357813,0.11072005145251751,,,,,,,,,,,,,,,,,,,,
stress_non_binding,C4,6047,1716,1715,71.45833333333333,99.94172494172494,0.19184597183895674,3.9131948484244274,0.003407680975037014,2.228412256267409,0.0,97.7715877437326,0.40489894983904084,9.473903143468003e-17,0,23830.0,25.357999999999553,3.9059722222222417,42.636378057945294,34.114730150184535,8.521647907760801,80.01319930088961,62.93533298903375,34.114730150184535,0.0,29.60859587357306,1.5,3,4.736951571734001e-16,248,5.64516129032258,405,2383,nan,nan,0.0,0,0,0,0,2115,0.05764565570279956,0.0272556291739005,0.0516638858243823,0.12991903349757195,,,,,,,,,,,,,,,,,,,,
stress_non_binding,C4,6048,1772,1767,73.625,99.7178329571106,0.15706963540219637,2.839853670071595,0.0006542376405435407,0.8498583569405138,0.0,99.15014164305948,0.3805769371400968,0.0,0,25870.0,26.43799999999948,4.050972222222246,45.792302629565164,36.62683465737262,9.16546797219261,79.9846973271115,57.06073600099829,36.62683465737262,0.0,31.800210159420196,1.5,3,0.0,271,5.535055350553505,465,2587,nan,nan,0.0,0,0,0,0,2292,0.06513823149725795,0.028419821770182353,0.05157997366040945,0.17807399854063988,,,,,,,,,,,,,,,,,,,,
stress_non_binding,C4,6049,1777,1774,73.91666666666667,99.83117613956107,0.2535410904924012,3.671386784063543,0.00591697440270823,4.444444444444439,0.0,95.55555555555556,0.37807634155221626,0.0,0,25090.0,26.341999999999498,4.050555555555578,46.19251704120211,36.94823428940868,9.244282751793497,79.98748857190905,51.88716055588362,36.94823428940868,0.0,32.078136834168085,1.5,3,0.0,289,5.190311418685121,457,2509,nan,nan,0.0,0,0,0,0,2165,0.06219436810351908,0.02872719080993953,0.05235080607235431,0.21111592650413513,,,,,,,,,,,,,,,,,,,,
stress_non_binding,C4,6050,1768,1765,73.54166666666667,99.83031674208145,0.14703056394958627,2.862594669724422,0.0006820874498134592,1.4792899408283988,0.0,98.5207100591716,0.38500119203411254,9.189686049163962e-15,0,25910.0,26.397999999999488,4.043194444444467,44.59957086771949,35.68447753850799,8.915093329211558,80.01080917201355,61.82516094920728,35.68447753850799,0.0,30.971924213694045,1.5,3,4.594843024581981e-14,255,6.666666666666667,489,2591,nan,nan,0.0,0,0,0,0,2312,0.06201115949079394,0.026821435765914337,0.050444353837519884,0.13973400928080082,,,,,,,,,,,,,,,,,,,,
stress_non_binding,C4,6051,1671,1670,69.58333333333333,99.94015559545183,0.13867560370383303,2.1125558821970722,0.0008359066059277429,1.1235955056179803,0.0,98.87640449438202,0.4136051218951928,4.7369515717340015e-17,0,24410.0,24.933999999999568,3.820277777777797,44.00215611773058,35.19795264309355,8.804203474637099,79.99142712216006,52.98056794550522,35.19795264309355,0.0,30.55705285953507,1.5,3,2.3684757858670006e-16,277,2.166064981949458,430,2441,nan,nan,0.0,0,0,0,0,2133,0.0592738080304116,0.027788939536057947,0.051704840734601014,0.15557697042822838,,,,,,,,,,,,,,,,,,,,
stress_non_binding,C4,6052,1844,1843,76.79166666666667,99.94577006507592,0.25637876390966824,5.269182559012067,0.00811740986728889,3.9215686274509776,0.0,96.07843137254902,0.3611473631464647,0.0,0,24520.0,27.031999999999485,4.182222222222243,45.58694926727269,36.451886311974036,9.135062955298718,79.96123210232713,51.72446944236213,36.451886311974036,0.0,31.657603657828233,1.5,3,0.0,310,3.225806451612903,488,2452,nan,nan,0.0,0,0,0,0,2117,0.05933622200973332,0.028028446863360094,0.05144649185240269,0.13215490616858006,,,,,,,,,,,,,,,,,,,,
stress_non_binding,C4,6053,1684,1680,70.0,99.7624703087886,0.1493340239503482,2.955273741193135,0.0012373701290771502,1.2121212121212088,0.0,98.7878787878788,0.4101007014381029,0.0,0,23940.0,24.99599999999957,3.8408333333333537,43.9637474822829,35.18158569267595,8.78216178960702,80.02408281244428,53.674763686473035,35.18158569267595,0.0,30.530380196029732,1.5,3,0.0,239,5.02092050209205,418,2394,nan,nan,0.0,0,0,0,0,2099,0.058026891434565187,0.027645017358058688,0.05205266643315554,0.20696897991001606,,,,,,,,,,,,,,,,,,,,
stress_non_binding,C4,6054,1818,1815,75.625,99.83498349834984,0.17073621607626302,2.5729515242095764,0.0003861383828496006,1.2953367875647714,0.0,98.70466321243524,0.3599650899668511,0.0,0,26150.0,27.045999999999466,4.150694444444467,48.61256761193357,38.863449250653055,9.749118361280557,79.94527168549051,53.54728177839139,38.863449250653055,0.0,33.75872750828714,1.5,3,0.0,329,3.64741641337386,528,2615,nan,nan,0.0,0,0,0,0,2240,0.06338289100676775,0.028295933485164175,0.05179052241146564,0.15404610894620419,,,,,,,,,,,,,,,,,,,,
stress_non_binding,C4,6055,1816,1814,75.58333333333333,99.8898678414097,0.2966673278298793,5.0568048400051335,0.008809330900060515,4.986149584487531,0.0,95.01385041551247,0.36285850097741296,4.7369515717340015e-17,0,24890.0,26.769999999999495,4.129027777777798,47.770939648131304,38.230343555193386,9.540596092937989,80.02845210244651,50.51893062729885,38.230343555193386,0.0,33.17426364453559,1.5,3,2.3684757858670006e-16,346,4.913294797687861,447,2489,nan,nan,0.0,0,0,0,0,2109,0.060425034957006574,0.028651036015650343,0.051670847460627556,0.19241799600422382,,,,,,,,,,,,,,,,,,,,
stress_non_binding,C4,6056,1753,1748,72.83333333333333,99.71477467199087,0.2122849750722813,3.8611377096818615,0.0030035048814088666,3.3333333333333326,0.0,96.66666666666667,0.3935408307763238,4.7369515717340015e-17,0,24170.0,25.86999999999953,3.9877777777777976,43.02530092052342,34.42304735863483,8.60225356188866,80.0065231902068,54.39541131474477,34.42304735863483,0.0,29.878681194807896,1.5,3,2.3684757858670006e-16,235,6.382978723404255,441,2417,nan,nan,0.0,0,0,0,0,2115,0.05688399635255337,0.026895506549670625,0.0504341209307313,0.23447605781257153,,,,,,,,,,,,,,,,,,,,
stress_non_binding,C5,6007,1826,1823,75.95833333333333,99.83570646221249,0.22517140175729752,3.736202237149458,0.0032327403161570706,2.5352112676056304,0.0,97.46478873239437,0.36612488282411365,0.0,0,22090.0,26.32999999999955,4.110972222222239,45.595042183319066,36.44727038523023,9.147771798088833,79.93691559422322,58.59987266253269,36.44727038523023,0.0,31.66322373841601,1.5,3,0.0,843,58.718861209964416,457,2209,nan,nan,28.208350715460256,2384,0,0,0,,,,,,2384,28.208350715460256,0.011832361877290375,0.008270180085673928,0.031049513537436717,0.10190640296787024,11.832361877290376,31.049513537436717,101.90640296787024,46.93791946308725,149.83976510067114,28.024328859060404,0.0,21.429110738255034,0,0,0,0.0,0.0,0.0
stress_non_binding,C5,6008,1781,1781,74.20833333333333,100.0,0.20964181389295994,3.3582011232145303,0.0022512972682264118,2.7932960893854775,0.0,97.20670391061452,0.38067233000035555,1.82017364143879e-14,0,21760.0,25.723999999999585,4.012638888888903,44.85796119987197,35.885367750417736,8.972593449454257,79.99776804506254,54.303964873154655,35.885367750417736,0.0,31.15136194435555,1.5,3,9.10086820719395e-14,854,61.7096018735363,493,2176,nan,nan,28.740892690839246,2437,0,0,0,,,,,,2437,28.740892690839246,0.011793554653606585,0.007905160076916218,0.03155211950652299,0.2353390499483794,11.793554653606584,31.55211950652299,235.3390499483794,46.6064833812064,149.75748871563397,28.085761181780878,0.0,21.380796060730408,0,0,0,0.0,0.0,0.0
stress_non_binding,C5,6009,1802,1797,74.875,99.72253052164261,0.22758454329631658,3.387608642517436,0.0028886518089828303,3.8363171355498715,0.0,96.16368286445012,0.37756895238072685,0.0,0,21780.0,25.97999999999956,4.056666666666683,43.8751771429383,35.10752097957385,8.767656163364508,80.0168187702107,55.02886490584448,35.10752097957385,0.0,30.4688730159294,1.5,3,0.0,878,57.51708428246014,453,2178,nan,nan,27.720666278153658,2443,0,0,0,,,,,,2443,27.720666278153658,0.011346977600554097,0.007774722995236516,0.031096456223167486,0.271852478152141,11.346977600554098,31.096456223167486,271.852478152141,47.49283667621776,150.6238231682358,28.21940237413017,0.0,21.676627097830536,0,0,0,0.0,0.0,0.0
stress_non_binding,C5,6010,1836,1832,76.33333333333333,99.78213507625271,0.20626739228782137,3.3744226695420365,0.0038842358836735187,3.3240997229916913,0.0,96.67590027700831,0.3659569328624241,4.7369515717340015e-17,0,22150.0,26.461999999999545,4.132638888888904,44.65550416952728,35.7039320139712,8.951572155556121,79.95415722645765,60.15302875911218,35.7039320139712,0.0,31.01076678439397,1.5,3,2.3684757858670006e-16,809,61.804697156983934,462,2215,nan,nan,28.975760844768956,2424,0,0,0,,,,,,2424,28.975760844768956,0.011953696718139008,0.007994258543476462,0.03299635666189714,0.14143715798854828,11.953696718139009,32.99635666189714,141.43715798854828,45.42079207920792,146.740099009901,27.33910891089109,0.0,21.353960396039604,0,0,0,0.0,0.0,0.0
stress_non_binding,C5,6011,1833,1832,76.33333333333333,99.94544462629568,0.2076179669785737,2.924064816833197,0.0029088102702376495,3.59281437125748,0.0,96.40718562874252,0.3644984148330873,4.7369515717340015e-17,0,22180.0,26.431999999999547,4.126805555555571,45.48057066008857,36.36265227679797,9.117918383290615,79.95205809655326,51.533110673288895,36.36265227679797,0.0,31.58372962506151,1.5,3,2.3684757858670006e-16,776,59.79381443298969,458,2218,nan,nan,29.112712798640132,2358,0,0,0,,,,,,2358,29.112712798640132,0.012346358269143399,0.007935569970868528,0.035646465618629025,0.19492267700843513,12.346358269143398,35.64646561862902,194.92267700843513,46.92111959287532,148.44953350296862,27.60178117048346,0.0,21.60008481764207,0,0,0,0.0,0.0,0.0
stress_non_binding,C5,6012,1800,1796,74.83333333333333,99.77777777777777,0.18457868042631728,3.298746699205185,0.0031536071128672387,2.7190332326283984,0.0,97.2809667673716,0.3751333021420677,0.0,0,22240.0,26.047999999999554,4.058888888888905,44.95201122885561,35.98670044298984,8.965310785865782,80.05581832540842,60.41990388604959,35.98670044298984,0.0,31.216674464483066,1.5,3,0.0,857,62.66044340723453,457,2224,nan,nan,26.345319810090587,2450,0,0,0,,,,,,2450,26.345319810090587,0.010753191759220647,0.007591703091748059,0.029051085235550986,0.17060382897034287,10.753191759220647,29.051085235550985,170.60382897034287,47.1,149.64,27.961224489795917,0.0,21.591428571428573,0,0,0,0.0,0.0,0.0
stress_non_binding,C5,6013,1817,1815,75.625,99.88992845349478,0.24387121244668114,5.071162833158451,0.011430683863226295,5.420054200542001,0.0,94.579945799458,0.3698199429233779,0.0,0,21430.0,26.089999999999574,4.08305555555557,45.16482054758395,36.118434289866066,9.046386257717892,79.97028185202916,50.22660820328748,36.118434289866066,0.0,31.364458713599973,1.5,3,0.0,819,59.70695970695971,451,2143,nan,nan,24.897101999493316,2355,0,0,0,,,,,,2355,24.897101999493316,0.010572017834179753,0.007760393200442195,0.029632643610238926,0.12830733903683722,10.572017834179752,29.632643610238926,128.30733903683722,47.27388535031847,150.62845010615712,28.171974522292995,0.0,21.628450106157114,0,0,0,0.0,0.0,0.0
stress_non_binding,C5,6014,1821,1816,75.66666666666667,99.72542559033498,0.20716759772947851,2.471099896177475,0.0016718746780716156,2.6881720430107503,0.0,97.31182795698925,0.3734386185203571,0.0,0,21400.0,26.13199999999956,4.090972222222238,43.46209733267142,34.78545660464116,8.676640728030304,80.03630459520453,55.22114304149937,34.78545660464116,0.0,30.182012036577397,1.5,3,0.0,805,64.472049689441,458,2140,nan,nan,28.948216889286414,2347,0,0,0,,,,,,2347,28.948216889286414,0.012334135871021053,0.00838521309196949,0.03372451870236543,0.17728414200246334,12.334135871021054,33.72451870236543,177.28414200246334,47.78653600340861,151.2104814657009,28.287175117170857,0.0,21.85811674478057,0,0,0,0.0,0.0,0.0
stress_non_binding,C5,6015,1745,1742,72.58333333333333,99.82808022922636,0.1594153503211596,3.298161087837798,0.0010594261979137063,1.4619883040935644,0.0,98.53801169590643,0.39259692200142315,0.0,0,21640.0,25.267999999999603,3.9359722222222366,44.16510807948761,35.33538798713685,8.829720092350803,80.0074754114511,52.80641391291289,35.33538798713685,0.0,30.670213944088644,1.5,3,0.0,922,65.6182212581345,438,2164,nan,nan,24.812970095314085,2508,0,0,0,,,,,,2508,24.812970095314085,0.009893528746137992,0.007507984526455402,0.024027733737602835,0.17902050213888288,9.893528746137992,24.027733737602837,179.02050213888288,47.97846889952153,152.1359649122807,28.60047846889952,0.0,21.607655502392344,0,0,0,0.0,0.0,0.0
stress_non_binding,C5,6016,1836,1829,76.20833333333333,99.61873638344227,0.20408882196565187,3.670225197590844,0.00397137089599251,3.3678756476683946,0.0,96.6321243523316,0.3639516332667016,2.3684757858670008e-17,0,22460.0,26.523999999999536,4.136944444444462,45.37741202398739,36.292602451314764,9.084809572672665,79.97944535076125,49.7367286998622,36.292602451314764,0.0,31.51209168332459,1.5,3,1.1842378929335003e-16,811,59.80271270036991,479,2246,nan,nan,29.695378561038524,2414,0,0,0,,,,,,2414,29.695378561038524,0.012301316719568568,0.007988182944245636,0.033339730231091345,0.18607633607462049,12.301316719568568,33.339730231091345,186.07633607462049,46.04391052195526,148.27796188898094,27.644987572493786,0.0,21.485915492957748,0,0,0,0.0,0.0,0.0
stress_non_binding,C5,6017,1810,1809,75.375,99.94475138121547,0.18525828062354413,3.406721018753592,0.0031105669916879158,3.4852546916890104,0.0,96.51474530831099,0.37709262961818035,7.105427357601002e-17,0,21550.0,26.029999999999564,4.070138888888904,43.24665333745504,34.60474970195193,8.641903635503144,80.0171736571844,56.48640999855999,34.60474970195193,0.0,30.032398151010465,1.5,3,3.552713678800501e-16,860,64.4186046511628,478,2155,nan,nan,27.500300304265693,2478,0,0,0,,,,,,2478,27.500300304265693,0.011097780590906253,0.00756310555152595,0.030008428462315367,0.1751977070234716,11.097780590906252,30.008428462315365,175.1977070234716,46.52542372881356,148.79580306698952,27.80266343825666,0.0,21.472558514931396,0,0,0,0.0,0.0,0.0
stress_non_binding,C5,6018,1850,1846,76.91666666666667,99.78378378378379,0.19885532721887847,3.3402373795717115,0.0028100737730452,2.209944751381221,0.0,97.79005524861878,0.3520665193913407,0.0,0,23650.0,26.92999999999951,4.182638888888906,48.25605301911732,38.605959848643025,9.650093170474312,80.00231563354079,51.5771343930862,38.605959848643025,0.0,33.511147929942595,1.5,3,0.0,781,55.953905249679906,503,2365,nan,nan,26.199134320952,2381,0,0,0,,,,,,2381,26.199134320952,0.01100341634647291,0.0076459660194814205,0.028963332995772362,0.5028690400067717,11.00341634647291,28.96333299577236,502.8690400067717,45.90088198236035,147.2179756404872,27.372952540949182,0.0,21.649307013859723,0,0,0,0.0,0.0,0.0
stress_non_binding,C5,6019,1819,1816,75.66666666666667,99.83507421660252,0.19738480119671806,2.4707768449140226,0.0008797527776528516,2.052785923753664,0.0,97.94721407624634,0.36554826932513973,6.205406558971541e-15,0,22250.0,26.277999999999555,4.098611111111127,46.502623042949686,37.18029207978851,9.322330963161196,79.95310725902257,53.32422292630724,37.18029207978851,0.0,32.293488224270625,1.5,3,3.1027032794857705e-14,795,50.56603773584906,448,2225,nan,nan,25.046313893049955,2379,0,0,0,,,,,,2379,25.046313893049955,0.010528084864670011,0.007897004950791597,0.026602026261389234,0.18041780986823142,10.528084864670012,26.602026261389234,180.41780986823142,46.488020176544765,148.57671290458177,27.730138713745273,0.0,21.44346364018495,0,0,0,0.0,0.0,0.0
stress_non_binding,C5,6020,1775,1770,73.75,99.71830985915493,0.21045537616683221,3.9836207828018813,0.003558262664940917,4.143646408839774,0.0,95.85635359116023,0.3801944163696783,7.638334409421077e-16,0,21970.0,25.69399999999958,4.003055555555571,45.63001010691579,36.50488770013501,9.12512240678081,80.00192771073317,52.84014181218674,36.50488770013501,0.0,31.687507018691534,1.5,3,3.819167204710538e-15,877,62.82782212086659,455,2197,nan,nan,25.09323663264513,2354,0,0,0,,,,,,2354,25.09323663264513,0.010659828645983489,0.007640440366230905,0.028232595429290085,0.18765190499834716,10.659828645983488,28.232595429290086,187.65190499834716,49.53695836873407,154.26380628717078,28.97408666100255,0.0,21.78717077315208,0,0,0,0.0,0.0,0.0
stress_non_binding,C5,6021,1811,1809,75.375,99.88956377691883,0.21531424513616398,4.968780094368655,0.006863292920451741,3.2835820895522394,0.0,96.71641791044776,0.3656631762530482,0.0,0,23040.0,26.339999999999538,4.092916666666684,47.26125654890262,37.816183261668044,9.445073287234614,80.01518796382089,54.37462256521788,37.816183261668044,0.0,32.820317047849066,1.5,3,0.0,820,50.97560975609756,500,2304,nan,nan,24.83214603853412,2422,0,0,0,,,,,,2422,24.83214603853412,0.010252744029122263,0.007474148413166404,0.027074074768461274,0.14058076008222997,10.252744029122264,27.074074768461273,140.58076008222997,46.57308009909166,148.5412881915772,27.739471511147812,0.0,21.384393063583815,0,0,0,0.0,0.0,0.0
stress_non_binding,C5,6022,1776,1773,73.875,99.83108108108108,0.18828631424131068,3.410896553565423,0.005771881385439486,4.518072289156628,0.0,95.48192771084338,0.38644133794463326,0.0,0,21280.0,25.567999999999593,3.9955555555555704,43.281118339932014,34.60907942914463,8.672038910787395,79.96345925565794,56.77884528271087,34.60907942914463,0.0,30.056332180508356,1.5,3,0.0,861,61.78861788617886,444,2128,nan,nan,28.58860564418137,2444,0,0,0,,,,,,2444,28.58860564418137,0.011697465484525929,0.008037485997192562,0.03191074023488909,0.20713350200094283,11.697465484525928,31.910740234889087,207.13350200094283,47.89075286415712,151.20703764320785,28.336743044189852,0.0,21.310147299509,0,0,0,0.0,0.0,0.0
stress_non_binding,C5,6023,1833,1832,76.33333333333333,99.94544462629568,0.18743271679354032,3.6107555215297906,0.003216730401748802,2.3809523809523836,0.0,97.61904761904762,0.3657521406025809,9.473903143468003e-17,0,22360.0,26.467999999999535,4.129305555555573,45.029229383070906,36.0391044304257,8.99012495264521,80.03491270933206,50.893629295626276,36.0391044304257,0.0,31.27029818268813,1.5,3,4.736951571734001e-16,779,59.306803594351734,463,2236,nan,nan,30.06594194495119,2430,0,0,0,,,,,,2430,30.06594194495119,0.012372815615206251,0.00818261958193034,0.033354754257015874,0.23442374682053924,12.372815615206251,33.35475425701588,234.42374682053924,45.72222222222222,145.72427983539094,27.067901234567902,0.0,21.115637860082305,0,0,0,0.0,0.0,0.0
stress_non_binding,C5,6024,1817,1813,75.54166666666667,99.77985690698954,0.1998487087756717,2.7884607683323943,0.0016620340837392486,2.2346368715083775,0.0,97.76536312849163,0.37144405063305264,0.0,0,22050.0,26.213999999999558,4.091666666666681,44.580141772101044,35.64660827921108,8.933533492889985,79.96073332705122,57.19261568243208,35.64660827921108,0.0,30.958431786181293,1.5,3,0.0,864,60.18518518518518,489,2205,nan,nan,28.453406940679997,2431,0,0,0,,,,,,2431,28.453406940679997,0.011704404335944055,0.008037247927859426,0.03084598749410361,0.17884178389795125,11.704404335944055,30.84598749410361,178.84178389795125,46.48704236939531,148.92842451665982,27.871246400658165,0.0,21.287535993418345,0,0,0,0.0,0.0,0.0
stress_non_binding,C5,6025,1777,1773,73.875,99.77490151941475,0.22679178689776863,3.4751017883002193,0.00346135087141876,2.452316076294281,0.0,97.54768392370572,0.3828849102839752,0.0,0,21070.0,25.537999999999595,3.9947222222222365,44.46143229776895,35.57017624940436,8.891256048364594,80.00231753935029,56.42620866099087,35.57017624940436,0.0,30.87599465122844,1.5,3,0.0,898,63.02895322939867,442,2107,nan,nan,27.8010087616276,2422,0,0,0,,,,,,2422,27.8010087616276,0.01147853375789744,0.007970168488100171,0.03005107112694531,0.15384090295992792,11.47853375789744,30.05107112694531,153.84090295992792,47.997522708505365,153.0532617671346,28.81090008257638,0.0,21.944260941370768,0,0,0,0.0,0.0,0.0
stress_non_binding,C5,6026,1818,1816,75.66666666666667,99.8899889988999,0.2229680320363604,3.6346983330511953,0.004507301201526086,3.458213256484155,0.0,96.54178674351584,0.3618578367742074,0.0,0,22940.0,26.40399999999954,4.106111111111128,47.931178761285295,38.35201354481031,9.57916521647503,80.01475143312724,50.59121384211044,38.35201354481031,0.0,33.28554080644815,1.5,3,0.0,836,54.30622009569378,474,2294,nan,nan,27.371015567798167,2411,0,0,0,,,,,,2411,27.371015567798167,0.011352557265781073,0.007656570989638567,0.03132673050276935,0.2808259988669306,11.352557265781073,31.32673050276935,280.8259988669306,45.982994608046454,148.4790543343011,27.76648693488179,0.0,21.407299875570303,0,0,0,0.0,0.0,0.0
stress_non_binding,C5,6027,1819,1814,75.58333333333333,99.72512369433755,0.22224248814721712,3.4395056855750834,0.005349035433761489,5.000000000000004,0.0,95.0,0.367819111204612,3.789561257387201e-16,0,21930.0,26.213999999999558,4.094166666666681,45.68511996633967,36.52130958700603,9.163810379333638,79.94136737282196,53.801642923728046,36.52130958700603,0.0,31.72577775440255,1.5,3,1.8947806286936005e-15,848,61.67452830188679,465,2193,nan,nan,29.407996060792357,2367,0,0,0,,,,,,2367,29.407996060792357,0.01242416394625786,0.00850796909071505,0.03651976115070282,0.18231012602336705,12.42416394625786,36.51976115070282,182.31012602336705,47.0659062103929,151.08998732572877,28.314321926489228,0.0,21.809885931558934,0,0,0,0.0,0.0,0.0
stress_non_binding,C5,6028,1834,1833,76.375,99.94547437295529,0.2048786249185689,2.730179782878933,0.002112281026158708,2.8490028490028463,0.0,97.15099715099716,0.36028466467952974,2.3684757858670008e-17,0,22570.0,26.521999999999537,4.134305555555572,46.89752071536928,37.51850379947693,9.379016915892365,80.00103891884703,51.723139683661735,37.51850379947693,0.0,32.567722719006454,1.5,3,1.1842378929335003e-16,789,55.0063371356147,429,2257,nan,nan,25.321250934619457,2382,0,0,0,,,,,,2382,25.321250934619457,0.010630248083383483,0.007681090501137078,0.030158153164666135,0.19775221799500287,10.630248083383483,30.158153164666135,197.75221799500287,46.10831234256927,146.96725440806046,27.37405541561713,0.0,20.97774979009236,0,0,0,0.0,0.0,0.0
stress_non_binding,C5,6029,1826,1824,76.0,99.89047097480832,0.21808196932210552,3.634929194609625,0.0022470577149409435,3.3766233766233777,0.0,96.62337662337663,0.3672762408105125,0.0,0,22000.0,26.311999999999557,4.109722222222237,45.18055330821545,36.12022567006099,9.060327638154519,79.94639955746852,55.04201451761769,36.12022567006099,0.0,31.37538424181632,1.5,3,0.0,843,61.20996441281139,478,2200,nan,nan,25.89681773027405,2408,0,0,0,,,,,,2408,25.89681773027405,0.010754492412904507,0.007781471009366214,0.026777704502455892,0.11633079592138529,10.754492412904506,26.777704502455894,116.33079592138529,46.25830564784053,149.23546511627907,27.919435215946844,0.0,21.58762458471761,0,0,0,0.0,0.0,0.0
stress_non_binding,C5,6030,1823,1819,75.79166666666667,99.7805814591333,0.19801408362134432,2.417010900315775,0.00038382681095859144,1.1560693641618491,0.0,98.84393063583815,0.36847982639805077,0.0,0,21430.0,26.16199999999956,4.0955555555555705,45.0472624967017,36.049569818304505,8.997692678397208,80.02610551738634,55.05965460401162,36.049569818304505,0.0,31.282821178265074,1.5,3,0.0,847,55.489964580873675,422,2143,nan,nan,26.616578120039776,2367,0,0,0,,,,,,2367,26.616578120039776,0.011244857676400412,0.007653617998585105,0.03063416345976289,0.1764484748709947,11.244857676400413,30.63416345976289,176.4484748709947,46.81242078580482,150.27376425855513,28.130544993662863,0.0,21.770595690747783,0,0,0,0.0,0.0,0.0
stress_non_binding,C5,6031,1814,1808,75.33333333333333,99.66923925027564,0.2606798764617419,3.3019656522854346,0.004032859088748734,4.594594594594592,0.0,95.4054054054054,0.3759722125530029,0.0,0,20960.0,25.95999999999957,4.070277777777791,43.25000348091893,34.62322151311013,8.626781967808839,80.05368491677748,54.09789026680405,34.62322151311013,0.0,30.034724639527056,1.5,3,0.0,841,59.80975029726516,431,2096,nan,nan,30.06429970706813,2354,0,0,0,,,,,,2354,30.06429970706813,0.012771580164429962,0.008333579055033624,0.03611922689015046,0.16304893302731216,12.771580164429961,36.11922689015046,163.04893302731216,48.00127442650807,151.90951571792692,28.48343245539507,0.0,21.68606627017842,0,0,0,0.0,0.0,0.0
stress_non_binding,C5,6032,1894,1891,78.79166666666667,99.8416050686378,0.22515694571383132,4.154530992022243,0.0048038879265048205,2.7932960893854775,0.0,97.20670391061452,0.34746919176715324,0.0,0,22630.0,27.2539999999995,4.260138888888905,45.511090963824806,36.41676232287426,9.094328640950565,80.0173354486727,62.85434789622575,36.41676232287426,0.0,31.60492428043391,1.5,3,0.0,726,59.22865013774105,476,2263,nan,nan,28.788542321883142,2393,0,0,0,,,,,,2393,28.788542321883142,0.012030314384405827,0.007864095969125628,0.033793376525864026,0.16989710787311196,12.030314384405827,33.793376525864026,169.89710787311196,44.02841621395738,143.6911826159632,26.59005432511492,0.0,21.35436690346845,0,0,0,0.0,0.0,0.0
stress_non_binding,C5,6033,1853,1847,76.95833333333333,99.67620075553157,0.24537300489834693,3.116152286957852,0.003070968437059341,4.0322580645161255,0.0,95.96774193548387,0.36537792158899024,0.0,0,21500.0,26.53599999999954,4.159027777777793,43.16394822796346,34.569425308777205,8.594522919186304,80.0886543700876,52.75781754569796,34.569425308777205,0.0,29.97496404719687,1.5,3,0.0,830,55.78313253012048,460,2150,nan,nan,29.12670856830664,2399,0,0,0,,,,,,2399,29.12670856830664,0.012141187398210355,0.008357854094356298,0.03193549322895703,0.20035427995026112,12.141187398210354,31.93549322895703,200.35427995026112,46.33805752396832,148.97665694039182,27.83659858274281,0.0,21.551062942892873,0,0,0,0.0,0.0,0.0
stress_non_binding,C5,6034,1714,1709,71.20833333333333,99.70828471411902,0.17485362457457115,2.553895564207869,0.001698219696040084,2.1739130434782594,0.0,97.82608695652173,0.4061162866854352,4.7369515717340015e-17,0,20450.0,24.65799999999964,3.8548611111111244,42.3981367932433,33.9170987695442,8.481038023699128,79.99667281357829,59.97742497371906,33.9170987695442,0.0,29.44315055086342,1.5,3,2.3684757858670006e-16,981,58.2059123343527,451,2045,nan,nan,26.27391941053793,2474,0,0,0,,,,,,2474,26.27391941053793,0.010620015929885986,0.007929453975521028,0.025650954002048816,0.32087978394702077,10.620015929885986,25.650954002048817,320.87978394702077,49.741309620048504,156.94139046079223,29.702910266774456,0.0,22.062247372675827,0,0,0,0.0,0.0,0.0
stress_non_binding,C5,6035,1768,1764,73.5,99.77375565610859,0.14797131529079544,2.9222472140107127,0.0011975850997875085,1.671309192200554,0.0,98.32869080779945,0.3863181509913055,9.473903143468003e-17,0,21860.0,25.58799999999958,3.9869444444444593,44.125465643130006,35.28039968662641,8.8450659565036,79.95473627850383,54.57499802940401,35.28039968662641,0.0,30.64268447439585,1.5,3,4.736951571734001e-16,892,65.47085201793722,467,2186,nan,nan,29.262388246832415,2526,0,0,0,,,,,,2526,29.262388246832415,0.01158447674063041,0.008168518077582121,0.03171345900045708,0.15540970000438392,11.584476740630409,31.713459000457078,155.40970000438392,47.10807600950119,150.00712589073635,28.1353919239905,0.0,21.450118764845605,0,0,0,0.0,0.0,0.0
stress_non_binding,C5,6036,1759,1755,73.125,99.77259806708358,0.18934305634285542,2.8190313625093646,0.002126503822940659,2.67379679144385,0.0,97.32620320855615,0.3822674180371557,0.0,0,22230.0,25.55399999999959,3.973333333333349,46.483729506623945,37.18000589917998,9.303723607443963,79.98498892796849,50.9619192879122,37.18000589917998,0.0,32.28036771293329,1.5,3,0.0,918,60.348583877995644,461,2223,nan,nan,24.591890743700787,2428,0,0,0,,,,,,2428,24.591890743700787,0.010128455825247441,0.00790582096669823,0.026240727503318354,0.13144025695510209,10.12845582524744,26.240727503318354,131.4402569551021,48.87355848434926,153.667215815486,28.912685337726526,0.0,21.74670510708402,0,0,0,0.0,0.0,0.0
stress_non_binding,C5,6037,1836,1835,76.45833333333333,99.94553376906318,0.19763272725364128,4.1637849423455915,0.00340381161506468,1.9553072625698276,0.0,98.04469273743017,0.36139371047020125,0.0,0,23230.0,26.677999999999525,4.147638888888908,46.29826423072757,37.023056467948464,9.275207762779088,79.96640280820017,51.97849981419365,37.023056467948464,0.0,32.15157238244969,1.5,3,0.0,767,56.714471968709255,495,2323,nan,nan,27.726571688661352,2400,0,0,0,,,,,,2400,27.726571688661352,0.011552738203608897,0.007683192612603307,0.030879449390340583,0.21870742389000952,11.552738203608897,30.879449390340582,218.70742389000952,46.5625,147.27833333333334,27.3625,0.0,21.335,0,0,0,0.0,0.0,0.0
stress_non_binding,C5,6038,1771,1770,73.75,99.94353472614343,0.19055100589277887,2.8672674105639695,0.004014797012257765,3.1609195402298895,0.0,96.83908045977012,0.3899229522763591,0.0,0,21110.0,25.47399999999959,3.982777777777793,42.52773718051068,34.026095597853256,8.501641582657452,80.00918424939502,66.19863100187983,34.026095597853256,0.0,29.533150819799104,1.5,3,0.0,868,63.0184331797235,449,2111,nan,nan,30.501558121759444,2480,0,0,0,,,,,,2480,30.501558121759444,0.012299015371677196,0.00800701160915196,0.035267059516627314,0.19508143491111696,12.299015371677196,35.26705951662731,195.08143491111696,47.921370967741936,151.57983870967743,28.433467741935484,0.0,21.51290322580645,0,0,0,0.0,0.0,0.0
stress_non_binding,C5,6039,1732,1731,72.125,99.94226327944573,0.1990060018238767,3.273551485916323,0.0019639469781374042,2.608695652173909,0.0,97.3913043478261,0.3869493277944747,2.3684757858670008e-17,0,22350.0,25.253999999999593,3.918750000000015,47.498241993989126,37.99142972518167,9.506812268807451,79.98491761019167,50.52322880674676,37.99142972518167,0.0,32.984890273603554,1.5,3,1.1842378929335003e-16,925,56.00000000000001,483,2235,nan,nan,24.55342770391144,2449,0,0,0,,,,,,2449,24.55342770391144,0.010025899429935255,0.007480514934286475,0.025372272776439764,0.1623913268558681,10.025899429935256,25.372272776439765,162.3913268558681,48.22784810126582,153.0330747243773,28.860759493670887,0.0,21.284197631686403,0,0,0,0.0,0.0,0.0
stress_non_binding,C5,6040,1840,1837,76.54166666666667,99.83695652173913,0.2555910691264176,5.2067866271806755,0.0027683029704201586,2.8795811518324554,0.0,97.12041884816755,0.35562158535197186,2.3684757858670008e-17,0,23070.0,26.693999999999505,4.153750000000018,47.97622927329009,38.35681633965045,9.619412933639664,79.94962697288285,50.97682894138477,38.35681633965045,0.0,33.316825884229246,1.5,3,1.1842378929335003e-16,817,53.12117503059975,470,2307,nan,nan,24.9236378504429,2379,0,0,0,,,,,,2379,24.9236378504429,0.010476518642472846,0.007702027913182974,0.026985696447081858,0.14005809393711388,10.476518642472847,26.985696447081857,140.05809393711388,46.084489281210594,148.51071878940732,27.780580075662044,0.0,21.41656158049601,0,0,0,0.0,0.0,0.0
stress_non_binding,C5,6041,1738,1737,72.375,99.94246260069045,0.16333484409683505,2.9094299620120485,0.0008122134691613394,2.0408163265306145,0.0,97.95918367346938,0.3942674543886594,9.473903143468003e-17,0,21690.0,25.1939999999996,3.9220833333333474,44.26371642008261,35.40886978964627,8.85484663043637,79.99524814771571,56.510343259216334,35.40886978964627,0.0,30.738691958390717,1.5,3,4.736951571734001e-16,923,63.705308775731304,460,2169,nan,nan,28.226013620616868,2498,0,0,0,,,,,,2498,28.226013620616868,0.011299445004250147,0.00779761397279799,0.029561273439321672,0.23019042215310037,11.299445004250147,29.56127343932167,230.19042215310037,47.93634907926341,152.07445956765412,28.6128903122498,0.0,21.45796637309848,0,0,0,0.0,0.0,0.0
stress_non_binding,C5,6042,1770,1764,73.5,99.66101694915255,0.18699532741328317,3.3032582505225947,0.004896665647569717,3.3057851239669422,0.0,96.69421487603306,0.3849533777122092,0.0,0,21800.0,25.599999999999575,3.990277777777793,44.41678402360465,35.51929125251306,8.897492771091596,79.96817426862073,54.802355694450746,35.51929125251306,0.0,30.84498890528101,1.5,3,0.0,902,56.09756097560976,489,2180,nan,nan,27.495376569917426,2424,0,0,0,,,,,,2424,27.495376569917426,0.011342977132804218,0.0077213270124047995,0.03118099113926291,0.12593037099577487,11.342977132804219,31.180991139262908,125.93037099577487,48.85519801980198,153.39727722772278,28.830445544554454,0.0,21.668316831683168,0,0,0,0.0,0.0,0.0
stress_non_binding,C5,6043,1799,1795,74.79166666666667,99.77765425236242,0.22510133018522177,3.0595518115799982,0.0024035306280093863,3.7940379403794022,0.0,96.2059620596206,0.3676076693275809,4.7369515717340015e-17,0,23000.0,26.187999999999544,4.067361111111129,47.761239042070876,38.18671377314514,9.574525268925765,79.95335661101267,52.342994733636715,38.18671377314514,0.0,33.16752711254924,1.5,3,2.3684757858670006e-16,827,54.53446191051995,474,2300,nan,nan,22.34856829396449,2419,0,0,0,,,,,,2419,22.34856829396449,0.009238763246781518,0.007338900119066238,0.025691326451487813,0.13653964106924832,9.238763246781518,25.691326451487814,136.53964106924832,46.60603555188094,149.99545266639106,28.145928069450186,0.0,21.42166184373708,0,0,0,0.0,0.0,0.0
stress_non_binding,C5,6044,1839,1837,76.54166666666667,99.89124524197933,0.23154172058272374,3.458201177465192,0.0034573929071837345,3.9772727272727293,0.0,96.02272727272727,0.36124737089511677,9.473903143468003e-17,0,22670.0,26.60199999999954,4.146111111111127,46.05094647775795,36.83034480954229,9.220601668215677,79.97738944916345,52.04641536833805,36.83034480954229,0.0,31.97982394288747,1.5,3,4.736951571734001e-16,825,53.696969696969695,450,2267,nan,nan,28.463229352142662,2398,0,0,0,,,,,,2398,28.463229352142662,0.011869570205230467,0.008285476942546666,0.03397961290320383,0.3773642049636692,11.869570205230467,33.97961290320383,377.3642049636692,46.21976647206005,148.32402001668058,27.666805671392826,0.0,21.59716430358632,0,0,0,0.0,0.0,0.0
stress_non_binding,C5,6045,1761,1754,73.08333333333333,99.60249858035208,0.1403290039586398,2.558490732743424,0.0004610664927735998,1.1904761904761862,0.0,98.80952380952381,0.3894429928534298,0.0,0,21310.0,25.39399999999959,3.964722222222237,43.70052257276524,34.948322885673264,8.752199687092006,79.97232259060796,52.61953333340613,34.948322885673264,0.0,30.347585119975882,1.5,3,0.0,891,63.74859708193041,445,2131,nan,nan,28.892307937610894,2514,0,0,0,,,,,,2514,28.892307937610894,0.011492564812096616,0.007917069597169757,0.028693273779936104,0.3558278731070459,11.492564812096616,28.693273779936103,355.8278731070459,46.82577565632458,149.95226730310262,28.09069212410501,0.0,21.478520286396183,0,0,0,0.0,0.0,0.0
stress_non_binding,C5,6046,1732,1728,72.0,99.76905311778292,0.18835297667736015,2.8445475640350804,0.0031964357395409472,4.437869822485208,0.0,95.56213017751479,0.40647196623923626,0.0,0,20170.0,24.81799999999962,3.8884722222222377,40.47009215387494,32.37698311641613,8.093109037458838,80.00224707498248,66.7424062573514,32.37698311641613,0.0,28.10423066241317,1.5,3,0.0,914,68.8183807439825,400,2017,nan,nan,28.345420559169725,2474,0,0,0,,,,,,2474,28.345420559169725,0.011457324397400858,0.008103414089418948,0.03076542617054656,0.15120740397833288,11.457324397400859,30.76542617054656,151.20740397833288,49.383589329021824,153.71422797089733,28.93290218270008,0.0,21.284155214227972,0,0,0,0.0,0.0,0.0
stress_non_binding,C5,6047,1716,1715,71.45833333333333,99.94172494172494,0.1914155286229241,3.9131948484244274,0.003407680975037014,2.228412256267409,0.0,97.7715877437326,0.4080859160064799,9.473903143468003e-17,0,19930.0,24.577999999999633,3.8518055555555684,41.48907023766725,33.1989554733967,8.290114764270587,80.01855737720513,62.93533298903375,33.1989554733967,0.0,28.81185433171339,1.5,3,4.736951571734001e-16,921,66.66666666666666,394,1993,nan,nan,26.717512916773558,2417,0,0,0,,,,,,2417,26.717512916773558,0.011053997896886039,0.0076054062228649855,0.030112339090555898,0.17429426102899015,11.053997896886038,30.1123390905559,174.29426102899015,49.95862639635912,156.08853951179148,29.466280513032686,0.0,21.76748034753827,0,0,0,0.0,0.0,0.0
stress_non_binding,C5,6048,1772,1767,73.625,99.7178329571106,0.1579063416567808,2.839853670071595,0.0006488599368175131,0.8498583569405138,0.0,99.15014164305948,0.383681949156357,4.7369515717340015e-17,0,22040.0,25.671999999999567,3.9977777777777934,44.67449830371145,35.714119089111776,8.960379214599692,79.94296622273367,57.06073600099829,35.714119089111776,0.0,31.02395715535519,1.5,3,2.3684757858670006e-16,847,58.32349468713105,421,2204,nan,nan,29.149848367320374,2538,0,0,0,,,,,,2538,29.149848367320374,0.011485361846855939,0.008270367165096104,0.029972756211645902,0.17649536905810237,11.48536184685594,29.9727562116459,176.49536905810237,46.11702127659574,147.13081166272656,27.5,0.0,20.955476753349092,0,0,0,0.0,0.0,0.0
stress_non_binding,C5,6049,1777,1774,73.91666666666667,99.83117613956107,0.2538545378370081,3.671386784063543,0.00591697440270823,4.444444444444439,0.0,95.55555555555556,0.3807895117826907,0.0,0,22030.0,25.72999999999957,4.008055555555573,45.21577575823132,36.17667966396896,9.039096094262378,80.00897708225911,48.656379059057485,36.17667966396896,0.0,31.399844276549544,1.5,3,0.0,865,57.91907514450867,453,2203,nan,nan,28.33630525856279,2431,0,0,0,,,,,,2431,28.33630525856279,0.011656234166418259,0.00834446307271719,0.03135640453547239,0.18009246909059584,11.656234166418258,31.356404535472393,180.09246909059584,48.04195804195804,151.54422048539695,28.445084327437268,0.0,21.402303578774166,0,0,0,0.0,0.0,0.0
stress_non_binding,C5,6050,1768,1765,73.54166666666667,99.83031674208145,0.14777965564386292,2.862594669724422,0.0007122256762681248,1.4792899408283988,0.0,98.5207100591716,0.3883373876237243,6.1106675275368615e-15,0,22120.0,25.639999999999567,3.9905555555555723,43.39854045545922,34.726478550892445,8.672061904566823,80.01761853381433,61.82516094920728,34.726478550892445,0.0,30.137875316291158,1.5,3,3.0553337637684307e-14,908,61.45374449339207,482,2212,nan,nan,30.64641890884377,2578,0,0,0,,,,,,2578,30.64641890884377,0.011887672191172913,0.008098905556835234,0.03051226561656222,0.15316100395284593,11.887672191172912,30.51226561656222,153.16100395284593,46.140418929402635,149.04499612102404,27.928626842513577,0.0,21.443366951124904,0,0,0,0.0,0.0,0.0
stress_non_binding,C5,6051,1671,1670,69.58333333333333,99.94015559545183,0.13805030316160705,2.1125558821970722,0.0008359066059277429,1.1235955056179803,0.0,98.87640449438202,0.4164338557762046,0.0,0,21030.0,24.257999999999644,3.7733333333333468,42.98381192056631,34.38596355543841,8.597848365127946,79.99747351161724,53.023345723283,34.38596355543841,0.0,29.849869389282187,1.5,3,0.0,977,63.66427840327533,418,2103,nan,nan,25.057467333972454,2474,0,0,0,,,,,,2474,25.057467333972454,0.010128321476949254,0.007509368006139994,0.026840786857064796,0.1324943071231246,10.128321476949253,26.840786857064796,132.4943071231246,51.19037995149555,158.94179466451092,30.15157639450283,0.0,21.78819725141471,0,0,0,0.0,0.0,0.0
stress_non_binding,C5,6052,1844,1843,76.79166666666667,99.94577006507592,0.2560183680922119,5.269182559012067,0.00811491004536561,3.9215686274509776,0.0,96.07843137254902,0.3634614448907799,0.0,0,21890.0,26.505999999999545,4.145694444444461,44.75387983931922,35.78903381308269,8.96484602623653,79.96856125452541,51.72446944236213,35.78903381308269,0.0,31.079083221749464,1.5,3,0.0,827,62.27327690447401,495,2189,nan,nan,28.35550600499846,2350,0,0,0,,,,,,2350,28.35550600499846,0.012066172768084452,0.008177063544280827,0.031563491316046514,0.15958858700469136,12.066172768084453,31.563491316046516,159.58858700469136,46.40425531914894,149.71021276595744,28.014893617021276,0.0,21.72255319148936,0,0,0,0.0,0.0,0.0
stress_non_binding,C5,6053,1684,1680,70.0,99.7624703087886,0.14973788571743793,2.955273741193135,0.0012373701290771502,1.2121212121212088,0.0,98.7878787878788,0.41265426722734483,4.7369515717340015e-17,0,20910.0,24.38999999999963,3.798750000000014,43.04446379815582,34.42633482700049,8.618128971155365,79.97854262613777,53.07373885598617,34.42633482700049,0.0,29.891988748719335,1.5,3,2.3684757858670006e-16,993,64.95468277945619,447,2091,nan,nan,26.858130816137418,2465,0,0,0,,,,,,2465,26.858130816137418,0.010895793434538507,0.007923580938950181,0.028542875126004164,0.14679610799066722,10.895793434538506,28.542875126004166,146.79610799066722,51.14604462474645,159.44584178498985,30.261663286004058,0.0,22.113590263691684,0,0,0,0.0,0.0,0.0
stress_non_binding,C5,6054,1818,1815,75.625,99.83498349834984,0.17021254154888282,2.5729515242095764,0.0003861383828496006,1.2953367875647714,0.0,98.70466321243524,0.3627754748797103,4.7369515717340015e-17,0,23000.0,26.41599999999954,4.10694444444446,47.6008290433043,38.09529147016757,9.505537573136738,80.03073105199663,51.61140588982727,38.09529147016757,0.0,33.056131280072435,1.5,3,2.3684757858670006e-16,786,56.234096692111954,495,2300,nan,nan,27.757212328957394,2415,0,0,0,,,,,,2415,27.757212328957394,0.011493669701431633,0.007856631884351373,0.030050263949669843,0.18615027610212564,11.493669701431633,30.050263949669844,186.15027610212564,46.22981366459627,147.97267080745343,27.596273291925467,0.0,21.220289855072465,0,0,0,0.0,0.0,0.0
stress_non_binding,C5,6055,1816,1814,75.58333333333333,99.8898678414097,0.29695157005914896,5.0568048400051335,0.008809330900060515,4.986149584487531,0.0,95.01385041551247,0.36537540137579205,1.8947806286936006e-16,0,21980.0,26.187999999999562,4.088611111111125,46.864855504714846,37.50122370528002,9.36363179943483,80.01992815598717,50.51893062729885,37.50122370528002,0.0,32.545038544940866,1.5,3,9.473903143468002e-16,808,53.34158415841584,432,2198,nan,nan,26.69599419296719,2319,0,0,0,,,,,,2319,26.69599419296719,0.011511856055613277,0.007745126960799098,0.03085633893497288,0.16696120612323284,11.511856055613277,30.856338934972882,166.96120612323284,47.690815006468306,150.90254420008625,28.247089262613194,0.0,21.458387235877534,0,0,0,0.0,0.0,0.0
stress_non_binding,C5,6056,1753,1748,72.83333333333333,99.71477467199087,0.21327868211073203,3.8611377096818615,0.0030623049525078895,3.3333333333333326,0.0,96.66666666666667,0.396705167306586,4.7369515717340015e-17,0,20700.0,25.175999999999608,3.9395833333333474,41.886139769628976,33.524927828332004,8.361211941297018,80.03823702235849,53.11436355482416,33.524927828332004,0.0,29.087597062242367,1.5,3,2.3684757858670006e-16,943,65.7476139978791,445,2070,nan,nan,28.984945472097024,2455,0,0,0,,,,,,2455,28.984945472097024,0.01180649510065052,0.00787386205047369,0.031011916603893002,0.14885617000982165,11.806495100650519,31.011916603893003,148.85617000982165,48.867617107942976,155.0745417515275,29.279022403258654,0.0,21.834215885947046,0,0,0,0.0,0.0,0.0
stress_strongly_constrained,C1,6007,2558,1740,72.5,68.02189210320563,319.9794785917329,830.0509586387369,317.04359731957675,96.33401221995926,87.51814223512336,3.6659877800407332,0.3767198404305744,581.969038017572,0,410.0,77.14200000000002,8.554583333333342,103.20937191198914,82.65136576821632,20.558006143772822,80.08126029358704,29.339282477185115,0.0,82.65136576821632,143.34634987776266,0,0,4655.752304140575,0,0,0,41,0.3,0.7,0.0,0,0,0,0,,,,,,,,,,,,,,,,,,,,,,,,,
stress_strongly_constrained,C1,6008,2508,1773,73.875,70.69377990430623,280.82027862088927,768.8718812341547,277.91925236752877,95.33468559837728,87.09677419354838,4.665314401622718,0.3889188706227016,558.7791696443718,0,400.0,75.07600000000001,8.348611111111122,101.18273052132389,80.8591832627712,20.32354725855268,79.91401580700614,29.137222222222192,0.0,80.8591832627712,140.5315701685054,0,0,4470.233357154973,0,0,0,40,0.3,0.7,0.0,0,0,0,0,,,,,,,,,,,,,,,,,,,,,,,,,
stress_strongly_constrained,C1,6009,2503,1833,76.375,73.2321214542549,240.33948033271824,695.7785847804431,237.31833528385744,98.28571428571429,91.70879676440849,1.7142857142857144,0.3948922547739088,508.80373800090445,0,390.0,75.452,8.368472222222232,98.24206125022852,78.71642295081824,19.525638299410254,80.12497086184167,29.18722222222217,0.0,78.71642295081824,136.44730729198403,0,0,4070.4299040072356,0,0,0,39,0.3,0.7,0.0,0,0,0,0,,,,,,,,,,,,,,,,,,,,,,,,,
stress_strongly_constrained,C1,6010,2570,1788,74.5,69.57198443579766,297.9109149514691,792.4457078042499,294.99673695823435,95.47244094488188,87.24539282250242,4.52755905511811,0.37930558259161606,564.1640786036436,0,400.0,76.688,8.538055555555564,100.51998442722915,80.73972554387787,19.780258883351266,80.3220633229693,29.20499999999997,0.0,80.73972554387787,139.61108948226268,0,0,4513.312628829148,0,0,0,40,0.3,0.7,0.0,0,0,0,0,,,,,,,,,,,,,,,,,,,,,,,,,
stress_strongly_constrained,C1,6011,2552,1774,73.91666666666667,69.5141065830721,298.4869192724487,787.2648706749458,295.6127455460594,96.10655737704919,84.06007751937985,3.8934426229508197,0.3824356709946556,550.664521037954,0,400.0,76.27199999999999,8.486666666666677,100.5170535070784,80.71687339310232,19.800180113976083,80.30167078805015,29.205,0.0,80.71687339310232,139.60701875983113,0,0,4405.316168303633,0,0,0,40,0.3,0.7,0.0,0,0,0,0,,,,,,,,,,,,,,,,,,,,,,,,,
stress_strongly_constrained,C1,6012,2457,1761,73.375,71.67277167277167,266.73464081851375,740.2568832928463,263.90025708981017,96.0,83.90514631685167,4.0,0.4026748836424629,549.3335473176948,0,390.0,73.41599999999998,8.169583333333344,98.35926702194139,78.6317598006275,19.727507221313857,79.94341782059723,29.222777777777747,0.0,78.6317598006275,136.61009308602968,0,0,4394.66837854156,0,0,0,39,0.3,0.7,0.0,0,0,0,0,,,,,,,,,,,,,,,,,,,,,,,,,
stress_strongly_constrained,C1,6013,2552,1790,74.58333333333333,70.141065830721,294.0788591779026,786.8187241181562,291.09041363442327,98.86792452830188,90.60336300692384,1.1320754716981132,0.37759779938056237,562.6172737083218,0,410.0,76.59,8.508750000000013,103.30366755679606,82.73962226999399,20.56404528680207,80.09359611990928,29.16944444444442,0.0,82.73962226999399,143.47731605110562,0,0,4500.9381896665745,0,0,0,41,0.3,0.7,0.0,0,0,0,0,,,,,,,,,,,,,,,,,,,,,,,,,
stress_strongly_constrained,C1,6014,2608,1770,73.75,67.8680981595092,303.6696106655293,840.1028300079294,300.86119556799696,95.09981851179673,86.92270296548371,4.900181488203267,0.3668344625224428,572.8261332466476,0,410.0,78.13400000000003,8.685972222222228,103.90334958707294,82.71060177964992,21.192747807423025,79.60340268947431,29.151666666666664,0.0,82.71060177964992,144.3102077598235,0,0,4582.60906597318,0,0,0,41,0.3,0.7,0.0,0,0,0,0,,,,,,,,,,,,,,,,,,,,,,,,,
stress_strongly_constrained,C1,6015,2469,1741,72.54166666666667,70.514378290806,278.38636740553824,755.5331793493332,275.48006230043444,96.74134419551935,88.422649140546,3.2586558044806515,0.3963672198548646,568.2235567479222,0,400.0,74.25399999999999,8.242777777777789,100.79248136359796,80.76862929066198,20.023852072935988,80.1335855591231,29.204999999999963,0.0,80.76862929066198,139.98955744944163,0,0,4545.788453983377,0,0,0,40,0.3,0.7,0.0,0,0,0,0,,,,,,,,,,,,,,,,,,,,,,,,,
stress_strongly_constrained,C1,6016,2574,1782,74.25,69.23076923076923,303.4864345931973,803.1368528377461,300.6482551849451,95.35315985130111,87.77013752455795,4.646840148698884,0.37341700660899735,555.993907948622,0,410.0,77.09400000000002,8.57125000000001,103.51180419321754,82.75180773407045,20.759996459147093,79.94431976048259,29.134558679867233,0.0,82.75180773407045,143.76639471280214,0,0,4447.951263588976,0,0,0,41,0.3,0.7,0.0,0,0,0,0,,,,,,,,,,,,,,,,,,,,,,,,,
stress_strongly_constrained,C1,6017,2471,1786,74.41666666666667,72.27842978551195,271.71427925362764,746.7995570332911,268.899139203388,97.24950884086444,83.53720693170234,2.75049115913556,0.4000912329286962,559.050403750769,0,390.0,74.83200000000001,8.285416666666677,98.44744983307096,78.72799072804008,19.71945910503089,79.96955823795588,29.290555555555525,0.0,78.72799072804008,136.7325692125986,0,0,4472.403230006153,0,0,0,39,0.3,0.7,0.0,0,0,0,0,,,,,,,,,,,,,,,,,,,,,,,,,
stress_strongly_constrained,C1,6018,2557,1739,72.45833333333333,68.00938599921783,336.88988848878466,837.8056615096684,333.92281189174554,97.55102040816327,87.80841799709724,2.4489795918367347,0.37209980051299407,600.9054319229975,0,420.0,76.706,8.523055555555564,105.97051490451543,84.74290469783926,21.22761020667619,79.96838061435932,29.187222222222186,0.0,84.74290469783926,147.18127070071588,0,0,4807.24345538398,0,0,0,42,0.3,0.7,0.0,0,0,0,0,,,,,,,,,,,,,,,,,,,,,,,,,
stress_strongly_constrained,C1,6019,2565,1796,74.83333333333333,70.01949317738791,289.0616555320406,801.6094179500448,286.07387207334637,97.27463312368972,88.60153256704982,2.7253668763102725,0.3753243223422549,565.9414016753702,0,410.0,77.11600000000003,8.561527777777787,103.3131903308612,82.83346121201949,20.479729118841703,80.17704317013612,29.18722222222222,0.0,82.83346121201949,143.49054212619606,0,0,4527.531213402961,0,0,0,41,0.3,0.7,0.0,0,0,0,0,,,,,,,,,,,,,,,,,,,,,,,,,
stress_strongly_constrained,C1,6020,2482,1761,73.375,70.9508460918614,278.3558685116115,747.5302775700023,275.4483885992091,97.28155339805825,88.7646161667514,2.7184466019417477,0.39412330587714905,558.7740108501195,0,400.0,74.04400000000001,8.244444444444454,100.78497581476213,80.81827716961479,19.966698645147357,80.1888143706606,29.21702643337764,0.0,80.81827716961479,139.97913307605853,0,0,4470.192086800956,0,0,0,40,0.3,0.7,0.0,0,0,0,0,,,,,,,,,,,,,,,,,,,,,,,,,
stress_strongly_constrained,C1,6021,2514,1763,73.45833333333333,70.12728719172632,296.2473334307735,770.6920013130162,293.29793210866563,97.86324786324786,86.85239491691105,2.1367521367521367,0.38802271470854843,568.6793674533019,0,400.0,75.732,8.401666666666676,101.0989163278761,80.71825101766436,20.380665310211725,79.84086669721093,29.172777777777743,0.0,80.71825101766436,140.41516156649456,0,0,4549.434939626414,0,0,0,40,0.3,0.7,0.0,0,0,0,0,,,,,,,,,,,,,,,,,,,,,,,,,
stress_strongly_constrained,C1,6022,2526,1739,72.45833333333333,68.84402216943785,304.91764051988383,809.6111671739217,302.0803811856881,95.9266802443992,85.995085995086,4.0733197556008145,0.3859230539125126,574.1549167262757,0,400.0,76.14000000000001,8.445000000000011,101.10832094639277,80.72909725841097,20.379223687981774,79.84416762415947,29.187222222222182,0.0,80.72909725841097,140.42822353665662,0,0,4593.2393338102065,0,0,0,40,0.3,0.7,0.0,0,0,0,0,,,,,,,,,,,,,,,,,,,,,,,,,
stress_strongly_constrained,C1,6023,2531,1766,73.58333333333333,69.77479257210588,297.2491873015302,785.7367726475703,294.47238170148285,95.96928982725528,85.02487562189054,4.030710172744722,0.38498736081776264,548.1998438955454,0,400.0,76.23400000000005,8.457777777777785,101.14728016896873,80.83809748433956,20.309182684629178,79.92117766221469,29.14598430553545,0.0,80.83809748433956,140.4823335680122,0,0,4385.598751164364,0,0,0,40,0.3,0.7,0.0,0,0,0,0,,,,,,,,,,,,,,,,,,,,,,,,,
stress_strongly_constrained,C1,6024,2521,1789,74.54166666666667,70.96390321301071,278.008655452516,744.69616964254,275.04569461793426,97.34151329243353,87.5492125984252,2.658486707566462,0.3915164875646124,543.0711288883857,0,390.0,75.97200000000001,8.427083333333343,98.38650316278327,78.62911973321597,19.75738342956729,79.91860387915388,29.290555555555546,0.0,78.62911973321597,136.6479210594213,0,0,4344.569031107086,0,0,0,39,0.3,0.7,0.0,0,0,0,0,,,,,,,,,,,,,,,,,,,,,,,,,
stress_strongly_constrained,C1,6025,2474,1751,72.95833333333333,70.7760711398545,279.4103528790582,758.792461124738,276.5542502959934,95.18072289156626,86.89271255060729,4.819277108433735,0.39538606826149963,558.3328675580525,0,400.0,74.46400000000001,8.263611111111121,100.85762468137621,80.77159362277855,20.086031058597644,80.08476689585709,29.222777777777747,0.0,80.77159362277855,140.0800342796892,0,0,4466.662940464419,0,0,0,40,0.3,0.7,0.0,0,0,0,0,,,,,,,,,,,,,,,,,,,,,,,,,
stress_strongly_constrained,C1,6026,2575,1782,74.25,69.20388349514563,304.658419310621,821.8136057287234,301.58584664397216,97.51552795031056,92.49521988527725,2.484472049689441,0.37271079361238046,571.7324134652928,0,410.0,77.26400000000001,8.584305555555565,103.81858287926887,82.76806265723587,21.050520222032997,79.72374536597869,29.154999999999976,0.0,82.76806265723587,144.19247622120676,0,0,4573.859307722343,0,0,0,41,0.3,0.7,0.0,0,0,0,0,,,,,,,,,,,,,,,,,,,,,,,,,
stress_strongly_constrained,C1,6027,2543,1780,74.16666666666667,69.99606763664963,286.371965574645,777.7508403259916,283.4328928051696,97.30848861283644,85.92233009708738,2.691511387163561,0.3830506396087889,555.9167986843718,0,400.0,76.554,8.49500000000001,101.06283158533762,80.72905910296986,20.333772482367763,79.88006850451454,29.204999999999977,0.0,80.72905910296986,140.3650438685245,0,0,4447.334389474973,0,0,0,40,0.3,0.7,0.0,0,0,0,0,,,,,,,,,,,,,,,,,,,,,,,,,
stress_strongly_constrained,C1,6028,2530,1768,73.66666666666667,69.88142292490119,301.64742037228194,795.423514211084,298.5631040530284,98.57433808553971,94.21284943599804,1.4256619144602851,0.3811290226609523,576.3776879657055,0,410.0,76.762,8.493194444444457,103.4696829472915,82.86407726317336,20.60560568411814,80.08536887600705,29.237222222222215,0.0,82.86407726317336,143.7078929823493,0,0,4611.021503725644,0,0,0,41,0.3,0.7,0.0,0,0,0,0,,,,,,,,,,,,,,,,,,,,,,,,,
stress_strongly_constrained,C1,6029,2483,1780,74.16666666666667,71.68747482883609,269.8628026387478,729.1212101024515,267.071530091464,95.37223340040242,85.2970795568983,4.627766599597585,0.398524589473883,525.7554863873113,0,390.0,74.884,8.304027777777788,98.14983646304339,78.77143137354373,19.378405089499648,80.2563042509029,29.13722222222221,0.0,78.77143137354373,136.3192173097825,0,0,4206.04389109849,0,0,0,39,0.3,0.7,0.0,0,0,0,0,,,,,,,,,,,,,,,,,,,,,,,,,
stress_strongly_constrained,C1,6030,2534,1798,74.91666666666667,70.95501183898973,283.63455623861546,767.7954768260347,280.74718494323605,96.61354581673307,87.5492125984252,3.386454183266932,0.38475222615246457,548.0863630988555,0,400.0,76.08000000000001,8.450833333333344,100.98271773618042,80.77341874852979,20.209298987650627,79.98736868971197,29.137222222222185,0.0,80.77341874852979,140.25377463358393,0,0,4384.690904790845,0,0,0,40,0.3,0.7,0.0,0,0,0,0,,,,,,,,,,,,,,,,,,,,,,,,,
stress_strongly_constrained,C1,6031,2490,1790,74.58333333333333,71.8875502008032,260.5017627767893,738.3830545348062,257.77836536493436,94.58413926499033,82.81804358844398,5.415860735009671,0.39703228538578317,518.3624374665075,0,390.0,75.186,8.33375000000001,98.30940361778889,78.71443943791208,19.59496417987679,80.06806728676854,29.187222222222196,0.0,78.71443943791208,136.54083835804013,0,0,4146.89949973206,0,0,0,39,0.3,0.7,0.0,0,0,0,0,,,,,,,,,,,,,,,,,,,,,,,,,
stress_strongly_constrained,C1,6032,2579,1803,75.125,69.91081814656843,296.6937077296179,804.2852755447243,293.7794863068278,96.09053497942386,86.0965121834687,3.909465020576132,0.372986476311852,553.5319990492843,0,410.0,77.48800000000006,8.604861111111122,103.25978964437323,82.79023428403787,20.46955536033539,80.1766443348059,29.13722222222221,0.0,82.79023428403787,143.41637450607396,0,0,4428.2559923942745,0,0,0,41,0.3,0.7,0.0,0,0,0,0,,,,,,,,,,,,,,,,,,,,,,,,,
stress_strongly_constrained,C1,6033,2589,1815,75.625,70.10428736964079,280.4060833644815,804.8462719599563,277.52487681848146,97.34848484848484,87.77292576419214,2.6515151515151514,0.3707021742288402,552.460179425492,0,410.0,77.73600000000002,8.634583333333344,103.57554764418803,82.85734964737605,20.718197996811984,79.99701814951055,29.15166666666666,0.0,82.85734964737605,143.8549272835945,0,0,4419.681435403936,0,0,0,41,0.3,0.7,0.0,0,0,0,0,,,,,,,,,,,,,,,,,,,,,,,,,
stress_strongly_constrained,C1,6034,2456,1763,73.45833333333333,71.78338762214985,255.16528165513662,730.4586414648809,252.32745544654045,93.80341880341881,84.80885311871226,6.196581196581197,0.4029389610032428,540.0502264186158,0,390.0,73.678,8.18652777777779,98.30715846213214,78.8246534100431,19.482505052089024,80.18200774301324,29.187222222222193,0.0,78.8246534100431,136.5377200862946,0,0,4320.4018113489265,0,0,0,39,0.3,0.7,0.0,0,0,0,0,,,,,,,,,,,,,,,,,,,,,,,,,
stress_strongly_constrained,C1,6035,2446,1756,73.16666666666667,71.79067865903515,275.7073991242818,723.1526349472983,272.8918252092914,95.1219512195122,85.87512794268169,4.878048780487805,0.40496079910560734,545.7588719985868,0,390.0,73.326,8.149583333333348,98.14257971517017,78.77412041021377,19.36845930495642,80.26497840064157,29.240555555555538,0.0,78.77412041021377,136.30913849329193,0,0,4366.070975988693,0,0,0,39,0.3,0.7,0.0,0,0,0,0,,,,,,,,,,,,,,,,,,,,,,,,,
stress_strongly_constrained,C1,6036,2491,1780,74.16666666666667,71.45724608590928,262.83621409272865,733.993390245075,259.936444223714,96.93486590038314,88.77602844083292,3.065134099616858,0.39253695895454066,540.8869250484481,0,400.0,74.686,8.300277777777788,100.7987116421846,80.637713622034,20.16099802015061,79.99875425817133,29.292817109169984,0.0,80.637713622034,139.99821061414528,0,0,4327.095400387585,0,0,0,40,0.3,0.7,0.0,0,0,0,0,,,,,,,,,,,,,,,,,,,,,,,,,
stress_strongly_constrained,C1,6037,2582,1815,75.625,70.29434546862898,282.36619044364693,791.3391852611708,279.4350365917321,94.63220675944333,87.54208754208754,5.36779324055666,0.37173692713481943,550.8154345695658,0,410.0,77.39800000000004,8.60236111111112,103.679529970344,82.81558721799871,20.8639427523453,79.87650719644165,29.154999999999948,0.0,82.81558721799871,143.99934718103336,0,0,4406.523476556526,0,0,0,41,0.3,0.7,0.0,0,0,0,0,,,,,,,,,,,,,,,,,,,,,,,,,
stress_strongly_constrained,C1,6038,2475,1759,73.29166666666667,71.07070707070707,278.94354257226394,763.5446026748126,276.1258796836011,95.03105590062113,84.98995983935743,4.968944099378882,0.3993795078979059,549.717121785509,0,390.0,74.612,8.2751388888889,98.45740345080621,78.8398884299309,19.617515020875334,80.07512453781383,29.222777777777743,0.0,78.8398884299309,136.74639368167533,0,0,4397.736974284072,0,0,0,39,0.3,0.7,0.0,0,0,0,0,,,,,,,,,,,,,,,,,,,,,,,,,
stress_strongly_constrained,C1,6039,2474,1701,70.875,68.75505254648343,299.82896985365244,796.0775598331631,296.94078190169085,97.22222222222221,88.02030456852792,2.7777777777777777,0.39106873230605355,592.555365295186,0,410.0,74.418,8.260416666666679,103.34441019171314,82.85026051275813,20.494149678954994,80.16907770731234,29.125056196298253,0.0,82.85026051275813,143.53390304404599,0,0,4740.442922361488,0,0,0,41,0.3,0.7,0.0,0,0,0,0,,,,,,,,,,,,,,,,,,,,,,,,,
stress_strongly_constrained,C1,6040,2503,1754,73.08333333333333,70.07590890930882,302.4058189965159,760.467397670873,299.5064533708955,95.6,88.31752371442836,4.3999999999999995,0.38999296231107794,557.9377856256128,0,400.0,74.626,8.311111111111119,101.06405370881913,80.83092796212769,20.233125746691407,79.97989888176646,29.204999999999963,0.0,80.83092796212769,140.36674126224878,0,0,4463.502285004903,0,0,0,40,0.3,0.7,0.0,0,0,0,0,,,,,,,,,,,,,,,,,,,,,,,,,
stress_strongly_constrained,C1,6041,2420,1762,73.41666666666667,72.8099173553719,262.03214758991567,702.4908942924196,259.2574510534261,93.24894514767934,84.3268242548818,6.751054852320674,0.41323759807560123,539.1199096650217,0,380.0,72.24000000000001,8.041666666666679,95.9751435084537,76.77032967706076,19.204813831392965,79.98980451672746,29.16944444444441,0.0,76.77032967706076,133.29881042840793,0,0,4312.959277320174,0,0,0,38,0.3,0.7,0.0,0,0,0,0,,,,,,,,,,,,,,,,,,,,,,,,,
stress_strongly_constrained,C1,6042,2502,1777,74.04166666666667,71.02318145483612,278.0606179335007,758.6000512118616,275.16594568864764,96.56565656565657,86.54708520179372,3.4343434343434343,0.39030487323884216,557.1444632615933,0,400.0,75.164,8.347222222222232,100.98439301442691,80.74874818942358,20.235644825003348,79.9616116699217,29.207929939156557,0.0,80.74874818942358,140.25610140892627,0,0,4457.155706092745,0,0,0,40,0.3,0.7,0.0,0,0,0,0,,,,,,,,,,,,,,,,,,,,,,,,,
stress_strongly_constrained,C1,6043,2527,1730,72.08333333333333,68.46062524732885,321.40587648657885,816.8961387256604,318.47424221011624,97.29206963249516,89.35323383084577,2.7079303675048356,0.3817093031329724,592.5397250681887,0,410.0,75.94,8.43236111111112,103.4354413954079,82.78445793724713,20.65098345816079,80.03490565751325,29.22277777777773,0.0,82.78445793724713,143.6603352713999,0,0,4740.317800545509,0,0,0,41,0.3,0.7,0.0,0,0,0,0,,,,,,,,,,,,,,,,,,,,,,,,,
stress_strongly_constrained,C1,6044,2576,1807,75.29166666666667,70.1475155279503,283.876582540929,803.7918237522728,280.84986235096454,97.44597249508841,91.485244315433,2.5540275049115913,0.37311282577484983,555.1596384258145,0,410.0,77.51400000000001,8.602916666666676,103.48701235368652,82.69993959635227,20.78707275733424,79.91335116884959,29.137222222222203,0.0,82.69993959635227,143.7319616023424,0,0,4441.277107406516,0,0,0,41,0.3,0.7,0.0,0,0,0,0,,,,,,,,,,,,,,,,,,,,,,,,,
stress_strongly_constrained,C1,6045,2480,1748,72.83333333333333,70.48387096774194,289.94072864953387,757.2758663097392,287.0430880489175,96.42105263157895,87.73067331670823,3.578947368421052,0.3944817934178951,561.4514784753397,0,400.0,74.17600000000002,8.251111111111122,100.77848699129245,80.75224896072349,20.02623803056895,80.12845932852784,29.22277777777772,0.0,80.75224896072349,139.9701208212395,0,0,4491.611827802718,0,0,0,40,0.3,0.7,0.0,0,0,0,0,,,,,,,,,,,,,,,,,,,,,,,,,
stress_strongly_constrained,C1,6046,2414,1824,76.0,75.5592377796189,217.06433757711665,637.0410135065773,214.09231679081276,95.95744680851064,89.0432098765432,4.042553191489362,0.4182511242020531,482.8330595848285,0,370.0,72.12200000000001,8.025972222222233,93.68735245961741,74.80189540326242,18.885457056354984,79.84204211075844,29.137222222222185,0.0,74.80189540326242,130.12132286057977,0,0,3862.664476678629,0,0,0,37,0.3,0.7,0.0,0,0,0,0,,,,,,,,,,,,,,,,,,,,,,,,,
stress_strongly_constrained,C1,6047,2468,1755,73.125,71.11021069692059,261.0282278512574,735.6894969790737,258.29369106779274,95.40918163672654,83.22318251143874,4.590818363273453,0.4055203817150038,543.8527079746034,0,380.0,74.71200000000003,8.273333333333346,95.62026013215777,76.82362266366427,18.7966374684935,80.34241128133884,29.13645913740705,0.0,76.82362266366427,132.80591685021915,0,0,4350.821663796827,0,0,0,38,0.3,0.7,0.0,0,0,0,0,,,,,,,,,,,,,,,,,,,,,,,,,
stress_strongly_constrained,C1,6048,2457,1767,73.625,71.91697191697192,272.6076638709557,737.1899329540031,269.7414241905389,94.32773109243698,85.86572438162544,5.6722689075630255,0.4019481829895969,554.2931366848297,0,390.0,73.57600000000001,8.180694444444455,98.77784659799221,78.6914180282032,20.086428569789003,79.66504711168983,29.222777777777747,0.0,78.6914180282032,137.19145360832252,0,0,4434.345093478637,0,0,0,39,0.3,0.7,0.0,0,0,0,0,,,,,,,,,,,,,,,,,,,,,,,,,
stress_strongly_constrained,C1,6049,2501,1762,73.41666666666667,70.45181927229109,286.95191244303675,764.096543577214,284.0514212756556,96.89922480620154,88.61460957178842,3.10077519379845,0.3907930692057006,559.4464517771484,0,400.0,75.08200000000004,8.34027777777779,100.80319213751645,80.72445473762659,20.078737399889846,80.08124844647945,29.204999999999977,0.0,80.72445473762659,140.00443352432842,0,0,4475.571614217188,0,0,0,40,0.3,0.7,0.0,0,0,0,0,,,,,,,,,,,,,,,,,,,,,,,,,
stress_strongly_constrained,C1,6050,2513,1753,73.04166666666667,69.75726223637088,299.583969178716,786.7988493119012,296.7998052985483,94.39834024896265,83.01329394387001,5.601659751037345,0.39273406852064946,570.4024286842529,0,390.0,75.71199999999999,8.399027777777787,98.4851765321059,78.74965679492493,19.735519737180944,79.96092363123577,29.20499999999997,0.0,78.74965679492493,136.78496740570262,0,0,4563.219429474024,0,0,0,39,0.3,0.7,0.0,0,0,0,0,,,,,,,,,,,,,,,,,,,,,,,,,
stress_strongly_constrained,C1,6051,2435,1764,73.5,72.4435318275154,237.88539647514142,712.000033300515,235.03018551968918,97.2386587771203,86.51452282157676,2.7613412228796843,0.4061509385231682,546.0322909264404,0,390.0,72.988,8.11236111111112,98.55705941065511,78.71848777283476,19.838571637820337,79.87097854131433,29.137222222222213,0.0,78.71848777283476,136.884804737021,0,0,4368.258327411525,0,0,0,39,0.3,0.7,0.0,0,0,0,0,,,,,,,,,,,,,,,,,,,,,,,,,
stress_strongly_constrained,C1,6052,2577,1818,75.75,70.54714784633295,274.0287584531743,781.7548393934579,271.10578832633036,96.6067864271457,87.90944123314065,3.3932135728542914,0.3771321386900332,531.9510202566992,0,400.0,77.286,8.588333333333345,101.07188811454087,80.71247126881565,20.35941684572521,79.85649894790461,29.13722222222221,0.0,80.71247126881565,140.37762238130674,0,0,4255.608162053592,0,0,0,40,0.3,0.7,0.0,0,0,0,0,,,,,,,,,,,,,,,,,,,,,,,,,
stress_strongly_constrained,C1,6053,2399,1801,75.04166666666667,75.07294706127553,216.27232093422595,658.950669593226,213.38127845843576,95.17543859649122,85.6407617086979,4.824561403508771,0.41749810317293,513.4235139554632,0,380.0,71.87800000000001,7.9902777777777905,95.62109257239231,76.73671830630204,18.884374266090287,80.25082776397541,29.21863164397805,0.0,76.73671830630204,132.80707301721156,0,0,4107.388111643705,0,0,0,38,0.3,0.7,0.0,0,0,0,0,,,,,,,,,,,,,,,,,,,,,,,,,
stress_strongly_constrained,C1,6054,2566,1750,72.91666666666667,68.19953234606392,319.1991775038124,831.5242409203075,316.36075292523566,95.40441176470588,87.83382789317507,4.595588235294118,0.37412433167041126,581.5827481838002,0,410.0,77.32600000000001,8.577361111111122,103.90438495784313,82.8573893381687,21.046995619674444,79.74388123445053,29.1469372825549,0.0,82.8573893381687,144.31164577478214,0,0,4652.661985470402,0,0,0,41,0.3,0.7,0.0,0,0,0,0,,,,,,,,,,,,,,,,,,,,,,,,,
stress_strongly_constrained,C1,6055,2581,1726,71.91666666666667,66.87330492057342,342.7028039322439,879.2043895910452,339.6987112269102,98.81656804733728,89.97107039537127,1.183431952662722,0.36310401134273645,624.41975595273,0,430.0,77.68400000000001,8.620972222222235,108.75208946658381,86.86728648994769,21.884802976636134,79.87642988380406,29.18288916187589,0.0,86.86728648994769,151.04456870358865,0,0,4995.35804762184,0,0,0,43,0.3,0.7,0.0,0,0,0,0,,,,,,,,,,,,,,,,,,,,,,,,,
stress_strongly_constrained,C1,6056,2484,1785,74.375,71.85990338164251,249.6084255288226,738.8927510625319,246.82292792821633,93.46534653465346,86.60939868620515,6.534653465346535,0.39795165727836,525.3385103511088,0,390.0,74.946,8.309583333333345,98.37984540766462,78.69927731673323,19.680568090931384,79.99532525246467,29.260091343275253,0.0,78.69927731673323,136.63867417731194,0,0,4202.70808280887,0,0,0,39,0.3,0.7,0.0,0,0,0,0,,,,,,,,,,,,,,,,,,,,,,,,,
stress_strongly_constrained,C2,6007,2558,1706,71.08333333333333,66.69272869429241,332.0443464413625,968.704673343147,329.18975975095833,94.90835030549898,83.88969521044993,5.091649694501019,0.366395978145709,617.3496069009637,0,2070.0,77.47400000000003,8.577638888888899,109.15591658807159,87.26792132377192,21.887995264299672,79.94795339688297,19.222777777777715,2.8328564368458014,84.43506488692611,151.605439705655,3.5,7,4938.79685520771,115,21.73913043478261,47,207,nan,nan,0.0,0,25,0,0,,,,,,,,,,,,,,,,,,,,,,,,,
stress_strongly_constrained,C2,6008,2508,1740,72.5,69.377990430622,295.608744991175,896.4577188924171,292.8478411471279,93.50912778904666,81.98511166253101,6.490872210953347,0.38192042611726007,582.533536392776,0,2530.0,75.502,8.378194444444453,105.21383455645821,84.21565548499348,20.998179071464733,80.0423783051106,19.157765784456714,3.2085375097171966,81.00711797527627,146.13032577285864,3.5,7,4660.268291142208,124,25.0,58,253,nan,nan,0.0,0,24,0,0,,,,,,,,,,,,,,,,,,,,,,,,,
stress_strongly_constrained,C2,6009,2503,1737,72.375,69.39672393128245,295.00525832784626,877.385019695526,292.1018762559245,97.33333333333334,87.46208291203236,2.666666666666667,0.38778670774173646,584.1165019675399,0,1140.0,75.602,8.378888888888898,102.33485634075979,82.19322850637383,20.141627834385947,80.31792044802668,19.326111111110993,1.3083894063686208,80.88483910000521,142.1317449177219,3.5,7,4672.932015740321,53,16.9811320754717,26,114,nan,nan,0.0,0,24,0,0,,,,,,,,,,,,,,,,,,,,,,,,,
stress_strongly_constrained,C2,6010,2570,1711,71.29166666666667,66.57587548638132,332.98935394882795,980.3302522680875,330.22077869323726,94.09448818897637,80.16488845780796,5.905511811023622,0.36571148915267426,643.0387634568191,0,2080.0,77.02399999999997,8.561388888888896,108.3501822480596,86.8051144327668,21.5450678152928,80.11533772415169,19.154999999999895,2.307161203355731,84.49795322941107,150.4863642334161,3.5,7,5144.3101076545545,93,27.956989247311824,48,208,nan,nan,0.0,0,24,0,0,,,,,,,,,,,,,,,,,,,,,,,,,
stress_strongly_constrained,C2,6011,2552,1751,72.95833333333333,68.6128526645768,305.64064337711744,932.9571639408872,302.8391404297015,96.72131147540983,81.92829457364341,3.278688524590164,0.36763539413363944,591.469421315682,0,2170.0,76.626,8.511250000000011,109.04201297902368,87.2168456153246,21.825167363699073,79.9846254049826,19.222777777777694,2.7477411110353893,84.4691045042892,151.447240248644,3.5,7,4731.755370525455,103,17.475728155339805,50,217,nan,nan,0.0,0,24,0,0,,,,,,,,,,,,,,,,,,,,,,,,,
stress_strongly_constrained,C2,6012,2457,1705,71.04166666666667,69.3935693935694,289.44128298675366,878.4441130269164,286.8492426106614,92.42105263157895,75.42885973763876,7.578947368421053,0.3962086332260988,582.0193463291482,0,3220.0,73.982,8.208888888888898,102.08382726176713,81.5798431339609,20.50398412780622,79.91456171090731,19.29055555555543,4.198778718282785,77.38106441567811,141.78309341912095,3.5,7,4656.154770633186,165,25.454545454545453,86,322,nan,nan,0.0,0,22,0,0,,,,,,,,,,,,,,,,,,,,,,,,,
stress_strongly_constrained,C2,6013,2552,1722,71.75,67.47648902821317,329.23280276817235,939.2045499021355,326.31479399148503,98.49056603773585,87.24035608308606,1.509433962264151,0.37198912709537213,611.8065803874293,0,990.0,76.706,8.516805555555568,106.53426279306566,85.52178893666068,21.012473856404966,80.27632302931495,19.258333333333262,1.0071674367723105,84.51462149988838,147.96425387925783,3.5,7,4894.452643099435,42,16.666666666666664,19,99,nan,nan,0.0,0,24,0,0,,,,,,,,,,,,,,,,,,,,,,,,,
stress_strongly_constrained,C2,6014,2608,1744,72.66666666666667,66.87116564417178,311.01824900856724,969.2876275813614,308.3860497521101,92.37749546279493,80.6028196402528,7.6225045372050815,0.3558587532336959,594.0983766130599,0,3010.0,78.65400000000004,8.722083333333341,110.22535813739117,88.23426844631663,21.991089691074517,80.04897415378448,19.29340255720219,3.8141282964813232,84.42014014983532,153.09077519082106,3.5,7,4752.7870129044795,130,20.76923076923077,70,301,nan,nan,0.0,0,24,0,0,,,,,,,,,,,,,,,,,,,,,,,,,
stress_strongly_constrained,C2,6015,2469,1655,68.95833333333333,67.03118671526934,319.7263851104833,927.7210660242507,317.06724419898666,94.90835030549898,79.62588473205258,5.091649694501019,0.3888298166327842,623.7484548931243,0,2740.0,74.72200000000001,8.275277777777788,105.13402561951631,84.08446262399535,21.049562995520965,79.97835346693557,19.25833333333332,3.1678502625212936,80.91661236147407,146.019480027106,3.5,7,4989.987639144995,121,24.793388429752067,73,274,nan,nan,0.0,0,23,0,0,,,,,,,,,,,,,,,,,,,,,,,,,
stress_strongly_constrained,C2,6016,2574,1722,71.75,66.8997668997669,332.28510639256257,958.6278801884633,329.5715534948112,94.9814126394052,82.56385068762279,5.018587360594796,0.36272958377489783,606.8174789630976,0,2670.0,77.546,8.602638888888897,109.66775974565886,87.77458551184829,21.893174233810566,80.03681821842157,19.187222222222093,3.3322364197225385,84.44234909212575,152.3163329800817,3.5,7,4854.539831704781,127,23.62204724409449,64,267,nan,nan,0.0,0,25,0,0,,,,,,,,,,,,,,,,,,,,,,,,,
stress_strongly_constrained,C2,6017,2471,1713,71.375,69.32416025900446,304.1823412652635,907.046013460847,301.5693141622344,94.49901768172889,76.65647298674821,5.50098231827112,0.38995709093624886,613.8852941859556,0,2410.0,75.236,8.31347222222223,104.28471562072063,83.75560183915123,20.529113781569404,80.31435991422465,19.16714928232438,2.902787158932963,80.85281468021827,144.83988280655643,3.5,7,4911.082353487643,114,21.052631578947366,59,241,nan,nan,0.0,0,24,0,0,,,,,,,,,,,,,,,,,,,,,,,,,
stress_strongly_constrained,C2,6018,2557,1693,70.54166666666667,66.21040281579977,359.22714186614104,976.419167393001,356.33603131410257,97.34693877551021,83.4059022738268,2.6530612244897958,0.3638272608805973,644.7842787488565,0,1220.0,76.866,8.534166666666676,110.73549773277595,89.06784914228373,21.667648590492224,80.43296952276312,19.207388433352097,1.0987678651614734,87.96908127712226,153.79930240663327,3.5,7,5158.274229990854,50,22.0,27,122,nan,nan,0.0,0,25,0,0,,,,,,,,,,,,,,,,,,,,,,,,,
stress_strongly_constrained,C2,6019,2565,1745,72.70833333333333,68.03118908382066,314.9382604178504,935.5273719178743,312.10000253223393,95.80712788259959,82.8544061302682,4.1928721174004195,0.36829319348149697,596.445063916604,0,1710.0,77.37600000000002,8.57958333333334,107.36312055465774,86.20368343424175,21.159437120415987,80.29170816654506,19.239206671035568,1.784567868218411,84.41911556602334,149.11544521480243,3.5,7,4771.560511332832,57,12.280701754385964,38,171,nan,nan,0.0,0,24,0,0,,,,,,,,,,,,,,,,,,,,,,,,,
stress_strongly_constrained,C2,6020,2482,1711,71.29166666666667,68.93634165995165,299.05506256852436,881.1901552899377,296.26515888766573,95.92233009708738,82.35892221657346,4.077669902912621,0.3878511310172448,594.0655344100581,0,1890.0,74.34200000000001,8.265138888888899,104.39774853406702,83.42163828072594,20.976110253341098,79.90750706036907,19.1267176710258,2.418895667972804,81.00274261275312,144.99687296398199,3.5,7,4752.524275280465,101,23.762376237623762,44,189,nan,nan,0.0,0,24,0,0,,,,,,,,,,,,,,,,,,,,,,,,,
stress_strongly_constrained,C2,6021,2514,1653,68.875,65.75178997613365,354.161160794357,984.0395517910399,351.43988635198554,95.94017094017094,78.49462365591397,4.05982905982906,0.3741164043493535,662.6260805166479,0,2110.0,76.07399999999998,8.425416666666676,109.10895109477241,87.03516768433106,22.073783410441326,79.76904443773088,19.25833333333329,2.6116663494603496,84.42350133487072,151.5402098538505,3.5,7,5301.008644133183,103,17.475728155339805,51,211,nan,nan,0.0,0,27,0,0,,,,,,,,,,,,,,,,,,,,,,,,,
stress_strongly_constrained,C2,6022,2526,1705,71.04166666666667,67.49802058590657,313.9341530173226,943.9055186431544,311.2307414947145,93.68635437881873,80.2948402948403,6.313645621181263,0.3764633939650221,604.9476496356949,0,2720.0,76.60400000000003,8.477222222222233,106.55708507614732,84.65615281396659,21.90093226218072,79.44676109849478,19.21039101654248,3.7303491151987638,80.92580369876782,147.99595149464906,3.5,7,4839.581197085559,135,16.296296296296298,49,272,nan,nan,0.0,0,25,0,0,,,,,,,,,,,,,,,,,,,,,,,,,
stress_strongly_constrained,C2,6023,2531,1739,72.45833333333333,68.70802054523904,307.9059621214208,905.285380897914,305.2216576625361,94.81765834932821,81.69154228855722,5.182341650671785,0.37764391139908216,573.7131289766078,0,2610.0,76.67600000000003,8.488472222222228,105.37710703412866,84.56979192878406,20.807315105344614,80.25442556645088,19.21994548611333,3.64431108049949,80.92548084828456,146.35709310295647,3.5,7,4589.705031812862,139,23.021582733812952,55,261,nan,nan,0.0,0,25,0,0,,,,,,,,,,,,,,,,,,,,,,,,,
stress_strongly_constrained,C2,6024,2521,1677,69.875,66.5212217374058,334.3719388800456,970.3483502953476,331.70685669310564,92.84253578732107,77.11614173228347,7.157464212678937,0.37688183887463095,638.2773625936438,0,3090.0,76.512,8.464583333333342,106.8160608082126,85.20411973321606,21.611941074996565,79.76714277658992,19.134871952603294,4.203531320796205,81.00058841241983,148.35564001140636,3.5,7,5106.21890074915,164,23.78048780487805,79,309,nan,nan,0.0,0,25,0,0,,,,,,,,,,,,,,,,,,,,,,,,,
stress_strongly_constrained,C2,6025,2474,1714,71.41666666666667,69.2805173807599,293.4994319771164,903.0184893577032,290.8258194973025,93.97590361445783,79.50404858299595,6.024096385542169,0.3863024348196759,586.7869188109821,0,3060.0,74.99600000000002,8.300555555555565,106.08979754386668,84.92842695611193,21.161370587754735,80.05334058724657,19.376111111110998,4.047740552784154,80.88068640332779,147.34694103314814,3.5,7,4694.295350487858,157,23.56687898089172,65,306,nan,nan,0.0,0,23,0,0,,,,,,,,,,,,,,,,,,,,,,,,,
stress_strongly_constrained,C2,6026,2575,1728,72.0,67.10679611650485,329.09126297190886,955.8416861234509,326.15489079660426,95.8592132505176,87.95411089866157,4.140786749482402,0.36411802976188373,599.5060573920856,0,2130.0,77.60800000000002,8.60819444444445,108.76801485715495,87.28461821279147,21.483396644363488,80.24842443564165,19.272777777777637,2.866088399493425,84.41852981329804,151.06668730160413,3.5,7,4796.048459136686,117,23.076923076923077,39,213,nan,nan,0.0,0,24,0,0,,,,,,,,,,,,,,,,,,,,,,,,,
stress_strongly_constrained,C2,6027,2543,1722,71.75,67.71529689343295,316.8619103723817,946.2965140825072,314.11072252122153,94.40993788819875,79.27184466019416,5.590062111801243,0.3700400864368353,617.359493697111,0,1940.0,76.86200000000002,8.5163888888889,108.55691021238285,86.69178132519212,21.865128887190714,79.85837212535493,19.272777777777666,2.2789457287421513,84.41283559644998,150.77348640608733,3.5,7,4938.875949576888,82,14.634146341463413,37,194,nan,nan,0.0,0,24,0,0,,,,,,,,,,,,,,,,,,,,,,,,,
stress_strongly_constrained,C2,6028,2530,1708,71.16666666666667,67.5098814229249,333.97698164559097,945.5206857469628,331.0595454059719,96.94501018329939,87.64100049043648,3.054989816700611,0.37533463881929985,615.1058611603486,0,1190.0,76.91800000000002,8.504027777777788,106.8072480400833,85.64963281872896,21.157615221354334,80.1908432156082,19.237222222222154,1.1897472010412224,84.45988561768775,148.34340005567125,3.5,7,4920.846889282789,58,17.24137931034483,33,119,nan,nan,0.0,0,25,0,0,,,,,,,,,,,,,,,,,,,,,,,,,
stress_strongly_constrained,C2,6029,2483,1743,72.625,70.19734192509061,282.93137231677434,879.9125252336642,280.36045178775504,93.56136820925553,76.58610271903324,6.438631790744467,0.3857900977086902,571.3845930084657,0,2850.0,75.37599999999999,8.338194444444456,105.4849037197944,84.6473202624327,20.83758345736171,80.24590939314523,19.390555555555487,3.76650497232892,80.88081529010377,146.50681072193666,3.5,7,4571.0767440677255,139,24.46043165467626,60,285,nan,nan,0.0,0,23,0,0,,,,,,,,,,,,,,,,,,,,,,,,,
stress_strongly_constrained,C2,6030,2534,1746,72.75,68.90292028413575,308.0341037220148,927.2739098822436,305.3098084939108,94.82071713147411,82.13582677165354,5.179282868525896,0.37677463253694193,582.1019256032072,0,2540.0,76.50800000000001,8.480555555555565,105.57781165872146,84.22097430408539,21.356837354636074,79.77147184706604,19.304999999999936,3.327795401819669,80.8931789022657,146.63584952600198,3.5,7,4656.815404825657,136,22.794117647058822,51,254,nan,nan,0.0,0,23,0,0,,,,,,,,,,,,,,,,,,,,,,,,,
stress_strongly_constrained,C2,6031,2490,1779,74.125,71.44578313253011,261.47678230724796,848.5050197935826,258.9335206599234,91.68278529980658,77.04004054738976,8.317214700193423,0.3897782783094149,528.4829131744651,0,3460.0,75.80000000000001,8.376388888888899,102.48771169377703,82.31457832680104,20.173133366976003,80.31653450586225,19.139745084960282,4.815069248900272,77.49950907790075,142.34404401913477,3.5,7,4227.86330539572,171,19.298245614035086,80,346,nan,nan,0.0,0,22,0,0,,,,,,,,,,,,,,,,,,,,,,,,,
stress_strongly_constrained,C2,6032,2579,1701,70.875,65.95579682047305,352.6431682390494,995.1949363079298,349.92381225364886,94.23868312757202,78.54753941710464,5.761316872427984,0.36333541551911075,640.1512206735762,0,2270.0,77.86000000000004,8.630694444444453,108.81880066099218,87.06651206181569,21.752288599176502,80.01054186680267,19.318829622563438,2.6611033798215593,84.40540868199412,151.13722314026694,3.5,7,5121.209765388609,98,22.448979591836736,50,227,nan,nan,0.0,0,24,0,0,,,,,,,,,,,,,,,,,,,,,,,,,
stress_strongly_constrained,C2,6033,2589,1721,71.70833333333333,66.47354190807262,330.99687621811887,984.02839579129,328.29550328694626,94.88636363636364,80.39786511402231,5.113636363636364,0.3618643722484115,621.1572917431262,0,2150.0,78.084,8.658750000000012,108.66612158491498,87.21151631404275,21.454605270872218,80.25639918131526,19.205678154827797,2.797858005845943,84.41365830819682,150.9251688679375,3.5,7,4969.25833394501,107,17.75700934579439,39,215,nan,nan,0.0,0,26,0,0,,,,,,,,,,,,,,,,,,,,,,,,,
stress_strongly_constrained,C2,6034,2456,1714,71.41666666666667,69.78827361563518,274.6310933791967,856.6926800123106,272.00614577558395,92.0940170940171,75.75452716297787,7.905982905982905,0.3956509095131031,573.5067974807147,0,3300.0,74.26,8.226944444444454,102.50507612045261,82.1572367433765,20.347839377076127,80.14943245038364,19.137222222222146,4.739418458512347,77.41781828486415,142.36816127840643,3.5,7,4588.054379845719,179,24.581005586592177,76,330,nan,nan,0.0,0,26,0,0,,,,,,,,,,,,,,,,,,,,,,,,,
stress_strongly_constrained,C2,6035,2446,1691,70.45833333333333,69.13327882256746,304.18206397115796,908.7699705094235,301.598941712845,92.6829268292683,76.81678607983623,7.317073170731707,0.39057143145436873,621.2273976186965,0,3240.0,73.89599999999999,8.189166666666681,106.4308554822836,85.15287041021381,21.27798507206978,80.0076914014736,19.285574817470323,4.206256706082402,80.94661370413142,147.82063261428283,3.5,7,4969.81918094957,167,23.952095808383234,77,324,nan,nan,0.0,0,23,0,0,,,,,,,,,,,,,,,,,,,,,,,,,
stress_strongly_constrained,C2,6036,2491,1723,71.79166666666667,69.16900843034925,290.31590624882045,909.424906009057,287.58338866762733,96.16858237547893,81.71660741493145,3.8314176245210727,0.3793118008580636,605.6650291432138,0,1900.0,74.98600000000002,8.32111111111112,108.41640270575536,86.74660251092293,21.669800194832433,80.01243386238816,19.12123218417368,2.30545829213799,84.44114421878493,150.57833709132692,3.5,7,4845.3202331457105,96,16.666666666666664,36,190,nan,nan,0.0,0,24,0,0,,,,,,,,,,,,,,,,,,,,,,,,,
stress_strongly_constrained,C2,6037,2582,1762,73.41666666666667,68.24167312161116,314.8512358012382,949.0171081461517,312.03873087475995,94.03578528827038,82.53968253968253,5.964214711729622,0.36523383808246,600.8986577518539,0,1590.0,77.63400000000001,8.618750000000013,107.425309264503,85.9911427735543,21.434166490948705,80.04737744047502,19.393888888888767,1.5513562006196087,84.4397865729347,149.20181842292084,3.5,7,4807.18926201483,60,16.666666666666664,44,159,nan,nan,0.0,0,24,0,0,,,,,,,,,,,,,,,,,,,,,,,,,
stress_strongly_constrained,C2,6038,2475,1718,71.58333333333333,69.41414141414141,291.73402623659445,908.9090289305371,289.0974178188897,91.92546583850931,77.20883534136547,8.074534161490684,0.39232093150223124,585.3766345541281,0,3330.0,75.20000000000002,8.315972222222232,102.52314345471483,82.03966620770872,20.483477247006086,80.02063089681424,19.137222222222128,4.648942253932831,77.39072395377589,142.39325479821503,3.5,7,4683.013076433023,184,28.26086956521739,72,333,nan,nan,0.0,0,22,0,0,,,,,,,,,,,,,,,,,,,,,,,,,
stress_strongly_constrained,C2,6039,2474,1690,70.41666666666667,68.3104284559418,298.1748758360965,918.4163089028195,295.4068701126603,95.03968253968253,82.69035532994924,4.9603174603174605,0.3818065282123603,604.3117518543243,0,2220.0,74.78000000000002,8.285555555555565,108.67943974968047,87.37695495720266,21.302484792477824,80.39879038616368,19.21944444444437,3.0373893724591716,84.33956558474347,150.94366631900064,3.5,7,4834.494014834593,121,32.231404958677686,49,222,nan,nan,0.0,0,24,0,0,,,,,,,,,,,,,,,,,,,,,,,,,
stress_strongly_constrained,C2,6040,2503,1717,71.54166666666667,68.5976827806632,321.38827404556713,933.6081459511894,318.6543438941832,93.39999999999999,80.97853220169745,6.6000000000000005,0.37532862822148383,617.6433931451081,0,2470.0,75.04000000000002,8.33986111111112,109.51071014442533,87.45317796212777,22.057532182297564,79.85810506277645,19.229728390364677,2.969879948210242,84.48329801391753,152.09820853392407,3.5,7,4941.147145160865,103,34.95145631067961,57,247,nan,nan,0.0,0,24,0,0,,,,,,,,,,,,,,,,,,,,,,,,,
stress_strongly_constrained,C2,6041,2420,1727,71.95833333333333,71.36363636363636,269.34692481704775,843.4127173126336,266.75987409466444,90.71729957805907,76.67009249743063,9.282700421940929,0.4010887387237766,571.1475125087193,0,3470.0,72.858,8.084583333333343,102.9728864951047,82.05852412150524,20.91436237359944,79.68944730456428,19.308333333333238,4.6097484178913035,77.44877570361395,143.01789790986763,3.5,7,4569.180100069755,165,23.03030303030303,86,347,nan,nan,0.0,0,23,0,0,,,,,,,,,,,,,,,,,,,,,,,,,
stress_strongly_constrained,C2,6042,2502,1700,70.83333333333333,67.94564348521183,317.52031915923993,928.2160822953327,314.81074768766035,94.94949494949495,79.77080219232687,5.05050505050505,0.38296783811144913,612.2203912979235,0,2430.0,75.57000000000001,8.375416666666677,105.2105252478053,84.02999818942361,21.180527058381664,79.86843330693902,19.293253776571852,3.097889033035394,80.93210915638822,146.12572951084064,3.5,7,4897.763130383388,123,21.951219512195124,56,243,nan,nan,0.0,0,27,0,0,,,,,,,,,,,,,,,,,,,,,,,,,
stress_strongly_constrained,C2,6043,2527,1707,71.125,67.55045508508113,329.97381765236355,943.4766502775376,327.15339351623925,95.16441005802709,84.72636815920399,4.835589941972921,0.37401076963557717,613.4591167381518,0,1690.0,76.196,8.4501388888889,107.86979668990753,86.62740238169158,21.242394308215946,80.30737522452064,19.19674086471747,2.154249651516794,84.4731527301748,149.819162069316,3.5,7,4907.672933905214,82,31.70731707317073,36,169,nan,nan,0.0,0,25,0,0,,,,,,,,,,,,,,,,,,,,,,,,,
stress_strongly_constrained,C2,6044,2576,1771,73.79166666666667,68.75,299.2101843467363,923.3754655931497,296.37058222076547,95.87426326129666,84.47024673439768,4.12573673870334,0.3664212165200075,576.5173586927588,0,1300.0,77.69200000000001,8.615277777777788,107.3413792844757,86.00224515190787,21.33913413256785,80.12030935803894,19.22277777777772,1.6023883076710623,84.39985684423681,149.08524900621626,3.5,7,4612.13886954207,60,18.333333333333332,24,130,nan,nan,0.0,0,24,0,0,,,,,,,,,,,,,,,,,,,,,,,,,
stress_strongly_constrained,C2,6045,2480,1712,71.33333333333333,69.03225806451613,304.189254665052,888.8573373441992,301.46693364804554,96.0,80.14962593516209,4.0,0.38750225461937216,587.3668368780444,0,2520.0,74.60000000000001,8.280555555555566,104.79870133924166,83.96113784961244,20.837563489629204,80.11658233991241,19.326111111111018,3.1123366118898144,80.84880123772263,145.55375186005784,3.5,7,4698.934695024354,115,31.30434782608696,68,252,nan,nan,0.0,0,23,0,0,,,,,,,,,,,,,,,,,,,,,,,,,
stress_strongly_constrained,C2,6046,2414,1758,73.25,72.8251864125932,248.549265549996,803.0630984710119,245.72533199471306,95.1063829787234,82.35596707818931,4.8936170212765955,0.40705662100133505,554.1345050566234,0,2100.0,72.46800000000002,8.05000000000001,100.135386303231,80.2624787365958,19.8729075666352,80.1539612515641,19.222777777777686,2.8658749591572,77.3966037774386,139.0769254211542,3.5,7,4433.076040452987,133,12.781954887218044,34,210,nan,nan,0.0,0,22,0,0,,,,,,,,,,,,,,,,,,,,,,,,,
stress_strongly_constrained,C2,6047,2468,1726,71.91666666666667,69.93517017828201,270.09117865303915,880.0130146919248,267.51032960794583,93.01397205588823,76.97000508388409,6.986027944111776,0.395243955106773,571.4879978728544,0,3040.0,75.24400000000004,8.310277777777788,101.53948185849872,81.17706710810877,20.362414750389934,79.94630819687836,19.258333333333237,3.7923750987311173,77.38469200937767,141.0270581368038,3.5,7,4571.903982982835,150,17.333333333333336,77,304,nan,nan,0.0,0,23,0,0,,,,,,,,,,,,,,,,,,,,,,,,,
stress_strongly_constrained,C2,6048,2457,1763,73.45833333333333,71.75417175417176,265.4638349629966,842.9271539627854,262.7880181280705,92.22689075630252,78.64714790509844,7.773109243697479,0.3910574476951081,550.5726434189244,0,2670.0,74.032,8.212361111111122,105.05091012761773,84.37569580598102,20.675214321636687,80.31886225781378,19.326197320390314,3.4109134813731385,80.9647823246079,145.9040418439135,3.5,7,4404.581147351394,132,19.696969696969695,60,267,nan,nan,0.0,0,23,0,0,,,,,,,,,,,,,,,,,,,,,,,,,
stress_strongly_constrained,C2,6049,2501,1701,70.875,68.01279488204717,319.92965236578686,944.5422840441619,317.21342582059395,95.15503875968993,81.91435768261965,4.844961240310078,0.37645345431614813,632.8924904711808,0,2310.0,75.46400000000003,8.366805555555565,109.06281031389872,87.23459362651553,21.828216687383183,79.98564623031592,19.145344278088377,2.8079798231432163,84.42661380337232,151.47612543597043,3.5,7,5063.139923769447,110,18.181818181818183,53,231,nan,nan,0.0,0,24,0,0,,,,,,,,,,,,,,,,,,,,,,,,,
stress_strongly_constrained,C2,6050,2513,1715,71.45833333333333,68.24512534818942,309.97991075105375,938.7748877003229,307.40988559418014,92.73858921161826,74.93845396356474,7.261410788381744,0.3796201612403686,614.17817887686,0,3230.0,76.28,8.438472222222229,106.03878712554767,84.6485456838139,21.39024144173377,79.82790823851259,19.376111111111026,3.7921499122430666,80.85639577157083,147.27609322992734,3.5,7,4913.425431014881,145,26.89655172413793,87,323,nan,nan,0.0,0,23,0,0,,,,,,,,,,,,,,,,,,,,,,,,,
stress_strongly_constrained,C2,6051,2435,1729,72.04166666666667,71.00616016427105,251.06017435214207,861.0234084882643,248.44137775781167,93.49112426035504,78.47510373443983,6.508875739644971,0.39362869967832975,567.8550692168996,0,2520.0,73.414,8.141944444444452,105.76986898528205,84.55695999505703,21.21290899022501,79.94427978994962,19.20499999999994,3.5832799477366315,80.9736800473204,146.90259581289172,3.5,7,4542.8405537351955,134,33.582089552238806,51,252,nan,nan,0.0,0,23,0,0,,,,,,,,,,,,,,,,,,,,,,,,,
stress_strongly_constrained,C2,6052,2577,1805,75.20833333333333,70.04268529297633,276.91291565909165,909.4523743754428,274.04493442626455,96.6067864271457,85.01926782273603,3.3932135728542914,0.36430173289526485,566.1830832200836,0,1960.0,77.59800000000001,8.61000000000001,108.46220185232744,86.94080460214904,21.521397250178406,80.15769836621975,19.190555555555484,2.4207957562009708,84.52000884594806,150.64194701712148,3.5,7,4529.464665760669,89,17.97752808988764,37,196,nan,nan,0.0,0,24,0,0,,,,,,,,,,,,,,,,,,,,,,,,,
stress_strongly_constrained,C2,6053,2399,1776,74.0,74.03084618591079,223.14308757422117,776.0753349867557,220.46408068143344,93.64035087719299,77.61194029850746,6.359649122807018,0.4083367130987726,520.3620252364136,0,2350.0,72.27199999999999,8.0176388888889,100.89805325510696,80.55791275074652,20.340140504360438,79.8408989587409,19.23722222222216,3.1167435683686584,77.44116918237785,140.13618507653746,3.5,7,4162.896201891309,122,12.295081967213115,64,235,nan,nan,0.0,0,22,0,0,,,,,,,,,,,,,,,,,,,,,,,,,
stress_strongly_constrained,C2,6054,2566,1726,71.91666666666667,67.26422447388933,329.71651954381457,961.2867172158566,327.0134298097838,94.48529411764706,81.55291790306627,5.514705882352941,0.36569653383923173,605.7714003738309,0,2050.0,77.65400000000001,8.600138888888896,108.75879650860253,86.88427822705764,21.8745182815449,79.8871273094543,19.24055555555547,2.4495898404387337,84.43468838661892,151.05388403972577,3.5,7,4846.1712029906475,96,13.541666666666666,43,205,nan,nan,0.0,0,24,0,0,,,,,,,,,,,,,,,,,,,,,,,,,
stress_strongly_constrained,C2,6055,2581,1643,68.45833333333333,63.65749709414955,388.4931384583676,1037.0384181721695,385.60958085275564,97.83037475345168,83.75120540019286,2.1696252465483234,0.3567967417799851,677.7325468129438,0,1360.0,77.87000000000002,8.6338888888889,112.38507673472856,89.54214760105883,22.842929133669738,79.67441069815015,19.381160338822937,1.702546130994563,87.83960147006425,156.0903843537897,3.5,7,5421.86037450355,75,29.333333333333332,30,136,nan,nan,0.0,0,25,0,0,,,,,,,,,,,,,,,,,,,,,,,,,
stress_strongly_constrained,C2,6056,2484,1807,75.29166666666667,72.74557165861513,229.97772600665778,817.6347638929525,227.40163881068585,92.47524752475248,77.10965133906014,7.524752475247524,0.3925327809614863,505.34423381901235,0,2650.0,75.39800000000001,8.340972222222232,101.5011181661839,81.23738842784438,20.26372973833951,80.03595418016727,19.1549999999999,3.836983397628229,77.40040503021616,140.973775230811,3.5,7,4042.7538705520983,145,18.620689655172416,56,265,nan,nan,0.0,0,22,0,0,,,,,,,,,,,,,,,,,,,,,,,,,
stress_strongly_constrained,C3,6007,2558,1631,67.95833333333333,63.76075058639562,379.28984270057833,1031.522553926859,376.4445888608719,94.90835030549898,82.34155781325593,5.091649694501019,0.36656235674300125,681.3857203065362,0,2070.0,77.47400000000002,8.577638888888899,109.06008251603127,87.28753243488303,21.772550081148236,80.03618777938502,19.26335789784981,2.8357356920439796,84.45179674283905,151.4723368278212,3.5,7,5451.08576245229,115,45.21739130434783,47,207,nan,nan,0.0,0,24,0,0,,,,,,,,,,,,,,,,,,,,,,,,,
stress_strongly_constrained,C3,6008,2508,1637,68.20833333333333,65.27113237639554,353.21353618341874,984.5810253198906,350.6043007792371,91.27789046653145,75.03722084367246,8.72210953346856,0.38041539752763637,662.0982755522767,0,3090.0,75.61399999999998,8.38597222222223,106.08073102408146,84.98587770721569,21.09485331686576,80.1143401697741,19.154999999999927,4.031200818425276,80.95467688879042,147.3343486445576,3.5,7,5296.786204418213,155,36.12903225806451,73,309,nan,nan,0.0,0,26,0,0,,,,,,,,,,,,,,,,,,,,,,,,,
stress_strongly_constrained,C3,6009,2503,1662,69.25,66.40031961646025,339.9904474688974,951.2835585757106,337.19199199220924,96.19047619047619,84.17593528816987,3.8095238095238098,0.3849149601234487,643.4136982023575,0,1770.0,75.728,8.387638888888901,103.9889829688935,83.18003406192938,20.808948906964112,79.98927548585723,19.144832581900335,2.2251293417392897,80.9549047201901,144.42914301235209,3.5,7,5147.30958561886,95,30.526315789473685,43,177,nan,nan,0.0,0,26,0,0,,,,,,,,,,,,,,,,,,,,,,,,,
stress_strongly_constrained,C3,6010,2570,1673,69.70833333333333,65.09727626459144,354.5213629203061,1012.0567254129635,351.8151828743734,93.7007874015748,77.98254122211445,6.299212598425196,0.36548862764422485,672.1394923169362,0,2360.0,77.07999999999998,8.565277777777785,108.47855047692647,87.11455887721125,21.363991599715227,80.30579178483826,19.18559351836451,2.6569089763821987,84.45764990082903,150.66465344017564,3.5,7,5377.1159385354895,105,31.428571428571427,56,236,nan,nan,0.0,0,24,0,0,,,,,,,,,,,,,,,,,,,,,,,,,
stress_strongly_constrained,C3,6011,2552,1632,68.0,63.94984326018809,373.77437291106446,1020.6321901725134,371.1768866758235,95.08196721311475,74.2248062015504,4.918032786885246,0.3719024031757898,661.0653017828249,0,3230.0,76.838,8.525972222222233,106.58421577074506,85.31790117088015,21.266314599864913,80.04740716429606,19.133888888888844,4.383146109738705,80.93475506114144,148.03363301492368,3.5,7,5288.522414262599,164,47.5609756097561,74,323,nan,nan,0.0,0,23,0,0,,,,,,,,,,,,,,,,,,,,,,,,,
stress_strongly_constrained,C3,6012,2457,1637,68.20833333333333,66.62596662596663,327.84756063385066,930.4409633077356,325.3562471062795,91.78947368421053,71.54389505549949,8.210526315789474,0.39480111569552434,638.7286774774568,0,3730.0,74.084,8.215972222222232,102.894557359378,82.45470424507201,20.439853114305983,80.13514646560354,19.204999999999924,5.022801126807378,77.43190311826464,142.90910744358052,3.5,7,5109.8294198196545,196,52.04081632653062,99,373,nan,nan,0.0,0,22,0,0,,,,,,,,,,,,,,,,,,,,,,,,,
stress_strongly_constrained,C3,6013,2552,1663,69.29166666666667,65.16457680250784,365.9032074159097,990.3019719806783,363.00600533704704,98.49056603773585,85.31157270029674,1.509433962264151,0.3700542996895376,663.2858604593091,0,1200.0,76.748,8.51972222222223,107.64872337882636,85.83409449221625,21.8146288866101,79.73535755752319,19.187222222222143,1.3378824746310227,84.49621201758522,149.51211580392547,3.5,7,5306.286883674473,60,18.333333333333332,24,120,nan,nan,0.0,0,24,0,0,,,,,,,,,,,,,,,,,,,,,,,,,
stress_strongly_constrained,C3,6014,2608,1630,67.91666666666667,62.5,376.1104983937533,1074.117707345825,373.64053464052296,91.1070780399274,74.67185221195916,8.892921960072595,0.35216926377203706,684.6627610149706,0,3980.0,78.84800000000003,8.735555555555562,112.35050406730667,89.64601844631665,22.704485620990013,79.79138072456864,19.123563775387368,5.200013117198895,84.44600532911775,156.04236676014818,3.5,7,5477.302088119763,177,37.28813559322034,93,398,nan,nan,0.0,0,24,0,0,,,,,,,,,,,,,,,,,,,,,,,,,
stress_strongly_constrained,C3,6015,2469,1633,68.04166666666667,66.14013770757393,335.97395372341765,956.5767418064568,333.3811202375386,93.68635437881873,77.24974721941355,6.313645621181263,0.3871002134285696,649.8823208782962,0,3240.0,74.822,8.28222222222223,106.1302770651439,84.77679595732869,21.353481107815217,79.87993464418432,19.240555555555495,3.8487779922203087,80.92801796510838,147.40316259047765,3.5,7,5199.058567026369,150,36.666666666666664,86,324,nan,nan,0.0,0,23,0,0,,,,,,,,,,,,,,,,,,,,,,,,,
stress_strongly_constrained,C3,6016,2574,1652,68.83333333333333,64.18026418026417,378.79720793307314,1033.2832800425197,376.139465483977,94.79553903345726,78.7819253438114,5.204460966542751,0.362298201159137,673.2501664268682,0,2730.0,77.55800000000002,8.60347222222223,109.91623613233705,87.84891884518163,22.067317287155426,79.92351442912693,19.150480861426765,3.3479919493887986,84.50092689579282,152.66143907269034,3.5,7,5386.001331414944,128,43.75,68,273,nan,nan,0.0,0,24,0,0,,,,,,,,,,,,,,,,,,,,,,,,,
stress_strongly_constrained,C3,6017,2471,1652,68.83333333333333,66.85552407932012,338.53957661068335,940.6924777354385,336.0353125375409,91.35559921414537,73.34352701325179,8.644400785854616,0.394974260793174,639.0497393388667,0,3280.0,75.40999999999998,8.325555555555566,101.39482578313176,81.56735183915123,19.827473943980525,80.44528032782608,19.187222222222136,4.0919020250835185,77.47544981406772,140.82614692101635,3.5,7,5112.397914710933,155,37.41935483870968,82,328,nan,nan,0.0,0,23,0,0,,,,,,,,,,,,,,,,,,,,,,,,,
stress_strongly_constrained,C3,6018,2557,1632,68.0,63.82479468126711,398.13472829475205,1039.5612853295972,395.29868951134205,97.14285714285714,81.18045476536042,2.857142857142857,0.3616233748830586,702.3710100298587,0,1290.0,76.88,8.535138888888898,112.00493606735826,89.16321025339484,22.841725813963425,79.60650073472948,19.169444444444355,1.1483634619390823,88.01484679145574,155.56241120466424,3.5,7,5618.96808023887,52,32.69230769230769,31,129,nan,nan,0.0,0,25,0,0,,,,,,,,,,,,,,,,,,,,,,,,,
stress_strongly_constrained,C3,6019,2565,1665,69.375,64.91228070175438,363.82248439923256,1013.6779800480673,361.0595776877452,95.59748427672956,79.35823754789271,4.40251572327044,0.3660618368141972,669.674804357633,0,2220.0,77.47800000000004,8.586666666666673,108.64838199502242,86.98210010090844,21.666281894113993,80.05834831934581,19.13722222222213,2.4606214632585357,84.5214786376499,150.90053054864225,3.5,7,5357.398434861062,81,29.629629629629626,52,222,nan,nan,0.0,0,24,0,0,,,,,,,,,,,,,,,,,,,,,,,,,
stress_strongly_constrained,C3,6020,2482,1637,68.20833333333333,65.95487510072522,346.4337723830016,955.3867986208427,343.77170596777154,94.95145631067962,77.63091001525166,5.048543689320388,0.3857177204499473,657.6119953633345,0,2390.0,74.442,8.272083333333343,105.62659302083036,84.11147161405925,21.515121406771108,79.63096149231268,19.293888888888798,3.1601309944786995,80.95134061958055,146.70360141781993,3.5,7,5260.895962906677,130,47.69230769230769,55,239,nan,nan,0.0,0,23,0,0,,,,,,,,,,,,,,,,,,,,,,,,,
stress_strongly_constrained,C3,6021,2514,1637,68.20833333333333,65.11535401750199,363.86910012213144,1015.052966008402,361.19028135323475,95.51282051282051,76.93059628543499,4.487179487179487,0.37283068769405736,679.4676047979665,0,2440.0,76.13999999999999,8.430000000000009,109.84952388822296,87.66652879544218,22.182995092780782,79.80601616866994,19.197433183674114,3.195460408628739,84.47106838681344,152.56878317808744,3.5,7,5435.740838383733,124,36.29032258064516,58,244,nan,nan,0.0,0,32,0,0,,,,,,,,,,,,,,,,,,,,,,,,,
stress_strongly_constrained,C3,6022,2526,1638,68.25,64.8456057007126,352.8169168439733,990.8529186504699,350.142735415581,93.68635437881873,77.39557739557739,6.313645621181263,0.3778312325069049,655.6488596809361,0,2720.0,76.60400000000003,8.477222222222235,105.76921007602277,84.68948614729993,21.07972392872284,80.0700752954744,19.290555555555457,3.7331290610266086,80.95635708627333,146.90168066114273,3.5,7,5245.190877447489,135,43.7037037037037,49,272,nan,nan,0.0,0,23,0,0,,,,,,,,,,,,,,,,,,,,,,,,,
stress_strongly_constrained,C3,6023,2531,1641,68.375,64.83603318846306,367.94218152660625,1002.195369309591,365.3592930291815,94.6257197696737,76.06965174129353,5.3742802303262955,0.3762284697215271,659.0453829031018,0,2830.0,76.72000000000003,8.491527777777783,106.19240144040037,84.89795859545072,21.29444284494965,79.94730078978297,19.155230411257673,3.9266962849662237,80.97126231048449,147.48944644500048,3.5,7,5272.363063224814,152,41.44736842105263,61,283,nan,nan,0.0,0,23,0,0,,,,,,,,,,,,,,,,,,,,,,,,,
stress_strongly_constrained,C3,6024,2521,1643,68.45833333333333,65.17255057516859,354.79712966925024,996.4258570601111,352.18640064187707,92.63803680981594,74.65551181102363,7.361963190184049,0.37742774351835373,664.9655238216641,0,3250.0,76.54399999999997,8.466805555555565,106.50161973342826,85.3356752887716,21.165944444656663,80.12617601719612,19.204999999999966,4.374947350883121,80.96072793788846,147.91891629642814,3.5,7,5319.724190573313,168,39.88095238095239,84,325,nan,nan,0.0,0,23,0,0,,,,,,,,,,,,,,,,,,,,,,,,,
stress_strongly_constrained,C3,6025,2474,1624,67.66666666666667,65.64268391269201,347.24744766824114,976.5009904396221,344.735646871589,91.96787148594377,74.08906882591093,8.032128514056225,0.3853092402873166,656.3928626084218,0,3660.0,75.116,8.308888888888896,106.66187759450561,85.73626028944528,20.92561730506034,80.38135294728934,19.254999999999946,4.824617291848222,80.91164299759706,148.14149665903557,3.5,7,5251.142900867374,186,44.623655913978496,81,366,nan,nan,0.0,0,24,0,0,,,,,,,,,,,,,,,,,,,,,,,,,
stress_strongly_constrained,C3,6026,2575,1645,68.54166666666667,63.883495145631066,382.7572199594197,1052.0625121726684,379.91685693035134,95.03105590062113,82.88718929254301,4.968944099378882,0.3614599862237029,680.4559530350161,0,2390.0,77.66000000000003,8.611805555555565,110.2990479351471,87.71811821279148,22.580929722355624,79.52753886358784,19.141267373498312,3.247477896139083,84.47064031665239,153.19312213214874,3.5,7,5443.647624280128,132,37.878787878787875,48,239,nan,nan,0.0,0,24,0,0,,,,,,,,,,,,,,,,,,,,,,,,,
stress_strongly_constrained,C3,6027,2543,1627,67.79166666666667,63.97955171057805,371.52318494414095,1020.8686778379958,368.9407598423512,92.13250517598344,74.07766990291262,7.867494824016563,0.3732219246331332,673.5724113152052,0,3180.0,77.10999999999999,8.53361111111112,106.7241714113153,84.95111465852546,21.77305675278982,79.59875774638118,19.18482526514473,3.9890014670411826,80.96211319148426,148.228015849049,3.5,7,5388.579290521643,143,30.069930069930066,69,318,nan,nan,0.0,0,23,0,0,,,,,,,,,,,,,,,,,,,,,,,,,
stress_strongly_constrained,C3,6028,2530,1665,69.375,65.81027667984189,361.0006975130116,986.0120822399433,358.1684277863657,96.13034623217924,84.99264345267288,3.8696537678207736,0.3740390402937904,648.4316122060154,0,1750.0,77.03000000000002,8.511805555555567,107.55351279077672,86.4148550409512,21.138657749825526,80.34591599909298,19.20499999999993,1.9276660095418738,84.48718903140932,149.37987887607878,3.5,7,5187.452897648123,79,31.645569620253166,45,175,nan,nan,0.0,0,24,0,0,,,,,,,,,,,,,,,,,,,,,,,,,
stress_strongly_constrained,C3,6029,2483,1627,67.79166666666667,65.52557390253725,349.9123854763502,976.7447181149139,347.5326641470948,90.74446680080483,70.64451158106748,9.25553319919517,0.3875784438746952,643.6829663014563,0,4410.0,75.68799999999999,8.359861111111124,104.45481632817555,83.57654248465494,20.87827384352061,80.01214824032108,19.272777777777716,6.134142051019612,77.44240043363531,145.07613378913268,3.5,7,5149.46373041165,221,45.70135746606335,98,441,nan,nan,0.0,0,22,0,0,,,,,,,,,,,,,,,,,,,,,,,,,
stress_strongly_constrained,C3,6030,2534,1638,68.25,64.64088397790056,370.50297662550935,1013.701670606526,367.94559633941356,93.62549800796813,76.13188976377953,6.374501992031872,0.3737828854476344,667.4923223149295,0,3770.0,76.754,8.497638888888899,107.30105798216263,85.94466874852984,21.35638923363278,80.09675800476916,19.258333333333272,4.9402052915234735,81.00446345700635,149.02924719744811,3.5,7,5339.938578519437,202,47.524752475247524,87,377,nan,nan,0.0,0,23,0,0,,,,,,,,,,,,,,,,,,,,,,,,,
stress_strongly_constrained,C3,6031,2490,1642,68.41666666666667,65.94377510040161,338.6940112075496,967.2885762266919,336.2706942517824,91.29593810444874,70.75519513431323,8.704061895551257,0.38887617640352345,642.6267310637389,0,3710.0,75.85,8.37986111111112,103.0073223915705,82.54843943791214,20.45888295365834,80.13841882435672,19.240555555555463,5.0325795896368986,77.51585984827526,143.06572554384792,3.5,7,5141.013848509911,178,46.06741573033708,86,371,nan,nan,0.0,0,22,0,0,,,,,,,,,,,,,,,,,,,,,,,,,
stress_strongly_constrained,C3,6032,2579,1635,68.125,63.396665374176045,389.9873864820709,1064.6938045862844,387.374383830757,93.20987654320987,74.91638795986621,6.790123456790123,0.3603504463290661,693.6425703711935,0,3080.0,78.02199999999999,8.641944444444453,110.53814291445792,88.28520650626012,22.252936408197783,79.86854508183781,19.17277777777768,3.684259911232304,84.60094659502782,153.52519849230265,3.5,7,5549.140562969549,140,33.57142857142857,69,308,nan,nan,0.0,0,24,0,0,,,,,,,,,,,,,,,,,,,,,,,,,
stress_strongly_constrained,C3,6033,2589,1671,69.625,64.5422943221321,361.37189477789383,1038.7686865025921,358.7352879185092,94.88636363636364,77.43813682678311,5.113636363636364,0.3608191484379435,666.7860202589944,0,2350.0,78.12400000000002,8.66152777777779,109.26817049974456,87.47479409182054,21.79337640792401,80.05514661016954,19.272777777777666,2.9589497425424995,84.51584434927804,151.7613479163119,3.5,7,5334.2881620719545,110,34.54545454545455,47,235,nan,nan,0.0,0,24,0,0,,,,,,,,,,,,,,,,,,,,,,,,,
stress_strongly_constrained,C3,6034,2456,1631,67.95833333333333,66.40879478827361,323.0452249743127,933.7981463570254,320.52209315047367,89.31623931623932,72.28370221327968,10.683760683760683,0.3940671041758377,642.4143376262289,0,3860.0,74.37199999999999,8.234722222222231,103.41734799471747,82.77790341004318,20.63944458467428,80.0425702409923,19.24270873575994,5.3767211822783745,77.4011822277648,143.63520554821866,3.5,7,5139.314701009831,198,52.02020202020202,93,386,nan,nan,0.0,0,22,0,0,,,,,,,,,,,,,,,,,,,,,,,,,
stress_strongly_constrained,C3,6035,2446,1638,68.25,66.9664758789861,333.03272368057867,951.3943678763109,330.46830926590223,92.6829268292683,75.17911975435005,7.317073170731707,0.39002952621117437,663.3299756097889,0,3240.0,73.89599999999999,8.189166666666678,106.74299290236355,85.09475929910272,21.648233603260827,79.71929302838436,19.376111111110987,4.220232044410278,80.87452725469244,148.25415680883825,3.5,7,5306.639804878311,167,38.92215568862276,77,324,nan,nan,0.0,0,23,0,0,,,,,,,,,,,,,,,,,,,,,,,,,
stress_strongly_constrained,C3,6036,2491,1651,68.79166666666667,66.2786029706945,334.2262678056472,949.7478584984839,331.5820373484673,94.82758620689656,78.92331132554597,5.172413793103448,0.38523753126910176,637.1070938893455,0,2560.0,75.11800000000001,8.330277777777788,105.00318198899737,84.33465806647848,20.668523922518897,80.31628801050562,19.326111111111036,3.4270600000869194,80.90759806639154,145.83775276249634,3.5,7,5096.856751114762,142,45.07042253521127,50,256,nan,nan,0.0,0,23,0,0,,,,,,,,,,,,,,,,,,,,,,,,,
stress_strongly_constrained,C3,6037,2582,1672,69.66666666666667,64.75600309837336,365.8304710408693,1021.3405291102786,363.0666808563771,93.24055666003976,80.95238095238095,6.759443339960239,0.36398532827453955,669.5299154361203,0,1800.0,77.67600000000004,8.621666666666677,108.14445091386519,86.30022610688764,21.844224806977564,79.80088241016081,19.1356127732835,1.83993007475414,84.46029603213348,150.2006262692572,3.5,7,5356.239323488962,71,35.2112676056338,49,180,nan,nan,0.0,0,24,0,0,,,,,,,,,,,,,,,,,,,,,,,,,
stress_strongly_constrained,C3,6038,2475,1645,68.54166666666667,66.46464646464646,333.2054530608219,973.1132543706078,330.62865092442524,91.51138716356108,73.79518072289157,8.488612836438923,0.39098402806492305,646.9894174097592,0,3670.0,75.268,8.320694444444454,103.29319983460432,82.51149954104207,20.781700293562263,79.88086308988545,19.244487349469928,5.066952122907381,77.44454741813468,143.46277754806155,3.5,7,5175.915339278074,197,48.223350253807105,80,367,nan,nan,0.0,0,22,0,0,,,,,,,,,,,,,,,,,,,,,,,,,
stress_strongly_constrained,C3,6039,2474,1577,65.70833333333333,63.7429264349232,364.1306521349472,1019.3378770886751,361.61403688564087,90.67460317460318,75.43147208121827,9.325396825396826,0.3809670768623915,671.2813794034006,0,4180.0,75.172,8.312777777777786,109.16296372726254,87.09173273498043,22.071230992282096,79.78139266406707,19.18722222222215,6.179766724475632,80.91196601050478,151.61522739897572,3.5,7,5370.251035227205,250,52.0,102,418,nan,nan,0.0,0,23,0,0,,,,,,,,,,,,,,,,,,,,,,,,,
stress_strongly_constrained,C3,6040,2503,1656,69.0,66.16060727127447,356.42953356585525,963.487216514911,353.80260018748913,93.19999999999999,77.78332501248127,6.800000000000001,0.3818875477102464,638.5732180117889,0,3110.0,75.168,8.348750000000006,105.73277251889807,84.89345573990555,20.839316778992522,80.2905794650681,19.154999999999937,3.9055161502321365,80.9879395896734,146.851072942914,3.5,7,5108.585744094313,139,42.44604316546763,75,311,nan,nan,0.0,0,23,0,0,,,,,,,,,,,,,,,,,,,,,,,,,
stress_strongly_constrained,C3,6041,2420,1653,68.875,68.30578512396694,311.36786222215494,911.5062993975114,308.8859759938773,89.0295358649789,73.48406988694758,10.970464135021098,0.40005246189510835,632.9627476568239,0,4110.0,72.98599999999999,8.093472222222232,103.5697819484176,82.91341301039415,20.656368938023462,80.05560256145827,19.195202584189115,5.443383752256242,77.47002925813791,143.84691937280223,3.5,7,5063.701981254593,192,41.14583333333333,104,411,nan,nan,0.0,0,22,0,0,,,,,,,,,,,,,,,,,,,,,,,,,
stress_strongly_constrained,C3,6042,2502,1640,68.33333333333333,65.54756195043964,352.915980088183,979.699201962498,350.27218759180664,94.14141414141413,77.37917289486796,5.858585858585859,0.38211900449142866,661.0655575530511,0,2880.0,75.66,8.381666666666677,105.69945341293709,84.66119263386807,21.03826077906903,80.096149885583,19.137222222222114,3.7203545471809143,80.94083808668715,146.80479640685706,3.5,7,5288.524460424408,148,35.810810810810814,61,288,nan,nan,0.0,0,23,0,0,,,,,,,,,,,,,,,,,,,,,,,,,
stress_strongly_constrained,C3,6043,2527,1626,67.75,64.34507320933913,377.52261679307793,1011.4226463057644,374.76817780154545,94.77756286266926,80.9950248756219,5.222437137330754,0.37255886551026296,681.6823738536904,0,1880.0,76.23400000000001,8.452777777777786,108.7060934660885,86.82098571502493,21.885107751063586,79.86763478176984,19.153329602058403,2.3997036199095296,84.4212820951154,150.98068536956734,3.5,7,5453.458990829525,90,43.333333333333336,40,188,nan,nan,0.0,0,24,0,0,,,,,,,,,,,,,,,,,,,,,,,,,
stress_strongly_constrained,C3,6044,2576,1656,69.0,64.28571428571429,368.7723618462693,1045.5343113579704,366.0987572969517,94.10609037328095,79.05176584421866,5.893909626719057,0.36162932951369686,676.2978806236528,0,2740.0,77.98,8.635277777777787,110.10150620011059,87.98635626301899,22.115149937091598,79.91385340642199,19.168782155335386,3.5504410530213413,84.43591520999766,152.9187586112647,3.5,7,5410.383044989221,113,41.5929203539823,66,274,nan,nan,0.0,0,24,0,0,,,,,,,,,,,,,,,,,,,,,,,,,
stress_strongly_constrained,C3,6045,2480,1641,68.375,66.16935483870968,346.2741079680646,950.113039466958,343.71813177258116,94.10526315789474,74.96259351620948,5.894736842105263,0.38518959543305903,644.869579898244,0,3360.0,74.768,8.292222222222229,106.13079303055801,85.18697118294577,20.943821847612234,80.26602718253322,19.19572926145886,4.220620663699969,80.96635051924581,147.4038792091083,3.5,7,5158.9566391859535,143,48.25174825174825,88,336,nan,nan,0.0,0,23,0,0,,,,,,,,,,,,,,,,,,,,,,,,,
stress_strongly_constrained,C3,6046,2414,1658,69.08333333333333,68.68268434134217,305.9215382772972,899.8247401800725,303.269509944445,92.76595744680851,75.56584362139918,7.234042553191489,0.4049851760622383,640.508429838401,0,2830.0,72.61399999999999,8.0601388888889,101.32853858815075,81.28706206992912,20.04147651822162,80.2212912596321,19.194014279946163,3.8131824327872135,77.47387963714192,140.7340813724316,3.5,7,5124.067438707208,164,39.63414634146341,58,283,nan,nan,0.0,0,22,0,0,,,,,,,,,,,,,,,,,,,,,,,,,
stress_strongly_constrained,C3,6047,2468,1629,67.875,66.00486223662885,319.4209969010876,971.2457453570539,317.02612607621217,89.62075848303394,70.8185053380783,10.379241516966067,0.39039954882412653,643.0269339597534,0,4500.0,75.53599999999999,8.33055555555557,104.32985987730314,83.63390044144211,20.695959435861017,80.16295674105145,19.225178421237345,6.174304719743384,77.45959572169873,144.90258316292105,3.5,7,5144.215471678027,242,55.78512396694215,109,450,nan,nan,0.0,0,22,0,0,,,,,,,,,,,,,,,,,,,,,,,,,
stress_strongly_constrained,C3,6048,2457,1635,68.125,66.54456654456654,341.06588846566325,939.5232808114927,338.540565799212,89.28571428571429,72.99343765774861,10.714285714285714,0.39479069716915594,637.2408771437593,0,3810.0,74.25999999999999,8.228194444444455,102.90055843056615,82.4612513615366,20.439307069029553,80.13683561997254,19.204999999999924,5.068588540057205,77.39266282147938,142.9174422646752,3.5,7,5097.927017150077,194,47.93814432989691,87,381,nan,nan,0.0,0,22,0,0,,,,,,,,,,,,,,,,,,,,,,,,,
stress_strongly_constrained,C3,6049,2501,1636,68.16666666666667,65.41383446621352,354.72164955262656,1004.9602071920594,352.09855847565103,93.7984496124031,78.1360201511335,6.2015503875969,0.3751499637951918,679.3200384028474,0,2710.0,75.54400000000004,8.37236111111112,109.8136208539695,87.90320473762665,21.91041611634285,80.04763348484849,19.219373185317536,3.496139478369527,84.40706525925712,152.51891785273543,3.5,7,5434.560307222781,138,45.65217391304348,63,271,nan,nan,0.0,0,25,0,0,,,,,,,,,,,,,,,,,,,,,,,,,
stress_strongly_constrained,C3,6050,2513,1653,68.875,65.77795463589335,344.350480663773,985.7313900918809,341.8570432174587,91.90871369294605,72.4273756770064,8.091286307053942,0.37960964142566,661.9563159268172,0,3500.0,76.334,8.442222222222231,106.04484653881984,85.09596235048056,20.948884188339264,80.24525955566307,19.187222222222154,4.159446455067738,80.93651589541284,147.2845090816942,3.5,7,5295.650527414537,157,41.40127388535032,92,350,nan,nan,0.0,0,23,0,0,,,,,,,,,,,,,,,,,,,,,,,,,
stress_strongly_constrained,C3,6051,2435,1607,66.95833333333333,65.99589322381931,319.7263535368307,949.4196327792711,317.3123588505063,89.54635108481263,71.88796680497926,10.453648915187378,0.3952805271904262,640.9339938858408,0,4310.0,73.77199999999998,8.166805555555563,104.8184163383145,83.7697655506126,21.048650787701902,79.9189383669328,19.254999999999924,6.357098303718489,77.41266724689412,145.58113380321458,3.5,7,5127.471951086726,235,57.87234042553191,88,431,nan,nan,0.0,0,22,0,0,,,,,,,,,,,,,,,,,,,,,,,,,
stress_strongly_constrained,C3,6052,2577,1668,69.5,64.72642607683353,358.9047157220482,1034.7958486908185,356.1169441525383,96.20758483033931,81.1175337186898,3.792415169660679,0.3626774313302679,683.009716759948,0,2280.0,77.66200000000002,8.614444444444453,109.39779955376568,87.28963793548238,22.108161618283294,79.79103628367056,19.169444444444384,2.8540255478686554,84.43561238761372,151.94138826911896,3.5,7,5464.077734079585,105,19.047619047619047,47,228,nan,nan,0.0,0,24,0,0,,,,,,,,,,,,,,,,,,,,,,,,,
stress_strongly_constrained,C3,6053,2399,1628,67.83333333333333,67.86160900375157,303.76006148945714,897.381951353407,301.34327626594546,90.78947368421053,70.04632012352032,9.210526315789473,0.4098772789785622,614.06872434009,0,4430.0,72.68799999999996,8.046527777777788,100.0106873083482,80.07463497296875,19.936052335379458,80.0660780643237,19.2777143202945,6.214395103617985,73.86023986935076,138.90373237270583,3.5,7,4912.54979472072,243,46.09053497942387,119,443,nan,nan,0.0,0,21,0,0,,,,,,,,,,,,,,,,,,,,,,,,,
stress_strongly_constrained,C3,6054,2566,1644,68.5,64.06858924395948,380.8411982827194,1030.768880264317,378.2230073786319,93.75,77.89317507418397,6.25,0.36536096614946184,673.1287301270083,0,2600.0,77.764,8.607777777777788,108.95208349790997,87.6241948937243,21.32788860418566,80.42452432348868,19.168597818966354,3.1701610459817755,84.45403384774254,151.3223381915416,3.5,7,5385.029841016066,122,33.60655737704918,58,260,nan,nan,0.0,0,24,0,0,,,,,,,,,,,,,,,,,,,,,,,,,
stress_strongly_constrained,C3,6055,2581,1600,66.66666666666667,61.99147617202635,413.8566186567645,1088.7496087937302,411.1138293114617,95.85798816568047,79.65284474445515,4.142011834319527,0.3537353856873463,709.7369122663061,0,2450.0,78.08800000000001,8.649027777777786,114.14841784408853,91.46423093439216,22.684186909696376,80.12746270326765,19.20499999999991,3.455896855300135,88.00833407909201,158.53946922790075,3.5,7,5677.895298130448,145,50.3448275862069,53,245,nan,nan,0.0,0,32,0,0,,,,,,,,,,,,,,,,,,,,,,,,,
stress_strongly_constrained,C3,6056,2484,1648,68.66666666666667,66.34460547504025,318.49377168846115,965.5628408373219,316.0400110846979,90.89108910891089,72.76402223345124,9.108910891089108,0.388100976082947,638.9619721014933,0,4160.0,75.69999999999999,8.361944444444454,104.05383777622254,83.49030509451107,20.563532681711443,80.23760283985368,19.24055555555548,6.041670237991688,77.4486348565194,144.5192191336424,3.5,7,5111.695776811946,219,36.5296803652968,98,416,nan,nan,0.0,0,22,0,0,,,,,,,,,,,,,,,,,,,,,,,,,
stress_strongly_constrained,C4,6007,2558,1639,68.29166666666667,64.07349491790461,374.5989880184748,1019.8375915270985,371.75345813450076,94.90835030549898,82.38993710691824,5.091649694501019,0.3666100093675707,671.722421593569,0,2070.0,77.47400000000002,8.577638888888899,109.0326346042793,87.30125465710525,21.731379947174055,80.06892154257717,19.222777777777665,2.8418340496324332,84.45942060747282,151.43421472816567,3.5,7,5373.779372748553,115,18.26086956521739,47,207,nan,nan,0.0,0,24,0,0,183,0.009246092522516847,0.05052509575145817,0.10122081730514765,0.16444805078208447,,,,,,,,,,,,,,,,,,,,
stress_strongly_constrained,C4,6008,2508,1642,68.41666666666667,65.47049441786284,351.9456396202877,988.2415829393746,349.3303642742494,91.68356997971603,75.18610421836229,8.316430020283976,0.3801229799970136,664.2573722690707,0,2930.0,75.58200000000001,8.38375000000001,106.24916352172019,84.64221104054901,21.60695248117116,79.66388462272069,19.243381041553505,3.742383615382379,80.89982742516665,147.56828266905575,3.5,7,5314.058978152566,145,21.379310344827587,69,293,nan,nan,0.0,0,23,0,0,270,0.013274781638756394,0.04916585792131998,0.10652699274942277,0.16256794333457947,,,,,,,,,,,,,,,,,,,,
stress_strongly_constrained,C4,6009,2503,1675,69.79166666666667,66.91969636436276,333.65206571670416,943.911078612334,330.84517601435726,96.57142857142857,84.0242669362993,3.428571428571429,0.3850271626788213,639.0533348485868,0,1620.0,75.698,8.385555555555564,103.92435429699893,82.9992840619294,20.925070235069555,79.86509478301008,19.154999999999898,2.0652138518340215,80.93407021009537,144.3393809680541,3.5,7,5112.4266787886945,87,11.494252873563218,38,162,nan,nan,0.0,0,24,0,0,139,0.0072981973644346,0.05250501701032086,0.10792089160531754,0.1584361307322979,,,,,,,,,,,,,,,,,,,,
stress_strongly_constrained,C4,6010,2570,1663,69.29166666666667,64.70817120622569,361.34679719359775,991.1687827798906,358.64256740940283,93.7007874015748,77.98254122211445,6.299212598425196,0.37271967312838367,657.2149938269831,0,2350.0,77.07799999999999,8.565138888888896,104.313468278051,83.59191998832236,20.721548289728652,80.13530886108143,19.204085821914823,2.654978210675749,80.93694177764661,144.87981705284864,3.5,7,5257.719950615865,105,14.285714285714285,56,235,nan,nan,0.0,0,24,0,0,212,0.017908524721860886,0.08447417321632493,0.15383907593786714,3.138127038255334,,,,,,,,,,,,,,,,,,,,
stress_strongly_constrained,C4,6011,2552,1627,67.79166666666667,63.7539184952978,376.7303292213332,1021.5875015810026,374.13598570553165,95.08196721311475,74.07945736434108,4.918032786885246,0.37167592574600694,666.356831542817,0,3230.0,76.83799999999998,8.525972222222235,106.7146667703,85.36923450421348,21.345432266086505,79.99765832373174,19.133888888888805,4.392601796610641,80.97663270760285,148.21481495875,3.5,7,5330.854652342536,164,12.195121951219512,74,323,nan,nan,0.0,0,23,0,0,300,0.015139664523303509,0.050465548411011696,0.11509155156090857,0.18517207354307175,,,,,,,,,,,,,,,,,,,,
stress_strongly_constrained,C4,6012,2457,1642,68.41666666666667,66.82946682946684,325.3484078405324,929.8457930818932,322.8572970448352,91.78947368421053,71.44298688193744,8.210526315789474,0.39455255005681134,637.9185569113582,0,3730.0,74.08399999999997,8.215972222222232,103.03773116727666,82.43937091173869,20.59836025553797,80.00891515934337,19.281814111480273,5.019228665247592,77.4201422464911,143.10795995455092,3.5,7,5103.348455290867,196,16.3265306122449,99,373,nan,nan,0.0,0,22,0,0,351,0.017378894379362464,0.04951251959932326,0.11589808855205774,0.15635997988283634,,,,,,,,,,,,,,,,,,,,
stress_strongly_constrained,C4,6013,2552,1666,69.41666666666667,65.28213166144201,363.2286984740713,992.7671740358667,360.3333367616443,98.49056603773585,85.01483679525222,1.509433962264151,0.3701154138211078,659.9655731396917,0,1200.0,76.74799999999999,8.519722222222235,107.61352163904195,85.78542782554958,21.82809381349238,79.71621643727234,19.204999999999917,1.3343137918251406,84.45111403372445,149.4632244986694,3.5,7,5279.724585117535,60,23.333333333333332,24,120,nan,nan,0.0,0,24,0,0,96,0.007189896190539002,0.07489475198478128,0.15177379827946424,0.24290615692734718,,,,,,,,,,,,,,,,,,,,
stress_strongly_constrained,C4,6014,2608,1638,68.25,62.806748466257666,372.8878814696743,1069.898596319269,370.4303552146715,91.1070780399274,74.18570734078756,8.892921960072595,0.35292920839322384,681.8963410955627,0,4030.0,78.85800000000003,8.736250000000005,111.91277596550309,89.66349066853888,22.249285296964207,80.11908371942941,19.23052376471091,5.253646799171507,84.40984386936736,155.4344110631987,3.5,7,5455.1707287645,178,12.359550561797752,94,403,nan,nan,0.0,0,25,0,0,379,0.02532207127660513,0.0668128529725729,0.15338386874645948,0.2496789675205946,,,,,,,,,,,,,,,,,,,,
stress_strongly_constrained,C4,6015,2469,1648,68.66666666666667,66.7476711219117,326.03089571638594,937.2668781744139,323.4254788105303,93.89002036659878,77.60364004044489,6.109979633401222,0.38805484158393355,632.4008346334742,0,3200.0,74.81400000000001,8.281666666666675,105.58041124765425,84.70924040177314,20.871170845881103,80.23196670741817,19.18287766474742,3.8134556166785116,80.89578478509463,146.63946006618644,3.5,7,5059.206677067794,150,14.666666666666666,84,320,nan,nan,0.0,0,24,0,0,297,0.01351080252788961,0.04549091760232192,0.09966390207409859,0.1593360211700201,,,,,,,,,,,,,,,,,,,,
stress_strongly_constrained,C4,6016,2574,1652,68.83333333333333,64.18026418026417,378.7528562553015,1026.4723190071225,376.0954436757371,94.79553903345726,78.63457760314341,5.204460966542751,0.3628312778796676,674.272027318369,0,2710.0,77.55400000000002,8.603194444444451,109.60918394131149,87.80525217851496,21.803931762796527,80.10756856426275,19.183347872811897,3.3500219177041783,84.45523026081078,152.23497769626593,3.5,7,5394.176218546954,128,16.40625,66,271,nan,nan,0.0,0,24,0,0,247,0.02049105614423752,0.08295974147464581,0.17954001668840644,2.145628212019801,,,,,,,,,,,,,,,,,,,,
stress_strongly_constrained,C4,6017,2471,1650,68.75,66.77458518818293,340.527929272311,963.3434664205473,338.0179117065733,91.35559921414537,73.44546381243629,8.644400785854616,0.39351805061450074,647.9187463494342,0,3260.0,75.40599999999999,8.32527777777779,102.23360284604756,81.42724072804012,20.806362118007435,79.6482159106341,19.304999999999943,4.050338270688426,77.3769024573517,141.99111506395496,3.5,7,5183.3499707954725,155,14.838709677419354,82,326,nan,nan,0.0,0,24,0,0,304,0.01934537780471146,0.06363611119970876,0.11774793965741946,3.1361780129373074,,,,,,,,,,,,,,,,,,,,
stress_strongly_constrained,C4,6018,2557,1645,68.54166666666667,64.33320297223308,390.2905007917694,1030.3356469297785,387.43876016675534,97.14285714285714,81.51910982099662,2.857142857142857,0.361632705888268,691.243107600368,0,1290.0,76.88,8.535138888888895,111.99956140835764,89.09137692006149,22.908184488296133,79.54618375265648,19.240555555555492,1.145501175566824,87.94587574449469,155.55494640049673,3.5,7,5529.944860802946,52,11.538461538461538,31,129,nan,nan,0.0,0,25,0,0,104,0.005206109024584293,0.05005874062100282,0.117897754535079,0.16186595894396305,,,,,,,,,,,,,,,,,,,,
stress_strongly_constrained,C4,6019,2565,1657,69.04166666666667,64.60038986354776,368.1850872874537,1017.8463456013286,365.4308518394857,95.59748427672956,79.11877394636015,4.40251572327044,0.3657040528775416,673.5269233465164,0,2220.0,77.47800000000002,8.586666666666673,108.85446554253606,86.97604454535288,21.8784209971832,79.90121867013903,19.240555555555463,2.4561176694299194,84.51992687592295,151.18675769796675,3.5,7,5388.215386772132,81,17.28395061728395,52,222,nan,nan,0.0,0,24,0,0,198,0.008685830282047391,0.043867829707310055,0.11715613072738051,0.16280892305076122,,,,,,,,,,,,,,,,,,,,
stress_strongly_constrained,C4,6020,2482,1653,68.875,66.59951651893634,336.2909652516142,926.3129950842571,333.62335126864843,94.95145631067962,77.93594306049823,5.048543689320388,0.3874193971590121,635.5601677403746,0,2360.0,74.43599999999998,8.271666666666675,104.64642723640907,84.04444383628146,20.601983400127576,80.3127694425867,19.22277777777771,3.1443627578404874,80.90008107844098,145.34226005056814,3.5,7,5084.481341922997,130,22.30769230769231,54,236,nan,nan,0.0,0,23,0,0,213,0.01821779552847147,0.08552955647169704,0.1877196133136749,0.2844058908522129,,,,,,,,,,,,,,,,,,,,
stress_strongly_constrained,C4,6021,2514,1632,68.0,64.9164677804296,365.63225050943527,981.863509244685,362.9496482888539,95.51282051282051,76.97947214076247,4.487179487179487,0.38099112171207605,654.8932536194334,0,2430.0,76.13800000000003,8.429861111111117,105.14911389384417,84.08844546210885,21.060668431735337,79.97066484744929,19.237222222222186,3.1947262512431185,80.89371921086573,146.04043596367248,3.5,7,5239.146028955465,124,14.516129032258066,58,243,nan,nan,0.0,0,25,0,0,220,0.010996125405654311,0.049982388207519594,0.10182776022702454,0.16452488489449024,,,,,,,,,,,,,,,,,,,,
stress_strongly_constrained,C4,6022,2526,1645,68.54166666666667,65.12272367379256,349.7368603749651,988.7147098579294,347.06165556137347,93.68635437881873,77.39557739557739,6.313645621181263,0.3772074726386031,654.1966889441106,0,2720.0,76.60400000000001,8.477222222222233,106.1284957601646,84.73476392507771,21.393731835086886,79.84167053169801,19.22277777777768,3.7351802602124953,80.9995836648652,147.40068855578417,3.5,7,5233.573511552886,135,24.444444444444443,49,272,nan,nan,0.0,0,23,0,0,249,0.018433701246976852,0.07403092870271828,0.15510255470871923,0.24669594131410122,,,,,,,,,,,,,,,,,,,,
stress_strongly_constrained,C4,6023,2531,1634,68.08333333333333,64.55946266297906,370.40968737235227,1007.9301935460974,367.83159780463336,94.6257197696737,75.92039800995025,5.3742802303262955,0.3756143761843178,662.5066754783182,0,2830.0,76.72000000000003,8.491527777777787,106.54611931783295,84.92790303989514,21.618216277937805,79.70999186422785,19.154999999999937,3.927694395852337,81.00020864404281,147.98072127476797,3.5,7,5300.053403826545,152,13.815789473684212,61,283,nan,nan,0.0,0,24,0,0,260,0.042884930269792676,0.1649420394992026,0.15657611656934017,3.135066945105791,,,,,,,,,,,,,,,,,,,,
stress_strongly_constrained,C4,6024,2521,1654,68.91666666666667,65.60888536295121,350.4407928282168,988.468086607778,347.82404695050207,92.84253578732107,75.0,7.157464212678937,0.37787077413754777,658.6758691301782,0,3250.0,76.54400000000001,8.466805555555565,106.24643409677246,85.30750862210493,20.938925474667535,80.2921145987867,19.240555555555524,4.376144486187809,80.93136413591714,147.56449180107288,3.5,7,5269.406953041426,168,16.666666666666664,84,325,nan,nan,0.0,0,23,0,0,302,0.014939606888219714,0.049468896980859975,0.10078526102006434,0.15998585149645805,,,,,,,,,,,,,,,,,,,,
stress_strongly_constrained,C4,6025,2474,1617,67.375,65.35974130962005,349.5226903123463,981.9184758759023,347.0061825090444,91.96787148594377,74.3421052631579,8.032128514056225,0.38464323172905457,662.3578730970161,0,3640.0,75.11200000000002,8.30861111111112,107.04549852406458,85.68670473388973,21.358793790174847,80.04699489033325,19.308333333333238,4.8098364138690854,80.87686832002063,148.67430350564524,3.5,7,5298.8629847761285,186,17.741935483870968,81,364,nan,nan,0.0,0,24,0,0,341,0.017101941164582968,0.05015232013074184,0.10121404193341732,0.21676300093531609,,,,,,,,,,,,,,,,,,,,
stress_strongly_constrained,C4,6026,2575,1650,68.75,64.07766990291263,381.23613339419705,1043.812809196537,378.39410837837676,95.03105590062113,82.98279158699809,4.968944099378882,0.3618319560358793,675.9826256902614,0,2390.0,77.66000000000001,8.611805555555563,110.08479332333354,87.69228487945816,22.39250844387539,79.6588540815936,19.237222222222154,3.2373867348196215,84.45489814463853,152.89554628240768,3.5,7,5407.8610055220925,132,12.878787878787879,48,239,nan,nan,0.0,0,24,0,0,215,0.0112658622674644,0.05239935938355534,0.10622111149132239,0.1574791967868805,,,,,,,,,,,,,,,,,,,,
stress_strongly_constrained,C4,6027,2543,1682,70.08333333333333,66.14235155328352,341.6068279575345,994.2263269693435,338.96219815561966,92.7536231884058,76.2135922330097,7.246376811594203,0.368207159778539,651.8773891196499,0,2600.0,76.99400000000001,8.525555555555567,109.61267596756153,87.69194799185881,21.92072797570273,80.00164873067247,19.31831401101599,3.220013607670372,84.47193438418843,152.23982773272436,3.5,7,5215.019112957197,114,17.543859649122805,54,260,nan,nan,0.0,0,24,0,0,236,0.014854720560833812,0.06294373118997378,0.1336297718808055,0.25042914785444736,,,,,,,,,,,,,,,,,,,,
stress_strongly_constrained,C4,6028,2530,1639,68.29166666666667,64.78260869565217,374.8714368365477,1015.3545541557355,372.09121301269465,95.9266802443992,83.6194212849436,4.0733197556008145,0.37172225113597546,672.853210718147,0,2170.0,77.11399999999999,8.517638888888898,108.88798334567812,87.05068837428452,21.8372949713936,79.94517457259866,19.34055555555548,2.592824784433022,84.4578635898515,151.23331020233073,3.5,7,5382.825685745176,105,17.142857142857142,58,217,nan,nan,0.0,0,26,0,0,193,0.013852748088538647,0.07177589683180646,0.16864086501300296,0.24166610091924667,,,,,,,,,,,,,,,,,,,,
stress_strongly_constrained,C4,6029,2483,1625,67.70833333333333,65.44502617801047,349.5986486975492,983.4150951534672,347.21313997755215,90.74446680080483,70.69486404833837,9.25553319919517,0.38700771152281166,646.4142920126661,0,4370.0,75.67999999999995,8.359305555555569,104.78355816286046,83.52020915132161,21.263349011538864,79.70736116968831,19.169444444444377,6.087843475545314,77.43236567577628,145.53271967063955,3.5,7,5171.31433610133,221,22.171945701357465,97,437,nan,nan,0.0,0,22,0,0,415,0.030575446551665664,0.07367577482329077,0.16779608558863307,0.2481990959495306,,,,,,,,,,,,,,,,,,,,
stress_strongly_constrained,C4,6030,2534,1645,68.54166666666667,64.9171270718232,365.4088111767401,1011.6056783886064,362.8476005587527,93.62549800796813,76.27952755905511,6.374501992031872,0.3734667316765492,661.2397262763768,0,3770.0,76.754,8.497638888888897,107.48316255430765,85.88816874852984,21.594993805777815,79.9084867875314,19.254999999999917,4.939851725383846,80.94831702314599,149.28217021431618,3.5,7,5289.9178102110145,202,17.326732673267326,87,377,nan,nan,0.0,0,23,0,0,354,0.026123678544536233,0.0737957021032097,0.15424388693645597,0.24557881988584995,,,,,,,,,,,,,,,,,,,,
stress_strongly_constrained,C4,6031,2490,1642,68.41666666666667,65.94377510040161,338.0132888114471,962.4965815705114,335.58666744935505,91.29593810444874,70.95793208312216,8.704061895551257,0.38860317276436607,641.8305841378503,0,3710.0,75.85000000000002,8.37986111111112,103.16457248772515,82.51171721568991,20.652855272035232,79.9806709086178,19.2049999999999,5.032638131730746,77.47907908395916,143.28412845517386,3.5,7,5134.644673102804,178,18.53932584269663,86,371,nan,nan,0.0,0,22,0,0,349,0.016984215704724193,0.048665374512103704,0.11573610827326775,0.17488794401288033,,,,,,,,,,,,,,,,,,,,
stress_strongly_constrained,C4,6032,2579,1646,68.58333333333333,63.8231872818922,386.11131115396444,1047.531837344334,383.4947584572296,93.20987654320987,75.05972288580985,6.790123456790123,0.36159055643937255,686.7404034558308,0,3080.0,78.02200000000003,8.641944444444452,109.82383949092143,88.08859539514901,21.735244095772398,80.20899269546193,19.197932866463503,3.684316303464624,84.40427909168439,152.5331104040575,3.5,7,5493.923227646646,140,17.857142857142858,69,308,nan,nan,0.0,0,24,0,0,284,0.013313910225406289,0.046879965582416507,0.10173722403123973,0.16302219592034817,,,,,,,,,,,,,,,,,,,,
stress_strongly_constrained,C4,6033,2589,1674,69.75,64.65816917728853,359.88030180242924,1029.453143421571,357.2479764173803,94.6969696969697,77.29257641921397,5.303030303030303,0.3612358150624384,662.5104989905263,0,2290.0,78.11200000000002,8.660694444444454,109.0281705240355,87.35518298070943,21.67298754332607,80.12166264997704,19.34388888888885,2.934917276871911,84.42026570383752,151.42801461671598,3.5,7,5300.083991924212,110,11.818181818181818,43,229,nan,nan,0.0,0,24,0,0,205,0.04062027204781771,0.19814766852594004,0.19131228327751149,6.252336082980037,,,,,,,,,,,,,,,,,,,,
stress_strongly_constrained,C4,6034,2456,1631,67.95833333333333,66.40879478827361,322.5964012225334,935.5470937019626,320.0732549799861,89.31623931623932,72.33400402414487,10.683760683760683,0.3936280383401596,644.7049001883314,0,3860.0,74.37199999999997,8.234722222222233,103.67024991606807,82.8506256322654,20.819624283802668,79.91745529632817,19.17002504531483,5.389431934441019,77.46119369782437,143.9864582167612,3.5,7,5157.639201506651,198,16.161616161616163,93,386,nan,nan,0.0,0,22,0,0,364,0.04966761125251651,0.13644948146295743,0.16840497264638526,5.143061047419906,,,,,,,,,,,,,,,,,,,,
stress_strongly_constrained,C4,6035,2446,1634,68.08333333333333,66.80294358135733,335.6397586622088,953.601068903589,333.08290464429626,92.6829268292683,74.76970317297851,7.317073170731707,0.3905667303049267,662.8579647752031,0,3240.0,73.896,8.18916666666668,106.4335633443622,85.1161481879916,21.317415156370593,79.97115337818877,19.1215966523416,4.217116749626738,80.89903143836484,147.82439353383637,3.5,7,5302.863718201623,167,14.37125748502994,77,324,nan,nan,0.0,0,23,0,0,301,0.013826862443238497,0.045936420077204304,0.09688013233244419,0.2269900869578123,,,,,,,,,,,,,,,,,,,,
stress_strongly_constrained,C4,6036,2491,1651,68.79166666666667,66.2786029706945,335.93450345655503,959.4007467338013,333.29017346264203,94.82758620689656,78.97409852717115,5.172413793103448,0.3842536966817398,641.3049585592382,0,2560.0,75.11800000000001,8.330277777777788,105.56987071131789,84.3902691775896,21.17960153372829,79.93783511240233,19.199324824964144,3.4238555949737592,80.96641358261581,146.62482043238595,3.5,7,5130.439668473906,142,22.535211267605636,50,256,nan,nan,0.0,0,23,0,0,233,0.012396741192787886,0.05320489782312397,0.10249004699289797,0.1658061519265175,,,,,,,,,,,,,,,,,,,,
stress_strongly_constrained,C4,6037,2582,1679,69.95833333333333,65.0271107668474,362.5381640143395,1006.0747303202858,359.7743738298473,93.24055666003976,80.95238095238095,6.759443339960239,0.3650439496952586,661.0973897093266,0,1800.0,77.67600000000003,8.621666666666679,107.53468497553102,86.31644832910985,21.218236646421172,80.26847184120241,19.133553418876865,1.839476217799345,84.4769721113105,149.353729132682,3.5,7,5288.779117674613,71,7.042253521126761,49,180,nan,nan,0.0,0,24,0,0,156,0.009746555471792817,0.0624779196909796,0.12111495016142726,0.23972894996404648,,,,,,,,,,,,,,,,,,,,
stress_strongly_constrained,C4,6038,2475,1650,68.75,66.66666666666666,330.26682727112535,961.8955734430109,327.68462825519543,91.51138716356108,74.19678714859438,8.488612836438923,0.3914914088167273,639.7873368180663,0,3670.0,75.26799999999999,8.320694444444454,103.00094852156508,82.5029439854865,20.49800453607856,80.09920798759735,19.187222222222147,5.054232056779896,77.44871192870662,143.05687294661817,3.5,7,5118.298694544532,197,23.85786802030457,80,367,nan,nan,0.0,0,22,0,0,345,0.037290371023118496,0.1080880319510681,0.15960219316184526,3.1566820107400417,,,,,,,,,,,,,,,,,,,,
stress_strongly_constrained,C4,6039,2474,1579,65.79166666666667,63.823767178658045,360.8532220288055,1000.5848245909372,358.339274023425,90.67460317460318,75.38071065989847,9.325396825396826,0.38235726297790573,661.8193732918267,0,4180.0,75.17199999999998,8.312777777777786,108.36221652472632,87.04217717942485,21.320039345301442,80.32520925738298,19.228509158694788,6.182799855340414,80.85937732408445,150.50307850656432,3.5,7,5294.554986334614,250,21.6,102,418,nan,nan,0.0,0,25,0,0,395,0.02956092730164528,0.07483779063707666,0.15173591673374162,0.23646093904972076,,,,,,,,,,,,,,,,,,,,
stress_strongly_constrained,C4,6040,2503,1654,68.91666666666667,66.08070315621255,359.0158740434419,970.4212596262619,356.3901134482079,93.19999999999999,77.68347478781827,6.800000000000001,0.3820256414171578,641.6477132600183,0,3110.0,75.16800000000003,8.348750000000006,105.65323054371711,84.77473351768332,20.878497026033806,80.23865723879148,19.253075492239308,3.9007874752656453,80.87394604241767,146.74059797738488,3.5,7,5133.181706080149,139,8.633093525179856,75,311,nan,nan,0.0,0,23,0,0,288,0.012701875763013959,0.044103735288242914,0.09693370666354895,0.15821587294340134,,,,,,,,,,,,,,,,,,,,
stress_strongly_constrained,C4,6041,2420,1647,68.625,68.05785123966942,315.24633026884663,927.5878758848562,312.7647525803366,89.0295358649789,73.48406988694758,10.970464135021098,0.39892942505397766,640.389076065729,0,4110.0,72.986,8.093472222222228,104.21665116890888,82.90824634372748,21.308404825181395,79.55374252944873,19.25101454792889,5.435260418740566,77.47298592498692,144.74534884570676,3.5,7,5123.112608525833,192,13.541666666666666,104,411,nan,nan,0.0,0,22,0,0,389,0.01788055128417909,0.04596542746575602,0.10000839829444885,0.16261613927781582,,,,,,,,,,,,,,,,,,,,
stress_strongly_constrained,C4,6042,2502,1646,68.58333333333333,65.78737010391687,348.40331389905396,970.2606157098824,345.75606243575135,94.14141414141413,77.62830094668661,5.858585858585859,0.3824025230233601,652.0173237880595,0,2880.0,75.66,8.381666666666675,105.53614673854456,84.65013707831251,20.886009660232077,80.20961508858659,19.17550763463007,3.720971329687698,80.92916574862481,146.5779815813119,3.5,7,5216.138590304476,148,20.27027027027027,61,288,nan,nan,0.0,0,23,0,0,265,0.012626500334590673,0.04764717107392707,0.10288157500326632,0.16196002252399921,,,,,,,,,,,,,,,,,,,,
stress_strongly_constrained,C4,6043,2527,1626,67.75,64.34507320933913,377.86442574937155,1013.8039529035394,375.1097876157822,94.77756286266926,81.04477611940298,5.222437137330754,0.3725838137484737,679.7674576825727,0,1880.0,76.23400000000001,8.452777777777786,108.69172328087916,86.97159682613604,21.72012645474312,80.0167613511708,19.15166666666666,2.4026422186542837,84.56895460748176,150.96072677899883,3.5,7,5438.139661460585,90,21.11111111111111,40,188,nan,nan,0.0,0,24,0,0,164,0.012255054200068116,0.07472594024431778,0.15844248700886962,0.23839599452912807,,,,,,,,,,,,,,,,,,,,
stress_strongly_constrained,C4,6044,2576,1656,69.0,64.28571428571429,368.307435881446,1039.554221417547,365.633190016056,94.10609037328095,79.05176584421866,5.893909626719057,0.36219127840581017,675.0392659767625,0,2740.0,77.98,8.635277777777787,109.77782363825335,87.965856263019,21.811967375234353,80.13080725018699,19.13464641365101,3.555227562408459,84.41062870061054,152.4691994975741,3.5,7,5400.314127814102,113,7.079646017699115,66,274,nan,nan,0.0,0,24,0,0,250,0.011741223745048046,0.046964894980192184,0.10931122815236421,0.1896210014820099,,,,,,,,,,,,,,,,,,,,
stress_strongly_constrained,C4,6045,2480,1658,69.08333333333333,66.85483870967742,334.61421097614675,941.7482702335656,332.03446084897735,94.73684210526316,75.81047381546135,5.263157894736842,0.38457317175390443,634.133545365323,0,3210.0,74.73800000000001,8.2901388888889,106.48585306975106,85.03011007183467,21.455742997916403,79.85108596175465,19.154999999999923,4.051250564433998,80.97885950740067,147.89701815243205,3.5,7,5073.068362922585,137,11.678832116788321,85,321,nan,nan,0.0,0,23,0,0,298,0.039582333993166685,0.13282662413814325,0.18726165872067196,3.184730187058449,,,,,,,,,,,,,,,,,,,,
stress_strongly_constrained,C4,6046,2414,1660,69.16666666666667,68.76553438276719,303.3499673665275,897.9352552377958,300.664412812752,93.61702127659575,76.54320987654322,6.382978723404255,0.40539380258312496,635.4342734313136,0,2440.0,72.536,8.054722222222233,101.09316971211999,80.64553429215135,20.44763541996864,79.77347482703652,19.232187577105773,3.307054505453078,77.33847978669827,140.4071801557222,3.5,7,5083.474187450509,143,13.986013986013987,45,244,nan,nan,0.0,0,22,0,0,222,0.018363951705396175,0.08272050317746026,0.1598352566361427,0.289547024294734,,,,,,,,,,,,,,,,,,,,
stress_strongly_constrained,C4,6047,2468,1629,67.875,66.00486223662885,319.33147255007816,976.0355964171395,316.9367505825758,89.62075848303394,70.76766649720386,10.379241516966067,0.3900213422404645,644.7629068932678,0,4500.0,75.53599999999997,8.330555555555568,104.54770686949244,83.56206710810879,20.985639761383666,79.92721180620427,19.304251516081955,6.194771957244197,77.3672951508646,145.20514842985062,3.5,7,5158.103255146142,242,24.793388429752067,109,450,nan,nan,0.0,0,22,0,0,428,0.05455570272170007,0.12746659514415903,0.15518307918682694,3.1961670611053705,,,,,,,,,,,,,,,,,,,,
stress_strongly_constrained,C4,6048,2457,1627,67.79166666666667,66.21896621896623,343.9735213302819,952.444376470076,341.4438639568874,89.28571428571429,73.44775365976778,10.714285714285714,0.39397560813808336,643.468833480982,0,3810.0,74.25999999999999,8.228194444444453,103.370049712464,82.49564025042548,20.87440946203851,79.80613386556053,19.24055555555549,5.074465197597764,77.42117505282772,143.56951348953334,3.5,7,5147.750667847855,194,24.742268041237114,87,381,nan,nan,0.0,0,22,0,0,359,0.018815523013472557,0.05241092761412969,0.11869985610246651,0.16326084733009338,,,,,,,,,,,,,,,,,,,,
stress_strongly_constrained,C4,6049,2501,1641,68.375,65.61375449820072,352.7494518590658,996.9422472234942,350.1263214822,93.7984496124031,78.1360201511335,6.2015503875969,0.375486584605477,671.9534479599116,0,2710.0,75.54400000000003,8.372361111111118,109.61972726724525,87.8757602931822,21.74396697406305,80.1641843889533,19.26916261067685,3.496405514958,84.37935477822421,152.2496212045073,3.5,7,5375.627583679289,138,12.318840579710146,63,271,nan,nan,0.0,0,24,0,0,247,0.014383983565494418,0.05823475127730534,0.1199966762214899,0.23851613514125347,,,,,,,,,,,,,,,,,,,,
stress_strongly_constrained,C4,6050,2513,1653,68.875,65.77795463589335,344.46258787793573,980.1763478518371,341.97684017061584,91.90871369294605,72.18119153126538,8.091286307053942,0.37966630540044705,660.2410919768055,0,3500.0,76.33399999999999,8.44222222222223,106.0122080893425,85.17546235048056,20.83674573886193,80.344956383418,19.187222222222093,4.162527688070065,81.01293466241052,147.2391779018646,3.5,7,5281.928735814445,157,14.012738853503185,92,350,nan,nan,0.0,0,23,0,0,327,0.015089777298271656,0.04614610794578488,0.10028083343058823,0.1632021740078926,,,,,,,,,,,,,,,,,,,,
stress_strongly_constrained,C4,6051,2435,1607,66.95833333333333,65.99589322381931,319.19167975720563,949.7825540034464,316.77287295732333,89.94082840236686,71.99170124481327,10.059171597633137,0.39528768322946367,641.7838246075668,0,4240.0,73.75799999999997,8.165833333333342,104.81429445982893,83.6496266617237,21.164667798105217,79.80746051177515,19.30833333333326,6.251247841470659,77.39837882025304,145.5754089719846,3.5,7,5134.270596860534,230,26.08695652173913,88,424,nan,nan,0.0,0,23,0,0,402,0.06751731224358082,0.16795351304373338,0.21253133891150328,3.308353014290333,,,,,,,,,,,,,,,,,,,,
stress_strongly_constrained,C4,6052,2577,1682,70.08333333333333,65.2696934419868,350.8571517574363,1018.1527133978474,348.0692966023748,96.20758483033931,81.1175337186898,3.792415169660679,0.3635816385656635,664.3467628583329,0,2280.0,77.662,8.614444444444453,108.87697618617784,87.28286015770459,21.59411602847326,80.166499121405,19.138683164883233,2.8501835477924207,84.43267660991216,151.21802248080257,3.5,7,5314.774102866662,105,14.285714285714285,47,228,nan,nan,0.0,0,24,0,0,204,0.015343597158789635,0.0752137115626943,0.18105265917256474,0.24554692208766937,,,,,,,,,,,,,,,,,,,,
stress_strongly_constrained,C4,6053,2399,1632,68.0,68.02834514380991,300.71910062744723,893.6222911517696,298.301862104287,90.78947368421053,70.0977869274318,9.210526315789473,0.4098900971326761,611.8656166652504,0,4380.0,72.67799999999998,8.045833333333345,100.00330405157857,80.12382941741319,19.879474634165355,80.12118217222887,19.173483597992284,6.176061757442808,73.9477676599704,138.89347784941467,3.5,7,4894.924933322003,243,14.814814814814813,117,438,nan,nan,0.0,0,21,0,0,417,0.02072417503222823,0.049698261468173216,0.0995317008346319,0.19070995040237904,,,,,,,,,,,,,,,,,,,,
stress_strongly_constrained,C4,6054,2566,1641,68.375,63.95167575993764,381.13294900535976,1036.7703204832133,378.5147581012722,93.75,77.89317507418397,6.25,0.3650302436676517,675.5096868052639,0,2600.0,77.76400000000001,8.607777777777786,109.14257964743263,87.66341711594653,21.47916253148608,80.32008900571066,19.26642408897326,3.1706226959853687,84.49279441996117,151.58691617698975,3.5,7,5404.077494442112,122,8.19672131147541,58,260,nan,nan,0.0,0,24,0,0,236,0.01684301532804966,0.07136870901715957,0.15391275519505143,0.2501499839127064,,,,,,,,,,,,,,,,,,,,
stress_strongly_constrained,C4,6055,2581,1620,67.5,62.766369624176676,401.6920764755168,1059.7333823171798,398.9083968288272,96.44970414201184,80.95467695274831,3.5502958579881656,0.3560988237851131,690.654890052227,0,1850.0,77.96800000000002,8.640694444444454,112.78707749977487,90.3640642677255,22.42301323204938,80.1191645983609,19.204999999999963,2.4011776336774298,87.96288663404806,156.64871874968733,3.5,7,5525.239120417814,98,16.3265306122449,42,185,nan,nan,0.0,0,25,0,0,160,0.008619439322501421,0.05387149576563388,0.11816498590633273,0.16291486099362373,,,,,,,,,,,,,,,,,,,,
stress_strongly_constrained,C4,6056,2484,1644,68.5,66.18357487922705,321.4766587329399,974.6630952656654,319.0297271716357,90.6930693069307,72.51136937847397,9.306930693069306,0.3873743138165824,646.8247212866,0,4190.0,75.70599999999997,8.362361111111122,104.47239524164856,83.54199953895551,20.930395702693044,79.96562091423264,19.13722222222218,6.0949605353613086,77.44703900359421,145.10054894673414,3.5,7,5174.597770292801,220,15.454545454545453,98,419,nan,nan,0.0,0,23,0,0,397,0.019235971616581082,0.04845332900902036,0.10048123076558113,0.16323686577379704,,,,,,,,,,,,,,,,,,,,
stress_strongly_constrained,C5,6007,2558,1669,69.54166666666667,65.24628616106332,354.06445316172505,996.177504488225,351.2159826851415,94.90835030549898,83.01886792452831,5.091649694501019,0.36635723028710515,645.3366360562507,0,2070.0,77.47400000000002,8.577638888888897,109.17823535462746,87.32781021266081,21.850425141966653,79.98646427010551,19.130643599022633,2.8405135500599226,84.48729666260087,151.63643799253813,3.5,7,5162.693088450007,115,20.0,47,207,nan,nan,0.6311323100235313,183,24,0,0,,,,,,183,0.6311323100235313,0.0034488104372870565,0.002274884143844247,0.007734894659370184,0.011034624883905053,3.4488104372870563,7.734894659370184,11.034624883905053,34.01639344262295,166.82513661202185,34.01639344262295,0.0,31.327868852459016,0,0,0,0.0,14.07486453779756,4.8085121294537005
stress_strongly_constrained,C5,6008,2508,1696,70.66666666666667,67.62360446570973,321.36106596488764,927.0312426762699,318.6893325317573,92.69776876267748,77.41935483870968,7.302231237322515,0.3824070690128415,616.2336135107022,0,2580.0,75.51199999999999,8.378888888888897,104.93352824860332,84.25362770721571,20.67990054138762,80.2923804368859,19.16327438365722,3.2880949251400065,80.96553278207571,145.74101145639352,3.5,7,4929.8689080856175,124,25.806451612903224,58,258,nan,nan,0.9479231699369848,235,23,0,0,,,,,,235,0.9479231699369848,0.004033715616753127,0.002365788910537958,0.012669010064564641,0.016061275033280253,4.033715616753127,12.669010064564642,16.061275033280253,33.0,161.87659574468086,33.0,0.0,29.361702127659573,0,0,0,0.0,3.712162462886463,1.4377521817636916
stress_strongly_constrained,C5,6009,2503,1732,72.16666666666667,69.19696364362765,296.3414856757904,884.2984515485285,293.3979776579196,97.90476190476191,88.92821031344793,2.0952380952380953,0.38695457865664606,588.7687519490682,0,1140.0,75.602,8.378888888888898,102.81416269377188,82.22406183970716,20.59010085406471,79.97347805536134,19.272777777777687,1.3046494346054707,80.9194124051017,142.79744818579425,3.5,7,4710.150015592547,53,15.09433962264151,26,114,nan,nan,0.43391653313301504,91,23,0,0,,,,,,91,0.43391653313301504,0.004768313550912253,0.0028856031130999327,0.01202043890953064,0.015837747137993574,4.768313550912253,12.02043890953064,15.837747137993574,38.73626373626374,187.78021978021977,38.73626373626374,0.0,35.120879120879124,0,0,0,0.0,13.62765549822315,4.545435188048108
stress_strongly_constrained,C5,6010,2570,1718,71.58333333333333,66.84824902723734,327.77412098551866,977.3249987661499,325.0236983898918,94.09448818897637,79.43743937924346,5.905511811023622,0.3658091473774364,637.6335478428488,0,2060.0,77.02,8.561111111111119,108.29393111059665,86.75555887721126,21.538372233385395,80.11119181610553,19.20893183703549,2.280894302926509,84.47466457428473,150.40823765360642,3.5,7,5101.068382742791,93,20.43010752688172,47,206,nan,nan,0.7064439028035849,182,24,0,0,,,,,,182,0.7064439028035849,0.003881559905514203,0.0027809650637209415,0.009750994818750768,0.01461349194869399,3.881559905514203,9.750994818750767,14.61349194869399,32.06043956043956,157.63186813186815,32.06043956043956,0.0,29.115384615384617,0,0,0,0.0,9.401331840266314,2.641698560169849
stress_strongly_constrained,C5,6011,2552,1677,69.875,65.71316614420063,349.9119113121481,1001.5197041951069,347.2823582984368,95.49180327868852,75.92054263565892,4.508196721311475,0.3653879271147185,649.5177769877315,0,2850.0,76.762,8.520694444444455,110.33655398192212,88.20595672643572,22.130597255486425,79.94264234578836,19.20499999999992,3.7291664450616437,84.47679028137405,153.24521386378075,3.5,7,5196.142215901852,137,11.678832116788321,67,285,nan,nan,1.2034003308508545,257,25,0,0,,,,,,257,1.2034003308508545,0.004682491559730951,0.0033535410184413195,0.013479304872453208,0.024440732086077332,4.682491559730951,13.479304872453207,24.440732086077332,33.56031128404669,164.2373540856031,33.56031128404669,0.0,30.377431906614785,0,0,0,0.0,28.315770408139144,7.347343488588102
stress_strongly_constrained,C5,6012,2457,1674,69.75,68.13186813186813,306.3170080051758,917.6900136629246,303.773933034455,92.0,73.76387487386478,8.0,0.39414447358783034,614.9110756206029,0,3650.0,74.06799999999998,8.214861111111123,103.27278321340974,82.2614820228498,21.011301190559937,79.65456092420712,19.2049999999999,4.873280978711353,77.38820104413844,143.43442112973577,3.5,7,4919.288604964823,192,22.916666666666664,97,365,nan,nan,1.5479177434463054,343,22,0,0,,,,,,343,1.5479177434463054,0.004512879718502348,0.0032468840945512056,0.01127888686023652,0.01791531592607498,4.512879718502348,11.278886860236518,17.91531592607498,34.373177842565596,167.5860058309038,34.373177842565596,0.0,29.93002915451895,0,0,0,0.0,70.79321621282631,18.69138124183866
stress_strongly_constrained,C5,6013,2552,1683,70.125,65.94827586206897,353.32748352934266,973.2312753810792,350.4264039041807,98.49056603773585,86.05341246290801,1.509433962264151,0.370965220466989,646.438126398775,0,1200.0,76.74799999999999,8.519722222222233,107.12403301101432,85.82481671443847,21.29921629657586,80.11723821638988,19.204999999999952,1.3407480877955875,84.48406862664288,148.7833791819643,3.5,7,5171.505011190199,60,21.666666666666668,24,120,nan,nan,0.4251592941582203,96,24,0,0,,,,,,96,0.4251592941582203,0.004428742647481461,0.002365681459195912,0.010745777923148125,0.02242167992517352,4.428742647481461,10.745777923148125,22.42167992517352,34.375,169.07291666666666,34.375,0.0,31.697916666666668,0,0,0,0.0,30.58019431285304,8.858698468735078
stress_strongly_constrained,C5,6014,2608,1725,71.875,66.14263803680981,322.4303381126322,991.9602283066629,319.85792556625506,92.01451905626135,78.2207097715119,7.985480943738657,0.35464449102479667,613.098562781632,0,3200.0,78.69200000000004,8.724722222222228,110.92477316971713,88.57490733520552,22.349865834511597,79.85133059473031,19.25499999999992,4.0793891775148765,84.49551815769064,154.06218495794047,3.5,7,4904.788502253055,138,23.91304347826087,75,320,nan,nan,1.0038273823447526,295,24,0,0,,,,,,295,1.0038273823447526,0.0034028046859144153,0.002054169774055481,0.011646026908420027,0.019198718946427107,3.402804685914415,11.646026908420026,19.198718946427107,30.406779661016948,149.9050847457627,30.406779661016948,0.0,27.596610169491527,0,0,0,0.0,18.004355734200097,4.435696551997239
stress_strongly_constrained,C5,6015,2469,1669,69.54166666666667,67.59821790198461,314.4099860501409,917.0355165870691,311.7472494604251,94.70468431771894,79.72699696663297,5.295315682281059,0.38934381400297324,616.6233350944225,0,2740.0,74.72200000000001,8.275277777777788,104.83796313428738,84.12974040177315,20.708222732514248,80.24740073785202,19.122777777777706,3.1725019220406026,80.95723847973254,145.60828213095468,3.5,7,4932.98668075538,121,19.00826446280992,73,274,nan,nan,1.349391653900966,248,25,0,0,,,,,,248,1.349391653900966,0.005441095378632928,0.0024820100516080856,0.01641070224577561,0.03169105900451541,5.441095378632928,16.41070224577561,31.69105900451541,30.0,148.41129032258064,30.0,0.0,27.951612903225808,0,0,0,0.0,54.321142746764195,13.982942120190428
stress_strongly_constrained,C5,6016,2574,1685,70.20833333333333,65.46231546231546,354.7555781852937,989.3786541965426,352.0585637645294,94.9814126394052,80.99214145383104,5.018587360594796,0.3630807237604215,637.3949546470989,0,2670.0,77.54600000000002,8.602638888888897,109.46550311399722,87.77458551184829,21.69091760214894,80.18470021595749,19.242063536480593,3.3324184214959436,84.44216709035234,152.03542099166282,3.5,7,5099.159637176791,127,18.11023622047244,64,267,nan,nan,1.0893342948984355,243,25,0,0,,,,,,243,1.0893342948984355,0.0044828571806519975,0.0026640009600669146,0.013512210571207104,0.02523872395977378,4.4828571806519975,13.512210571207104,25.23872395977378,34.75308641975309,169.54732510288065,34.75308641975309,0.0,30.79423868312757,0,0,0,0.0,17.908171755143346,4.880605541049891
stress_strongly_constrained,C5,6017,2471,1670,69.58333333333333,67.58397409955484,328.8249861691425,954.263522927888,326.28799809895986,91.74852652259332,74.36289500509685,8.25147347740668,0.3885080461975555,648.5102822352935,0,2910.0,75.336,8.320416666666677,105.119365390208,84.28482406137346,20.834541328834547,80.18011119883025,19.304999999999943,3.439441802031369,80.84538225934209,145.99911859751109,3.5,7,5188.082257882349,130,22.30769230769231,76,291,nan,nan,1.6158270535524935,266,24,0,0,,,,,,266,1.6158270535524935,0.0060745377953101256,0.003942873561754823,0.017798421322368085,0.03042152593843639,6.074537795310126,17.798421322368085,30.42152593843639,29.718045112781954,147.2218045112782,29.718045112781954,0.0,27.526315789473685,0,0,0,0.0,55.818647719886314,14.869749343386781
stress_strongly_constrained,C5,6018,2557,1656,69.0,64.76339460305044,383.7780933741208,1016.3170703068087,380.9149939410128,97.14285714285714,82.5834542815675,2.857142857142857,0.3627494867505475,679.2196458118128,0,1290.0,76.88,8.535138888888897,111.35629563168466,89.06393247561705,22.29236315606758,79.98104819344883,19.172777777777668,1.145574098965598,87.91835837665145,154.6615217106731,3.5,7,5433.757166494503,52,25.0,31,129,nan,nan,0.39278925117105246,104,25,0,0,,,,,,104,0.39278925117105246,0.0037768197227985812,0.0029098140075802803,0.007197980501223354,0.017965071136131883,3.776819722798581,7.197980501223354,17.965071136131883,33.02884615384615,162.32692307692307,33.02884615384615,0.0,30.240384615384617,0,0,0,0.0,4.313177585644258,1.5244967952586608
stress_strongly_constrained,C5,6019,2565,1693,70.54166666666667,66.00389863547758,347.06476144654,991.1922716934411,344.2788393389459,95.59748427672956,81.03448275862068,4.40251572327044,0.36645521616089893,646.2891156201016,0,2220.0,77.47800000000004,8.586666666666675,108.4217954913222,86.90260010090842,21.519195390413795,80.15233441495984,19.308333333333263,2.454120301789247,84.44847979911917,150.58582707128085,3.5,7,5170.312924960812,81,17.28395061728395,52,222,nan,nan,1.0360811804421246,198,24,0,0,,,,,,198,1.0360811804421246,0.005232733234556185,0.002646656474098563,0.01428050575777888,0.037200050894171,5.232733234556185,14.28050575777888,37.200050894171,29.015151515151516,144.1161616161616,29.015151515151516,0.0,26.833333333333332,0,0,0,0.0,50.49542922335653,13.21181969716229
stress_strongly_constrained,C5,6020,2482,1685,70.20833333333333,67.88879935535859,316.1332852383351,908.9299393600135,313.39429263512767,95.72815533980582,80.88459583121505,4.271844660194175,0.38718016686510076,619.4717383558636,0,1900.0,74.344,8.265277777777786,104.78422388570196,83.39899939183704,21.385224493864918,79.5911791862945,19.137222222222107,2.4122186761133504,80.98678071572368,145.53364428569716,3.5,7,4955.773906846909,101,26.732673267326735,45,190,nan,nan,0.9444201434962451,167,23,0,0,,,,,,167,0.9444201434962451,0.005655210440097276,0.0027384948916733265,0.0234237421536818,0.03476991504430771,5.655210440097276,23.4237421536818,34.76991504430771,38.08383233532934,184.90419161676647,38.08383233532934,0.0,34.33532934131737,0,0,0,0.0,19.174330633917215,5.702069035897088
stress_strongly_constrained,C5,6021,2514,1670,69.58333333333333,66.4280031821798,343.83945718773435,962.2426360802449,341.10722316856527,96.15384615384616,78.73900293255132,3.8461538461538463,0.3754457493555474,645.8027823621655,0,2110.0,76.07400000000001,8.425416666666674,108.34324837120472,87.1275010176644,21.21574735354032,80.41802542152779,19.19880648230059,2.6047395658026296,84.52276145186177,150.4767338488955,3.5,7,5166.422258897325,103,27.184466019417474,51,211,nan,nan,1.3436018188949674,186,25,0,0,,,,,,186,1.3436018188949674,0.007223665692983696,0.005518288351595402,0.022037105227354914,0.03439576202072203,7.223665692983697,22.037105227354914,34.39576202072203,33.54838709677419,164.20967741935485,33.54838709677419,0.0,30.166666666666668,0,0,0,0.0,83.87000419263038,21.92813204738458
stress_strongly_constrained,C5,6022,2526,1691,70.45833333333333,66.94378463974664,322.8562671095555,957.0865672161126,320.16083854680176,93.68635437881873,79.75429975429975,6.313645621181263,0.37668929525641304,620.8944235788343,0,2720.0,76.60400000000003,8.477222222222231,106.42696593230608,84.76543059174436,21.661535340561713,79.64657251026047,19.15166666666657,3.735577004183373,81.02985358756099,147.81523046153623,3.5,7,4967.155388630676,135,17.037037037037038,49,272,nan,nan,0.8273017024621367,246,25,0,0,,,,,,246,0.8273017024621367,0.0033630150506590924,0.002186225028708577,0.011429790931288153,0.016831880901008844,3.3630150506590923,11.429790931288153,16.831880901008844,32.6219512195122,160.0772357723577,32.6219512195122,0.0,29.109756097560975,0,0,0,0.0,24.199612066731657,7.115071464427062
stress_strongly_constrained,C5,6023,2531,1702,70.91666666666667,67.24614776768077,329.99252820159796,948.6580461095606,327.32784281965354,94.81765834932821,80.14925373134328,5.182341650671785,0.3763620911733789,608.1386613410848,0,2620.0,76.67800000000004,8.488611111111117,106.11543548413376,84.60276415100627,21.512671333127493,79.72710451125272,19.212520864026594,3.6456275873156034,80.95713656369067,147.38254928351907,3.5,7,4865.1092907286775,139,16.546762589928058,55,262,nan,nan,0.7824891735799611,239,23,0,0,,,,,,239,0.7824891735799611,0.003274013278577243,0.0022167470306158066,0.0113960457034409,0.01801098696887493,3.274013278577243,11.3960457034409,18.01098696887493,33.57740585774059,163.89958158995816,33.57740585774059,0.0,29.497907949790793,0,0,0,0.0,8.167611295507546,2.5497127495557637
stress_strongly_constrained,C5,6024,2521,1657,69.04166666666667,65.7278857596192,346.2229712295034,990.56334392525,343.59251308527024,92.84253578732107,75.54133858267717,7.157464212678937,0.37687013004872094,656.085453441088,0,3220.0,76.538,8.466388888888897,106.82280509193671,85.40286973321605,21.419935358720696,79.94816243564689,19.204999999999913,4.362884589433346,81.03998514378269,148.36500707213435,3.5,7,5248.683627528704,168,24.404761904761905,82,322,nan,nan,1.888962893281132,299,23,0,0,,,,,,299,1.888962893281132,0.006317601649769672,0.004751116968691349,0.019114387501031158,0.04663877282291651,6.317601649769672,19.114387501031157,46.63877282291651,33.46153846153846,162.8963210702341,33.46153846153846,0.0,28.896321070234112,0,0,0,0.0,55.593516677990124,14.906585070434865
stress_strongly_constrained,C5,6025,2474,1671,69.625,67.5424413904608,322.62149396415765,942.8118300020589,320.012920150032,93.37349397590361,77.42914979757086,6.626506024096386,0.3857551072743972,628.2027249474464,0,3270.0,75.03800000000003,8.303472222222231,106.4050582099472,85.19562140055639,21.209436809390798,80.06726638169532,19.16944444444436,4.255842221571102,80.93977917898529,147.7848030693711,3.5,7,5025.621799579571,162,18.51851851851852,72,327,nan,nan,1.6208881689235568,303,24,0,0,,,,,,303,1.6208881689235568,0.0053494659040381415,0.0034630829468369484,0.01562838645186275,0.030801451997831464,5.349465904038142,15.628386451862749,30.801451997831464,32.67326732673267,159.88778877887788,32.67326732673267,0.0,28.78877887788779,0,0,0,0.0,21.655676127349828,6.79857685010613
stress_strongly_constrained,C5,6026,2575,1669,69.54166666666667,64.81553398058253,367.435167936579,1017.3814554145309,364.57709131683714,95.03105590062113,84.60803059273422,4.968944099378882,0.3624888879256589,653.9410382563294,0,2390.0,77.66000000000003,8.611805555555565,109.70640055482045,87.59761821279149,22.108782342028974,79.8473177223774,19.37611111111107,3.232603127203835,84.36501508558763,152.37000077058394,3.5,7,5231.5283060506345,132,25.0,48,239,nan,nan,1.3199581154622138,215,24,0,0,,,,,,215,1.3199581154622138,0.006139340071917273,0.0033158320002257824,0.015218514110893006,0.0218484029173851,6.139340071917274,15.218514110893006,21.8484029173851,36.27906976744186,175.93488372093023,36.27906976744186,0.0,31.71627906976744,0,0,0,0.0,75.15811913102938,20.40250348198126
stress_strongly_constrained,C5,6027,2543,1686,70.25,66.29964608729847,337.2513286926657,983.6088050257611,334.54689402857434,93.7888198757764,78.20388349514563,6.211180124223603,0.3687738935657246,646.2076102302087,0,2410.0,76.956,8.522916666666678,109.28623730614258,87.30264243630323,21.983594869839358,79.884388545415,19.343888888888817,2.949439644778363,84.35320279152488,151.78644070297582,3.5,7,5169.66088184167,104,17.307692307692307,48,241,nan,nan,0.7720280045177788,217,24,0,0,,,,,,217,0.7720280045177788,0.003557732739713266,0.0021343259140849113,0.010537244379520413,0.015558604849502444,3.557732739713266,10.537244379520413,15.558604849502444,29.101382488479263,144.59447004608296,29.101382488479263,0.0,27.502304147465438,0,0,0,0.0,32.903379096442386,9.048676602934178
stress_strongly_constrained,C5,6028,2530,1660,69.16666666666667,65.61264822134387,361.99403334541364,987.2129240726184,359.15163005227157,96.13034623217924,85.58116723884257,3.8696537678207736,0.3739320337469054,649.5028509918636,0,1700.0,77.02000000000002,8.511111111111122,107.61514856178249,86.27493837428453,21.34021018749796,80.16988270452796,19.26133951820447,1.8522701110331325,84.42266826325138,149.46548411358677,3.5,7,5196.022807934909,78,30.76923076923077,44,170,nan,nan,1.146314128767699,146,24,0,0,,,,,,146,1.146314128767699,0.007851466635395198,0.005556349991820753,0.020502164668869227,0.036212076898664236,7.851466635395198,20.502164668869227,36.212076898664236,33.6986301369863,165.06849315068493,33.6986301369863,0.0,30.732876712328768,0,0,0,0.0,56.27943012747262,14.397517385844912
stress_strongly_constrained,C5,6029,2483,1690,70.41666666666667,68.06282722513089,315.01992757750156,937.833366435409,312.5482401244671,91.75050301810866,73.81671701913393,8.249496981891348,0.38303765966845627,615.1451477241062,0,3630.0,75.532,8.349027777777788,107.07030803096917,85.68243137354379,21.387876657425366,80.02445584518247,19.16944444444438,4.772367034548649,80.91006433899516,148.70876115412386,3.5,7,4921.161181792849,176,18.75,81,363,nan,nan,1.3304677573032677,340,23,0,0,,,,,,340,1.3304677573032677,0.00391314046265667,0.0024085395270958543,0.011655566981062297,0.01771354698576033,3.9131404626566697,11.655566981062297,17.71354698576033,32.0735294117647,157.14411764705883,32.0735294117647,0.0,28.529411764705884,0,0,0,0.0,49.455304888181274,12.503839962253364
stress_strongly_constrained,C5,6030,2534,1659,69.125,65.4696132596685,355.23923015053873,993.7091432166261,352.6473280745147,94.22310756972112,77.41141732283465,5.776892430278884,0.37328947197703566,645.1317840188258,0,3680.0,76.736,8.496388888888896,107.58526414122746,85.89458541519649,21.690678726030953,79.83861553980334,19.22277777777769,4.9063148098828675,80.98827060531363,149.423977973927,3.5,7,5161.054272150607,202,30.693069306930692,84,368,nan,nan,1.855884148273617,343,24,0,0,,,,,,343,1.855884148273617,0.0054107409570659385,0.004476873204112053,0.012599519407376646,0.026539164828136563,5.410740957065938,12.599519407376647,26.539164828136563,33.14868804664723,162.067055393586,33.14868804664723,0.0,30.043731778425656,0,0,0,0.0,87.87888335305327,23.51851631399455
stress_strongly_constrained,C5,6031,2490,1748,72.83333333333333,70.2008032128514,277.4193880491074,868.6982943521044,274.91732536213243,91.48936170212765,75.51951343132286,8.51063829787234,0.38991888089504,550.5467379700481,0,3620.0,75.83200000000002,8.37861111111112,102.40672460445694,82.35735610457881,20.049368499878135,80.42182427246038,19.240555555555474,4.968133958759261,77.38922214581955,142.23156195063464,3.5,7,4404.373903760384,178,13.48314606741573,83,362,nan,nan,0.9109771861694753,340,22,0,0,,,,,,340,0.9109771861694753,0.0026793446652043393,0.002101453603245318,0.00618048255564645,0.01029388583265245,2.679344665204339,6.18048255564645,10.29388583265245,33.705882352941174,164.35588235294117,33.705882352941174,0.0,29.555882352941175,0,0,0,0.0,12.202491402551356,3.1921330446081218
stress_strongly_constrained,C5,6032,2579,1700,70.83333333333333,65.91702210158977,352.8080987759726,996.5955171471152,350.14758277240037,94.03292181069959,76.20640229335882,5.967078189300412,0.3634741292105833,636.4870341685347,0,2290.0,77.86400000000005,8.63097222222223,108.73890157470402,87.14262317292679,21.596278401777212,80.13932632293466,19.340555555555497,2.669410223692044,84.47321294923472,151.02625218708886,3.5,7,5091.896273348277,98,19.387755102040817,51,229,nan,nan,0.9834655281156301,205,24,0,0,,,,,,205,0.9834655281156301,0.004797392820076245,0.0021459481213241816,0.018890985334292048,0.027006427058950067,4.797392820076245,18.890985334292047,27.006427058950067,31.317073170731707,154.31219512195122,31.317073170731707,0.0,28.917073170731708,0,0,0,0.0,6.017146667498523,1.8237111882999617
stress_strongly_constrained,C5,6033,2589,1679,69.95833333333333,64.85129393588258,357.1645013835791,1031.8129035426643,354.50025097410054,94.88636363636364,78.55409995147986,5.113636363636364,0.3602849249297106,664.1288546167468,0,2290.0,78.11200000000001,8.660694444444456,109.57588324048675,87.41240520293164,22.163478037555098,79.77339777502608,19.16944444444435,2.942347303902061,84.47005789902958,152.18872672289828,3.5,7,5313.030836933975,110,29.09090909090909,43,229,nan,nan,0.8903609719127417,205,24,0,0,,,,,,205,0.8903609719127417,0.004343224253232886,0.003127619856968522,0.008433520561084146,0.02310178685002029,4.3432242532328855,8.433520561084146,23.10178685002029,34.31707317073171,167.45365853658538,34.31707317073171,0.0,30.463414634146343,0,0,0,0.0,46.805311424256274,11.657063859590538
stress_strongly_constrained,C5,6034,2456,1646,68.58333333333333,67.01954397394137,311.2613778783789,918.4409867761741,308.7225986234438,89.52991452991454,73.39034205231388,10.47008547008547,0.39421592317852994,625.2134678846027,0,3860.0,74.372,8.234722222222231,103.33162824916676,82.82229229893207,20.509335950234703,80.15192802267677,19.137222222222164,5.374041052253023,77.44825124667905,143.51615034606496,3.5,7,5001.70774307682,198,21.21212121212121,93,386,nan,nan,1.759761211462319,364,22,0,0,,,,,,364,1.759761211462319,0.004834508822698679,0.0021760270465165377,0.01834707177476957,0.03842504997737706,4.8345088226986785,18.34707177476957,38.42504997737706,32.184065934065934,157.81043956043956,32.184065934065934,0.0,28.89835164835165,0,0,0,0.0,42.98795488275162,12.455421719784445
stress_strongly_constrained,C5,6035,2446,1679,69.95833333333333,68.64268192968112,311.0908803346301,880.0908345335109,308.50997544791437,92.6829268292683,76.56090071647903,7.317073170731707,0.39888059293590766,599.7427745060764,0,3230.0,73.89399999999999,8.189027777777788,101.64477846891717,81.62095374354716,20.023824725370012,80.3001934511636,19.25833333333327,4.216948506127975,77.40400523741917,141.1733034290516,3.5,7,4797.942196048612,167,12.574850299401197,77,323,nan,nan,1.2335994259919971,301,23,0,0,,,,,,301,1.2335994259919971,0.004098336963428562,0.0017360288184136152,0.01626564096659422,0.03504646988585591,4.098336963428562,16.26564096659422,35.04646988585591,31.44518272425249,154.59800664451828,31.44518272425249,0.0,28.3156146179402,0,0,0,0.0,12.505038800250844,3.726498210109775
stress_strongly_constrained,C5,6036,2491,1713,71.375,68.76756322761943,298.4111310551947,918.7352680523346,295.6897718596442,95.59386973180077,81.61503301168106,4.406130268199234,0.37940413501388603,614.0019241762847,0,2000.0,75.00600000000001,8.32250000000001,108.36321823200163,86.95515806647848,21.40806016552317,80.24416355032083,19.18722222222213,2.4569115117399987,84.49824655473847,150.504469766669,3.5,7,4912.015393410279,100,20.0,38,200,nan,nan,0.579569119727239,174,25,0,0,,,,,,174,0.579569119727239,0.003330857009926661,0.0024444335140287876,0.007005873240996152,0.009617482079192996,3.3308570099266612,7.005873240996152,9.617482079192996,34.741379310344826,169.43103448275863,34.741379310344826,0.0,30.971264367816094,0,0,0,0.0,18.262492329302017,5.98686955965423
stress_strongly_constrained,C5,6037,2582,1730,72.08333333333333,67.00232378001549,332.9071020398077,963.5975593618527,330.1126579064413,93.83697813121272,82.34728234728234,6.163021868787276,0.36528829690145004,620.0217887705551,0,1590.0,77.63400000000003,8.61875000000001,107.39394098476475,85.9542538846654,21.439687100099352,80.03640903434129,19.24376810120666,1.549953065490881,84.40430081917452,149.1582513677288,3.5,7,4960.17431016444,60,16.666666666666664,44,159,nan,nan,0.5510361553169787,135,24,0,0,,,,,,135,0.5510361553169787,0.004081749298644286,0.0023375058081001043,0.011548841069452462,0.05251157213933766,4.0817492986442865,11.548841069452461,52.51157213933766,28.555555555555557,142.4,28.555555555555557,0.0,27.022222222222222,0,0,0,0.0,1.805051665287925,0.6187073411735167
stress_strongly_constrained,C5,6038,2475,1727,71.95833333333333,69.77777777777779,287.23318140740025,894.1846869214646,284.60078414590305,91.92546583850931,77.15863453815261,8.074534161490684,0.3924904181944951,575.7078756056412,0,3330.0,75.20000000000002,8.315972222222232,102.42551911997082,82.19866620770874,20.226852912262075,80.25213532130562,19.151666666666582,4.648918507296362,77.54974770041238,142.25766544440387,3.5,7,4605.663004845129,184,23.369565217391305,72,333,nan,nan,1.2875034569296986,311,22,0,0,,,,,,311,1.2875034569296986,0.004139882498166233,0.0026622700970619917,0.010971751529723406,0.02212083083577454,4.139882498166233,10.971751529723406,22.12083083577454,35.257234726688104,171.13183279742765,35.257234726688104,0.0,30.823151125401928,0,0,0,0.0,1.4994429286246942,0.4201667652474177
stress_strongly_constrained,C5,6039,2474,1622,67.58333333333333,65.56184316895715,340.7062454555658,997.8558673094755,338.0781742193631,92.85714285714286,78.78172588832487,7.142857142857142,0.3771420306525902,669.0296179724642,0,3040.0,74.944,8.296944444444453,111.36619034410802,88.65645495720264,22.709735386905386,79.60805221339164,19.2549999999999,4.256108803339851,84.40034615386278,154.67526436681672,3.5,7,5352.236943779713,170,25.882352941176475,69,304,nan,nan,1.4193938109092414,275,24,0,0,,,,,,275,1.4193938109092414,0.005161432039669969,0.005155082093551755,0.010923685505986215,0.013897395925596356,5.161432039669969,10.923685505986215,13.897395925596356,34.8,169.6290909090909,34.8,0.0,31.025454545454547,0,0,0,0.0,85.1385329652368,22.85422900314702
stress_strongly_constrained,C5,6040,2503,1706,71.08333333333333,68.15821014782261,326.9161427558181,922.8859020176392,324.21252268249503,93.39999999999999,80.27958062905641,6.6000000000000005,0.38301660908838525,601.3700478302864,0,2530.0,75.052,8.340694444444454,105.0824331650901,83.97723351768332,21.10519964740679,79.9155776929438,19.243888888888744,3.0751843459208095,80.9020491717625,145.94782384040295,3.5,7,4810.960382642291,105,19.047619047619047,59,253,nan,nan,0.7146250721998513,224,25,0,0,,,,,,224,0.7146250721998513,0.0031902905008921933,0.001978772459551692,0.009347133629489688,0.014491620007902384,3.190290500892193,9.347133629489688,14.491620007902384,29.53125,146.50446428571428,29.53125,0.0,26.857142857142858,0,0,0,0.0,19.45482991846708,6.132776124622986
stress_strongly_constrained,C5,6041,2420,1683,70.125,69.54545454545455,292.3852868668485,882.5789337744427,289.8906235802562,89.0295358649789,74.51181911613567,10.970464135021098,0.399995678736719,602.7223515412114,0,4070.0,72.978,8.092916666666675,103.6024890476499,82.77241301039413,20.83007603725573,79.89423205105103,19.230002565264158,5.393538346628149,77.378874663766,143.8923458995137,3.5,7,4821.7788123296905,192,18.75,103,407,nan,nan,1.7658844743855298,385,22,0,0,,,,,,385,1.7658844743855298,0.004586712920481895,0.002588026924058795,0.014574619568884305,0.031428791116923094,4.5867129204818955,14.574619568884305,31.428791116923094,30.155844155844157,148.86493506493505,30.155844155844157,0.0,27.418181818181818,0,0,0,0.0,68.94894268247049,17.669723186533083
stress_strongly_constrained,C5,6042,2502,1662,69.25,66.42685851318944,341.77750940616806,960.6776502437829,339.1286641787295,94.14141414141413,77.97708021923269,5.858585858585859,0.38248695114166154,644.5836182075235,0,2880.0,75.66,8.381666666666675,105.48751614240297,84.62358152275695,20.863934619646024,80.22141824679925,19.204999999999917,3.7197300498807295,80.90385147287621,146.51043908667077,3.5,7,5156.668945660188,148,23.64864864864865,61,288,nan,nan,1.3672426145058125,265,23,0,0,,,,,,265,1.3672426145058125,0.005159406092474764,0.004780022893100977,0.012557917973026628,0.016693016979843378,5.1594060924747644,12.557917973026628,16.693016979843378,32.37735849056604,159.1056603773585,32.37735849056604,0.0,29.366037735849055,0,0,0,0.0,78.01432552104758,21.095842170077887
stress_strongly_constrained,C5,6043,2527,1647,68.625,65.17609814008706,364.6087871528343,986.8479740927856,361.8509580730531,94.77756286266926,81.69154228855722,5.222437137330754,0.37356369490038743,658.9615492697802,0,1880.0,76.23399999999998,8.452777777777786,108.12731173737686,86.88854127058049,21.23877046679636,80.35762646316243,19.204999999999934,2.4070397327049737,84.48150153787552,150.17682185746787,3.5,7,5271.692394158242,90,33.33333333333333,40,188,nan,nan,0.7118555996567011,164,24,0,0,,,,,,164,0.7118555996567011,0.004340582924735982,0.0027457589749246836,0.011342869000509381,0.020265307975932956,4.340582924735982,11.342869000509381,20.265307975932956,34.75609756097561,169.3841463414634,34.75609756097561,0.0,30.884146341463413,0,0,0,0.0,14.495580714586898,4.258746787622876
stress_strongly_constrained,C5,6044,2576,1698,70.75,65.91614906832298,339.475484488772,998.2043626728608,336.74243143920523,94.49901768172889,81.32559264634736,5.50098231827112,0.36233101392134964,634.2675785443123,0,2250.0,77.882,8.62847222222223,109.69733598130263,87.42255070746343,22.274785273839193,79.69432432011308,19.290555555555535,2.962144829184164,84.46040587827927,152.3574110851425,3.5,7,5074.1406283544975,101,11.881188118811881,52,225,nan,nan,1.1720848199911416,201,24,0,0,,,,,,201,1.1720848199911416,0.005831267761149958,0.0026302000042051077,0.015616169897839427,0.049033604096621275,5.831267761149959,15.616169897839427,49.033604096621275,33.507462686567166,163.6915422885572,33.507462686567166,0.0,29.54726368159204,0,0,0,0.0,34.54218588960741,9.294483870687625
stress_strongly_constrained,C5,6045,2480,1670,69.58333333333333,67.33870967741935,325.6284357373571,910.3176933540017,322.9959765093682,95.36842105263158,77.10723192019951,4.631578947368421,0.3863180682252352,614.9972123717142,0,2760.0,74.64800000000001,8.283888888888896,105.48079270226454,84.32958229405688,21.15121040820766,79.94780863288528,19.1549999999999,3.3982502826773686,80.9313320113795,146.50110097536745,3.5,7,4919.977698973713,121,19.834710743801654,77,276,nan,nan,0.9472075046505779,253,23,0,0,,,,,,253,0.9472075046505779,0.003743903180437067,0.0026138320099562407,0.008972015092149375,0.018320593982934952,3.743903180437067,8.972015092149375,18.320593982934952,32.54940711462451,159.7509881422925,32.54940711462451,0.0,29.790513833992094,0,0,0,0.0,27.92532602868841,8.041992571896559
stress_strongly_constrained,C5,6046,2414,1774,73.91666666666667,73.48798674399337,238.34539550150564,790.2461492997185,235.5201311720135,95.1063829787234,82.35596707818931,4.8936170212765955,0.4069684414704391,542.6492991721751,0,2090.0,72.46600000000002,8.049861111111122,100.18617771302709,80.34928429215134,19.836893420875732,80.19996982248742,19.217956129123433,2.8822543347114844,77.46702995743986,139.1474690458709,3.5,7,4341.194393377401,132,13.636363636363635,34,209,nan,nan,0.4378431106451899,187,22,0,0,,,,,,187,0.4378431106451899,0.002341407008797807,0.0021218168549239635,0.004280500416643916,0.009520813124254346,2.3414070087978067,4.280500416643916,9.520813124254346,39.224598930481285,187.85026737967914,39.224598930481285,0.0,31.759358288770052,0,0,0,0.0,1.4070935346969535,0.5049939823643863
stress_strongly_constrained,C5,6047,2468,1684,70.16666666666667,68.23338735818476,292.45380749854144,924.2537903222925,289.9624510555113,91.41716566866268,73.76715810879512,8.582834331337326,0.39370547987862725,605.0253423378443,0,3640.0,75.36400000000002,8.318611111111123,102.42564358991073,82.04406710810876,20.381576481801947,80.10109991263006,19.321817770127872,4.732206692834083,77.31186041527471,142.25783831932043,3.5,7,4840.202738702757,180,22.77777777777778,92,364,nan,nan,1.4423231212422252,336,23,0,0,,,,,,336,1.4423231212422252,0.004292628337030432,0.0021297854837030172,0.015417684218846262,0.03531870595179498,4.292628337030432,15.417684218846262,35.31870595179498,30.982142857142858,152.78869047619048,30.982142857142858,0.0,28.63095238095238,0,0,0,0.0,49.72406648260759,13.602268531560911
stress_strongly_constrained,C5,6048,2457,1671,69.625,68.00976800976801,321.00345127101394,921.9158632937191,318.4174176769273,89.49579831932773,76.02221100454317,10.504201680672269,0.39464054061928405,614.5305931601645,0,3650.0,74.22799999999998,8.225972222222232,102.98704860329237,82.1981402504255,20.788908352866887,79.81405561689019,19.221012893032913,4.823483810222687,77.3746564402028,143.03756750457273,3.5,7,4916.244745281317,188,21.27659574468085,81,365,nan,nan,1.6107617586385459,339,23,0,0,,,,,,339,1.6107617586385459,0.004751509612503085,0.0025790019426494837,0.014395494502969073,0.03844040189869702,4.751509612503085,14.395494502969072,38.44040189869702,36.017699115044245,174.44247787610618,36.017699115044245,0.0,31.088495575221238,0,0,0,0.0,49.47495043534066,12.67908271615123
stress_strongly_constrained,C5,6049,2501,1687,70.29166666666667,67.45301879248301,323.901782237118,947.050529890652,321.2118713499894,94.76744186046511,80.75566750629723,5.232558139534884,0.37712864683118297,635.4827309286387,0,2310.0,75.46400000000004,8.366805555555565,108.67389942523857,87.2978714042933,21.37602802094527,80.33011777988996,19.13103496037547,2.8137518807386983,84.48411952355463,150.9359714239425,3.5,7,5083.861847429112,110,17.272727272727273,53,231,nan,nan,0.9487149023916572,207,24,0,0,,,,,,207,0.9487149023916572,0.004583163779669842,0.0021181320771574974,0.015361931896768507,0.020063099917024374,4.583163779669842,15.361931896768507,20.063099917024374,31.594202898550726,155.5169082125604,31.594202898550726,0.0,28.719806763285025,0,0,0,0.0,14.073585784449437,4.312733437168386
stress_strongly_constrained,C5,6050,2513,1687,70.29166666666667,67.1309192200557,324.9192928660572,965.4253876072137,322.37785536712045,92.5311203319502,74.1999015263417,7.468879668049793,0.3789961764269061,638.5245859040823,0,3460.0,76.326,8.441666666666675,106.3982023781021,84.96868457270278,21.429517805399314,79.85913546805398,19.39388888888881,4.122047936070124,80.84663663663267,147.77528108069737,3.5,7,5108.1966872326575,156,24.358974358974358,91,346,nan,nan,1.4169395971111953,321,25,0,0,,,,,,321,1.4169395971111953,0.004414142047075375,0.0022675031796097755,0.014839997980743647,0.028330059023573995,4.414142047075375,14.839997980743647,28.330059023573995,30.093457943925234,148.9190031152648,30.093457943925234,0.0,28.052959501557634,0,0,0,0.0,35.787284388574,10.802613967929814
stress_strongly_constrained,C5,6051,2435,1625,67.70833333333333,66.73511293634496,310.34230400993323,929.1648343485989,307.88065795480304,90.3353057199211,73.2883817427386,9.664694280078894,0.39669339307207935,629.1343849876347,0,3930.0,73.69599999999997,8.161527777777785,104.00460559048231,83.22182110616815,20.782784484314146,80.01743829869777,19.16944444444439,5.798334577877073,77.42348652829108,144.45084109789207,3.5,7,5033.0750799010775,212,32.075471698113205,81,393,nan,nan,2.275277024600655,370,23,0,0,,,,,,370,2.275277024600655,0.006149397363785554,0.005408295546658337,0.014227881049737335,0.019449817016720772,6.149397363785554,14.227881049737336,19.449817016720772,36.12162162162162,174.7135135135135,36.12162162162162,0.0,30.562162162162164,0,0,0,0.0,138.70825791059022,32.455139047895486
stress_strongly_constrained,C5,6052,2577,1794,74.75,69.61583236321303,284.2455963860366,933.368996309669,281.3824020575755,96.6067864271457,84.2485549132948,3.3932135728542914,0.363765635685968,578.8916927630788,0,1960.0,77.59800000000001,8.61000000000001,108.77099384488243,86.97769349103791,21.793300353844522,79.9640514594141,19.204999999999924,2.4247312003279764,84.55296229070994,151.07082478455897,3.5,7,4631.13354210463,90,15.555555555555555,37,196,nan,nan,0.49974204623140395,172,24,0,0,,,,,,172,0.49974204623140395,0.0029054770129732788,0.002260272391140461,0.0056515204487368464,0.010486029786989093,2.9054770129732788,5.6515204487368464,10.486029786989093,34.97093023255814,169.7093023255814,34.97093023255814,0.0,28.924418604651162,0,0,0,0.0,0.0,0.0
stress_strongly_constrained,C5,6053,2399,1660,69.16666666666667,69.19549812421842,286.80345590549643,864.5591356670741,284.34152844901797,91.66666666666666,71.59032424086465,8.333333333333332,0.41051800054184673,588.8641321160889,0,4260.0,72.65399999999997,8.044166666666678,99.64163168789628,80.06555163963542,19.576080048260863,80.35351316849338,19.251030066284187,6.09366760957073,73.97188403006467,138.39115512207815,3.5,7,4710.913056928711,243,21.39917695473251,112,426,nan,nan,2.032530013471842,401,26,0,0,,,,,,401,2.032530013471842,0.0050686534001791565,0.00370688084512949,0.011665131198242307,0.021130810026079416,5.068653400179157,11.665131198242307,21.130810026079416,34.86284289276808,169.3142144638404,34.86284289276808,0.0,30.306733167082296,0,0,0,0.0,157.79195454039166,37.59842652485895
stress_strongly_constrained,C5,6054,2566,1715,71.45833333333333,66.83554169914262,335.82191442437824,973.8523354033425,333.15503214405754,94.48529411764706,80.46488625123641,5.514705882352941,0.36538788704252056,615.8688405935884,0,2100.0,77.66400000000002,8.600833333333343,108.93657706350817,86.91902822705764,22.017548836450537,79.78865370112128,19.169444444444373,2.465675572528671,84.45335265452894,151.30080147709467,3.5,7,4926.950724748708,96,19.791666666666664,46,210,nan,nan,0.540410345653072,186,24,0,0,,,,,,186,0.540410345653072,0.002905431965876731,0.002223425544798374,0.006659414328169078,0.009077128022909164,2.905431965876731,6.659414328169078,9.077128022909164,32.33870967741935,159.1236559139785,32.33870967741935,0.0,29.71505376344086,0,0,0,0.0,7.1285679051735285,2.2942730852430593
stress_strongly_constrained,C5,6055,2581,1629,67.875,63.115071677644316,398.24766163493075,1057.3906421650208,395.4529513853259,96.64694280078896,81.24397299903568,3.353057199211045,0.35631921180785425,690.1702825349477,0,1820.0,77.962,8.640277777777788,112.66013399867596,90.27403648994772,22.38609750872825,80.12953054982933,19.215678196105976,2.3194355170782552,87.95460097286943,156.4724083314944,3.5,7,5521.362260279581,97,30.927835051546392,41,182,nan,nan,0.8588477584999055,157,25,0,0,,,,,,157,0.8588477584999055,0.0054703678885344295,0.00510094896890223,0.012169608380645514,0.016186720924451947,5.47036788853443,12.169608380645514,16.186720924451947,37.8343949044586,183.42675159235668,37.8343949044586,0.0,33.038216560509554,0,0,0,0.0,69.55148537886213,18.828597771269337
stress_strongly_constrained,C5,6056,2484,1684,70.16666666666667,67.7938808373591,298.45383316260813,942.8724818771261,295.9734000513116,91.0891089108911,74.38100050530572,8.91089108910891,0.38722770733378276,612.5063974202302,0,4120.0,75.692,8.361388888888897,104.55684057574115,83.42791620562218,21.12892437011895,79.79192537401401,19.254999999999946,6.001996229645278,77.42591997597688,145.2178341329738,3.5,7,4900.051179361842,219,18.2648401826484,97,412,nan,nan,0.9733129641972482,390,22,0,0,,,,,,390,0.9733129641972482,0.002495674267172431,0.0018005913589149714,0.005659919593017547,0.007260893937200308,2.495674267172431,5.6599195930175465,7.260893937200308,32.73076923076923,159.9923076923077,32.73076923076923,0.0,28.892307692307693,0,0,0,0.0,50.75826679948694,13.286806880463388
stress_transition,C1,6007,1947,1868,77.83333333333333,95.94247560349255,44.912488250513235,237.4612196158375,41.969855940608824,87.29729729729729,81.03994927076728,12.702702702702704,0.4782876514512672,220.94593760718823,0,270.0,50.895999999999866,5.968194444444436,68.2430236685613,54.52900862753329,13.714015041028015,79.90415092444695,29.3003728583406,0.0,54.52900862753329,94.78197731744625,0,0,1546.6215632503176,0,0,0,27,0.3,0.7,0.0,0,0,0,0,,,,,,,,,,,,,,,,,,,,,,,,,
stress_transition,C1,6008,1913,1886,78.58333333333333,98.58860428646106,23.222098788330545,219.08241829647093,20.381895078889354,86.04651162790698,77.78505897771953,13.953488372093023,0.4905263411132634,200.66924432630083,0,260.0,49.54199999999989,5.831666666666659,65.47472407891526,52.38464130496717,13.090082773948083,80.00742583020144,29.24722222222223,0.0,52.38464130496717,90.93711677627117,0,0,1404.6847102841054,0,0,0,26,0.3,0.7,0.0,0,0,0,0,,,,,,,,,,,,,,,,,,,,,,,,,
stress_transition,C1,6009,1908,1902,79.25,99.68553459119497,2.6566595975954495,154.90560054516664,1.4733999772579651,67.0,12.864721485411145,33.0,0.49639167098897186,81.06919704456,0,250.0,49.97399999999988,5.855416666666658,63.01859782155822,50.48207325818961,12.53652456336861,80.10662725491497,29.218958224091214,0.0,50.48207325818961,87.52583030771974,0,0,567.48437931192,0,0,0,25,0.3,0.7,0.0,0,0,0,0,,,,,,,,,,,,,,,,,,,,,,,,,
stress_transition,C1,6010,1937,1871,77.95833333333333,96.59266907589054,40.385334193247424,251.2121411342668,37.563858498238254,84.98727735368956,78.17357512953367,15.012722646310433,0.4900093036432519,217.11302380889322,0,250.0,50.123999999999874,5.902083333333325,63.33531096380108,50.33330131046177,13.00200965333931,79.47115210222852,29.33573794106113,0.0,50.33330131046177,87.96570967194594,0,0,1519.7911666622526,0,0,0,25,0.3,0.7,0.0,0,0,0,0,,,,,,,,,,,,,,,,,,,,,,,,,
stress_transition,C1,6011,1946,1869,77.875,96.0431654676259,41.39719667423893,226.2784090004968,38.54300161452401,86.98060941828255,77.47634069400631,13.019390581717452,0.483344281979872,209.02638235906667,0,260.0,50.35999999999988,5.929722222222215,65.79448188214454,52.4360400828965,13.358441799248045,79.69671404483954,29.329444444444437,0.0,52.4360400828965,91.38122483631183,0,0,1463.1846765134667,0,0,0,26,0.3,0.7,0.0,0,0,0,0,,,,,,,,,,,,,,,,,,,,,,,,,
stress_transition,C1,6012,1910,1864,77.66666666666667,97.59162303664921,37.34164141789385,255.48374457030658,34.44266905483716,90.85714285714286,77.56410256410257,9.142857142857142,0.49574544231158146,222.34074444394614,0,250.0,49.557999999999886,5.829027777777769,63.14429707496294,50.53961069992616,12.604686375036781,80.03828222195126,29.279444444444437,0.0,50.53961069992616,87.7004126041152,0,0,1556.3852111076228,0,0,0,25,0.3,0.7,0.0,0,0,0,0,,,,,,,,,,,,,,,,,,,,,,,,,
stress_transition,C1,6013,1949,1910,79.58333333333333,97.99897383273473,25.12800010419968,222.57880674207263,22.080729627247475,92.87531806615776,83.22622107969153,7.124681933842239,0.47825779000710267,218.11818075437608,0,270.0,50.63999999999989,5.952916666666657,68.05807383642025,54.375390269102304,13.682683567317948,79.89557623948525,29.43277777777777,0.0,54.375390269102304,94.52510255058368,0,0,1526.8272652806327,0,0,0,27,0.3,0.7,0.0,0,0,0,0,,,,,,,,,,,,,,,,,,,,,,,,,
stress_transition,C1,6014,1944,1853,77.20833333333333,95.31893004115226,38.19051922686791,221.03794588783475,35.29826777970928,86.88118811881188,81.62337662337661,13.118811881188119,0.483748037360301,219.78449778910414,0,260.0,50.62799999999988,5.945833333333326,65.79098917040832,52.48897757656587,13.30201159384244,79.78140812051284,29.211666666666687,0.0,52.48897757656587,91.37637384778931,0,0,1538.4914845237288,0,0,0,26,0.3,0.7,0.0,0,0,0,0,,,,,,,,,,,,,,,,,,,,,,,,,
stress_transition,C1,6015,1875,1857,77.375,99.03999999999999,16.38097181987123,230.71189124586115,13.930517938666037,85.51912568306011,55.33465871438039,14.48087431693989,0.4977838582473281,219.4920786298479,0,260.0,48.94199999999989,5.742499999999993,65.61693544334665,52.42033260915066,13.196602834195993,79.88841943770771,29.293888888888898,0.0,52.42033260915066,91.13463256020367,0,0,1536.444550408935,0,0,0,26,0.3,0.7,0.0,0,0,0,0,,,,,,,,,,,,,,,,,,,,,,,,,
stress_transition,C1,6016,1965,1872,78.0,95.26717557251908,41.24548851640455,195.60072521530182,38.42694729357535,87.86407766990291,78.42884739214423,12.135922330097088,0.4794365587412751,201.90856195650855,0,260.0,50.98599999999988,5.996944444444436,65.86397439439737,52.44997119768086,13.414003196716509,79.6337780705539,29.243888888888875,0.0,52.44997119768086,91.47774221444078,0,0,1413.35993369556,0,0,0,26,0.3,0.7,0.0,0,0,0,0,,,,,,,,,,,,,,,,,,,,,,,,,
stress_transition,C1,6017,1934,1859,77.45833333333333,96.12202688728024,48.749941270765284,270.34106599768796,46.04789764615449,86.13861386138613,74.11764705882354,13.861386138613863,0.4911073853885144,224.60043655216495,0,250.0,50.70599999999989,5.938749999999992,63.08187776418873,50.40153932607807,12.680338438110653,79.89860339048242,29.279444444444458,0.0,50.40153932607807,87.61371911692878,0,0,1572.2030558651543,0,0,0,25,0.3,0.7,0.0,0,0,0,0,,,,,,,,,,,,,,,,,,,,,,,,,
stress_transition,C1,6018,1960,1819,75.79166666666667,92.8061224489796,87.12455451419032,289.3418996888358,84.04132220579002,90.26315789473685,85.12658227848101,9.736842105263158,0.4711206229664095,256.9889859008236,0,280.0,51.10399999999988,5.99888888888888,70.5552060249296,56.42472509113516,14.13048093379444,79.97244749196585,29.229444444444425,0.0,56.42472509113516,97.99334170129111,0,0,1798.9229013057652,0,0,0,28,0.3,0.7,0.0,0,0,0,0,,,,,,,,,,,,,,,,,,,,,,,,,
stress_transition,C1,6019,1939,1902,79.25,98.09179989685404,32.22984508134819,226.2721306368723,29.312088970606624,89.01098901098901,77.52380952380953,10.989010989010989,0.4848499636248627,212.72815696781905,0,260.0,50.313999999999886,5.9177777777777685,65.73561833306921,52.36182987811015,13.37378845495906,79.65518725754316,29.382777777777758,0.0,52.36182987811015,91.29946990704056,0,0,1489.0970987747335,0,0,0,26,0.3,0.7,0.0,0,0,0,0,,,,,,,,,,,,,,,,,,,,,,,,,
stress_transition,C1,6020,1888,1845,76.875,97.72245762711864,45.975331070116326,267.87281991470445,43.02555261031745,89.63730569948186,82.02396804260985,10.362694300518134,0.49459449451865783,240.30114358705026,0,260.0,48.66399999999988,5.7394444444444375,65.92437476259643,52.42806781336118,13.49630694923524,79.52759203581759,29.211666666666673,0.0,52.42806781336118,91.56163161471727,0,0,1682.108005109352,0,0,0,26,0.3,0.7,0.0,0,0,0,0,,,,,,,,,,,,,,,,,,,,,,,,,
stress_transition,C1,6021,1930,1871,77.95833333333333,96.94300518134715,38.7923301611,224.93724705026884,35.82452318788245,86.14958448753463,81.64435946462714,13.850415512465375,0.48669444127390143,225.48284549766157,0,260.0,50.5799999999999,5.92499999999999,65.7060015979537,52.42810813428983,13.277893463663865,79.79196246804129,29.252765281434108,0.0,52.42810813428983,91.25833555271345,0,0,1578.3799184836307,0,0,0,26,0.3,0.7,0.0,0,0,0,0,,,,,,,,,,,,,,,,,,,,,,,,,
stress_transition,C1,6022,1907,1853,77.20833333333333,97.16832721552177,33.84021376962574,226.4922011595357,30.92551299317593,88.5558583106267,81.23376623376623,11.444141689373296,0.4962543818443563,210.59593013987376,0,250.0,49.90399999999988,5.849305555555549,63.187791550444395,50.41524729282864,12.772544257615758,79.78637337337686,29.41269354398863,0.0,50.41524729282864,87.76082159783945,0,0,1474.1715109791162,0,0,0,25,0.3,0.7,0.0,0,0,0,0,,,,,,,,,,,,,,,,,,,,,,,,,
stress_transition,C1,6023,1942,1858,77.41666666666667,95.6745623069001,53.962554889882306,224.66810573013905,51.12303838103393,85.60606060606061,79.36610608020699,14.393939393939394,0.48414338884626584,212.19759572005213,0,260.0,50.77199999999986,5.953333333333325,65.791732021482,52.48148003294961,13.3102519885324,79.76911143760984,29.27280661818289,0.0,52.48148003294961,91.37740558539166,0,0,1485.383170040365,0,0,0,26,0.3,0.7,0.0,0,0,0,0,,,,,,,,,,,,,,,,,,,,,,,,,
stress_transition,C1,6024,1944,1873,78.04166666666667,96.3477366255144,45.54555568881155,243.29096712301987,42.77887808121733,83.81201044386422,75.7847533632287,16.187989556135772,0.4837708728165235,212.6986155417636,0,260.0,50.90799999999988,5.965277777777771,65.77948010047211,52.49416646802919,13.285313632442925,79.8032553432304,29.21372679354323,0.0,52.49416646802919,91.36038902843349,0,0,1488.8903087923452,0,0,0,26,0.3,0.7,0.0,0,0,0,0,,,,,,,,,,,,,,,,,,,,,,,,,
stress_transition,C1,6025,1915,1859,77.45833333333333,97.0757180156658,31.478627308528274,211.37267075957382,28.538969920895852,89.0818858560794,82.53968253968253,10.918114143920596,0.49022234461429454,217.7614635316214,0,260.0,49.80599999999988,5.852499999999993,65.42793831439559,52.40861626527224,13.019322049123346,80.10128030236463,29.32944444444446,0.0,52.40861626527224,90.87213654777167,0,0,1524.3302447213498,0,0,0,26,0.3,0.7,0.0,0,0,0,0,,,,,,,,,,,,,,,,,,,,,,,,,
stress_transition,C1,6026,1943,1898,79.08333333333333,97.68399382398353,41.1922163226415,213.8971138266531,38.05688363240407,89.43089430894308,84.30749682337992,10.569105691056912,0.4794814534595159,219.00958452352637,0,270.0,50.43999999999989,5.931527777777768,68.04134745640394,54.446066885983576,13.595280570420366,80.01908974667022,29.382777777777758,0.0,54.446066885983576,94.50187146722772,0,0,1533.0670916646845,0,0,0,27,0.3,0.7,0.0,0,0,0,0,,,,,,,,,,,,,,,,,,,,,,,,,
stress_transition,C1,6027,1920,1868,77.83333333333333,97.29166666666667,36.962756535791904,230.68457276265715,34.06490504430738,87.28813559322035,78.67177522349937,12.711864406779661,0.48868503031841287,218.92197904660938,0,260.0,50.31199999999988,5.893888888888881,65.70274471951994,52.41182267051048,13.290922049009467,79.77113116697421,29.347222222222243,0.0,52.41182267051048,91.25381211044437,0,0,1532.4538533262655,0,0,0,26,0.3,0.7,0.0,0,0,0,0,,,,,,,,,,,,,,,,,,,,,,,,,
stress_transition,C1,6028,1957,1860,77.5,95.04343382728666,46.27467764684271,239.06171730617086,43.194106599335896,93.01075268817205,84.22712933753942,6.989247311827956,0.4761418347584182,238.78672991412415,0,270.0,51.4759999999999,6.020972222222214,68.32451528175721,54.52636492323042,13.798150358526794,79.80497878158978,29.21166666666664,0.0,54.52636492323042,94.8951601135517,0,0,1671.5071093988693,0,0,0,27,0.3,0.7,0.0,0,0,0,0,,,,,,,,,,,,,,,,,,,,,,,,,
stress_transition,C1,6029,1925,1876,78.16666666666667,97.45454545454545,30.75147878556582,211.63442972640036,27.93673904435589,88.4020618556701,76.57774886141834,11.597938144329897,0.487641251756821,204.0733780415159,0,260.0,50.393999999999885,5.905833333333325,65.72880911456224,52.41841801857119,13.310391095991042,79.74953254851816,29.22611111111111,0.0,52.41841801857119,91.2900126591142,0,0,1428.5136462906114,0,0,0,26,0.3,0.7,0.0,0,0,0,0,,,,,,,,,,,,,,,,,,,,,,,,,
stress_transition,C1,6030,1945,1870,77.91666666666667,96.1439588688946,43.442342246372725,210.85889538644395,40.64746382295478,85.75197889182058,76.81992337164752,14.24802110817942,0.4835828687443144,211.71042118149043,0,260.0,50.44999999999989,5.934722222222214,65.77423415286556,52.464787880298665,13.3094462725669,79.76495440200112,29.261666666666653,0.0,52.464787880298665,91.35310299009106,0,0,1481.972948270433,0,0,0,26,0.3,0.7,0.0,0,0,0,0,,,,,,,,,,,,,,,,,,,,,,,,,
stress_transition,C1,6031,1919,1821,75.875,94.8931735278791,57.15861130850936,245.01236710294083,54.51812531331853,84.38287153652394,73.85019710906701,15.617128463476071,0.4944134415164879,205.3955129329368,0,250.0,50.183999999999884,5.883749999999993,62.915625475690106,50.40415495920218,12.511470516487936,80.11388995676087,29.208333333333353,0.0,50.40415495920218,87.3828131606807,0,0,1437.768590530558,0,0,0,25,0.3,0.7,0.0,0,0,0,0,,,,,,,,,,,,,,,,,,,,,,,,,
stress_transition,C1,6032,1987,1869,77.875,94.06139909411174,63.87312960985761,266.80798254471523,61.018548380709795,86.61417322834646,77.08592777085927,13.385826771653544,0.4753603434953427,223.66497191228387,0,260.0,51.477999999999874,6.0586111111111025,65.71838687834729,52.5106480588043,13.20773881954299,79.90252127765687,29.206110053172708,0.0,52.5106480588043,91.27553733103791,0,0,1565.6548033859872,0,0,0,26,0.3,0.7,0.0,0,0,0,0,,,,,,,,,,,,,,,,,,,,,,,,,
stress_transition,C1,6033,1977,1945,81.04166666666667,98.38138593829035,6.829736910794059,160.58052806333788,4.795879680696625,78.84130982367759,43.101265822784804,21.158690176322416,0.47777840917057607,128.06694013255486,0,260.0,51.49399999999988,6.047222222222214,65.49968177802968,52.39452192575996,13.105159852269725,79.99202515718858,29.29861530412316,0.0,52.39452192575996,90.97178024726344,0,0,896.4685809278841,0,0,0,26,0.3,0.7,0.0,0,0,0,0,,,,,,,,,,,,,,,,,,,,,,,,,
stress_transition,C1,6034,1830,1823,75.95833333333333,99.61748633879782,15.85222077467985,233.12502044038726,13.90143357669275,71.8840579710145,46.53198653198653,28.115942028985508,0.5168698936738921,162.8552072035209,0,240.0,47.44399999999989,5.582222222222215,60.4975735883584,48.48885517206529,12.00871841629311,80.15008255041165,29.279444444444437,0.0,48.48885517206529,84.02440776160888,0,0,1139.9864504246461,0,0,0,24,0.3,0.7,0.0,0,0,0,0,,,,,,,,,,,,,,,,,,,,,,,,,
stress_transition,C1,6035,1880,1874,78.08333333333333,99.68085106382979,25.716517279330606,220.05490231675995,22.947011888965125,87.53315649867373,74.11842980705256,12.46684350132626,0.5018518453841424,200.88588980023084,0,250.0,48.96199999999989,5.750138888888881,63.06666992639218,50.40642511562393,12.660244810768244,79.92561708816311,29.347222222222193,0.0,50.40642511562393,87.59259711998914,0,0,1406.2012286016159,0,0,0,25,0.3,0.7,0.0,0,0,0,0,,,,,,,,,,,,,,,,,,,,,,,,,
stress_transition,C1,6036,1874,1861,77.54166666666667,99.30629669156885,13.972962380358704,190.3390636526232,11.929276767913594,75.43424317617865,48.334466349422165,24.56575682382134,0.5031502709724744,166.03091477885988,0,250.0,48.729999999999876,5.72652777777777,63.0122634298729,50.491152662968915,12.521110766903988,80.12908902909213,29.297222222222185,0.0,50.491152662968915,87.51703254149011,0,0,1162.216403452019,0,0,0,25,0.3,0.7,0.0,0,0,0,0,,,,,,,,,,,,,,,,,,,,,,,,,
stress_transition,C1,6037,1970,1935,80.625,98.22335025380711,25.72056989980232,204.26439772311338,22.73796044214614,86.02150537634408,80.85106382978724,13.978494623655912,0.47376664393564916,200.5861340176917,0,270.0,51.11799999999987,6.012361111111103,68.22161145643283,54.5103113178545,13.711300138578327,79.90182312340345,29.314999999999973,0.0,54.5103113178545,94.75223813393447,0,0,1404.102938123842,0,0,0,27,0.3,0.7,0.0,0,0,0,0,,,,,,,,,,,,,,,,,,,,,,,,,
stress_transition,C1,6038,1914,1825,76.04166666666667,95.35005224660397,49.434220436675744,262.9272375063752,46.65169131944979,84.08488063660478,75.92713077423552,15.915119363395224,0.49536192378670485,215.85551580902805,0,250.0,49.88999999999987,5.8570833333333265,62.937590411500736,50.34581151846518,12.591778893035555,79.99323010190325,29.382777777777758,0.0,50.34581151846518,87.41332001597326,0,0,1510.9886106631961,0,0,0,25,0.3,0.7,0.0,0,0,0,0,,,,,,,,,,,,,,,,,,,,,,,,,
stress_transition,C1,6039,1860,1823,75.95833333333333,98.01075268817205,31.46907120740359,268.35765714515617,28.461450664007305,90.9090909090909,81.89771197846568,9.090909090909092,0.5001560601197992,240.90057904062934,0,260.0,48.42399999999988,5.68777777777777,65.9213456996212,52.43255727594878,13.488788423672423,79.53805663322507,29.32944444444441,0.0,52.43255727594878,91.55742458280723,0,0,1686.304053284405,0,0,0,26,0.3,0.7,0.0,0,0,0,0,,,,,,,,,,,,,,,,,,,,,,,,,
stress_transition,C1,6040,1939,1906,79.41666666666667,98.29809179989685,33.19367458479388,192.82520912129155,30.215156212645514,90.57071960297766,82.6171875,9.429280397022332,0.4806611194739914,208.2254549977454,0,270.0,50.135999999999875,5.9054166666666585,67.84679578510831,54.47345944160717,13.373336343501151,80.28891978059124,29.279444444444426,0.0,54.47345944160717,94.23166081265043,0,0,1457.5781849842176,0,0,0,27,0.3,0.7,0.0,0,0,0,0,,,,,,,,,,,,,,,,,,,,,,,,,
stress_transition,C1,6041,1838,1825,76.04166666666667,99.29270946681176,35.67656154997476,254.41936093211808,32.94216252511651,82.17270194986072,74.50980392156863,17.827298050139277,0.5144818798546497,213.202046782525,0,240.0,47.47199999999989,5.594166666666662,60.901132553256595,48.44543218525139,12.45570036800519,79.54767038673215,29.28244358328217,0.0,48.44543218525139,84.5849063239675,0,0,1492.414327477675,0,0,0,24,0.3,0.7,0.0,0,0,0,0,,,,,,,,,,,,,,,,,,,,,,,,,
stress_transition,C1,6042,1881,1872,78.0,99.52153110047847,29.150690983634803,221.65396762010593,26.354938107602827,85.52631578947368,73.217854763491,14.473684210526317,0.5015555892806839,195.59781882443704,0,250.0,48.839999999999876,5.742916666666661,63.11598300253533,50.38986690860357,12.726116093931754,79.83693592569009,29.297222222222217,0.0,50.38986690860357,87.6610875035213,0,0,1369.1847317710592,0,0,0,25,0.3,0.7,0.0,0,0,0,0,,,,,,,,,,,,,,,,,,,,,,,,,
stress_transition,C1,6043,1927,1867,77.79166666666667,96.88635184224182,52.165869388909,248.91344712767767,49.20207600353153,93.21608040201005,82.27599738391105,6.78391959798995,0.4829853490864014,237.81638174965516,0,270.0,50.34399999999987,5.904861111111106,67.87538406045368,54.47381641308078,13.4015676473729,80.25562899881832,29.311666666666643,0.0,54.47381641308078,94.27136675063011,0,0,1664.7146722475866,0,0,0,27,0.3,0.7,0.0,0,0,0,0,,,,,,,,,,,,,,,,,,,,,,,,,
stress_transition,C1,6044,1948,1932,80.5,99.17864476386036,21.084246875585162,201.36197066333122,18.312626076184227,88.06366047745358,69.7644812221515,11.936339522546419,0.483626417952756,185.69098823708802,0,260.0,50.643999999999885,5.951944444444434,65.45228535181097,52.475623274658496,12.976662077152472,80.17385946510204,29.24388888888888,0.0,52.475623274658496,90.90595187751524,0,0,1299.8369176596163,0,0,0,26,0.3,0.7,0.0,0,0,0,0,,,,,,,,,,,,,,,,,,,,,,,,,
stress_transition,C1,6045,1877,1850,77.08333333333333,98.56153436334576,33.334806920732255,219.3772570748158,30.386845391966546,89.22651933701657,80.26402640264027,10.773480662983426,0.5026669488767558,211.56710398800232,0,250.0,48.81199999999988,5.735972222222215,62.95585776611511,50.43397566564869,12.521882100466412,80.11006037438806,29.24186211327635,0.0,50.43397566564869,87.43869134182654,0,0,1480.9697279160164,0,0,0,25,0.3,0.7,0.0,0,0,0,0,,,,,,,,,,,,,,,,,,,,,,,,,
stress_transition,C1,6046,1880,1872,78.0,99.57446808510639,20.672464407645577,229.86020397506388,18.577580328925638,74.52574525745257,50.43017868960953,25.474254742547426,0.5069364073011833,168.55630119372645,0,240.0,48.80799999999988,5.7394444444444375,60.50405072020365,48.40762790953973,12.096422810663928,80.0072513052012,29.243888888888897,0.0,48.40762790953973,84.03340377806063,0,0,1179.894108356085,0,0,0,24,0.3,0.7,0.0,0,0,0,0,,,,,,,,,,,,,,,,,,,,,,,,,
stress_transition,C1,6047,1839,1828,76.16666666666667,99.40184883088635,16.71197580989267,258.55822575648693,14.175071672610864,85.18518518518519,66.18754277891856,14.814814814814813,0.5149726563963463,212.67397380415494,0,240.0,48.33799999999988,5.65555555555555,60.553781176241486,48.360370270855825,12.193410905385656,79.86350204969563,29.340978531210972,0.0,48.360370270855825,84.10247385589093,0,0,1488.7178166290846,0,0,0,24,0.3,0.7,0.0,0,0,0,0,,,,,,,,,,,,,,,,,,,,,,,,,
stress_transition,C1,6048,1915,1888,78.66666666666667,98.59007832898172,17.899995449444376,194.58690187658607,15.358480664317907,82.01058201058201,67.07872478854912,17.989417989417987,0.4952198233383131,176.2090966500731,0,250.0,49.57999999999989,5.836805555555547,62.909209037490186,50.42972250574958,12.479486531740598,80.16270316750675,29.39994606390609,0.0,50.42972250574958,87.37390144095859,0,0,1233.4636765505118,0,0,0,25,0.3,0.7,0.0,0,0,0,0,,,,,,,,,,,,,,,,,,,,,,,,,
stress_transition,C1,6049,1882,1873,78.04166666666667,99.52178533475026,30.346617747573426,219.13776099677366,27.524904745549144,88.26666666666667,75.58062375580623,11.733333333333333,0.49673993087933155,213.09438663152267,0,260.0,48.76399999999989,5.738888888888882,65.44307483681689,52.47684624478451,12.966228592032387,80.18701195754657,29.261666666666663,0.0,52.47684624478451,90.89315949557903,0,0,1491.6607064206585,0,0,0,26,0.3,0.7,0.0,0,0,0,0,,,,,,,,,,,,,,,,,,,,,,,,,
stress_transition,C1,6050,1897,1841,76.70833333333333,97.04797047970479,47.01517212001485,249.89480599734057,44.27887276471997,82.5136612021858,74.78772044415415,17.48633879781421,0.4988745685019461,213.83770881993652,0,250.0,49.499999999999886,5.808749999999993,62.86721747501915,50.39956607822578,12.467651396793382,80.16827863942363,29.229444444444436,0.0,50.39956607822578,87.31557982641552,0,0,1496.863961739556,0,0,0,25,0.3,0.7,0.0,0,0,0,0,,,,,,,,,,,,,,,,,,,,,,,,,
stress_transition,C1,6051,1809,1795,74.79166666666667,99.2260917634052,3.7377150714252743,168.74167949495254,2.672615642705495,56.315789473684205,17.074877536738974,43.684210526315795,0.520744035037642,91.80105064070044,0,240.0,46.89399999999988,5.517777777777772,60.645006341028456,48.41811285764919,12.22689348337926,79.83858157319155,29.297222222222214,0.0,48.41811285764919,84.22917547365063,0,0,642.607354484903,0,0,0,24,0.3,0.7,0.0,0,0,0,0,,,,,,,,,,,,,,,,,,,,,,,,,
stress_transition,C1,6052,1968,1935,80.625,98.32317073170732,24.771438607047486,205.8330877863845,21.87013680241432,89.37823834196891,78.69785082174462,10.621761658031089,0.4794578042427303,192.47839338096736,0,260.0,51.08399999999988,6.0074999999999905,65.55326666166388,52.465148064854674,13.0881185968092,80.03437622054729,29.243888888888865,0.0,52.465148064854674,91.04620369675538,0,0,1347.3487536667715,0,0,0,26,0.3,0.7,0.0,0,0,0,0,,,,,,,,,,,,,,,,,,,,,,,,,
stress_transition,C1,6053,1783,1773,73.875,99.43914750420639,4.481360590864607,202.06952466385465,3.0235767236459896,63.87283236994219,26.7919276270007,36.127167630057805,0.530699136909045,136.23590905992734,0,230.0,46.27999999999989,5.442638888888883,58.2276349978413,46.45870544405645,11.768929553784849,79.78806875082395,29.225160364710923,0.0,46.45870544405645,80.8717152747796,0,0,953.6513634194914,0,0,0,23,0.3,0.7,0.0,0,0,0,0,,,,,,,,,,,,,,,,,,,,,,,,,
stress_transition,C1,6054,1960,1876,78.16666666666667,95.71428571428572,44.287269050409506,212.69752446536714,41.35382018639552,85.34278959810875,83.14899154196486,14.657210401891252,0.4766156667532386,217.87901622332546,0,270.0,51.221999999999895,6.007083333333325,67.7857039563678,54.41735859350968,13.368345362858115,80.27851806117846,29.41499999999997,0.0,54.41735859350968,94.14681105051082,0,0,1525.1531135632783,0,0,0,27,0.3,0.7,0.0,0,0,0,0,,,,,,,,,,,,,,,,,,,,,,,,,
stress_transition,C1,6055,1955,1878,78.25,96.06138107416879,50.80236803312072,238.46480640468994,47.71438783377354,93.04123711340206,84.81174218251437,6.958762886597938,0.4721656019761098,244.370020740927,0,280.0,50.80199999999989,5.971666666666657,70.52853660404067,56.36805358899442,14.16048301504626,79.92233541644904,29.31499999999998,0.0,56.36805358899442,97.95630083894537,0,0,1710.590145186489,0,0,0,28,0.3,0.7,0.0,0,0,0,0,,,,,,,,,,,,,,,,,,,,,,,,,
stress_transition,C1,6056,1859,1854,77.25,99.73103819257665,14.211720635260546,193.54074321262343,11.758922076754203,81.67539267015707,61.34055517941774,18.32460732984293,0.5102742831211985,170.23103034862257,0,240.0,48.677999999999884,5.704166666666659,60.92176130691592,48.46138990066376,12.460371406252156,79.54692848836325,29.24388888888887,0.0,48.46138990066376,84.61355737071656,0,0,1191.6172124403577,0,0,0,24,0.3,0.7,0.0,0,0,0,0,,,,,,,,,,,,,,,,,,,,,,,,,
stress_transition,C2,6007,1947,1854,77.25,95.22342064714945,39.39206519243327,352.6800568644883,36.99117738060294,79.1891891891892,62.39695624603678,20.81081081081081,0.4742678802952473,198.90023294895713,0,4090.0,51.659999999999876,6.02124999999999,70.26898833119536,56.20750862753336,14.061479703662009,79.98906767038295,19.403888888888872,6.985095310974746,49.22241331655861,97.59581712666022,3.0,6,1392.3016306427,269,30.855018587360593,85,409,nan,nan,0.0,0,14,0,0,,,,,,,,,,,,,,,,,,,,,,,,,
stress_transition,C2,6008,1913,1900,79.16666666666667,99.32043910088866,7.419396926273781,243.67707051603756,5.20930239285841,79.06976744186046,49.54128440366973,20.930232558139537,0.47824234320974285,163.09473169899553,0,4390.0,50.367999999999896,5.889027777777768,71.6658590222896,57.15922463830057,14.506634383989041,79.75795646365286,19.42151341253092,7.915048498349989,49.24417613995058,99.53591530873555,3.0,6,1141.6631218929688,282,20.921985815602838,84,439,nan,nan,0.0,0,14,0,0,,,,,,,,,,,,,,,,,,,,,,,,,
stress_transition,C2,6009,1908,1796,74.83333333333333,94.12997903563941,52.13649179694975,368.97002480856304,49.75725855353969,79.25,63.99204244031831,20.75,0.48575785029271745,223.12313401491784,0,5100.0,50.94399999999986,5.922777777777768,68.3780434524704,54.62760103596745,13.750442416502942,79.89055883697391,19.269909017641666,8.910668614191591,45.71693242177586,94.96950479509778,3.0,6,1561.8619381044252,348,22.413793103448278,106,510,nan,nan,0.0,0,14,0,0,,,,,,,,,,,,,,,,,,,,,,,,,
stress_transition,C2,6010,1937,1762,73.41666666666667,90.96541042849768,57.39615479871757,461.09297069967954,55.372855973685944,72.51908396946564,52.979274611398964,27.480916030534353,0.47808207631723987,224.94503200580854,0,7830.0,51.63999999999982,6.007361111111106,69.34663353611109,55.557745754906314,13.788887781204778,80.11599543037018,19.52169912240755,13.366386297387807,42.19135945751851,96.3147688001543,3.0,6,1574.6152240406595,474,31.856540084388186,150,783,nan,nan,0.0,0,13,0,0,,,,,,,,,,,,,,,,,,,,,,,,,
stress_transition,C2,6011,1946,1911,79.625,98.20143884892086,16.5817480335096,249.80280297002912,14.173495685121015,78.1163434903047,62.90220820189274,21.88365650969529,0.4741607442628184,146.3335200164003,0,4290.0,51.16599999999987,5.9856944444444355,70.42298489153954,56.361956749563234,14.061028141976324,80.03346753388529,19.28277777777773,7.19195089690741,49.17000585265581,97.80970123824936,3.0,6,1024.3346401148024,264,15.909090909090908,82,429,nan,nan,0.0,0,14,0,0,,,,,,,,,,,,,,,,,,,,,,,,,
stress_transition,C2,6012,1910,1744,72.66666666666667,91.30890052356021,47.75256676475648,430.68361062871577,45.9930129903561,71.71428571428571,43.717948717948715,28.285714285714285,0.4819463607660181,218.8591396064382,0,7880.0,51.08399999999983,5.934999999999997,70.09903417392687,56.112916255481814,13.986117918445071,80.0480590306804,19.397511883059344,13.881168219906524,42.23174803557529,97.35976968600956,3.0,6,1532.0139772450675,515,24.271844660194176,152,788,nan,nan,0.0,0,17,0,0,,,,,,,,,,,,,,,,,,,,,,,,,
stress_transition,C2,6013,1949,1859,77.45833333333333,95.38224730631093,38.82402522543456,364.9885952536148,36.255981287813235,84.22391857506362,67.09511568123393,15.776081424936386,0.4679952284059838,224.15100959870662,0,3500.0,51.28599999999989,5.997777777777767,73.23040488338418,58.599362491324584,14.631042392059602,80.02053598452882,19.38611111111114,5.855333665425951,52.744028825898624,101.70889567136695,3.0,6,1569.0570671909468,197,12.690355329949238,68,350,nan,nan,0.0,0,15,0,0,,,,,,,,,,,,,,,,,,,,,,,,,
stress_transition,C2,6014,1944,1799,74.95833333333333,92.54115226337449,45.24505908732858,373.3978530200831,42.98995328572136,75.4950495049505,62.142857142857146,24.504950495049506,0.47103052216268837,208.46876614910383,0,6750.0,51.92599999999986,6.035972222222215,72.20061683000507,57.69133868767709,14.509278142327972,79.90421857961437,19.471666666666632,11.982659932342512,45.70867875533459,100.27863448611815,3.0,6,1459.2813630437267,443,20.090293453724605,125,675,nan,nan,0.0,0,13,0,0,,,,,,,,,,,,,,,,,,,,,,,,,
stress_transition,C2,6015,1875,1737,72.375,92.64,49.577197846263104,428.23138848190007,47.36623453266018,72.1311475409836,59.90722332670643,27.86885245901639,0.486041075081724,241.9819158487807,0,6530.0,50.19599999999985,5.829583333333326,71.53529815881114,57.18313816470631,14.352159994104829,79.93695369488432,19.318333333333275,11.422376664228631,45.76076150047767,99.35458077612658,3.0,6,1693.8734109414647,428,27.80373831775701,103,653,nan,nan,0.0,0,17,0,0,,,,,,,,,,,,,,,,,,,,,,,,,
stress_transition,C2,6016,1965,1769,73.70833333333333,90.02544529262086,72.47043862066784,398.96054356840943,70.20726796911747,77.42718446601941,61.751448808757246,22.572815533980584,0.4678004775039845,239.456154767925,0,6650.0,52.26399999999984,6.085694444444438,71.7285593379918,57.11899897545874,14.60956036253307,79.63215698548828,19.386111111111063,11.421068217084313,45.69793075837442,99.62299908054418,3.0,6,1676.193083375475,435,21.839080459770116,137,665,nan,nan,0.0,0,14,0,0,,,,,,,,,,,,,,,,,,,,,,,,,
stress_transition,C2,6017,1934,1919,79.95833333333333,99.22440537745605,14.497635119974055,279.50109592081134,12.310888279664468,75.4950495049505,56.33986928104575,24.504950495049506,0.47788371096354876,154.98390412881514,0,4230.0,51.50199999999988,5.994027777777768,69.74660967437144,56.04620599274482,13.700403681626618,80.35688939492513,19.282777777777753,6.7913196414816905,49.254886351263124,96.87029121440477,3.0,6,1084.887328901706,242,21.487603305785125,91,423,nan,nan,0.0,0,18,0,0,,,,,,,,,,,,,,,,,,,,,,,,,
stress_transition,C2,6018,1960,1809,75.375,92.29591836734694,73.3625002511965,413.4473965578549,70.65428333668613,84.73684210526315,73.35443037974684,15.263157894736842,0.46475954580499834,245.6138351313232,0,3780.0,51.80399999999988,6.04749999999999,73.76118891428088,58.94778064669077,14.813408267590104,79.91706955156997,19.36833333333336,6.224408210974641,52.723372435716136,102.44609571427898,3.0,6,1719.2968459192623,227,29.515418502202646,68,378,nan,nan,0.0,0,15,0,0,,,,,,,,,,,,,,,,,,,,,,,,,
stress_transition,C2,6019,1939,1890,78.75,97.47292418772562,31.241304851717857,335.7616824600639,28.83350089165117,79.67032967032968,61.079365079365076,20.32967032967033,0.4754413997145027,183.8063408598919,0,4140.0,51.08999999999988,5.971666666666656,70.47753454389061,56.27171876699909,14.205815776891523,79.84348364506891,19.300555555555526,7.042883773904314,49.22883499309478,97.88546464429253,3.0,6,1286.6443860192433,260,18.076923076923077,77,414,nan,nan,0.0,0,16,0,0,,,,,,,,,,,,,,,,,,,,,,,,,
stress_transition,C2,6020,1888,1796,74.83333333333333,95.12711864406779,48.4677054321338,428.97422764440734,46.12659872321075,77.720207253886,62.782956058588546,22.279792746113987,0.4817935359129812,230.02022881022975,0,4990.0,49.609999999999864,5.80513888888888,72.37605789985749,57.917984480027926,14.458073419829564,80.02367932247104,19.279646459741194,8.640902319964788,49.27708216006313,100.52230263869095,3.0,6,1610.1416016716087,304,27.302631578947366,91,499,nan,nan,0.0,0,14,0,0,,,,,,,,,,,,,,,,,,,,,,,,,
stress_transition,C2,6021,1930,1871,77.95833333333333,96.94300518134715,28.798473837685638,325.1995396863259,26.407130884111357,75.90027700831024,61.69534735500319,24.099722991689752,0.4776596616385483,183.63350977531275,0,4190.0,51.36599999999988,5.9795833333333235,70.25953053417166,56.33585813428989,13.923672399881777,80.18251432364781,19.405053948450135,7.079764449063442,49.256093685226446,97.58268129746065,3.0,6,1285.4345684271896,253,23.715415019762844,77,419,nan,nan,0.0,0,16,0,0,,,,,,,,,,,,,,,,,,,,,,,,,
stress_transition,C2,6022,1907,1858,77.41666666666667,97.43051914001049,16.17189657762977,297.839026912554,13.862608673084623,78.7465940054496,60.58441558441559,21.25340599455041,0.48482411218780896,184.7516985748483,0,5300.0,50.91399999999988,5.919444444444434,68.94864745734426,54.65577507060649,14.292872386737773,79.27026429984693,19.28277777777771,8.935174813527684,45.7206002570788,95.7620103574226,3.0,6,1293.2618900239381,340,23.235294117647058,100,530,nan,nan,0.0,0,13,0,0,,,,,,,,,,,,,,,,,,,,,,,,,
stress_transition,C2,6023,1942,1868,77.83333333333333,96.18949536560247,35.31994519092986,342.93060448773053,33.03651007299948,76.01010101010101,60.996119016817595,23.98989898989899,0.4709362553014818,185.22859844981485,0,5250.0,51.76999999999987,6.022638888888879,72.44812732805319,58.061230032949695,14.386897295103495,80.1417954808438,19.25507503725842,8.749537012914455,49.31169302003524,100.62239906674056,3.0,6,1296.6001891487037,338,30.76923076923077,112,525,nan,nan,0.0,0,18,0,0,,,,,,,,,,,,,,,,,,,,,,,,,
stress_transition,C2,6024,1944,1824,76.0,93.82716049382715,50.56716281445799,388.973615791904,48.233473897978975,73.89033942558747,63.10057655349135,26.109660574412537,0.4728803837010776,210.85852002843026,0,6520.0,52.159999999999854,6.052222222222214,71.26828661465689,57.0747775791404,14.19350903551649,80.08439698815843,19.36454351846273,11.334310744818444,45.74046683432195,98.98373140924568,3.0,6,1476.009640199012,428,27.102803738317753,137,652,nan,nan,0.0,0,13,0,0,,,,,,,,,,,,,,,,,,,,,,,,,
stress_transition,C2,6025,1915,1825,76.04166666666667,95.30026109660574,30.5359103330959,355.4721766075059,28.24070706528116,78.90818858560795,60.64814814814814,21.09181141439206,0.47636925181636885,198.77219252005457,0,4790.0,50.711999999999875,5.91541666666666,72.40989708455005,57.889810709716755,14.52008637483329,79.94737327429317,19.36833333333335,8.693916490494944,49.195894219221806,100.5693015063195,3.0,6,1391.405347640382,324,27.160493827160494,81,479,nan,nan,0.0,0,15,0,0,,,,,,,,,,,,,,,,,,,,,,,,,
stress_transition,C2,6026,1943,1817,75.70833333333333,93.51518270715388,66.79325406216688,419.0421705316052,64.2209970384969,81.30081300813008,66.96315120711563,18.69918699186992,0.47348220428261,223.66138469163764,0,4390.0,51.26399999999988,5.988749999999992,71.06496904156458,57.01617799709475,14.048791044469818,80.23106006525809,19.40388888888886,7.7715791087821815,49.24459888831257,98.70134589106189,3.0,6,1565.6296928414638,295,26.440677966101696,91,439,nan,nan,0.0,0,15,0,0,,,,,,,,,,,,,,,,,,,,,,,,,
stress_transition,C2,6027,1920,1781,74.20833333333333,92.76041666666667,56.59396085757553,430.8100026867596,54.50096411116271,73.44632768361582,55.3639846743295,26.55367231638418,0.47888356545180705,220.8251834314802,0,6270.0,51.51399999999985,5.977361111111104,70.64268301228925,56.524350448288345,14.118332564000909,80.01444457942681,19.350555555555534,10.781909756332713,45.74244069195564,98.1148375170684,3.0,6,1545.7762840203618,396,25.0,127,627,nan,nan,0.0,0,13,0,0,,,,,,,,,,,,,,,,,,,,,,,,,
stress_transition,C2,6028,1957,1820,75.83333333333333,92.99948901379663,53.49958032145589,385.06582541810764,51.02103826313944,82.5268817204301,64.10094637223975,17.473118279569892,0.4650514872213061,219.50864505089945,0,3840.0,52.1899999999999,6.070555555555547,73.91405044046168,59.134670478786035,14.779379961675637,80.00464069604662,19.323730118959507,6.392319338433529,52.742351140352504,102.65840338953012,3.0,6,1536.5605153562963,241,22.821576763485478,80,384,nan,nan,0.0,0,15,0,0,,,,,,,,,,,,,,,,,,,,,,,,,
stress_transition,C2,6029,1925,1880,78.33333333333333,97.66233766233766,25.509862911671885,294.07974641584417,23.2251368206905,79.38144329896907,60.63760572543917,20.618556701030926,0.4734795604222418,171.30055263773835,0,5240.0,51.38999999999988,5.97499999999999,72.86630154719006,58.119029129682374,14.747272417507695,79.76118987189574,19.47166666666663,8.884502695340862,49.23452643434152,101.20319659331956,3.0,6,1199.1038684641685,326,22.699386503067483,103,524,nan,nan,0.0,0,14,0,0,,,,,,,,,,,,,,,,,,,,,,,,,
stress_transition,C2,6030,1945,1826,76.08333333333333,93.88174807197943,49.78802527797423,359.8352003181626,47.574757808396754,76.2532981530343,58.173690932311615,23.7467018469657,0.4730658741077077,192.6580640632284,0,6150.0,51.62799999999986,6.0165277777777675,71.07479944971534,57.11920454696542,13.955594902749917,80.36491835249798,19.371533191011707,11.390931290197969,45.72827325676745,98.71499923571575,3.0,6,1348.606448442599,428,15.654205607476634,100,615,nan,nan,0.0,0,13,0,0,,,,,,,,,,,,,,,,,,,,,,,,,
stress_transition,C2,6031,1919,1813,75.54166666666667,94.47628973423659,39.75697733434313,376.3739975857477,37.6674015962522,78.08564231738035,56.43889618922471,21.91435768261965,0.48400601520230807,189.81520548474262,0,7230.0,51.57999999999984,5.980694444444437,68.16096833803678,54.761766070313385,13.399202267723389,80.34182524920782,19.222802435925797,12.54455594901318,42.21721012130021,94.66801158060662,3.0,6,1328.706438393198,480,18.333333333333332,148,723,nan,nan,0.0,0,19,0,0,,,,,,,,,,,,,,,,,,,,,,,,,
stress_transition,C2,6032,1987,1828,76.16666666666667,91.99798691494716,59.200189168450564,414.0846324452427,57.03398099366761,77.42782152230971,56.039850560398506,22.57217847769029,0.4673456245602225,205.89487260486194,0,6190.0,52.66399999999984,6.140972222222213,69.7578052216479,55.74278694769328,14.015018273954613,79.90903207257824,19.21499999999999,10.03255272488516,45.71023422280811,96.88584058562208,3.0,6,1441.2641082340333,389,26.47814910025707,133,619,nan,nan,0.0,0,17,0,0,,,,,,,,,,,,,,,,,,,,,,,,,
stress_transition,C2,6033,1977,1797,74.875,90.89529590288315,55.316907739017346,402.85581407069526,53.05555249459882,78.84130982367759,59.24050632911393,21.158690176322416,0.4616102623291054,240.0938645237432,0,5830.0,52.60799999999986,6.124583333333324,73.64842778613087,58.89049414798225,14.757933638148604,79.96164469253237,19.368333333333325,9.648191583292425,49.24230256468983,102.28948303629286,3.0,6,1680.6570516662025,359,15.87743732590529,136,583,nan,nan,0.0,0,16,0,0,,,,,,,,,,,,,,,,,,,,,,,,,
stress_transition,C2,6034,1830,1821,75.875,99.50819672131146,7.318870208601669,315.8669142777189,5.797163085632147,63.18840579710145,31.64983164983165,36.811594202898554,0.503442714748769,144.67495522912694,0,4660.0,48.32799999999988,5.643611111111103,67.26487176662044,53.31085517206536,13.954016594555087,79.25512049889964,19.268333333333338,7.555915674202113,45.75493949786325,93.42343300919505,3.0,6,1012.7246866038884,286,22.727272727272727,92,466,nan,nan,0.0,0,13,0,0,,,,,,,,,,,,,,,,,,,,,,,,,
stress_transition,C2,6035,1880,1846,76.91666666666667,98.19148936170212,21.431379700979715,328.7143458150883,19.217011683835246,74.27055702917772,58.48303393213573,25.72944297082228,0.4893903971714412,186.8043121341825,0,5390.0,49.98999999999988,5.821527777777767,69.34723982559363,55.16192511562401,14.185314709969624,79.54451432292721,19.344174200636115,9.418248324039432,45.743676791584576,96.31561086888004,3.0,6,1307.6301849392776,338,22.189349112426036,93,539,nan,nan,0.0,0,13,0,0,,,,,,,,,,,,,,,,,,,,,,,,,
stress_transition,C2,6036,1874,1783,74.29166666666667,95.14407684098187,49.62075739012848,368.6813099491747,47.22083577582943,79.40446650124069,66.48538409245411,20.595533498759306,0.4934085445628314,227.87624253519922,0,5050.0,49.68999999999986,5.7931944444444365,67.92209354033298,54.41493044074676,13.507163099586212,80.11374150067164,19.2683333333333,8.663161268449127,45.751769172297635,94.33624102824024,3.0,6,1595.1336977463945,315,24.761904761904763,115,505,nan,nan,0.0,0,15,0,0,,,,,,,,,,,,,,,,,,,,,,,,,
stress_transition,C2,6037,1970,1816,75.66666666666667,92.18274111675126,64.29929218883917,418.6027747895945,61.806082665650166,79.03225806451613,66.02002503128911,20.967741935483872,0.46848788061535507,249.6583456842038,0,4660.0,51.99599999999987,6.0733333333333235,70.88210816986104,56.54761687341012,14.334491296450913,79.77699638659178,19.25055555555554,7.267050324438287,49.28056654897184,98.44737245814034,3.0,6,1747.608419789427,263,18.631178707224336,103,466,nan,nan,0.0,0,14,0,0,,,,,,,,,,,,,,,,,,,,,,,,,
stress_transition,C2,6038,1914,1816,75.66666666666667,94.8798328108673,31.47515946088399,365.8963959039058,29.411081294275398,71.35278514588859,54.196486662329214,28.647214854111407,0.48693866417105136,187.2305652812599,0,6730.0,51.18599999999985,5.947083333333326,67.18291325779016,53.85547818513194,13.327435072658217,80.16246330146625,19.329843740195347,11.612125148190628,42.24335303694131,93.30960174693077,3.0,6,1310.6139569688196,451,27.716186252771617,135,673,nan,nan,0.0,0,14,0,0,,,,,,,,,,,,,,,,,,,,,,,,,
stress_transition,C2,6039,1860,1834,76.41666666666667,98.6021505376344,13.724771011651745,286.9739574427451,11.444231208251265,76.20320855614973,58.8829071332436,23.796791443850267,0.4923665428430065,159.71088561550116,0,3520.0,49.07599999999989,5.733055555555547,69.84726240712473,55.6483350537266,14.19892735339813,79.67146189547756,19.45388888888888,6.455438251927044,49.19289680179955,97.01008667656214,3.0,6,1117.9761993085083,243,28.80658436213992,47,352,nan,nan,0.0,0,14,0,0,,,,,,,,,,,,,,,,,,,,,,,,,
stress_transition,C2,6040,1939,1854,77.25,95.61629706034039,43.04056603675274,357.53585531759006,40.458320913117035,82.13399503722084,71.22395833333333,17.866004962779154,0.4721280804055598,208.33607291526087,0,4900.0,51.06199999999987,5.969722222222211,72.14744747559787,57.67548721938502,14.471960256212856,79.94113338367565,19.336111111111105,8.434235233752942,49.241251985632076,100.20478816055262,3.0,6,1458.352510406826,340,13.823529411764707,102,490,nan,nan,0.0,0,16,0,0,,,,,,,,,,,,,,,,,,,,,,,,,
stress_transition,C2,6041,1838,1767,73.625,96.13710554951034,37.23397637375046,437.6713319755133,35.301420915751955,69.35933147632312,50.10141987829615,30.64066852367688,0.5059440367585857,210.33944992880683,0,7780.0,48.97999999999983,5.6988888888888845,65.20420547367276,52.228154407473745,12.97605106619902,80.09936480026845,19.300555555555526,13.543975831824687,38.684178575649064,90.5613964912122,3.0,6,1472.3761495016474,517,32.10831721470019,149,778,nan,nan,0.0,0,12,0,0,,,,,,,,,,,,,,,,,,,,,,,,,
stress_transition,C2,6042,1881,1792,74.66666666666667,95.26847421584263,45.005813265304255,402.55551805425773,42.81576090498146,72.10526315789474,57.16189207195204,27.89473684210526,0.49334977265940394,197.5823210926829,0,6470.0,50.08399999999985,5.82930555555555,67.25171457966043,53.89703357527032,13.354681004390107,80.14224456898963,19.23389161453293,11.675711908305558,42.22132166696477,93.40515913841728,3.0,6,1383.0762476487803,451,28.60310421286031,137,647,nan,nan,0.0,0,16,0,0,,,,,,,,,,,,,,,,,,,,,,,,,
stress_transition,C2,6043,1927,1843,76.79166666666667,95.64089257913857,43.01084620390908,383.3967113742582,40.57464115004723,83.41708542713569,64.55199476782211,16.582914572864322,0.4702094948530979,226.02054465986848,0,3800.0,51.04999999999989,5.953888888888881,74.31441459403865,58.84645530196973,15.467959292068917,79.1857886837075,19.29969311067899,6.005134950871698,52.84132035109803,103.21446471394256,3.0,6,1582.1438126190794,227,19.383259911894275,69,380,nan,nan,0.0,0,17,0,0,,,,,,,,,,,,,,,,,,,,,,,,,
stress_transition,C2,6044,1948,1783,74.29166666666667,91.52977412731006,72.6893772373143,488.12408859412534,70.32310100280533,79.3103448275862,62.69891788669637,20.689655172413794,0.4661028795995002,258.7867656267757,0,6130.0,51.817999999999856,6.033472222222212,74.28414868185187,59.33042883021415,14.953719851637718,79.86956824977248,19.471666666666682,10.12319016765201,49.20723866256213,103.17242872479426,3.0,6,1811.5073593874301,371,12.129380053908356,126,613,nan,nan,0.0,0,15,0,0,,,,,,,,,,,,,,,,,,,,,,,,,
stress_transition,C2,6045,1877,1839,76.625,97.97549280767181,25.109115508370834,320.4295141816822,22.761021326857428,80.11049723756906,61.584158415841586,19.88950276243094,0.48992813875057817,183.26337070121053,0,5600.0,49.88199999999986,5.8102777777777685,69.37621806970861,55.55328122120433,13.822936848504284,80.07539581558753,19.24722222222224,9.81910117124547,45.734180049958866,96.35585843015086,3.0,6,1282.8435949084737,366,19.94535519125683,103,560,nan,nan,0.0,0,13,0,0,,,,,,,,,,,,,,,,,,,,,,,,,
stress_transition,C2,6046,1880,1866,77.75,99.25531914893617,2.83655625958277,212.7965846184949,1.7640038883173068,59.891598915989164,15.949702183984115,40.10840108401084,0.4915515219256763,88.69892074505752,0,5000.0,49.75999999999983,5.805555555555553,68.25803294945915,54.364636999306654,13.893395950152469,79.6457715673704,19.21099789171114,8.672424481148738,45.692212518157916,94.80282354091545,3.0,6,620.8924452154026,319,9.404388714733543,85,500,nan,nan,0.0,0,21,0,0,,,,,,,,,,,,,,,,,,,,,,,,,
stress_transition,C2,6047,1839,1833,76.375,99.673735725938,2.85596792506127,278.4173256148271,1.7360002046947798,62.433862433862444,15.263518138261468,37.56613756613756,0.503576735322972,89.64717778887966,0,5930.0,49.47599999999985,5.734583333333326,66.29732539722212,53.29145360418926,13.005871793032888,80.38250907542974,19.2327777777778,11.034942877561786,42.25651072662746,92.079618607253,3.0,6,627.5302445221575,404,29.7029702970297,101,593,nan,nan,0.0,0,13,0,0,,,,,,,,,,,,,,,,,,,,,,,,,
stress_transition,C2,6048,1915,1872,78.0,97.75456919060052,13.669611101367186,305.9397282305882,11.57261115529972,74.33862433862434,51.98438516590761,25.66137566137566,0.4795497765559741,158.29713979229714,0,6010.0,50.73199999999988,5.916805555555546,70.80691261578906,56.603944727971914,14.202967887817154,79.94126934345383,19.436841860731157,10.90538089482953,45.69856383314237,98.3429341885959,3.0,6,1108.0799785460802,391,29.66751918158568,107,601,nan,nan,0.0,0,13,0,0,,,,,,,,,,,,,,,,,,,,,,,,,
stress_transition,C2,6049,1882,1835,76.45833333333333,97.50265674814028,41.090964326211015,334.91618950738956,38.48005126085275,83.73333333333333,70.93563370935634,16.266666666666666,0.4849523641184829,227.36483371460815,0,4680.0,49.64799999999989,5.80027777777777,71.38400848428462,57.011679578117906,14.3723289061667,79.86617841819458,19.30215253565518,7.78869853482701,49.2229810432909,99.14445622817306,3.0,6,1591.5538360022574,290,18.275862068965516,85,468,nan,nan,0.0,0,17,0,0,,,,,,,,,,,,,,,,,,,,,,,,,
stress_transition,C2,6050,1897,1750,72.91666666666667,92.25092250922509,56.05608479676623,448.203842918573,54.13516520483309,69.12568306010928,51.534944480731546,30.87431693989071,0.4857390911543676,240.10277294363212,0,7910.0,51.031999999999826,5.915138888888886,69.48749805819875,55.30262163378143,14.184876424417318,79.58643378908694,19.445257554182884,13.149600098527326,42.1530215352541,96.51041396972049,3.0,6,1680.7194106054246,490,24.897959183673468,148,791,nan,nan,0.0,0,12,0,0,,,,,,,,,,,,,,,,,,,,,,,,,
stress_transition,C2,6051,1809,1787,74.45833333333333,98.78385848535103,4.451503278763588,253.74982009836373,3.0482236416649036,62.36842105263158,30.160951714485652,37.631578947368425,0.508670116159405,116.88935077955684,0,7580.0,48.36199999999984,5.619722222222218,66.73026145565984,53.26539063542708,13.464870820232777,79.82194205970593,19.2729804097613,14.543775118316178,38.721615517110905,92.68091868841647,3.0,6,818.2254554568976,542,27.490774907749078,122,758,nan,nan,0.0,0,12,0,0,,,,,,,,,,,,,,,,,,,,,,,,,
stress_transition,C2,6052,1968,1810,75.41666666666667,91.97154471544715,64.9707785825401,459.15211371276916,62.7651728273776,75.38860103626943,57.33249051833123,24.61139896373057,0.4668837884149612,223.4350120124254,0,5120.0,52.05599999999985,6.07499999999999,71.89057063885954,57.63225917596587,14.258311462893682,80.16664586720289,19.386302198762973,8.395110939003649,49.23714823696221,99.84801477619382,3.0,6,1564.0450840869778,306,29.08496732026144,104,512,nan,nan,0.0,0,16,0,0,,,,,,,,,,,,,,,,,,,,,,,,,
stress_transition,C2,6053,1783,1774,73.91666666666667,99.49523275378576,1.955200643123289,196.50823024168602,1.181193925691461,48.84393063583815,11.830201809324981,51.15606936416185,0.5225344512525916,46.53585109275113,0,6290.0,47.49199999999987,5.526805555555548,62.34263656869388,50.07171760569339,12.270918963000488,80.31697143658747,19.234495542126805,11.360262160518479,38.711455445174906,86.58699523429705,3.0,6,325.7509576492579,425,17.88235294117647,132,629,nan,nan,0.0,0,16,0,0,,,,,,,,,,,,,,,,,,,,,,,,,
stress_transition,C2,6054,1960,1722,71.75,87.85714285714286,90.20819225163234,502.4277513242181,88.11087463820395,70.6855791962175,56.79895901106051,29.314420803782504,0.46147813662222753,275.76550270556487,0,6640.0,52.49599999999985,6.095555555555549,75.41501914239731,60.572330815732016,14.842688326665304,80.31865735041505,19.260335175769697,11.266188161450074,49.30614265428193,104.74308214221848,3.0,6,1930.3585189389537,405,31.11111111111111,115,664,nan,nan,0.0,0,18,0,0,,,,,,,,,,,,,,,,,,,,,,,,,
stress_transition,C2,6055,1955,1829,76.20833333333333,93.55498721227622,63.86581988443931,380.5436172945755,61.17099020286072,85.82474226804125,72.75047862156988,14.175257731958762,0.46648093511460315,238.99975894461014,0,3700.0,51.4859999999999,6.019166666666655,73.39360870224003,58.855664700105564,14.53794400213446,80.19181198581565,19.209824533261312,6.109200710806468,52.7464639892991,101.93556764200005,3.0,6,1672.998312612271,233,32.61802575107296,82,370,nan,nan,0.0,0,17,0,0,,,,,,,,,,,,,,,,,,,,,,,,,
stress_transition,C2,6056,1859,1856,77.33333333333333,99.838622915546,2.5685567663186535,169.18023448743054,1.4079139650853687,63.35078534031413,16.92620176032499,36.64921465968586,0.500113144592051,61.69670951979549,0,5740.0,49.777999999999864,5.780555555555545,66.04297512560626,52.711889900663856,13.331085224942415,79.81452955505382,19.31500000000001,10.475905941222683,42.23598395944117,91.72635434111982,3.0,6,431.87696663856843,409,16.381418092909534,118,574,nan,nan,0.0,0,12,0,0,,,,,,,,,,,,,,,,,,,,,,,,,
stress_transition,C3,6007,1947,1579,65.79166666666667,81.09912686183873,122.03674419362433,611.7588287416461,120.22759377595465,63.51351351351351,47.622067216233354,36.486486486486484,0.46912084382352565,322.0403406717413,0,9360.0,52.71399999999978,6.094444444444445,72.8630947129431,58.23631418308894,14.626780529854157,79.92566663894951,19.391879582734223,16.041336198572996,42.194977984515944,101.19874265686543,3.0,6,2254.282384702189,600,67.0,191,936,nan,nan,0.0,0,12,0,0,,,,,,,,,,,,,,,,,,,,,,,,,
stress_transition,C3,6008,1913,1583,65.95833333333333,82.74960794563513,96.66435625636709,614.0522275004636,95.02664212738631,60.46511627906976,42.72608125819135,39.53488372093023,0.47986664975301796,309.720497789632,0,9900.0,51.46999999999977,5.965555555555556,70.84720852447893,56.614752416078396,14.232456108400555,79.91105591198703,19.2824086875619,17.906939531867277,38.707812884211116,98.39890072844297,3.0,6,2168.043484527424,655,65.49618320610688,200,990,nan,nan,0.0,0,11,0,0,,,,,,,,,,,,,,,,,,,,,,,,,
stress_transition,C3,6009,1908,1606,66.91666666666667,84.17190775681341,105.01515135697318,600.5815653986263,103.16930800893823,70.0,48.0106100795756,30.0,0.4804904896695042,318.5726697600972,0,8310.0,51.5859999999998,5.96736111111111,71.03279320656986,56.73112881374526,14.301664392824598,79.86611007787057,19.291245613461708,14.463472486158887,42.26765632758638,98.65665723134705,3.0,6,2230.0086883206804,551,62.06896551724138,170,831,nan,nan,0.0,0,14,0,0,,,,,,,,,,,,,,,,,,,,,,,,,
stress_transition,C3,6010,1937,1592,66.33333333333333,82.1889519876097,98.52519540046106,610.5169903166357,96.89970549094893,61.06870229007634,42.42227979274611,38.93129770992366,0.4747422376845541,309.08965247842576,0,10520.0,52.17799999999976,6.044722222222222,71.02991220698478,56.551106866017435,14.478805340967352,79.61590421402272,19.340708229823665,17.84494204440865,38.70616482160878,98.65265584303444,3.0,6,2163.6275673489804,636,65.40880503144653,216,1052,nan,nan,0.0,0,12,0,0,,,,,,,,,,,,,,,,,,,,,,,,,
stress_transition,C3,6011,1946,1593,66.375,81.86022610483043,117.71970708302507,613.5646700501198,115.89741566300863,68.14404432132963,47.12933753943218,31.855955678670362,0.47001849368734844,323.40306530656557,0,9200.0,52.1479999999998,6.0538888888888875,72.51067918157636,57.89576230511882,14.614916876457563,79.844462855106,19.28277777777774,15.692467567606418,42.2032947375124,100.70927664107829,3.0,6,2263.821457145959,573,60.20942408376963,192,920,nan,nan,0.0,0,13,0,0,,,,,,,,,,,,,,,,,,,,,,,,,
stress_transition,C3,6012,1910,1563,65.125,81.83246073298429,89.78222990983932,604.6841924271391,88.3227044970488,62.57142857142857,36.858974358974365,37.42857142857143,0.483905881801861,294.42994671796157,0,11400.0,51.78799999999975,5.983888888888892,69.111435571862,55.37397181103739,13.737463760824639,80.12273417972861,19.224058613201297,20.202199233333243,35.17177257770414,95.98810496091949,3.0,6,2061.0096270257313,764,65.83769633507853,213,1140,nan,nan,0.0,0,10,0,0,,,,,,,,,,,,,,,,,,,,,,,,,
stress_transition,C3,6013,1949,1605,66.875,82.34992303745511,121.76539450792336,601.0677417463487,119.82973831459945,65.64885496183206,51.285347043701805,34.35114503816794,0.4640962254092619,326.7107088151227,0,8160.0,52.2179999999998,6.062499999999996,75.19550239373199,60.15314026910238,15.042362124629603,79.99566244551951,19.389444444444397,14.43679320343632,45.71634706566606,104.43819776907219,3.0,6,2286.974961705859,521,61.42034548944337,158,816,nan,nan,0.0,0,13,0,0,,,,,,,,,,,,,,,,,,,,,,,,,
stress_transition,C3,6014,1944,1573,65.54166666666667,80.9156378600823,104.27843816673959,599.6908391011018,102.64209134711842,64.10891089108911,43.57142857142857,35.89108910891089,0.474495104120611,301.6678324468829,0,9970.0,52.56999999999979,6.080694444444443,70.45446752321205,56.51606090989932,13.938406613312733,80.2164332464502,19.297135013592495,17.81716827780923,38.69889263209009,97.85342711557232,3.0,6,2111.6748271281804,650,65.07692307692308,188,997,nan,nan,0.0,0,12,0,0,,,,,,,,,,,,,,,,,,,,,,,,,
stress_transition,C3,6015,1875,1513,63.041666666666664,80.69333333333333,99.63212366076029,614.3265615585891,98.11446667635329,57.92349726775956,40.75546719681908,42.07650273224044,0.4813834190746432,309.20080811067766,0,11190.0,51.12799999999975,5.894305555555559,73.88275678637982,59.19091594248409,14.691840843895726,80.11465532292624,19.453888888888894,20.51128667787765,38.67962926460645,102.61493998108308,3.0,6,2164.405656774744,779,69.57637997432606,190,1119,nan,nan,0.0,0,13,0,0,,,,,,,,,,,,,,,,,,,,,,,,,
stress_transition,C3,6016,1965,1597,66.54166666666667,81.27226463104326,120.69655908727748,606.1313832007214,118.91128906172975,67.71844660194175,47.5853187379266,32.28155339805826,0.4669545152049954,320.08558291915585,0,9130.0,52.759999999999806,6.120138888888888,72.15492433668231,57.75283230879209,14.40209202789024,80.04004278254304,19.52208813340838,15.59547302692622,42.157359281865865,100.21517268983655,3.0,6,2240.5990804340913,580,65.86206896551724,197,913,nan,nan,0.0,0,12,0,0,,,,,,,,,,,,,,,,,,,,,,,,,
stress_transition,C3,6017,1934,1612,67.16666666666667,83.35056876938987,101.85247536205767,605.7369634380733,100.2326626324249,62.87128712871287,42.94117647058824,37.12871287128713,0.4785498749752204,306.88956918972605,0,10040.0,52.66399999999975,6.074722222222223,69.41086301248895,55.44895599274486,13.961907019744096,79.88512688967438,19.4572222222222,16.77813800125527,38.67081799148958,96.40397640623468,3.0,6,2148.2269843280824,623,64.84751203852326,217,1004,nan,nan,0.0,0,11,0,0,,,,,,,,,,,,,,,,,,,,,,,,,
stress_transition,C3,6018,1960,1604,66.83333333333333,81.83673469387756,149.16444752176923,616.2255837596173,146.93213017293456,78.6842105263158,59.556962025316466,21.31578947368421,0.460501279964074,349.4252912926158,0,6590.0,52.36599999999985,6.086527777777772,75.90735489810673,60.558808424468566,15.348546473638176,79.77989551310134,19.35055555555552,11.346684926931415,49.21212349753715,105.42688180292605,3.0,6,2445.9770390483104,412,63.10679611650486,123,659,nan,nan,0.0,0,15,0,0,,,,,,,,,,,,,,,,,,,,,,,,,
stress_transition,C3,6019,1939,1613,67.20833333333333,83.18720990201135,121.13971687113941,609.9982454796955,119.23782712460483,69.5054945054945,49.079365079365076,30.494505494505496,0.47547433316314613,318.62066472754617,0,8250.0,51.91199999999981,6.028749999999996,70.46093608577434,56.45007987811024,14.010856207664101,80.11542709195881,19.314546675034862,14.22436591795636,42.22571396015387,97.86241123024212,3.0,6,2230.3446530928227,530,65.09433962264151,158,825,nan,nan,0.0,0,15,0,0,,,,,,,,,,,,,,,,,,,,,,,,,
stress_transition,C3,6020,1888,1583,65.95833333333333,83.84533898305084,111.94649798553887,610.843370479504,110.08476036493113,67.35751295336787,49.46737683089214,32.64248704663213,0.4829828427540366,321.5540540928071,0,8480.0,50.307999999999794,5.853611111111109,71.77664725196554,57.38334559113905,14.393301660826486,79.94709670639799,19.493211459368837,15.229958911526614,42.153386679612446,99.68978784995211,3.0,6,2250.87837864965,549,65.57377049180327,151,848,nan,nan,0.0,0,15,0,0,,,,,,,,,,,,,,,,,,,,,,,,,
stress_transition,C3,6021,1930,1582,65.91666666666667,81.96891191709844,117.3401380176099,603.8833916062641,115.54961594808712,63.43490304709141,47.22753346080306,36.56509695290859,0.4716747387414846,315.2950783995878,0,9410.0,52.409999999999805,6.052083333333332,73.2759316742918,58.660747023178814,14.615184651112992,80.0545904812554,19.38944444444439,16.429000307913448,42.231746715265366,101.77212732540528,3.0,6,2207.065548797115,611,63.0114566284779,184,941,nan,nan,0.0,0,12,0,0,,,,,,,,,,,,,,,,,,,,,,,,,
stress_transition,C3,6022,1907,1544,64.33333333333333,80.9648662821185,93.08872893947921,607.9030852275206,91.58865497896048,64.03269754768392,38.76623376623377,35.967302452316076,0.47734790939371086,307.30726466078823,0,11010.0,52.05599999999977,5.998750000000002,72.71665366556972,58.32969173727317,14.386961928296566,80.21503850484724,19.250555555555554,19.6425232628809,38.68716847439228,100.9953523132913,3.0,6,2151.1508526255175,738,64.90514905149053,206,1101,nan,nan,0.0,0,16,0,0,,,,,,,,,,,,,,,,,,,,,,,,,
stress_transition,C3,6023,1942,1584,66.0,81.5653964984552,118.2714992065351,615.2222478356845,116.55945204337513,65.4040404040404,45.98965071151358,34.5959595959596,0.4678693902203858,324.32020001366647,0,9810.0,52.681999999999775,6.085972222222221,73.99382732892553,59.08523003294972,14.908597295975829,79.85156622632525,19.350555555555502,16.877808564953632,42.20742146799608,102.76920462350769,3.0,6,2270.2414000956646,621,63.44605475040258,179,981,nan,nan,0.0,0,15,0,0,,,,,,,,,,,,,,,,,,,,,,,,,
stress_transition,C3,6024,1944,1592,66.33333333333333,81.89300411522635,112.8779760202228,613.3075921439198,111.19104517021837,65.53524804177546,43.561819346572705,34.46475195822455,0.4678747770394029,325.60526714282264,0,9580.0,52.77199999999979,6.094722222222221,73.7911123721409,58.90361091247376,14.887501459667156,79.82480412466614,19.482685587681544,16.717317798096246,42.186293114377506,102.48765607241795,3.0,6,2279.2368699997587,628,62.42038216560509,196,958,nan,nan,0.0,0,12,0,0,,,,,,,,,,,,,,,,,,,,,,,,,
stress_transition,C3,6025,1915,1552,64.66666666666667,81.0443864229765,111.65452162981316,609.295939048845,109.99110784263445,66.74937965260546,44.57671957671958,33.25062034739454,0.4719020264051429,323.9100683635727,0,9630.0,51.67999999999978,5.98263888888889,74.661378691808,59.49508848749455,15.166290204313457,79.686565571046,19.40055555555551,17.347742577170983,42.14734591032356,103.6963592941778,3.0,6,2267.3704785450086,630,71.26984126984127,169,963,nan,nan,0.0,0,15,0,0,,,,,,,,,,,,,,,,,,,,,,,,,
stress_transition,C3,6026,1943,1631,67.95833333333333,83.94235717961914,132.17786460284591,604.4010588528802,129.98761129620786,73.17073170731707,56.03557814485387,26.82926829268293,0.471259033210349,327.1839699301015,0,7040.0,51.793999999999855,6.025555555555549,72.18544726198412,57.92220577487253,14.263241487111586,80.24083519861598,19.229801834000604,12.19665180200428,45.725553972868255,100.2575656416446,3.0,6,2290.2877895107104,447,60.85011185682326,152,704,nan,nan,0.0,0,16,0,0,,,,,,,,,,,,,,,,,,,,,,,,,
stress_transition,C3,6027,1920,1595,66.45833333333333,83.07291666666666,111.73561253268745,605.1827134965805,109.92727318628786,65.5367231638418,47.828863346104725,34.463276836158194,0.4753002964598662,319.5715730942134,0,8920.0,52.0439999999998,6.014166666666664,72.44865058422742,57.61932267051058,14.829327913716854,79.53125725029682,19.46811958796751,15.45955971504628,42.159762955464295,100.62312581142699,3.0,6,2237.0010116594935,568,61.443661971830984,180,892,nan,nan,0.0,0,12,0,0,,,,,,,,,,,,,,,,,,,,,,,,,
stress_transition,C3,6028,1957,1593,66.375,81.40010219724067,130.61596502467407,602.5204884983287,128.57522508789694,72.84946236559139,53.50157728706625,27.1505376344086,0.4632833191758364,328.3913213795794,0,7890.0,52.99999999999982,6.126805555555552,74.80520713537845,59.616587145452726,15.188619989925723,79.69577176300284,19.318333333333314,13.861848947622027,45.754738197830704,103.89612102135897,3.0,6,2298.739249657055,505,61.98019801980198,145,789,nan,nan,0.0,0,13,0,0,,,,,,,,,,,,,,,,,,,,,,,,,
stress_transition,C3,6029,1925,1581,65.875,82.12987012987013,113.23658892345439,611.5663299384257,111.57601621412915,63.91752577319587,44.37215354586858,36.08247422680412,0.47106531070142627,323.0422798703997,0,9820.0,52.30599999999979,6.03861111111111,74.08308340648112,59.01041801857129,15.072665387909833,79.65437628289753,19.471666666666636,16.835489044577713,42.17492897399358,102.89317139789046,3.0,6,2261.295959092798,627,62.99840510366826,202,982,nan,nan,0.0,0,13,0,0,,,,,,,,,,,,,,,,,,,,,,,,,
stress_transition,C3,6030,1945,1610,67.08333333333333,82.77634961439588,112.09238596144652,604.6838306001507,110.3413702346401,67.28232189973615,45.721583652618136,32.71767810026385,0.47240582562444844,313.0063937706554,0,8680.0,52.13399999999981,6.051666666666662,71.407463885278,57.32095454696543,14.086509338312588,80.27305750426353,19.218333333333344,15.114898197828998,42.20605634913643,99.17703317399722,3.0,6,2191.044756394587,555,66.30630630630631,161,868,nan,nan,0.0,0,12,0,0,,,,,,,,,,,,,,,,,,,,,,,,,
stress_transition,C3,6031,1919,1589,66.20833333333333,82.80354351224595,95.74448559165972,610.2457446904575,94.11298119012106,71.03274559193954,41.45860709592641,28.967254408060455,0.48228980930098075,306.46863466927357,0,9490.0,52.031999999999805,6.012083333333332,69.02593611230571,55.38776607031342,13.638170041992302,80.241962934334,19.381195525186058,16.716765591161064,38.67100047915235,95.86935571153572,3.0,6,2145.280442684915,641,66.92667706708268,191,949,nan,nan,0.0,0,12,0,0,,,,,,,,,,,,,,,,,,,,,,,,,
stress_transition,C3,6032,1987,1625,67.70833333333333,81.78158027176649,124.40635728141169,608.807424516004,122.57423982142274,70.86614173228347,47.882938978829394,29.133858267716533,0.46484605349647595,317.84236830683784,0,9000.0,53.22599999999981,6.179999999999995,71.0175890377761,56.884981392137746,14.132607645638377,80.09984873167004,19.23277777777775,14.645499478098834,42.23948191403891,98.6355403302446,3.0,6,2224.8965781478646,559,62.432915921288014,197,900,nan,nan,0.0,0,15,0,0,,,,,,,,,,,,,,,,,,,,,,,,,
stress_transition,C3,6033,1977,1571,65.45833333333333,79.46383409205868,116.10004313406039,617.9637393170486,114.3781387495795,65.74307304785893,44.74683544303798,34.25692695214106,0.45969110403934865,328.5927256725087,0,9780.0,53.39799999999978,6.179444444444442,74.61568356416824,59.20968859242674,15.4059949717415,79.35287296739351,19.23776867829398,16.93241240701515,42.27727618541159,103.63289383912257,3.0,6,2300.1490797075608,632,59.17721518987342,214,978,nan,nan,0.0,0,13,0,0,,,,,,,,,,,,,,,,,,,,,,,,,
stress_transition,C3,6034,1830,1560,65.0,85.24590163934425,79.04223688598067,606.0680442422287,77.52594443853958,55.65217391304348,39.05723905723906,44.34782608695652,0.5026684627624455,292.4169236819845,0,11040.0,49.603999999999765,5.732222222222224,67.65509476772745,54.27885517206541,13.37623959566205,80.22877709123732,19.403888888888883,19.135100447676646,35.143754724388764,93.96540939962146,3.0,6,2046.918465773891,740,64.72972972972974,218,1104,nan,nan,0.0,0,10,0,0,,,,,,,,,,,,,,,,,,,,,,,,,
stress_transition,C3,6035,1880,1567,65.29166666666667,83.35106382978724,94.75871698774999,607.3714980907531,93.21587960555412,61.00795755968169,40.7185628742515,38.9920424403183,0.4857087841432409,307.6938244347333,0,10150.0,50.94199999999977,5.8876388888888895,71.20277279180655,57.00464733784627,14.198125453960303,80.05958911814444,19.245152404351494,18.296908314366547,38.70773902347972,98.89273998862025,3.0,6,2153.856771043133,676,66.86390532544378,179,1015,nan,nan,0.0,0,11,0,0,,,,,,,,,,,,,,,,,,,,,,,,,
stress_transition,C3,6036,1874,1548,64.5,82.60405549626468,101.8099980432955,610.692645855964,100.20616878089382,62.0347394540943,43.643779741672326,37.96526054590571,0.48777580568767853,307.04205438619,0,10110.0,50.701999999999764,5.863472222222224,70.76099393341002,56.649985996302334,14.111007937107681,80.05821123656499,19.386111111111063,17.946349262115955,38.703636734186375,98.27915824084724,3.0,6,2149.2943807033294,683,65.30014641288433,213,1011,nan,nan,0.0,0,11,0,0,,,,,,,,,,,,,,,,,,,,,,,,,
stress_transition,C3,6037,1970,1625,67.70833333333333,82.48730964467005,120.0820379057411,602.0635441258663,118.10148416884812,66.66666666666667,51.50187734668336,33.33333333333333,0.46165938630366893,326.29792529606925,0,8260.0,52.715999999999795,6.123333333333332,74.32366930295086,59.69178354007681,14.631885762874063,80.31328929249578,19.30055555555552,13.897851210853597,45.79393232922321,103.22731847632065,3.0,6,2284.0854770724845,506,59.28853754940712,180,826,nan,nan,0.0,0,13,0,0,,,,,,,,,,,,,,,,,,,,,,,,,
stress_transition,C3,6038,1914,1569,65.375,81.97492163009404,87.41193895052254,607.7070023234792,85.90975200165309,59.94694960212201,38.711776187378014,40.05305039787798,0.4861195516313404,294.6602678738045,0,10840.0,52.007999999999754,6.004166666666669,67.59574597780444,54.09283929624311,13.502906681561353,80.0240288996957,19.287713924900512,18.92354121931625,35.16929807692685,93.88298052472842,3.0,6,2062.6218751166316,726,68.18181818181817,228,1084,nan,nan,0.0,0,16,0,0,,,,,,,,,,,,,,,,,,,,,,,,,
stress_transition,C3,6039,1860,1517,63.208333333333336,81.55913978494624,106.73318263271146,616.7181913014593,105.0375963321718,62.5668449197861,45.020188425302834,37.4331550802139,0.48795519443280266,312.9446672824487,0,10230.0,50.41799999999978,5.826249999999999,72.07058200586745,57.56641838706,14.504163618807478,79.87505690237575,19.2963069807292,18.896878560288304,38.66953982677168,100.09803056370484,3.0,6,2190.61267097714,716,68.85474860335195,192,1023,nan,nan,0.0,0,16,0,0,,,,,,,,,,,,,,,,,,,,,,,,,
stress_transition,C3,6040,1939,1619,67.45833333333333,83.49664775657556,121.39045634064115,601.4955094751947,119.39564656856129,71.46401985111663,52.5390625,28.53598014888337,0.46936480730390945,323.94689530003245,0,7780.0,51.63799999999983,6.0097222222222175,73.54013711882962,59.05048721938501,14.489649899444592,80.29695011850256,19.329227701178368,13.304729385286171,45.74575783409885,102.1390793317078,3.0,6,2267.6282671002273,538,61.52416356877324,164,778,nan,nan,0.0,0,13,0,0,,,,,,,,,,,,,,,,,,,,,,,,,
stress_transition,C3,6041,1838,1577,65.70833333333333,85.79978237214362,77.07033709630501,606.61593278522,75.58645409184675,56.82451253481895,38.67478025693036,43.17548746518106,0.500818135832826,292.95931308938503,0,10770.0,49.57799999999977,5.740416666666669,67.7876595402557,54.1632377408071,13.624421799448616,79.901324382858,19.403888888888847,19.02378969459454,35.13944804621256,94.14952713924406,3.0,6,2050.715191625695,715,64.1958041958042,211,1077,nan,nan,0.0,0,10,0,0,,,,,,,,,,,,,,,,,,,,,,,,,
stress_transition,C3,6042,1881,1577,65.70833333333333,83.83838383838383,100.16508425941475,609.8863307377061,98.4718354055951,63.1578947368421,44.03730846102598,36.84210526315789,0.4887956521287214,307.7761716928345,0,9580.0,50.7059999999998,5.8725000000000005,69.5469913271244,55.694505797492575,13.852485529631831,80.08183349805222,19.325512806004777,17.02834355798306,38.66616223950951,96.59304350989501,3.0,6,2154.433201849841,647,64.14219474497682,202,958,nan,nan,0.0,0,12,0,0,,,,,,,,,,,,,,,,,,,,,,,,,
stress_transition,C3,6043,1927,1628,67.83333333333333,84.48365334717177,126.78657037719745,599.2468806636695,124.71478336402939,73.36683417085428,55.330281229561805,26.633165829145728,0.4755598411770626,324.4719116478798,0,7000.0,51.68999999999984,5.99833333333333,71.61784004676045,57.54139974641419,14.076440300346247,80.3450644543936,19.229444444444432,11.824918795440606,45.71648095097358,99.46922228716728,3.0,6,2271.3033815351578,435,65.74712643678161,135,700,nan,nan,0.0,0,13,0,0,,,,,,,,,,,,,,,,,,,,,,,,,
stress_transition,C3,6044,1948,1670,69.58333333333333,85.72895277207392,113.45417857041959,597.625803551485,111.33467121637291,75.59681697612733,55.18777848504137,24.40318302387268,0.47365138543792634,321.8197386210108,0,6730.0,51.93799999999985,6.041805555555547,70.47970173928508,56.635206607991925,13.844495131293161,80.3567626002363,19.354844934855123,10.884572101866612,45.750634506125316,97.88847463789595,3.0,6,2252.7381703470755,391,62.65984654731458,143,673,nan,nan,0.0,0,13,0,0,,,,,,,,,,,,,,,,,,,,,,,,,
stress_transition,C3,6045,1877,1570,65.41666666666667,83.64411294619073,100.615665896512,606.6434192139724,98.96184610133525,65.19337016574586,43.696369636963695,34.806629834254146,0.49022754997530343,305.21551686387096,0,9630.0,50.68799999999979,5.866249999999999,69.22531481244702,55.40492011009326,13.820394702353783,80.03563473882707,19.299002565390104,16.72665711328622,38.678262996807035,96.1462705728431,3.0,6,2136.5086180470967,615,64.22764227642277,182,963,nan,nan,0.0,0,11,0,0,,,,,,,,,,,,,,,,,,,,,,,,,
stress_transition,C3,6046,1880,1656,69.0,88.08510638297872,85.5709439059458,600.3585349917502,83.72952299268829,62.87262872628726,46.98874917273329,37.12737127371274,0.4981096201083307,304.0100720990186,0,8110.0,50.38199999999978,5.84875,64.95275146540135,52.166100131762036,12.786651333639302,80.31391889464385,19.21429245260284,13.518094172522407,38.64800595923962,90.2121548130574,3.0,6,2128.0705046931303,494,57.08502024291497,154,811,nan,nan,0.0,0,14,0,0,,,,,,,,,,,,,,,,,,,,,,,,,
stress_transition,C3,6047,1839,1511,62.958333333333336,82.16421968461121,62.21901932486286,603.687305325871,61.13297221384331,50.52910052910053,27.104722792607806,49.47089947089947,0.49587915331678667,278.8978104641671,0,13130.0,50.915999999999705,5.834583333333342,70.17690672833952,56.25267582641152,13.924230901928016,80.1583860687536,19.2361111111111,24.54086190521796,31.71181392119356,97.4679260115827,3.0,6,1952.2846732491694,895,69.83240223463687,229,1313,nan,nan,0.0,0,9,0,0,,,,,,,,,,,,,,,,,,,,,,,,,
stress_transition,C3,6048,1915,1572,65.5,82.088772845953,89.83111925023937,609.0495200177082,88.33970965860505,58.20105820105821,38.90696161353285,41.7989417989418,0.4841426649645775,295.23454599270445,0,11040.0,51.73799999999977,5.986666666666666,68.49209685785294,54.823805839083036,13.668291018769917,80.04398807188399,19.343333333333316,19.66186452479985,35.1619413142832,95.12791230257355,3.0,6,2066.6418219489315,710,67.6056338028169,207,1104,nan,nan,0.0,0,11,0,0,,,,,,,,,,,,,,,,,,,,,,,,,
stress_transition,C3,6049,1882,1599,66.625,84.96280552603614,106.68694402490429,601.4441447760693,104.84217355444623,66.66666666666667,48.2415394824154,33.33333333333333,0.4840979504087614,313.9218245622415,0,8880.0,50.48799999999979,5.858611111111109,71.81463299398425,57.504124022562394,14.31050897142186,80.0729901764998,19.247222222222174,15.276655962803325,42.22746805975906,99.74254582497814,3.0,6,2197.4527719356906,560,63.39285714285714,173,888,nan,nan,0.0,0,14,0,0,,,,,,,,,,,,,,,,,,,,,,,,,
stress_transition,C3,6050,1897,1576,65.66666666666667,83.078545071165,87.77304183466396,609.3012552423505,86.34709251376447,58.19672131147541,37.230568256041806,41.80327868852459,0.48816708969341543,295.8012564017171,0,11100.0,51.66999999999976,5.959444444444447,68.26378679451862,54.31753830044812,13.946248494070522,79.57006320781733,19.37406155957613,19.11923424989247,35.19830405055565,94.81081499238701,3.0,6,2070.6087948120203,705,65.81560283687942,211,1110,nan,nan,0.0,0,10,0,0,,,,,,,,,,,,,,,,,,,,,,,,,
stress_transition,C3,6051,1809,1489,62.041666666666664,82.31066887783307,56.6300567301097,618.1748669547766,55.67534454490025,48.94736842105263,23.932820153953816,51.05263157894737,0.5038627610352233,276.6023371852025,0,14150.0,49.6759999999997,5.710972222222232,69.15316843824743,55.18347396876045,13.969694469486996,79.79890902329129,19.38111224150628,27.02911099220666,28.15436297655379,96.04606727534369,3.0,6,1936.2163602964174,1013,68.90424481737413,234,1415,nan,nan,0.0,0,8,0,0,,,,,,,,,,,,,,,,,,,,,,,,,
stress_transition,C3,6052,1968,1628,67.83333333333333,82.72357723577237,119.84740678153595,612.5518346193746,117.91132101137084,72.79792746113989,49.43109987357776,27.202072538860104,0.47069087247380464,322.93080584696037,0,7780.0,52.58799999999981,6.11194444444444,69.97180027320245,55.647870287077,14.323929986125453,79.52899606670378,19.245785961405897,13.444943020885685,42.2029272661913,97.18305593500338,3.0,6,2260.5156409287224,499,61.12224448897795,156,778,nan,nan,0.0,0,12,0,0,,,,,,,,,,,,,,,,,,,,,,,,,
stress_transition,C3,6053,1783,1489,62.041666666666664,83.51093662366797,62.43098786690639,604.0512106291695,61.33484517475224,52.312138728323696,28.322894919972164,47.687861271676304,0.5091190328746661,278.4602392215139,0,13040.0,48.84199999999973,5.620555555555561,69.10400743116827,55.47401099961215,13.629996431556131,80.27611286489801,19.548372946706408,23.856093918203634,31.617917081408525,95.97778809884484,3.0,6,1949.2216745505973,892,67.152466367713,254,1304,nan,nan,0.0,0,12,0,0,,,,,,,,,,,,,,,,,,,,,,,,,
stress_transition,C3,6054,1960,1588,66.16666666666667,81.0204081632653,129.3535403388646,612.4619936230268,127.5432366048461,65.24822695035462,49.51203643461288,34.751773049645394,0.4605416344491344,335.93443193765773,0,8760.0,52.91999999999982,6.124999999999998,75.88701623763627,60.64127526017646,15.245740977459809,79.90994806052386,19.26738498214764,14.896334395666328,45.744940864510134,105.3986336633837,3.0,6,2351.541023563604,547,59.23217550274224,160,876,nan,nan,0.0,0,13,0,0,,,,,,,,,,,,,,,,,,,,,,,,,
stress_transition,C3,6055,1955,1610,67.08333333333333,82.35294117647058,145.07209207650195,616.3518548202501,142.8301925159868,76.8041237113402,59.1576260370134,23.195876288659793,0.46157170134602904,348.19600995603554,0,6580.0,52.061999999999856,6.059166666666659,75.86786252160134,60.51872025566114,15.349142265940204,79.7685848054966,19.36833333333331,11.304845585315755,49.21387467034538,105.37203128000183,3.0,6,2437.372069692249,416,57.21153846153846,135,658,nan,nan,0.0,0,14,0,0,,,,,,,,,,,,,,,,,,,,,,,,,
stress_transition,C3,6056,1859,1557,64.875,83.7547068316299,76.91937814634605,599.376196750462,75.52230254397386,61.78010471204188,34.46174678402166,38.21989528795812,0.49486841080400984,285.8978529797965,0,10940.0,50.81799999999976,5.85277777777778,68.68632095477905,55.004167678441675,13.682153276337385,80.08023564787335,19.536449924557452,19.912164215407334,35.092003463034345,95.39766799274871,3.0,6,2001.2849708585748,758,66.2269129287599,213,1094,nan,nan,0.0,0,10,0,0,,,,,,,,,,,,,,,,,,,,,,,,,
stress_transition,C4,6007,1947,1586,66.08333333333333,81.45865434001027,119.05721111490293,607.1254944554024,117.24096373704876,63.51351351351351,47.81230183893469,36.486486486486484,0.46950550475754016,313.9911036373135,0,9290.0,52.69999999999977,6.093472222222221,72.66922560219973,58.268397516422276,14.40082808577746,80.18304451927236,19.327831572280264,16.028643734182925,42.239753782239355,100.92948000305519,3.0,6,2197.9377254611945,600,16.0,188,929,nan,nan,0.0,0,12,0,0,917,0.04893604712560773,0.05336537309226579,0.10130652226507642,0.13872096315026283,,,,,,,,,,,,,,,,,,,,
stress_transition,C4,6008,1913,1587,66.125,82.95870360690016,95.15348662216218,602.4447871884718,93.51411564153132,60.46511627906976,42.79161205766711,39.53488372093023,0.4799715835431324,303.62815121139994,0,9880.0,51.465999999999795,5.965277777777779,70.79432189426126,56.58319686052283,14.211125033738428,79.92617959535761,19.418333333333308,17.922997657791864,38.66019920273098,98.32544707536287,3.0,6,2125.3970584797994,655,20.30534351145038,198,988,nan,nan,0.0,0,12,0,0,977,0.05119897332042456,0.05240427156645298,0.0987931620329618,0.20904489792883396,,,,,,,,,,,,,,,,,,,,
stress_transition,C4,6009,1908,1601,66.70833333333333,83.9098532494759,107.54621385428476,605.4865638501399,105.69247524333912,69.75,48.275862068965516,30.25,0.4806763929661258,320.7275457985738,0,8320.0,51.587999999999795,5.9674999999999985,70.93909794507258,56.66660103596748,14.272496909105099,79.88063377947638,19.25089071209755,14.450930601764373,42.21567043420311,98.5265249237119,3.0,6,2245.092820590017,551,17.96733212341198,171,832,nan,nan,0.0,0,13,0,0,820,0.04441060544922948,0.05415927493808473,0.09957588044926513,0.19767601042985916,,,,,,,,,,,,,,,,,,,,
stress_transition,C4,6010,1937,1599,66.625,82.5503355704698,96.24280619902869,601.8951417768735,94.62069590395882,61.577608142493645,42.29274611398963,38.42239185750636,0.47514140937653304,302.2055829775499,0,10470.0,52.167999999999765,6.044027777777778,70.82872967422735,56.562523532684104,14.266206141543245,79.85816460755426,19.305170949566776,17.80618851536634,38.75633501731777,98.37323565864912,3.0,6,2115.439080842849,636,19.654088050314467,216,1047,nan,nan,0.0,0,11,0,0,1036,0.08176346821710467,0.07892226661882691,0.15987479127943516,0.23089000023901463,,,,,,,,,,,,,,,,,,,,
stress_transition,C4,6011,1946,1603,66.79166666666667,82.37410071942446,113.99483438374381,603.9120071958171,112.16353349416627,68.42105263157895,47.3186119873817,31.57894736842105,0.47047854843883474,314.00019324144677,0,9140.0,52.13599999999981,6.053055555555553,72.27881158682729,57.77348452734104,14.505327059486257,79.93142562663576,19.560555555555542,15.627347005540003,42.14613752180103,100.3872383150379,3.0,6,2198.001352690127,572,18.356643356643357,192,914,nan,nan,0.0,0,12,0,0,902,0.046840757597237825,0.051929886471438834,0.09967287769541142,0.2170410007238388,,,,,,,,,,,,,,,,,,,,
stress_transition,C4,6012,1910,1555,64.79166666666667,81.41361256544502,91.76543260333085,612.0431410077746,90.30967854054103,62.57142857142857,36.794871794871796,37.42857142857143,0.48346782276351774,299.495255636901,0,11380.0,51.78399999999976,5.983611111111114,69.33221732718704,55.36363847770406,13.968578849482995,79.85268697874815,19.3826215803652,20.168129434787858,35.1955090429162,96.2947462877598,3.0,6,2096.4667894583067,764,14.267015706806282,212,1138,nan,nan,0.0,0,10,0,0,1128,0.13731975900009274,0.12173737500008222,0.159057998098433,3.1947409734129906,,,,,,,,,,,,,,,,,,,,
stress_transition,C4,6013,1949,1603,66.79166666666667,82.24730631092868,121.81466511678175,606.6879088654708,119.87847047086963,65.39440203562341,51.285347043701805,34.605597964376585,0.4640617274495918,328.1698232438395,0,8220.0,52.229999999999805,6.063333333333332,75.21288936540574,60.2727513802135,14.940137985192266,80.1361999103521,19.29400178612144,14.54086156886611,45.731889811347386,104.46234634084135,3.0,6,2297.188762706877,525,16.761904761904763,158,822,nan,nan,0.0,0,14,0,0,809,0.042420473881065845,0.05243569082950043,0.09865658357739449,0.21444703452289104,,,,,,,,,,,,,,,,,,,,
stress_transition,C4,6014,1944,1568,65.33333333333333,80.65843621399176,105.7284433509606,603.2125676503454,104.08970803697531,63.86138613861386,43.63636363636364,36.13861386138614,0.47383862013248584,306.3274667903254,0,9970.0,52.56999999999978,6.080694444444444,70.78533545322713,56.51106090989933,14.27427454332782,79.83441845414461,19.2554465251795,17.80973372051586,38.70132718938347,98.31296590725995,3.0,6,2144.2922675322775,650,16.0,188,997,nan,nan,0.0,0,11,0,0,986,0.07652371376752853,0.0776102573707186,0.15311897732317448,0.23454194888472557,,,,,,,,,,,,,,,,,,,,
stress_transition,C4,6015,1875,1522,63.416666666666664,81.17333333333333,98.04794697958513,605.3027023404894,96.524717169516,57.92349726775956,40.95427435387674,42.07650273224044,0.48169819146255843,303.539413451388,0,11110.0,51.11199999999975,5.893194444444447,73.72411150287053,59.028527053595205,14.69558444927533,80.06678663234466,19.3861111111111,20.366809845855627,38.661717207739585,102.3945993095424,3.0,6,2124.7758941597153,775,17.161290322580644,189,1111,nan,nan,0.0,0,16,0,0,1100,0.06061811977997422,0.05510738161815838,0.10049673728644846,0.2102479338645935,,,,,,,,,,,,,,,,,,,,
stress_transition,C4,6016,1965,1595,66.45833333333333,81.1704834605598,121.23105612529118,606.1104389058266,119.44648557721985,67.4757281553398,47.5853187379266,32.5242718446602,0.46696296239703766,320.2339515501091,0,9130.0,52.7599999999998,6.120138888888886,72.15066695189302,57.780110086569856,14.370556865323163,80.08257238300398,19.492623382756992,15.592600441350926,42.187509645218924,100.20925965540697,3.0,6,2241.637660850764,580,18.275862068965516,197,913,nan,nan,0.0,0,12,0,0,901,0.048000643495470285,0.05327485404602695,0.1033309381455183,0.18040393479168415,,,,,,,,,,,,,,,,,,,,
stress_transition,C4,6017,1934,1604,66.83333333333333,82.93691830403309,102.72885901643403,612.6296186344074,101.1070469981481,62.87128712871287,43.00653594771242,37.12871287128713,0.47837622424247667,309.9505088626886,0,10040.0,52.66399999999976,6.074722222222222,69.49838298179179,55.480678214967085,14.017704766824714,79.83017134298322,19.214999999999986,16.762385013609382,38.718293201357696,96.52553191915526,3.0,6,2169.6535620388195,623,17.174959871589085,217,1004,nan,nan,0.0,0,14,0,0,993,0.04915327369235456,0.049499772097033795,0.09651016443967819,0.20365789532661438,,,,,,,,,,,,,,,,,,,,
stress_transition,C4,6018,1960,1612,67.16666666666667,82.24489795918367,145.65474685468232,608.971252216621,143.42130116848773,78.6842105263158,59.493670886075954,21.31578947368421,0.46088771468975137,342.77763605325254,0,6590.0,52.36599999999984,6.08652777777777,75.71259179636527,60.55203064669079,15.160561149674486,79.97616936631894,19.421666666666617,11.327759659217016,49.224270987473766,105.15637749495177,3.0,6,2399.4434523727678,412,16.2621359223301,123,659,nan,nan,0.0,0,15,0,0,645,0.034397009992972016,0.05332869766352251,0.10206475853919983,0.15081488527357578,,,,,,,,,,,,,,,,,,,,
stress_transition,C4,6019,1939,1613,67.20833333333333,83.18720990201135,120.19048284972546,607.4366893443281,118.28882447690691,69.5054945054945,49.079365079365076,30.494505494505496,0.47504825609607365,318.3898908708414,0,8250.0,51.91199999999981,6.028749999999997,70.67567892757887,56.37646876699912,14.29921016057975,79.76784888726417,19.487379634140613,14.23410012333979,42.14236864365934,98.16066517719287,3.0,6,2228.7292360958895,530,17.169811320754715,158,825,nan,nan,0.0,0,16,0,0,813,0.041542015969753265,0.05109719061470266,0.0970375258475542,0.13691512867808342,,,,,,,,,,,,,,,,,,,,
stress_transition,C4,6020,1888,1587,66.125,84.0572033898305,110.56339405689603,605.6384877102563,108.69936649664281,67.35751295336787,49.533954727030626,32.64248704663213,0.4834642309467698,316.5148879059301,0,8460.0,50.3039999999998,5.853333333333332,71.534027602828,57.39545670225017,14.138570900577847,80.23518124957516,19.382664874093603,15.192570472396115,42.20288622985405,99.35281611503892,3.0,6,2215.604215341511,549,20.21857923497268,151,846,nan,nan,0.0,0,13,0,0,834,0.055846258997917175,0.06696194124450501,0.14909781748428916,0.2195551060140133,,,,,,,,,,,,,,,,,,,,
stress_transition,C4,6021,1930,1578,65.75,81.76165803108807,118.23214353032782,607.4240024728808,116.43570853573026,63.43490304709141,47.41873804971319,36.56509695290859,0.47123286113871454,319.69324381289977,0,9410.0,52.409999999999805,6.052083333333332,73.49863798608789,58.6281359120677,14.870502074020196,79.76764946741606,19.28611111111107,16.407261185305085,42.22087472676261,102.08144164734429,3.0,6,2237.8527066902984,611,18.985270049099835,184,941,nan,nan,0.0,0,12,0,0,929,0.07169034378603101,0.07716936898388699,0.14913002960383892,0.22892910055816174,,,,,,,,,,,,,,,,,,,,
stress_transition,C4,6022,1907,1546,64.41666666666667,81.069743051914,92.66435933892289,604.4413724299337,91.16865524381231,64.03269754768392,38.63636363636363,35.967302452316076,0.47715387736411424,307.3005743585244,0,11010.0,52.055999999999756,5.998750000000002,72.8144458084864,58.34946951505097,14.464976293435445,80.13446901528218,19.36350537891273,19.668212118850633,38.681257396200344,101.13117473400888,3.0,6,2151.1040205096706,738,15.718157181571815,206,1101,nan,nan,0.0,0,18,0,0,1090,0.058659825939685106,0.0538163540731056,0.09975766297429797,0.20051700994372368,,,,,,,,,,,,,,,,,,,,
stress_transition,C4,6023,1942,1594,66.41666666666667,82.08032955715757,117.22128399290213,602.2007924695719,115.48117138320411,66.41414141414141,46.830530401034935,33.58585858585859,0.4693537545875654,316.5329917579381,0,9520.0,52.62399999999977,6.081944444444442,73.24570768786705,58.46259114406084,14.783116543806234,79.81708824931594,19.276233530182584,16.309039586716253,42.15355155734457,101.73014956648205,3.0,6,2215.7309423055663,601,18.469217970049918,176,952,nan,nan,0.0,0,12,0,0,940,0.06502310768701136,0.06917351881596955,0.14439414953812957,0.3357711248099804,,,,,,,,,,,,,,,,,,,,
stress_transition,C4,6024,1944,1598,66.58333333333333,82.20164609053498,111.0297243514756,608.4918490706509,109.34321881454066,65.53524804177546,43.561819346572705,34.46475195822455,0.47685588084144864,307.1451957830739,0,9550.0,52.76599999999979,6.094305555555555,69.2646360559099,55.44797202358487,13.816664032325047,80.05235453605455,19.309764088347595,16.721881862276224,38.72609016130865,96.200883410986,3.0,6,2150.0163704815177,628,20.85987261146497,195,955,nan,nan,0.0,0,13,0,0,944,0.049449069891124964,0.052382489291445934,0.09894687682390213,0.238075852394104,,,,,,,,,,,,,,,,,,,,
stress_transition,C4,6025,1915,1572,65.5,82.088772845953,107.85418857363707,595.3968999493057,106.1476411625541,67.24565756823822,45.8994708994709,32.754342431761785,0.4743195322278485,312.88461046268117,0,9290.0,51.61199999999979,5.977916666666667,73.44295575716434,58.79758848749455,14.645367269669796,80.05885367945429,19.36833333333331,16.597288757825485,42.20029972966907,102.00410521828383,3.0,6,2190.1922732387684,606,17.491749174917494,163,929,nan,nan,0.0,0,13,0,0,917,0.06513894721865654,0.07103483884259165,0.16224980354309076,1.139035914093256,,,,,,,,,,,,,,,,,,,,
stress_transition,C4,6026,1943,1631,67.95833333333333,83.94235717961914,131.84438119576805,599.3703486337232,129.62532418556668,72.89972899728998,56.861499364675986,27.100271002710024,0.4711064341056286,327.0705851104563,0,6830.0,51.75199999999986,6.022638888888882,72.26235721076321,57.502233552650324,14.760123658112885,79.57425660075972,19.40388888888888,11.806069916894053,45.696163635756264,100.36438501494888,3.0,6,2289.4940957731937,434,16.589861751152075,149,683,nan,nan,0.0,0,15,0,0,670,0.03473938978277147,0.05184983549667383,0.09842339204624294,0.1482830848544836,,,,,,,,,,,,,,,,,,,,
stress_transition,C4,6027,1920,1605,66.875,83.59375,109.53923640257318,600.678241322941,107.72829288950692,65.5367231638418,47.89272030651341,34.463276836158194,0.4763477931919479,311.3713114572847,0,8920.0,52.04399999999979,6.014166666666665,71.92071223125822,57.64571155939946,14.275000671858757,80.15175291095831,19.265,15.436793989708923,42.20891756969054,99.88987809896973,3.0,6,2179.5991802009926,568,20.070422535211268,180,892,nan,nan,0.0,0,13,0,0,880,0.04580882051959634,0.05205547786317766,0.09857307886704801,0.14897319488227367,,,,,,,,,,,,,,,,,,,,
stress_transition,C4,6028,1957,1590,66.25,81.24680633622893,130.8483941458692,604.8847163449366,128.81116713226436,72.84946236559139,53.375394321766564,27.1505376344086,0.4636263571443148,327.324765834096,0,7890.0,52.99999999999983,6.126805555555552,74.63231599926532,59.57453158989718,15.057784409368155,79.8240424302036,19.53944444444439,13.87385872796387,45.7006728619333,103.65599444342408,3.0,6,2291.2733608386716,505,18.019801980198018,145,789,nan,nan,0.0,0,13,0,0,776,0.04180724290199578,0.053875313018035796,0.11294789146631956,0.22988906130194664,,,,,,,,,,,,,,,,,,,,
stress_transition,C4,6029,1925,1583,65.95833333333333,82.23376623376623,112.87986773940595,609.6303247007107,111.21910067157508,63.91752577319587,44.307091737150294,36.08247422680412,0.47129498180238255,322.0689642009025,0,9840.0,52.30999999999979,6.038888888888888,73.96732917159916,59.06175135190463,14.905577819694528,79.84843039943405,19.29835306652344,16.861431267043116,42.20032008486151,102.73240162722104,3.0,6,2254.482749406317,627,19.457735247208934,203,984,nan,nan,0.0,0,14,0,0,972,0.05003831977955997,0.0514797528596296,0.0982484663836658,0.21140999160706997,,,,,,,,,,,,,,,,,,,,
stress_transition,C4,6030,1945,1618,67.41666666666667,83.18766066838046,109.8600280202812,602.7759255376677,108.10208992995523,67.28232189973615,45.785440613026815,32.71767810026385,0.4717710084793728,313.0935071061156,0,8590.0,52.11599999999981,6.050416666666663,71.72741172639607,57.30687121363211,14.420540512763978,79.89535636979198,19.403888888888872,15.059423342269438,42.24744787136266,99.62140517555011,3.0,6,2191.654549742809,552,18.84057971014493,160,859,nan,nan,0.0,0,12,0,0,847,0.045518710277974606,0.05374109832110343,0.10106384288519621,0.18378696404397488,,,,,,,,,,,,,,,,,,,,
stress_transition,C4,6031,1919,1602,66.75,83.48097967691506,93.00138616121907,601.3048498109082,91.35690113034707,71.28463476070529,41.72141918528253,28.71536523929471,0.4823377663245561,301.2431354033712,0,9380.0,52.00999999999981,6.010555555555554,69.0017657724237,55.29346051475785,13.70830525766584,80.13339933520321,19.23277777777776,16.61161877643796,38.681841738319896,95.8357857950329,3.0,6,2108.701947823598,637,17.582417582417584,186,938,nan,nan,0.0,0,11,0,0,927,0.05033568223007023,0.0542995493312516,0.10247784666717047,0.18800189718604088,,,,,,,,,,,,,,,,,,,,
stress_transition,C4,6032,1987,1624,67.66666666666667,81.7312531454454,123.91924880775008,605.6037438335038,122.08725150650811,70.60367454068242,47.882938978829394,29.396325459317584,0.4653665299636408,316.1050984127294,0,9000.0,53.2259999999998,6.179999999999997,70.75526889832508,56.82687028102663,13.928398617298459,80.31468350814484,19.291839552818267,14.659773516222556,42.16709676480408,98.2712068032293,3.0,6,2212.7356888891054,559,17.173524150268335,197,900,nan,nan,0.0,0,15,0,0,888,0.07323986594565213,0.08247732651537401,0.15239989152178166,3.2212401274591684,,,,,,,,,,,,,,,,,,,,
stress_transition,C4,6033,1977,1588,66.16666666666667,80.32372281234194,111.69475646134762,605.5428511766394,109.96327614819944,65.4911838790932,44.99999999999999,34.5088161209068,0.4609340821117381,316.3489376471728,0,9770.0,53.39599999999978,6.179305555555555,73.989222615684,59.13588303687119,14.853339578812822,79.92499575787645,19.33308444307539,16.906238924649717,42.229644112221465,102.76280918845002,3.0,6,2214.44256353021,632,15.664556962025317,214,977,nan,nan,0.0,0,13,0,0,965,0.07150168134830892,0.07409500657855847,0.14954544603824615,0.24142698384821415,,,,,,,,,,,,,,,,,,,,
stress_transition,C4,6034,1830,1551,64.625,84.75409836065573,80.78944658295616,621.0963831924877,79.27451944946121,55.65217391304348,38.98989898989898,44.34782608695652,0.501155119841108,302.1545454638392,0,11040.0,49.603999999999765,5.732222222222225,68.41781960008153,54.33696628317652,14.080853316905023,79.41931882773969,19.33611111111108,19.13492481933686,35.20204146383966,95.0247494445577,3.0,6,2115.0818182468743,740,18.10810810810811,218,1104,nan,nan,0.0,0,10,0,0,1094,0.05870951106771827,0.05366500097597648,0.0983778736554086,0.1397870946675539,,,,,,,,,,,,,,,,,,,,
stress_transition,C4,6035,1880,1567,65.29166666666667,83.35106382978724,95.10758091319349,610.694076101917,93.56714712132313,61.00795755968169,40.652029274783764,38.9920424403183,0.48578166392849687,308.6874520920887,0,10150.0,50.941999999999794,5.887638888888889,71.16604138003757,56.999480671179604,14.166560708857983,80.0936508000967,19.411278239250606,18.300554792575,38.6989258786046,98.8417241389411,3.0,6,2160.8121646446207,676,20.562130177514792,179,1015,nan,nan,0.0,0,13,0,0,1004,0.05408968077972531,0.05387418404355111,0.0990486703813076,0.17861602827906609,,,,,,,,,,,,,,,,,,,,
stress_transition,C4,6036,1874,1544,64.33333333333333,82.3906083244397,103.01120114446583,613.1602990745617,101.41476417278137,62.0347394540943,43.43983684568321,37.96526054590571,0.48747776009138366,310.1735342587513,0,10140.0,50.707999999999764,5.863888888888891,70.91120891394264,56.70434710741344,14.206861806529204,79.96528049074647,19.327329527599385,17.9818873950019,38.72245971241155,98.48779015825367,3.0,6,2171.214739811259,684,19.298245614035086,215,1014,nan,nan,0.0,0,13,0,0,1003,0.054784052073955536,0.05462019149945716,0.10002818889915942,0.15958608128130436,,,,,,,,,,,,,,,,,,,,
stress_transition,C4,6037,1970,1626,67.75,82.53807106598985,120.23320688173878,604.0515210623836,118.25058475015106,66.93548387096774,51.56445556946183,33.064516129032256,0.4611261292165723,331.1027549307003,0,8240.0,52.71199999999979,6.123055555555554,74.59243087484752,59.58483909563236,15.007591779215158,79.88054336988272,19.30616692089464,13.847610805671202,45.737228289961166,103.60059843728821,3.0,6,2317.7192845149025,506,15.019762845849801,180,824,nan,nan,0.0,0,13,0,0,811,0.040452098939567804,0.049879283525977564,0.09576254524290562,0.19950116984546185,,,,,,,,,,,,,,,,,,,,
stress_transition,C4,6038,1914,1569,65.375,81.97492163009404,89.31902081299538,611.3949682879963,87.79003533285174,60.742705570291776,39.4925178919974,39.257294429708224,0.4772424506477714,311.0102221519765,0,10630.0,51.96599999999976,6.0012500000000015,72.06980487352324,57.098755962909756,14.97104891061348,79.22701617288061,19.557070386250246,18.477112617586897,38.621643345322866,100.09695121322675,3.0,6,2177.0715550638356,709,17.066290550070523,227,1063,nan,nan,0.0,0,11,0,0,1052,0.05795140680857003,0.05508688860130231,0.10136935161426656,0.13980688527226448,,,,,,,,,,,,,,,,,,,,
stress_transition,C4,6039,1860,1529,63.708333333333336,82.20430107526882,104.64380346785207,601.173895455582,102.9066420175301,63.10160427807487,46.09690444145357,36.898395721925134,0.4894999335328375,303.95390461229744,0,9920.0,50.35599999999978,5.821944444444444,71.29203349944986,56.93005727594887,14.361976223501005,79.8547249692186,19.403888888888847,18.288487075641147,38.64157020030772,99.01671319368039,3.0,6,2127.6773322860818,692,19.942196531791907,187,992,nan,nan,0.0,0,13,0,0,981,0.055123113095760345,0.056190737100673134,0.09968993254005909,0.1824519131332636,,,,,,,,,,,,,,,,,,,,
stress_transition,C4,6040,1939,1628,67.83333333333333,83.96080453842187,118.38346866984931,594.9629065293685,116.38064236932301,71.712158808933,52.66927083333333,28.287841191067,0.4696466811508658,318.32523499679894,0,7720.0,51.62599999999982,6.008888888888883,73.39807269996366,58.91698721938502,14.481085480578637,80.2704826599816,19.507222222222214,13.253732144890911,45.66325507449412,101.94176763883843,3.0,6,2228.2766449775927,535,15.700934579439252,162,772,nan,nan,0.0,0,13,0,0,759,0.04271613107994199,0.056279487588856376,0.1035543158650399,0.24671689607203007,,,,,,,,,,,,,,,,,,,,
stress_transition,C4,6041,1838,1582,65.91666666666667,86.07181719260065,75.81928914366225,606.4821958746853,74.32793187555436,57.381615598885794,38.87762001352265,42.618384401114206,0.5007276476859104,291.3954461006298,0,10680.0,49.559999999999775,5.739166666666669,67.83326556630118,54.02954329636265,13.80372226993854,79.6505119505907,19.437271696083,18.886225435189633,35.14331786117302,94.212868842085,3.0,6,2039.7681227044088,714,15.406162464985995,210,1068,nan,nan,0.0,0,10,0,0,1058,0.056427835719659925,0.05333443829835531,0.0987581443041563,0.18488196656107903,,,,,,,,,,,,,,,,,,,,
stress_transition,C4,6042,1881,1573,65.54166666666667,83.62573099415205,101.44522213393701,611.932190088,99.74968800801437,63.1578947368421,44.103930712858094,36.84210526315789,0.48855967471135625,311.4690004630725,0,9580.0,50.7059999999998,5.872500000000001,69.66592394547645,55.67256135304812,13.993362592428337,79.91361945708185,19.36833333333337,17.017149549043186,38.65541180400494,96.75822770205063,3.0,6,2180.2830032415072,647,19.783616692426584,202,958,nan,nan,0.0,0,12,0,0,947,0.0732210457790643,0.07731895013628753,0.15409071929752827,0.23965397849678993,,,,,,,,,,,,,,,,,,,,
stress_transition,C4,6043,1927,1619,67.45833333333333,84.01660612350804,129.7067197382695,605.4024831865286,127.63729573747703,73.61809045226131,55.2648790058862,26.38190954773869,0.47495067133586505,331.73681262673927,0,7020.0,51.69399999999983,5.998611111111108,71.924861646724,57.49345530196975,14.43140634475424,79.93544093885433,19.521666666666576,11.842208132807643,45.65124716916211,99.89564117600555,3.0,6,2322.157688387175,435,18.620689655172416,136,702,nan,nan,0.0,0,13,0,0,689,0.03673963248729706,0.053323124074451465,0.10000686161220074,0.16171508468687534,,,,,,,,,,,,,,,,,,,,
stress_transition,C4,6044,1948,1663,69.29166666666667,85.36960985626283,116.16967896587163,602.8852993225087,114.04391826336347,75.59681697612733,55.37873965626989,24.40318302387268,0.4734113055337629,325.4673827785087,0,6730.0,51.937999999999846,6.041805555555547,70.60070201098348,56.579762163547485,14.020939847436008,80.14050930364016,19.403888888888865,10.866211869505001,45.71355029404248,98.05653057081041,3.0,6,2278.2716794495605,391,17.647058823529413,143,673,nan,nan,0.0,0,13,0,0,660,0.03255808027461171,0.04933042465850259,0.09850215865299104,0.185288954526186,,,,,,,,,,,,,,,,,,,,
stress_transition,C4,6045,1877,1575,65.625,83.91049547149707,99.01477253950763,603.4501262611719,97.36329826597029,65.19337016574586,43.630363036303635,34.806629834254146,0.49033793847375395,301.7204712407946,0,9620.0,50.68599999999978,5.86611111111111,69.16967900922798,55.481392332315465,13.688286676912508,80.21056787745633,19.25354264561937,16.733311555354135,38.74808077696134,96.06899862392774,3.0,6,2112.0432986855626,615,16.097560975609756,182,962,nan,nan,0.0,0,13,0,0,951,0.049617590848356485,0.05217412286893426,0.09882450103759766,0.1874340232461691,,,,,,,,,,,,,,,,,,,,
stress_transition,C4,6046,1880,1653,68.875,87.92553191489361,86.12318281915682,602.6977359655003,84.28379934219062,63.143631436314365,46.92256783587029,36.856368563685635,0.4974343744856244,306.8417893131846,0,8110.0,50.38199999999978,5.84875,65.29307525924526,52.16610013176204,13.126975127483217,79.89530271722883,19.37589318029164,13.512918181476342,38.6531819502857,90.68482674895175,3.0,6,2147.8925251922924,494,17.20647773279352,154,811,nan,nan,0.0,0,13,0,0,800,0.03869566391222179,0.04836957989027724,0.09560836479067802,0.1561830285936594,,,,,,,,,,,,,,,,,,,,
stress_transition,C4,6047,1839,1508,62.833333333333336,82.00108754758021,62.757294075258585,607.506067735509,61.672950233375914,50.52910052910053,27.104722792607806,49.47089947089947,0.5039328730962469,268.5449855501022,0,13130.0,50.91599999999971,5.834583333333341,66.1178319594916,52.77617582641152,13.341656133080079,79.82139501904099,19.253288195296278,24.560965259466297,28.215210566945224,91.83032216596057,3.0,6,1879.8148988507155,895,18.77094972067039,230,1313,nan,nan,0.0,0,8,0,0,1305,0.1005843544844538,0.07707613370456229,0.12414632365107536,4.090683069080114,,,,,,,,,,,,,,,,,,,,
stress_transition,C4,6048,1915,1577,65.70833333333333,82.34986945169713,88.66715318812325,606.0598849811496,87.17785786018268,58.46560846560847,38.841899804814574,41.53439153439153,0.4844246100046664,292.3251142472537,0,11030.0,51.73599999999978,5.986527777777778,68.34999655764811,54.851611394638596,13.49838516300952,80.25108142964625,19.214958021866437,19.643346442755398,35.20826495188321,94.93055077451127,3.0,6,2046.2757997307756,710,18.732394366197184,207,1103,nan,nan,0.0,0,11,0,0,1093,0.05694187828339636,0.052096869426712135,0.1000595279037952,0.20055100321769714,,,,,,,,,,,,,,,,,,,,
stress_transition,C4,6049,1882,1600,66.66666666666667,85.01594048884165,106.45643707236674,597.6210616962856,104.60425635210183,66.66666666666667,48.44061048440611,33.33333333333333,0.4836144244136931,314.77370560369036,0,8830.0,50.4779999999998,5.857916666666666,72.05833009549868,57.40465180034016,14.653678295158516,79.66414392931665,19.300555555555547,15.191024425084183,42.21362737525599,100.08101402152593,3.0,6,2203.4159392258325,558,18.45878136200717,172,883,nan,nan,0.0,0,12,0,0,871,0.04433019342832267,0.05089574446420513,0.0956730218604207,0.1623991411179304,,,,,,,,,,,,,,,,,,,,
stress_transition,C4,6050,1897,1582,65.91666666666667,83.39483394833948,86.64724613247566,607.3512383353245,85.21373909570082,58.7431693989071,37.361201828870016,41.2568306010929,0.48911060476099955,294.6529874036905,0,11030.0,51.655999999999764,5.958472222222225,67.78825520045622,54.17439941155922,13.613855788897006,79.91708777775803,19.32887833561439,19.039971582089347,35.13442782946988,94.15035444507811,3.0,6,2062.570911825833,701,22.111269614835948,209,1103,nan,nan,0.0,0,11,0,0,1093,0.05632184585556388,0.051529593646444535,0.09917505085468291,0.20179292187094688,,,,,,,,,,,,,,,,,,,,
stress_transition,C4,6051,1809,1491,62.125,82.4212271973466,56.033314195080415,615.0218290650778,55.079562235682616,48.94736842105263,23.8628411476557,51.05263157894737,0.5040970158960453,274.63054156208557,0,14150.0,49.6759999999997,5.710972222222231,69.03510398839316,55.23730730209378,13.79779668629939,80.0133614796623,19.317619000293085,27.04227292394815,28.19503437814564,95.88208887276832,3.0,6,1922.413790934599,1013,18.36130306021718,234,1415,nan,nan,0.0,0,8,0,0,1407,0.07875090185552835,0.055970790231363435,0.10142568498849869,0.15784800052642822,,,,,,,,,,,,,,,,,,,,
stress_transition,C4,6052,1968,1625,67.70833333333333,82.5711382113821,120.22351526887046,612.1899480723957,118.29811465510204,72.79792746113989,49.11504424778761,27.202072538860104,0.4702747110024707,323.552044729372,0,7890.0,52.6099999999998,6.113472222222218,70.18154565475474,55.882453620410324,14.299092034344415,79.62556694791793,19.231069432204663,13.631509419772197,42.25094420063813,97.47436896493713,3.0,6,2264.864313105604,506,14.624505928853754,157,789,nan,nan,0.0,0,15,0,0,777,0.04141255212016404,0.05329800787665899,0.10138088837265968,0.20207511261105537,,,,,,,,,,,,,,,,,,,,
stress_transition,C4,6053,1783,1488,62.0,83.4548513740886,62.424694689249456,608.1424161407543,61.3330372799802,52.312138728323696,28.183716075156575,47.687861271676304,0.5084678209281723,281.52997699458626,0,13040.0,48.841999999999736,5.620555555555562,69.4322182522011,55.54584433294548,13.886373919255638,80.00010043058735,19.41957269365758,23.875307633897926,31.67053669904756,96.43363646139044,3.0,6,1970.709838962104,892,16.591928251121075,254,1304,nan,nan,0.0,0,15,0,0,1295,0.07058674492873251,0.05450713894110619,0.10936621110886335,0.23828702978789806,,,,,,,,,,,,,,,,,,,,
stress_transition,C4,6054,1960,1592,66.33333333333333,81.22448979591836,127.48679501927606,608.6523237162316,125.67262709195712,65.01182033096926,49.64216005204945,34.988179669030735,0.4608846081509665,331.67421894045947,0,8760.0,52.91999999999981,6.124999999999997,75.71415749191286,60.6386085935098,15.075548898403065,80.08886396178508,19.208772978023696,14.890781329010187,45.74782726449961,105.15855207210119,3.0,6,2321.7195325832163,547,18.647166361974406,160,876,nan,nan,0.0,0,16,0,0,863,0.04367875121533871,0.0506126897049116,0.09747510775923729,0.15310687012970448,,,,,,,,,,,,,,,,,,,,
stress_transition,C4,6055,1955,1618,67.41666666666667,82.7621483375959,142.14629827694853,612.4159806276161,139.91147561764683,77.0618556701031,58.90236119974473,22.938144329896907,0.46125352037616996,345.3007678272,0,6630.0,52.07199999999986,6.059861111111103,76.02822573041034,60.70124803343892,15.326977696971412,79.8404111766075,19.283349154274465,11.403899310575957,49.29734872286297,105.59475795890323,3.0,6,2417.1053747904,417,13.66906474820144,136,663,nan,nan,0.0,0,15,0,0,649,0.036119546042755246,0.05565415414908358,0.10392530821263792,0.23142201825976372,,,,,,,,,,,,,,,,,,,,
stress_transition,C4,6056,1859,1564,65.16666666666667,84.13125336202259,75.24773663354595,590.4610634662787,73.84494344213027,62.04188481675392,34.66486120514557,37.95811518324607,0.4954776595319384,280.7173368650053,0,10870.0,50.80399999999976,5.851805555555558,68.37925959590302,54.92858434510835,13.450675250794696,80.32930550830272,19.42525593540536,19.793153677218655,35.135430667889686,94.97119388319868,3.0,6,1965.021358055037,756,17.46031746031746,211,1087,nan,nan,0.0,0,10,0,0,1077,0.0912050879560411,0.08468438993132878,0.15767314471304414,0.3088950179517269,,,,,,,,,,,,,,,,,,,,
stress_transition,C5,6007,1947,1585,66.04166666666667,81.40729327170006,119.88389858859227,607.923203149206,118.07213250688004,63.51351351351351,47.6854787571338,36.486486486486484,0.4693289606121966,316.6722471104905,0,9310.0,52.70399999999978,6.093749999999999,72.75820385145288,58.268397516422276,14.489806335030602,80.08498620359873,19.232777777777752,16.015680667415225,42.25271684900706,101.05306090479569,3.0,6,2216.705729773433,600,30.5,189,931,nan,nan,4.149978166213259,917,14,0,0,,,,,,917,4.149978166213259,0.004525603234692758,0.004889436066150665,0.008690948691219091,0.0155372298322618,4.525603234692758,8.690948691219091,15.5372298322618,37.32824427480916,179.7153762268266,37.32824427480916,0.0,29.555070883315157,0,0,0,0.0,463.253434559785,105.57733657505722
stress_transition,C5,6008,1913,1597,66.54166666666667,83.48144276006273,92.942917141407,598.985597842854,91.27669342610153,60.98191214470285,43.57798165137615,39.01808785529715,0.48022510038024574,297.88493520098604,0,9760.0,51.44199999999979,5.963611111111112,70.66654940835615,56.44041908274505,14.2261303256111,79.86865009722848,19.290577146066738,17.727060046534994,38.71335903621006,98.14798528938356,3.0,6,2085.194546406902,647,28.593508500772796,194,976,nan,nan,3.6245718474965543,965,11,0,0,,,,,,965,3.6245718474965543,0.003756033002587103,0.002686368068680167,0.008487329119816422,0.015565484063699841,3.756033002587103,8.487329119816422,15.565484063699841,37.601036269430054,180.89948186528497,37.601036269430054,0.0,29.576165803108807,0,0,0,0.0,235.29091511765807,57.94764979525433
stress_transition,C5,6009,1908,1632,68.0,85.53459119496856,98.08150628811113,578.8660654672143,96.1558418624558,71.0,50.397877984084886,28.999999999999996,0.48205347232500684,299.59066469501977,0,7900.0,51.50399999999979,5.961666666666665,70.24504994819655,56.06304548041191,14.182004467784637,79.8106706760926,19.220942654400844,13.85315986512526,42.209885615286645,97.56256937249522,3.0,6,2097.1346528651384,532,28.947368421052634,159,790,nan,nan,3.7025838172994554,774,12,0,0,,,,,,774,3.7025838172994554,0.004783700022350718,0.005057440954260528,0.009828868519980459,0.022059069946408272,4.783700022350717,9.828868519980459,22.059069946408272,38.87596899224806,186.48191214470285,38.87596899224806,0.0,30.62532299741602,0,0,0,0.0,300.8183080615288,66.6473086861429
stress_transition,C5,6010,1937,1609,67.04166666666667,83.0665978316985,93.27047606728392,592.275211864846,91.64084083611488,62.086513994910945,42.551813471502584,37.913486005089055,0.4760394192100379,293.98376651112704,0,10470.0,52.16799999999976,6.044027777777778,70.37613271814085,56.49674575490632,13.87938696323453,80.27827556421434,19.318333333333328,17.78367796247006,38.71306779243626,97.74462877519565,3.0,6,2057.886365577889,636,32.23270440251572,216,1047,nan,nan,3.976199267897755,1034,12,0,0,,,,,,1034,3.976199267897755,0.003845453837425295,0.0027563475305214524,0.008455404185224318,0.01598925911821425,3.845453837425295,8.455404185224317,15.98925911821425,35.90425531914894,173.36750483558995,35.90425531914894,0.0,28.738878143133462,0,0,0,0.0,239.44790022409654,57.29455372276466
stress_transition,C5,6011,1946,1622,67.58333333333333,83.35046248715314,107.92610619800836,593.2313379724552,106.0804957418551,68.42105263157895,47.44479495268139,31.57894736842105,0.4704926615587235,305.4040362636889,0,9140.0,52.13599999999981,6.053055555555552,72.27169857440335,57.8565400828966,14.415158491506759,80.05421378512861,19.232777777777756,15.630642638627643,42.22589744426896,100.37735913111578,3.0,6,2137.828253845823,572,21.153846153846153,192,914,nan,nan,3.230538314441219,902,12,0,0,,,,,,902,3.230538314441219,0.0035815280647907084,0.0029461300000548363,0.007037363399285822,0.009709910023957491,3.5815280647907084,7.037363399285822,9.709910023957491,36.286031042128606,175.1119733924612,36.286031042128606,0.0,29.10310421286031,0,0,0,0.0,228.04619786143377,54.87359515693801
stress_transition,C5,6012,1910,1562,65.08333333333333,81.78010471204189,90.19929621401471,606.8077317302842,88.73454721840525,63.142857142857146,36.92307692307693,36.857142857142854,0.48376471789554704,294.41298467898014,0,11380.0,51.78399999999975,5.983611111111114,69.18258218064429,55.32602736659294,13.856554814051343,79.9710355160347,19.224954539076535,20.157869073472092,35.16815829312085,96.08691969533929,3.0,6,2060.890892752861,764,30.89005235602094,212,1138,nan,nan,4.8237261639442295,1127,11,0,0,,,,,,1127,4.8237261639442295,0.00428014743916968,0.0030000091064721346,0.010328913037665189,0.02323221298865974,4.2801474391696805,10.328913037665188,23.23221298865974,37.77284826974268,181.36468500443655,37.77284826974268,0.0,29.47826086956522,0,0,0,0.0,600.2623418827138,118.18736637113248
stress_transition,C5,6013,1949,1603,66.79166666666667,82.24730631092868,122.76545602611456,603.1314052323221,120.82240654898104,65.9033078880407,51.47814910025708,34.096692111959285,0.46394191957206193,328.6121442594105,0,8160.0,52.217999999999805,6.0624999999999964,75.27327253568079,60.15402915799128,15.11924337768951,79.91419415102122,19.318333333333275,14.417884658130152,45.736144499861126,104.54621185511222,3.0,6,2300.2850098158733,521,36.46833013435701,158,816,nan,nan,3.7084202303085476,803,13,0,0,,,,,,803,3.7084202303085476,0.004618207011592213,0.004691065987572074,0.010124985198490321,0.023113948991522193,4.618207011592213,10.124985198490322,23.113948991522193,37.5653798256538,180.7148194271482,37.5653798256538,0.0,29.74346201743462,0,0,0,0.0,431.090043028752,90.48189875503476
stress_transition,C5,6014,1944,1720,71.66666666666667,88.47736625514403,71.35731868560002,493.08115830582136,69.2902130211822,72.77227722772277,56.23376623376623,27.22772277227723,0.4690278305196802,263.0655171816945,0,7450.0,52.06599999999985,6.045694444444438,73.20997341808118,58.787060909899324,14.422912508181856,80.2992518166661,19.29066362906794,13.098938376324034,45.68812253357528,101.68051863622387,3.0,6,1841.4586202718613,480,18.333333333333332,143,745,nan,nan,2.45076769660227,732,13,0,0,,,,,,732,2.45076769660227,0.0033480433013692214,0.0025553229497745633,0.007892939320299762,0.018122592940926552,3.3480433013692212,7.892939320299762,18.122592940926552,37.049180327868854,178.32650273224044,37.049180327868854,0.0,29.5724043715847,0,0,0,0.0,20.271426869913938,5.582277495634942
stress_transition,C5,6015,1875,1539,64.125,82.08,97.18981908011877,598.1703153945637,95.59303265235022,59.56284153005464,43.00861497680584,40.43715846994536,0.48394660642640946,299.33731451495095,0,10480.0,50.98599999999976,5.884444444444446,72.59091036108958,57.69661038692854,14.89429997416106,79.48186639336495,19.372450950410375,19.02171191630179,38.67489847062675,100.82070883484666,3.0,6,2095.3612016046563,727,37.964236588720766,180,1048,nan,nan,5.005092006642371,1034,12,0,0,,,,,,1034,5.005092006642371,0.004840514513193783,0.00467464909888804,0.011173581553157418,0.03161628497764468,4.840514513193783,11.173581553157417,31.616284977644682,39.15377176015474,187.28143133462282,39.15377176015474,0.0,30.11121856866538,0,0,0,0.0,347.563996479922,73.73840627766064
stress_transition,C5,6016,1965,1598,66.58333333333333,81.32315521628499,120.13067071618381,601.7854817620535,118.34665005568566,67.4757281553398,47.5853187379266,32.5242718446602,0.4673721336046359,317.16938595165595,0,9130.0,52.7599999999998,6.120138888888888,71.94444466326352,57.781887864347624,14.162556798915904,80.3145929262449,19.471666666666675,15.586818484618027,42.195069379729595,99.92283981008823,3.0,6,2220.185701661592,580,22.24137931034483,197,913,nan,nan,3.2342767301015556,901,12,0,0,,,,,,901,3.2342767301015556,0.0035896523086587744,0.002677883952856064,0.00760373892262578,0.017337105004116893,3.589652308658774,7.60373892262578,17.337105004116893,37.841287458379576,181.8490566037736,37.841287458379576,0.0,29.816870144284128,0,0,0,0.0,336.9629772882784,73.68700243283838
stress_transition,C5,6017,1934,1625,67.70833333333333,84.02275077559463,99.929499309427,590.604842775721,98.26759856217647,63.366336633663366,44.18300653594771,36.633663366336634,0.4721214865035922,305.5182024282722,0,9650.0,52.585999999999764,6.069305555555555,72.6507708021895,58.21476154830041,14.436009253889084,80.12958555774328,19.439444444444437,16.068508927238163,42.146252621062246,100.90384833637431,3.0,6,2138.6274169979056,596,29.026845637583893,210,965,nan,nan,4.089506343007088,953,12,0,0,,,,,,953,4.089506343007088,0.0042911923851071225,0.002651649061590433,0.011427730601280923,0.026757200015708804,4.291192385107123,11.427730601280922,26.757200015708804,35.587618048268624,172.02518363064007,35.587618048268624,0.0,28.73871983210913,0,0,0,0.0,229.93068336778663,50.685679074321314
stress_transition,C5,6018,1960,1623,67.625,82.8061224489796,141.24131931960287,601.6385862675153,138.99407708403444,79.21052631578948,60.063291139240505,20.789473684210527,0.4614748661607213,335.65576487935533,0,6450.0,52.33799999999985,6.084583333333327,75.41666745499649,60.34864175780189,15.068025697194589,80.02029762693219,19.418333333333337,11.096427940569296,49.25221381723259,104.7453714652729,3.0,6,2349.5903541554876,401,29.177057356608476,120,645,nan,nan,2.5399858991149813,626,17,0,0,,,,,,626,2.5399858991149813,0.004057485461845018,0.0026843755040317774,0.010004401614423841,0.017958170035853982,4.057485461845018,10.004401614423841,17.958170035853982,36.853035143769965,177.73801916932908,36.853035143769965,0.0,29.61341853035144,0,0,0,0.0,311.5193751207101,69.30323795774147
stress_transition,C5,6019,1939,1628,67.83333333333333,83.96080453842187,115.9821998695789,598.5071711045309,114.05206488433743,70.05494505494505,49.904761904761905,29.945054945054945,0.4756449095894842,312.0705750453574,0,8120.0,51.885999999999804,6.02694444444444,70.37496556689997,56.227440989221336,14.147524577678638,79.89693570190141,19.39769945401886,14.002195006965106,42.22524598225624,97.74300773180555,3.0,6,2184.4940253175023,523,30.592734225621417,154,812,nan,nan,3.5372298788279295,796,15,0,0,,,,,,796,3.5372298788279295,0.004443756129180816,0.003576830611564219,0.009842838335316628,0.018020338844507933,4.443756129180817,9.842838335316628,18.020338844507933,36.87814070351759,177.83165829145727,36.87814070351759,0.0,29.71105527638191,0,0,0,0.0,302.4206584887666,67.94307603483544
stress_transition,C5,6020,1888,1592,66.33333333333333,84.32203389830508,109.95875130436154,604.1274644420799,108.08850458654136,67.61658031088082,49.66711051930759,32.38341968911917,0.4831286006421339,316.64964783120917,0,8370.0,50.28599999999981,5.852083333333331,71.70318527636448,57.287262257805715,14.41592301855878,79.8950033209882,19.300555555555555,15.05857142660216,42.22869083120355,99.58775732828403,3.0,6,2216.547534818464,542,33.025830258302584,149,837,nan,nan,3.662830294109881,824,13,0,0,,,,,,824,3.662830294109881,0.004445182395764418,0.003281848970800638,0.010625974065624178,0.027440619189292192,4.4451823957644185,10.625974065624177,27.440619189292192,38.62864077669903,185.35800970873785,38.62864077669903,0.0,30.151699029126213,0,0,0,0.0,389.11824717001787,85.83414491867778
stress_transition,C5,6021,1930,1603,66.79166666666667,83.05699481865285,113.80728472418245,587.8181778898689,111.915058945686,64.81994459833795,50.09560229445506,35.18005540166205,0.47368685546541656,305.3326222519006,0,8710.0,52.269999999999804,6.042361111111109,72.26182484543004,57.53241368984547,14.72941115558459,79.61660781873255,19.32137016347985,15.272738906517233,42.25967478332823,100.36364561865285,3.0,6,2137.328355763304,576,22.569444444444446,171,871,nan,nan,4.261191167635843,856,14,0,0,,,,,,856,4.261191167635843,0.004978027064995144,0.004913518554531038,0.010951263830065727,0.029002974973991513,4.978027064995144,10.951263830065727,29.002974973991513,37.28971962616822,179.38317757009347,37.28971962616822,0.0,29.567757009345794,0,0,0,0.0,554.7492975835377,113.29741580187715
stress_transition,C5,6022,1907,1793,74.70833333333333,94.02202412165705,38.210360897474054,415.1181199296561,36.049381246526956,75.47683923705722,56.363636363636374,24.52316076294278,0.4827585023165323,220.10042744852598,0,6070.0,51.067999999999856,5.93013888888888,69.98971483246777,55.79463618171761,14.19507865075014,79.71833620878655,19.247222222222195,10.058853887409803,45.73578229430781,97.20793726731632,3.0,6,1540.7029921396822,373,22.78820375335121,119,607,nan,nan,1.3996937095653266,593,13,0,0,,,,,,593,1.3996937095653266,0.0023603603871253397,0.0016958860214799643,0.006530187232419847,0.009331506909802556,2.36036038712534,6.530187232419847,9.331506909802556,36.47554806070826,175.964586846543,36.47554806070826,0.0,29.220910623946036,0,0,0,0.0,7.7519602532109975,2.3223266366432473
stress_transition,C5,6023,1942,1636,68.16666666666667,84.24304840370752,107.42569428587711,574.3324017480113,105.60076542037417,67.42424242424244,49.029754204398444,32.57575757575758,0.47179627584357037,294.9286877782287,0,9010.0,52.52199999999979,6.074861111111109,72.01467697484051,57.5501189218386,14.464558053001902,79.91443041804473,19.250555555555497,15.35299048773682,42.197128434101785,100.0203846872785,3.0,6,2064.500814447601,570,21.929824561403507,171,901,nan,nan,3.379616870544851,888,12,0,0,,,,,,888,3.379616870544851,0.0038058748542171743,0.0027738474309444427,0.007629464799538255,0.02305123209953308,3.8058748542171745,7.629464799538255,23.05123209953308,35.8277027027027,173.02815315315314,35.8277027027027,0.0,28.870495495495497,0,0,0,0.0,214.16333288082606,49.31164253667993
stress_transition,C5,6024,1944,1623,67.625,83.48765432098766,105.75406188375923,589.152853680716,103.9896757244197,66.57963446475196,45.8680333119795,33.420365535248045,0.4694686899781067,305.4822700124488,0,9220.0,52.69999999999979,6.089722222222221,72.98778025103418,58.334999801362635,14.652780449671559,79.92433747227992,19.247222222222184,16.08928603481226,42.24571376655038,101.37191701532527,3.0,6,2138.3758900871417,605,20.165289256198346,190,922,nan,nan,3.4892824681010097,910,12,0,0,,,,,,910,3.4892824681010097,0.003834376338572538,0.0028418030124157667,0.008157101343385875,0.019623600877821445,3.8343763385725382,8.157101343385875,19.623600877821445,36.57692307692308,176.31428571428572,36.57692307692308,0.0,29.353846153846153,0,0,0,0.0,302.2733988061278,67.46169463954527
stress_transition,C5,6025,1915,1572,65.5,82.088772845953,108.52957253724772,598.5044472926255,106.82370893516517,67.49379652605458,45.8994708994709,32.50620347394541,0.47399588495861306,315.3353071914466,0,9290.0,51.611999999999796,5.977916666666665,73.60607398085902,58.790810709716766,14.815263271142259,79.87222729065144,19.318333333333324,16.6064579630927,42.184352746624064,102.23065830674865,3.0,6,2207.347150340126,606,29.207920792079207,163,929,nan,nan,4.178383766207844,917,13,0,0,,,,,,917,4.178383766207844,0.0045565798977184775,0.003127642208710313,0.011811434617266048,0.01995021989569068,4.5565798977184775,11.811434617266048,19.95021989569068,37.786259541984734,181.60959651035986,37.786259541984734,0.0,29.758996728462378,0,0,0,0.0,365.42327972281566,79.35897112496329
stress_transition,C5,6026,1943,1641,68.375,84.45702521873392,131.35101760894108,597.6770630001283,129.101994840162,73.44173441734418,57.68742058449809,26.558265582655828,0.4646176097417704,333.68050635816627,0,6630.0,51.71199999999986,6.019861111111103,75.53272469014775,60.50673355265032,15.025991137497426,80.10664755026721,19.368333333333293,11.339957100101953,49.16677645254836,104.90656206964965,3.0,6,2335.7635445071646,416,22.83653846153846,145,663,nan,nan,2.6542681336868554,649,15,0,0,,,,,,649,2.6542681336868554,0.00408978140783799,0.002597284968942404,0.01172501896508038,0.0183937749825418,4.0897814078379895,11.72501896508038,18.3937749825418,37.23420647149461,179.33590138674884,37.23420647149461,0.0,29.442218798151,0,0,0,0.0,177.7716289828881,44.51878764584038
stress_transition,C5,6027,1920,1654,68.91666666666667,86.14583333333333,99.23886198965873,572.36470246275,97.30075579847718,68.92655367231639,51.46871008939975,31.07344632768362,0.48067746820819485,294.3712236326175,0,7960.0,51.85199999999982,6.000833333333331,69.7385560230698,55.803989337177256,13.934566685892554,80.01884828059397,19.43611111111112,13.614559173832223,42.18943016334502,96.85910558759694,3.0,6,2060.5985654283227,497,18.30985915492958,164,796,nan,nan,3.0881417677737772,784,12,0,0,,,,,,784,3.0881417677737772,0.003938956336446145,0.0028442825423553586,0.008870823984034359,0.025899133877828717,3.938956336446145,8.87082398403436,25.899133877828717,36.21811224489796,175.0280612244898,36.21811224489796,0.0,29.644132653061224,0,0,0,0.0,163.20830716532566,40.496769003870156
stress_transition,C5,6028,1957,1589,66.20833333333333,81.19570771589167,131.41356085266054,605.3139280986845,129.36874280440404,72.31182795698925,53.75394321766562,27.688172043010752,0.46370230748876395,330.33284657901623,0,7890.0,52.99999999999982,6.126805555555552,74.59403702566294,59.6472538121194,14.946783213543554,79.96249591853926,19.211666666666655,13.879386952415025,45.76786685970437,103.60282920230965,3.0,6,2312.329926053114,505,23.36633663366337,145,789,nan,nan,3.648805511649698,776,13,0,0,,,,,,776,3.648805511649698,0.004702068958311467,0.004151086322963238,0.010551437735557556,0.015380506170913577,4.702068958311467,10.551437735557556,15.380506170913577,38.50515463917526,184.74484536082474,38.50515463917526,0.0,30.189432989690722,0,0,0,0.0,198.6806724412831,47.666270304679315
stress_transition,C5,6029,1925,1631,67.95833333333333,84.72727272727273,104.14406208506094,562.1103566314074,102.31648763422184,67.01030927835052,49.056603773584904,32.98969072164948,0.47604388793787183,296.9255288243021,0,8700.0,52.08199999999981,6.023055555555551,71.57388047931258,57.15747357412684,14.416406905185735,79.85800572968431,19.489444444444434,14.960810632328915,42.19666294179792,99.40816733237857,3.0,6,2078.4787017701146,552,22.463768115942027,176,870,nan,nan,2.85112348315306,856,13,0,0,,,,,,856,2.85112348315306,0.003330751732655444,0.002184581127949059,0.008802155207376927,0.014575734967365861,3.330751732655444,8.802155207376927,14.575734967365861,36.36098130841121,175.4836448598131,36.36098130841121,0.0,29.141355140186917,0,0,0,0.0,117.76628924016265,31.6614190198625
stress_transition,C5,6030,1945,1637,68.20833333333333,84.16452442159384,105.29824354678388,581.8974821108822,103.4807060893833,69.12928759894459,47.63729246487867,30.87071240105541,0.4731834426149885,298.189478912939,0,8270.0,52.05199999999983,6.0459722222222165,71.01554492204578,56.74626010252099,14.269284819524795,79.9068150005914,19.31482241657999,14.506457789727389,42.23980231279359,98.63270128061914,3.0,6,2087.3263523905734,536,20.149253731343283,154,827,nan,nan,2.7667103447020054,814,12,0,0,,,,,,814,2.7667103447020054,0.003398907057373471,0.0022952655563130975,0.009288384101819244,0.035634892992675304,3.398907057373471,9.288384101819243,35.634892992675304,38.71621621621622,185.84520884520884,38.71621621621622,0.0,30.683046683046683,0,0,0,0.0,185.0597042333278,42.93611579491977
stress_transition,C5,6031,1919,1614,67.25,84.10630536737884,91.23395287817156,590.8884784058462,89.56098771114482,71.53652392947103,42.50985545335085,28.463476070528966,0.48379920976920865,290.92067617035826,0,9140.0,51.961999999999804,6.007222222222219,68.26519827631884,54.825016070313396,13.440182206005455,80.31180961109456,19.436111111111114,16.182980406262196,38.64203566405121,94.81277538377617,3.0,6,2036.444733192508,619,20.516962843295637,181,914,nan,nan,3.1809602186549455,901,13,0,0,,,,,,901,3.1809602186549455,0.0035304774901830692,0.00264785997569561,0.007347469916567206,0.017094348091632128,3.530477490183069,7.347469916567206,17.094348091632128,38.573806881243065,185.07658157602663,38.573806881243065,0.0,30.245283018867923,0,0,0,0.0,187.7896127765497,39.53016030219153
stress_transition,C5,6032,1987,1656,69.0,83.34172118772018,116.56904510760891,583.2505363447997,114.6743565603756,71.65354330708662,49.750933997509335,28.346456692913385,0.4670572816986673,297.6988447572743,0,8490.0,53.12399999999981,6.172916666666664,69.90313002387165,55.97089805880441,13.932231965067242,80.06923014704857,19.38901559959948,13.76373184476679,42.20716621403762,97.0876805887106,3.0,6,2083.89191330092,523,26.38623326959847,190,849,nan,nan,2.873284302651882,836,13,0,0,,,,,,836,2.873284302651882,0.00343694294575584,0.0022714448859915137,0.008229200495406985,0.017372505040839314,3.43694294575584,8.229200495406985,17.372505040839314,36.2799043062201,175.2428229665072,36.2799043062201,0.0,29.666267942583733,0,0,0,0.0,152.36346320138802,36.40275441342575
stress_transition,C5,6033,1977,1600,66.66666666666667,80.93070308548306,108.67011253941062,596.5377932386167,106.92293756645236,66.49874055415617,45.506329113924046,33.50125944584383,0.4622182597766202,306.85620515970083,0,9620.0,53.36599999999979,6.17722222222222,73.34199707258345,58.91735525909342,14.424641813490023,80.3323574633309,19.260805668988574,16.712860333333474,42.204494925759946,101.86388482303256,3.0,6,2147.9934361179057,623,29.052969502407706,210,962,nan,nan,4.05306270904839,947,13,0,0,,,,,,947,4.05306270904839,0.004279897264042651,0.003184383036568761,0.010763722052797652,0.016701621003448963,4.279897264042651,10.763722052797652,16.701621003448963,37.65047518479409,180.95142555438227,37.65047518479409,0.0,29.626187961985217,0,0,0,0.0,173.88907541855508,40.79562270462684
stress_transition,C5,6034,1830,1565,65.20833333333333,85.51912568306011,77.69228633016989,611.6299744836463,76.17121569591896,55.65217391304348,39.12457912457913,44.34782608695652,0.5015329373774526,293.4515306966695,0,11030.0,49.60199999999976,5.732083333333335,68.22739956176383,54.317549616509844,13.90984994525399,79.6125163283383,19.255731077562867,19.126229134879118,35.191320481630726,94.76027716911645,3.0,6,2054.160714876687,740,29.45945945945946,218,1103,nan,nan,4.997678907122463,1088,14,0,0,,,,,,1088,4.997678907122463,0.004593454877869911,0.003745889523997903,0.010508736281190052,0.02856421610340476,4.5934548778699105,10.508736281190052,28.56421610340476,38.25827205882353,183.5670955882353,38.25827205882353,0.0,30.029411764705884,0,0,0,0.0,528.6218606936233,111.00129519307247
stress_transition,C5,6035,1880,1590,66.25,84.57446808510637,91.82438821996622,589.1217517592311,90.21321825195318,61.53846153846154,42.58150365934797,38.46153846153847,0.4883953657927713,295.6985064910129,0,9700.0,50.8519999999998,5.881388888888888,69.84873564044325,56.089508448957375,13.759227191485884,80.30139405484225,19.26365647971738,17.41074675212863,38.678761696828744,97.012132833949,3.0,6,2069.88954543709,642,32.55451713395638,169,970,nan,nan,3.9707984384149313,955,14,0,0,,,,,,955,3.9707984384149313,0.004157904123994693,0.002827861113473773,0.010777297057211381,0.018094694009050727,4.157904123994693,10.777297057211381,18.094694009050727,37.617801047120416,180.79057591623035,37.617801047120416,0.0,29.517277486910995,0,0,0,0.0,322.09492403761385,70.7795148689992
stress_transition,C5,6036,1874,1556,64.83333333333333,83.03094983991463,101.93822648904775,598.0154974371272,100.29871930219333,62.531017369727046,44.66349422161795,37.468982630272954,0.48943451995035464,299.98540843924314,0,9790.0,50.637999999999764,5.859027777777778,69.92500194502122,55.973874885191215,13.951127059830018,80.04844237144371,19.55722222222221,17.342692808769836,38.631182076421375,97.11805825697392,3.0,6,2099.8978590747024,660,39.39393939393939,205,979,nan,nan,4.770384371513501,967,12,0,0,,,,,,967,4.770384371513501,0.004933179288018098,0.005301130935549736,0.009767064847983419,0.0234865031670779,4.933179288018098,9.767064847983418,23.4865031670779,39.803516028955535,190.08273009307135,39.803516028955535,0.0,30.404343329886245,0,0,0,0.0,857.809798381724,163.3558950736064
stress_transition,C5,6037,1970,1611,67.125,81.7766497461929,124.03887619199541,616.233586354511,122.0637111609863,66.93548387096774,51.37672090112642,33.064516129032256,0.460425258585031,337.7908175972604,0,8280.0,52.71999999999979,6.123611111111109,74.94566967314434,59.65989465118791,15.285775021956415,79.60419182506304,19.255047796999722,13.95599117992711,45.7039034712608,104.09120787936715,3.0,6,2364.5357231808225,507,28.402366863905325,180,828,nan,nan,3.5991957613732666,813,14,0,0,,,,,,813,3.5991957613732666,0.004427055057039688,0.003889101091772318,0.010010385001078247,0.016715822042897344,4.427055057039688,10.010385001078246,16.715822042897344,35.81180811808118,173.09225092250924,35.81180811808118,0.0,28.875768757687577,0,0,0,0.0,435.6347041159601,92.9409162539125
stress_transition,C5,6038,1914,1588,66.16666666666667,82.96760710553815,84.47794824096933,591.8085878627276,82.92189184306945,61.53846153846154,40.27325959661678,38.46153846153847,0.4790544919054685,295.1495185542211,0,10550.0,51.94999999999976,6.000138888888891,71.15653607964386,57.07308929624308,14.083446783400788,80.20779599552527,19.336111111111066,18.341723918720813,38.731365377522266,98.8285223328387,3.0,6,2066.046629879548,704,27.698863636363637,225,1055,nan,nan,4.158473588293418,1042,11,0,0,,,,,,1042,4.158473588293418,0.003990857570339173,0.0027245620731264353,0.00829614894464612,0.0396421670448035,3.990857570339173,8.29614894464612,39.6421670448035,39.313819577735124,188.09884836852208,39.313819577735124,0.0,30.310940499040306,0,0,0,0.0,335.3105202477878,75.65258754869886
stress_transition,C5,6039,1860,1539,64.125,82.74193548387096,103.06463478249809,598.4113279337532,101.32231768067562,62.83422459893049,46.433378196500676,37.16577540106952,0.4814543364829756,310.99170126497035,0,9870.0,50.34599999999978,5.821249999999999,75.34701441258026,60.3197517203933,15.027262692186975,80.05592814878946,19.46869005056924,18.14367124814385,42.17608047224946,104.64863112858373,3.0,6,2176.941908854792,690,31.88405797101449,187,987,nan,nan,4.805689105996862,974,12,0,0,,,,,,974,4.805689105996862,0.0049339723880871275,0.0037896690191701055,0.013535341003444038,0.023711388930678368,4.933972388087128,13.535341003444039,23.711388930678368,39.77926078028747,190.06262833675564,39.77926078028747,0.0,30.294661190965094,0,0,0,0.0,375.8709781385487,82.87789848280775
stress_transition,C5,6040,1939,1763,73.45833333333333,90.92315626611655,78.87485903374622,474.8353862309797,76.4543437597639,80.64516129032258,64.453125,19.35483870967742,0.4710990134713007,270.62250087476457,0,5340.0,51.149999999999864,5.9758333333333225,72.66609721046446,58.240709441607244,14.425387768857224,80.14839337376736,19.531615593796207,9.042366320737075,49.19834312087016,100.92513501453398,3.0,6,1894.357506123352,365,23.56164383561644,113,534,nan,nan,1.5669541731476784,518,15,0,0,,,,,,518,1.5669541731476784,0.0030250080562696496,0.0021166010992601514,0.007734927115961906,0.018092826940119267,3.0250080562696495,7.734927115961906,18.092826940119267,38.71621621621622,185.8976833976834,38.71621621621622,0.0,30.895752895752896,0,0,0,0.0,22.331987885320583,6.38988778929714
stress_transition,C5,6041,1838,1590,66.25,86.50707290533188,73.64243898866152,595.3920818665518,72.13614846839748,57.938718662952645,39.28329952670724,42.061281337047355,0.5015752679013136,282.4563322565255,0,10680.0,49.559999999999775,5.739166666666669,67.40606497773798,54.06198774080708,13.3440772369309,80.20344721007226,19.214999999999986,18.86309656537345,35.19889117543363,93.61953469130276,3.0,6,1977.1943257956784,714,22.408963585434176,210,1068,nan,nan,4.1220304949674755,1052,12,0,0,,,,,,1052,4.1220304949674755,0.003918279938182011,0.002515297499485314,0.011249471933115266,0.029236618895083666,3.9182799381820104,11.249471933115267,29.236618895083666,37.5712927756654,180.53707224334602,37.5712927756654,0.0,29.433460076045627,0,0,0,0.0,324.6101194582644,71.666067871636
stress_transition,C5,6042,1881,1602,66.75,85.16746411483254,94.25094784636255,593.6560998833153,92.52106281103919,64.21052631578948,44.970019986675545,35.78947368421053,0.48982419617501183,292.9520658611894,0,9340.0,50.6579999999998,5.869166666666666,69.02860512779401,55.428005797492574,13.600599330301465,80.29715462868998,19.33611111111107,16.692518614112778,38.73548718337979,95.87306267749172,3.0,6,2050.664461028326,632,29.11392405063291,197,934,nan,nan,3.977575318189338,923,12,0,0,,,,,,923,3.977575318189338,0.004309399044625501,0.002802575007081032,0.011963075841777023,0.025474382797256112,4.3093990446255015,11.963075841777023,25.474382797256112,38.17443120260022,183.18418201516792,38.17443120260022,0.0,29.708559046587215,0,0,0,0.0,387.5792984330094,83.87711801516073
stress_transition,C5,6043,1927,1638,68.25,85.00259470679813,123.58190127444287,593.5223273204779,121.46304929240239,74.62311557788945,56.6383257030739,25.376884422110553,0.47577329635219673,321.7468971565683,0,6760.0,51.64199999999983,5.994999999999996,71.51025863849283,57.143899746414206,14.366358892078626,79.91007281248255,19.29199713089923,11.414760155739721,45.72913959067448,99.31980366457336,3.0,6,2252.228280095979,422,34.59715639810427,130,676,nan,nan,2.797719247173518,663,14,0,0,,,,,,663,2.797719247173518,0.004219787703127478,0.0026071721222251654,0.011216074880212541,0.023626917973160744,4.219787703127478,11.216074880212542,23.626917973160744,37.30769230769231,179.5233785822021,37.30769230769231,0.0,29.443438914027148,0,0,0,0.0,280.89171425624284,56.06481779903113
stress_transition,C5,6044,1948,1691,70.45833333333333,86.80698151950719,104.47039936852175,582.7072762157976,102.27176162248179,75.86206896551724,57.54296626352642,24.137931034482758,0.472564733849744,309.76292183383725,0,6480.0,51.887999999999856,6.038333333333326,71.027374139729,56.27317883021414,14.75419530951486,79.22745210812722,19.214999999999975,10.518747547739503,45.75443128247464,98.64913074962362,3.0,6,2168.3404528368605,379,14.775725593667547,134,648,nan,nan,2.192578771384433,635,13,0,0,,,,,,635,2.192578771384433,0.003452879954936115,0.0022180599626153708,0.009577182703651488,0.018892125925049186,3.452879954936115,9.577182703651488,18.892125925049186,34.275590551181104,166.54015748031497,34.275590551181104,0.0,28.366929133858267,0,0,0,0.0,11.598112382835204,4.02393053356522
stress_transition,C5,6045,1877,1598,66.58333333333333,85.13585508790624,95.24014463407757,582.5142574540637,93.50455162872908,67.67955801104972,46.07260726072607,32.32044198895028,0.48354912078526663,304.5782866466381,0,9190.0,50.599999999999795,5.860138888888888,72.59124312422566,58.10797566564879,14.483267458576858,80.0481892371073,19.396700236156853,15.903839322452928,42.20413634319587,100.82117100586898,3.0,6,2132.0480065264665,587,19.250425894378196,175,919,nan,nan,3.5927149644121528,906,13,0,0,,,,,,906,3.5927149644121528,0.003965469055642552,0.003049364546313882,0.008696640841662884,0.017057138960808516,3.9654690556425525,8.696640841662884,17.057138960808516,37.897350993377486,182.10154525386312,37.897350993377486,0.0,30.008830022075056,0,0,0,0.0,332.08480713261065,73.18271995741746
stress_transition,C5,6046,1880,1682,70.08333333333333,89.46808510638297,79.98079451056535,587.4328860913816,78.0948365117641,63.68563685636857,48.31237590999338,36.31436314363143,0.4906049588682103,299.6935073699844,0,7790.0,50.31799999999979,5.844305555555554,68.735100730422,55.10143346509537,13.633667265326633,80.1649126567841,19.336111111111094,12.921289913968902,42.18014355112646,95.46541768114167,3.0,6,2097.8545515898904,474,23.20675105485232,149,779,nan,nan,3.4169962557498366,766,12,0,0,,,,,,766,3.4169962557498366,0.004460830621083337,0.0046879195142537355,0.00831565575208515,0.02631273097358644,4.460830621083337,8.31565575208515,26.31273097358644,34.50391644908616,167.6644908616188,34.50391644908616,0.0,28.642297650130548,0,0,0,0.0,299.3550907408606,69.89725442583925
stress_transition,C5,6047,1839,1562,65.08333333333333,84.93746601413812,56.46035243760008,534.3486314093254,55.17557723917781,54.4973544973545,32.71731690622861,45.5026455026455,0.501131077012876,240.99742391905917,0,11930.0,50.675999999999725,5.817916666666672,67.5299371855105,54.04573138196707,13.484205803543436,80.03225478131104,19.53212647192854,22.407883102877157,31.637848279089916,93.79157942432018,3.0,6,1686.9819674334142,820,31.097560975609756,209,1193,nan,nan,5.139769528992474,1184,9,0,0,,,,,,1184,5.139769528992474,0.004341021561649049,0.00290268799290061,0.010809835954569276,0.019227457931265235,4.341021561649049,10.809835954569277,19.227457931265235,39.691722972972975,189.50760135135135,39.691722972972975,0.0,30.004222972972972,0,0,0,0.0,258.62011773720354,56.4581944946267
stress_transition,C5,6048,1915,1591,66.29166666666667,83.08093994778068,88.5539083336719,592.0127265524029,87.01491122304294,59.78835978835979,40.27325959661678,40.21164021164021,0.47785536716348764,297.8546094972578,0,10580.0,51.64599999999978,5.980277777777777,71.66089494960222,57.396916950194154,14.263977999408088,80.09517183752776,19.425411275068953,18.73373457681628,38.663182373377865,99.52902076333646,3.0,6,2084.982266480805,676,23.37278106508876,203,1058,nan,nan,4.131976203992963,1045,13,0,0,,,,,,1045,4.131976203992963,0.003954044214347333,0.0026270910166203976,0.008778295060619709,0.029438696103170514,3.954044214347333,8.778295060619708,29.438696103170514,37.133971291866025,178.57511961722489,37.133971291866025,0.0,28.93397129186603,0,0,0,0.0,383.285401555681,87.62214905314458
stress_transition,C5,6049,1882,1627,67.79166666666667,86.45058448459086,102.13523031205914,577.5612449336334,100.17760620631314,70.66666666666667,51.42667551426676,29.333333333333332,0.48659098859290933,302.4751924323019,0,8190.0,50.34999999999982,5.849027777777774,70.55814174917367,56.32926291145128,14.2288788377224,79.83382429726612,19.228932443624608,14.097774279971699,42.23148863147957,97.99741909607454,3.0,6,2117.3263470261136,523,26.19502868068834,160,819,nan,nan,3.8969874575268477,806,12,0,0,,,,,,806,3.8969874575268477,0.004834972031671027,0.004565801005810499,0.011565484979655594,0.01827086601406336,4.834972031671027,11.565484979655594,18.27086601406336,37.27667493796526,179.3684863523573,37.27667493796526,0.0,29.562034739454095,0,0,0,0.0,339.0463697910324,76.47764927783268
stress_transition,C5,6050,1897,1587,66.125,83.65840801265155,85.82163391122197,598.8513617842254,84.36792066447202,59.01639344262295,37.88373612018289,40.98360655737705,0.4902219677182194,288.37403168117504,0,10850.0,51.61999999999976,5.955972222222225,67.22812827001742,53.81539941155923,13.412728858458198,80.04893308261262,19.612342662641307,18.703555021683268,35.11184438987596,93.37240037502423,3.0,6,2018.6182217682249,690,28.26086956521739,206,1085,nan,nan,4.041295445989817,1070,11,0,0,,,,,,1070,4.041295445989817,0.0037769116317661845,0.002571667544543743,0.009504990628920486,0.016245031030848622,3.7769116317661844,9.504990628920487,16.245031030848622,36.86915887850467,177.68691588785046,36.86915887850467,0.0,29.589719626168225,0,0,0,0.0,446.7064456372696,95.08772526974683
stress_transition,C5,6051,1809,1495,62.291666666666664,82.64234383637368,54.44197340637785,603.2771945392402,53.4803783252997,49.21052631578947,24.072778166550034,50.78947368421053,0.5046589770738884,264.5642131736665,0,14140.0,49.673999999999694,5.710833333333343,68.75187555476022,55.116279524316006,13.635596030444233,80.16694683538694,19.461854318862688,27.024086515941175,28.092193008374828,95.48871604827812,3.0,6,1851.9494922156653,1013,25.863770977295164,233,1414,nan,nan,6.3514656343031675,1405,9,0,0,,,,,,1405,6.3514656343031675,0.004520616109824319,0.003495511133223772,0.010050885658711194,0.034433405147865415,4.520616109824319,10.050885658711193,34.433405147865415,40.81494661921708,194.1914590747331,40.81494661921708,0.0,29.975800711743773,0,0,0,0.0,521.0298941776779,106.07016307852354
stress_transition,C5,6052,1968,1652,68.83333333333333,83.94308943089432,111.96014901342603,593.192074472026,109.99863783409391,72.79792746113989,50.18963337547409,27.202072538860104,0.4626164142179016,321.6721772778302,0,7770.0,52.585999999999814,6.111805555555552,74.04132723417757,59.2247313981881,14.816595835989462,79.9887490007741,19.272327910008382,13.457303167691999,45.76742823049611,102.83517671413549,3.0,6,2251.7052409448106,499,27.655310621242485,154,777,nan,nan,3.299754474312067,764,13,0,0,,,,,,764,3.299754474312067,0.004319050359047208,0.0033364203991368413,0.008548324613366277,0.033153765834867954,4.319050359047209,8.548324613366278,33.153765834867954,36.96989528795812,178.2801047120419,36.96989528795812,0.0,29.51439790575916,0,0,0,0.0,313.1243410204653,71.57729578452751
stress_transition,C5,6053,1783,1514,63.083333333333336,84.913067863152,61.27589914416082,587.042681854772,60.07125517097867,55.49132947976878,31.315240083507312,44.50867052023121,0.511789928259393,267.98767271960793,0,12430.0,48.71999999999974,5.612083333333337,67.75787615726597,54.23853877738994,13.51933737987606,80.04757801366492,19.4159451447469,22.599815353209884,31.63872342418005,94.10816132953612,3.0,6,1875.9137090372553,845,24.142011834319526,248,1243,nan,nan,5.46552222291939,1234,9,0,0,,,,,,1234,5.46552222291939,0.004429110391344724,0.0031387540511786938,0.01099637463921681,0.02471731579862535,4.429110391344724,10.996374639216809,24.71731579862535,40.06482982171799,191.0842787682334,40.06482982171799,0.0,30.396272285251214,0,0,0,0.0,326.4315688988029,76.41275157744019
stress_transition,C5,6054,1960,1617,67.375,82.5,122.52348756584135,587.5239285482436,120.65820403327527,66.19385342789599,51.00845803513337,33.80614657210402,0.4635480247236782,318.2964604006439,0,8290.0,52.82599999999982,6.118472222222218,74.3717955392662,59.73396970462089,14.637825834645305,80.31804163324662,19.291793804017466,14.03509203243004,45.698877672190854,103.29416047120303,3.0,6,2228.075222804508,510,24.313725490196077,152,829,nan,nan,3.217653149738908,815,14,0,0,,,,,,815,3.217653149738908,0.003948040674526267,0.0026381839998066425,0.009284638357348739,0.015351532958447933,3.948040674526267,9.284638357348738,15.351532958447933,35.79754601226994,172.9840490797546,35.79754601226994,0.0,28.73251533742331,0,0,0,0.0,298.4735098609281,67.49227957478654
stress_transition,C5,6055,1955,1671,69.625,85.47314578005115,122.37857029974036,560.5165992546056,120.00349929428492,78.6082474226804,62.476068921506055,21.391752577319586,0.4648151930429506,315.0968114228478,0,5870.0,51.919999999999874,6.049305555555546,74.23314270635291,59.3670258112167,14.866116895136212,79.97374709845882,19.32889765441724,10.096750048865811,49.270275762350884,103.10158709215682,3.0,6,2205.6776799599347,373,26.273458445040216,121,587,nan,nan,2.396905285306275,573,14,0,0,,,,,,573,2.396905285306275,0.0041830807771488215,0.002281744033098221,0.012543572485446915,0.019237745087593794,4.183080777148821,12.543572485446914,19.237745087593794,37.460732984293195,180.18150087260034,37.460732984293195,0.0,29.13961605584642,0,0,0,0.0,60.54469432554923,15.787827516822688
stress_transition,C5,6056,1859,1586,66.08333333333333,85.3146853146853,73.03182375115225,578.9168209100677,71.55812503834571,64.13612565445025,36.62830060934327,35.86387434554974,0.4973783078238648,273.9992466413199,0,10440.0,50.717999999999776,5.845833333333334,67.42133285677215,54.15283434510833,13.268498511663822,80.32002935947436,19.385101615725475,19.015060288851284,35.137774056257044,93.6407400788502,3.0,6,1917.9947264892396,726,20.110192837465565,204,1044,nan,nan,5.468169231899083,1034,10,0,0,,,,,,1034,5.468169231899083,0.005288364827755399,0.003591527580283582,0.01378473085351288,0.037810671143233776,5.288364827755399,13.78473085351288,37.810671143233776,39.313346228239844,188.00580270793037,39.313346228239844,0.0,29.990328820116055,0,0,0,0.0,203.123831900794,43.18961356142511
