scenario,strategy,replication,requested_tasks,completed_tasks,throughput,completion_rate,mean_delay,max_delay,mean_tardiness,urgent_deadline_violation_rate,normal_deadline_violation_rate,urgent_on_time_rate,idle_ratio,charging_wait,low_soc_stops,detour_distance_m,traction_energy,aux_energy,wpt_input_energy,battery_delivered_energy,wpt_loss,mean_efficiency,fleet_min_soc,opportunity_charging_energy,mandatory_charging_energy,pad_utilization,mean_queue,max_queue,pad_waiting_time,charging_contention_events,different_decision_rate_C4_vs_C3,deferred_charging_requests,charging_sessions,c1_start_soc,c1_target_soc,solver_computation_time_s,solver_calls,solver_mean_time_s,solver_median_time_s,solver_p95_time_s,solver_max_time_s,solver_mean_binary_variables,solver_mean_constraints,solver_mean_available_agv_slot_pairs,solver_mean_actual_busy_agv_slot_pairs,solver_mean_forecast_busy_agv_slot_pairs,solver_infeasible_calls,solver_time_limit_calls,solver_fallback_calls,solver_safety_slack_total,solver_reserve_slack_total,solver_task_slack_total
v3_base,C1,1007,1826,1818,75.75,99.5618838992333,1.0173928378820511,62.700799127031736,0.3851380904122473,0,4.70974808324206,100,0.42330481931796865,0.0,0,100.0,21.93199999999994,3.8055555555555456,25.01026504553125,20.109900471369663,4.900364574161583,80.40658679450033,29.678888888888554,0.0,20.109900471369663,17.36823961495225,0.0,0,0.0,0,0.0,0,10,0.3,0.7,0.0,0,,,,,,,,,,,,,,,
v3_base,C2,1007,1826,1818,75.75,99.5618838992333,0.18073388284012729,2.9321529450288533,0.0,0,0.0,100,0.36232966771064523,0.0,0,25990.0,27.109999999999456,4.165138888888913,46.96131962416766,37.55751153691911,9.403808087248649,79.97541772141966,52.09397034604879,37.55751153691911,0.0,32.612027516783115,1.5,3,0.0,310,19.35483870967742,464,2599,,,0.0,0,,,,,,,,,,,,,,,
v3_base,C3,1007,1826,1818,75.75,99.5618838992333,0.18058359260236745,2.9321529450288533,0.0,0,0.0,100,0.3627652525696138,0.0,0,25550.0,27.021999999999466,4.159027777777801,46.80450907493903,37.4633967507167,9.341112324222404,80.04228116298323,52.09397034604879,37.4633967507167,0.0,32.50313130204099,1.5,3,0.0,325,49.23076923076923,449,2555,,,0.0,0,,,,,,,,,,,,,,,
v3_base,C4,1007,1826,1818,75.75,99.5618838992333,0.18069638396652862,2.9321529450288533,0.0,0,0.0,100,0.36265189335163633,0.0,0,25650.0,27.04199999999946,4.160416666666691,46.8453183934109,37.484785639605576,9.360532753805398,80.01821083764489,52.09397034604879,37.484785639605576,0.0,32.531471106535356,1.5,3,0.0,309,45.307443365695796,453,2565,,,0.0,0,,,,,,,,,,,,,,,
v3_base,C5,1007,1826,1818,75.75,99.5618838992333,0.18156712137662306,2.9321529450288533,0.0,0,0.0,100,0.3653291116308751,0.0,0,22730.0,26.45799999999953,4.119861111111129,45.88151981288493,36.73162280961378,9.149897003271187,80.05755467432974,52.09397034604879,36.73162280961378,0.0,31.86216653672567,1.5,3,0.0,811,48.33538840937115,463,2273,,,21.516092393896542,2426,0.008868958117846885,0.0072686664934735745,0.021565791743341833,0.0980067920172587,45.939818631492166,147.66529266281947,27.582440230832646,0.0,21.336356141797197,0.0,0.0,0.0,0.0,0.0,0.0
v3_base,C1,1008,1782,1778,74.08333333333333,99.77553310886644,0.9059196038567218,52.36564201832856,0.3143434253388105,0,3.928170594837266,100,0.4352914460072463,0.0,0,100.0,21.403999999999964,3.7138888888888797,25.09507943739132,20.117764473521156,4.9773149638701675,80.16617171390963,29.678888888888554,0.0,20.117764473521156,17.42713849818842,0.0,0,0.0,0,0.0,0,10,0.3,0.7,0.0,0,,,,,,,,,,,,,,,
v3_base,C2,1008,1782,1778,74.08333333333333,99.77553310886644,0.19318436364210753,3.258089424490754,0.0,0,0.0,100,0.38090126544186537,0.0,0,25440.0,26.47199999999949,4.065833333333355,44.675544440928434,35.71383239233052,8.96171204859797,79.94045252107132,53.859072558193134,35.71383239233052,0.0,31.024683639533677,1.5,3,0.0,236,34.32203389830508,499,2544,,,0.0,0,,,,,,,,,,,,,,,
v3_base,C3,1008,1782,1778,74.08333333333333,99.77553310886644,0.1931382240247221,3.258089424490754,0.0,0,0.0,100,0.38136147999741843,0.0,0,24950.0,26.373999999999498,4.0590277777778,44.509867200929335,35.60829619774164,8.901571003187762,80.00090415232279,54.755292755907384,35.60829619774164,0.0,30.90963000064539,1.5,3,0.0,246,43.49593495934959,481,2495,,,0.0,0,,,,,,,,,,,,,,,
v3_base,C4,1008,1782,1778,74.08333333333333,99.77553310886644,0.19301582537723694,3.258089424490754,0.0,0,0.0,100,0.38119599456772246,0.0,0,25080.0,26.399999999999494,4.060833333333356,44.569441955619865,35.63683237140961,8.932609584210303,79.95799545099774,54.92943870418938,35.63683237140961,0.0,30.95100135806935,1.5,3,0.0,235,32.76595744680851,484,2508,,,0.0,0,,,,,,,,,,,,,,,
v3_base,C5,1008,1782,1778,74.08333333333333,99.77553310886644,0.19242194855632644,3.258089424490754,0.0,0,0.0,100,0.38503282940246136,0.0,0,20750.0,25.533999999999594,4.000694444444459,43.18818141511387,34.52637977043312,8.661801644680773,79.9440463551227,54.378949553321064,34.52637977043312,0.0,29.99179264938465,1.5,3,0.0,880,61.47727272727273,438,2075,,,24.081230788840912,2442,0.009861273869304223,0.007489687501220033,0.023694906278979008,0.2489579159882851,47.05159705159705,149.81654381654383,28.05896805896806,0.0,21.43161343161343,0.0,0.0,0.0,0.0,0.0,0.0
v3_base,C1,1009,1761,1753,73.04166666666667,99.54571266325951,0.6539192941995093,52.82244288769167,0.258998645086915,0,0.624645088018172,100,0.4407994366557341,0.0,0,100.0,21.151999999999973,3.6701388888888795,25.212202803935718,20.11772918483416,5.0944736191015565,79.79361954717305,29.678888888888554,0.0,20.11772918483416,17.508474169399804,0.0,0,0.0,0,0.0,0,10,0.3,0.7,0.0,0,,,,,,,,,,,,,,,
v3_base,C2,1009,1761,1753,73.04166666666667,99.54571266325951,0.16573163056900847,2.9143122111023634,0.0,0,0.0,100,0.37932513989172356,0.0,0,26260.0,26.38399999999949,4.033472222222246,47.342949638979476,37.86391637411701,9.479033264862526,79.97794109334926,48.873348884294025,37.86391637411701,0.0,32.87704836040239,1.5,3,0.0,315,27.61904761904762,527,2626,,,0.0,0,,,,,,,,,,,,,,,
v3_base,C3,1009,1761,1753,73.04166666666667,99.54571266325951,0.16540557069937675,2.9143122111023634,0.0,0,0.0,100,0.3796351289343349,0.0,0,25850.0,26.301999999999495,4.0277777777778,47.231353583639425,37.77621610298458,9.455137480654917,79.98122695359288,50.9531458597968,37.77621610298458,0.0,32.799551099749586,1.5,3,0.0,328,51.52439024390244,513,2585,,,0.0,0,,,,,,,,,,,,,,,
v3_base,C4,1009,1761,1753,73.04166666666667,99.54571266325951,0.1654469065538602,2.9143122111023634,0.0,0,0.0,100,0.3796943390711429,0.0,0,25840.0,26.299999999999496,4.027638888888912,47.21003793438851,37.77408304078367,9.43595489360492,80.01282077612663,50.9531458597968,37.77408304078367,0.0,32.7847485655476,1.5,3,0.0,329,40.42553191489361,503,2584,,,0.0,0,,,,,,,,,,,,,,,
v3_base,C5,1009,1761,1753,73.04166666666667,99.54571266325951,0.16491479805380843,2.9143122111023634,0.0,0,0.0,100,0.382734817877807,0.0,0,22090.0,25.549999999999585,3.975555555555571,46.11546556398949,36.89132685611541,9.224138707874097,79.99773265852704,49.97494919263027,36.89132685611541,0.0,32.02462886388159,1.5,3,0.0,886,56.20767494356659,477,2209,,,20.518885457539,2499,0.00821083851842297,0.006978332996368408,0.020072103780694305,0.24697787495097145,47.016806722689076,150.8423369347739,28.331332533013207,0.0,21.50220088035214,0.0,0.0,0.0,0.0,0.0,0.0
v3_base,C1,1010,1793,1789,74.54166666666667,99.77691020635805,0.8118250181266949,63.664283098650046,0.2882157668396813,0,2.1193530395984372,100,0.43151691334033215,1.8865743127045183,0,100.0,21.53599999999996,3.7368055555555455,25.35391119748042,20.13466535253616,5.219245844944265,79.41443509724476,29.678888888888554,0.0,20.13466535253616,17.606882776028073,0.0,0,9.43287156352259,0,0.0,0,10,0.3,0.7,0.0,0,,,,,,,,,,,,,,,
v3_base,C2,1010,1793,1789,74.54166666666667,99.77691020635805,0.1732543644352753,3.7345489438534667,0.0,0,0.0,100,0.37870398561602636,0.0,0,25760.0,26.66799999999948,4.0931944444444675,44.366565178230466,35.47780072935349,8.88876444887704,79.96517329396853,49.828929059274266,35.47780072935349,0.0,30.810114707104518,1.5,3,0.0,214,25.233644859813083,453,2576,,,0.0,0,,,,,,,,,,,,,,,
v3_base,C3,1010,1793,1789,74.54166666666667,99.77691020635805,0.17307625901412585,3.7345489438534667,0.0,0,0.0,100,0.37901160455500865,0.0,0,25250.0,26.56599999999949,4.0861111111111335,44.25582236019683,35.403694984516626,8.852127375680263,79.99782423285913,52.80699071106939,35.403694984516626,0.0,30.73320997235892,1.5,3,0.0,248,35.88709677419355,442,2525,,,0.0,0,,,,,,,,,,,,,,,
v3_base,C4,1010,1793,1789,74.54166666666667,99.77691020635805,0.17290674693489863,3.7345489438534667,0.0,0,0.0,100,0.37903403817408776,0.0,0,25330.0,26.58199999999949,4.087222222222245,44.247746257328345,35.38790336530373,8.859842892024686,79.97673635059493,52.80699071106939,35.38790336530373,0.0,30.72760156758917,1.5,3,0.0,244,33.19672131147541,436,2533,,,0.0,0,,,,,,,,,,,,,,,
v3_base,C5,1010,1793,1789,74.54166666666667,99.77691020635805,0.17486282704751663,3.7345489438534667,0.0,0,0.0,100,0.38189592304954373,0.0,0,21940.0,25.903999999999563,4.040138888888905,43.21746770216421,34.58230568820784,8.635162013956414,80.01927814589668,48.470957647061674,34.58230568820784,0.0,30.01213034872518,1.5,3,0.0,847,56.78866587957497,478,2194,,,23.252728851512074,2546,0.009133043539478426,0.00736408302327618,0.021295062484568916,0.1760363340144977,46.18421052631579,147.73055773762766,27.602120974076982,0.0,21.458758837391986,0.0,0.0,0.0,0.0,0.0,0.0
v3_base,C1,1011,1818,1814,75.58333333333333,99.77997799779979,2.2801179781869467,68.53447342405622,1.2098497735117684,0,14.301430143014304,100,0.4255581213090734,2.4666584607588207,0,100.0,21.835999999999945,3.788888888888879,24.999076328733583,20.12446182314415,4.874614505589435,80.50082154440793,29.67692828750379,0.0,20.12446182314415,17.360469672731654,0.0,0,12.333292303794103,0,0.0,0,10,0.3,0.7,0.0,0,,,,,,,,,,,,,,,
v3_base,C2,1011,1818,1814,75.58333333333333,99.77997799779979,0.19757020939114078,3.089745526911429,0.0,0,0.0,100,0.35878350103979695,2.3684757858670008e-17,0,26460.0,27.10799999999945,4.155000000000024,49.03793962567307,39.20310946522105,9.834830160452093,79.94444661516091,51.53162987534591,39.20310946522105,0.0,34.05412474005071,1.5,3,1.1842378929335003e-16,353,24.645892351274785,544,2646,,,0.0,0,,,,,,,,,,,,,,,
v3_base,C3,1011,1818,1814,75.58333333333333,99.77997799779979,0.1974459859119894,3.089745526911429,0.0,0,0.0,100,0.35905681118843946,2.3684757858670008e-17,0,26020.0,27.019999999999463,4.148888888888913,48.93954797216175,39.134118822043696,9.80542915011814,79.96420163975428,52.418391646872244,39.134118822043696,0.0,33.98579720289011,1.5,3,1.1842378929335003e-16,375,64.53333333333333,527,2602,,,0.0,0,,,,,,,,,,,,,,,
v3_base,C4,1011,1818,1814,75.58333333333333,99.77997799779979,0.19756986034293875,3.089745526911429,0.0,0,0.0,100,0.3591245136304898,2.3684757858670008e-17,0,26120.0,27.039999999999466,4.150277777777802,48.915175093023635,39.12939319192624,9.785781901097469,79.99438439607455,52.418391646872244,39.12939319192624,0.0,33.96887159237751,1.5,3,1.1842378929335003e-16,382,46.596858638743456,537,2612,,,0.0,0,,,,,,,,,,,,,,,
v3_base,C5,1011,1818,1814,75.58333333333333,99.77997799779979,0.19737603329672934,3.089745526911429,0.0,0,0.0,100,0.36149108998120105,4.7369515717340015e-17,0,23740.0,26.563999999999517,4.117222222222242,48.063207606767605,38.457887186938166,9.605320419829436,80.01523223664965,52.06584808382496,38.457887186938166,0.0,33.377227504699725,1.5,3,2.3684757858670006e-16,875,53.94285714285715,520,2374,,,20.818608100584242,2462,0.008455974045728775,0.006985104002524167,0.02049709133862051,0.11720599996624514,45.48740861088546,147.9017059301381,27.672623883021934,0.0,21.36880584890333,0.0,0.0,0.0,0.0,0.0,0.0
v3_base,C1,1012,1800,1795,74.79166666666667,99.72222222222223,0.8596460792566414,56.00996772825056,0.2777495185950709,0,3.166666666666662,100,0.4301152907159538,0.0,0,100.0,21.619999999999955,3.751388888888879,25.15849534225665,20.127259536875364,5.031235805381288,80.00184137828492,29.678888888888554,0.0,20.127259536875364,17.47117732101156,0.0,0,0.0,0,0.0,0,10,0.3,0.7,0.0,0,,,,,,,,,,,,,,,
v3_base,C2,1012,1800,1795,74.79166666666667,99.72222222222223,0.19098156595758142,3.2487855327953485,0.0,0,0.0,100,0.37299410617053697,0.0,0,25880.0,26.77599999999948,4.109444444444467,45.72212177860666,36.59591833931489,9.126203439291825,80.03985142360145,53.31232937471613,36.59591833931489,0.0,31.751473457365748,1.5,3,0.0,271,28.044280442804425,470,2588,,,0.0,0,,,,,,,,,,,,,,,
v3_base,C3,1012,1800,1795,74.79166666666667,99.72222222222223,0.19087908365799533,3.2487855327953485,0.0,0,0.0,100,0.3731915553333176,0.0,0,25520.0,26.703999999999485,4.104444444444466,45.6510400800056,36.522103305255136,9.128936774750557,80.0027846928535,57.110314808832484,36.522103305255136,0.0,31.7021111666706,1.5,3,0.0,281,60.854092526690394,468,2552,,,0.0,0,,,,,,,,,,,,,,,
v3_base,C4,1012,1800,1795,74.79166666666667,99.72222222222223,0.19090500155820764,3.2487855327953485,0.0,0,0.0,100,0.37304330226720933,0.0,0,25690.0,26.73799999999948,4.106805555555578,45.70441118380458,36.56828414767405,9.136127036130612,80.01040424875241,57.110314808832484,36.56828414767405,0.0,31.73917443319767,1.5,3,0.0,268,50.0,477,2569,,,0.0,0,,,,,,,,,,,,,,,
v3_base,C5,1012,1800,1795,74.79166666666667,99.72222222222223,0.190500445003369,3.2487855327953485,0.0,0,0.0,100,0.37628307743930733,0.0,0,22090.0,26.017999999999553,4.056805555555572,44.53809212184934,35.638430753884975,8.899661367964404,80.0178657325144,55.98364814216581,35.638430753884975,0.0,30.929230640173174,1.5,3,0.0,865,59.30635838150289,477,2209,,,22.810543779691216,2476,0.009212659038647502,0.007210708019556478,0.022055207984521985,0.1260298749548383,46.58117932148627,148.83077544426493,27.831179321486267,0.0,21.55815831987076,0.0,0.0,0.0,0.0,0.0,0.0
v3_base,C1,1013,1796,1791,74.625,99.72160356347439,0.9723264387226129,66.81963220978881,0.34076284812976804,0,3.5077951002227215,100,0.4243380938116748,3.1285293669953536,0,110.0,21.573999999999955,3.743194444444435,27.638286227797064,22.13205680883078,5.506229418966284,80.07752950532648,29.678888888888554,0.0,22.13205680883078,19.193254324859076,0.0,0,15.642646834976768,0,0.0,0,11,0.3,0.7,0.0,0,,,,,,,,,,,,,,,
v3_base,C2,1013,1796,1792,74.66666666666667,99.77728285077951,0.21395574828489852,4.4009231719457,0.0,0,0.0,100,0.37447467689519487,0.0,0,25750.0,26.701999999999487,4.099305555555578,45.589116317729776,36.458779031053396,9.130337286676475,79.97255041522804,50.291682834382016,36.458779031053396,0.0,31.659108553979053,1.5,3,0.0,283,29.681978798586574,497,2575,,,0.0,0,,,,,,,,,,,,,,,
v3_base,C3,1013,1796,1792,74.66666666666667,99.77728285077951,0.21438432469513896,4.4009231719457,0.0,0,0.0,100,0.37465075474362186,7.105427357601002e-17,0,25590.0,26.66999999999949,4.097083333333354,45.52572829229609,36.42455680883117,9.101171483464988,80.00872951437215,52.326606369449905,36.42455680883117,0.0,31.615089091872324,1.5,3,3.552713678800501e-16,300,49.333333333333336,498,2559,,,0.0,0,,,,,,,,,,,,,,,
v3_base,C4,1013,1796,1792,74.66666666666667,99.77728285077951,0.21399760490219172,4.4009231719457,0.0,0,0.0,100,0.3745485258674684,7.105427357601002e-17,0,25730.0,26.69799999999949,4.099027777777799,45.562530687711295,36.45450125327562,9.10802943443576,80.00982540486451,52.326606369449905,36.45450125327562,0.0,31.640646310910654,1.5,3,3.552713678800501e-16,291,43.986254295532646,496,2573,,,0.0,0,,,,,,,,,,,,,,,
v3_base,C5,1013,1796,1792,74.66666666666667,99.77728285077951,0.2136368390931542,4.4009231719457,0.0,0,0.0,100,0.3773777532702988,0.0,0,22290.0,26.009999999999565,4.051250000000015,44.54400882269239,35.646895432202975,8.897113390489443,80.02624005867004,52.326606369449905,35.646895432202975,0.0,30.933339460203072,1.5,3,0.0,853,56.7409144196952,499,2229,,,20.836509781714994,2404,0.008667433353458816,0.006983020983170718,0.02235920455714221,0.15210608299821615,48.43178036605657,151.60690515806988,28.34650582362729,0.0,21.805740432612314,0.0,0.0,0.0,0.0,0.0,0.0
v3_base,C1,1014,1880,1877,78.20833333333333,99.84042553191489,0.9058548867686723,62.44166428509737,0.26342872922517807,0,1.8085106382978777,100,0.4076058568405041,2.1135516871177242,0,100.0,22.57999999999992,3.9180555555555454,25.26189153741853,20.124390671326303,5.137500866092227,79.66303964814972,29.678888888888554,0.0,20.124390671326303,17.542980234318424,0.0,0,10.56775843558862,0,0.0,0,10,0.3,0.7,0.0,0,,,,,,,,,,,,,,,
v3_base,C2,1014,1880,1877,78.20833333333333,99.84042553191489,0.2503324106332155,3.522208682511761,0.0,0,0.0,100,0.3499226040134312,0.0,0,25870.0,27.73399999999943,4.275972222222246,46.0278625551647,36.82636153982161,9.201501015343164,80.00884571966593,60.492014902928084,36.82636153982161,0.0,31.96379344108663,1.5,3,0.0,286,31.11888111888112,532,2587,,,0.0,0,,,,,,,,,,,,,,,
v3_base,C3,1014,1880,1877,78.20833333333333,99.84042553191489,0.2505491151517104,3.522208682511761,0.0,0,0.0,100,0.3503694831680527,0.0,0,25290.0,27.61799999999944,4.26791666666669,45.86698605950097,36.70245002695765,9.164536032543385,80.01931929720733,62.98016449312844,36.70245002695765,0.0,31.852073652431255,1.5,3,0.0,293,58.02047781569966,519,2529,,,0.0,0,,,,,,,,,,,,,,,
v3_base,C4,1014,1880,1877,78.20833333333333,99.84042553191489,0.2503417376392675,3.522208682511761,0.0,0,0.0,100,0.3500841628465734,0.0,0,25620.0,27.683999999999436,4.272500000000025,45.96970137523351,36.7728893175994,9.196812057634185,79.99375287961092,62.98016449312844,36.7728893175994,0.0,31.92340373280107,1.5,3,0.0,284,45.07042253521127,517,2562,,,0.0,0,,,,,,,,,,,,,,,
v3_base,C5,1014,1880,1877,78.20833333333333,99.84042553191489,0.25037191772011275,3.522208682511761,0.0,0,0.0,100,0.35304106925741563,0.0,0,22150.0,26.98999999999951,4.224305555555572,44.905215067330374,35.924584863526654,8.980630203803752,80.00091929113742,61.08990169043498,35.924584863526654,0.0,31.184177130090553,1.5,3,0.0,759,55.33596837944664,472,2215,,,22.62259756930871,2340,0.009667776739020816,0.0072841664659790695,0.023433902108808902,0.08490595797775313,45.80128205128205,146.60897435897436,27.224358974358974,0.0,21.496153846153845,0.0,0.0,0.0,0.0,0.0,0.0
v3_base,C1,1015,1838,1836,76.5,99.8911860718172,1.1288547341101567,52.04019391276973,0.3632089991497638,0,5.005440696409136,100,0.4126430066864472,0.0,0,110.0,22.07799999999994,3.8306944444444344,27.648517592879003,22.142643434770985,5.505874158108023,80.08618675626182,29.678888888888554,0.0,22.142643434770985,19.20035943949931,0.0,0,0.0,0,0.0,0,11,0.3,0.7,0.0,0,,,,,,,,,,,,,,,
v3_base,C2,1015,1838,1837,76.54166666666667,99.9455930359086,0.23137874795847185,3.5997132630852016,0.0,0,0.0,100,0.3544157332536434,0.0,0,26230.0,27.30199999999944,4.193472222222246,48.61033602868831,38.86975454588253,9.740581482805858,79.96191287989205,46.15250836855067,38.86975454588253,0.0,33.75717779770025,1.5,3,0.0,368,15.760869565217392,500,2623,,,0.0,0,,,,,,,,,,,,,,,
v3_base,C3,1015,1838,1837,76.54166666666667,99.9455930359086,0.23134423667517273,3.5997132630852016,0.0,0,0.0,100,0.3550026383622577,0.0,0,25580.0,27.171999999999464,4.184444444444468,48.39905018958718,38.73072676810472,9.668323421482519,80.0237331443282,50.631344746546105,38.73072676810472,0.0,33.61045152054666,1.5,3,0.0,386,61.13989637305699,471,2558,,,0.0,0,,,,,,,,,,,,,,,
v3_base,C4,1015,1838,1837,76.54166666666667,99.9455930359086,0.23131762123520055,3.5997132630852016,0.0,0,0.0,100,0.35456419506783676,0.0,0,26060.0,27.267999999999446,4.191111111111135,48.55688977557871,38.833393434771395,9.723496340807383,79.97504291204073,50.631344746546105,38.833393434771395,0.0,33.72006234415187,1.5,3,0.0,378,45.23809523809524,494,2606,,,0.0,0,,,,,,,,,,,,,,,
v3_base,C5,1015,1838,1837,76.54166666666667,99.9455930359086,0.23079259410460773,3.5997132630852016,0.0,0,0.0,100,0.3575081840598282,0.0,0,22630.0,26.581999999999532,4.143472222222239,47.497053738461815,37.99554772940752,9.501506009054312,79.99558864982768,49.42273283670865,37.99554772940752,0.0,32.984065096154055,1.5,3,0.0,824,48.907766990291265,455,2263,,,18.93915277341148,2371,0.007987833308060514,0.0068192919716238976,0.01887039651046507,0.16153929103165865,46.42977646562632,149.25601012231127,27.905946857865878,0.0,21.452129902994518,0.0,0.0,0.0,0.0,0.0,0.0
v3_base,C1,1016,1770,1766,73.58333333333333,99.77401129943503,1.9272154136901973,75.60661167474663,0.9825541395694434,0,10.056497175141244,100,0.43796351867039673,6.914215627485731,0,100.0,21.25999999999997,3.68888888888888,25.33313327865719,20.13225435479546,5.2008789238617315,79.47005265138917,29.678888888888544,0.0,20.13225435479546,17.592453665734162,0.0,0,34.57107813742866,0,0.0,0,10,0.3,0.7,0.0,0,,,,,,,,,,,,,,,
v3_base,C2,1016,1770,1766,73.58333333333333,99.77401129943503,0.16791747288406816,2.147405395475198,0.0,0,0.0,100,0.3792398608022819,0.0,0,25090.0,26.257999999999505,4.035972222222243,46.47365011117847,37.16977350542948,9.303876605749066,79.98031877528145,56.79697012358778,37.16977350542948,0.0,32.273368132762826,1.5,3,0.0,241,43.983402489626556,432,2509,,,0.0,0,,,,,,,,,,,,,,,
v3_base,C3,1016,1770,1766,73.58333333333333,99.77401129943503,0.16756233646689442,2.147405395475198,0.0,0,0.0,100,0.3793571951196146,0.0,0,24900.0,26.21999999999951,4.033333333333354,46.43140975693869,37.12920429023354,9.302205466705256,79.96570529432388,56.79697012358778,37.12920429023354,0.0,32.244034553429664,1.5,3,0.0,252,58.730158730158735,422,2490,,,0.0,0,,,,,,,,,,,,,,,
v3_base,C4,1016,1770,1766,73.58333333333333,99.77401129943503,0.16763049776648395,2.147405395475198,0.0,0,0.0,100,0.3792849340721141,0.0,0,25070.0,26.253999999999508,4.035694444444466,46.45742373403886,37.165072455021956,9.292351279016989,79.99813478204454,56.79697012358778,37.165072455021956,0.0,32.26209981530476,1.5,3,0.0,253,52.96442687747036,427,2507,,,0.0,0,,,,,,,,,,,,,,,
v3_base,C5,1016,1770,1766,73.58333333333333,99.77401129943503,0.16874707524664934,2.147405395475198,0.0,0,0.0,100,0.38246594199901257,0.0,0,21270.0,25.493999999999595,3.9829166666666804,45.31226088035547,36.224459952837066,9.087800927518414,79.94405763262566,56.20140128428993,36.224459952837066,0.0,31.4668478335802,1.5,3,0.0,871,60.73478760045924,405,2127,,,21.054488154419232,2448,0.008600689605563412,0.007166333496570587,0.020546616960200503,0.09256666601868346,47.794117647058826,151.4468954248366,28.425245098039216,0.0,21.636029411764707,0.0,0.0,0.0,0.0,0.0,0.0
v3_base,C1,1017,1771,1769,73.70833333333333,99.88706945228685,0.9211742146576731,55.78683620699073,0.34885827468013997,0,3.9525691699604737,100,0.4385726680131756,0.8575526061600491,0,100.0,21.27199999999997,3.6909722222222126,25.013839515256773,20.117970912368918,4.895868602887858,80.42736062210001,29.678888888888554,0.0,20.117970912368918,17.370721885594985,0.0,0,4.287763030800246,0,0.0,0,10,0.3,0.7,0.0,0,,,,,,,,,,,,,,,
v3_base,C2,1017,1771,1769,73.70833333333333,99.88706945228685,0.14631428291076704,2.2483927086457696,0.0,0,0.0,100,0.3850694988982757,0.0,0,26270.0,26.50599999999948,4.054444444444468,44.27498039662069,35.443859721883186,8.831120674737562,80.05392527421301,50.281705834718835,35.443859721883186,0.0,30.746514164319954,1.5,3,0.0,214,29.906542056074763,495,2627,,,0.0,0,,,,,,,,,,,,,,,
v3_base,C3,1017,1771,1769,73.70833333333333,99.88706945228685,0.14620846811859034,2.2483927086457696,0.0,0,0.0,100,0.38521752242296936,0.0,0,26010.0,26.453999999999485,4.050833333333356,44.221691927731015,35.388256446207826,8.833435481523246,80.02465510374599,52.0157058365052,35.388256446207826,0.0,30.709508283146555,1.5,3,0.0,242,52.47933884297521,495,2601,,,0.0,0,,,,,,,,,,,,,,,
v3_base,C4,1017,1771,1769,73.70833333333333,99.88706945228685,0.1459654491458666,2.2483927086457696,0.0,0,0.0,100,0.38517597248506713,0.0,0,26090.0,26.469999999999484,4.0519444444444686,44.23664990537575,35.39686646010075,8.839783445275065,80.01705946498276,52.0157058365052,35.39686646010075,0.0,30.719895767622084,1.5,3,0.0,222,40.090090090090094,498,2609,,,0.0,0,,,,,,,,,,,,,,,
v3_base,C5,1017,1771,1769,73.70833333333333,99.88706945228685,0.1467974222163696,2.2483927086457696,0.0,0,0.0,100,0.3888004776939368,0.0,0,21720.0,25.595999999999577,3.991250000000017,42.93182803018276,34.36062420800842,8.571203822174356,80.03531595219181,50.60921140328516,34.36062420800842,0.0,29.813769465404704,1.5,3,0.0,833,62.90516206482592,467,2172,,,22.10140311368741,2561,0.008629989501635068,0.007059374998789281,0.019837416999507695,0.19208816601894796,46.3588442014838,147.76024990238187,27.598594299101915,0.0,21.187036313939867,0.0,0.0,0.0,0.0,0.0,0.0
v3_base,C1,1018,1834,1830,76.25,99.78189749182116,1.2230319231614328,65.38079891879637,0.42088569439084195,0,7.088331515812429,100,0.4209290732346408,2.1692594079772607,0,100.0,22.027999999999935,3.822222222222212,25.065533635529324,20.12510424664628,4.940429388883043,80.28994929563281,29.678888888888554,0.0,20.12510424664628,17.406620580228694,0.0,0,10.846297039886304,0,0.0,0,10,0.3,0.7,0.0,0,,,,,,,,,,,,,,,
v3_base,C2,1018,1834,1829,76.20833333333333,99.72737186477644,0.1737625605509938,2.390875639311101,0.0,0,0.0,100,0.3651215308986503,0.0,0,26080.0,27.22399999999945,4.183055555555579,45.15624887648584,36.12444922859945,9.031799647886462,79.99878228904548,63.60599449307548,36.12444922859945,0.0,31.358506164226306,1.5,3,0.0,239,33.47280334728033,498,2608,,,0.0,0,,,,,,,,,,,,,,,
v3_base,C3,1018,1834,1829,76.20833333333333,99.72737186477644,0.17389441106968664,2.390875639311101,0.0,0,0.0,100,0.36535722072635785,0.0,0,25750.0,27.157999999999458,4.178472222222245,45.07140053851113,36.05374375470358,9.017656783807608,79.99250816246007,63.60599449307548,36.05374375470358,0.0,31.299583707299412,1.5,3,0.0,260,59.23076923076923,493,2575,,,0.0,0,,,,,,,,,,,,,,,
v3_base,C4,1018,1834,1829,76.20833333333333,99.72737186477644,0.17395847666843423,2.390875639311101,0.0,0,0.0,100,0.3652953238361739,0.0,0,25840.0,27.175999999999455,4.179722222222246,45.09368341897736,36.07312246161171,9.020560957365719,79.99595448091203,63.60599449307548,36.07312246161171,0.0,31.315057929845427,1.5,3,0.0,255,54.509803921568626,490,2584,,,0.0,0,,,,,,,,,,,,,,,
v3_base,C5,1018,1834,1829,76.20833333333333,99.72737186477644,0.17367690633406652,2.390875639311101,0.0,0,0.0,100,0.3686198739582045,0.0,0,22000.0,26.40799999999954,4.126388888888906,43.89684537504637,35.101623970477,8.795221404569384,79.96388731485223,63.60599449307548,35.101623970477,0.0,30.483920399337766,1.5,3,0.0,761,61.235216819973715,466,2200,,,24.68018031847896,2462,0.010024443671193728,0.007223437511129305,0.02730498609016644,0.17488758295075968,45.523964256701866,145.03493095044678,26.892770105605198,0.0,21.101137286758732,0.0,0.0,0.0,0.0,0.0,0.0
v3_base,C1,1019,1794,1787,74.45833333333333,99.6098104793757,0.9926252716099269,55.21295004119723,0.2643795592742912,0,1.727982162764774,100,0.4318630208484359,0.019451560780677633,0,100.0,21.54799999999996,3.738888888888879,25.12931249456308,20.13440435421962,4.994908140343464,80.12318028428295,29.678888888888554,0.0,20.13440435421962,17.450911454557698,0.0,0,0.09725780390338817,0,0.0,0,10,0.3,0.7,0.0,0,,,,,,,,,,,,,,,
v3_base,C2,1019,1794,1787,74.45833333333333,99.6098104793757,0.22175604605524643,4.845560543756922,0.0,0,0.0,100,0.3724591325178295,0.0,0,25560.0,26.639999999999496,4.092500000000019,46.514712293581326,37.203964118450585,9.310748175130799,79.98321882254112,55.03130636923087,37.203964118450585,0.0,32.30188353720925,1.5,3,0.0,306,33.006535947712415,460,2556,,,0.0,0,,,,,,,,,,,,,,,
v3_base,C3,1019,1794,1787,74.45833333333333,99.6098104793757,0.2218735914818126,4.845560543756922,0.0,0,0.0,100,0.3725926358429509,0.0,0,25380.0,26.6039999999995,4.090000000000019,46.46665109653767,37.1884423961682,9.278208700369511,80.03254273458754,56.318375563433,37.1884423961682,0.0,32.26850770592892,1.5,3,0.0,325,60.61538461538461,464,2538,,,0.0,0,,,,,,,,,,,,,,,
v3_base,C4,1019,1794,1787,74.45833333333333,99.6098104793757,0.2216884482715173,4.845560543756922,0.0,0,0.0,100,0.37253946141051675,0.0,0,25420.0,26.611999999999497,4.090555555555575,46.485793892213955,37.19587436741844,9.289919524795572,80.01557304509859,56.318375563433,37.19587436741844,0.0,32.28180131403746,1.5,3,0.0,312,50.96153846153846,467,2542,,,0.0,0,,,,,,,,,,,,,,,
v3_base,C5,1019,1794,1787,74.45833333333333,99.6098104793757,0.22108722559139085,4.845560543756922,0.0,0,0.0,100,0.37558580640332717,0.0,0,21840.0,25.895999999999574,4.040833333333347,45.38910969480226,36.32492076758753,9.06418892721472,80.0300358650729,54.762581150089005,36.32492076758753,0.0,31.520215065834897,1.5,3,0.0,849,57.4793875147232,432,2184,,,20.417909791111015,2434,0.008388623578928108,0.007060291507514194,0.020517929579364127,0.1545176250510849,46.848808545603944,149.73377156943303,28.027937551355794,0.0,21.383730484798686,0.0,0.0,0.0,0.0,0.0,0.0
v3_base,C1,1020,1795,1790,74.58333333333333,99.72144846796658,1.2929728779225655,68.4108129480473,0.49912361903224906,0,6.963788300835649,100,0.43167836731164844,1.4315600353524738,0,100.0,21.559999999999956,3.7409722222222124,25.09578776780657,20.137514042291944,4.958273725514623,80.242605765597,29.678888888888544,0.0,20.137514042291944,17.427630394310114,0.0,0,7.157800176762369,0,0.0,0,10,0.3,0.7,0.0,0,,,,,,,,,,,,,,,
v3_base,C2,1020,1795,1790,74.58333333333333,99.72144846796658,0.21364646075797872,3.1408062626396713,0.0,0,0.0,100,0.36934081204472535,0.0,0,26310.0,26.801999999999488,4.105000000000022,47.53730766389882,38.02108599333216,9.516221670566745,79.98157207840032,50.29185929214531,38.02108599333216,0.0,33.012019211040815,1.5,3,0.0,294,18.70748299319728,503,2631,,,0.0,0,,,,,,,,,,,,,,,
v3_base,C3,1020,1795,1790,74.58333333333333,99.72144846796658,0.2140126872013372,3.1408062626396713,0.0,0,0.0,100,0.36958580310947786,0.0,0,25920.0,26.723999999999496,4.099583333333355,47.44911088058792,37.93768757938783,9.51142330120017,79.95447517417793,52.22800557138174,37.93768757938783,0.0,32.950771444852734,1.5,3,0.0,304,53.94736842105263,502,2592,,,0.0,0,,,,,,,,,,,,,,,
v3_base,C4,1020,1795,1790,74.58333333333333,99.72144846796658,0.2139713690216707,3.1408062626396713,0.0,0,0.0,100,0.369585780071675,0.0,0,26020.0,26.74399999999949,4.100972222222243,47.44911917419695,37.959085088620554,9.49003408557649,79.99955689222337,52.22800557138174,37.959085088620554,0.0,32.950777204303456,1.5,3,0.0,293,44.36860068259386,498,2602,,,0.0,0,,,,,,,,,,,,,,,
v3_base,C5,1020,1795,1790,74.58333333333333,99.72144846796658,0.21424272610287853,3.1408062626396713,0.0,0,0.0,100,0.37214885844781465,0.0,0,22920.0,26.123999999999562,4.057916666666682,46.526410958786705,37.214475683897334,9.311935274889375,79.98570041618314,51.69771312897379,37.214475683897334,0.0,32.31000761026855,1.5,3,0.0,821,57.734470158343484,493,2292,,,20.699059057922568,2442,0.008476273160492452,0.006970062997424975,0.021163797890767447,0.1375412080087699,47.04545454545455,149.4066339066339,27.8992628992629,0.0,21.46887796887797,0.0,0.0,0.0,0.0,0.0,0.0
v3_base,C1,1021,1707,1702,70.91666666666667,99.7070884592853,0.9591768009876264,77.01767553819373,0.357891989190382,0,4.0421792618629215,100,0.4563324773451639,4.621810353429792,0,100.0,20.503999999999994,3.5576388888888797,25.02030815574097,20.122760418442525,4.897547737298449,80.42570976019458,29.678888888888554,0.0,20.122760418442525,17.37521399704234,0.0,0,23.10905176714896,0,0.0,0,10,0.3,0.7,0.0,0,,,,,,,,,,,,,,,
v3_base,C2,1021,1707,1702,70.91666666666667,99.7070884592853,0.14544105201053417,2.886443209682572,0.0,0,0.0,100,0.3979449535825838,0.0,0,25690.0,25.621999999999527,3.913055555555577,46.039816710269804,36.83772958072155,9.202087129548298,80.01276332732314,51.529151416417875,36.83772958072155,0.0,31.972094937687373,1.5,3,0.0,224,35.267857142857146,445,2569,,,0.0,0,,,,,,,,,,,,,,,
v3_base,C3,1021,1707,1702,70.91666666666667,99.7070884592853,0.14574334371967593,2.886443209682572,0.0,0,0.0,100,0.39827801765086945,0.0,0,25180.0,25.519999999999534,3.9059722222222435,45.91991364568693,36.72867406665973,9.191239579027286,79.98419672574776,52.382764603892475,36.72867406665973,0.0,31.88882892061592,1.5,3,0.0,252,65.07936507936508,439,2518,,,0.0,0,,,,,,,,,,,,,,,
v3_base,C4,1021,1707,1702,70.91666666666667,99.7070884592853,0.1453851809141417,2.886443209682572,0.0,0,0.0,100,0.39819308534096,0.0,0,25370.0,25.557999999999534,3.9086111111111324,45.950489277254334,36.76919424982887,9.181295027425554,80.01915720194465,52.382764603892475,36.76919424982887,0.0,31.910061998093322,1.5,3,0.0,243,48.559670781893004,440,2537,,,0.0,0,,,,,,,,,,,,,,,
v3_base,C5,1021,1707,1702,70.91666666666667,99.7070884592853,0.14671310863206402,2.886443209682572,0.0,0,0.0,100,0.4016028467715385,0.0,0,21120.0,24.70799999999963,3.849583333333347,44.72297516224615,35.74605209380937,8.976923068436792,79.92771492533699,52.382764603892475,35.74605209380937,0.0,31.057621640448723,1.5,3,0.0,953,67.0514165792235,434,2112,,,22.113966534030624,2470,0.008953022888271508,0.007132103986805305,0.02183859537472017,0.11292358295759186,50.15587044534413,155.56194331983806,29.32591093117409,0.0,21.653036437246964,0.0,0.0,0.0,0.0,0.0,0.0
v3_base,C1,1022,1810,1808,75.33333333333333,99.88950276243094,0.9209334250226466,57.09770161095651,0.29208045128448995,0,1.6574585635359074,100,0.42023765315880723,0.19360188145610058,0,110.0,21.741999999999948,3.7723611111111013,27.7144448628294,22.131045214658684,5.58339964817072,79.8538282985449,29.678888888888554,0.0,22.131045214658684,19.24614226585375,0.0,0,0.9680094072805029,0,0.0,0,11,0.3,0.7,0.0,0,,,,,,,,,,,,,,,
v3_base,C2,1022,1810,1809,75.375,99.94475138121547,0.254102413111793,5.169777733259627,0.0,0,0.0,100,0.36897001498337556,0.0,0,25890.0,26.89799999999947,4.130416666666688,46.17079460598475,36.92281358896586,9.247981017018983,79.97006311903466,46.28054383006651,36.92281358896586,0.0,32.06305180971168,1.5,3,0.0,238,26.05042016806723,492,2589,,,0.0,0,,,,,,,,,,,,,,,
v3_base,C3,1022,1810,1809,75.375,99.94475138121547,0.25424684705185047,5.169777733259627,0.0,0,0.0,100,0.36944807098130994,0.0,0,25360.0,26.791999999999476,4.1230555555555775,45.99869444672836,36.809451124201345,9.189243322527084,80.02281709719135,49.930243807173916,36.809451124201345,0.0,31.94353781022806,1.5,3,0.0,310,52.903225806451616,481,2536,,,0.0,0,,,,,,,,,,,,,,,
v3_base,C4,1022,1810,1809,75.375,99.94475138121547,0.2540986385857464,5.169777733259627,0.0,0,0.0,100,0.3692371234637847,0.0,0,25520.0,26.823999999999472,4.1252777777778,46.07463555303747,36.84367334642357,9.230962206613984,79.96519756301068,49.930243807173916,36.84367334642357,0.0,31.99627468960938,1.5,3,0.0,308,41.23376623376623,495,2552,,,0.0,0,,,,,,,,,,,,,,,
v3_base,C5,1022,1810,1809,75.375,99.94475138121547,0.254884627095655,5.169777733259627,0.0,0,0.0,100,0.3722541843952071,0.0,0,21750.0,26.06999999999956,4.072916666666682,44.98849361772547,35.973071184637455,9.01542243308803,79.96060390531517,48.37411809499857,35.973071184637455,0.0,31.242009456753802,1.5,3,0.0,875,57.14285714285714,447,2175,,,21.92768586060265,2438,0.008994128736916593,0.007070437481161207,0.02291366701538209,0.14947737497277558,46.292042657916326,149.11853978671041,27.926579163248565,0.0,21.41509433962264,0.0,0.0,0.0,0.0,0.0,0.0
v3_base,C1,1023,1750,1746,72.75,99.77142857142857,0.9633258338837973,85.91744117973843,0.3939524484683673,0,3.8285714285714256,100,0.44409506930613213,5.859545429825982,0,100.0,21.01999999999998,3.647222222222213,25.125775049792452,20.12276235025604,5.003012699536409,80.08812588020946,29.678888888888554,0.0,20.12276235025604,17.448454895689203,0.0,0,29.29772714912991,0,0.0,0,10,0.3,0.7,0.0,0,,,,,,,,,,,,,,,
v3_base,C2,1023,1750,1746,72.75,99.77142857142857,0.23090773062856923,4.0074252612272785,0.0,0,0.0,100,0.3957305323379035,0.0,0,24260.0,25.851999999999535,3.9827777777777977,42.537008358354676,34.028448919951906,8.508559438402834,79.99727821307488,60.12329462247801,34.028448919951906,0.0,29.53958913774634,1.5,3,0.0,203,28.078817733990146,432,2426,,,0.0,0,,,,,,,,,,,,,,,
v3_base,C3,1023,1750,1746,72.75,99.77142857142857,0.2309346050265189,4.0074252612272785,0.0,0,0.0,100,0.39615655553448514,4.7369515717340015e-17,0,23860.0,25.77199999999954,3.9772222222222418,42.38364000758534,33.94289336439634,8.440746643189058,80.08489445059845,60.12329462247801,33.94289336439634,0.0,29.433083338600962,1.5,3,2.3684757858670006e-16,207,61.83574879227053,425,2386,,,0.0,0,,,,,,,,,,,,,,,
v3_base,C4,1023,1750,1746,72.75,99.77142857142857,0.23078985701856528,4.0074252612272785,0.0,0,0.0,100,0.3960405570655153,4.7369515717340015e-17,0,23930.0,25.78599999999954,3.9781944444444646,42.42539945641448,33.95786558661856,8.467533869795988,80.04135735128433,60.12329462247801,33.95786558661856,0.0,29.462082955843442,1.5,3,2.3684757858670006e-16,192,48.95833333333333,431,2393,,,0.0,0,,,,,,,,,,,,,,,
v3_base,C5,1023,1750,1746,72.75,99.77142857142857,0.2305142099485436,4.0074252612272785,0.0,0,0.0,100,0.39943891133294906,9.473903143468003e-17,0,20010.0,25.001999999999622,3.9237500000000143,41.201991920138276,32.96990568550434,8.232086234633975,80.02017414451667,59.93456220371415,32.96990568550434,0.0,28.61249438898495,1.5,3,4.736951571734001e-16,888,65.31531531531532,430,2001,,,21.470240033988375,2403,0.00893476489138093,0.0071436670259572566,0.021085304662119598,0.14136612502625212,49.20724094881398,154.67665418227216,29.14481897627965,0.0,21.839783603828547,0.0,0.0,0.0,0.0,0.0,0.0
v3_base,C1,1024,1749,1745,72.70833333333333,99.77129788450543,0.6905515661972644,66.73665254067315,0.27254939153352176,0,0.6289308176100628,100,0.4442254265108718,3.785814088944911,0,100.0,21.007999999999978,3.645138888888879,25.178846456086127,20.132781732759515,5.046064723326611,79.95911078719456,29.678888888888554,0.0,20.132781732759515,17.4853100389487,0.0,0,18.929070444724555,0,0.0,0,10,0.3,0.7,0.0,0,,,,,,,,,,,,,,,
v3_base,C2,1024,1749,1745,72.70833333333333,99.77129788450543,0.1490451690191773,2.5666726350612104,0.0,0,0.0,100,0.38772582760315716,0.0,0,26000.0,26.187999999999505,4.004861111111133,45.5187020628634,36.41667724995217,9.102024812911283,80.00376899951823,55.653472003833635,36.41667724995217,0.0,31.61020976587737,1.5,3,0.0,257,27.237354085603112,508,2600,,,0.0,0,,,,,,,,,,,,,,,
v3_base,C3,1024,1749,1745,72.70833333333333,99.77129788450543,0.14929444975094344,2.5666726350612104,0.0,0,0.0,100,0.3882101791984893,0.0,0,25420.0,26.071999999999516,3.996805555555577,45.34433548854378,36.27271685165785,9.071618636886015,79.99393190098051,57.66502874513297,36.27271685165785,0.0,31.48912186704431,1.5,3,0.0,273,54.94505494505495,496,2542,,,0.0,0,,,,,,,,,,,,,,,
v3_base,C4,1024,1749,1745,72.70833333333333,99.77129788450543,0.14943881929396488,2.5666726350612104,0.0,0,0.0,100,0.3882740288403605,0.0,0,25510.0,26.089999999999513,3.9980555555555766,45.32134961747015,36.26461284154074,9.05673677592949,80.0166216311478,57.66502874513297,36.26461284154074,0.0,31.473159456576525,1.5,3,0.0,274,44.89051094890511,499,2551,,,0.0,0,,,,,,,,,,,,,,,
v3_base,C5,1024,1749,1745,72.70833333333333,99.77129788450543,0.15050590576599282,2.5666726350612104,0.0,0,0.0,100,0.39133797205928084,0.0,0,21760.0,25.3399999999996,3.945972222222237,44.21833005865888,35.353070148087866,8.865259910571044,79.95116527736215,57.426139856244085,35.353070148087866,0.0,30.707173651846468,1.5,3,0.0,902,58.42572062084257,487,2176,,,22.98924329300644,2488,0.009240049555066897,0.007161833462305367,0.02180334768781905,0.2021078749676235,47.9903536977492,152.21422829581994,28.60128617363344,0.0,21.65434083601286,0.0,0.0,0.0,0.0,0.0,0.0
v3_base,C1,1025,1778,1772,73.83333333333333,99.66254218222723,0.657022076672781,61.70863320414458,0.2612312554332632,0,0.8436445444319429,100,0.43617643564367564,2.179826418086741,0,100.0,21.355999999999966,3.705555555555546,25.17648316827676,20.1358588084214,5.04062435985536,79.97883848127478,29.675780403311858,0.0,20.1358588084214,17.483668866858864,0.0,0,10.899132090433705,0,0.0,0,10,0.3,0.7,0.0,0,,,,,,,,,,,,,,,
v3_base,C2,1025,1778,1772,73.83333333333333,99.66254218222723,0.19510986977347344,3.7918534805214827,0.0,0,0.0,100,0.37910699387337954,0.0,0,25550.0,26.4459999999995,4.059027777777798,45.72148220558334,36.57274150469894,9.14874070088446,79.99027971195738,53.97657067939991,36.57274150469894,0.0,31.751029309432873,1.5,3,0.0,276,34.78260869565217,486,2555,,,0.0,0,,,,,,,,,,,,,,,
v3_base,C3,1025,1778,1772,73.83333333333333,99.66254218222723,0.19512811439119304,3.7918534805214827,0.0,0,0.0,100,0.37890511078418365,0.0,0,25360.0,26.407999999999507,4.056388888888909,45.79416011769386,36.61130498772014,9.18285512997379,79.94754111359786,54.821570679399926,36.61130498772014,0.0,31.80150008173186,1.5,3,0.0,295,63.72881355932203,482,2536,,,0.0,0,,,,,,,,,,,,,,,
v3_base,C4,1025,1778,1772,73.83333333333333,99.66254218222723,0.19503269856978106,3.7918534805214827,0.0,0,0.0,100,0.3790608476561007,0.0,0,25280.0,26.39199999999951,4.055277777777798,45.738094843803715,36.592227466358075,9.145867377445693,80.00382961144552,54.821570679399926,36.592227466358075,0.0,31.762565863752585,1.5,3,0.0,290,45.86206896551724,477,2528,,,0.0,0,,,,,,,,,,,,,,,
v3_base,C5,1025,1778,1772,73.83333333333333,99.66254218222723,0.1954827767297074,3.7918534805214827,0.0,0,0.0,100,0.3821586861426211,0.0,0,21560.0,25.64799999999959,4.003611111111125,44.62287298865637,35.6886207815097,8.934252207146674,79.97831244658349,54.78521662913411,35.6886207815097,0.0,30.988106242122484,1.5,3,0.0,838,59.546539379474936,460,2156,,,20.629541617876384,2389,0.008635220434439676,0.007057207985781133,0.021220633364282548,0.1622369580436498,48.81121808287987,152.20845542067812,28.486814566764338,0.0,21.690665550439515,0.0,0.0,0.0,0.0,0.0,0.0
v3_base,C1,1026,1715,1710,71.25,99.70845481049562,0.882740710112946,52.82990193334099,0.2764171226977648,0,1.865889212827987,100,0.45386989334528793,0.0,0,100.0,20.59999999999999,3.5743055555555463,25.10683839569634,20.1215292871435,4.985309108552837,80.14362051492955,29.678888888888544,0.0,20.1215292871435,17.43530444145579,0.0,0,0.0,0,0.0,0,10,0.3,0.7,0.0,0,,,,,,,,,,,,,,,
v3_base,C2,1026,1715,1710,71.25,99.70845481049562,0.16733047575984178,3.3519587603881518,0.0,0,0.0,100,0.39460634908280284,0.0,0,25340.0,25.64799999999953,3.9248611111111313,46.4417143301909,37.153334842699486,9.288379487491518,79.99992114534582,50.46056938219737,37.153334842699486,0.0,32.251190507077055,1.5,3,0.0,294,25.850340136054424,438,2534,,,0.0,0,,,,,,,,,,,,,,,
v3_base,C3,1026,1715,1710,71.25,99.70845481049562,0.1670750930969541,3.3519587603881518,0.0,0,0.0,100,0.39482701154217126,0.0,0,24940.0,25.56799999999954,3.9193055555555754,46.362275844818285,37.067779287143935,9.294496557674451,79.95245835475275,51.02390271553071,37.067779287143935,0.0,32.196024892234945,1.5,3,0.0,297,51.515151515151516,435,2494,,,0.0,0,,,,,,,,,,,,,,,
v3_base,C4,1026,1715,1710,71.25,99.70845481049562,0.16721069116615866,3.3519587603881518,0.0,0,0.0,100,0.39488347860668715,0.0,0,25080.0,25.595999999999535,3.9212500000000197,46.341947701592595,37.097723731588374,9.24422397000431,80.05214621204509,51.02390271553071,37.097723731588374,0.0,32.181908126105995,1.5,3,0.0,290,48.62068965517241,434,2508,,,0.0,0,,,,,,,,,,,,,,,
v3_base,C5,1026,1715,1710,71.25,99.70845481049562,0.16768916208418716,3.3519587603881518,0.0,0,0.0,100,0.3977916828315031,0.0,0,21220.0,24.82399999999963,3.867638888888902,45.29499418065888,36.21283448313593,9.082159697522949,79.94886662023004,50.883483949954986,36.21283448313593,0.0,31.454857069901998,1.5,3,0.0,961,57.8563995837669,414,2122,,,19.67747029842576,2484,0.007921686915630338,0.006911625008797273,0.019092840148368852,0.08995941694593057,49.221014492753625,155.0390499194847,29.29951690821256,0.0,21.613123993558776,0.0,0.0,0.0,0.0,0.0,0.0
v3_base,C1,1027,1772,1768,73.66666666666667,99.77426636568849,0.9163256199230169,52.51673682003299,0.2861528645381147,0,2.8216704288939076,100,0.4382044600747762,0.0,0,100.0,21.283999999999967,3.693055555555546,25.04639437308056,20.12220964422287,4.9241847288576865,80.3397460907582,29.678888888888554,0.0,20.12220964422287,17.393329425750387,0.0,0,0.0,0,0.0,0,10,0.3,0.7,0.0,0,,,,,,,,,,,,,,,
v3_base,C2,1027,1772,1768,73.66666666666667,99.77426636568849,0.1940288477150347,3.008861510051793,0.0,0,0.0,100,0.37811399289135156,0.0,0,26300.0,26.523999999999482,4.056944444444467,46.67896255911339,37.348676879336,9.330285679777479,80.01179724600416,49.17603219575294,37.348676879336,0.0,32.41594622160656,1.5,3,0.0,277,28.880866425992778,504,2630,,,0.0,0,,,,,,,,,,,,,,,
v3_base,C3,1027,1772,1768,73.66666666666667,99.77426636568849,0.1943836495829678,3.008861510051793,0.0,0,0.0,100,0.37842430383174314,0.0,0,25870.0,26.43799999999949,4.050972222222245,46.567250620572445,37.25668115969737,9.310569460875158,80.00618602816579,50.30269886241962,37.25668115969737,0.0,32.33836848650868,1.5,3,0.0,294,56.80272108843537,504,2587,,,0.0,0,,,,,,,,,,,,,,,
v3_base,C4,1027,1772,1768,73.66666666666667,99.77426636568849,0.19434727819938805,3.008861510051793,0.0,0,0.0,100,0.3783912640917182,0.0,0,26020.0,26.467999999999485,4.053055555555578,46.579144926981385,37.2885771468003,9.290567780181163,80.05423286592055,50.30269886241962,37.2885771468003,0.0,32.3466284215149,1.5,3,0.0,297,50.505050505050505,504,2602,,,0.0,0,,,,,,,,,,,,,,,
v3_base,C5,1027,1772,1768,73.66666666666667,99.77426636568849,0.1945548167820304,3.008861510051793,0.0,0,0.0,100,0.38198726092528595,0.0,0,21630.0,25.589999999999584,3.9920833333333476,45.28458606689705,36.24149960609908,9.04308646079798,80.03054185492833,49.681661317819334,36.24149960609908,0.0,31.44762921312295,1.5,3,0.0,913,57.61226725082147,451,2163,,,21.55221066228114,2490,0.008655506290072747,0.007068478997098282,0.020804894075263255,0.097513250017073,47.16265060240964,150.69036144578314,28.283132530120483,0.0,21.64457831325301,0.0,0.0,0.0,0.0,0.0,0.0
v3_base,C1,1028,1752,1749,72.875,99.82876712328768,0.901430643514098,52.36564201832856,0.2892837197600257,0,2.4543378995433796,100,0.44322797298089267,0.0,0,100.0,21.043999999999976,3.6513888888888797,25.237929726878644,20.125118412952702,5.112811313925938,79.74155816560204,29.678888888888554,0.0,20.125118412952702,17.52634008811017,0.0,0,0.0,0,0.0,0,10,0.3,0.7,0.0,0,,,,,,,,,,,,,,,
v3_base,C2,1028,1752,1749,72.875,99.82876712328768,0.20297646497202396,2.938794138768056,0.0,0,0.0,100,0.3897049036540844,0.0,0,25250.0,26.073999999999494,4.000694444444469,44.50623468452956,35.60131701270761,8.904917671822032,79.99175231303647,53.65456448159366,35.60131701270761,0.0,30.907107419812213,1.5,3,0.0,245,13.46938775510204,482,2525,,,0.0,0,,,,,,,,,,,,,,,
v3_base,C3,1028,1752,1749,72.875,99.82876712328768,0.2029968383184294,2.938794138768056,0.0,0,0.0,100,0.3898167518325571,0.0,0,24980.0,26.019999999999502,3.996944444444468,44.46596934027941,35.582043452784546,8.883925887494966,80.02084286185261,55.398580523567,35.582043452784546,0.0,30.87914537519407,1.5,3,0.0,263,54.752851711026615,475,2498,,,0.0,0,,,,,,,,,,,,,,,
v3_base,C4,1028,1752,1749,72.875,99.82876712328768,0.20300876683905872,2.938794138768056,0.0,0,0.0,100,0.3898533579043553,0.0,0,25030.0,26.029999999999497,3.997638888888913,44.45279115443205,35.57322318258468,8.879567971847473,80.02472343975175,55.398580523567,35.57322318258468,0.0,30.869993857244488,1.5,3,0.0,259,42.084942084942085,482,2503,,,0.0,0,,,,,,,,,,,,,,,
v3_base,C5,1028,1752,1749,72.875,99.82876712328768,0.20307792484782758,2.938794138768056,0.0,0,0.0,100,0.39320026829355836,0.0,0,21100.0,25.243999999999595,3.9430555555555715,43.24790341431898,34.59895185640894,8.648951557910063,80.00145469468826,54.46662665913149,34.59895185640894,0.0,30.03326625994375,1.5,3,0.0,908,60.57268722466961,457,2110,,,19.76587397622643,2487,0.00794767751356109,0.007020374992862344,0.01820716693182475,0.0994673750246875,47.91314837153197,152.4744672295939,28.727382388419784,0.0,21.56292722155207,0.0,0.0,0.0,0.0,0.0,0.0
v3_base,C1,1029,1822,1818,75.75,99.78046103183314,1.005304570113949,52.36564201832856,0.3593106289665046,0,3.841931942919863,100,0.41706385386665057,0.0,0,110.0,21.885999999999946,3.797361111111101,27.6570126080058,22.150753153969312,5.50625945403649,80.09091027986658,29.678888888888554,0.0,22.150753153969312,19.20625875555958,0.0,0,0.0,0,0.0,0,11,0.3,0.7,0.0,0,,,,,,,,,,,,,,,
v3_base,C2,1029,1822,1819,75.79166666666667,99.83534577387486,0.18254931406002878,3.0085599974877066,0.0,0,0.0,100,0.36215963219581104,0.0,0,26710.0,27.205999999999456,4.1668055555555785,47.42253240950799,37.924280931747504,9.49825147776054,79.97101589653586,47.25972393686374,37.924280931747504,0.0,32.93231417326946,1.5,3,0.0,288,23.61111111111111,537,2671,,,0.0,0,,,,,,,,,,,,,,,
v3_base,C3,1029,1822,1819,75.79166666666667,99.83534577387486,0.18256372157985715,3.0085599974877066,0.0,0,0.0,100,0.3626648367947711,0.0,0,26120.0,27.087999999999465,4.158611111111133,47.240658753882364,37.79808648730305,9.442572266579367,80.01176843072008,51.433118307215786,37.79808648730305,0.0,32.80601302352947,1.5,3,0.0,327,52.59938837920489,519,2612,,,0.0,0,,,,,,,,,,,,,,,
v3_base,C4,1029,1822,1819,75.79166666666667,99.83534577387486,0.18265339071419948,3.0085599974877066,0.0,0,0.0,100,0.3624465534613379,0.0,0,26390.0,27.141999999999456,4.162361111111134,47.31924075391832,37.855836487303044,9.463404266615324,80.00093806274428,51.433118307215786,37.855836487303044,0.0,32.86058385688775,1.5,3,0.0,311,45.98070739549839,532,2639,,,0.0,0,,,,,,,,,,,,,,,
v3_base,C5,1029,1822,1819,75.79166666666667,99.83534577387486,0.1821229706550447,3.0085599974877066,0.0,0,0.0,100,0.3652006634204015,0.0,0,22880.0,26.439999999999543,4.113611111111127,46.32776116865544,37.03911195895744,9.288649209698015,79.95014441582266,51.433118307215786,37.03911195895744,0.0,32.172056367121854,1.5,3,0.0,818,60.51344743276283,477,2288,,,22.10883900464978,2478,0.0089220496386803,0.007081541494699195,0.020502908123307878,0.1218649169895798,45.653753026634384,146.87409200968523,27.378934624697337,0.0,21.30185633575464,0.0,0.0,0.0,0.0,0.0,0.0
v3_base,C1,1030,1800,1798,74.91666666666667,99.8888888888889,0.6329555491424413,52.99699893435172,0.2503195301450341,0,0.5555555555555536,100,0.4301346712992179,0.0,0,100.0,21.619999999999955,3.7513888888888793,25.151518332281576,20.129154050513556,5.022364281768019,80.03156622428676,29.678888888888544,0.0,20.129154050513556,17.46633217519554,0.0,0,0.0,0,0.0,0,10,0.3,0.7,0.0,0,,,,,,,,,,,,,,,
v3_base,C2,1030,1800,1798,74.91666666666667,99.8888888888889,0.2019005729372738,3.293035727416403,0.0,0,0.0,100,0.37296007118723484,0.0,0,25870.0,26.77399999999948,4.1093055555555775,45.7343743725954,36.59542620741276,9.138948165182704,80.01733206028328,49.18384608448654,36.59542620741276,0.0,31.759982203191264,1.5,3,0.0,301,20.59800664451827,489,2587,,,0.0,0,,,,,,,,,,,,,,,
v3_base,C3,1030,1800,1798,74.91666666666667,99.8888888888889,0.20216031066330065,3.293035727416403,0.0,0,0.0,100,0.3732746493573281,0.0,0,25370.0,26.673999999999488,4.102361111111133,45.621126231361835,36.50437856126377,9.116747670098123,80.01639059968923,50.712835158880395,36.50437856126377,0.0,31.681337660667964,1.5,3,0.0,298,54.0268456375839,476,2537,,,0.0,0,,,,,,,,,,,,,,,
v3_base,C4,1030,1800,1798,74.91666666666667,99.8888888888889,0.2019402974292182,3.293035727416403,0.0,0,0.0,100,0.37313942518703713,0.0,0,25610.0,26.721999999999483,4.105694444444468,45.66980693266661,36.54111301385935,9.128693918807317,80.0115338077383,50.712835158880395,36.54111301385935,0.0,31.71514370324072,1.5,3,0.0,303,48.51485148514851,484,2561,,,0.0,0,,,,,,,,,,,,,,,
v3_base,C5,1030,1800,1798,74.91666666666667,99.8888888888889,0.20159561689845948,3.293035727416403,0.0,0,0.0,100,0.3759522636642224,0.0,0,22170.0,26.03399999999956,4.057916666666683,44.657185080879934,35.71454747574449,8.942637605135461,79.97491873045922,50.712835158880395,35.71454747574449,0.0,31.011934083944404,1.5,3,0.0,862,55.22041763341067,458,2217,,,22.18404705892317,2404,0.00922797298624092,0.007241688028443605,0.02287751252297312,0.0958842079853639,48.26331114808652,152.24708818635608,28.55241264559068,0.0,21.755823627287853,0.0,0.0,0.0,0.0,0.0,0.0
v3_base,C1,1031,1775,1773,73.875,99.88732394366198,2.6281549398263206,94.96077244414725,1.575349659813498,0,12.732394366197186,100,0.4367841731917991,9.11582532631425,0,100.0,21.319999999999965,3.699305555555546,25.257697650952323,20.13427308938119,5.1234245615711345,79.71539357080728,29.678888888888554,0.0,20.13427308938119,17.540067813161336,0.0,0,45.57912663157125,0,0.0,0,10,0.3,0.7,0.0,0,,,,,,,,,,,,,,,
v3_base,C2,1031,1775,1773,73.875,99.88732394366198,0.2420179770125537,4.2083959100495125,0.0,0,0.0,100,0.3839023822224733,0.0,0,24670.0,26.23399999999952,4.040555555555576,44.29514239990957,35.44543975604826,8.849702643861393,80.02105385741038,51.83937670649429,35.44543975604826,0.0,30.760515555492773,1.5,3,0.0,297,30.303030303030305,447,2467,,,0.0,0,,,,,,,,,,,,,,,
v3_base,C3,1031,1775,1773,73.875,99.88732394366198,0.2423355478312753,4.2083959100495125,0.0,0,0.0,100,0.38418737842276374,0.0,0,24290.0,26.15799999999952,4.0352777777777975,44.19254376780502,35.36416197827047,8.828381789534632,80.0229155490113,55.24710103159241,35.36416197827047,0.0,30.689266505420186,1.5,3,0.0,298,58.38926174496645,446,2429,,,0.0,0,,,,,,,,,,,,,,,
v3_base,C4,1031,1775,1773,73.875,99.88732394366198,0.2423682270885722,4.2083959100495125,0.0,0,0.0,100,0.3841701551284321,0.0,0,24350.0,26.16999999999952,4.036111111111132,44.1987441537644,35.37699531160381,8.821748842160645,80.04072511320608,55.24710103159241,35.37699531160381,0.0,30.69357232900304,1.5,3,0.0,294,46.25850340136054,442,2435,,,0.0,0,,,,,,,,,,,,,,,
v3_base,C5,1031,1775,1773,73.875,99.88732394366198,0.2419750220011729,4.2083959100495125,0.0,0,0.0,100,0.38705940531282107,0.0,0,20700.0,25.4399999999996,3.9854166666666813,43.1586140873844,34.53447822136568,8.624135866018747,80.01757922866291,54.99938658786295,34.53447822136568,0.0,29.971259782905843,1.5,3,0.0,902,60.75388026607539,406,2070,,,21.990437005006243,2351,0.00935365249043226,0.0074770000064745545,0.022408249496947974,0.10021712497109547,49.20459378987665,155.26839642705232,29.253509145044664,0.0,21.86558911101659,0.0,0.0,0.0,0.0,0.0,0.0
v3_base,C1,1032,1743,1742,72.58333333333333,99.94262765347102,0.9382513073633173,55.8987456865696,0.3093013008204192,0,3.1554790590935133,100,0.44623735296631306,0.0,0,100.0,20.93599999999998,3.6326388888888794,25.054552932127322,20.137541572285837,4.917011359841483,80.37477909439595,29.676268519012407,0.0,20.137541572285837,17.398995091755083,0.0,0,0.0,0,0.0,0,10,0.3,0.7,0.0,0,,,,,,,,,,,,,,,
v3_base,C2,1032,1743,1742,72.58333333333333,99.94262765347102,0.2988316369305463,4.610338213048453,0.0,0,0.0,100,0.39605737836870564,2.3684757858670008e-17,0,24250.0,25.76599999999954,3.9680555555555754,43.11934378726593,34.497652683397334,8.621691103868638,80.00505029388975,56.5432932916878,34.497652683397334,0.0,29.943988741156907,1.5,3,1.1842378929335003e-16,193,23.83419689119171,433,2425,,,0.0,0,,,,,,,,,,,,,,,
v3_base,C3,1032,1743,1742,72.58333333333333,99.94262765347102,0.2989017580952756,4.610338213048453,0.0,0,0.0,100,0.3964726720154065,2.3684757858670008e-17,0,23690.0,25.65399999999955,3.9602777777777973,42.96983807445366,34.377874905619535,8.591963168834141,80.00466477451727,56.997935185679296,34.377874905619535,0.0,29.84016532948172,1.5,3,1.1842378929335003e-16,218,56.88073394495413,417,2369,,,0.0,0,,,,,,,,,,,,,,,
v3_base,C4,1032,1743,1742,72.58333333333333,99.94262765347102,0.2992030941563968,4.610338213048453,0.0,0,0.0,100,0.39629499009151115,2.3684757858670008e-17,0,23940.0,25.70399999999954,3.9637500000000196,43.03380356705597,34.431347127841775,8.602456439214235,80.01000207706551,56.997935185679296,34.431347127841775,0.0,29.884585810455555,1.5,3,1.1842378929335003e-16,214,41.1214953271028,423,2394,,,0.0,0,,,,,,,,,,,,,,,
v3_base,C5,1032,1743,1742,72.58333333333333,99.94262765347102,0.29852354992347196,4.610338213048453,0.0,0,0.0,100,0.3998640963501734,0.0,0,19690.0,24.85399999999962,3.9047222222222366,41.748925313937555,33.406741575413086,8.342183738524495,80.018207233374,55.955095774076014,33.406741575413086,0.0,28.99230924578999,1.5,3,0.0,925,65.4054054054054,389,1969,,,22.36281434353441,2397,0.009329501186288865,0.007445291965268552,0.022628708579577488,0.12781570805236697,49.91864831038799,156.02836879432624,29.405506883604506,0.0,22.074259491030453,0.0,0.0,0.0,0.0,0.0,0.0
v3_base,C1,1033,1824,1816,75.66666666666667,99.56140350877193,1.3393403662431451,72.54595444436042,0.4676147361091252,0,7.949561403508776,100,0.4234781265689895,4.380067374594776,0,100.0,21.907999999999944,3.801388888888879,25.147874435163793,20.13237977594239,5.015494659221403,80.05598973323832,29.678888888888554,0.0,20.13237977594239,17.46380169108597,0.0,0,21.90033687297388,0,0.0,0,10,0.3,0.7,0.0,0,,,,,,,,,,,,,,,
v3_base,C2,1033,1824,1816,75.66666666666667,99.56140350877193,0.20927054161998088,3.030853396520615,0.0,0,0.0,100,0.3706116245787642,0.0,0,25450.0,26.97799999999946,4.153472222222246,44.17981515164487,35.31462977594279,8.865185375702128,79.93385589035898,62.47955287717394,35.31462977594279,0.0,30.680427188642266,1.5,3,0.0,232,33.62068965517241,494,2545,,,0.0,0,,,,,,,,,,,,,,,
v3_base,C3,1033,1824,1816,75.66666666666667,99.56140350877193,0.2091321326282349,3.030853396520615,0.0,0,0.0,100,0.3710801085439327,0.0,0,24920.0,26.871999999999478,4.146111111111134,44.01116092418418,35.20126866483168,8.809892259352576,79.9825951546044,66.61648403539444,35.20126866483168,0.0,30.563306197350165,1.5,3,0.0,232,69.82758620689656,474,2492,,,0.0,0,,,,,,,,,,,,,,,
v3_base,C4,1033,1824,1816,75.66666666666667,99.56140350877193,0.20933241378922288,3.030853396520615,0.0,0,0.0,100,0.37089490004330894,0.0,0,25130.0,26.913999999999472,4.149027777777801,44.07783598440874,35.24618533149834,8.831650652910476,79.96351123944845,66.61648403539444,35.24618533149834,0.0,30.609608322506087,1.5,3,0.0,234,50.427350427350426,487,2513,,,0.0,0,,,,,,,,,,,,,,,
v3_base,C5,1033,1824,1816,75.66666666666667,99.56140350877193,0.20984426775726456,3.030853396520615,0.0,0,0.0,100,0.3742842800433047,0.0,0,21250.0,26.137999999999554,4.095138888888906,42.85765918441029,34.298694192211116,8.558964992199195,80.02932228432918,64.1736796161945,34.298694192211116,0.0,29.762263322507156,1.5,3,0.0,836,67.70334928229666,486,2125,,,24.15733739832649,2436,0.009916805171726802,0.007446854520821944,0.026152228732826188,0.18175345798954368,46.51477832512315,148.78653530377667,27.777093596059114,0.0,21.48481116584565,0.0,0.0,0.0,0.0,0.0,0.0
v3_base,C1,1034,1777,1776,74.0,99.94372537985369,0.9097044260396756,53.241576345368536,0.36940112646334955,0,3.320202588632526,100,0.43664052731651226,0.0,0,100.0,21.343999999999966,3.7034722222222127,25.109410166055582,20.13632624009135,4.973083925964234,80.19434190976278,29.678888888888554,0.0,20.13632624009135,17.437090393094156,0.0,0,0.0,0,0.0,0,10,0.3,0.7,0.0,0,,,,,,,,,,,,,,,
v3_base,C2,1034,1777,1776,74.0,99.94372537985369,0.20349826708766555,4.280564230390155,0.0,0,0.0,100,0.38250259012147186,0.0,0,24930.0,26.309999999999512,4.048333333333355,44.59906755627007,35.67664680601693,8.922420750253226,79.99415405042754,50.876172108481946,35.67664680601693,0.0,30.971574691854237,1.5,3,0.0,246,21.951219512195124,461,2493,,,0.0,0,,,,,,,,,,,,,,,
v3_base,C3,1034,1777,1776,74.0,99.94372537985369,0.2036635657441835,4.280564230390155,0.0,0,0.0,100,0.3829574351403931,0.0,0,24420.0,26.207999999999515,4.041250000000021,44.43532334945845,35.567580469093016,8.867742880365494,80.04348295020675,52.268217251791306,35.567580469093016,0.0,30.85786343712394,1.5,3,0.0,256,41.796875,451,2442,,,0.0,0,,,,,,,,,,,,,,,
v3_base,C4,1034,1777,1776,74.0,99.94372537985369,0.2032701633066624,4.280564230390155,0.0,0,0.0,100,0.3828195452153345,0.0,0,24600.0,26.243999999999513,4.0437500000000215,44.484963722479556,35.60587084916628,8.87909287331334,80.04023802580643,52.268217251791306,35.60587084916628,0.0,30.892335918388607,1.5,3,0.0,258,35.27131782945737,457,2460,,,0.0,0,,,,,,,,,,,,,,,
v3_base,C5,1034,1777,1776,74.0,99.94372537985369,0.2027981489468829,4.280564230390155,0.0,0,0.0,100,0.3857146639857595,0.0,0,21120.0,25.547999999999593,3.995416666666681,43.442720965126554,34.762537448063625,8.680183517062977,80.01924528615298,51.023933334544516,34.762537448063625,0.0,30.168556225782353,1.5,3,0.0,887,62.68320180383314,423,2112,,,22.165931077848654,2450,0.009047318807285164,0.007380416995147243,0.020461415982572336,0.15655291604343802,47.614285714285714,151.70612244897958,28.475510204081633,0.0,21.841632653061225,0.0,0.0,0.0,0.0,0.0,0.0
v3_base,C1,1035,1882,1878,78.25,99.7874601487779,1.6095487165275637,62.3190193651985,0.6766808174802453,0,8.023379383634433,100,0.4073289514022066,0.0,0,100.0,22.60399999999992,3.9222222222222114,25.16157749520564,20.139040094349934,5.022537400855706,80.03886122874165,29.678888888888554,0.0,20.139040094349934,17.473317705003918,0.0,0,0.0,0,0.0,0,10,0.3,0.7,0.0,0,,,,,,,,,,,,,,,
v3_base,C2,1035,1882,1878,78.25,99.7874601487779,0.2483680001756105,3.571283287401699,0.0,0,0.0,100,0.3465205430783835,0.0,0,26350.0,27.853999999999438,4.286805555555579,47.05260449178191,37.64443615529663,9.408168336485321,80.00499985472965,59.46838094300075,37.64443615529663,0.0,32.675419785959676,1.5,3,0.0,324,31.48148148148148,531,2635,,,0.0,0,,,,,,,,,,,,,,,
v3_base,C3,1035,1882,1878,78.25,99.7874601487779,0.24855128601765802,3.571283287401699,0.0,0,0.0,100,0.34694022034815025,0.0,0,25860.0,27.755999999999442,4.2800000000000225,46.90152067466586,37.53961999140951,9.361900683256406,80.03923849677386,59.46838094300075,37.53961999140951,0.0,32.57050046851801,1.5,3,0.0,335,51.64179104477612,520,2586,,,0.0,0,,,,,,,,,,,,,,,
v3_base,C4,1035,1882,1878,78.25,99.7874601487779,0.24829321705703958,3.571283287401699,0.0,0,0.0,100,0.3468643617431435,0.0,0,25960.0,27.77599999999944,4.281388888888912,46.92882977246831,37.5610088802984,9.36782089216995,80.03823888729116,59.46838094300075,37.5610088802984,0.0,32.589465119769685,1.5,3,0.0,325,41.84615384615385,508,2596,,,0.0,0,,,,,,,,,,,,,,,
v3_base,C5,1035,1882,1878,78.25,99.7874601487779,0.24893263886572897,3.571283287401699,0.0,0,0.0,100,0.3492872924158662,0.0,0,23130.0,27.209999999999503,4.242083333333351,46.05657473028814,36.85713880743189,9.199435922856255,80.02579224197834,57.51468934346566,36.85713880743189,0.0,31.98373245158899,1.5,3,0.0,782,48.84910485933504,504,2313,,,24.128247374261264,2378,0.01014644548959683,0.007489917014027014,0.023223054554546273,0.18323770799906924,44.50798990748528,144.94407064760304,26.95332211942809,0.0,21.05929352396972,0.0,0.0,0.0,0.0,0.0,0.0
v3_base,C1,1036,1834,1831,76.29166666666667,99.83642311886587,1.1832629173886906,58.5247065688943,0.3727541202278338,0,5.834242093784081,100,0.4134962805179801,0.0,0,110.0,22.029999999999937,3.8223611111111007,27.741339013527167,22.139632923277198,5.601706090249968,79.80736947297865,29.678888888888544,0.0,22.139632923277198,19.26481875939386,0.0,0,0.0,0,0.0,0,11,0.3,0.7,0.0,0,,,,,,,,,,,,,,,
v3_base,C2,1036,1834,1832,76.33333333333333,99.89094874591058,0.25798623306590623,3.433263114628183,0.0,0,0.0,100,0.3567751381887529,0.0,0,26180.0,27.24399999999946,4.184444444444466,48.16095025204895,38.515910701055404,9.645039550993605,79.97331966973968,50.58100286784409,38.515910701055404,0.0,33.44510434170065,1.5,3,0.0,348,25.57471264367816,515,2618,,,0.0,0,,,,,,,,,,,,,,,
v3_base,C3,1036,1834,1832,76.33333333333333,99.89094874591058,0.25725151032451277,3.433263114628183,0.0,0,0.0,100,0.35723954035817956,0.0,0,25600.0,27.127999999999474,4.17638888888891,47.99376547105534,38.39185514549985,9.60191032555555,79.99342158025435,51.19420521411988,38.39185514549985,0.0,33.329003799343994,1.5,3,0.0,368,53.80434782608695,497,2560,,,0.0,0,,,,,,,,,,,,,,,
v3_base,C4,1036,1834,1832,76.33333333333333,99.89094874591058,0.25752945228355767,3.433263114628183,0.0,0,0.0,100,0.3571300098308941,0.0,0,25770.0,27.161999999999466,4.178750000000021,48.033196460878095,38.428216256610966,9.60498020426719,80.00345404435002,51.19420521411988,38.428216256610966,0.0,33.35638643116534,1.5,3,0.0,355,45.352112676056336,506,2577,,,0.0,0,,,,,,,,,,,,,,,
v3_base,C5,1036,1834,1832,76.33333333333333,99.89094874591058,0.2571708681285839,3.433263114628183,0.0,0,0.0,100,0.35998074572711963,0.0,0,22450.0,26.497999999999546,4.132638888888904,47.00693153823695,37.60458075115014,9.402350787086812,79.9979482186821,51.19420521411988,37.60458075115014,0.0,32.643702457108986,1.5,3,0.0,860,53.13953488372093,477,2245,,,22.125910742441192,2376,0.009312251995976933,0.00738231252762489,0.0228775520081399,0.11377654201351106,45.946969696969695,149.2138047138047,27.935606060606062,0.0,21.60395622895623,0.0,0.0,0.0,0.0,0.0,0.0
v3_base,C1,1037,1764,1758,73.25,99.65986394557824,1.2482441088228342,62.46694675913374,0.45252474409550036,0,5.442176870748295,100,0.44022630541430463,2.1426957236608484,0,100.0,21.187999999999974,3.6763888888888796,25.118530050850346,20.115187865821063,5.003342185029283,80.08107092691954,29.678888888888554,0.0,20.115187865821063,17.44342364642385,0.0,0,10.71347861830424,0,0.0,0,10,0.3,0.7,0.0,0,,,,,,,,,,,,,,,
v3_base,C2,1037,1764,1758,73.25,99.65986394557824,0.15201750931850483,3.801387588239595,0.0,0,0.0,100,0.38194106088217444,0.0,0,26260.0,26.419999999999497,4.039722222222245,46.10121808241716,36.89492142925064,9.206296653166595,80.03025291716148,59.228988802585704,36.89492142925064,0.0,32.01473477945637,1.5,3,0.0,284,34.859154929577464,471,2626,,,0.0,0,,,,,,,,,,,,,,,
v3_base,C3,1037,1764,1758,73.25,99.65986394557824,0.15229195397411105,3.801387588239595,0.0,0,0.0,100,0.3820910371828775,0.0,0,25990.0,26.3659999999995,4.035972222222244,46.04722661416405,36.8371953300442,9.210031284119918,79.99872747757004,59.228988802585704,36.8371953300442,0.0,31.97724070428061,1.5,3,0.0,290,60.3448275862069,460,2599,,,0.0,0,,,,,,,,,,,,,,,
v3_base,C4,1037,1764,1758,73.25,99.65986394557824,0.15217400171884857,3.801387588239595,0.0,0,0.0,100,0.3820532544847488,0.0,0,26090.0,26.3859999999995,4.037361111111133,46.06082838549036,36.858584218933096,9.202244166557362,80.02154001759972,59.228988802585704,36.858584218933096,0.0,31.986686378812774,1.5,3,0.0,288,51.041666666666664,465,2609,,,0.0,0,,,,,,,,,,,,,,,
v3_base,C5,1037,1764,1758,73.25,99.65986394557824,0.15225453344186882,3.801387588239595,0.0,0,0.0,100,0.38528733724634545,0.0,0,22180.0,25.603999999999587,3.98305555555557,44.89655859131564,35.89359438190448,9.00296420941117,79.94731780811235,58.94732213591903,35.89359438190448,0.0,31.178165688413635,1.5,3,0.0,910,59.23076923076923,427,2218,,,22.371249706833623,2511,0.008909298967277428,0.007365958008449525,0.021557728963671252,0.13294599996879697,47.753882915173236,151.47869374751096,28.428912783751493,0.0,21.508960573476703,0.0,0.0,0.0,0.0,0.0,0.0
v3_base,C1,1038,1822,1817,75.70833333333333,99.72557628979143,0.8669902499262433,79.37755777477153,0.2985387549671049,0,1.5367727771679496,100,0.4171478656195193,5.867761440976755,0,110.0,21.885999999999942,3.7973611111111008,27.62676837697306,22.130644857509385,5.496123519463676,80.10580374632343,29.678888888888554,0.0,22.130644857509385,19.1852558173424,0.0,0,29.33880720488378,0,0.0,0,11,0.3,0.7,0.0,0,,,,,,,,,,,,,,,
v3_base,C2,1038,1822,1817,75.70833333333333,99.72557628979143,0.18628864356942637,3.498125531328333,0.0,0,0.0,100,0.3596846584216038,0.0,0,27000.0,27.263999999999445,4.170833333333359,48.313522968222564,38.65647988799722,9.657043080225437,80.01171827900626,51.689394093084594,38.65647988799722,0.0,33.55105761682125,1.5,3,0.0,263,23.954372623574145,542,2700,,,0.0,0,,,,,,,,,,,,,,,
v3_base,C3,1038,1822,1817,75.70833333333333,99.72557628979143,0.1857977094459547,3.498125531328333,0.0,0,0.0,100,0.3600083184493029,0.0,0,26590.0,27.181999999999455,4.165138888888913,48.197005358250905,38.568689630710125,9.628315727540858,80.02300006821379,52.912856087794665,38.568689630710125,0.0,33.47014260989648,1.5,3,0.0,290,55.172413793103445,529,2659,,,0.0,0,,,,,,,,,,,,,,,
v3_base,C4,1038,1822,1817,75.70833333333333,99.72557628979143,0.1857207658579676,3.498125531328333,0.0,0,0.0,100,0.35992641045903484,0.0,0,26660.0,27.195999999999454,4.166111111111135,48.226492234747404,38.583750966804566,9.642741267942917,80.00530243625059,52.912856087794665,38.583750966804566,0.0,33.4906196074635,1.5,3,0.0,289,46.71280276816609,528,2666,,,0.0,0,,,,,,,,,,,,,,,
v3_base,C5,1038,1822,1817,75.70833333333333,99.72557628979143,0.1846338149687168,3.498125531328333,0.0,0,0.0,100,0.36308704353736954,0.0,0,22930.0,26.449999999999545,4.114305555555573,47.088664326546954,37.68647850390218,9.402185822644794,80.0330165293218,47.42584941164378,37.68647850390218,0.0,32.70046133787984,1.5,3,0.0,784,56.12244897959183,470,2293,,,20.4287420893088,2477,0.008247372664234476,0.007075125002302229,0.020937274396419524,0.10729587503010407,45.76907549454986,146.2180056519984,27.202260799354057,0.0,21.17238595074687,0.0,0.0,0.0,0.0,0.0,0.0
v3_base,C1,1039,1733,1728,72.0,99.71148297749566,1.1200076258642109,65.34774268439857,0.43635890100041136,0,5.193306405077902,100,0.44848414722300356,1.1803394964503968,0,100.0,20.815999999999985,3.6118055555555464,25.245706999718692,20.142152058456652,5.103554941262038,79.78446418110252,29.675721416010457,0.0,20.142152058456652,17.531740972026867,0.0,0,5.9016974822519845,0,0.0,0,10,0.3,0.7,0.0,0,,,,,,,,,,,,,,,
v3_base,C2,1039,1733,1728,72.0,99.71148297749566,0.20796095541399282,3.034722241599472,0.0,0,0.0,100,0.39908457606664216,0.0,0,24250.0,25.645999999999535,3.9472222222222433,43.02955261600877,34.41516181881046,8.614390797198386,79.98029197730166,64.37585505340803,34.41516181881046,0.0,29.88163376111722,1.5,3,0.0,214,37.38317757009346,432,2425,,,0.0,0,,,,,,,,,,,,,,,
v3_base,C3,1039,1733,1728,72.0,99.71148297749566,0.2080391580487638,3.034722241599472,0.0,0,0.0,100,0.39935516670506704,0.0,0,23980.0,25.59199999999954,3.9434722222222427,42.932139986175805,34.35751354390657,8.57462644226933,80.02748885792724,64.37585505340803,34.35751354390657,0.0,29.813986101511016,1.5,3,0.0,241,66.39004149377593,423,2398,,,0.0,0,,,,,,,,,,,,,,,
v3_base,C4,1039,1733,1728,72.0,99.71148297749566,0.20793604752659894,3.034722241599472,0.0,0,0.0,100,0.39928615115766175,0.0,0,24090.0,25.61399999999954,3.9450000000000207,42.95698558324169,34.38141305576915,8.575572527472628,80.03683822074791,64.37585505340803,34.38141305576915,0.0,29.831239988362306,1.5,3,0.0,234,50.0,428,2409,,,0.0,0,,,,,,,,,,,,,,,
v3_base,C5,1039,1733,1728,72.0,99.71148297749566,0.20746715571627128,3.0608937839019443,0.0,0,0.0,100,0.4026717354392192,0.0,0,19900.0,24.775999999999627,3.886805555555569,41.73817524188105,33.37530111400022,8.362874127880868,79.96348886980252,63.24918838674136,33.37530111400022,0.0,28.984843917972977,1.5,3,0.0,945,67.3015873015873,400,1990,,,20.69000773935113,2432,0.008507404498088459,0.0073001869895961136,0.020017097410163835,0.17094520799582824,49.40378289473684,155.40296052631578,29.383223684210527,0.0,21.814967105263158,0.0,0.0,0.0,0.0,0.0,0.0
v3_base,C1,1040,1796,1792,74.66666666666667,99.77728285077951,2.5378207033002163,67.5647602033098,1.3061187659720228,0,16.146993318485524,100,0.43155644797025605,4.187554721496611,0,100.0,21.571999999999957,3.743055555555546,25.039678730707813,20.12934534070962,4.910333389998191,80.38979076845611,29.678888888888544,0.0,20.12934534070962,17.388665785213753,0.0,0,20.937773607483056,0,0.0,0,10,0.3,0.7,0.0,0,,,,,,,,,,,,,,,
v3_base,C2,1040,1796,1792,74.66666666666667,99.77728285077951,0.2565014169637721,4.120546336237385,0.0,0,0.0,100,0.37687207379766025,0.0,0,25130.0,26.5779999999995,4.090694444444465,44.72605343284229,35.77633263502835,8.949720797813969,79.98991614305463,55.33200204815262,35.77633263502835,0.0,31.05975932836271,1.5,3,0.0,229,29.257641921397383,495,2513,,,0.0,0,,,,,,,,,,,,,,,
v3_base,C3,1040,1796,1792,74.66666666666667,99.77728285077951,0.2564847246191026,4.120546336237385,0.0,0,0.0,100,0.377120790207296,2.3684757858670006e-16,0,24840.0,26.519999999999506,4.086666666666687,44.63651552537342,35.71430598925359,8.922209536119865,80.0114112154475,56.17700204815262,35.71430598925359,0.0,30.997580225953758,1.5,3,1.1842378929335002e-15,253,60.47430830039525,492,2484,,,0.0,0,,,,,,,,,,,,,,,
v3_base,C4,1040,1796,1792,74.66666666666667,99.77728285077951,0.25622835285718887,4.120546336237385,0.0,0,0.0,100,0.37709686043467305,2.3684757858670006e-16,0,25050.0,26.5619999999995,4.089583333333355,44.645130243517706,35.75922265592024,8.885907587597483,80.09658043524766,56.17700204815262,35.75922265592024,0.0,31.003562669109538,1.5,3,1.1842378929335002e-15,250,46.400000000000006,490,2505,,,0.0,0,,,,,,,,,,,,,,,
v3_base,C5,1040,1796,1792,74.66666666666667,99.77728285077951,0.2562249199866801,4.120546336237385,0.0,0,0.0,100,0.38020285960042904,0.0,0,21210.0,25.793999999999578,4.036250000000016,43.52697054384553,34.83121212603665,8.69575841780891,80.02213728830615,56.17700204815262,34.83121212603665,0.0,30.227062877670527,1.5,3,0.0,831,69.31407942238266,466,2121,,,23.137306433578487,2429,0.009525445217611563,0.007386708981357515,0.023928191629238423,0.10587624995969236,47.05022643062989,149.81062165500205,28.07945656648827,0.0,21.320296418279128,0.0,0.0,0.0,0.0,0.0,0.0
v3_base,C1,1041,1796,1792,74.66666666666667,99.77728285077951,0.7186981052320356,52.363058904504214,0.26112194624797913,0,1.614699331848557,100,0.4310293352342929,0.0,0,100.0,21.571999999999957,3.7430555555555456,25.229439315654563,20.135393888609492,5.094045427045074,79.80912154522484,29.678888888888554,0.0,20.135393888609492,17.52044396920456,0.0,0,0.0,0,0.0,0,10,0.3,0.7,0.0,0,,,,,,,,,,,,,,,
v3_base,C2,1041,1796,1792,74.66666666666667,99.77728285077951,0.1597796342967936,2.1736183150152404,0.0,0,0.0,100,0.3775483013011479,0.0,0,25360.0,26.62399999999949,4.093888888888911,44.482611531586734,35.576565039358314,8.90604649222847,79.97858896862584,61.56944846695202,35.576565039358314,0.0,30.8907024524908,1.5,3,0.0,255,48.23529411764706,465,2536,,,0.0,0,,,,,,,,,,,,,,,
v3_base,C3,1041,1796,1792,74.66666666666667,99.77728285077951,0.15955475340942069,2.1736183150152404,0.0,0,0.0,100,0.3777536705374498,0.0,0,25120.0,26.575999999999496,4.090555555555577,44.40867860651803,35.52448419108123,8.884194415436852,79.99446348279132,62.00593884176382,35.52448419108123,0.0,30.83936014341532,1.5,3,0.0,259,62.93436293436293,463,2512,,,0.0,0,,,,,,,,,,,,,,,
v3_base,C4,1041,1796,1792,74.66666666666667,99.77728285077951,0.15962243119509242,2.1736183150152404,0.0,0,0.0,100,0.3775871214773147,0.0,0,25350.0,26.621999999999492,4.093750000000022,44.468636268166655,35.569873156742474,8.898763111424245,79.98867548408617,62.00593884176382,35.569873156742474,0.0,30.880997408449105,1.5,3,0.0,255,48.627450980392155,474,2535,,,0.0,0,,,,,,,,,,,,,,,
v3_base,C5,1041,1796,1792,74.66666666666667,99.77728285077951,0.15853666385815254,2.1736183150152404,0.0,0,0.0,100,0.3811375156673318,0.0,0,21030.0,25.75799999999958,4.0337500000000155,43.19049435976052,34.57057906507423,8.619915294686333,80.04210087783285,62.00593884176382,34.57057906507423,0.0,29.99339886094483,1.5,3,0.0,807,65.17967781908303,431,2103,,,22.402236232883297,2479,0.00903680364376091,0.007358749979175627,0.021518666908377775,0.12825304199941456,46.44009681323114,148.1169826542961,27.640177490923758,0.0,21.17426381605486,0.0,0.0,0.0,0.0,0.0,0.0
v3_base,C1,1042,1809,1806,75.25,99.83416252072969,0.7671266040975541,60.119768445295996,0.3038245598173006,0,2.7639579878385834,100,0.4271095756545805,0.0,0,100.0,21.727999999999952,3.7701388888888787,25.340552764350996,20.12865881897533,5.21189394537566,79.4325956744411,29.678888888888554,0.0,20.12865881897533,17.59760608635486,0.0,0,0.0,0,0.0,0,10,0.3,0.7,0.0,0,,,,,,,,,,,,,,,
v3_base,C2,1042,1809,1806,75.25,99.83416252072969,0.19032055854109675,2.727920961702815,0.0,0,0.0,100,0.3664181801876586,0.0,0,26490.0,27.00599999999946,4.136666666666691,47.18945513244284,37.73035326342023,9.459101869022705,79.95505173248026,55.213776095079524,37.73035326342023,0.0,32.770454953085334,1.5,3,0.0,302,28.807947019867548,534,2649,,,0.0,0,,,,,,,,,,,,,,,
v3_base,C3,1042,1809,1806,75.25,99.83416252072969,0.19026923729421863,2.727920961702815,0.0,0,0.0,100,0.3667144235744993,0.0,0,26270.0,26.961999999999467,4.133611111111135,47.08280751318019,37.683297707864675,9.399509805315612,80.0362163987688,55.4954427617462,37.683297707864675,0.0,32.69639410637513,1.5,3,0.0,328,54.57317073170732,528,2627,,,0.0,0,,,,,,,,,,,,,,,
v3_base,C4,1042,1809,1806,75.25,99.83416252072969,0.1902076710918531,2.727920961702815,0.0,0,0.0,100,0.36659455136271357,0.0,0,26380.0,26.983999999999458,4.135138888888913,47.12596150942305,37.706825485642455,9.419136023780691,80.012851256314,55.4954427617462,37.706825485642455,0.0,32.72636215932161,1.5,3,0.0,312,49.03846153846153,533,2638,,,0.0,0,,,,,,,,,,,,,,,
v3_base,C5,1042,1809,1806,75.25,99.83416252072969,0.1902969643311131,2.727920961702815,0.0,0,0.0,100,0.36927156193615085,0.0,0,23030.0,26.313999999999538,4.0886111111111285,46.16223770298568,36.91726168640246,9.244976016583236,79.97285990322503,55.16362819640555,36.91726168640246,0.0,32.05710951596229,1.5,3,0.0,850,55.17647058823529,514,2303,,,21.886537868820596,2486,0.008803917083194125,0.007227125024655834,0.02090967699768953,0.1445153329987079,45.21118262268705,146.7349155269509,27.3994368463395,0.0,21.261464199517295,0.0,0.0,0.0,0.0,0.0,0.0
v3_base,C1,1043,1771,1770,73.75,99.94353472614343,0.9859526411722499,80.92289134201626,0.4282642469847484,0,4.065499717673626,100,0.4385252075064695,6.192255676677718,0,100.0,21.271999999999966,3.6909722222222126,25.030925297670933,20.12599415398158,4.904931143689348,80.40451527316993,29.678888888888554,0.0,20.12599415398158,17.38258701227148,0.0,0,30.961278383388585,0,0.0,0,10,0.3,0.7,0.0,0,,,,,,,,,,,,,,,
v3_base,C2,1043,1771,1770,73.75,99.94353472614343,0.16429377073940574,2.4784964020955766,0.0,0,0.0,100,0.37672312935997665,0.0,0,26020.0,26.455999999999502,4.050972222222243,47.279673430408366,37.83177700359971,9.447896426808713,80.01700151183331,50.61616089649331,37.83177700359971,0.0,32.83310654889469,1.5,3,0.0,299,26.08695652173913,478,2602,,,0.0,0,,,,,,,,,,,,,,,
v3_base,C3,1043,1771,1770,73.75,99.94353472614343,0.1640520692091288,2.4784964020955766,0.0,0,0.0,100,0.3771883904680152,0.0,0,25350.0,26.321999999999512,4.0416666666666865,47.11217943151447,37.68752747158816,9.424651959926381,79.99529617680575,53.01914672182566,37.68752747158816,0.0,32.71679127188504,1.5,3,0.0,322,62.11180124223602,464,2535,,,0.0,0,,,,,,,,,,,,,,,
v3_base,C4,1043,1771,1770,73.75,99.94353472614343,0.16403192977314038,2.4784964020955766,0.0,0,0.0,100,0.3769355836916258,0.0,0,25740.0,26.399999999999505,4.0470833333333545,47.20318987101467,37.7707091467051,9.432480724309647,80.0172811412018,53.01914672182566,37.7707091467051,0.0,32.77999296598243,1.5,3,0.0,323,47.368421052631575,474,2574,,,0.0,0,,,,,,,,,,,,,,,
v3_base,C5,1043,1771,1770,73.75,99.94353472614343,0.16336022972575825,2.4784964020955766,0.0,0,0.0,100,0.38010089110428175,0.0,0,22090.0,25.669999999999582,3.9963888888889025,46.06367920245859,36.83415002902862,9.229529173429967,79.96354322271037,52.414982003850305,36.83415002902862,0.0,31.988666112818464,1.5,3,0.0,890,61.91011235955056,463,2209,,,21.59060640068492,2459,0.008780238471201676,0.007292416994459927,0.020671908673830307,0.08954004204133525,47.48881659211062,151.10248068320456,28.346888979259862,0.0,21.692964619764133,0.0,0.0,0.0,0.0,0.0,0.0
v3_base,C1,1044,1807,1802,75.08333333333333,99.72329828444937,1.0178095575681914,58.68584400496899,0.3664467606645694,0,2.9883785279468777,100,0.4212627846099132,1.0639990258112084,0,110.0,21.70599999999995,3.766111111111101,27.645397540431283,22.153889487446197,5.4915080529850915,80.13590491887925,29.678888888888554,0.0,22.153889487446197,19.19819273641061,0.0,0,5.319995129056042,0,0.0,0,11,0.3,0.7,0.0,0,,,,,,,,,,,,,,,
v3_base,C2,1044,1807,1803,75.125,99.77863862755949,0.2110416119127581,4.22500961074802,0.0,0,0.0,100,0.36953076955193687,0.0,0,25950.0,26.87399999999948,4.125000000000022,46.26892296130268,37.032528376335485,9.236394584967275,80.0375846381985,46.37589267013395,37.032528376335485,0.0,32.13119650090467,1.5,3,0.0,290,24.482758620689655,483,2595,,,0.0,0,,,,,,,,,,,,,,,
v3_base,C3,1044,1807,1803,75.125,99.77863862755949,0.2110292319053134,4.22500961074802,0.0,0,0.0,100,0.37010042533152426,0.0,0,25280.0,26.739999999999487,4.1156944444444665,46.06384688065121,36.87513948744657,9.188707393204693,80.05223615602046,50.328336721628276,36.87513948744657,0.0,31.988782556007806,1.5,3,0.0,309,42.71844660194174,460,2528,,,0.0,0,,,,,,,,,,,,,,,
v3_base,C4,1044,1807,1803,75.125,99.77863862755949,0.21074597319737146,4.22500961074802,0.0,0,0.0,100,0.36997884796022235,0.0,0,25370.0,26.757999999999484,4.116944444444466,46.107614734319924,36.9084728207799,9.199141913540055,80.04854086131526,50.328336721628276,36.9084728207799,0.0,32.019176898833315,1.5,3,0.0,310,38.064516129032256,466,2537,,,0.0,0,,,,,,,,,,,,,,,
v3_base,C5,1044,1807,1803,75.125,99.77863862755949,0.21116516938520288,4.22500961074802,0.0,0,0.0,100,0.37256369755688634,0.0,0,22060.0,26.095999999999563,4.070972222222237,45.17706887952093,36.15035438671176,9.02671449280917,80.01925597058592,47.44121310844309,36.15035438671176,0.0,31.37296449966731,1.5,3,0.0,855,55.78947368421052,473,2206,,,23.825024783902336,2454,0.009708649056194922,0.007453104015439749,0.022387606248958036,0.4372294169734232,45.97799511002445,148.52567237163814,27.762836185819072,0.0,21.4841075794621,0.0,0.0,0.0,0.0,0.0,0.0
v3_base,C1,1045,1775,1772,73.83333333333333,99.83098591549296,0.8732451743731973,66.00543532199214,0.30865579114338837,0,2.7605633802816887,100,0.43743041037142794,2.7738906004989743,0,100.0,21.319999999999965,3.699305555555546,25.025052266285947,20.13099483390485,4.894057432381098,80.44336778878808,29.678888888888554,0.0,20.13099483390485,17.378508518254137,0.0,0,13.869453002494872,0,0.0,0,10,0.3,0.7,0.0,0,,,,,,,,,,,,,,,
v3_base,C2,1045,1775,1772,73.83333333333333,99.83098591549296,0.15724766594094006,2.5542658067541195,0.0,0,0.0,100,0.38337032287636885,0.0,0,25600.0,26.41999999999949,4.053472222222245,44.48668376450717,35.60763849742773,8.879045267079503,80.04111676635377,59.028697989535004,35.60763849742773,0.0,30.89353039201889,1.5,3,0.0,216,22.22222222222222,477,2560,,,0.0,0,,,,,,,,,,,,,,,
v3_base,C3,1045,1775,1772,73.83333333333333,99.83098591549296,0.15732889626116064,2.5542658067541195,0.0,0,0.0,100,0.38357039303895213,0.0,0,25160.0,26.331999999999496,4.047361111111134,44.41465850597718,35.54696705612748,8.867691449849769,80.03431356191489,59.028697989535004,35.54696705612748,0.0,30.84351285137305,1.5,3,0.0,247,50.20242914979757,469,2516,,,0.0,0,,,,,,,,,,,,,,,
v3_base,C4,1045,1775,1772,73.83333333333333,99.83098591549296,0.1573519881737115,2.5542658067541195,0.0,0,0.0,100,0.3834774367273612,0.0,0,25320.0,26.36399999999949,4.049583333333356,44.44812277814994,35.58118927834972,8.866933499800302,80.05105065053709,59.028697989535004,35.58118927834972,0.0,30.866751929270826,1.5,3,0.0,246,40.243902439024396,477,2532,,,0.0,0,,,,,,,,,,,,,,,
v3_base,C5,1045,1775,1772,73.83333333333333,99.83098591549296,0.15696360877700716,2.5542658067541195,0.0,0,0.0,100,0.3871244658455481,0.0,0,20880.0,25.475999999999587,3.987916666666681,43.13519229560266,34.508861060938194,8.626331234664482,80.00163955327062,59.028697989535004,34.508861060938194,0.0,29.954994649724085,1.5,3,0.0,849,60.18845700824499,405,2088,,,21.043001337442547,2479,0.00848850396831083,0.0073049579514190555,0.01902914935490116,0.1898447920102626,47.492940701895925,150.2367890278338,28.11819281968536,0.0,21.43646631706333,0.0,0.0,0.0,0.0,0.0,0.0
v3_base,C1,1046,1848,1842,76.75,99.67532467532467,0.9020463581630999,56.620191058027316,0.27518574552695757,0,0.5952380952380931,100,0.4090395762489609,0.0,0,110.0,22.197999999999933,3.851527777777768,27.945752550374067,22.13606702252156,5.809685527852505,79.21084602255686,29.678888888888544,0.0,22.13606702252156,19.406772604426436,0.0,0,0.0,0,0.0,0,11,0.3,0.7,0.0,0,,,,,,,,,,,,,,,
v3_base,C2,1046,1848,1845,76.875,99.83766233766234,0.25128006162031885,3.5169423944139755,0.0,0,0.0,100,0.35625691335448373,0.0,0,25340.0,27.243999999999474,4.2019444444444645,46.94751119238587,37.552601617249685,9.394909575136237,79.98848216546166,52.59461985063807,37.552601617249685,0.0,32.60243832804573,1.5,3,0.0,311,23.79421221864952,500,2534,,,0.0,0,,,,,,,,,,,,,,,
v3_base,C3,1046,1848,1845,76.875,99.83766233766234,0.2511014588676418,3.5169423944139755,0.0,0,0.0,100,0.3565669232665244,2.3684757858670008e-17,0,24890.0,27.153999999999485,4.195694444444463,46.83590762405119,37.456208276290646,9.379699347760596,79.97327302152274,52.59461985063807,37.456208276290646,0.0,32.52493585003553,1.5,3,1.1842378929335003e-16,349,54.44126074498568,488,2489,,,0.0,0,,,,,,,,,,,,,,,
v3_base,C4,1046,1848,1845,76.875,99.83766233766234,0.2512502747414347,3.5169423944139755,0.0,0,0.0,100,0.3566679443542415,2.3684757858670008e-17,0,25000.0,27.17599999999948,4.197222222222242,46.79954003247305,37.479743116531395,9.31979691594171,80.08570830081904,52.59461985063807,37.479743116531395,0.0,32.49968057810628,1.5,3,1.1842378929335003e-16,331,45.61933534743202,496,2500,,,0.0,0,,,,,,,,,,,,,,,
v3_base,C5,1046,1848,1845,76.875,99.83766233766234,0.25213646202654727,3.5169423944139755,0.0,0,0.0,100,0.35882861802892235,0.0,0,22450.0,26.665999999999542,4.161805555555571,46.021697509587966,36.83577710959237,9.185920399995556,80.0400226478351,52.59461985063807,36.83577710959237,0.0,31.959512159436066,1.5,3,0.0,825,54.18181818181819,490,2245,,,21.804703201109078,2335,0.009338202655721233,0.007370834005996585,0.022765983809949823,0.17468791600549594,46.75374732334047,150.20471092077088,28.085653104925054,0.0,21.78029978586724,0.0,0.0,0.0,0.0,0.0,0.0
v3_base,C1,1047,1833,1832,76.33333333333333,99.94544462629568,1.1695899030010286,57.899309058122164,0.3476272696448964,0,5.455537370430985,100,0.42093789707639917,0.8290249404655696,0,100.0,22.01599999999994,3.820138888888879,25.162357052496304,20.12455680891963,5.037800243576676,79.97882220228296,29.678888888888554,0.0,20.12455680891963,17.473859064233544,0.0,0,4.145124702327848,0,0.0,0,10,0.3,0.7,0.0,0,,,,,,,,,,,,,,,
v3_base,C2,1047,1833,1832,76.33333333333333,99.94544462629568,0.23317074959776848,3.396366533335701,0.0,0,0.0,100,0.36132975438804155,0.0,0,25850.0,27.165999999999467,4.1777777777778,46.62128842030496,37.281581282131626,9.339707138173388,79.96686180361843,55.50026590105263,37.281581282131626,0.0,32.375894736322934,1.5,3,0.0,255,25.098039215686274,469,2585,,,0.0,0,,,,,,,,,,,,,,,
v3_base,C3,1047,1833,1832,76.33333333333333,99.94544462629568,0.23357756593509865,3.396366533335701,0.0,0,0.0,100,0.3618394768442974,0.0,0,25000.0,26.995999999999484,4.165972222222243,46.43778833605286,37.12345506622365,9.314333269829293,79.94234091764906,59.83376944487039,37.12345506622365,0.0,32.248464122258966,1.5,3,0.0,303,58.745874587458744,451,2500,,,0.0,0,,,,,,,,,,,,,,,
v3_base,C4,1047,1833,1832,76.33333333333333,99.94544462629568,0.2334433013014029,3.396366533335701,0.0,0,0.0,100,0.36180839372687357,0.0,0,25290.0,27.053999999999476,4.170000000000021,46.44897825832551,37.16116009081694,9.2878181675086,80.00425732541528,59.83376944487039,37.16116009081694,0.0,32.25623490161496,1.5,3,0.0,294,52.04081632653062,459,2529,,,0.0,0,,,,,,,,,,,,,,,
v3_base,C5,1047,1833,1832,76.33333333333333,99.94544462629568,0.23377552228998755,3.396366533335701,0.0,0,0.0,100,0.3645767400431358,0.0,0,21940.0,26.383999999999553,4.123472222222237,45.45237358447116,36.34370303855746,9.108670545913702,79.9599672633473,57.85399240746821,36.34370303855746,0.0,31.564148322549414,1.5,3,0.0,834,53.956834532374096,431,2194,,,21.06069327663863,2386,0.008826778405967574,0.007258062512846664,0.019868228759150952,0.1256517919828184,46.1756077116513,148.21458507963118,27.680217937971502,0.0,21.458927074601846,0.0,0.0,0.0,0.0,0.0,0.0
v3_base,C1,1048,1803,1797,74.875,99.66722129783693,1.2875649959833884,57.831088487614515,0.43013713251280217,0,7.542983915696066,100,0.4290797132153294,0.0,0,100.0,21.655999999999956,3.757638888888879,25.231303242481395,20.131623233489613,5.099680008991783,79.78828140591024,29.678888888888554,0.0,20.131623233489613,17.521738362834302,0.0,0,0.0,0,0.0,0,10,0.3,0.7,0.0,0,,,,,,,,,,,,,,,
v3_base,C2,1048,1803,1797,74.875,99.66722129783693,0.24317197855120076,4.403988043997136,0.0,0,0.0,100,0.37193333820216584,0.0,0,25580.0,26.751999999999484,4.1115277777778,45.803998247220264,36.63917222518438,9.164826022035943,79.99120956085515,49.29168169801886,36.63917222518438,0.0,31.808332116125207,1.5,3,0.0,266,27.06766917293233,494,2558,,,0.0,0,,,,,,,,,,,,,,,
v3_base,C3,1048,1803,1797,74.875,99.66722129783693,0.24279932430167564,4.403988043997136,0.0,0,0.0,100,0.37247493893701406,0.0,0,25010.0,26.637999999999494,4.103611111111133,45.609021982674896,36.51725671598173,9.091765266693233,80.06586225386114,53.468304068030605,36.51725671598173,0.0,31.67293193241315,1.5,3,0.0,287,57.8397212543554,483,2501,,,0.0,0,,,,,,,,,,,,,,,
v3_base,C4,1048,1803,1797,74.875,99.66722129783693,0.24295886408907036,4.403988043997136,0.0,0,0.0,100,0.37223609219566006,0.0,0,25300.0,26.69599999999949,4.107638888888911,45.69500680956237,36.57928139388797,9.115725415674472,80.0509376141141,53.468304068030605,36.57928139388797,0.0,31.732643617751677,1.5,3,0.0,283,39.92932862190813,484,2530,,,0.0,0,,,,,,,,,,,,,,,
v3_base,C5,1048,1803,1797,74.875,99.66722129783693,0.24219318264295553,4.403988043997136,0.0,0,0.0,100,0.37575425735688806,0.0,0,20820.0,25.799999999999585,4.04541666666668,44.428467351520275,35.534355012077754,8.894112339442565,79.98105073246876,53.468304068030605,35.534355012077754,0.0,30.853102327444656,1.5,3,0.0,847,58.32349468713105,442,2082,,,22.634567508473992,2433,0.009303151462586926,0.00734983297297731,0.02199904217850418,0.15413166698999703,46.8557336621455,149.01191944101933,27.86683107274969,0.0,21.376489930127416,0.0,0.0,0.0,0.0,0.0,0.0
v3_base,C1,1049,1838,1831,76.29166666666667,99.61915125136017,1.642021357222817,58.10101026134398,0.7455227173110934,0,9.52121871599565,100,0.420015681833733,0.0,0,100.0,22.075999999999937,3.830555555555546,24.994354539856126,20.12512640171732,4.869228138138805,80.51868820867405,29.678888888888554,0.0,20.12512640171732,17.357190652677865,0.0,0,0.0,0,0.0,0,10,0.3,0.7,0.0,0,,,,,,,,,,,,,,,
v3_base,C2,1049,1838,1831,76.29166666666667,99.61915125136017,0.287227629554205,4.730436417888753,0.0,0,0.0,100,0.3608910527060775,0.0,0,25070.0,27.069999999999474,4.177361111111133,46.27922102581206,37.02613313335446,9.253087892457632,80.00595583210719,57.30079116783826,37.02613313335446,0.0,32.13834793459174,1.5,3,0.0,319,31.661442006269592,469,2507,,,0.0,0,,,,,,,,,,,,,,,
v3_base,C3,1049,1838,1831,76.29166666666667,99.61915125136017,0.28726552366491204,4.730436417888753,0.0,0,0.0,100,0.3611081814471125,0.0,0,24680.0,26.991999999999486,4.171944444444466,46.20105467903946,36.94271908653239,9.25833559250713,79.96077003690698,57.327306668399146,36.94271908653239,0.0,32.084065749332986,1.5,3,0.0,344,65.98837209302324,459,2468,,,0.0,0,,,,,,,,,,,,,,,
v3_base,C4,1049,1838,1831,76.29166666666667,99.61915125136017,0.28706408394403726,4.730436417888753,0.0,0,0.0,100,0.3610693500228921,0.0,0,24850.0,27.02599999999948,4.174305555555577,46.2150339917588,36.97908140305472,9.235952588704151,80.015263885014,57.327306668399146,36.97908140305472,0.0,32.09377360538809,1.5,3,0.0,346,47.398843930635834,460,2485,,,0.0,0,,,,,,,,,,,,,,,
v3_base,C5,1049,1838,1831,76.29166666666667,99.61915125136017,0.28621987222866,4.730436417888753,0.0,0,0.0,100,0.3637963838640171,1.1842378929335004e-17,0,21760.0,26.407999999999554,4.131388888888905,45.23330180895384,36.186995045604455,9.0463067633494,80.00078172149112,54.47547342193526,36.186995045604455,0.0,31.41201514510684,1.5,3,5.921189464667501e-17,847,54.19126328217237,462,2176,,,21.69471067399718,2355,0.009212191369000925,0.007356917019933462,0.022241642104927423,0.1566508750547655,46.65605095541401,150.23354564755837,28.178343949044585,0.0,21.499363057324842,0.0,0.0,0.0,0.0,0.0,0.0
v3_base,C1,1050,1791,1788,74.5,99.83249581239531,0.8609832653804339,55.64976543900181,0.26780708967171096,0,2.2892238972641032,100,0.43271398202486555,0.0,0,100.0,21.511999999999958,3.7326388888888786,25.12296647104841,20.141887359988495,4.981079111059916,80.17320479729139,29.678888888888554,0.0,20.141887359988495,17.446504493783618,0.0,0,0.0,0,0.0,0,10,0.3,0.7,0.0,0,,,,,,,,,,,,,,,
v3_base,C2,1050,1791,1788,74.5,99.83249581239531,0.2087205640055625,3.6228321037198232,0.0,0,0.0,100,0.3735836865495279,0.0,0,25590.0,26.6099999999995,4.086666666666687,46.40987284216991,37.11391438790731,9.295958454262651,79.96986872625965,50.147360698860744,37.11391438790731,0.0,32.229078362618,1.5,3,0.0,267,32.958801498127336,488,2559,,,0.0,0,,,,,,,,,,,,,,,
v3_base,C3,1050,1791,1788,74.5,99.83249581239531,0.20879502646798656,3.6228321037198232,0.0,0,0.0,100,0.3738532552085636,0.0,0,25190.0,26.529999999999507,4.081111111111131,46.31282812491708,37.0670951337013,9.24573299121582,80.03634551041071,52.51466335847892,37.0670951337013,0.0,32.16168619785907,1.5,3,0.0,295,54.91525423728814,481,2519,,,0.0,0,,,,,,,,,,,,,,,
v3_base,C4,1050,1791,1788,74.5,99.83249581239531,0.20883648123165166,3.6228321037198232,0.0,0,0.0,100,0.37374305074462766,0.0,0,25550.0,26.601999999999496,4.086111111111132,46.35250173193401,37.08594707028417,9.266554661649879,80.0085123447269,52.51466335847892,37.08594707028417,0.0,32.18923731384305,1.5,3,0.0,280,47.14285714285714,497,2555,,,0.0,0,,,,,,,,,,,,,,,
v3_base,C5,1050,1791,1788,74.5,99.83249581239531,0.20821998677226938,3.6228321037198232,0.0,0,0.0,100,0.37709185159692077,0.0,0,21430.0,25.777999999999587,4.028888888888902,45.14693342510849,36.11780279043647,9.029130634672033,80.00056714892962,51.9881006978804,36.11780279043647,0.0,31.352037100769802,1.5,3,0.0,850,61.64705882352941,446,2143,,,21.716923675732687,2409,0.009014912277182518,0.007392749947030097,0.02054644137388095,0.15759891702327877,47.90161892901619,151.80240763802408,28.443337484433375,0.0,21.944375259443753,0.0,0.0,0.0,0.0,0.0,0.0
v3_base,C1,1051,1813,1810,75.41666666666667,99.83452840595697,1.5312222743039474,97.84336144348799,0.6710920446781363,0,7.777164920022061,100,0.42683019312788006,9.523983785157906,0,100.0,21.775999999999947,3.7784722222222125,25.041130473963165,20.140795011425507,4.900335462537656,80.43085368037659,29.678888888888554,0.0,20.140795011425507,17.3896739402522,0.0,0,47.619918925789534,0,0.0,0,10,0.3,0.7,0.0,0,,,,,,,,,,,,,,,
v3_base,C2,1051,1813,1810,75.41666666666667,99.83452840595697,0.2447730840923848,4.069184047999564,0.0,0,0.0,100,0.36566479400178775,0.0,0,25250.0,26.805999999999486,4.1277777777777995,47.06067415935635,37.63161109785047,9.429063061505992,79.96402892662078,52.68307685014025,37.63161109785047,0.0,32.68102372177525,1.5,3,0.0,308,22.4025974025974,472,2525,,,0.0,0,,,,,,,,,,,,,,,
v3_base,C3,1051,1813,1810,75.41666666666667,99.83452840595697,0.24483984827354732,4.069184047999564,0.0,0,0.0,100,0.36596351981488223,0.0,0,24870.0,26.72999999999949,4.122500000000021,46.95313286664234,37.56446759135593,9.38866527528649,80.00417713988888,55.565086769574755,37.56446759135593,0.0,32.60634226850163,1.5,3,0.0,302,56.95364238410596,462,2487,,,0.0,0,,,,,,,,,,,,,,,
v3_base,C4,1051,1813,1810,75.41666666666667,99.83452840595697,0.24495414009063454,4.069184047999564,0.0,0,0.0,100,0.36559855791013673,0.0,0,25170.0,26.789999999999488,4.126666666666689,47.084519152350765,37.6519754932791,9.432543659071728,79.96678350149249,55.565086769574755,37.6519754932791,0.0,32.69758274468802,1.5,3,0.0,297,46.12794612794613,470,2517,,,0.0,0,,,,,,,,,,,,,,,
v3_base,C5,1051,1813,1810,75.41666666666667,99.83452840595697,0.24649340601838568,4.069184047999564,0.0,0,0.0,100,0.36897766592118725,0.0,0,21470.0,26.049999999999574,4.075277777777792,45.86804026837258,36.691634455739916,9.176405812632675,79.99390041749815,54.63818994400368,36.691634455739916,0.0,31.852805741925405,1.5,3,0.0,800,55.75,445,2147,,,20.814118653186597,2347,0.008868393120232892,0.007254374970216304,0.021693658002186558,0.10940533300163224,47.62036642522369,150.66723476778867,28.172134639965915,0.0,21.677034512143162,0.0,0.0,0.0,0.0,0.0,0.0
v3_base,C1,1052,1855,1845,76.875,99.46091644204851,1.5166743716185183,55.37178852398186,0.6111857448891136,0,8.35579514824798,100,0.41488294187664554,0.0,0,100.0,22.27999999999993,3.865972222222212,25.1421409244076,20.145393176337617,4.9967477480699785,80.12600532670145,29.677958753576217,0.0,20.145393176337617,17.459820086394163,0.0,0,0.0,0,0.0,0,10,0.3,0.7,0.0,0,,,,,,,,,,,,,,,
v3_base,C2,1052,1855,1845,76.875,99.46091644204851,0.24449123183512467,4.2955603964897815,0.0,0,0.0,100,0.3569045690942133,0.0,0,25620.0,27.383999999999453,4.220416666666688,46.01435512608314,36.81911645086677,9.195238675216435,80.01658688898138,56.61986811414421,36.81911645086677,0.0,31.95441328200222,1.5,3,0.0,279,31.182795698924732,502,2562,,,0.0,0,,,,,,,,,,,,,,,
v3_base,C3,1052,1855,1845,76.875,99.46091644204851,0.24442336427546338,4.2955603964897815,0.0,0,0.0,100,0.35735864834127035,0.0,0,24960.0,27.251999999999466,4.211250000000022,45.85088659714262,36.67757534612281,9.173311251019893,79.99316494876354,58.070979225255336,36.67757534612281,0.0,31.840893470237944,1.5,3,0.0,297,50.16835016835017,488,2496,,,0.0,0,,,,,,,,,,,,,,,
v3_base,C4,1052,1855,1845,76.875,99.46091644204851,0.24435559646512933,4.2955603964897815,0.0,0,0.0,100,0.3572350798888276,0.0,0,25160.0,27.29199999999946,4.214027777777799,45.895371240022,36.72072756197788,9.174643678044193,80.00965363138063,58.070979225255336,36.72072756197788,0.0,31.871785583348615,1.5,3,0.0,296,35.810810810810814,488,2516,,,0.0,0,,,,,,,,,,,,,,,
v3_base,C5,1052,1855,1845,76.875,99.46091644204851,0.2448689394061055,4.2955603964897815,0.0,0,0.0,100,0.3600069444135408,0.0,0,21980.0,26.655999999999533,4.169861111111127,44.897500011125295,35.92430198873296,8.973198022392372,80.01403637135957,56.877784031594935,35.92430198873296,0.0,31.17881945217036,1.5,3,0.0,803,56.16438356164384,465,2198,,,23.030422504874878,2373,0.009705192795986042,0.00761566695291549,0.022606500203255567,0.13452545797917992,46.093552465233884,148.42056468605142,27.7307206068268,0.0,21.460176991150444,0.0,0.0,0.0,0.0,0.0,0.0
v3_base,C1,1053,1807,1801,75.04166666666667,99.66795794133924,1.307947309070073,90.09494766127985,0.6519088235221603,0,5.534034311012725,100,0.4282839029220498,7.637389735530378,0,100.0,21.703999999999954,3.7659722222222127,25.11779494806204,20.134639540128223,4.983155407933822,80.1608564038449,29.678888888888544,0.0,20.134639540128223,17.44291315837642,0.0,0,38.18694867765189,0,0.0,0,10,0.3,0.7,0.0,0,,,,,,,,,,,,,,,
v3_base,C2,1053,1807,1801,75.04166666666667,99.66795794133924,0.19254751463565556,3.9026234114899125,0.0,0,0.0,100,0.3723969259079719,0.0,0,25130.0,26.709999999999496,4.113611111111132,45.23710667313004,36.179306748312776,9.05779992481734,79.97705735190746,53.46807091162751,36.179306748312776,0.0,31.414657411895888,1.5,3,0.0,265,23.77358490566038,435,2513,,,0.0,0,,,,,,,,,,,,,,,
v3_base,C3,1053,1807,1801,75.04166666666667,99.66795794133924,0.1925827624733778,3.9026234114899125,0.0,0,0.0,100,0.3727354337620617,0.0,0,24810.0,26.645999999999496,4.109166666666688,45.11524384565776,36.11086269244823,9.004381153209572,80.04137762390442,54.109923001516194,36.11086269244823,0.0,31.330030448373474,1.5,3,0.0,287,53.65853658536586,436,2481,,,0.0,0,,,,,,,,,,,,,,,
v3_base,C4,1053,1807,1801,75.04166666666667,99.66795794133924,0.19254955422900089,3.9026234114899125,0.0,0,0.0,100,0.37263217342333893,0.0,0,24920.0,26.6679999999995,4.110694444444466,45.15241756759795,36.13439047022603,9.018027097371984,80.0275874843889,54.109923001516194,36.13439047022603,0.0,31.355845533054165,1.5,3,0.0,257,41.63424124513619,426,2492,,,0.0,0,,,,,,,,,,,,,,,
v3_base,C5,1053,1807,1801,75.04166666666667,99.66795794133924,0.19284420895787516,3.9026234114899125,0.0,0,0.0,100,0.3758765101351947,0.0,0,21080.0,25.89999999999958,4.057361111111126,43.98445635132989,35.19012751307478,8.79432883825514,80.00582576715374,54.109923001516194,35.19012751307478,0.0,30.544761355090227,1.5,3,0.0,846,58.62884160756501,396,2108,,,22.86864066310227,2411,0.009485126778557557,0.007403291994705796,0.02394533299957402,0.13284054200630635,47.20240564081294,149.69431771049358,27.94068851099129,0.0,21.64288676897553,0.0,0.0,0.0,0.0,0.0,0.0
v3_base,C1,1054,1735,1732,72.16666666666667,99.82708933717579,0.6873248351291721,52.24181651024386,0.2603077286029767,0,0.5763688760806907,100,0.44825938981180524,0.0,0,100.0,20.839999999999982,3.615972222222213,25.126619667750113,20.115212314186387,5.011407353563726,80.05538580266791,29.678888888888554,0.0,20.115212314186387,17.449041435937577,0.0,0,0.0,0,0.0,0,10,0.3,0.7,0.0,0,,,,,,,,,,,,,,,
v3_base,C2,1054,1735,1732,72.16666666666667,99.82708933717579,0.20313210015570457,3.6565313257327032,0.0,0,0.0,100,0.3929461899409802,0.0,0,24960.0,25.811999999999525,3.961250000000021,45.039371621247064,36.05174009196459,8.987631529282575,80.0449446656076,50.39152294682266,36.05174009196459,0.0,31.27734140364383,1.5,3,0.0,278,21.223021582733814,439,2496,,,0.0,0,,,,,,,,,,,,,,,
v3_base,C3,1054,1735,1732,72.16666666666667,99.82708933717579,0.20347951279724513,3.6565313257327032,0.0,0,0.0,100,0.39312109366099196,0.0,0,24610.0,25.74199999999953,3.9563888888889096,44.97640628204287,35.97687898085348,8.999527301189476,79.99055939517667,50.39152294682266,35.97687898085348,0.0,31.233615473640896,1.5,3,0.0,293,47.44027303754266,432,2461,,,0.0,0,,,,,,,,,,,,,,,
v3_base,C4,1054,1735,1732,72.16666666666667,99.82708933717579,0.2035211195866018,3.6565313257327032,0.0,0,0.0,100,0.3931681812855132,0.0,0,24650.0,25.749999999999527,3.9569444444444652,44.959454737215175,35.985434536409024,8.974020200806246,80.0397485840105,50.39152294682266,35.985434536409024,0.0,31.22184356751057,1.5,3,0.0,285,43.15789473684211,435,2465,,,0.0,0,,,,,,,,,,,,,,,
v3_base,C5,1054,1735,1732,72.16666666666667,99.82708933717579,0.2023675418130424,3.6565313257327032,0.0,0,0.0,100,0.3963738877152331,0.0,0,20740.0,24.967999999999623,3.9026388888889016,43.80540042251608,35.049342711577005,8.756057710939098,80.01146519268332,47.4025436716547,35.049342711577005,0.0,30.42041696008062,1.5,3,0.0,934,56.85224839400428,405,2074,,,20.436891138728242,2456,0.008321209747039187,0.007189916505012661,0.018281812022905797,0.187321208009962,48.93322475570032,154.75162866449512,29.224348534201955,0.0,21.563517915309447,0.0,0.0,0.0,0.0,0.0,0.0
v3_base,C1,1055,1801,1797,74.875,99.77790116601888,0.6381120279777276,50.95613856852797,0.27377542023593904,0,0.6107717934480839,100,0.4232376177290016,0.0,0,110.0,21.63399999999995,3.7536111111111015,27.53445761755943,22.1423746451158,5.3920829724436325,80.41696318359669,29.678888888888554,0.0,22.1423746451158,19.121151123305154,0.0,0,0.0,0,0.0,0,11,0.3,0.7,0.0,0,,,,,,,,,,,,,,,
v3_base,C2,1055,1801,1798,74.91666666666667,99.83342587451416,0.17083037407694138,2.7264503273485086,0.0,0,0.0,100,0.36764687164055443,4.7369515717340015e-17,0,25930.0,26.797999999999483,4.112222222222244,47.547126209400346,38.04481908956066,9.502307119839768,80.01497066722611,49.52622442873984,38.04481908956066,0.0,33.01883764541691,1.5,3,2.3684757858670006e-16,259,21.62162162162162,505,2593,,,0.0,0,,,,,,,,,,,,,,,
v3_base,C3,1055,1801,1798,74.91666666666667,99.83342587451416,0.17057911777557366,2.7264503273485086,0.0,0,0.0,100,0.3679853177954213,4.7369515717340015e-17,0,25440.0,26.69999999999949,4.105416666666688,47.42528559364827,37.94001353400511,9.485272059643226,79.99954677992802,49.84956859948356,37.94001353400511,0.0,32.93422610670017,1.5,3,2.3684757858670006e-16,279,44.80286738351255,481,2544,,,0.0,0,,,,,,,,,,,,,,,
v3_base,C4,1055,1801,1798,74.91666666666667,99.83342587451416,0.17047347731097492,2.7264503273485086,0.0,0,0.0,100,0.3678546416820726,4.7369515717340015e-17,0,25590.0,26.729999999999485,4.107500000000021,47.47232899445382,37.97209686733845,9.500232127115453,79.98785328559448,49.84956859948356,37.97209686733845,0.0,32.966895135037404,1.5,3,2.3684757858670006e-16,270,46.2962962962963,490,2559,,,0.0,0,,,,,,,,,,,,,,,
v3_base,C5,1055,1801,1798,74.91666666666667,99.83342587451416,0.1713854647995127,2.7264503273485086,0.0,0,0.0,100,0.37063610212134146,4.7369515717340015e-17,0,22370.0,26.085999999999565,4.062777777777793,46.47100323631709,37.178682076097594,9.292321160219487,80.00404442967233,49.89234637726134,37.178682076097594,0.0,32.271530025220194,1.5,3,2.3684757858670006e-16,843,56.4650059311981,476,2237,,,19.90758190723136,2416,0.008239893173522915,0.0072010829753708094,0.019492645471473224,0.09318329097004607,47.1978476821192,149.52814569536423,27.944950331125828,0.0,21.462334437086092,0.0,0.0,0.0,0.0,0.0,0.0
v3_base,C1,1056,1733,1730,72.08333333333333,99.8268897864974,0.62366442835459,52.36564201832856,0.26322048368652046,0,0.5770340450086509,100,0.44840345517576435,0.0,0,100.0,20.815999999999985,3.611805555555546,25.274756136724836,20.146920012079125,5.127836124645716,79.71162967149328,29.678888888888554,0.0,20.146920012079125,17.55191398383669,0.0,0,0.0,0,0.0,0,10,0.3,0.7,0.0,0,,,,,,,,,,,,,,,
v3_base,C2,1056,1733,1730,72.08333333333333,99.8268897864974,0.17979592926001275,3.086247008338978,0.0,0,0.0,100,0.39602254930930136,0.0,0,24460.0,25.68799999999953,3.95013888888891,44.13188224865145,35.31269474248266,8.819187506168891,80.01628968264032,53.63574439153101,35.31269474248266,0.0,30.64714045045241,1.5,3,0.0,268,18.28358208955224,412,2446,,,0.0,0,,,,,,,,,,,,,,,
v3_base,C3,1056,1733,1730,72.08333333333333,99.8268897864974,0.17974341958361525,3.086247008338978,0.0,0,0.0,100,0.3962586344072688,0.0,0,24140.0,25.623999999999537,3.9456944444444653,44.04689161338319,35.24400411893975,8.80288749444354,80.01473617773117,53.63574439153101,35.24400411893975,0.0,30.58811917596055,1.5,3,0.0,264,45.83333333333333,402,2414,,,0.0,0,,,,,,,,,,,,,,,
v3_base,C4,1056,1733,1730,72.08333333333333,99.8268897864974,0.17986730578902727,3.086247008338978,0.0,0,0.0,100,0.39630242375471764,0.0,0,24180.0,25.631999999999536,3.9462500000000214,44.031127448301575,35.25280585359376,8.778321594707915,80.06337311027356,53.63574439153101,35.25280585359376,0.0,30.57717183909832,1.5,3,0.0,257,32.295719844357976,410,2418,,,0.0,0,,,,,,,,,,,,,,,
v3_base,C5,1056,1733,1730,72.08333333333333,99.8268897864974,0.1806503108852523,3.086247008338978,0.0,0,0.0,100,0.3992558472136565,0.0,0,20460.0,24.88799999999963,3.8945833333333466,42.96789500308365,34.38080065575932,8.587094347324363,80.01509185705267,52.687341628124116,34.38080065575932,0.0,29.838815974363662,1.5,3,0.0,928,59.375,391,2046,,,20.20100852183532,2437,0.008289293607646828,0.00725025002611801,0.01892300018807873,0.1006791660329327,49.72096840377513,155.4489125974559,29.304472712351252,0.0,21.956093557652853,0.0,0.0,0.0,0.0,0.0,0.0
