scenario,strategy,replication,requested_tasks,completed_tasks,throughput,completion_rate,mean_delay,max_delay,mean_tardiness,urgent_deadline_violation_rate,normal_deadline_violation_rate,urgent_on_time_rate,idle_ratio,charging_wait,low_soc_stops,detour_distance_m,traction_energy,aux_energy,wpt_input_energy,battery_delivered_energy,wpt_loss,mean_efficiency,fleet_min_soc,opportunity_charging_energy,mandatory_charging_energy,pad_utilization,mean_queue,max_queue,pad_waiting_time,charging_contention_events,different_decision_rate_C4_vs_C3,deferred_charging_requests,charging_sessions,c1_start_soc,c1_target_soc,solver_computation_time_s,solver_calls,solver_mean_time_s,solver_median_time_s,solver_p95_time_s,solver_max_time_s,solver_mean_binary_variables,solver_mean_constraints,solver_mean_available_agv_slot_pairs,solver_mean_actual_busy_agv_slot_pairs,solver_mean_forecast_busy_agv_slot_pairs,solver_infeasible_calls,solver_time_limit_calls,solver_fallback_calls,solver_safety_slack_total,solver_reserve_slack_total,solver_task_slack_total
v3_primary_challenge,C1,1007,2167,2161,90.04166666666667,99.72311952007384,4.048738159080394,104.52259471213922,2.338114064306204,37.05263157894737,24.113475177304966,62.94736842105263,0.3003203279115726,16.784635022279872,0,140.0,26.06599999999988,4.518888888888885,35.184681951833866,28.124206026925137,7.060475924908731,79.93309720811409,29.683410943115195,0.0,28.124206026925137,48.86761382199148,0.0,0,83.92317511139936,0,0.0,0,14,0.3,0.7,0.0,0,,,,,,,,,,,,,,,
v3_primary_challenge,C2,1007,2167,2166,90.25,99.95385325334564,2.8468577027309867,156.93168148031847,1.4331128230490695,31.157894736842106,18.79432624113475,68.84210526315789,0.2863492952747078,23.963826805612165,0,9150.0,27.86799999999977,4.644027777777784,40.21425370110518,31.984825402488372,8.229428298616817,79.53604122612217,19.764135828211153,14.43902786431285,17.545797538175524,55.85313014042388,2.0,4,119.81913402806082,438,37.21461187214612,201,915,,,0.0,0,,,,,,,,,,,,,,,
v3_primary_challenge,C3,1007,2167,2028,84.5,93.58560221504383,11.152000554665186,417.41092969004967,10.386955802033734,19.789473684210524,6.560283687943258,80.21052631578948,0.2672580293807744,162.1033731127179,0,12620.0,28.561999999999692,4.692222222222237,47.087109422921166,37.60653936025862,9.480570062662562,79.86589073134405,19.65553749443427,20.049795011332073,17.55674434892655,65.39876308739052,2.0,4,810.5168655635896,590,56.271186440677965,267,1262,,,0.0,0,,,,,,,,,,,,,,,
v3_primary_challenge,C4,1007,2167,1998,83.25,92.20119981541302,14.927661610093471,390.7811738698314,13.94952189789659,24.842105263157897,10.874704491725772,75.1578947368421,0.2721860583492602,140.65662541688474,0,11840.0,28.40599999999971,4.681388888888901,45.31301899426632,36.36687269359195,8.946146300674393,80.2570067074843,19.764049854720785,18.82320570281597,17.543666990775982,62.934748603147696,2.0,4,703.2831270844237,557,50.269299820466784,252,1184,,,0.0,0,,,,,,,,,,,,,,,
v3_primary_challenge,C5,1007,2167,2026,84.41666666666667,93.49330872173512,11.365996880280923,419.6448031679703,10.586126651696675,19.57894736842105,6.914893617021278,80.42105263157895,0.2675813093563355,162.90733548909756,0,12570.0,28.551999999999698,4.691527777777793,46.97072863171921,37.548067138036394,9.42266149368284,79.93929034492405,19.644191689701106,19.99470634983143,17.553360788204966,65.23712309961005,2.0,4,814.5366774454877,587,45.4855195911414,266,1257,,,4.064201034721918,1252,0.00324616696064051,0.0033115420083049685,0.007040933158714325,0.009548500005621463,27.400159744408946,138.83945686900958,27.400159744408946,0.0,23.526357827476037,0.0,0.0,0.0,0.0,328.57756795400456,105.89148158308953
v3_primary_challenge,C1,1008,2146,2136,89.0,99.53401677539608,2.515657030671834,100.27253975265788,1.210947300338954,34.62414578587699,11.892208553016992,65.37585421412301,0.3199836998287,14.068460314672883,0,120.0,25.6379999999999,4.4629166666666595,30.205868061668006,24.127597806854375,6.078270254813633,79.87718729882454,29.61833333333322,0.0,24.127597806854375,41.95259453009446,0.0,0,70.34230157336442,0,0.0,0,12,0.3,0.7,0.0,0,,,,,,,,,,,,,,,
v3_primary_challenge,C2,1008,2146,2132,88.83333333333333,99.34762348555452,1.0327867073967956,106.87084278973902,0.32666420306660643,18.678815489749432,2.5776215582894,81.32118451025056,0.29051309726659746,7.426525803243663,0,11600.0,27.93399999999976,4.622361111111119,40.8152849840249,32.57206178809578,8.24322319592914,79.80358780012068,19.72483284778594,18.528130818108785,14.043930969986993,56.687895811145715,2.0,4,37.13262901621832,546,36.08058608058608,250,1160,,,0.0,0,,,,,,,,,,,,,,,
v3_primary_challenge,C3,1008,2146,2136,89.0,99.53401677539608,0.4281887237263722,3.571786913525769,0.011974988757186097,9.56719817767654,0.0,90.43280182232346,0.3216171243481277,0.0,0,14630.0,28.53999999999969,4.6644444444444595,29.61783523467397,23.66008277093095,5.95775246374305,79.88457827340397,30.031447889558454,23.66008277093095,0.0,41.13588227038054,2.0,4,0.0,699,58.0829756795422,317,1463,,,0.0,0,,,,,,,,,,,,,,,
v3_primary_challenge,C4,1008,2146,2136,89.0,99.53401677539608,0.4281887237263722,3.571786913525769,0.011974988757186097,9.56719817767654,0.0,90.43280182232346,0.3216171243481278,0.0,0,14630.0,28.53999999999969,4.6644444444444595,29.617835234673972,23.700016418681084,5.917818815992919,80.01940800499551,24.491000072257986,23.700016418681084,0.0,41.13588227038054,2.0,4,0.0,699,52.5035765379113,317,1463,,,0.0,0,,,,,,,,,,,,,,,
v3_primary_challenge,C5,1008,2146,2136,89.0,99.53401677539608,0.4281887237263722,3.571786913525769,0.011974988757186097,9.56719817767654,0.0,90.43280182232346,0.3216171243481278,0.0,0,14630.0,28.53999999999969,4.6644444444444595,29.61783523467397,23.687160997288007,5.930674237385997,79.97600368023235,23.506292072051355,23.687160997288007,0.0,41.135882270380556,2.0,4,0.0,699,46.065808297567955,317,1463,,,2.9610912445932627,1463,0.002023985813119113,0.0010172090260311961,0.0062328797124791835,0.0089342090068385,27.477785372522213,139.21736158578264,27.477785372522213,0.0,23.493506493506494,0.0,0.0,0.0,0.0,43.561209231622186,14.954327794759259
v3_primary_challenge,C1,1009,2120,2119,88.29166666666667,99.95283018867924,5.034698251777032,139.52462986344193,3.3090087584314167,40.78624078624079,19.206071220081732,59.21375921375921,0.3057974142114473,34.43576158612957,0,150.0,25.527999999999913,4.422777777777773,37.912930883878985,30.1397014070563,7.77322947682268,79.49715494001032,29.628888888888767,0.0,30.1397014070563,52.65684844983193,0.0,0,172.17880793064785,0,0.0,0,15,0.3,0.7,0.0,0,,,,,,,,,,,,,,,
v3_primary_challenge,C2,1009,2120,2120,88.33333333333333,100.0,2.7141889624174502,151.9755844298049,1.4631394857667341,27.764127764127768,14.360770577933446,72.23587223587224,0.29516944221910313,20.8103115407881,0,9840.0,27.4659999999998,4.557361111111118,41.739000801122856,33.48694503756544,8.252055763557438,80.22938832945081,19.65397574375535,15.949762804498473,17.537182233066975,57.97083444600399,2.0,4,104.05155770394049,454,40.308370044052865,216,984,,,0.0,0,,,,,,,,,,,,,,,
v3_primary_challenge,C3,1009,2120,2120,88.33333333333333,100.0,0.4122889213091797,4.0288304580807255,0.011007360279188347,9.336609336609335,0.0,90.66339066339066,0.3276505622905711,0.0,0,14580.0,28.413999999999703,4.62319444444446,30.04579757539438,24.062060364022457,5.983737211371949,80.08461184511133,20.78520196776634,24.062060364022457,0.0,41.73027441027001,2.0,4,0.0,696,59.77011494252874,320,1458,,,0.0,0,,,,,,,,,,,,,,,
v3_primary_challenge,C4,1009,2120,2102,87.58333333333333,99.15094339622641,1.2649137372540002,395.70196170800386,0.744250731693961,11.54791154791155,2.2183304144775207,88.45208845208845,0.26982896850294413,146.296621688611,0,14030.0,28.303999999999718,4.61555555555557,50.86157133894007,40.50567362927874,10.355897709661374,79.63905275232274,19.707261698965056,22.971487066514918,17.53418656276382,70.6410713040835,2.0,4,731.483108443055,669,54.26008968609865,308,1403,,,0.0,0,,,,,,,,,,,,,,,
v3_primary_challenge,C5,1009,2120,2024,84.33333333333333,95.47169811320755,5.508868095749733,329.3344604188644,4.8112383335703806,14.987714987714984,6.713368359603034,85.01228501228502,0.28583507619338144,96.03560019142577,0,13470.0,28.19199999999973,4.607777777777792,45.09937257038267,36.145033886858556,8.95433868352415,80.1453142844729,19.676874590639475,22.100662051831375,14.044371835027182,62.63801745886487,2.0,4,480.1780009571288,649,48.844375963020035,296,1347,,,4.020949589728843,1343,0.0029940056513245296,0.0017097500385716558,0.00728086216840892,0.01120791700668633,27.620997766195085,139.6187639612807,27.620997766195085,0.0,23.259121370067014,0.0,0.0,0.0,0.0,225.68973650682767,78.05435070437532
v3_primary_challenge,C1,1010,2162,2151,89.625,99.49121184088807,2.3650624245898335,112.5947999374799,1.1429141820459996,30.523917995444194,11.25943122460824,69.4760820045558,0.30854471154814744,16.43548810226194,0,130.0,26.033999999999892,4.510416666666662,32.723903842666914,26.143776463647153,6.580127379019756,79.89198534913096,29.603888888888847,0.0,26.143776463647153,45.44986644814849,0.0,0,82.1774405113097,0,0.0,0,13,0.3,0.7,0.0,0,,,,,,,,,,,,,,,
v3_primary_challenge,C2,1010,2162,2148,89.5,99.35245143385754,0.6756419593188778,88.16762670790389,0.11912503093123336,12.528473804100226,0.9866511897852592,87.47152619589977,0.30092892424143947,0.0,0,13750.0,28.757999999999697,4.699583333333347,35.46558727308176,28.367146439045428,7.0984408340363565,79.98499001474588,19.80314826478362,21.35080981889818,7.016336620147246,49.25776010150248,2.0,4,0.0,613,43.882544861337685,297,1375,,,0.0,0,,,,,,,,,,,,,,,
v3_primary_challenge,C3,1010,2162,2153,89.70833333333333,99.58371877890842,0.4032687898204915,4.418069406834669,0.011896557311936399,7.744874715261963,0.0,92.25512528473804,0.31724210487335097,0.0,0,15150.0,29.037999999999666,4.719027777777795,29.59284224559363,23.67021953543999,5.922622710153672,79.98629985926574,29.517665738033582,23.67021953543999,0.0,41.10116978554675,2.0,4,0.0,687,58.22416302765647,332,1515,,,0.0,0,,,,,,,,,,,,,,,
v3_primary_challenge,C4,1010,2162,2153,89.70833333333333,99.58371877890842,0.4032687898204915,4.418069406834669,0.011896557311936399,7.744874715261963,0.0,92.25512528473804,0.3172421048733509,0.0,0,15150.0,29.03799999999967,4.719027777777795,29.592842245593634,23.677466536343694,5.915375709249969,80.01078889226756,25.993477990422846,23.677466536343694,0.0,41.10116978554675,2.0,4,0.0,687,48.617176128093156,332,1515,,,0.0,0,,,,,,,,,,,,,,,
v3_primary_challenge,C5,1010,2162,2153,89.70833333333333,99.58371877890842,0.4032687898204915,4.418069406834669,0.011896557311936399,7.744874715261963,0.0,92.25512528473804,0.31724210487335097,0.0,0,15150.0,29.03799999999967,4.719027777777796,29.59284224559363,23.682014206606404,5.91082803898726,80.02615635925491,21.757003055283743,23.682014206606404,0.0,41.10116978554675,2.0,4,0.0,687,40.756914119359536,332,1515,,,3.3133952622883953,1515,0.0021870595790682477,0.0010944579844363034,0.0058236713055521225,0.009195042017381638,26.504950495049506,134.819801980198,26.504950495049506,0.0,22.93003300330033,0.0,0.0,0.0,0.0,81.79457911731632,30.056120826510696
v3_primary_challenge,C1,1011,2201,2196,91.5,99.77283053157655,13.965394957231029,180.43678719084966,11.141743279684796,65.26806526806527,41.19638826185101,34.731934731934736,0.28424581170305435,63.00220904796944,0,150.0,26.5279999999999,4.593472222222217,37.571507786900426,30.188517378699636,7.382990408200788,80.34949661835259,29.61833333333321,0.0,30.188517378699636,52.18264970402835,0.0,0,315.0110452398472,0,0.0,0,15,0.3,0.7,0.0,0,,,,,,,,,,,,,,,
v3_primary_challenge,C2,1011,2201,2196,91.5,99.77283053157655,7.317133988623376,181.59238892864767,5.446892404827014,44.28904428904429,31.264108352144472,55.71095571095571,0.28002805553145144,31.53677614327246,0,8560.0,28.20999999999981,4.710277777777781,39.089900008677475,31.228786832653206,7.861113176024279,79.88965647320867,19.696424823073237,13.683228797226224,17.54555803542699,54.29152778982983,2.0,4,157.6838807163623,412,52.18446601941748,196,856,,,0.0,0,,,,,,,,,,,,,,,
v3_primary_challenge,C3,1011,2201,1910,79.58333333333333,86.77873693775557,33.30177848919848,423.3494798832551,32.0872094710884,28.671328671328666,17.720090293453726,71.32867132867133,0.26295921599056415,162.05036562329744,0,11490.0,28.795999999999747,4.750972222222232,45.2346822433969,36.107100712033116,9.127581531363804,79.82171847201121,19.860931906014283,18.58188965503422,17.52521105699889,62.82594756027349,2.0,4,810.2518281164872,562,59.252669039145914,255,1149,,,0.0,0,,,,,,,,,,,,,,,
v3_primary_challenge,C4,1011,2201,1936,80.66666666666667,87.96001817355747,29.309995037278448,398.71034136444894,28.009130275616112,30.069930069930074,19.074492099322804,69.93006993006993,0.26358599606700084,137.49090428918038,0,11320.0,28.761999999999745,4.748611111111121,45.009041415879686,35.96876737869977,9.040274037179923,79.91453771776975,19.683751292809095,18.42657932646808,17.542188052231694,62.512557522055126,2.0,4,687.4545214459018,560,49.28571428571429,249,1132,,,0.0,0,,,,,,,,,,,,,,,
v3_primary_challenge,C5,1011,2201,1925,80.20833333333333,87.4602453430259,31.05742530109787,411.40261272584416,29.809518312617424,30.069930069930074,18.115124153498876,69.93006993006993,0.2629206508617266,148.3989643955564,0,11320.0,28.761999999999748,4.7486111111111216,45.24856568977842,35.97643404536643,9.272131644412001,79.508451808216,19.70674461528842,18.41395919368167,17.562474851684758,62.84523012469225,2.0,4,741.994821977782,560,47.67857142857143,249,1132,,,3.4194835146772675,1127,0.003034146863067673,0.001742082997225225,0.007132678717607633,0.009568375011440367,27.444543034605147,139.09139307897073,27.444543034605147,0.0,23.41614906832298,0.0,0.0,0.0,0.0,265.0329188385304,86.91411419481211
v3_primary_challenge,C1,1012,2155,2131,88.79166666666667,98.88631090487239,4.992569281715438,102.03214631809375,2.860244795442837,46.9626168224299,35.668789808917204,53.0373831775701,0.30306445001067883,25.12195234536613,0,140.0,25.8499999999999,4.4888888888888845,35.39679799615562,28.134787314653046,7.262010681502577,79.48398981656113,29.650555555555453,0.0,28.134787314653046,49.16221943910502,0.0,0,125.60976172683064,0,0.0,0,14,0.3,0.7,0.0,0,,,,,,,,,,,,,,,
v3_primary_challenge,C2,1012,2155,2087,86.95833333333333,96.84454756380511,4.348266706166842,200.7355783774566,3.1989804047135424,24.29906542056075,15.923566878980889,75.70093457943925,0.2754951920611176,54.89795019851614,0,12000.0,28.22199999999975,4.65361111111112,45.321730857997636,36.36356509243099,8.958165765566678,80.23428144517597,19.608660478438875,18.809426014555044,17.55413907787594,62.946848413885625,2.0,4,274.4897509925807,573,41.8848167539267,259,1200,,,0.0,0,,,,,,,,,,,,,,,
v3_primary_challenge,C3,1012,2155,2150,89.58333333333333,99.76798143851508,0.43896390259897616,4.471381576697847,0.01476969067506769,9.112149532710278,0.0,90.88785046728972,0.3217196635858913,0.0,0,14590.0,28.739999999999693,4.689583333333348,28.680921109079073,22.956800622631807,5.724120486447297,80.04206188261062,23.634558569033747,22.956800622631807,0.0,39.83461265149875,2.0,4,0.0,709,57.96897038081805,328,1459,,,0.0,0,,,,,,,,,,,,,,,
v3_primary_challenge,C4,1012,2155,2143,89.29166666666667,99.44315545243619,0.5564626298149733,91.15594219672178,0.06775781461599656,9.813084112149529,0.694846554719164,90.18691588785047,0.3101574892485775,0.0,0,14380.0,28.697999999999695,4.686666666666682,32.843303870512074,26.139286968562928,6.704016901949184,79.58787298506756,19.715312152193892,22.625052576172624,3.514234392390305,45.61569982015569,2.0,4,0.0,697,51.79340028694405,319,1438,,,0.0,0,,,,,,,,,,,,,,,
v3_primary_challenge,C5,1012,2155,2150,89.58333333333333,99.76798143851508,0.43896390259897616,4.471381576697847,0.01476969067506769,9.112149532710278,0.0,90.88785046728972,0.3217196635858913,0.0,0,14590.0,28.739999999999693,4.689583333333349,28.680921109079073,22.94831124824091,5.732609860838201,80.01246250412969,20.979660043945913,22.94831124824091,0.0,39.83461265149875,2.0,4,0.0,709,44.99294781382229,328,1459,,,3.690075906168204,1459,0.0025291815669418807,0.001141666027251631,0.0069588464277330776,0.010320707981009036,27.501713502398903,139.23098012337218,27.501713502398903,0.0,23.43385880740233,0.0,0.0,0.0,0.0,199.6864245458949,66.37796595182584
v3_primary_challenge,C1,1013,2173,2155,89.79166666666667,99.17165209387943,3.3584313846605798,124.59753195710952,1.8349423484767597,44.12416851441242,14.866434378629501,55.87583148558758,0.2989268870142346,24.26786301161256,0,140.0,25.921999999999905,4.516388888888884,35.086320674875566,28.11394569771957,6.972374977155992,80.12793919953897,29.644832999276876,0.0,28.11394569771957,48.73100093732716,0.0,0,121.3393150580628,0,0.0,0,14,0.3,0.7,0.0,0,,,,,,,,,,,,,,,
v3_primary_challenge,C2,1013,2173,2127,88.625,97.88311090658077,1.7943456700474163,204.99766137971335,0.976362587105502,19.512195121951216,4.703832752613235,80.48780487804879,0.2782251067590322,31.828619163365705,0,12540.0,28.40199999999974,4.688611111111122,42.53896156674838,34.117198905780384,8.421762660968017,80.20223731189745,19.58632567433305,20.066893049698944,14.050305856081446,59.08189106492833,2.0,4,159.14309581682852,608,46.875,274,1254,,,0.0,0,,,,,,,,,,,,,,,
v3_primary_challenge,C3,1013,2173,2164,90.16666666666667,99.58582604693972,0.49324020705760324,5.417435976621399,0.02079807198261153,12.195121951219512,0.05807200929152101,87.8048780487805,0.3154996811825107,0.0,0,14470.0,28.787999999999695,4.715416666666682,29.120114774296127,23.27359317248729,5.846521601808878,79.92273846746829,24.107131973294614,23.27359317248729,0.0,40.4446038531891,2.0,4,0.0,693,56.56565656565656,318,1447,,,0.0,0,,,,,,,,,,,,,,,
v3_primary_challenge,C4,1013,2173,2164,90.16666666666667,99.58582604693972,0.49324020705760324,5.417435976621399,0.02079807198261153,12.195121951219512,0.05807200929152101,87.8048780487805,0.3154996811825107,1.1842378929335004e-17,0,14470.0,28.7879999999997,4.715416666666682,29.12011477429613,23.290727435614404,5.82938733868175,79.98157842486515,21.0787933594662,23.290727435614404,0.0,40.4446038531891,2.0,4,5.921189464667501e-17,693,48.05194805194805,318,1447,,,0.0,0,,,,,,,,,,,,,,,
v3_primary_challenge,C5,1013,2173,2164,90.16666666666667,99.58582604693972,0.49324020705760324,5.417435976621399,0.02079807198261153,12.195121951219512,0.05807200929152101,87.8048780487805,0.3154996811825107,0.0,0,14470.0,28.7879999999997,4.715416666666682,29.120114774296127,23.28221629446466,5.837898479831489,79.95235072018161,22.569399369372565,23.28221629446466,0.0,40.4446038531891,2.0,4,0.0,693,42.857142857142854,318,1447,,,2.8532230587443337,1447,0.001971819667411426,0.0010207080049440265,0.006043675099499525,0.026820458995644003,27.107809260539046,137.5438838977194,27.107809260539046,0.0,23.228749136143744,0.0,0.0,0.0,0.0,102.38859467524647,34.061098901708434
v3_primary_challenge,C1,1014,2235,2229,92.875,99.73154362416108,5.933779484822606,126.77231560677889,4.122482791547288,45.2914798206278,20.849636668529904,54.7085201793722,0.2812750029965363,43.861029108982805,0,140.0,26.65999999999989,4.6451388888888845,35.240998921246955,28.1488906713262,7.092108249920757,79.87540516155775,29.63672198732885,0.0,28.1488906713262,48.945831835065206,0.0,0,219.305145544914,0,0.0,0,14,0.3,0.7,0.0,0,,,,,,,,,,,,,,,
v3_primary_challenge,C2,1014,2235,2166,90.25,96.91275167785236,6.232049778573569,244.06112333038544,4.951326614885381,29.82062780269058,14.086081609837898,70.17937219730942,0.2701683556071469,44.83926010978753,0,9080.0,28.447999999999784,4.769305555555562,39.2393919814271,31.327762897907597,7.9116290835195215,79.83753395754894,19.72090975646116,13.774086859830678,17.55367603807692,54.49915552975988,2.0,4,224.19630054893761,400,39.0,203,908,,,0.0,0,,,,,,,,,,,,,,,
v3_primary_challenge,C3,1014,2235,2092,87.16666666666667,93.60178970917225,11.308153736273725,428.01849655900975,10.46956959567221,17.488789237668158,7.2107322526551165,82.51121076233184,0.2524494508828863,168.3728582370795,0,12350.0,29.101999999999716,4.814722222222235,45.6181976821609,36.58872400465965,9.029473677501253,80.20642169948718,19.76794053581025,19.04458417035277,17.544139834306883,63.35860789189016,2.0,4,841.8642911853974,567,59.61199294532628,269,1235,,,0.0,0,,,,,,,,,,,,,,,
v3_primary_challenge,C4,1014,2235,2041,85.04166666666667,91.31991051454139,17.80353307877556,366.8850081984065,16.59057353164579,25.11210762331838,15.315818893236443,74.88789237668162,0.2610612525785455,125.03123008457531,0,10740.0,28.779999999999742,4.792361111111121,42.51794907172358,34.09655733799299,8.421391733730598,80.19332560109018,19.72649579169347,16.562485137822094,17.534072200170897,59.05270704406054,2.0,4,625.1561504228765,496,50.60483870967742,244,1074,,,0.0,0,,,,,,,,,,,,,,,
v3_primary_challenge,C5,1014,2235,2069,86.20833333333333,92.57270693512304,17.34263548318698,318.41107948608163,15.932898657690695,29.372197309417036,20.402459474566793,70.62780269058297,0.2617377644051803,103.04831694594658,0,10400.0,28.711999999999755,4.787638888888898,42.27440481413508,33.75019622688185,8.524208587253232,79.8360056759379,19.779515161246398,16.21197088911304,17.53822533776881,58.71445113074317,2.0,4,515.2415847297328,486,42.79835390946502,234,1040,,,2.42175009282073,1035,0.002339855162145633,0.0010826250072568655,0.006553533714031801,0.01649287500185892,27.0,137.46280193236714,27.0,0.0,23.520772946859903,0.0,0.0,0.0,0.0,103.1938586949787,38.31822636999451
v3_primary_challenge,C1,1015,2188,2178,90.75,99.54296160877514,3.6626816246555958,102.99520126312018,1.692563814706898,48.26789838337182,23.190883190883195,51.73210161662818,0.2868297148577542,21.084131319905925,0,150.0,26.257999999999907,4.558472222222215,37.94130265120848,30.155171212548673,7.786131438659803,79.47848151067156,29.6683333333332,0.0,30.155171212548673,52.69625368223401,0.0,0,105.42065659952962,0,0.0,0,15,0.3,0.7,0.0,0,,,,,,,,,,,,,,,
v3_primary_challenge,C2,1015,2188,2184,91.0,99.81718464351006,2.549906648219449,118.75486926902535,1.2006496893769623,34.18013856812932,13.846153846153841,65.81986143187068,0.27984189343033083,9.122443716993827,0,9190.0,28.06599999999979,4.684027777777781,40.4569183650809,32.447820133812876,8.009098231268025,80.20339028545283,19.61450958337293,14.894678322613748,17.553141811199133,56.19016439594569,2.0,4,45.612218584969135,462,35.714285714285715,181,919,,,0.0,0,,,,,,,,,,,,,,,
v3_primary_challenge,C3,1015,2188,1913,79.70833333333333,87.43144424131627,44.85208727222502,433.06967392542515,43.16871735741369,40.184757505773675,26.21082621082621,59.815242494226325,0.28056776614242984,170.803347929641,0,9420.0,28.11199999999978,4.687222222222227,40.19560418872527,32.250448990326554,7.94515519839873,80.23377093401845,19.590712733268553,14.682681165754813,17.567767824571742,55.82722803989621,2.0,4,854.016739648205,444,62.387387387387385,195,942,,,0.0,0,,,,,,,,,,,,,,,
v3_primary_challenge,C4,1015,2188,2077,86.54166666666667,94.92687385740403,30.39236540012903,359.41428335898905,28.399856529725074,47.57505773672055,31.965811965811962,52.42494226327945,0.286856815529425,107.81521292017433,0,8230.0,27.87399999999981,4.670694444444446,37.931546409407,30.46992121254877,7.461625196858242,80.32870815146163,19.675494732077663,12.91409953959744,17.55582167295133,52.68270334639862,2.0,4,539.0760646008716,395,53.67088607594936,162,823,,,0.0,0,,,,,,,,,,,,,,,
v3_primary_challenge,C5,1015,2188,1979,82.45833333333333,90.44789762340037,40.344549358349234,395.60009827007246,38.45215647887344,43.418013856812934,31.05413105413105,56.581986143187066,0.28329049800527006,144.59670574828394,0,8800.0,27.987999999999797,4.678611111111115,39.21542071810276,31.343254545882083,7.872166172220696,79.92584032488347,19.682865344142172,13.808609120804654,17.534645425077425,54.465862108476074,2.0,4,722.9835287414196,417,47.24220623501199,174,880,,,2.408526849176269,875,0.0027526021133443073,0.0013759589637629688,0.006907521205721422,0.011508916970342398,26.914285714285715,137.01028571428571,26.914285714285715,0.0,23.36,0.0,0.0,0.0,0.0,145.21132447807238,51.57335283879408
v3_primary_challenge,C1,1016,2129,2126,88.58333333333333,99.85908877407233,10.1199746611828,173.4239509201816,8.153403828702258,47.1395881006865,25.531914893617024,52.8604118993135,0.3039298765254544,51.2573041411608,0,150.0,25.68399999999991,4.4448611111111065,37.68524445083642,30.155115465906484,7.530128984929938,80.01836237322641,29.66833333333326,0.0,30.155115465906484,52.34061729282836,0.0,0,256.286520705804,0,0.0,0,15,0.3,0.7,0.0,0,,,,,,,,,,,,,,,
v3_primary_challenge,C2,1016,2129,2057,85.70833333333333,96.61813057773603,4.301975165198802,256.4467874781762,3.2211197963567226,26.544622425629292,13.829787234042556,73.4553775743707,0.27886622870188543,64.03174748425188,0,12190.0,28.09199999999975,4.612083333333344,46.70815766732121,37.18839324368442,9.51976442363681,79.61862574105085,19.60455168285596,19.637348468139194,17.551044775545233,64.87244120461283,2.0,4,320.1587374212594,580,46.55172413793103,251,1219,,,0.0,0,,,,,,,,,,,,,,,
v3_primary_challenge,C3,1016,2129,2127,88.625,99.90605918271488,0.4209402115406583,3.7609962898756444,0.010169763797742077,8.924485125858128,0.0,91.07551487414187,0.3259047698177796,0.0,0,14850.0,28.62399999999969,4.649027777777794,29.77428286559931,23.83083135858605,5.943451507013302,80.03830509086679,22.342492391954263,23.83083135858605,0.0,41.35317064666575,2.0,4,0.0,695,59.13669064748201,311,1485,,,0.0,0,,,,,,,,,,,,,,,
v3_primary_challenge,C4,1016,2129,2127,88.625,99.90605918271488,0.4209402115406583,3.7609962898756444,0.010169763797742077,8.924485125858128,0.0,91.07551487414187,0.3259047698177796,0.0,0,14850.0,28.62399999999969,4.649027777777794,29.774282865599314,23.83280358900702,5.941479276592326,80.04492903015651,20.787202891049468,23.83280358900702,0.0,41.35317064666575,2.0,4,0.0,695,53.956834532374096,311,1485,,,0.0,0,,,,,,,,,,,,,,,
v3_primary_challenge,C5,1016,2129,2111,87.95833333333333,99.154532644434,0.9616572535310692,287.2992025170492,0.4405172334276203,11.67048054919908,1.2411347517730542,88.32951945080092,0.2807272617990929,67.90365736276706,0,14220.0,28.497999999999703,4.6402777777777935,46.038185752326534,36.75162758095981,9.28655817136675,79.82857486755454,19.754727952225025,22.719917436642355,14.031710144317458,63.94192465600912,2.0,4,339.51828681383535,663,52.94117647058824,299,1422,,,2.745391355769243,1418,0.0019361010971574353,0.0010262920113746077,0.0061532544670626485,0.009224416979122907,26.99576868829337,136.99224259520452,26.99576868829337,0.0,23.069111424541607,0.0,0.0,0.0,0.0,63.92204301972585,22.350520845909127
v3_primary_challenge,C1,1017,2134,2131,88.79166666666667,99.85941893158387,3.6302356947179315,121.31413361466015,2.282469930555281,32.819383259911895,16.01190476190476,67.18061674008811,0.32343398808710005,20.31689782471025,0,120.0,25.587999999999898,4.44444444444444,30.163764288643964,24.110859801257703,6.052904487386259,79.93319259007386,29.661111111111055,0.0,24.110859801257703,41.89411706756106,0.0,0,101.58448912355125,0,0.0,0,12,0.3,0.7,0.0,0,,,,,,,,,,,,,,,
v3_primary_challenge,C2,1017,2134,2125,88.54166666666667,99.57825679475164,0.6095544650594793,119.10050584193328,0.14953162354675384,10.132158590308372,0.17857142857142794,89.86784140969164,0.2962056820518205,5.822705852325453,0,13560.0,28.275999999999723,4.6311111111111245,39.965954461344566,32.01718363859907,7.948770822745519,80.11114477340053,19.813111128850142,21.49853997127647,10.5186436673226,55.50827008520082,2.0,4,29.113529261627264,624,34.455128205128204,319,1356,,,0.0,0,,,,,,,,,,,,,,,
v3_primary_challenge,C3,1017,2134,2131,88.79166666666667,99.85941893158387,0.36891630117860824,4.3543638225032435,0.006777986511525325,6.38766519823789,0.0,93.6123348017621,0.3235697113210859,0.0,0,15160.0,28.595999999999684,4.65333333333335,30.11490392440902,24.09536800887634,6.019535915532713,80.01143908463985,32.821619638606,24.09536800887634,0.0,41.82625545056813,2.0,4,0.0,711,58.08720112517582,355,1516,,,0.0,0,,,,,,,,,,,,,,,
v3_primary_challenge,C4,1017,2134,2131,88.79166666666667,99.85941893158387,0.36891630117860824,4.3543638225032435,0.006777986511525325,6.38766519823789,0.0,93.6123348017621,0.3235697113210859,0.0,0,15160.0,28.595999999999684,4.65333333333335,30.11490392440902,24.09010516312317,6.0247987612858935,79.9939632003854,26.86710911820427,24.09010516312317,0.0,41.82625545056813,2.0,4,0.0,711,51.19549929676512,355,1516,,,0.0,0,,,,,,,,,,,,,,,
v3_primary_challenge,C5,1017,2134,2131,88.79166666666667,99.85941893158387,0.36891630117860824,4.3543638225032435,0.006777986511525325,6.38766519823789,0.0,93.6123348017621,0.3235697113210859,0.0,0,15160.0,28.595999999999684,4.653333333333349,30.11490392440902,24.094757012611108,6.020146911797943,80.00941020131097,20.96277926973778,24.094757012611108,0.0,41.82625545056813,2.0,4,0.0,711,41.63150492264416,355,1516,,,2.8863421989954077,1516,0.0019039196563294246,0.0010124375112354755,0.0055097289878176525,0.008359417028259486,26.87335092348285,136.42018469656992,26.87335092348285,0.0,23.00065963060686,0.0,0.0,0.0,0.0,63.29287373952898,22.313486044912462
v3_primary_challenge,C1,1018,2228,2216,92.33333333333333,99.46140035906643,9.376202132017497,166.1189014502599,7.1692787603371855,55.263157894736835,27.42663656884876,44.73684210526316,0.28368612050314446,46.69980421181388,0,140.0,26.7119999999999,4.6399999999999935,35.072996618868004,28.139243135535075,6.9337534833329295,80.23050736530787,29.593333333333256,0.0,28.139243135535075,48.712495303983346,0.0,0,233.49902105906938,0,0.0,0,14,0.3,0.7,0.0,0,,,,,,,,,,,,,,,
v3_primary_challenge,C2,1018,2228,2142,89.25,96.14003590664272,5.9484808176711494,221.95557160574245,4.640684584584298,34.210526315789465,17.2686230248307,65.78947368421053,0.2578974286682799,41.69165753967706,0,11570.0,28.99799999999974,4.798750000000009,44.35692567941921,35.598965357757436,8.757960321661791,80.25570936778131,19.681126582831318,18.04289901991649,17.556066337840946,61.6068412214156,2.0,4,208.4582876983853,500,49.4,255,1157,,,0.0,0,,,,,,,,,,,,,,,
v3_primary_challenge,C3,1018,2228,2179,90.79166666666667,97.80071813285458,3.509671975478418,430.73218926854753,2.9065124918800143,16.666666666666664,2.031602708803615,83.33333333333334,0.24714564614234008,166.2167815808878,0,13740.0,29.431999999999693,4.828888888888902,48.22756738875753,38.67404869109079,9.553518697666764,80.1907514416873,19.759734960795896,21.147396623015982,17.526652068074803,66.98273248438548,2.0,4,831.0839079044391,596,56.87919463087249,314,1374,,,0.0,0,,,,,,,,,,,,,,,
v3_primary_challenge,C4,1018,2228,2134,88.91666666666667,95.78096947935369,6.066716528978481,406.6960999205842,5.3439904386634005,19.298245614035093,4.176072234762984,80.7017543859649,0.2498194755166195,154.23703910729625,0,13240.0,29.33199999999971,4.821944444444457,47.264988814016974,37.920520913313005,9.344467900703988,80.22961998896578,19.66844971933711,20.36040456867851,17.56011634463449,65.64581779724583,2.0,4,771.1851955364813,568,51.056338028169016,304,1324,,,0.0,0,,,,,,,,,,,,,,,
v3_primary_challenge,C5,1018,2228,2069,86.20833333333333,92.86355475763017,11.718461289895307,326.1021265021484,10.702914874173935,25.877192982456144,11.681715575620766,74.12280701754386,0.2536061458969442,107.8947687094825,0,12400.0,29.16399999999972,4.810277777777789,45.90178747710007,36.653048691090774,9.24873878600932,79.85102695483613,19.652788406224147,19.101056745301108,17.551991945789666,63.75248260708347,2.0,4,539.4738435474125,528,44.88636363636363,281,1240,,,2.681156193022616,1235,0.0021709766745122397,0.0010243330034427345,0.006110658089164642,0.013861083018127829,25.979757085020243,132.65182186234819,25.979757085020243,0.0,22.36842105263158,0.0,0.0,0.0,0.0,60.762722843505216,24.494308143592775
v3_primary_challenge,C1,1019,2165,2158,89.91666666666667,99.67667436489607,11.551067533305922,149.42877471058085,9.09457635148836,54.78841870824054,41.375291375291376,45.211581291759465,0.29391109391498016,43.53680882769974,0,150.0,26.09999999999991,4.518749999999995,37.69200619060713,30.12623768755288,7.565768503054256,79.92739238979631,29.63611111111103,0.0,30.12623768755288,52.350008598065465,0.0,0,217.6840441384987,0,0.0,0,15,0.3,0.7,0.0,0,,,,,,,,,,,,,,,
v3_primary_challenge,C2,1019,2165,2119,88.29166666666667,97.87528868360276,7.661018122926406,193.76345172524478,5.818877861823354,39.42093541202672,32.86713286713287,60.57906458797328,0.2776666020618309,32.89368396383788,0,10470.0,28.163999999999803,4.662083333333338,43.54002325774085,34.47198768755301,9.068035570187863,79.17310352245698,19.71899015655613,16.917370155178514,17.554617532374493,60.47225452464009,2.0,4,164.4684198191894,507,43.98422090729783,229,1047,,,0.0,0,,,,,,,,,,,,,,,
v3_primary_challenge,C3,1019,2165,2089,87.04166666666667,96.48960739030024,5.7654132749053675,437.9174095600778,5.058855672434527,18.485523385300674,3.8461538461538436,81.51447661469933,0.26205411118706856,173.0856394792592,0,13610.0,28.79199999999973,4.705694444444457,49.160519972655294,39.27179324310859,9.888726729546724,79.88482071579564,19.678888004822596,21.719368456620213,17.55242478648838,68.27849996202127,2.0,4,865.428197396296,658,56.99088145896657,300,1361,,,0.0,0,,,,,,,,,,,,,,,
v3_primary_challenge,C4,1019,2165,2070,86.25,95.61200923787528,6.623989794508573,403.2300564866564,5.803830351404089,20.48997772828508,6.585081585081587,79.51002227171492,0.26337329441221835,145.85959854195758,0,13320.0,28.73399999999974,4.701666666666678,48.685614011601345,38.918293243108586,9.767320768492802,79.93797353327969,19.59483187170877,21.362779507538733,17.555513735569853,67.61890834944636,2.0,4,729.2979927097879,643,51.32192846034215,290,1332,,,0.0,0,,,,,,,,,,,,,,,
v3_primary_challenge,C5,1019,2165,2080,86.66666666666667,96.07390300230946,7.70362994451262,213.33072100486436,6.312265161577947,31.62583518930958,18.881118881118887,68.37416481069042,0.2787077586237553,41.64745281354631,0,10510.0,28.1719999999998,4.662638888888893,43.165206895448065,34.468237687552985,8.696969207895103,79.85189963536997,19.71513180893324,16.928941872583618,17.53929581496937,59.951676243677895,2.0,4,208.23726406773156,507,43.98422090729783,232,1051,,,1.2810994135215878,1046,0.001224760433577044,0.0009701665258035064,0.0038918124773772433,0.006338708975818008,27.848948374760994,140.67017208413003,27.848948374760994,0.0,23.466539196940726,0.0,0.0,0.0,0.0,0.5022052495257942,0.28641996195146247
v3_primary_challenge,C1,1020,2168,2155,89.79166666666667,99.40036900369003,5.399134975354743,122.44298486657941,3.4596401399676715,47.088607594936704,22.56063169768754,52.911392405063296,0.2932911557461487,30.89187169971176,0,150.0,25.901999999999894,4.508749999999996,37.61518393138646,30.144902931180766,7.470281000205696,80.14025130428135,29.6788888888888,0.0,30.144902931180766,52.243311015814534,0.0,0,154.4593584985588,0,0.0,0,15,0.3,0.7,0.0,0,,,,,,,,,,,,,,,
v3_primary_challenge,C2,1020,2168,2162,90.08333333333333,99.72324723247232,1.8719369875699658,104.68648670930439,0.6708585340770604,22.78481012658228,14.551607445008463,77.21518987341773,0.28940724721920724,4.000467585445659,0,11120.0,28.095999999999766,4.6611111111111185,39.01339100108539,31.218351003704,7.795039997381391,80.01957841305176,19.696544675053897,17.18359054986115,14.03476045384286,54.185265279285275,2.0,4,20.00233792722829,513,37.42690058479532,255,1112,,,0.0,0,,,,,,,,,,,,,,,
v3_primary_challenge,C3,1020,2168,2100,87.5,96.86346863468634,4.903912982447348,431.3134427339217,4.30814688537462,12.658227848101266,3.1584884376762545,87.34177215189874,0.2587222684854993,169.59565235056718,0,14240.0,28.7199999999997,4.7044444444444595,50.059983345220246,39.874625153403166,10.185358191817103,79.65369240821055,19.794866707724537,22.34322983686668,17.53139531653649,69.52775464613927,2.0,4,847.978261752836,664,58.8855421686747,317,1424,,,0.0,0,,,,,,,,,,,,,,,
v3_primary_challenge,C4,1020,2168,1996,83.16666666666667,92.06642066420663,13.57632584089468,383.4304990434187,12.627008012930018,20.50632911392405,10.829103214890011,79.49367088607595,0.26719040551374346,125.1853581381966,0,12590.0,28.389999999999738,4.681527777777789,47.01145401505234,37.25820848673649,9.753245528315873,79.25346974974863,19.658652118515413,19.719988627941902,17.53821985879459,65.29368613201716,2.0,4,625.926790690983,586,52.901023890784984,273,1259,,,0.0,0,,,,,,,,,,,,,,,
v3_primary_challenge,C5,1020,2168,2061,85.875,95.06457564575645,7.0519249654608105,397.63763581782456,6.341708205146376,16.455696202531644,5.076142131979699,83.54430379746836,0.26170251777343334,141.76927201944991,0,13650.0,28.601999999999713,4.6962500000000125,48.98709360156399,39.11431959784761,9.872774003716401,79.84617318999064,19.648004591779976,21.55636901382391,17.5579505840237,68.03763000217224,2.0,4,708.8463600972495,639,48.98278560250392,299,1365,,,3.5705399932921864,1360,0.0026253970538913135,0.0012461250007618219,0.006878151767887175,0.01075504202162847,27.110294117647058,137.55073529411766,27.110294117647058,0.0,23.21470588235294,0.0,0.0,0.0,0.0,176.7953706932037,59.22206504864962
v3_primary_challenge,C1,1021,2077,2070,86.25,99.66297544535388,6.1013788500720105,136.15132086110836,4.316789345633924,43.34140435835351,24.51923076923077,56.65859564164649,0.3251177127359573,38.59893554176244,0,140.0,24.889999999999915,4.324722222222218,35.257623415055384,28.112288196220227,7.145335218835164,79.7339283628969,29.703888888888773,0.0,28.112288196220227,48.96892140979915,0.0,0,192.9946777088122,0,0.0,0,14,0.3,0.7,0.0,0,,,,,,,,,,,,,,,
v3_primary_challenge,C2,1021,2077,2075,86.45833333333333,99.90370727010111,1.1316243422386765,136.80701047879666,0.4032932994733205,17.19128329297821,6.430288461538458,82.80871670702179,0.3143599407670262,9.187768011101264,0,12560.0,27.37399999999976,4.4972222222222324,39.13042132387052,31.098028948011297,8.032392375859239,79.47276797922115,19.78244516812625,20.575065242244133,10.522963705767163,54.347807394264635,2.0,4,45.938840055506326,588,37.755102040816325,269,1256,,,0.0,0,,,,,,,,,,,,,,,
v3_primary_challenge,C3,1021,2077,2075,86.45833333333333,99.90370727010111,0.3523624837113242,3.927491739775481,0.012846377652533013,7.263922518159804,0.0,92.7360774818402,0.33454286136856126,0.0,0,15420.0,27.9459999999997,4.536944444444461,31.86456990731793,25.492711734457217,6.371858172860743,80.00331342492915,31.70422706864102,25.492711734457217,0.0,44.25634709349716,2.0,4,0.0,749,59.41255006675568,330,1542,,,0.0,0,,,,,,,,,,,,,,,
v3_primary_challenge,C4,1021,2077,2075,86.45833333333333,99.90370727010111,0.3523624837113242,3.927491739775481,0.012846377652533013,7.263922518159804,0.0,92.7360774818402,0.33454286136856126,0.0,0,15420.0,27.945999999999696,4.536944444444461,31.864569907317936,25.487087381497865,6.377482525820101,79.98566262036559,26.507405063867385,25.487087381497865,0.0,44.25634709349716,2.0,4,0.0,749,52.46995994659546,330,1542,,,0.0,0,,,,,,,,,,,,,,,
v3_primary_challenge,C5,1021,2077,2075,86.45833333333333,99.90370727010111,0.3523624837113242,3.927491739775481,0.012846377652533013,7.263922518159804,0.0,92.7360774818402,0.33454286136856126,0.0,0,15420.0,27.9459999999997,4.536944444444461,31.864569907317936,25.50648017859131,6.358089728726636,80.04652268265374,24.119107686802444,25.50648017859131,0.0,44.25634709349716,2.0,4,0.0,749,44.85981308411215,330,1542,,,3.127992346067913,1542,0.0020285294073073366,0.0010486465180292726,0.006135435108444653,0.0113307079882361,27.714007782101167,139.85278858625162,27.714007782101167,0.0,23.05252918287938,0.0,0.0,0.0,0.0,45.04366327008349,15.997485659088875
v3_primary_challenge,C1,1022,2140,2135,88.95833333333333,99.76635514018692,4.195128661718526,116.54744077132867,2.5053240130950414,41.09263657957245,18.15008726003491,58.90736342042755,0.31523553072534866,20.963115445209972,0,130.0,25.751999999999903,4.463333333333329,32.515208938874466,26.134989659103006,6.3802192797714525,80.37773863989104,29.618333333333286,0.0,26.134989659103006,45.16001241510341,0.0,0,104.81557722604988,0,0.0,0,13,0.3,0.7,0.0,0,,,,,,,,,,,,,,,
v3_primary_challenge,C2,1022,2140,2134,88.91666666666667,99.7196261682243,5.030507504473798,194.68582984929162,3.4240919139217736,39.66745843230404,21.582315299592793,60.33254156769596,0.2925494845029868,41.16714876431082,0,9150.0,27.555999999999806,4.588611111111117,40.68218557892476,32.33359968622578,8.348585892698988,79.47852168241441,19.5692929083354,14.768801123139443,17.564798563086338,56.50303552628439,2.0,4,205.83574382155408,447,44.742729306487696,205,915,,,0.0,0,,,,,,,,,,,,,,,
v3_primary_challenge,C3,1022,2140,2136,89.0,99.81308411214953,0.5330634697597588,7.386009976900736,0.028772012411647733,13.064133016627078,0.3490401396160525,86.93586698337292,0.3230653224767988,0.0,0,14280.0,28.581999999999695,4.659861111111127,29.696483908352423,23.79223533529906,5.904248573053386,80.11802140861283,26.357086390336498,23.79223533529906,0.0,41.245116539378394,2.0,4,0.0,703,60.02844950213371,308,1428,,,0.0,0,,,,,,,,,,,,,,,
v3_primary_challenge,C4,1022,2140,2136,89.0,99.81308411214953,0.5330634697597588,7.386009976900736,0.028772012411647733,13.064133016627078,0.3490401396160525,86.93586698337292,0.3230653224767988,0.0,0,14280.0,28.581999999999695,4.659861111111127,29.696483908352427,23.75251391549126,5.943969992861199,79.98426341918086,22.63498057981181,23.75251391549126,0.0,41.2451165393784,2.0,4,0.0,703,51.778093883357045,308,1428,,,0.0,0,,,,,,,,,,,,,,,
v3_primary_challenge,C5,1022,2140,2136,89.0,99.81308411214953,0.5330634697597588,7.386009976900736,0.028772012411647733,13.064133016627078,0.3490401396160525,86.93586698337292,0.32306532247679887,0.0,0,14280.0,28.581999999999695,4.659861111111128,29.69648390835242,23.76671464444523,5.92976926390722,80.03208298259382,23.891269994855932,23.76671464444523,0.0,41.245116539378394,2.0,4,0.0,703,48.64864864864865,308,1428,,,3.8142883949913085,1428,0.002671070304615762,0.0013367499923333526,0.0071965502196689995,0.01173558400478214,27.615546218487395,139.6890756302521,27.615546218487395,0.0,23.198179271708682,0.0,0.0,0.0,0.0,119.4354954820196,37.18645595171577
v3_primary_challenge,C1,1023,2108,2095,87.29166666666667,99.38330170777988,5.766148679391378,165.30337824442194,4.174017960486712,39.454094292803966,19.648093841642233,60.545905707196034,0.3303875504024136,38.723914641690655,0,120.0,25.3639999999999,4.396388888888884,30.260481855131108,24.125984572478153,6.134497282652956,79.72769464801908,29.686111111110996,0.0,24.125984572478153,42.02844702101543,0.0,0,193.6195732084533,0,0.0,0,12,0.3,0.7,0.0,0,,,,,,,,,,,,,,,
v3_primary_challenge,C2,1023,2108,2093,87.20833333333333,99.28842504743834,0.6852003495808608,93.15677591876714,0.12220696970023087,17.866004962779158,0.46920821114369016,82.13399503722084,0.31171290815838343,0.0,0,13580.0,28.05599999999971,4.583333333333346,36.98335306298195,29.48112323672494,7.502229826257032,79.71457641095752,19.6384585952473,22.47191615747344,7.009207079251502,51.36576814303052,2.0,4,0.0,677,39.5864106351551,302,1358,,,0.0,0,,,,,,,,,,,,,,,
v3_primary_challenge,C3,1023,2108,2099,87.45833333333333,99.573055028463,0.506678461200047,5.800026870446163,0.026454623160660516,14.1439205955335,0.11730205278592809,85.8560794044665,0.3295124701619257,0.0,0,14650.0,28.269999999999683,4.59819444444446,30.57551074170672,24.473364537846034,6.102146203860723,80.04237359954543,36.576328189127885,24.473364537846034,0.0,42.46598714125937,2.0,4,0.0,735,59.863945578231295,325,1465,,,0.0,0,,,,,,,,,,,,,,,
v3_primary_challenge,C4,1023,2108,2099,87.45833333333333,99.573055028463,0.506678461200047,5.800026870446163,0.026454623160660516,14.1439205955335,0.11730205278592809,85.8560794044665,0.32951247016192575,0.0,0,14650.0,28.26999999999969,4.59819444444446,30.57551074170672,24.460605988232896,6.114904753473862,80.00064559794009,29.669540811452045,24.460605988232896,0.0,42.46598714125937,2.0,4,0.0,735,53.74149659863946,325,1465,,,0.0,0,,,,,,,,,,,,,,,
v3_primary_challenge,C5,1023,2108,2099,87.45833333333333,99.573055028463,0.506678461200047,5.800026870446163,0.026454623160660516,14.1439205955335,0.11730205278592809,85.8560794044665,0.32951247016192575,0.0,0,14650.0,28.269999999999687,4.598194444444461,30.575510741706715,24.477954531668505,6.097556210038243,80.0573855934946,25.752916673044602,24.477954531668505,0.0,42.46598714125937,2.0,4,0.0,735,43.673469387755105,325,1465,,,2.664026804093737,1465,0.001818448330439411,0.0010218750103376806,0.005487833800725639,0.011727083008736372,28.41296928327645,143.16860068259385,28.41296928327645,0.0,23.795221843003414,0.0,0.0,0.0,0.0,13.776925379472196,5.007538541180882
v3_primary_challenge,C1,1024,2089,2084,86.83333333333333,99.76065102920057,4.731807625642604,123.01148409175342,3.0617361417807567,34.96143958868895,21.529411764705884,65.03856041131105,0.32179715196926817,41.82638508851647,0,140.0,25.075999999999908,4.352638888888883,35.25302529106345,28.10108728831499,7.151938002748462,79.7125553234109,29.698243313337496,0.0,28.10108728831499,48.96253512647701,0.0,0,209.13192544258237,0,0.0,0,14,0.3,0.7,0.0,0,,,,,,,,,,,,,,,
v3_primary_challenge,C2,1024,2089,2083,86.79166666666667,99.7127812350407,0.7409870892020854,97.1603883391656,0.17393841197233284,14.13881748071979,1.2352941176470567,85.8611825192802,0.31251774195659193,2.0268126245965927,0,12690.0,27.58599999999975,4.526944444444455,38.59361289562688,30.920698624954166,7.672914270672736,80.11869401441255,19.639397056952177,20.396488433434087,10.524210191520078,53.60224013281515,2.0,4,10.134063122982964,618,42.07119741100323,271,1269,,,0.0,0,,,,,,,,,,,,,,,
v3_primary_challenge,C3,1024,2089,2086,86.91666666666667,99.85639061752035,0.3424254369830056,3.8618322079422795,0.005456564076469874,5.398457583547556,0.0,94.60154241645245,0.3331686753459136,0.0,0,15370.0,28.12199999999969,4.564166666666683,31.15927687547108,24.918901448945558,6.240375426525561,79.972656453276,32.188540197417744,24.918901448945558,0.0,43.27677343815431,2.0,4,0.0,751,57.922769640479366,331,1537,,,0.0,0,,,,,,,,,,,,,,,
v3_primary_challenge,C4,1024,2089,2086,86.91666666666667,99.85639061752035,0.3424254369830056,3.8618322079422795,0.005456564076469874,5.398457583547556,0.0,94.60154241645245,0.33316867534591366,0.0,0,15370.0,28.12199999999969,4.564166666666683,31.15927687547108,24.909007869642426,6.250269005828669,79.94090482007003,26.777062015345788,24.909007869642426,0.0,43.27677343815431,2.0,4,0.0,751,50.7323568575233,331,1537,,,0.0,0,,,,,,,,,,,,,,,
v3_primary_challenge,C5,1024,2089,2086,86.91666666666667,99.85639061752035,0.3424254369830056,3.8618322079422795,0.005456564076469874,5.398457583547556,0.0,94.60154241645245,0.33316867534591366,0.0,0,15370.0,28.12199999999969,4.564166666666683,31.15927687547108,24.923301800319727,6.235975075151381,79.986778576173,23.59578087452664,24.923301800319727,0.0,43.27677343815431,2.0,4,0.0,751,40.74567243675099,331,1537,,,3.8715895299683325,1537,0.002518926174345044,0.0012325829593464732,0.007012616621796042,0.009648999955970794,27.765126870527002,140.16590761223162,27.765126870527002,0.0,23.30448926480156,0.0,0.0,0.0,0.0,173.3716486437711,55.24815169439693
v3_primary_challenge,C1,1025,2110,2100,87.5,99.52606635071089,5.112701997182234,118.19167831230965,3.490338582581659,35.0,20.650887573964493,65.0,0.3154270849320316,29.64714512550464,0,140.0,25.481999999999914,4.407083333333329,35.446249424468625,28.178497697310206,7.2677517271584176,79.49641543135598,29.62888888888876,0.0,28.178497697310206,49.230901978428655,0.0,0,148.23572562752318,0,0.0,0,14,0.3,0.7,0.0,0,,,,,,,,,,,,,,,
v3_primary_challenge,C2,1025,2110,2100,87.5,99.52606635071089,0.9332289362461387,120.4746300487727,0.23254805313042187,15.95238095238095,1.3017751479289963,84.04761904761905,0.3029869588326404,6.496629888594106,0,11190.0,27.69199999999979,4.560555555555563,39.92469482024944,31.861231113971247,8.063463706278197,79.80331786484068,19.74842669572571,17.829790407939303,14.031440706031947,55.45096502812423,2.0,4,32.483149442970536,520,34.61538461538461,228,1119,,,0.0,0,,,,,,,,,,,,,,,
v3_primary_challenge,C3,1025,2110,2103,87.625,99.66824644549763,0.41517274486458056,5.22252709112654,0.014130233845820038,6.904761904761902,0.0,93.0952380952381,0.32808714407522255,0.0,0,15060.0,28.465999999999706,4.614305555555572,30.888628132919862,24.72876542797384,6.159862704946045,80.0578300906116,27.309539619067753,24.72876542797384,0.0,42.90087240683318,2.0,4,0.0,734,60.6267029972752,312,1506,,,0.0,0,,,,,,,,,,,,,,,
v3_primary_challenge,C4,1025,2110,2103,87.625,99.66824644549763,0.41517274486458056,5.22252709112654,0.014130233845820038,6.904761904761902,0.0,93.0952380952381,0.32808714407522255,0.0,0,15060.0,28.465999999999706,4.614305555555571,30.888628132919866,24.722466219647853,6.166161913272046,80.03743679797691,19.647262809498123,24.722466219647853,0.0,42.90087240683318,2.0,4,0.0,734,54.08719346049047,312,1506,,,0.0,0,,,,,,,,,,,,,,,
v3_primary_challenge,C5,1025,2110,2103,87.625,99.66824644549763,0.41517274486458056,5.22252709112654,0.014130233845820038,6.904761904761902,0.0,93.0952380952381,0.32808714407522255,0.0,0,15060.0,28.465999999999703,4.614305555555572,30.888628132919862,24.720155738338534,6.168472394581367,80.02995675937056,24.228815379474515,24.720155738338534,0.0,42.90087240683318,2.0,4,0.0,734,50.13623978201635,312,1506,,,2.814850833732635,1506,0.0018690908590522142,0.0010155205090995878,0.005573260743403807,0.009277875011321157,27.5,138.93691899070384,27.5,0.0,23.144090305444887,0.0,0.0,0.0,0.0,78.30259920265155,23.317128538410515
v3_primary_challenge,C1,1026,2066,2065,86.04166666666667,99.95159728944822,5.788975119499095,136.75161010146547,3.850575591307535,45.1530612244898,26.642771804062125,54.8469387755102,0.32783285558680614,29.027806624141643,0,140.0,24.961999999999907,4.315972222222218,35.38017198874978,28.142751509365638,7.23742047938414,79.54385161924735,29.592236048863956,0.0,28.142751509365638,49.13912776215248,0.0,0,145.1390331207082,0,0.0,0,14,0.3,0.7,0.0,0,,,,,,,,,,,,,,,
v3_primary_challenge,C2,1026,2066,2063,85.95833333333333,99.85479186834463,0.47878391182798297,87.437153075617,0.05849660153251599,12.244897959183676,0.059737156511352474,87.75510204081633,0.3306814679362654,9.473903143468003e-17,0,14600.0,27.853999999999697,4.516805555555571,34.3546715429444,27.487616316322786,6.867055226621656,80.01129127944773,19.73869528157756,23.976850376416703,3.5107659399060838,47.71482158742283,2.0,4,4.736951571734001e-16,748,43.716577540106954,322,1460,,,0.0,0,,,,,,,,,,,,,,,
v3_primary_challenge,C3,1026,2066,2065,86.04166666666667,99.95159728944822,0.4234125910546373,4.101383649361984,0.017506769508197118,12.244897959183676,0.0,87.75510204081633,0.3388254737403228,1.0658141036401504e-16,0,15180.0,27.969999999999686,4.524861111111129,31.422829453483764,25.13826959566014,6.284559857823665,80.00001919901307,28.897062225428353,25.13826959566014,0.0,43.64281868539417,2.0,4,5.329070518200751e-16,785,61.910828025477706,331,1518,,,0.0,0,,,,,,,,,,,,,,,
v3_primary_challenge,C4,1026,2066,2065,86.04166666666667,99.95159728944822,0.4234125910546373,4.101383649361984,0.017506769508197118,12.244897959183676,0.0,87.75510204081633,0.3388254737403228,9.473903143468003e-17,0,15180.0,27.969999999999683,4.524861111111129,31.422829453483764,25.15731030422775,6.265519149256055,80.06061434241283,24.35085955677002,25.15731030422775,0.0,43.64281868539417,2.0,4,4.736951571734001e-16,785,52.101910828025474,331,1518,,,0.0,0,,,,,,,,,,,,,,,
v3_primary_challenge,C5,1026,2066,2065,86.04166666666667,99.95159728944822,0.4234125910546373,4.101383649361984,0.017506769508197118,12.244897959183676,0.0,87.75510204081633,0.3388254737403228,9.473903143468003e-17,0,15180.0,27.969999999999686,4.524861111111129,31.42282945348377,25.1504216184003,6.272407835083509,80.03869179136551,23.478086497922128,25.1504216184003,0.0,43.64281868539417,2.0,4,4.736951571734001e-16,785,49.044585987261144,331,1518,,,3.804712569806725,1518,0.0025063982673298583,0.001254375500138849,0.006708848199923522,0.010418666992336512,28.468379446640316,143.10737812911725,28.468379446640316,0.0,23.511198945981555,0.0,0.0,0.0,0.0,71.38814850671791,21.55037235381996
v3_primary_challenge,C1,1027,2159,2144,89.33333333333333,99.30523390458545,3.008805107127473,99.06098624913942,1.452347336828193,39.573459715639814,13.932066781807716,60.426540284360186,0.2957829812441887,20.818298597450436,0,150.0,26.029999999999895,4.506388888888884,37.61812675209207,30.151126310889467,7.4670004412025985,80.15052559525087,29.596666666666565,0.0,30.151126310889467,52.24739826679454,0.0,0,104.09149298725218,0,0.0,0,15,0.3,0.7,0.0,0,,,,,,,,,,,,,,,
v3_primary_challenge,C2,1027,2159,2149,89.54166666666667,99.53682260305698,1.2239035897619555,118.0960083210808,0.28810148064279184,25.355450236966824,2.648244099021302,74.64454976303317,0.29317287449805257,8.110509209211717,0,10580.0,28.115999999999776,4.651250000000005,38.557765180701075,30.91436874670829,7.643396433992782,80.17676491837122,19.821969249831863,16.886567941343642,14.027800805364652,53.552451639862596,2.0,4,40.55254604605859,498,28.313253012048197,260,1058,,,0.0,0,,,,,,,,,,,,,,,
v3_primary_challenge,C3,1027,2159,2149,89.54166666666667,99.53682260305698,0.5232501437164542,88.43724433697571,0.06073527548199978,13.744075829383885,0.05757052389177009,86.25592417061611,0.3078487375003304,0.0,0,14540.0,28.907999999999692,4.706250000000014,33.27445449988103,26.64985478144166,6.6245997184393905,80.09103434449074,19.757279193100555,23.146521532214013,3.5033332492276448,46.21452013872367,2.0,4,0.0,682,59.970674486803524,358,1454,,,0.0,0,,,,,,,,,,,,,,,
v3_primary_challenge,C4,1027,2159,2141,89.20833333333333,99.16628068550256,1.166021325234079,408.55225185502957,0.6514059121522215,14.92890995260664,0.7484168105929778,85.07109004739335,0.2604512642466257,150.4219471671486,0,14390.0,28.877999999999695,4.70416666666668,50.337544871214746,40.39301519977855,9.944529671436221,80.24430929859886,19.73147362600004,22.859066508865528,17.53394869091302,69.91325676557607,2.0,4,752.1097358357431,677,48.005908419497786,353,1439,,,0.0,0,,,,,,,,,,,,,,,
v3_primary_challenge,C5,1027,2159,2132,88.83333333333333,98.74942102825382,1.4001841877202417,410.07470387111266,0.8696175129306243,14.92890995260664,1.4968336211859556,85.07109004739335,0.2603558252543404,152.03130875568465,0,14390.0,28.877999999999695,4.704166666666681,50.371902908437434,40.39301519977852,9.978887708658936,80.18957567118747,19.70753224164821,22.85720915352902,17.535806046249498,69.96097626171867,2.0,4,760.1565437784232,677,43.42688330871492,353,1439,,,4.137677028949838,1431,0.0028914584409153307,0.0016890830011107028,0.006688687513815239,0.010099124978296459,27.08595387840671,137.42487770789657,27.08595387840671,0.0,23.20754716981132,0.0,0.0,0.0,0.0,210.12498054424628,75.7412990717169
v3_primary_challenge,C1,1028,2109,2103,87.625,99.71550497866288,2.1613559095888117,92.08257420992825,0.9419498021509618,34.21686746987952,10.094451003541916,65.78313253012048,0.32325174535890266,11.911201405854955,0,130.0,25.461999999999897,4.40444444444444,32.72937167079505,26.144562857397055,6.584808813397984,79.88104116501043,29.661111111110994,0.0,26.144562857397055,45.457460653881995,0.0,0,59.55600702927477,0,0.0,0,13,0.3,0.7,0.0,0,,,,,,,,,,,,,,,
v3_primary_challenge,C2,1028,2109,2080,86.66666666666667,98.62494073020389,1.6823442740698578,149.7058634177573,0.8418361505400325,20.722891566265055,8.854781582054304,79.27710843373494,0.3060803441452725,11.818783534569764,0,12480.0,27.931999999999714,4.575972222222236,38.91107610770189,31.039188357187026,7.871887750514885,79.769544978077,19.717632491243563,20.51739668452383,10.521791672663197,54.043161260697104,2.0,4,59.09391767284881,611,35.188216039279865,275,1248,,,0.0,0,,,,,,,,,,,,,,,
v3_primary_challenge,C3,1028,2109,2106,87.75,99.85775248933145,0.4672142819731,6.2452068042281095,0.02591184925888442,12.530120481927709,0.17709563164108877,87.46987951807229,0.3290194187783032,0.0,0,14930.0,28.421999999999656,4.61000000000002,30.65300923981079,24.530972271043144,6.122036968767677,80.02794139762105,31.938252712789524,24.530972271043144,0.0,42.57362394418169,2.0,4,0.0,726,55.9228650137741,327,1493,,,0.0,0,,,,,,,,,,,,,,,
v3_primary_challenge,C4,1028,2109,2106,87.75,99.85775248933145,0.4672142819731,6.2452068042281095,0.02591184925888442,12.530120481927709,0.17709563164108877,87.46987951807229,0.32901941877830326,0.0,0,14930.0,28.42199999999966,4.61000000000002,30.653009239810793,24.524272669914332,6.1287365698964855,80.00608513849686,31.19338181203061,24.524272669914332,0.0,42.57362394418169,2.0,4,0.0,726,53.85674931129476,327,1493,,,0.0,0,,,,,,,,,,,,,,,
v3_primary_challenge,C5,1028,2109,2106,87.75,99.85775248933145,0.4672142819731,6.2452068042281095,0.02591184925888442,12.530120481927709,0.17709563164108877,87.46987951807229,0.3290194187783033,0.0,0,14930.0,28.421999999999663,4.61000000000002,30.65300923981079,24.52994912095426,6.1230601188565625,80.02460355212314,23.096267990838232,24.52994912095426,0.0,42.57362394418169,2.0,4,0.0,726,40.22038567493113,327,1493,,,3.142095563292969,1493,0.0021045516164052034,0.0010473330039530993,0.006198682775720953,0.0154937919578515,27.61888814467515,139.50904219691895,27.61888814467515,0.0,23.36503683858004,0.0,0.0,0.0,0.0,55.30874349813527,19.662095541293247
v3_primary_challenge,C1,1029,2179,2174,90.58333333333333,99.77053694355209,2.92453522746713,88.8276998312865,1.3166830001726233,42.465753424657535,16.427340608845487,57.534246575342465,0.29696595788532026,16.284797805935074,0,140.0,26.155999999999896,4.540138888888883,35.192255161284685,28.14008648730254,7.052168673982145,79.9610208505754,29.661111111111016,0.0,28.14008648730254,48.87813216845094,0.0,0,81.42398902967537,0,0.0,0,14,0.3,0.7,0.0,0,,,,,,,,,,,,,,,
v3_primary_challenge,C2,1029,2179,2175,90.625,99.81642955484166,11.560523225192917,225.14820752153585,9.572814583885345,41.324200913242,36.186099942561746,58.675799086758,0.28732011197741547,49.50598534946946,0,8790.0,27.88599999999981,4.660277777777781,38.66475968813042,30.99385056585571,7.6709091222747094,80.16046347074652,19.710233658170964,13.43647266864788,17.55737789720783,53.70105512240336,2.0,4,247.5299267473473,387,39.01808785529715,207,879,,,0.0,0,,,,,,,,,,,,,,,
v3_primary_challenge,C3,1029,2179,2055,85.625,94.30931620009179,9.42045581701488,431.513939696344,8.735180273530219,15.068493150684937,6.145893164847793,84.93150684931507,0.26094650543560166,168.18013334250904,0,13280.0,28.783999999999715,4.722638888888902,48.1592580431834,38.34511426508047,9.814143778102952,79.6214805275804,19.759034651214655,20.80820337233717,17.536910892743297,66.88785839331031,2.0,4,840.9006667125451,604,60.099337748344375,309,1328,,,0.0,0,,,,,,,,,,,,,,,
v3_primary_challenge,C4,1029,2179,2000,83.33333333333333,91.78522257916475,15.49862850024532,396.4548324271891,14.498244028833108,19.863013698630137,12.8661688684664,80.13698630136986,0.2671748965632567,141.59177409709463,0,12310.0,28.589999999999733,4.709166666666678,45.91703723722755,36.520197598413816,9.396839638813754,79.53517865217319,19.666805928803484,18.972107529390794,17.54809006902302,63.77366282948274,2.0,4,707.9588704854733,551,50.81669691470054,285,1231,,,0.0,0,,,,,,,,,,,,,,,
v3_primary_challenge,C5,1029,2179,1993,83.04166666666667,91.46397430013768,16.456176425108268,404.22743169218035,15.507713937388038,18.2648401826484,12.291786329695576,81.7351598173516,0.267853649248912,154.11577637110588,0,12380.0,28.60399999999973,4.7101388888889,45.67268627039165,36.64997537619158,9.022710894200092,80.2448429663546,19.63639686775625,19.092740833118107,17.557234543073466,63.434286486655076,2.0,4,770.5788818555295,554,43.32129963898917,287,1238,,,3.227791446261108,1232,0.0026199605894976527,0.0012999790196772665,0.00652541660820134,0.009355083981063217,26.676136363636363,135.75324675324674,26.676136363636363,0.0,23.16801948051948,0.0,0.0,0.0,0.0,181.17893609932088,63.47663511855003
v3_primary_challenge,C1,1030,2186,2177,90.70833333333333,99.58828911253431,2.304456711191621,63.46067412142244,0.8016925361712203,39.38053097345132,11.534025374855828,60.61946902654868,0.29430772363980495,2.051452774612747,0,140.0,26.073999999999902,4.543194444444439,35.44921948967025,28.12976516162457,7.31945432804568,79.35228353848936,29.636111111110974,0.0,28.12976516162457,49.23502706898646,0.0,0,10.257263873063737,0,0.0,0,14,0.3,0.7,0.0,0,,,,,,,,,,,,,,,
v3_primary_challenge,C2,1030,2186,2183,90.95833333333333,99.86276303751144,3.5746985750416647,162.9742354155135,2.258944396842744,29.20353982300885,16.72433679354095,70.79646017699115,0.295503139598592,18.30780968074871,0,10710.0,28.187999999999764,4.6900000000000075,35.018869744506844,28.1217188131233,6.8971509313835835,80.3044730406656,19.653302487251135,17.58509917206092,10.536619641062376,48.63731908959288,2.0,4,91.53904840374356,546,38.27838827838828,234,1071,,,0.0,0,,,,,,,,,,,,,,,
v3_primary_challenge,C3,1030,2186,2181,90.875,99.77127172918573,0.7540300831553394,252.90969328734622,0.24840857786818646,13.938053097345138,0.519031141868509,86.06194690265487,0.2794352630842335,49.21790981820217,0,13750.0,28.795999999999694,4.732222222222236,40.80330528967593,32.70510378817537,8.098201501500592,80.15307474723238,19.65762828326514,22.17068826294625,10.53441552522912,56.671257346772165,2.0,4,246.08954909101084,680,60.147058823529406,308,1375,,,0.0,0,,,,,,,,,,,,,,,
v3_primary_challenge,C4,1030,2186,2153,89.70833333333333,98.49039341262579,1.5998181262109148,392.446450787708,0.9847522303871944,15.707964601769909,2.768166089965396,84.2920353982301,0.2562169825978454,133.30415466284273,0,13460.0,28.737999999999705,4.728194444444458,49.161886264775625,39.285320717180305,9.876565547595352,79.91011676321327,19.696556425226845,21.738846358275495,17.546474358904806,68.28039758996619,2.0,4,666.5207733142137,670,48.208955223880594,298,1346,,,0.0,0,,,,,,,,,,,,,,,
v3_primary_challenge,C5,1030,2186,2125,88.54166666666667,97.20951509606587,2.705399143249326,325.3577207877175,2.0414524471786577,17.47787610619469,3.806228373702425,82.52212389380531,0.2690351598938666,92.0155258525627,0,13410.0,28.727999999999707,4.727500000000014,44.54734243820798,35.739935984586204,8.807406453621812,80.22910914194577,19.71699894451193,21.69482285242606,14.04511313216014,61.87130894195557,2.0,4,460.07762926281356,670,37.76119402985075,295,1341,,,3.4307169226231053,1337,0.0025659812435475733,0.0013196250074543059,0.006390391604509205,0.014869166014250368,27.969334330590875,141.37097980553477,27.969334330590875,0.0,23.741211667913237,0.0,0.0,0.0,0.0,214.24497421366215,75.70791437708489
v3_primary_challenge,C1,1031,2102,2089,87.04166666666667,99.38154138915318,10.455756903459585,154.99742430939023,8.426698310762154,49.61636828644501,29.281122150789006,50.38363171355499,0.3321914698726663,40.83050631880695,0,120.0,25.22199999999991,4.379027777777772,30.211070845840148,24.099884200492195,6.111186645347951,79.77169800921035,29.661111111111087,0.0,24.099884200492195,41.959820619222434,0.0,0,204.15253159403474,0,0.0,0,12,0.3,0.7,0.0,0,,,,,,,,,,,,,,,
v3_primary_challenge,C2,1031,2102,2091,87.125,99.476688867745,1.2373588245294853,138.74009184532466,0.34850737435916285,23.273657289002557,4.383401519579189,76.72634271099744,0.3091818909724055,13.978678232809035,0,10430.0,27.283999999999786,4.522222222222229,38.494519249934,30.885642469412534,7.6088767805214745,80.23386983710802,19.57420203026486,16.841492861375563,14.044149608036966,53.464610069352794,2.0,4,69.89339116404517,528,37.5,235,1043,,,0.0,0,,,,,,,,,,,,,,,
v3_primary_challenge,C3,1031,2102,2091,87.125,99.476688867745,0.6002967406000886,6.971695827987909,0.0353795843106177,14.83375959079284,0.6428988895382792,85.16624040920716,0.33251628398953276,0.0,0,14380.0,28.0739999999997,4.5770833333333485,30.09413776376819,24.059538345327336,6.034599418440887,79.94759156812857,31.85975919143744,24.059538345327336,0.0,41.797413560789195,2.0,4,0.0,755,58.80794701986755,308,1438,,,0.0,0,,,,,,,,,,,,,,,
v3_primary_challenge,C4,1031,2102,2091,87.125,99.476688867745,0.6002967406000886,6.971695827987909,0.0353795843106177,14.83375959079284,0.6428988895382792,85.16624040920716,0.3325162839895327,0.0,0,14380.0,28.0739999999997,4.5770833333333485,30.094137763768188,24.095991977059406,5.998145786708817,80.06872357070736,26.99819907963964,24.095991977059406,0.0,41.797413560789195,2.0,4,0.0,755,51.65562913907284,308,1438,,,0.0,0,,,,,,,,,,,,,,,
v3_primary_challenge,C5,1031,2102,2091,87.125,99.476688867745,0.6002967406000886,6.971695827987909,0.0353795843106177,14.83375959079284,0.6428988895382792,85.16624040920716,0.3325162839895327,0.0,0,14380.0,28.0739999999997,4.577083333333349,30.094137763768195,24.100156027820283,5.993981735947948,80.08256032121858,26.16480099245465,24.100156027820283,0.0,41.797413560789195,2.0,4,0.0,755,49.668874172185426,308,1438,,,2.719083768199198,1438,0.001890878837412516,0.0010389164963271469,0.0054895686247618865,0.009625540988054127,29.082058414464534,146.07858136300416,29.082058414464534,0.0,24.033379694019473,0.0,0.0,0.0,0.0,18.573293068619705,6.1786297681438445
v3_primary_challenge,C1,1032,2108,2106,87.75,99.90512333965845,3.1759117316950602,112.24501974521966,1.6413197215678208,40.816326530612244,17.87642471505699,59.183673469387756,0.33040427348566104,21.889351121456738,0,120.0,25.807999999999915,4.42722222222222,30.25446154516203,24.14979157228573,6.1046699728763,79.82224881522477,29.59333333333321,0.0,24.14979157228573,42.02008547939171,0.0,0,109.44675560728368,0,0.0,0,12,0.3,0.7,0.0,0,,,,,,,,,,,,,,,
v3_primary_challenge,C2,1032,2108,2085,86.875,98.9089184060721,1.1360630943914365,172.23742560962248,0.41778527970823653,16.55328798185941,4.739052189562088,83.44671201814059,0.2988829168098457,22.7029259060137,0,13940.0,28.571999999999733,4.619166666666682,41.602149948455505,33.20089859942793,8.401251349027612,79.8057279264735,19.656388046544894,22.673653780228356,10.527244819199577,57.78076381729937,2.0,4,113.51462953006849,709,38.928067700987306,312,1394,,,0.0,0,,,,,,,,,,,,,,,
v3_primary_challenge,C3,1032,2108,2106,87.75,99.90512333965845,0.5831913354649746,7.039707822564984,0.05379726811977217,14.058956916099774,0.959808038392318,85.94104308390023,0.33092924204030677,0.0,0,14890.0,28.761999999999713,4.632361111111129,30.065472865489532,24.057505850974273,6.007967014515302,80.01705464140075,32.069857465108505,24.057505850974273,0.0,41.75760120206885,2.0,4,0.0,756,56.613756613756614,331,1489,,,0.0,0,,,,,,,,,,,,,,,
v3_primary_challenge,C4,1032,2108,2106,87.75,99.90512333965845,0.5831913354649746,7.039707822564984,0.05379726811977217,14.058956916099774,0.959808038392318,85.94104308390023,0.3309292420403068,0.0,0,14890.0,28.761999999999713,4.632361111111129,30.065472865489532,24.062951143415404,6.002521722074168,80.0351660892582,31.000474747699663,24.062951143415404,0.0,41.75760120206885,2.0,4,0.0,756,49.60317460317461,331,1489,,,0.0,0,,,,,,,,,,,,,,,
v3_primary_challenge,C5,1032,2108,2106,87.75,99.90512333965845,0.5831913354649746,7.039707822564984,0.05379726811977217,14.058956916099774,0.959808038392318,85.94104308390023,0.33092924204030666,0.0,0,14890.0,28.761999999999713,4.632361111111128,30.06547286548953,24.091886137660296,5.973586727829273,80.13140603324428,22.299745908818714,24.091886137660296,0.0,41.75760120206885,2.0,4,0.0,756,40.60846560846561,331,1489,,,2.456364906451199,1489,0.0016496742152123567,0.0010095000034198165,0.005214924772735684,0.008705625019501895,27.834116856950974,140.64875755540632,27.834116856950974,0.0,23.67897918065816,0.0,0.0,0.0,0.0,70.98572935991767,24.016294611568412
v3_primary_challenge,C1,1033,2186,2180,90.83333333333333,99.72552607502287,13.036857239166668,174.39697304121026,10.397286041616097,58.0246913580247,48.64705882352941,41.9753086419753,0.3015050850567055,49.635875894763394,0,130.0,26.397999999999907,4.565694444444439,32.85816937958604,26.095490887053394,6.762678492532643,79.4185780272527,29.699143813927513,0.0,26.095490887053394,45.636346360536166,0.0,0,248.17937947381694,0,0.0,0,13,0.3,0.7,0.0,0,,,,,,,,,,,,,,,
v3_primary_challenge,C2,1033,2186,2180,90.83333333333333,99.72552607502287,0.7704973959197382,91.79319225273963,0.15191797772849275,16.460905349794242,0.17647058823528905,83.53909465020575,0.28983819662416127,0.0,0,12180.0,28.807999999999744,4.733055555555566,37.058249215301934,29.706814956949387,7.351434258352574,80.16248901656957,19.711884284896144,19.18613777274098,10.520677184208402,51.46979057680827,2.0,4,0.0,547,42.413162705667276,273,1218,,,0.0,0,,,,,,,,,,,,,,,
v3_primary_challenge,C3,1033,2186,2181,90.875,99.77127172918573,0.5230401105854471,4.626243758502824,0.023124700932486184,12.139917695473246,0.0,87.86008230452676,0.3147888412030697,0.0,0,14130.0,29.197999999999702,4.760138888888904,28.076017166894882,22.463215509175637,5.612801657719274,80.0085545454879,25.98652186953115,22.463215509175637,0.0,38.99446828735403,2.0,4,0.0,646,54.95356037151703,315,1413,,,0.0,0,,,,,,,,,,,,,,,
v3_primary_challenge,C4,1033,2186,2181,90.875,99.77127172918573,0.5230401105854471,4.626243758502824,0.023124700932486184,12.139917695473246,0.0,87.86008230452676,0.31478884120306977,0.0,0,14130.0,29.197999999999702,4.760138888888904,28.076017166894882,22.464841672574575,5.611175494320333,80.01434654721403,23.061571842222357,22.464841672574575,0.0,38.99446828735403,2.0,4,0.0,646,51.702786377708975,315,1413,,,0.0,0,,,,,,,,,,,,,,,
v3_primary_challenge,C5,1033,2186,2181,90.875,99.77127172918573,0.5230401105854471,4.626243758502824,0.023124700932486184,12.139917695473246,0.0,87.86008230452676,0.31478884120306977,0.0,0,14130.0,29.197999999999702,4.760138888888904,28.07601716689488,22.4538909875153,5.622126179379606,79.97534284881131,21.029654786893786,22.4538909875153,0.0,38.99446828735403,2.0,4,0.0,646,49.690402476780186,315,1413,,,2.5612161437165923,1413,0.0018126087358220752,0.000997499970253557,0.00566267498070374,0.008340250002220273,26.656050955414013,135.54281670205236,26.656050955414013,0.0,22.830856334041048,0.0,0.0,0.0,0.0,172.9957804420595,52.73744540338684
v3_primary_challenge,C1,1034,2097,2095,87.29166666666667,99.90462565569862,3.05872132215314,107.15094102689152,1.569055214414255,36.82983682983683,18.645083932853712,63.17016317016317,0.33373812545672676,21.765340630813153,0,120.0,25.5059999999999,4.3924999999999965,30.15427483557835,24.094576240091243,6.059698595487106,79.90434646984977,29.78222222222212,0.0,24.094576240091243,41.8809372716366,0.0,0,108.82670315406577,0,0.0,0,12,0.3,0.7,0.0,0,,,,,,,,,,,,,,,
v3_primary_challenge,C2,1034,2097,2081,86.70833333333333,99.23700524558893,2.188073219098897,190.15597537630384,1.316793081107478,18.414918414918414,9.2326139088729,81.58508158508158,0.2937383679941574,33.77162734390426,0,11630.0,27.80799999999975,4.552361111111122,44.55418752210332,35.7037151289803,8.850472393123042,80.13548695342654,19.68015234237734,18.1642305464482,17.5394845825321,61.88081600292129,2.0,4,168.85813671952127,560,41.07142857142857,274,1163,,,0.0,0,,,,,,,,,,,,,,,
v3_primary_challenge,C3,1034,2097,2095,87.29166666666667,99.90462565569862,0.4408793251336665,6.33554474619929,0.024174902971456365,10.023310023310028,0.2997601918465209,89.97668997668997,0.3337479573738377,0.0,0,14840.0,28.449999999999683,4.596944444444462,30.150735345418415,24.110499343222962,6.0402360021954875,79.96653835139944,28.01148545281747,24.110499343222962,0.0,41.876021313081175,2.0,4,0.0,750,57.733333333333334,342,1484,,,0.0,0,,,,,,,,,,,,,,,
v3_primary_challenge,C4,1034,2097,2095,87.29166666666667,99.90462565569862,0.4408793251336665,6.33554474619929,0.024174902971456365,10.023310023310028,0.2997601918465209,89.97668997668997,0.3337479573738376,0.0,0,14840.0,28.44999999999968,4.596944444444462,30.150735345418415,24.117459635560724,6.033275709857733,79.98962333509228,25.723248055588115,24.117459635560724,0.0,41.876021313081175,2.0,4,0.0,750,51.866666666666674,342,1484,,,0.0,0,,,,,,,,,,,,,,,
v3_primary_challenge,C5,1034,2097,2095,87.29166666666667,99.90462565569862,0.4408793251336665,6.33554474619929,0.024174902971456365,10.023310023310028,0.2997601918465209,89.97668997668997,0.33374795737383767,0.0,0,14840.0,28.449999999999676,4.596944444444462,30.15073534541842,24.133715009107362,6.017020336311091,80.04353702363224,22.899129173518734,24.133715009107362,0.0,41.876021313081175,2.0,4,0.0,750,44.266666666666666,342,1484,,,4.430851264973171,1484,0.0029857488308444547,0.001722062996122986,0.007235016100457867,0.01188566698692739,28.392857142857142,143.04716981132074,28.392857142857142,0.0,23.785714285714285,0.0,0.0,0.0,0.0,124.08500338046734,39.5192922674432
v3_primary_challenge,C1,1035,2222,2211,92.125,99.5049504950495,8.336957703782943,100.23521713067034,5.774603651526032,60.95890410958904,42.544843049327355,39.04109589041096,0.2850772804443378,27.98842021992633,0,140.0,26.88799999999991,4.644722222222218,35.17217904003839,28.10465120546095,7.067527834577443,79.90591419845757,29.67860362737833,0.0,28.10465120546095,48.850248666719985,0.0,0,139.94210109963163,0,0.0,0,14,0.3,0.7,0.0,0,,,,,,,,,,,,,,,
v3_primary_challenge,C2,1035,2222,2216,92.33333333333333,99.72997299729973,12.2583363798408,186.9102420222452,10.046829847378136,49.08675799086758,39.181614349775785,50.91324200913242,0.27830202696049017,40.566989099846566,0,8150.0,28.489999999999835,4.7559722222222245,37.611270294223516,30.0234081236464,7.587862170577129,79.82556262732108,19.723661926337893,12.474894300818402,17.548513822828,52.23787540864379,2.0,4,202.83494549923282,385,38.701298701298704,187,815,,,0.0,0,,,,,,,,,,,,,,,
v3_primary_challenge,C3,1035,2222,1943,80.95833333333333,87.44374437443744,34.371002033301735,434.308617717072,32.91063475309962,35.15981735159818,19.002242152466366,64.84018264840182,0.2666141162148974,171.19847893453237,0,10540.0,28.96799999999978,4.789166666666676,41.818918162636905,33.41840120546106,8.400516957175856,79.91216098774817,19.818637675641412,15.88290886168894,17.53549234377212,58.08183078144016,2.0,4,855.9923946726618,481,56.75675675675676,257,1054,,,0.0,0,,,,,,,,,,,,,,,
v3_primary_challenge,C4,1035,2222,2011,83.79166666666667,90.5040504050405,28.375878922671923,374.5661671099823,26.756076679924217,38.58447488584474,22.982062780269064,61.41552511415526,0.27122548833949356,119.07507158655207,0,9670.0,28.793999999999805,4.777083333333339,40.158824197782295,32.222956761016604,7.935867436765693,80.23879534499933,19.60997637165742,14.674796262376045,17.548160498640563,55.77614471914208,2.0,4,595.3753579327604,443,52.370203160270876,235,967,,,0.0,0,,,,,,,,,,,,,,,
v3_primary_challenge,C5,1035,2222,2172,90.5,97.74977497749775,20.27144126599107,243.62916924043492,18.087622263616776,50.91324200913242,36.60313901345291,49.08675799086758,0.2803678727037842,72.7203834816527,0,7880.0,28.43599999999984,4.752222222222224,36.86756582663769,29.45662342768325,7.410942398954436,79.8984765259445,19.68044852047402,11.908398665213587,17.548224762469662,51.204952536996785,2.0,4,363.60191740826355,364,51.373626373626365,184,788,,,1.0330724369268864,783,0.001319377314082869,0.0009805000154301524,0.0044155127950944,0.0137653750134632,27.03065134099617,137.18901660280972,27.03065134099617,0.0,23.191570881226053,0.0,0.0,0.0,0.0,0.07233890636519419,0.03747510105124091
v3_primary_challenge,C1,1036,2208,2191,91.29166666666667,99.23007246376811,6.9267462924415755,99.20101639614174,4.339619293740239,53.76344086021505,45.324153757888695,46.236559139784944,0.2810028747776121,20.38591146342826,0,150.0,26.449999999999896,4.596805555555551,38.03896508005965,30.163216256610433,7.875748823449213,79.29557545303001,29.63277777777763,0.0,30.163216256610433,52.83189594452728,0.0,0,101.92955731714132,0,0.0,0,15,0.3,0.7,0.0,0,,,,,,,,,,,,,,,
v3_primary_challenge,C2,1036,2208,2177,90.70833333333333,98.59601449275362,5.7740811431761605,191.3999768909843,3.940860768311585,43.87096774193549,28.915662650602414,56.12903225806451,0.26573446904952897,45.02743154788166,0,8770.0,28.173999999999797,4.716527777777782,43.53559114216955,34.509626126982326,9.025965015187237,79.26761810650028,19.724830953501215,13.469200807709507,21.04042531927282,60.466098808568844,2.0,4,225.13715773940834,407,41.76904176904177,200,877,,,0.0,0,,,,,,,,,,,,,,,
v3_primary_challenge,C3,1036,2208,1971,82.125,89.2663043478261,23.766824415877018,437.8680975426401,22.693766968198325,27.09677419354839,12.22030981067126,72.90322580645162,0.25825891616588653,172.14211650255916,0,12370.0,28.893999999999718,4.7665277777777915,46.22679018028081,37.06421625661053,9.162573923670298,80.17908254512813,19.76257672128311,19.514495388788944,17.549720867821588,64.20387525039003,2.0,4,860.7105825127959,600,59.833333333333336,287,1237,,,0.0,0,,,,,,,,,,,,,,,
v3_primary_challenge,C4,1036,2208,1946,81.08333333333333,88.13405797101449,34.21229364927453,400.2204458986533,32.695998224627346,38.494623655913976,22.834193918531266,61.505376344086024,0.27121869612128874,146.0888494054146,0,10240.0,28.46799999999977,4.736944444444451,41.56126939633603,33.325438478832766,8.235830917503279,80.18388023964128,19.723834247199225,15.790552113003862,17.5348863658289,57.72398527268895,2.0,4,730.444247027073,482,50.829875518672196,244,1024,,,0.0,0,,,,,,,,,,,,,,,
v3_primary_challenge,C5,1036,2208,1945,81.04166666666667,88.08876811594203,33.941717057455506,400.2137616994556,32.42527066959524,38.494623655913976,22.834193918531266,61.505376344086024,0.2711465950495954,145.9954866459822,0,10240.0,28.467999999999765,4.736944444444452,41.58722578214564,33.360021812166075,8.22720396997958,80.2169925614233,19.62380863796794,15.81675836332834,17.54326344883773,57.760035808535626,2.0,4,729.9774332299111,482,47.71784232365145,244,1024,,,4.232502289058175,1019,0.004153584189458464,0.001599166018422693,0.012426749989390347,0.09034529200289398,26.90873405299313,136.88812561334643,26.90873405299313,0.0,23.464180569185476,0.0,0.0,0.0,0.0,179.559678499247,62.70512473251677
v3_primary_challenge,C1,1037,2115,2098,87.41666666666667,99.19621749408984,13.09804477198623,177.32941139834736,10.878294006994714,47.61904761904761,38.230088495575224,52.38095238095239,0.31471539971432205,57.57131925007403,0,140.0,25.387999999999902,4.406805555555553,35.20245610284405,28.14038231026542,7.062073792578636,79.93869015290646,29.60055555555544,0.0,28.14038231026542,48.892300142838955,0.0,0,287.85659625037016,0,0.0,0,14,0.3,0.7,0.0,0,,,,,,,,,,,,,,,
v3_primary_challenge,C2,1037,2115,2110,87.91666666666667,99.76359338061465,1.578810675603453,128.17008286023702,0.492219609140263,28.095238095238095,9.557522123893802,71.9047619047619,0.3007360552812493,15.763316525303333,0,11490.0,27.657999999999767,4.564444444444454,40.23502009875024,32.26359416538542,7.971425933364838,80.18784155245787,19.557656640215168,18.220638097413612,14.042956067971806,55.88197235937534,2.0,4,78.81658262651666,557,38.59964093357271,230,1149,,,0.0,0,,,,,,,,,,,,,,,
v3_primary_challenge,C3,1037,2115,2112,88.0,99.8581560283688,0.3998504082185883,5.558017431469974,0.011640114323159926,9.999999999999998,0.05899705014749124,90.0,0.32763144307803194,0.0,0,15030.0,28.365999999999687,4.613611111111128,30.552680491908507,24.457461108692364,6.09521938321617,80.05013214853477,28.289737415575484,24.457461108692364,0.0,42.43427846098407,2.0,4,0.0,736,61.00543478260869,296,1503,,,0.0,0,,,,,,,,,,,,,,,
v3_primary_challenge,C4,1037,2115,2106,87.75,99.57446808510639,0.4715662397841781,90.067829749894,0.055481825866657716,10.476190476190473,0.11799410029498247,89.52380952380953,0.31607458711722186,0.0,0,14890.0,28.33799999999969,4.611666666666683,34.7131486378001,27.77939952629559,6.933749111504538,80.02558285953305,19.655643228486518,24.26218168771992,3.5172178385756743,48.21270644138907,2.0,4,0.0,732,53.96174863387978,293,1489,,,0.0,0,,,,,,,,,,,,,,,
v3_primary_challenge,C5,1037,2115,2112,88.0,99.8581560283688,0.3998504082185883,5.558017431469974,0.011640114323159926,9.999999999999998,0.05899705014749124,90.0,0.3276314430780319,0.0,0,15030.0,28.365999999999683,4.613611111111128,30.5526804919085,24.451585461757613,6.101095030150913,80.03090094904542,21.67905556651608,24.451585461757613,0.0,42.43427846098407,2.0,4,0.0,736,44.83695652173913,296,1503,,,5.53739018709166,1503,0.0036842250080450166,0.0016600830131210387,0.008872496109688655,0.10241162497550249,27.49500998003992,139.01064537591483,27.49500998003992,0.0,23.14836992681304,0.0,0.0,0.0,0.0,141.5004831229501,48.00606235651474
v3_primary_challenge,C1,1038,2192,2185,91.04166666666667,99.68065693430657,5.267927733219248,145.4118640922027,3.4711940705012005,47.39336492890995,20.903954802259882,52.60663507109005,0.28706591262563613,42.605974990800206,0,150.0,26.419999999999906,4.574722222222217,37.456271454770985,30.123005968620394,7.333265486150585,80.42179533271052,29.6788888888888,0.0,30.123005968620394,52.022599242737485,0.0,0,213.02987495400103,0,0.0,0,15,0.3,0.7,0.0,0,,,,,,,,,,,,,,,
v3_primary_challenge,C2,1038,2192,2186,91.08333333333333,99.72627737226277,4.222543904657433,163.12597388178378,2.672897661554021,36.01895734597157,22.485875706214685,63.98104265402843,0.27925019047410987,19.62079827662584,0,9220.0,28.233999999999806,4.70069444444445,40.26993142932045,32.30785567892479,7.962075750395672,80.22823613601066,19.676932416709924,14.760308967049458,17.547546711875327,55.93046031850064,2.0,4,98.1039913831292,435,44.59770114942529,199,922,,,0.0,0,,,,,,,,,,,,,,,
v3_primary_challenge,C3,1038,2192,1948,81.16666666666667,88.86861313868614,25.64488435487673,417.6686042992245,24.551490361208547,24.17061611374408,14.802259887005654,75.82938388625593,0.26497741597219787,162.72973975191286,0,11950.0,28.779999999999752,4.738611111111123,45.40813025000877,36.425033746398356,8.983096503610431,80.21698657453821,19.61023526032884,18.877671574906174,17.547362171492185,63.06684756945664,2.0,4,813.6486987595642,550,57.27272727272727,276,1195,,,0.0,0,,,,,,,,,,,,,,,
v3_primary_challenge,C4,1038,2192,2024,84.33333333333333,92.33576642335767,21.383955529225183,299.96266148588836,19.82071646735671,35.07109004739336,25.028248587570623,64.92890995260665,0.2744304275539018,90.14987547990526,0,10130.0,28.415999999999794,4.713333333333342,42.005046080595335,33.69739485750943,8.307651223085927,80.22225423310817,19.78219049808186,16.15856089102052,17.538833966488905,58.34034177860467,2.0,4,450.74937739952634,470,49.57446808510638,229,1013,,,0.0,0,,,,,,,,,,,,,,,
v3_primary_challenge,C5,1038,2192,1958,81.58333333333333,89.32481751824818,23.869338981268747,392.4830770270741,22.696632567071216,24.881516587677723,16.497175141242938,75.11848341232228,0.2667422745210143,136.0526696012154,0,11510.0,28.691999999999762,4.732500000000011,44.772781172434826,35.931061524176116,8.841719648258735,80.25202049833287,19.594784388191542,18.361908497424004,17.56915302675211,62.1844182950484,2.0,4,680.2633480060771,539,53.06122448979592,265,1151,,,2.7796337858890183,1146,0.002425509411770522,0.0012672294687945396,0.007377239759080112,0.027212124958168715,26.793193717277486,136.0715532286213,26.793193717277486,0.0,23.024432809773124,0.0,0.0,0.0,0.0,116.44877554348949,38.98312506208856
v3_primary_challenge,C1,1039,2106,2083,86.79166666666667,98.90788224121557,9.761792875016962,162.79920529003587,7.841539115186182,46.11528822055138,26.713532513181015,53.88471177944862,0.3238970658587365,50.919982942036846,0,130.0,25.57399999999991,4.408472222222219,32.79705629085486,26.140013169567652,6.6570431212872085,79.70231516435375,29.618333333333275,0.0,26.140013169567652,45.55146707063176,0.0,0,254.5999147101842,0,0.0,0,13,0.3,0.7,0.0,0,,,,,,,,,,,,,,,
v3_primary_challenge,C2,1039,2106,2097,87.375,99.57264957264957,0.9199953190964446,88.70964834355351,0.23215189336117448,18.295739348370933,4.628002343292326,81.70426065162907,0.320717137142712,0.0,0,14150.0,28.37799999999971,4.603194444444461,33.941830628623634,27.184975000449683,6.7568556281739856,80.09283676503942,19.892399854043912,23.679594993151873,3.5053800072978047,47.14143142864398,2.0,4,0.0,728,47.11538461538461,280,1415,,,0.0,0,,,,,,,,,,,,,,,
v3_primary_challenge,C3,1039,2106,2103,87.625,99.85754985754986,0.5394842832250851,4.42974716797183,0.027558257163463933,16.29072681704261,0.0,83.70927318295739,0.33044535952063303,0.0,0,14550.0,28.4579999999997,4.608750000000017,30.439670572572098,24.35109352426538,6.088577048306755,79.99788784247593,33.13153291908964,24.35109352426538,0.0,42.27732023968352,2.0,4,0.0,753,61.354581673306775,288,1455,,,0.0,0,,,,,,,,,,,,,,,
v3_primary_challenge,C4,1039,2106,2103,87.625,99.85754985754986,0.5394842832250851,4.42974716797183,0.027558257163463933,16.29072681704261,0.0,83.70927318295739,0.33044535952063303,0.0,0,14550.0,28.4579999999997,4.608750000000018,30.4396705725721,24.357100971379197,6.082569601192942,80.01762342765414,29.061563195201195,24.357100971379197,0.0,42.27732023968352,2.0,4,0.0,753,53.12084993359893,288,1455,,,0.0,0,,,,,,,,,,,,,,,
v3_primary_challenge,C5,1039,2106,2103,87.625,99.85754985754986,0.5394842832250851,4.42974716797183,0.027558257163463933,16.29072681704261,0.0,83.70927318295739,0.330445359520633,0.0,0,14550.0,28.457999999999704,4.608750000000017,30.439670572572098,24.337481684443237,6.102188888128904,79.95317040773993,20.74825982336825,24.337481684443237,0.0,42.27732023968352,2.0,4,0.0,753,44.223107569721115,288,1455,,,3.610678816155996,1455,0.002481566196670788,0.0012919169967062771,0.006820554391015321,0.10237912501906976,28.11340206185567,141.6302405498282,28.11340206185567,0.0,23.457044673539517,0.0,0.0,0.0,0.0,40.25923516550256,10.521032513069143
v3_primary_challenge,C1,1040,2148,2144,89.33333333333333,99.81378026070763,9.59079040848078,160.12421194369108,7.2131620245074615,56.222222222222214,40.694935217903414,43.77777777777778,0.3121934019855061,42.64120580025621,0,130.0,26.087999999999905,4.496666666666663,32.810375285217795,26.105984229598405,6.704391055619393,79.56624696505696,29.653888888888762,0.0,26.105984229598405,45.5699656739136,0.0,0,213.20602900128105,0,0.0,0,13,0.3,0.7,0.0,0,,,,,,,,,,,,,,,
v3_primary_challenge,C2,1040,2148,2089,87.04166666666667,97.25325884543761,4.881413978553817,202.27514552431288,3.682731522750569,28.000000000000004,15.429917550058892,72.0,0.29009287922222593,42.98054833649415,0,11070.0,28.275999999999787,4.648611111111119,40.766563479998645,32.386185911496824,8.380377568501839,79.44301198551234,19.806215446312365,18.353140782765124,14.033045128731706,56.6202270555537,2.0,4,214.90274168247075,516,41.66666666666667,237,1107,,,0.0,0,,,,,,,,,,,,,,,
v3_primary_challenge,C3,1040,2148,2147,89.45833333333333,99.95344506517691,0.5885127010752406,6.5895386712940915,0.0496100906973955,14.000000000000002,0.6478209658421719,86.0,0.3241829884082726,0.0,0,13670.0,28.79599999999973,4.684722222222236,28.494124173021852,22.780613511683374,5.71351066133851,79.94846015745235,25.60393264254178,22.780613511683374,0.0,39.57517246253038,2.0,4,0.0,653,61.71516079632465,295,1367,,,0.0,0,,,,,,,,,,,,,,,
v3_primary_challenge,C4,1040,2148,2147,89.45833333333333,99.95344506517691,0.5885127010752406,6.5895386712940915,0.0496100906973955,14.000000000000002,0.6478209658421719,86.0,0.32418298840827253,0.0,0,13670.0,28.79599999999973,4.684722222222236,28.494124173021852,22.80737708114608,5.686747091875802,80.04238678351811,20.63452365812126,22.80737708114608,0.0,39.57517246253038,2.0,4,0.0,653,52.67993874425727,295,1367,,,0.0,0,,,,,,,,,,,,,,,
v3_primary_challenge,C5,1040,2148,2147,89.45833333333333,99.95344506517691,0.5885127010752406,6.5895386712940915,0.0496100906973955,14.000000000000002,0.6478209658421719,86.0,0.32418298840827253,0.0,0,13670.0,28.79599999999973,4.684722222222235,28.49412417302185,22.769433482866088,5.724690690155785,79.9092238968486,24.72845860244163,22.769433482866088,0.0,39.57517246253038,2.0,4,0.0,653,54.67075038284839,295,1367,,,2.7110432973713614,1367,0.001983206508684244,0.001111874997150153,0.0064182041911408335,0.011964875040575862,27.564008778346746,139.44476956839796,27.564008778346746,0.0,23.228237015362108,0.0,0.0,0.0,0.0,74.39345254112327,23.543804201705004
v3_primary_challenge,C1,1041,2146,2139,89.125,99.67381174277726,4.0666857360117605,130.43274893651093,2.6154251390383063,34.25287356321839,17.942723553477503,65.74712643678161,0.31375886464109215,31.96705309128937,0,130.0,25.7899999999999,4.4734722222222185,32.44680872920683,26.089616110831614,6.357192618375221,80.40734091469272,29.746666666666542,0.0,26.089616110831614,45.06501212389837,0.0,0,159.83526545644685,0,0.0,0,13,0.3,0.7,0.0,0,,,,,,,,,,,,,,,
v3_primary_challenge,C2,1041,2146,2140,89.16666666666667,99.72041006523766,0.3963611242651829,3.5783758812446953,0.009400814558835041,7.126436781609192,0.0,92.87356321839081,0.3224393556879962,0.0,0,14560.0,28.675999999999693,4.6738888888889045,29.321831952321347,23.44293406502713,5.8788978872942295,79.95044137469455,19.855268257884358,23.44293406502713,0.0,40.72476660044633,2.0,4,0.0,691,44.7178002894356,302,1456,,,0.0,0,,,,,,,,,,,,,,,
v3_primary_challenge,C3,1041,2146,2140,89.16666666666667,99.72041006523766,0.3963611242651829,3.5783758812446953,0.009400814558835041,7.126436781609192,0.0,92.87356321839081,0.32243935568799625,0.0,0,14560.0,28.67599999999969,4.6738888888889045,29.321831952321343,23.478317643480175,5.843514308841192,80.07111452537143,28.964215425214867,23.478317643480175,0.0,40.72476660044633,2.0,4,0.0,691,59.33429811866859,302,1456,,,0.0,0,,,,,,,,,,,,,,,
v3_primary_challenge,C4,1041,2146,2140,89.16666666666667,99.72041006523766,0.3963611242651829,3.5783758812446953,0.009400814558835041,7.126436781609192,0.0,92.87356321839081,0.3224393556879962,0.0,0,14560.0,28.675999999999693,4.6738888888889045,29.321831952321347,23.46437819644556,5.857453755875804,80.02357504333195,24.71873163268114,23.46437819644556,0.0,40.72476660044633,2.0,4,0.0,691,53.54558610709117,302,1456,,,0.0,0,,,,,,,,,,,,,,,
v3_primary_challenge,C5,1041,2146,2140,89.16666666666667,99.72041006523766,0.3963611242651829,3.5783758812446953,0.009400814558835041,7.126436781609192,0.0,92.87356321839081,0.3224393556879962,0.0,0,14560.0,28.67599999999969,4.673888888888905,29.321831952321343,23.454901463991764,5.866930488329602,79.99125532855696,24.98611271554099,23.454901463991764,0.0,40.72476660044633,2.0,4,0.0,691,43.12590448625181,302,1456,,,3.192882403905969,1456,0.0021929137389464074,0.001103645481634885,0.006305968985543586,0.04133062495384365,27.259615384615383,138.0831043956044,27.259615384615383,0.0,23.111263736263737,0.0,0.0,0.0,0.0,24.187466829485405,7.771179475894266
v3_primary_challenge,C1,1042,2196,2181,90.875,99.31693989071039,6.158527374974837,119.50960306386351,3.7128109829936915,53.510895883777245,39.20358945597307,46.48910411622276,0.2849833884388932,31.957855772039004,0,150.0,26.235999999999894,4.566944444444438,37.80598016199846,30.155658818975247,7.6503213430232115,79.76425605091676,29.64942343518568,0.0,30.155658818975247,52.50830578055342,0.0,0,159.789278860195,0,0.0,0,15,0.3,0.7,0.0,0,,,,,,,,,,,,,,,
v3_primary_challenge,C2,1042,2196,2189,91.20833333333333,99.68123861566485,1.7231536813542356,117.0905566663896,0.5116371128718162,30.750605326876514,6.842400448681996,69.24939467312349,0.27672697090858683,5.7925254717744,0,9670.0,28.13999999999979,4.69916666666667,40.77829047290876,32.68477467368538,8.09351579922337,80.15239063393219,19.702508463928208,15.152924336288377,17.531850337397014,56.63651454570662,2.0,4,28.962627358872002,429,39.16083916083916,220,967,,,0.0,0,,,,,,,,,,,,,,,
v3_primary_challenge,C3,1042,2196,2078,86.58333333333333,94.62659380692168,9.030664186375637,431.0507670051411,8.24683118456434,18.644067796610166,6.561974200785192,81.35593220338984,0.2555696130064754,168.6729052637132,0,13520.0,28.90999999999971,4.752638888888901,48.39493931766881,38.672631041197654,9.722308276471173,79.91048565501234,19.708901287246423,21.128044481990635,17.544586559207023,67.21519349676225,2.0,4,843.3645263185659,591,59.05245346869712,310,1352,,,0.0,0,,,,,,,,,,,,,,,
v3_primary_challenge,C4,1042,2196,2074,86.41666666666667,94.44444444444444,9.090433641616245,399.2479102356044,8.204135235522669,20.09685230024213,9.983174425126196,79.90314769975787,0.2565370633810069,139.33126147030626,0,13320.0,28.86999999999971,4.749861111111124,48.046657182837485,38.38063104119765,9.666026141639854,79.88200072929821,19.65513333778861,20.817573324434633,17.56305771676302,66.73146830949655,2.0,4,696.6563073515313,581,53.35628227194492,305,1332,,,0.0,0,,,,,,,,,,,,,,,
v3_primary_challenge,C5,1042,2196,2065,86.04166666666667,94.03460837887067,10.129545207615388,421.26156939681675,9.305361188918313,18.886198547215493,7.739764441951769,81.1138014527845,0.25716657567049295,162.03584207513043,0,13320.0,28.869999999999713,4.749861111111124,47.82003275862252,38.38188104119765,9.438151717424901,80.26318433309092,19.604245167596478,20.816726960847742,17.56515408034991,66.41671216475353,2.0,4,810.1792103756522,581,51.11876075731497,305,1332,,,3.478955748840235,1327,0.002621669742908994,0.0013005000073462725,0.007212825008900837,0.016757834004238248,26.382818387339864,134.3232856066315,26.382818387339864,0.0,22.669932177844764,0.0,0.0,0.0,0.0,168.7371913968942,54.89846895717715
v3_primary_challenge,C1,1043,2134,2118,88.25,99.2502343017807,8.099042380200698,140.3637536336296,6.136446451730121,46.20853080568721,26.46028037383178,53.79146919431279,0.3023524356769273,39.88196277870716,0,150.0,25.645999999999898,4.448472222222218,37.75312315630616,30.15885526509262,7.594267891213542,79.88439827939105,29.618333333333208,0.0,30.15885526509262,52.43489327264744,0.0,0,199.40981389353584,0,0.0,0,15,0.3,0.7,0.0,0,,,,,,,,,,,,,,,
v3_primary_challenge,C2,1043,2134,2097,87.375,98.26616682286785,1.5468560190456828,144.78172913986296,0.7736430495733824,20.14218009478673,5.724299065420557,79.85781990521326,0.2847784100926011,14.063459524864205,0,11260.0,27.86799999999978,4.602777777777785,44.0797723666636,35.345942980536705,8.733829386126901,80.18631014362482,19.76022893798842,17.805875903373476,17.54006707716323,61.22190606481056,2.0,4,70.31729762432103,543,33.88581952117864,258,1126,,,0.0,0,,,,,,,,,,,,,,,
v3_primary_challenge,C3,1043,2134,2130,88.75,99.81255857544518,0.4087340101200393,3.509136097165174,0.008301503644473424,8.056872037914697,0.0,91.9431279620853,0.3245406715577814,0.0,0,14780.0,28.5719999999997,4.651666666666682,29.765358239198683,23.786827596553373,5.978530642645342,79.91446770235055,21.64271496568535,23.786827596553373,0.0,41.34077533222043,2.0,4,0.0,729,59.807956104252405,345,1478,,,0.0,0,,,,,,,,,,,,,,,
v3_primary_challenge,C4,1043,2134,2130,88.75,99.81255857544518,0.4087340101200393,3.509136097165174,0.008301503644473424,8.056872037914697,0.0,91.9431279620853,0.3245406715577813,0.0,0,14780.0,28.5719999999997,4.6516666666666815,29.765358239198683,23.816074166222556,5.949284072976158,80.01272477499909,20.1964960435719,23.816074166222556,0.0,41.34077533222043,2.0,4,0.0,729,54.59533607681756,345,1478,,,0.0,0,,,,,,,,,,,,,,,
v3_primary_challenge,C5,1043,2134,2090,87.08333333333333,97.9381443298969,1.8659246084827488,331.9167253474365,1.3547681263855038,10.663507109004744,2.5700934579439227,89.33649289099526,0.2775523327994887,92.61745222065841,0,14470.0,28.509999999999707,4.647361111111126,46.68116019218404,37.38406130283308,9.297098889350986,80.0838307122718,19.6921074596561,23.348834620795635,14.035226682037443,64.83494471136675,2.0,4,463.087261103292,718,45.82172701949861,333,1447,,,4.896180455805734,1443,0.0033930564489298223,0.0031757079996168613,0.007355658366577698,0.014937250001821667,27.88981288981289,140.86139986139986,27.88981288981289,0.0,23.5994455994456,0.0,0.0,0.0,0.0,267.16048563721444,83.91221851698639
v3_primary_challenge,C1,1044,2171,2165,90.20833333333333,99.72362966374942,2.659108935947904,104.56984748740342,1.1129260939484122,37.03703703703704,17.610419026047563,62.96296296296296,0.30645119886941885,22.885287394233597,0,130.0,26.037999999999897,4.521944444444439,32.577568407009224,26.117556154112748,6.460012252896476,80.17036700778878,29.612045890658422,0.0,26.117556154112748,45.24662278751281,0.0,0,114.42643697116797,0,0.0,0,13,0.3,0.7,0.0,0,,,,,,,,,,,,,,,
v3_primary_challenge,C2,1044,2171,2149,89.54166666666667,98.98664210041456,2.330587801058477,170.648202932407,1.1630513418083672,35.30864197530864,12.740656851642129,64.69135802469135,0.27629018312401193,24.197555149699667,0,10900.0,28.191999999999766,4.671527777777785,43.435534075355704,34.68084830355979,8.75468577179592,79.84441550411806,19.66841137100981,17.142351980411696,17.5384963231481,60.32713066021627,2.0,4,120.98777574849834,514,42.4124513618677,249,1090,,,0.0,0,,,,,,,,,,,,,,,
v3_primary_challenge,C3,1044,2171,2150,89.58333333333333,99.03270382312299,1.5914401165006762,409.3961812843983,1.0999883916521433,14.567901234567904,0.8493771234428071,85.4320987654321,0.260549015759287,159.24573875092116,0,14250.0,28.86199999999969,4.718055555555569,49.10235432665667,39.35063948744627,9.751714839210424,80.14002592556668,19.704825779509093,21.80636220811086,17.544277279335414,68.19771434257873,2.0,4,796.2286937546057,636,57.861635220125784,338,1425,,,0.0,0,,,,,,,,,,,,,,,
v3_primary_challenge,C4,1044,2171,2133,88.875,98.24965453707969,1.853553693319475,376.10185389965096,1.2628844976098212,16.79012345679012,3.1143827859569595,83.20987654320989,0.2607529711287557,133.5116213009896,0,14140.0,28.839999999999698,4.716527777777792,49.02893039364794,39.29466726522405,9.734263128423915,80.14587907533664,19.754879437691812,21.755113238945167,17.53955402627888,68.09573665784437,2.0,4,667.558106504948,635,48.661417322834644,334,1414,,,0.0,0,,,,,,,,,,,,,,,
v3_primary_challenge,C5,1044,2171,2124,88.5,97.83509903270382,2.3436431156397863,374.9280345444284,1.7453709068338628,16.79012345679012,3.454133635334089,83.20987654320989,0.2598325382469936,133.8477365959627,0,14100.0,28.83199999999969,4.715972222222236,49.360286231082284,39.280583931890696,10.079702299191613,79.57932769675801,19.675862408151247,21.736078560453013,17.544505371437683,68.55595309872542,2.0,4,669.2386829798135,635,41.10236220472441,332,1410,,,4.004628199909348,1404,0.0028522992876847206,0.0015063955215737224,0.006768918762099928,0.009465041977819055,26.86965811965812,136.56410256410257,26.86965811965812,0.0,23.284900284900285,0.0,0.0,0.0,0.0,209.97213398744566,73.03786941679702
v3_primary_challenge,C1,1045,2116,2111,87.95833333333333,99.76370510396976,5.532849933962045,139.89117843510994,4.016935904084097,36.19489559164734,18.100890207715135,63.80510440835266,0.321342060672862,27.87266355817833,0,130.0,25.477999999999906,4.4143055555555515,32.7168581577697,26.157050389460302,6.559807768309394,79.94976248429418,29.616530320302324,0.0,26.157050389460302,45.44008077468013,0.0,0,139.36331779089167,0,0.0,0,13,0.3,0.7,0.0,0,,,,,,,,,,,,,,,
v3_primary_challenge,C2,1045,2116,2112,88.0,99.8109640831758,0.6236980359543738,88.12728778392024,0.11295076072214513,11.1368909512761,1.543026706231454,88.8631090487239,0.314535246531534,0.0,0,13150.0,28.081999999999724,4.595138888888902,35.16731124864776,28.160021765126444,7.0072894835213235,80.07442356347116,19.635564219395647,21.144583859112718,7.015437906013727,48.84348784534412,2.0,4,0.0,626,35.623003194888184,304,1315,,,0.0,0,,,,,,,,,,,,,,,
v3_primary_challenge,C3,1045,2116,2112,88.0,99.8109640831758,0.36515997870464406,3.8606667661796865,0.010863663232412389,8.584686774941996,0.0,91.415313225058,0.3268092757001256,0.0,0,15120.0,28.47599999999968,4.622500000000017,30.74866074795477,24.60228385808074,6.146376889874059,80.01091188895812,33.72082996455539,24.60228385808074,0.0,42.70647326104833,2.0,4,0.0,726,58.40220385674931,349,1512,,,0.0,0,,,,,,,,,,,,,,,
v3_primary_challenge,C4,1045,2116,2112,88.0,99.8109640831758,0.36515997870464406,3.8606667661796865,0.010863663232412389,8.584686774941996,0.0,91.415313225058,0.3268092757001255,0.0,0,15120.0,28.47599999999968,4.622500000000017,30.748660747954766,24.594948400383917,6.153712347570877,79.98705570297021,28.428105275831996,24.594948400383917,0.0,42.70647326104833,2.0,4,0.0,726,52.066115702479344,349,1512,,,0.0,0,,,,,,,,,,,,,,,
v3_primary_challenge,C5,1045,2116,2112,88.0,99.8109640831758,0.36515997870464406,3.8606667661796865,0.010863663232412389,8.584686774941996,0.0,91.415313225058,0.3268092757001256,0.0,0,15120.0,28.475999999999683,4.622500000000017,30.748660747954766,24.60430619059977,6.144354557355012,80.01748886652345,22.892822123185933,24.60430619059977,0.0,42.70647326104833,2.0,4,0.0,726,42.837465564738295,349,1512,,,2.8177120820619166,1512,0.001863566191839892,0.0010230829939246178,0.005485306264017711,0.010255458008032292,27.36111111111111,138.42261904761904,27.36111111111111,0.0,23.17195767195767,0.0,0.0,0.0,0.0,26.13896726711655,8.847053534868419
v3_primary_challenge,C1,1046,2191,2173,90.54166666666667,99.17845732542219,4.299748353625077,74.2854258317028,2.0996364057120407,54.589371980676326,30.55711873944851,45.410628019323674,0.28598853966779936,9.750621007965261,0,150.0,26.563999999999908,4.583472222222218,37.94412571959221,30.166733689188128,7.777392030404089,79.50304063432861,29.64333333333322,0.0,30.166733689188128,52.70017461054475,0.0,0,48.75310503982631,0,0.0,0,15,0.3,0.7,0.0,0,,,,,,,,,,,,,,,
v3_primary_challenge,C2,1046,2191,2182,90.91666666666667,99.5892286627111,1.9901111415302595,148.3741990309245,0.5800210434181173,34.54106280193236,11.817670230725941,65.45893719806763,0.27998755181720486,11.190426593430262,0,9200.0,28.373999999999807,4.709166666666673,40.104481345806256,32.16731138502067,7.937169960785599,80.20877045548531,19.591867260000516,14.622132539884069,17.545178845136594,55.70066853584201,2.0,4,55.952132967151314,432,40.0462962962963,208,920,,,0.0,0,,,,,,,,,,,,,,,
v3_primary_challenge,C3,1046,2191,1924,80.16666666666667,87.81378366042902,30.772553565332828,438.9542767150512,29.5032422599328,30.434782608695656,16.882386043894204,69.56521739130434,0.2694938622415492,169.36621541268403,0,10920.0,28.717999999999765,4.733055555555565,43.88220959304227,34.745455911410474,9.136753681631813,79.17891153074372,19.621252580896055,17.200352519405882,17.545103392004602,60.947513323669845,2.0,4,846.83107706342,521,58.54126679462573,249,1092,,,0.0,0,,,,,,,,,,,,,,,
v3_primary_challenge,C4,1046,2191,1950,81.25,89.00045641259699,30.121634715446508,391.27948601372606,28.628369025646325,36.47342995169082,21.328081035453007,63.52657004830918,0.27487914816626635,141.68055970986777,0,10120.0,28.55799999999978,4.721944444444452,41.9435066601441,33.44037257807714,8.503134082066977,79.72717409880543,19.65188495258553,15.887144441381764,17.553228136695374,58.25487036131128,2.0,4,708.4027985493389,479,49.06054279749478,232,1012,,,0.0,0,,,,,,,,,,,,,,,
v3_primary_challenge,C5,1046,2191,2054,85.58333333333333,93.74714742126883,22.08668902461161,299.998199472793,20.32292335870127,42.028985507246375,28.925154755205405,57.971014492753625,0.27977718053455314,85.4911773732338,0,9330.0,28.3999999999998,4.710972222222228,40.18021500756086,32.20481702252157,7.975397985039308,80.15093253349059,19.6646649743001,14.664836222720902,17.539980799800666,55.80585417716788,2.0,4,427.455886866169,446,43.49775784753363,213,933,,,1.7335963037912734,928,0.0018680994652923205,0.0010178745142184198,0.005339656252181158,0.008071959018707275,27.46228448275862,139.1293103448276,27.46228448275862,0.0,23.474137931034484,0.0,0.0,0.0,0.0,21.36272974355433,8.928856940364946
v3_primary_challenge,C1,1047,2159,2154,89.75,99.76841130152849,8.122283010173076,142.7453986361813,5.920438684990838,53.34872979214781,34.64658169177288,46.65127020785219,0.3026264401895703,40.90598647624925,0,140.0,25.7999999999999,4.490416666666661,35.1544815317547,28.114279031141752,7.040202500612946,79.97352771579465,29.643333333333228,0.0,28.114279031141752,48.82566879410375,0.0,0,204.52993238124625,0,0.0,0,14,0.3,0.7,0.0,0,,,,,,,,,,,,,,,
v3_primary_challenge,C2,1047,2159,2155,89.79166666666667,99.81472904122278,1.7904192246753794,148.19770753190872,0.5988719027468746,30.48498845265589,8.574739281575894,69.5150115473441,0.2855998394402027,11.499041260518231,0,10010.0,27.773999999999788,4.627500000000005,41.28405780152703,33.09185839640365,8.19219940512339,80.15650630926991,19.652782697512972,15.542151964797775,17.54970643160588,57.33896916878754,2.0,4,57.49520630259115,475,43.368421052631575,243,1001,,,0.0,0,,,,,,,,,,,,,,,
v3_primary_challenge,C3,1047,2159,2155,89.79166666666667,99.81472904122278,0.540056839338854,5.06705520732697,0.0302413997346962,13.62586605080831,0.0,86.37413394919169,0.32093872197211376,2.3684757858670008e-17,0,14250.0,28.621999999999705,4.686388888888904,28.56206009003902,22.857592073875523,5.704468016163528,80.02781312629153,23.384709218672906,22.857592073875523,0.0,39.669527902832016,2.0,4,1.1842378929335003e-16,709,59.66149506346967,349,1425,,,0.0,0,,,,,,,,,,,,,,,
v3_primary_challenge,C4,1047,2159,2151,89.625,99.62945808244558,0.6166135541294678,87.32000596788542,0.07298650195205904,15.011547344110854,0.0,84.98845265588915,0.3106061501179387,0.0,0,13920.0,28.555999999999706,4.681805555555568,32.281785957542056,25.846840877272722,6.434945080269369,80.06632876900689,19.808058356337156,22.33724379508958,3.5095970821831424,44.835813829919566,2.0,4,0.0,691,54.12445730824892,338,1392,,,0.0,0,,,,,,,,,,,,,,,
v3_primary_challenge,C5,1047,2159,2155,89.79166666666667,99.81472904122278,0.540056839338854,5.06705520732697,0.0302413997346962,13.62586605080831,0.0,86.37413394919169,0.32093872197211376,0.0,0,14250.0,28.6219999999997,4.686388888888903,28.56206009003902,22.852824239116636,5.709235850922415,80.0111202310877,21.814561316590833,22.852824239116636,0.0,39.669527902832016,2.0,4,0.0,709,51.76304654442877,349,1425,,,3.68810726783704,1425,0.0025881454511137124,0.0012764590210281312,0.00695676642935723,0.014500332996249199,27.71578947368421,140.12491228070175,27.71578947368421,0.0,23.35017543859649,0.0,0.0,0.0,0.0,288.40183428288896,86.47941129221648
v3_primary_challenge,C1,1048,2178,2172,90.5,99.72451790633609,4.264784629747714,103.64090269649253,2.482247012959858,43.38235294117647,22.372881355932208,56.61764705882353,0.2972120011757814,24.315648266750564,0,140.0,26.201999999999913,4.542083333333327,35.2036795767187,28.12773434460063,7.075945232118061,79.89998398690797,29.64333333333325,0.0,28.12773434460063,48.89399941210929,0.0,0,121.57824133375283,0,0.0,0,14,0.3,0.7,0.0,0,,,,,,,,,,,,,,,
v3_primary_challenge,C2,1048,2178,2154,89.75,98.89807162534436,1.2108411810979405,198.6615107061247,0.4341678430285487,20.833333333333336,3.1073446327683607,79.16666666666666,0.27767100912166415,29.324535691847995,0,12240.0,28.62199999999975,4.710138888888898,42.238436716200894,33.87283394794032,8.365602768260592,80.19433620503318,19.620267472722116,19.84171707038176,14.031116877558565,58.66449543916793,2.0,4,146.62267845923998,585,37.26495726495727,286,1224,,,0.0,0,,,,,,,,,,,,,,,
v3_primary_challenge,C3,1048,2178,2173,90.54166666666667,99.7704315886134,0.5330830240280525,7.127702873063572,0.03709402968928366,12.254901960784315,0.5649717514124242,87.74509803921569,0.3153574465650939,0.0,0,14170.0,29.007999999999704,4.736944444444458,28.671319236566188,22.9368911987959,5.734428037770312,79.99942733553453,21.547239247085454,22.9368911987959,0.0,39.821276717453074,2.0,4,0.0,673,56.90936106983655,341,1417,,,0.0,0,,,,,,,,,,,,,,,
v3_primary_challenge,C4,1048,2178,2142,89.25,98.34710743801654,1.8549604826471449,362.4252145107559,1.19357113853948,15.686274509803921,2.7683615819209084,84.31372549019608,0.2601803690477412,119.80020779367013,0,13250.0,28.82399999999972,4.724166666666679,48.53506714281313,38.92978990015638,9.605277242656783,80.20961377390601,19.616480216191416,21.3793047291272,17.55048517102918,67.40981547612938,2.0,4,599.0010389683506,628,49.203821656050955,315,1325,,,0.0,0,,,,,,,,,,,,,,,
v3_primary_challenge,C5,1048,2178,2173,90.54166666666667,99.7704315886134,0.5330830240280525,7.127702873063572,0.03709402968928366,12.254901960784315,0.5649717514124242,87.74509803921569,0.3153574465650938,0.0,0,14170.0,29.007999999999704,4.736944444444458,28.671319236566195,22.946460810391265,5.724858426174948,80.03280428452108,20.121811572265987,22.946460810391265,0.0,39.821276717453074,2.0,4,0.0,673,43.83358098068351,341,1417,,,3.2203446342027746,1417,0.0022726497065651196,0.0010979169746860862,0.005850758438464255,0.010063291003461927,27.046577275935075,137.18630910374029,27.046577275935075,0.0,23.150317572335922,0.0,0.0,0.0,0.0,210.3059402818622,70.1568290033173
v3_primary_challenge,C1,1049,2195,2188,91.16666666666667,99.68109339407745,5.675092574209948,129.08931104744886,3.5492334746942262,49.31192660550459,30.415008527572486,50.68807339449541,0.29283076769447414,27.445060163778688,0,140.0,26.2139999999999,4.564166666666662,35.0809236299893,28.122709735050552,6.958213894938745,80.16524887334937,29.681897278593024,0.0,28.122709735050552,48.7235050416518,0.0,0,137.22530081889346,0,0.0,0,14,0.3,0.7,0.0,0,,,,,,,,,,,,,,,
v3_primary_challenge,C2,1049,2195,2139,89.125,97.44874715261959,11.2910124386869,256.3743957707181,9.234000830168466,47.93577981651376,32.46162592382035,52.06422018348624,0.2813861390167756,53.761474616237685,0,8420.0,27.869999999999806,4.679166666666671,39.200989953960764,31.1928472898447,8.008142664116079,79.57158053018264,19.706755590258354,13.662530665961942,17.530316623882758,54.44581938050107,2.0,4,268.8073730811884,431,42.22737819025522,192,842,,,0.0,0,,,,,,,,,,,,,,,
v3_primary_challenge,C3,1049,2195,2060,85.83333333333333,93.84965831435079,10.630144610093682,421.5897498157535,9.666922658104447,23.853211009174313,8.868675383740765,76.14678899082568,0.26114967205691736,163.44201270655992,0,12380.0,28.661999999999715,4.73416666666668,46.48611805950972,37.27382084616181,9.21229721334794,80.18269195643593,19.744479262612984,19.74271955415043,17.53110129201138,64.5640528604302,2.0,4,817.2100635327995,585,63.07692307692307,282,1238,,,0.0,0,,,,,,,,,,,,,,,
v3_primary_challenge,C4,1049,2195,2011,83.79166666666667,91.61731207289294,16.27554128749482,387.58106811348796,15.018697826302049,28.899082568807344,15.292779988629901,71.10091743119266,0.2670485940417068,132.57622863597354,0,11120.0,28.409999999999748,4.716666666666677,44.36250614498553,35.393654179495144,8.968851965490412,79.78281042964889,19.66126111465656,17.83782355564802,17.55583062384713,61.6145918680355,2.0,4,662.8811431798676,533,51.594746716697934,259,1112,,,0.0,0,,,,,,,,,,,,,,,
v3_primary_challenge,C5,1049,2195,2024,84.33333333333333,92.20956719817768,20.190608906148015,319.69245515915924,18.46205185692861,39.449541284403665,26.037521318931212,60.550458715596335,0.2762541926147606,104.07555336503513,0,9540.0,28.093999999999777,4.694722222222229,41.04849065868619,32.78009862393954,8.268392034746668,79.8570132492874,19.656644912098724,15.221233609177128,17.558865014762407,57.011792581508615,2.0,4,520.3777668251756,466,49.35622317596567,225,954,,,1.4154335720813833,949,0.0014915000759550931,0.0009992499835789204,0.004735441994853317,0.007426541997119784,28.308746048472077,142.93572181243414,28.308746048472077,0.0,23.75869336143309,0.0,0.0,0.0,0.0,43.48696648914886,16.042088323506285
v3_primary_challenge,C1,1050,2158,2143,89.29166666666667,99.30491195551437,2.9616024460389343,106.92830130769599,1.3341905310099522,45.51724137931035,13.522925130586183,54.48275862068965,0.3030386050533176,16.83773379721258,0,140.0,25.861999999999895,4.493472222222216,35.10610218080567,28.151581804432855,6.954520376372814,80.18999562937746,29.631258703707918,0.0,28.151581804432855,48.75847525111899,0.0,0,84.1886689860629,0,0.0,0,14,0.3,0.7,0.0,0,,,,,,,,,,,,,,,
v3_primary_challenge,C2,1050,2158,2123,88.45833333333333,98.37812789620018,7.081690531435256,173.17714421315637,5.5729073258060335,35.17241379310345,23.50551363900174,64.82758620689654,0.2791410291917366,29.89440078356648,0,10840.0,28.001999999999775,4.642083333333338,43.709229490974806,34.74385958221076,8.965369908764078,79.48861141417458,19.60441087406487,17.196408195431445,17.547451386779315,60.70726318190949,2.0,4,149.47200391783238,516,47.86821705426357,267,1084,,,0.0,0,,,,,,,,,,,,,,,
v3_primary_challenge,C3,1050,2158,2148,89.5,99.5366079703429,0.4623708602232739,5.054656402997837,0.01770314886402347,10.344827586206895,0.0,89.65517241379311,0.32021426213563925,0.0,0,14320.0,28.697999999999695,4.690416666666679,28.92286563116987,23.155475119555597,5.7673905116143045,80.05940841007532,20.89964415299277,23.155475119555597,0.0,40.17064670995819,2.0,4,0.0,686,57.288629737609334,344,1432,,,0.0,0,,,,,,,,,,,,,,,
v3_primary_challenge,C4,1050,2158,2052,85.5,95.08804448563485,6.58036160712909,368.105394601819,5.755361385412696,19.080459770114942,8.299477655252463,80.91954022988506,0.26931773294252487,123.64034410757061,0,12800.0,28.39399999999973,4.669305555555566,47.245616140691034,37.88919291554413,9.356423225146917,80.19620868678112,19.636207074863503,20.33090609699614,17.558286818547987,65.61891130651534,2.0,4,618.201720537853,602,50.0,309,1280,,,0.0,0,,,,,,,,,,,,,,,
v3_primary_challenge,C5,1050,2158,2044,85.16666666666667,94.71733086190918,7.270672173220222,348.33609411974226,6.371832302734444,21.379310344827584,9.22809053975624,78.62068965517241,0.27020572052762987,110.27236958001392,0,12530.0,28.339999999999733,4.665555555555565,46.925940610053225,37.473831804433004,9.452108805620245,79.85739085303442,19.724413047135585,19.933494344694637,17.540337459738375,65.17491751396285,2.0,4,551.3618479000695,593,43.84485666104553,301,1253,,,2.4051656406372786,1248,0.0019272160582029475,0.0010400414757896215,0.005226491446956059,0.00929179199738428,27.271634615384617,138.40144230769232,27.271634615384617,0.0,23.49599358974359,0.0,0.0,0.0,0.0,70.39562665097661,26.593865089372926
v3_primary_challenge,C1,1051,2195,2182,90.91666666666667,99.40774487471526,7.677172338827679,136.1522340364274,5.094893596434946,60.53811659192825,37.507146941109205,39.46188340807175,0.28597307066003114,36.50165072250865,0,150.0,26.759999999999906,4.60208333333333,37.549694562388765,30.116711678092095,7.432982884296672,80.20494448510951,29.65388888888877,0.0,30.116711678092095,52.15235355887329,0.0,0,182.50825361254326,0,0.0,0,15,0.3,0.7,0.0,0,,,,,,,,,,,,,,,
v3_primary_challenge,C2,1051,2195,2192,91.33333333333333,99.86332574031891,3.030850244793435,145.38488299001608,1.4070621908577663,35.65022421524664,20.583190394511153,64.34977578475336,0.281387583078898,10.778311628315471,0,8600.0,28.44999999999981,4.71944444444445,39.20047009159671,31.464353319347804,7.736116772248915,80.26524489585833,19.647007039886386,13.919493523643183,17.544859795704625,54.445097349439884,2.0,4,53.891558141577356,429,40.0932400932401,208,860,,,0.0,0,,,,,,,,,,,,,,,
v3_primary_challenge,C3,1051,2195,1948,81.16666666666667,88.74715261958997,25.752379366622556,429.73847458910507,24.5364005395225,25.336322869955154,15.494568324757008,74.66367713004485,0.26366856228747143,167.089823627627,0,11840.0,29.097999999999736,4.764444444444459,45.57931757651027,36.522489455870044,9.056828120640255,80.12952233118175,19.70244220413482,18.967261889004185,17.555227566865856,63.304607745153184,2.0,4,835.449118138135,549,59.38069216757741,271,1184,,,0.0,0,,,,,,,,,,,,,,,
v3_primary_challenge,C4,1051,2195,2008,83.66666666666667,91.48063781321184,22.21228359065679,311.9530162655011,20.514028600080657,33.856502242152466,25.671812464265297,66.14349775784754,0.2732868437675952,90.14002756837597,0,10040.0,28.737999999999776,4.7394444444444535,42.1167362436657,33.800017233647765,8.31671901001795,80.2531730808824,19.620385080220895,16.248859763836975,17.551157469810793,58.495467005091264,2.0,4,450.7001378418799,479,53.444676409185796,244,1004,,,0.0,0,,,,,,,,,,,,,,,
v3_primary_challenge,C5,1051,2195,1950,81.25,88.8382687927107,25.31974378200739,429.0096989919623,24.10798102659572,25.336322869955154,15.323041738136078,74.66367713004485,0.26339941075003753,163.95985355243664,0,11840.0,29.097999999999736,4.764444444444458,45.676212129986475,36.52035056698113,9.15586156300536,79.95485804087832,19.669854587562224,18.977692696326613,17.542657870654516,63.43918351387012,2.0,4,819.7992677621831,549,49.362477231329684,271,1184,,,3.3184576985659078,1179,0.0028146375729990736,0.0013096659677103162,0.007526970579056069,0.028424124990124255,26.768447837150127,135.93044953350298,26.768447837150127,0.0,23.016115351993214,0.0,0.0,0.0,0.0,117.47484562089701,41.94814524889
v3_primary_challenge,C1,1052,2218,2213,92.20833333333333,99.77457168620379,5.1763946089186055,105.89617903787688,3.1786354487441755,43.316831683168324,27.067254685777286,56.683168316831676,0.2857344751980738,18.325331087529847,0,140.0,26.7119999999999,4.627499999999994,35.33558892869341,28.17500428744863,7.1605846412447764,79.73548804947127,29.610593769420625,0.0,28.17500428744863,49.0772068454075,0.0,0,91.62665543764925,0,0.0,0,14,0.3,0.7,0.0,0,,,,,,,,,,,,,,,
v3_primary_challenge,C2,1052,2218,2215,92.29166666666667,99.86474301172227,2.2524122173841676,123.29965175353985,0.8769454822072473,29.702970297029708,13.561190738699002,70.29702970297029,0.2753237616156571,11.442374106527081,0,9160.0,28.515999999999785,4.752777777777782,39.08344581836344,31.17807448340427,7.905371334959163,79.77309531073942,19.70149445340123,13.639172877615675,17.5389016057886,54.28256363661589,2.0,4,57.211870532635416,375,36.266666666666666,227,916,,,0.0,0,,,,,,,,,,,,,,,
v3_primary_challenge,C3,1052,2218,2035,84.79166666666667,91.74932371505861,15.835510023936905,429.63602842557594,14.784921963162706,19.554455445544548,10.033076074972435,80.44554455445545,0.25683136981508603,165.39187898558586,0,12110.0,29.105999999999717,4.793750000000011,45.74070686656902,36.52339317633768,9.217313690231364,79.84877296033198,19.65120756807978,18.96302839914818,17.560364777189495,63.528759536901426,2.0,4,826.9593949279295,535,58.13084112149532,282,1211,,,0.0,0,,,,,,,,,,,,,,,
v3_primary_challenge,C4,1052,2218,2022,84.25,91.16321009918846,17.377522737199893,353.83776544162924,16.08346700241949,24.752475247524753,15.876515986769569,75.24752475247524,0.262900928176174,118.2337074002823,0,11080.0,28.899999999999743,4.7794444444444535,43.555665856577335,34.91775428744877,8.637911569128587,80.16811039562111,19.70046535506932,17.372427474190037,17.54532681325873,60.493980356357426,2.0,4,591.1685370014114,493,48.88438133874239,259,1108,,,0.0,0,,,,,,,,,,,,,,,
v3_primary_challenge,C5,1052,2218,2034,84.75,91.70423805229937,15.73662595067511,418.2769397944777,14.652896228140625,20.79207920792079,10.584343991179711,79.20792079207921,0.25761563672249227,158.61454264634702,0,12060.0,29.09599999999972,4.793055555555567,45.458370779902765,36.435865398559876,9.02250538134292,80.15215849897605,19.779587024619545,18.909121883592785,17.52674351496709,63.13662608319833,2.0,4,793.0727132317351,535,49.7196261682243,282,1206,,,3.317412984906696,1201,0.002762208979938964,0.001343541021924466,0.006905207992531359,0.015605874999891967,26.515403830141548,135.06494587843463,26.515403830141548,0.0,22.8992506244796,0.0,0.0,0.0,0.0,265.35007282637423,89.00656237567775
v3_primary_challenge,C1,1053,2165,2160,90.0,99.76905311778292,4.245039506755469,141.8646676082637,2.756820471120168,39.08872901678657,18.363844393592675,60.91127098321343,0.3076635389888878,26.284976239227397,0,130.0,25.77399999999991,4.496111111111106,32.741125964000375,26.136861762350346,6.604264201650027,79.8288421451615,29.682222222222116,0.0,26.136861762350346,45.473786061111625,0.0,0,131.424881196137,0,0.0,0,13,0.3,0.7,0.0,0,,,,,,,,,,,,,,,
v3_primary_challenge,C2,1053,2165,2146,89.41666666666667,99.12240184757506,4.6652555859965545,193.47191930511883,3.1998572051630005,33.09352517985612,21.281464530892446,66.90647482014388,0.29216373089406833,35.00281485437707,0,10650.0,27.877999999999783,4.6422222222222285,38.321056878135394,30.767903743053104,7.553153135082303,80.2898099624391,19.764853645157913,16.73457034804442,14.033333395008684,53.22369010852138,2.0,4,175.01407427188533,510,39.80392156862745,227,1065,,,0.0,0,,,,,,,,,,,,,,,
v3_primary_challenge,C3,1053,2165,2163,90.125,99.90762124711317,0.46227221436527005,6.112415380774352,0.01752591439476319,8.39328537170264,0.22883295194507935,91.60671462829735,0.3193720278966946,0.0,0,14430.0,28.633999999999702,4.694722222222238,28.526069957189925,22.819425292691616,5.706644664498335,79.9949846822136,24.914252795636617,22.819425292691616,0.0,39.619541607208255,2.0,4,0.0,717,55.927475592747555,319,1443,,,0.0,0,,,,,,,,,,,,,,,
v3_primary_challenge,C4,1053,2165,2163,90.125,99.90762124711317,0.46227221436527005,6.112415380774352,0.01752591439476319,8.39328537170264,0.22883295194507935,91.60671462829735,0.3193720278966946,0.0,0,14430.0,28.633999999999705,4.694722222222237,28.526069957189925,22.830892755219327,5.695177201970623,80.0351846205329,20.784221121223798,22.830892755219327,0.0,39.619541607208255,2.0,4,0.0,717,54.11436541143654,319,1443,,,0.0,0,,,,,,,,,,,,,,,
v3_primary_challenge,C5,1053,2165,2162,90.08333333333333,99.86143187066975,0.5026261260965664,87.41343582612511,0.05536121962622976,8.39328537170264,0.28604118993135197,91.60671462829735,0.30739330995788094,0.0,0,14410.0,28.629999999999704,4.694444444444459,32.83840841516285,26.294107422005975,6.5443009931569005,80.07119921763595,19.684504992907055,22.780747992212333,3.5133594297936432,45.6089005766151,2.0,4,0.0,716,40.78212290502793,317,1441,,,3.641888612357434,1439,0.0025308468466695164,0.0013067920226603746,0.006584603624651208,0.012135875003878027,27.57123002084781,139.6782487838777,27.57123002084781,0.0,23.66296038915914,0.0,0.0,0.0,0.0,206.22242903454233,70.73215538279004
v3_primary_challenge,C1,1054,2101,2094,87.25,99.66682532127558,2.639767334302261,103.95534235127712,1.2561198027209366,36.50793650793651,14.156626506024095,63.49206349206349,0.3259207554569007,16.16334936527186,0,130.0,25.067999999999905,4.367083333333326,32.56852803551575,26.119545647519626,6.448982387996124,80.19872933476283,29.6330849189369,0.0,26.119545647519626,45.2340667159941,0.0,0,80.8167468263593,0,0.0,0,13,0.3,0.7,0.0,0,,,,,,,,,,,,,,,
v3_primary_challenge,C2,1054,2101,2099,87.45833333333333,99.90480723465016,0.679890339877544,88.09722390308646,0.10706369183842483,15.41950113378685,0.24096385542168308,84.58049886621315,0.31659931654536333,0.0,0,12960.0,27.6339999999997,4.545277777777789,35.92424604366919,28.79709301783995,7.127153025829248,80.16060513235117,19.887615520238477,21.787530878290813,7.009562139549141,49.89478617176277,2.0,4,0.0,649,37.28813559322034,264,1296,,,0.0,0,,,,,,,,,,,,,,,
v3_primary_challenge,C3,1054,2101,2099,87.45833333333333,99.90480723465016,0.4492128072557091,5.297109438110662,0.0179789119316144,11.111111111111116,0.0,88.88888888888889,0.3308285843066268,0.0,0,14710.0,27.983999999999675,4.569583333333348,30.801709649614335,24.658840827534185,6.142868822080186,80.05672772077097,31.15211627289691,24.658840827534185,0.0,42.78015229113106,2.0,4,0.0,746,60.58981233243968,300,1471,,,0.0,0,,,,,,,,,,,,,,,
v3_primary_challenge,C4,1054,2101,2099,87.45833333333333,99.90480723465016,0.4492128072557091,5.297109438110662,0.0179789119316144,11.111111111111116,0.0,88.88888888888889,0.33082858430662676,0.0,0,14710.0,27.98399999999968,4.569583333333348,30.80170964961433,24.6210120810096,6.180697568604767,79.93391393233226,25.641026275866974,24.6210120810096,0.0,42.78015229113106,2.0,4,0.0,746,50.402144772117964,300,1471,,,0.0,0,,,,,,,,,,,,,,,
v3_primary_challenge,C5,1054,2101,2099,87.45833333333333,99.90480723465016,0.4492128072557091,5.297109438110662,0.0179789119316144,11.111111111111116,0.0,88.88888888888889,0.3308285843066268,0.0,0,14710.0,27.98399999999967,4.569583333333348,30.801709649614335,24.631470036544247,6.170239613070113,79.96786644877895,20.05349366339632,24.631470036544247,0.0,42.78015229113106,2.0,4,0.0,746,43.69973190348526,300,1471,,,3.4607496102689765,1471,0.002352650992704947,0.0011610000510700047,0.006157833500765264,0.015998416987713426,28.32766825288919,142.68796736913663,28.32766825288919,0.0,23.558803535010195,0.0,0.0,0.0,0.0,74.51317367846018,26.584671970358354
v3_primary_challenge,C1,1055,2142,2135,88.95833333333333,99.67320261437908,1.892138249898439,93.94617663271187,0.7450113472577201,30.925507900677196,8.59329017068864,69.07449209932281,0.3003209207812119,9.257435150531824,0,150.0,25.9019999999999,4.476249999999995,37.6844685187637,30.13009686733792,7.554371651425779,79.953620288782,29.67888888888877,0.0,30.13009686733792,52.33953960939404,0.0,0,46.287175752659124,0,0.0,0,15,0.3,0.7,0.0,0,,,,,,,,,,,,,,,
v3_primary_challenge,C2,1055,2142,2115,88.125,98.73949579831933,10.991057617784502,252.39284416352106,9.398706135418994,38.3747178329571,26.427310182460275,61.6252821670429,0.29303024487299856,57.609562537874766,0,9150.0,27.7019999999998,4.601250000000005,40.309111845720516,32.18779131178246,8.121320533938071,79.85239524745255,19.707016219515932,14.648626390737231,17.53916492104523,55.98487756350073,2.0,4,288.0478126893738,428,48.13084112149533,218,915,,,0.0,0,,,,,,,,,,,,,,,
v3_primary_challenge,C3,1055,2142,2137,89.04166666666667,99.76657329598507,0.3942763859607224,4.015896867651342,0.012919442956840417,9.480812641083524,0.0,90.51918735891647,0.32111938092166914,0.0,0,14920.0,28.855999999999675,4.681388888888906,30.197022868199063,24.16189817630606,6.035124691893036,80.0141731910642,22.64014470817594,24.16189817630606,0.0,41.94030953916542,2.0,4,0.0,708,55.367231638418076,344,1492,,,0.0,0,,,,,,,,,,,,,,,
v3_primary_challenge,C4,1055,2142,2058,85.75,96.07843137254902,4.4954882800671205,356.3471097525544,3.7948956989324514,19.63882618510158,5.532666274278986,80.36117381489842,0.27034379608878234,115.24849725514287,0,13120.0,28.495999999999718,4.656388888888902,48.476233408038325,38.74923575622698,9.726997651811377,79.93450198587745,19.6957975350667,21.21051605785296,17.53871969837402,67.32810195560883,2.0,4,576.2424862757143,630,50.15873015873016,305,1312,,,0.0,0,,,,,,,,,,,,,,,
v3_primary_challenge,C5,1055,2142,2137,89.04166666666667,99.76657329598507,0.3942763859607224,4.015896867651342,0.012919442956840417,9.480812641083524,0.0,90.51918735891647,0.32111938092166914,0.0,0,14920.0,28.855999999999675,4.681388888888906,30.197022868199063,24.155249011460658,6.041773856738438,79.99215391825567,20.76608242286874,24.155249011460658,0.0,41.94030953916542,2.0,4,0.0,708,46.61016949152542,344,1492,,,4.9753823801875114,1492,0.003334706689133721,0.003043604490812868,0.007450297402101569,0.011592124996241182,26.642091152815013,135.25603217158178,26.642091152815013,0.0,22.867292225201073,0.0,0.0,0.0,0.0,259.6607263078716,83.04607592016177
v3_primary_challenge,C1,1056,2079,2069,86.20833333333333,99.51899951899952,2.7341923250808273,91.84119107777836,1.4759244189556229,29.802955665024633,13.269575612671847,70.19704433497537,0.3386055831106538,19.30793234259083,0,120.0,24.891999999999904,4.327361111111106,30.20199008016464,24.120392234301235,6.081597845863407,79.86358571166627,29.639444444444322,0.0,24.120392234301235,41.947208444673116,0.0,0,96.53966171295414,0,0.0,0,12,0.3,0.7,0.0,0,,,,,,,,,,,,,,,
v3_primary_challenge,C2,1056,2079,2073,86.375,99.71139971139971,0.5728411646840752,91.05261955634668,0.09500455998956488,11.822660098522164,0.3586371787208553,88.17733990147784,0.3251707961095315,2.3684757858670008e-17,0,12960.0,27.459999999999724,4.505694444444458,35.03851340056866,27.918571793615506,7.119941606953151,79.67966983771177,19.61178398472989,20.88891718038668,7.02965461322883,48.664601945234246,2.0,4,1.1842378929335003e-16,624,37.17948717948718,290,1296,,,0.0,0,,,,,,,,,,,,,,,
v3_primary_challenge,C3,1056,2079,2073,86.375,99.71139971139971,0.39743823418937746,3.7649380113288013,0.008039733818120374,8.374384236453203,0.0,91.62561576354679,0.3362115763208307,2.3684757858670008e-17,0,14980.0,27.863999999999674,4.533750000000018,31.06383252450091,24.863198324888454,6.2006341996124785,80.03905604782719,36.16951462083202,24.863198324888454,0.0,43.14421183958464,2.0,4,1.1842378929335003e-16,748,59.491978609625676,337,1498,,,0.0,0,,,,,,,,,,,,,,,
v3_primary_challenge,C4,1056,2079,2073,86.375,99.71139971139971,0.39743823418937746,3.7649380113288013,0.008039733818120374,8.374384236453203,0.0,91.62561576354679,0.3362115763208307,0.0,0,14980.0,27.863999999999677,4.533750000000019,31.063832524500906,24.867686856524102,6.196145667976835,80.05350542921666,33.553252554852904,24.867686856524102,0.0,43.14421183958464,2.0,4,0.0,748,51.33689839572193,337,1498,,,0.0,0,,,,,,,,,,,,,,,
v3_primary_challenge,C5,1056,2079,2073,86.375,99.71139971139971,0.39743823418937746,3.7649380113288013,0.008039733818120374,8.374384236453203,0.0,91.62561576354679,0.33621157632083065,0.0,0,14980.0,27.863999999999677,4.533750000000018,31.063832524500906,24.849922034041967,6.213910490458986,79.99631730708742,26.2440826450416,24.849922034041967,0.0,43.14421183958464,2.0,4,0.0,748,41.844919786096256,337,1498,,,3.1225481716683134,1498,0.0020844780852258436,0.0010613749618642032,0.006433204372297041,0.009934000030625612,28.518024032042725,143.63084112149534,28.518024032042725,0.0,23.845794392523363,0.0,0.0,0.0,0.0,23.00555697509674,8.054295526620752
