scenario,strategy,replication,requested_tasks,completed_tasks,throughput,completion_rate,mean_delay,max_delay,mean_tardiness,urgent_deadline_violation_rate,normal_deadline_violation_rate,urgent_on_time_rate,idle_ratio,charging_wait,low_soc_stops,detour_distance_m,traction_energy,aux_energy,wpt_input_energy,battery_delivered_energy,wpt_loss,mean_efficiency,fleet_min_soc,opportunity_charging_energy,mandatory_charging_energy,pad_utilization,mean_queue,max_queue,pad_waiting_time,charging_contention_events,different_decision_rate_C4_vs_C3,deferred_charging_requests,charging_sessions,c1_start_soc,c1_target_soc,solver_computation_time_s,solver_calls,critical_soc_event_count,simulation_failure_count,infeasible_count,solver_mean_time_s,solver_median_time_s,solver_p95_time_s,solver_max_time_s,solver_mean_binary_variables,solver_mean_constraints,solver_mean_available_agv_slot_pairs,solver_mean_actual_busy_agv_slot_pairs,solver_mean_forecast_busy_agv_slot_pairs,solver_infeasible_calls,solver_time_limit_calls,solver_fallback_calls,solver_safety_slack_total,solver_reserve_slack_total,solver_task_slack_total
primary_challenge,C1,4007,2221,2219,92.45833333333333,99.90995047276002,3.9000820005441126,75.02223730172537,1.822646843360681,47.3568281938326,25.97623089983022,52.6431718061674,0.2846941916742227,12.76951727331137,0,140.0,26.767999999999894,4.6351388888888865,35.41009099727983,28.133213758307207,7.276877238972627,79.44970760021027,29.636111111111035,0.0,28.133213758307207,49.180681940666446,0,0,63.84758636655685,0,0,0,14,0.3,0.7,0.0,0,0,0,0,,,,,,,,,,,,,,,
primary_challenge,C2,4007,2221,2219,92.45833333333333,99.90995047276002,3.8553575120351287,159.7219086135067,2.177341190311836,36.563876651982376,20.54329371816639,63.436123348017624,0.2750560082096991,17.7841259410534,0,8610.0,28.461999999999797,4.7527777777777835,38.87983704450833,31.201139589372332,7.6786974551360005,80.25018097080581,19.7277975691087,13.650836993782738,17.550302595589592,53.99977367292823,2.0,4,88.920629705267,410,14.390243902439023,203,861,nan,nan,0.0,0,6,0,0,,,,,,,,,,,,,,,
primary_challenge,C3,4007,2221,1944,81.0,87.5281404772625,37.80646643555712,426.40241698184013,36.3717687767729,32.59911894273127,21.279003961516697,67.40088105726872,0.2687649134271433,165.950797049207,0,10070.0,28.753999999999756,4.7730555555555645,41.1446311662284,33.006658202751744,8.137972963476672,80.22105744344034,19.67923625517017,15.456408098476059,17.550250104275687,57.145321064206136,2.0,4,829.7539852460352,461,49.67462039045553,245,1007,nan,nan,0.0,0,5,0,0,,,,,,,,,,,,,,,
primary_challenge,C4,4007,2221,2029,84.54166666666667,91.35524538496172,33.00787198543275,378.9167164953267,31.291296804888532,39.207048458149785,25.693265421618563,60.792951541850215,0.2743242229233188,126.30760330310893,0,8920.0,28.523999999999788,4.757083333333339,39.14327974760523,31.292102647196188,7.851177100409048,79.94246483423666,19.742903118840083,13.742160255585949,17.549942391610237,54.36566631611838,2.0,4,631.5380165155447,419,42.959427207637226,222,892,nan,nan,0.0,0,5,0,0,,,,,,,,,,,,,,,
primary_challenge,C5,4007,2221,2025,84.375,91.17514633048177,35.170295669028256,355.0152275071386,33.42316422542902,38.986784140969164,28.296547821165817,61.013215859030836,0.2747202568264978,129.27043015267506,0,8920.0,28.523999999999788,4.75708333333334,39.00070754246082,31.301908202751722,7.69879933970911,80.25984700065436,19.631273889164163,13.740563959446298,17.561344243305427,54.16764936452893,2.0,4,646.3521507633753,419,34.60620525059666,222,892,nan,nan,3.1758573077386245,887,5,0,0,0.0035804479230424177,0.0018783750128932297,0.008741450100205838,0.013310041977092624,26.24577226606539,134.02142051860204,26.24577226606539,0.0,23.054114994363022,0,0,0,0.0,191.0343164682617,63.789954763586984
primary_challenge,C1,4010,2193,2184,91.0,99.58960328317373,2.922839412846779,112.82250014804146,1.1756849850638258,46.59340659340659,15.937859608745686,53.40659340659341,0.2859609440355322,26.77810597532213,0,150.0,26.183999999999894,4.559583333333326,37.7540601472084,30.12408338377205,7.629976763436352,79.79031464778623,29.671666666666546,0.0,30.12408338377205,52.43619464890056,0,0,133.89052987661066,0,0,0,15,0.3,0.7,0.0,0,0,0,0,,,,,,,,,,,,,,,
primary_challenge,C2,4010,2193,2042,85.08333333333333,93.11445508435932,19.852338730322604,265.26973284350413,18.292547766889815,36.92307692307693,25.258918296892986,63.07692307692307,0.2718252689526389,82.57816151799561,0,10500.0,28.253999999999763,4.70333333333334,42.84290317704998,34.379083383772155,8.463819793277843,80.24452321006174,19.70712252461069,16.83263049888885,17.546452884883305,59.50403219034721,2.0,4,412.89080758997807,519,22.736030828516377,235,1050,nan,nan,0.0,0,6,0,0,,,,,,,,,,,,,,,
primary_challenge,C3,4010,2193,1964,81.83333333333333,89.55768353853169,23.770911423252997,423.8719402315393,22.565055813728915,29.890109890109894,14.3843498273878,70.1098901098901,0.2666024228446752,164.9732610369445,0,11390.0,28.431999999999743,4.715694444444454,44.72312777591689,35.82750005043884,8.895627725478063,80.10955814618072,19.64965170860894,18.271865277176495,17.555634773262348,62.115455244329034,2.0,4,824.8663051847226,561,53.11942959001783,256,1139,nan,nan,0.0,0,5,0,0,,,,,,,,,,,,,,,
primary_challenge,C4,4010,2193,1972,82.16666666666667,89.92248062015504,22.47943911179114,405.01997276007535,21.2002102926221,31.428571428571427,15.650172612197933,68.57142857142857,0.26786076953909815,147.3124085123573,0,11190.0,28.391999999999747,4.712916666666675,44.27012296592464,35.52569449488329,8.744428471041367,80.24756227180109,19.618871793854332,17.96906928378164,17.556625211101654,61.486281897117564,2.0,4,736.5620425617866,554,48.73646209386281,253,1119,nan,nan,0.0,0,5,0,0,,,,,,,,,,,,,,,
primary_challenge,C5,4010,2193,1973,82.20833333333333,89.96808025535795,23.806616950858103,385.6965877929659,22.433333051552086,33.62637362637363,18.181818181818176,66.37362637362637,0.26896198463003895,139.3389721124345,0,10950.0,28.343999999999756,4.709583333333341,43.87368553318598,35.12102782821662,8.752657704969371,80.05032493030734,19.63595817313136,17.549107649727997,17.571920178488618,60.93567435164721,2.0,4,696.6948605621726,541,28.09611829944547,247,1095,nan,nan,3.5777591504738666,1087,8,0,0,0.0032914067621654707,0.0017600409919396043,0.008388220600318163,0.012527499988209456,27.585096596136154,139.7571297148114,27.585096596136154,0.0,23.65041398344066,0,0,0,0.0,95.27473418266516,36.09607903701049
primary_challenge,C1,4008,2064,2060,85.83333333333333,99.8062015503876,5.9904117066360065,163.6950845172939,4.345643613255935,44.69135802469136,21.458710066305,55.30864197530864,0.336101425459978,47.67120920411504,0,130.0,24.761999999999915,4.29958333333333,32.60348683440791,26.12331717846514,6.480169655942777,80.12430483630371,29.636111111111042,0.0,26.12331717846514,45.28262060334433,0,0,238.3560460205752,0,0,0,13,0.3,0.7,0.0,0,0,0,0,,,,,,,,,,,,,,,
primary_challenge,C2,4008,2064,2062,85.91666666666667,99.90310077519379,0.39078365173012314,4.887115117960881,0.009656887695021665,8.148148148148149,0.0,91.85185185185185,0.33823446643039834,0.0,0,15470.0,27.8299999999997,4.512638888888906,31.83559208505659,25.451788871419417,6.383803213637208,79.9475907450338,21.294579725743432,25.451788871419417,0.0,44.21610011813419,2.0,4,0.0,794,27.95969773299748,322,1547,nan,nan,0.0,0,0,0,0,,,,,,,,,,,,,,,
primary_challenge,C3,4008,2064,2062,85.91666666666667,99.90310077519379,0.39078365173012314,4.887115117960881,0.009656887695021665,8.148148148148149,0.0,91.85185185185185,0.3382344664303983,0.0,0,15470.0,27.8299999999997,4.512638888888907,31.83559208505659,25.47190877901285,6.36368330604378,80.01079015888381,38.68898199498224,25.47190877901285,0.0,44.21610011813419,2.0,4,0.0,794,54.15617128463476,322,1547,nan,nan,0.0,0,0,0,0,,,,,,,,,,,,,,,
primary_challenge,C4,4008,2064,2062,85.91666666666667,99.90310077519379,0.39078365173012314,4.887115117960881,0.009656887695021665,8.148148148148149,0.0,91.85185185185185,0.3382344664303983,0.0,0,15470.0,27.829999999999693,4.512638888888906,31.83559208505659,25.478878861241316,6.356713223815301,80.03268415165091,35.842335771979165,25.478878861241316,0.0,44.21610011813419,2.0,4,0.0,794,50.12594458438288,322,1547,nan,nan,0.0,0,0,0,0,,,,,,,,,,,,,,,
primary_challenge,C5,4008,2064,2062,85.91666666666667,99.90310077519379,0.39078365173012314,4.887115117960881,0.009656887695021665,8.148148148148149,0.0,91.85185185185185,0.3382344664303983,0.0,0,15470.0,27.829999999999696,4.512638888888906,31.83559208505659,25.482138623572997,6.353453461483637,80.04292351620543,22.47213328872873,25.482138623572997,0.0,44.21610011813419,2.0,4,0.0,794,26.448362720403022,322,1547,nan,nan,3.8507017274969257,1547,0,0,0,0.0024891413881686654,0.0015020419959910214,0.007699466677149753,0.012726082990411669,28.3710407239819,142.68390433096314,28.3710407239819,0.0,23.30575307045895,0,0,0,0.0,29.982472502786685,11.027284056019479
primary_challenge,C1,4009,2128,2124,88.5,99.81203007518798,6.235170493833823,131.82569886857908,4.477974351754055,49.08675799086758,22.7810650887574,50.91324200913242,0.3042262414971365,35.09909212697538,0,150.0,25.637999999999902,4.4404166666666605,37.67855306103084,30.137770810867558,7.540782250163279,79.98653972208302,29.62888888888882,0.0,30.137770810867558,52.331323695876165,0,0,175.49546063487688,0,0,0,15,0.3,0.7,0.0,0,0,0,0,,,,,,,,,,,,,,,
primary_challenge,C2,4009,2128,2063,85.95833333333333,96.94548872180451,4.877551931863032,225.92297065637248,3.729433353199515,28.08219178082192,13.727810650887573,71.91780821917808,0.28395902407001267,47.89333238663482,0,11560.0,27.919999999999778,4.598888888888895,44.974751334795414,35.90732636642325,9.067424968372185,79.8388546923282,19.723205384522053,18.358085066856074,17.54924129956718,62.46493240943811,2.0,4,239.4666619331741,530,36.22641509433962,266,1156,nan,nan,0.0,0,5,0,0,,,,,,,,,,,,,,,
primary_challenge,C3,4009,2128,2124,88.5,99.81203007518798,0.43178579754580276,4.674174195416344,0.01682489231288649,10.730593607305938,0.0,89.26940639269407,0.3247754952875761,0.0,0,14970.0,28.601999999999702,4.646250000000013,30.280821696472575,24.218193384893826,6.062628311578788,79.97865324676778,23.03925863103866,24.218193384893826,0.0,42.0566968006564,2.0,4,0.0,708,55.932203389830505,340,1497,nan,nan,0.0,0,0,0,0,,,,,,,,,,,,,,,
primary_challenge,C4,4009,2128,2099,87.45833333333333,98.63721804511279,1.5935120053115537,347.44501591815305,1.01943158271812,15.296803652968038,2.6627218934911268,84.70319634703196,0.2717398646910343,112.1023240712907,0,13860.0,28.379999999999725,4.630833333333344,49.373648711227645,39.60188192197884,9.771766789248831,80.20853827028041,19.736245478375075,22.070424056452847,17.531457865525994,68.57451209892731,2.0,4,560.5116203564535,638,50.94043887147336,316,1386,nan,nan,0.0,0,5,0,0,,,,,,,,,,,,,,,
primary_challenge,C5,4009,2128,2124,88.5,99.81203007518798,0.43178579754580276,4.674174195416344,0.01682489231288649,10.730593607305938,0.0,89.26940639269407,0.32477549528757604,0.0,0,14970.0,28.601999999999702,4.646250000000013,30.28082169647257,24.232347863471475,6.048473833001145,80.02539728403181,20.781615462196815,24.232347863471475,0.0,42.0566968006564,2.0,4,0.0,708,34.74576271186441,340,1497,nan,nan,4.760493079433218,1497,0,0,0,0.003180022097149778,0.0016901670023798943,0.0079806083929725,0.0187100829789415,27.45490981963928,138.87241148964597,27.45490981963928,0.0,23.24315297261189,0,0,0,0.0,307.46714708392653,93.72367294284557
primary_challenge,C1,4011,2104,2098,87.41666666666667,99.7148288973384,2.4046259306364464,108.70776528500652,1.1148153404655152,31.57894736842105,12.961876832844577,68.42105263157895,0.32491271861419657,18.668238015532573,0,130.0,25.2119999999999,4.380833333333328,32.63142129888921,26.12077839576011,6.510642903129104,80.0479334213042,29.59295566123877,0.0,26.12077839576011,45.32141847067946,0,0,93.34119007766289,0,0,0,13,0.3,0.7,0.0,0,0,0,0,,,,,,,,,,,,,,,
primary_challenge,C2,4011,2104,2100,87.5,99.80988593155894,0.4562039862155296,6.719175912656071,0.021891041134819815,7.017543859649122,0.8211143695014633,92.98245614035088,0.3287890988907223,0.0,0,15690.0,28.32399999999967,4.596944444444462,31.23592439933994,25.006084044954786,6.2298403543851935,80.05552749219486,22.161540935343545,25.006084044954786,0.0,43.38322833241664,2.0,4,0.0,727,25.722145804676757,358,1569,nan,nan,0.0,0,0,0,0,,,,,,,,,,,,,,,
primary_challenge,C3,4011,2104,2100,87.5,99.80988593155894,0.4562039862155296,6.719175912656071,0.021891041134819815,7.017543859649122,0.8211143695014633,92.98245614035088,0.3287890988907223,0.0,0,15690.0,28.323999999999675,4.596944444444462,31.23592439933994,24.998316250358087,6.237608148981893,80.03065934839546,33.43063946382917,24.998316250358087,0.0,43.38322833241664,2.0,4,0.0,727,54.33287482806052,358,1569,nan,nan,0.0,0,0,0,0,,,,,,,,,,,,,,,
primary_challenge,C4,4011,2104,2100,87.5,99.80988593155894,0.4562039862155296,6.719175912656071,0.021891041134819815,7.017543859649122,0.8211143695014633,92.98245614035088,0.3287890988907222,0.0,0,15690.0,28.32399999999967,4.596944444444462,31.235924399339943,25.004018007909536,6.2319063914304484,80.0489131944432,31.351767810747212,25.004018007909536,0.0,43.38322833241664,2.0,4,0.0,727,49.24346629986245,358,1569,nan,nan,0.0,0,0,0,0,,,,,,,,,,,,,,,
primary_challenge,C5,4011,2104,2100,87.5,99.80988593155894,0.4562039862155296,6.719175912656071,0.021891041134819815,7.017543859649122,0.8211143695014633,92.98245614035088,0.3287890988907223,0.0,0,15690.0,28.32399999999967,4.596944444444461,31.235924399339947,24.994298658502778,6.241625740837202,80.01779726112713,24.513552023642333,24.994298658502778,0.0,43.38322833241664,2.0,4,0.0,727,21.595598349381017,358,1569,nan,nan,4.906831085449085,1569,0,0,0,0.003127362068482527,0.0016522080404683948,0.008124750002752987,0.013509874988812953,27.351816443594647,138.31867431485023,27.351816443594647,0.0,23.107074569789674,0,0,0,0.0,31.052059048565628,11.964594862222008
primary_challenge,C1,4012,2188,2178,90.75,99.54296160877514,2.489658012128134,117.44823981349745,1.067047146618169,33.02540415704388,13.33333333333333,66.97459584295612,0.3018799573833949,17.976220698104033,0,130.0,26.155999999999903,4.551388888888882,32.52321534197782,26.138902341083647,6.384313000894172,80.36998207660632,29.65388888888878,0.0,26.138902341083647,45.171132419413645,0,0,89.88110349052016,0,0,0,13,0.3,0.7,0.0,0,0,0,0,,,,,,,,,,,,,,,
primary_challenge,C2,4012,2188,2178,90.75,99.54296160877514,0.7813089963935573,214.65644536250136,0.25861066637961666,15.935334872979212,0.17094017094017033,84.06466512702079,0.27098636790943886,32.20170279884139,0,13470.0,28.823999999999714,4.736666666666678,43.644907552601985,35.0115609058994,8.633346646702604,80.21912032624321,19.633960429655353,20.962622292061866,14.048938613837533,60.61792715639166,2.0,4,161.00851399420694,629,23.84737678855326,300,1347,nan,nan,0.0,0,7,0,0,,,,,,,,,,,,,,,
primary_challenge,C3,4012,2188,2180,90.83333333333333,99.6343692870201,0.44329656335244605,4.8256045916100145,0.02027811978119736,11.31639722863741,0.0,88.68360277136259,0.31145290585536206,0.0,0,14780.0,29.08599999999968,4.754861111111126,29.07695389206964,23.262877114497144,5.814076777572511,80.00451904572367,23.798255156879616,23.262877114497144,0.0,40.384658183430076,2.0,4,0.0,687,49.19941775836973,323,1478,nan,nan,0.0,0,0,0,0,,,,,,,,,,,,,,,
primary_challenge,C4,4012,2188,2178,90.75,99.54296160877514,0.4905494612332473,88.38172020102769,0.05913844646465341,11.547344110854507,0.05698005698006048,88.45265588914549,0.3020532652887774,0.0,0,14370.0,29.003999999999692,4.74916666666668,32.460824496040104,25.979968470847712,6.48085602519241,80.03483852980077,19.89139198409811,22.47453807005262,3.5054304007950945,45.084478466722395,2.0,4,0.0,663,43.74057315233786,318,1437,nan,nan,0.0,0,1,0,0,,,,,,,,,,,,,,,
primary_challenge,C5,4012,2188,2120,88.33333333333333,96.89213893967093,3.7004776282348724,264.4058360098189,2.929145681448407,19.39953810623557,7.3504273504273465,80.60046189376443,0.27063027053787153,72.35194841781252,0,13520.0,28.833999999999715,4.737361111111123,43.77310260636622,35.10240140995337,8.670701196412871,80.19171436307599,19.776417742235978,21.06781504404649,14.034586365906883,60.79597584217533,2.0,4,361.7597420890626,621,21.4170692431562,303,1352,nan,nan,4.759349088475574,1348,4,0,0,0.003530674397978912,0.0017328955000266433,0.008961150524555702,0.012587499979417771,26.23887240356083,133.65504451038575,26.23887240356083,0.0,22.839020771513354,0,0,0,0.0,153.59359374358752,52.47415225228571
primary_challenge,C1,4014,2203,2189,91.20833333333333,99.36450295052201,2.369607486677961,112.88854973587708,1.0010246968399128,37.02031602708804,9.48863636363636,62.97968397291196,0.29089715566871793,28.039709895865016,0,140.0,26.629999999999892,4.603055555555552,34.97702395926156,28.137860506249332,6.8391634530122225,80.44669706325519,29.64552820246642,0.0,28.137860506249332,48.57919994341882,0,0,140.1985494793251,0,0,0,14,0.3,0.7,0.0,0,0,0,0,,,,,,,,,,,,,,,
primary_challenge,C2,4014,2203,2186,91.08333333333333,99.22832501134816,4.4031719134239395,176.26733312552363,2.915470106995614,30.474040632054177,21.477272727272723,69.52595936794582,0.2778885058967192,17.24469077775793,0,9140.0,28.429999999999787,4.728055555555563,39.66013787718111,31.68447161736053,7.97566625982058,79.8899683997078,19.692169642596152,14.143734272106538,17.540737345253994,55.08352482941821,2.0,4,86.22345388878966,388,25.51546391752577,202,914,nan,nan,0.0,0,8,0,0,,,,,,,,,,,,,,,
primary_challenge,C3,4014,2203,2200,91.66666666666667,99.86382206082615,0.5534697334003977,6.319496190387629,0.02805804974348238,12.641083521444695,0.17045454545454586,87.3589164785553,0.3124332027755321,0.0,0,13750.0,29.351999999999688,4.79208333333335,27.224047000808437,21.79637905534543,5.427667945463024,80.06296438842531,20.196131386421502,21.79637905534543,0.0,37.81117639001174,2.0,4,0.0,612,55.392156862745104,298,1375,nan,nan,0.0,0,0,0,0,,,,,,,,,,,,,,,
primary_challenge,C4,4014,2203,2129,88.70833333333333,96.64094416704494,4.352165446803838,382.6307895585148,3.5401497406235314,19.63882618510158,6.022727272727268,80.36117381489842,0.25594585215336074,137.77890837650563,0,12800.0,29.161999999999704,4.778888888888904,47.5594932247901,37.84161050624951,9.71788271854061,79.56689178202764,19.739630743226712,20.301045963000703,17.540564543248806,66.05485170109738,2.0,4,688.8945418825281,569,48.68189806678383,275,1280,nan,nan,0.0,0,5,0,0,,,,,,,,,,,,,,,
primary_challenge,C5,4014,2203,2097,87.375,95.18837948252383,6.048971424971885,344.1571204258961,5.218795100709325,19.864559819413095,6.818181818181824,80.1354401805869,0.25727963338238097,128.09858124845488,0,12730.0,29.147999999999705,4.777916666666682,47.079331982342836,37.7540827284717,9.325249253871142,80.19247754541509,19.72213292336649,20.20736020660676,17.546722521864943,65.38796108658728,2.0,4,640.4929062422743,569,36.7311072056239,272,1273,nan,nan,4.3917413236922584,1268,6,0,0,0.003463518394079068,0.0017848959541879594,0.008611385838594283,0.014071542012970895,26.616719242902207,135.3493690851735,26.616719242902207,0.0,22.800473186119874,0,0,0,0.0,179.45121356431886,61.83086687220585
primary_challenge,C1,4013,2122,2114,88.08333333333333,99.62299717247879,2.111560974398171,115.24928825688076,0.7057702410629726,34.731934731934736,10.6320141760189,65.26806526806527,0.3131418491666645,25.772669854070106,0,140.0,25.705999999999904,4.437638888888885,35.068934300000784,28.11631557092198,6.952618729078802,80.17442255415601,29.728888888888765,0.0,28.11631557092198,48.70685319444554,0,0,128.86334927035054,0,0,0,14,0.3,0.7,0.0,0,0,0,0,,,,,,,,,,,,,,,
primary_challenge,C2,4013,2122,2051,85.45833333333333,96.65409990574929,3.3959739549485692,251.52197376788803,2.520881545391567,21.678321678321677,7.737743650324869,78.32167832167832,0.2800047877225008,79.35362667029031,0,12210.0,28.119999999999756,4.605277777777789,46.998276419899696,37.41326001536656,9.58501640453315,79.60560017372316,19.701502565673785,19.87568754886457,17.537572466502,65.27538391652739,2.0,4,396.76813335145147,594,33.5016835016835,273,1221,nan,nan,0.0,0,5,0,0,,,,,,,,,,,,,,,
primary_challenge,C3,4013,2122,2114,88.08333333333333,99.62299717247879,0.5787986322424458,6.787327589476869,0.03676110243569075,13.98601398601399,0.945067926757237,86.01398601398601,0.32857572571505494,0.0,0,14220.0,28.52199999999971,4.6331944444444595,29.51273874258021,23.625883100382154,5.886855642198082,80.05317062050682,26.88159292851419,23.625883100382154,0.0,40.98991492025033,2.0,4,0.0,703,53.058321479374115,312,1422,nan,nan,0.0,0,0,0,0,,,,,,,,,,,,,,,
primary_challenge,C4,4013,2122,2114,88.08333333333333,99.62299717247879,0.5787986322424458,6.787327589476869,0.03676110243569075,13.98601398601399,0.945067926757237,86.01398601398601,0.3285757257150549,0.0,0,14220.0,28.521999999999714,4.6331944444444595,29.51273874258021,23.62164325644734,5.891095486132908,80.03880447180136,25.45741806718317,23.62164325644734,0.0,40.98991492025033,2.0,4,0.0,703,51.635846372688476,312,1422,nan,nan,0.0,0,0,0,0,,,,,,,,,,,,,,,
primary_challenge,C5,4013,2122,2020,84.16666666666667,95.19321394910462,7.861438333430514,270.50313952388825,6.72611395153268,26.340326340326335,14.648552864737152,73.65967365967366,0.29363412156971513,76.43989861245855,0,12070.0,28.09199999999976,4.603333333333345,42.09171623490254,33.76876641260824,8.322949822294328,80.22663230017478,19.625223240991367,19.718070925388023,14.050695487220208,58.46071699292021,2.0,4,382.1994930622927,594,23.56902356902357,266,1207,nan,nan,5.64121848589275,1203,4,0,0,0.0046892921744744395,0.002091415983159095,0.015125770791200909,0.024139708024449646,27.86783042394015,140.88279301745635,27.86783042394015,0.0,23.708229426433917,0,0,0,0.0,28.11083634195448,10.627594972504857
primary_challenge,C1,4015,2197,2171,90.45833333333333,98.81656804733728,3.8730218100686957,98.40156727421011,1.8288453569816694,54.91990846681922,27.670454545454547,45.08009153318078,0.29214305069550106,22.96309457444068,0,140.0,26.495999999999892,4.586249999999995,35.128501749619616,28.116555898112093,7.011945851507521,80.03915481085541,29.64333333333323,0.0,28.116555898112093,48.789585763360584,0,0,114.8154728722034,0,0,0,14,0.3,0.7,0.0,0,0,0,0,,,,,,,,,,,,,,,
primary_challenge,C2,4015,2197,2177,90.70833333333333,99.08966772872098,3.2915431310852328,172.7163772038023,1.4834609476211937,49.42791762013729,22.784090909090903,50.57208237986271,0.27848850094265715,21.516102870797113,0,9020.0,28.271999999999803,4.7095833333333355,40.04413966064342,32.152582512726056,7.891557147917377,80.29285379884583,19.596543792131378,14.596793283877107,17.555789228848944,55.61686063978254,2.0,4,107.58051435398556,437,28.604118993135014,203,902,nan,nan,0.0,0,6,0,0,,,,,,,,,,,,,,,
primary_challenge,C3,4015,2197,2124,88.5,96.67728720983159,5.754537011264836,431.55834085015834,4.887661138796237,26.544622425629292,4.545454545454541,73.4553775743707,0.25362328690264674,168.6587501537176,0,13440.0,29.155999999999707,4.770972222222233,48.99561671504715,39.26497256477893,9.730644150268256,80.13976595730895,19.69212611106512,21.719078424024655,17.54589414075427,68.04946765978775,2.0,4,843.293750768588,639,52.895148669796555,302,1344,nan,nan,0.0,0,6,0,0,,,,,,,,,,,,,,,
primary_challenge,C4,4015,2197,2074,86.41666666666667,94.40145653163404,8.888630923187847,402.54681281410063,7.8781854858571485,29.290617848970246,7.613636363636367,70.70938215102976,0.2568295915305297,148.98142861673008,0,12770.0,29.02199999999972,4.7616666666666765,47.84134704900929,38.361167009223365,9.480180039785953,80.1841281139632,19.64851238636241,20.809031027182886,17.552135982040472,66.44631534584629,2.0,4,744.9071430836503,615,46.17886178861789,281,1277,nan,nan,0.0,0,5,0,0,,,,,,,,,,,,,,,
primary_challenge,C5,4015,2197,2047,85.29166666666667,93.17250796540736,11.064544911853393,303.4038982306845,9.916386648094727,31.57894736842105,13.238636363636369,68.42105263157895,0.26100892851981355,92.564051664456,0,12080.0,28.883999999999734,4.752083333333341,46.3367857328671,37.15002812033446,9.186757612532665,80.17394286799572,19.74644149855656,19.605740399908537,17.54428772042592,64.35664685120432,2.0,4,462.82025832228004,578,32.17993079584775,269,1208,nan,nan,3.76526600465877,1203,5,0,0,0.003129896928228404,0.0017300000181421638,0.008319808274973181,0.020412291982211173,27.718204488778056,140.28262676641728,27.718204488778056,0.0,23.599334995843723,0,0,0,0.0,120.71070379739831,40.33643651371638
primary_challenge,C1,4017,2210,2189,91.20833333333333,99.0497737556561,8.705732339354055,149.33273380211995,6.488186344798157,46.75615212527964,33.238797504254116,53.24384787472036,0.28105407814729194,43.05192909519266,0,150.0,26.671999999999894,4.614722222222216,37.820531866974896,30.158542961261574,7.661988905713324,79.74119207878245,29.61111111111101,0.0,30.158542961261574,52.52851648190957,0,0,215.25964547596328,0,0,0,15,0.3,0.7,0.0,0,0,0,0,,,,,,,,,,,,,,,
primary_challenge,C2,4017,2210,2163,90.125,97.87330316742081,17.292361450202826,226.57491758464505,15.253708521835224,44.51901565995525,37.0391378332388,55.48098434004475,0.2811547474020223,61.72007303668417,0,8520.0,28.345999999999805,4.730972222222225,37.78429093527197,30.299515183483887,7.48477575178809,80.19077355557577,19.69830437182906,12.768745781392706,17.53076940209118,52.47818185454442,2.0,4,308.6003651834208,366,24.59016393442623,215,852,nan,nan,0.0,0,6,0,0,,,,,,,,,,,,,,,
primary_challenge,C3,4017,2210,1973,82.20833333333333,89.27601809954751,23.364848363219537,427.4047407813848,22.27767806576156,21.700223713646526,13.499716392512761,78.29977628635348,0.26066698024219515,163.69145620145088,0,12110.0,29.063999999999716,4.780833333333346,45.15988711280973,36.08120962792841,9.078677484881334,79.8965895060749,19.66071054896426,18.507477363949917,17.573732263978492,62.722065434457974,2.0,4,818.4572810072544,543,55.24861878453039,296,1211,nan,nan,0.0,0,5,0,0,,,,,,,,,,,,,,,
primary_challenge,C4,4017,2210,1983,82.625,89.72850678733032,21.825291865929938,410.14761688917037,20.707684125331326,21.923937360178968,14.237095859330683,78.07606263982103,0.2612143417578704,149.7417161037552,0,12090.0,29.05999999999972,4.7805555555555665,44.96283696716663,36.06373740570619,8.89909956146046,80.20787796828999,19.800870940998816,18.530434986486753,17.533302419219435,62.448384676620336,2.0,4,748.7085805187761,543,50.82872928176796,294,1209,nan,nan,0.0,0,5,0,0,,,,,,,,,,,,,,,
primary_challenge,C5,4017,2210,1986,82.75,89.86425339366517,21.805931131543318,407.033685142762,20.665921616320812,21.923937360178968,15.258082813386276,78.07606263982103,0.2606641693652877,145.7687898369017,0,12090.0,29.059999999999725,4.780555555555568,45.16089902849642,36.06587629459505,9.095022733901388,79.8608465961618,19.677240355536803,18.518435884082386,17.547440410512664,62.72347087291171,2.0,4,728.8439491845086,543,35.35911602209944,294,1209,nan,nan,3.9233354191528633,1204,5,0,0,0.0032585842351767966,0.0017148960032500327,0.008056693716207515,0.012141041981521994,26.785714285714285,136.24252491694352,26.785714285714285,0.0,22.922757475083056,0,0,0,0.0,143.61592332754898,51.41342717828053
primary_challenge,C1,4016,2148,2142,89.25,99.72067039106145,23.1099377508531,209.30606069068853,20.295948926483906,57.74336283185841,54.42216981132076,42.256637168141594,0.3057882323631689,71.04476894273033,0,140.0,25.82399999999989,4.478333333333328,35.11623634925922,28.130298972260114,6.985937376999098,80.10624684400021,29.61833333333322,0.0,28.130298972260114,48.772550485082235,0,0,355.2238447136516,0,0,0,14,0.3,0.7,0.0,0,0,0,0,,,,,,,,,,,,,,,
primary_challenge,C2,4016,2148,2108,87.83333333333333,98.13780260707635,8.104371648483857,195.31825941558878,6.527722002647285,36.72566371681416,21.992924528301884,63.27433628318584,0.28945082964466706,50.716479956611074,0,9390.0,27.6739999999998,4.606805555555558,40.99770132791983,32.772002444797906,8.225698883121947,79.93619491656683,19.686685724260812,15.213980176970383,17.558022267827518,56.94125184433312,2.0,4,253.58239978305537,464,40.51724137931034,207,939,nan,nan,0.0,0,6,0,0,,,,,,,,,,,,,,,
primary_challenge,C3,4016,2148,2142,89.25,99.72067039106145,0.5202606491009304,5.182828362374615,0.02149232922388048,12.389380530973447,0.0,87.61061946902655,0.32271649524019075,0.0,0,14080.0,28.6119999999997,4.671944444444456,29.022061713531308,23.213121645272707,5.808940068258634,79.98439902169243,21.200304114933925,23.213121645272707,0.0,40.308419046571295,2.0,4,0.0,694,53.7463976945245,311,1408,nan,nan,0.0,0,0,0,0,,,,,,,,,,,,,,,
primary_challenge,C4,4016,2148,2062,85.91666666666667,95.99627560521415,5.371899993758068,388.2555875471628,4.650602779103429,18.58407079646017,4.422169811320753,81.41592920353983,0.27044278418371176,140.3946652667759,0,12810.0,28.35799999999973,4.654305555555566,47.84059769386375,38.227493416704725,9.61310427715905,79.90596953099512,19.717241567641164,20.687134656894564,17.540358759810157,66.4452745748108,2.0,4,701.9733263338795,622,52.09003215434084,283,1281,nan,nan,0.0,0,5,0,0,,,,,,,,,,,,,,,
primary_challenge,C5,4016,2148,2142,89.25,99.72067039106145,0.5202606491009304,5.182828362374615,0.02149232922388048,12.389380530973447,0.0,87.61061946902655,0.32271649524019075,1.1842378929335004e-17,0,14080.0,28.611999999999703,4.671944444444457,29.022061713531308,23.209897006629465,5.812164706901877,79.9732880307674,19.784779214218805,23.209897006629465,0.0,40.308419046571295,2.0,4,5.921189464667501e-17,694,43.22766570605187,311,1408,nan,nan,4.944407163653523,1407,1,0,0,0.0035141486593130936,0.001875709043815732,0.008498224779032173,0.028377666021697223,28.038379530916846,141.46481876332624,28.038379530916846,0.0,23.50319829424307,0,0,0,0.0,357.13107780781456,104.7708921190806
primary_challenge,C1,4018,2182,2160,90.0,98.99175068744272,2.347177835337409,86.04560677649194,0.8005876103403357,42.610837438423644,12.16216216216216,57.389162561576356,0.29686986003748933,14.580272786294604,0,140.0,26.323999999999884,4.555555555555551,34.926850386503844,28.101012515858915,6.82583787064493,80.45676093003074,29.710745511952513,0.0,28.101012515858915,48.50951442569978,0,0,72.90136393147301,0,0,0,14,0.3,0.7,0.0,0,0,0,0,,,,,,,,,,,,,,,
primary_challenge,C2,4018,2182,2090,87.08333333333333,95.78368469294224,5.63621092889097,207.1391067378211,4.2423240633979695,32.019704433497544,20.32657657657657,67.98029556650246,0.2724838092916716,44.02054840236635,0,10830.0,28.46199999999976,4.704027777777785,43.70582865499823,34.91559584919237,8.79023280580587,79.88773333828416,19.691433228451615,17.359005756210962,17.556590092981402,60.702539798608655,2.0,4,220.10274201183177,512,33.0078125,253,1083,nan,nan,0.0,0,5,0,0,,,,,,,,,,,,,,,
primary_challenge,C3,4018,2182,2170,90.41666666666667,99.45004582951421,0.9188480107136192,344.94471892807053,0.42282515456566855,13.793103448275868,0.33783783783783994,86.20689655172413,0.26782691936753167,102.58272939408698,0,14150.0,29.125999999999692,4.750138888888904,45.382309027688564,36.33408176793773,9.048227259750865,80.06221487269336,19.657581674206188,22.285251722762347,14.048830045175386,63.0309847606786,2.0,4,512.9136469704349,663,50.37707390648567,340,1415,nan,nan,0.0,0,4,0,0,,,,,,,,,,,,,,,
primary_challenge,C4,4018,2182,2159,89.95833333333333,98.94592117323556,1.0707808616244894,313.77053036891397,0.5188423733171702,14.778325123152714,2.2522522522522515,85.22167487684729,0.2679726300877183,81.19185727965048,0,14130.0,29.12199999999969,4.749861111111125,45.329853168421394,36.32154456242112,9.008308606000304,80.12720541465193,19.64477217621416,22.26994423380371,14.051600328617408,62.95812940058531,2.0,4,405.9592863982524,663,45.85218702865762,338,1413,nan,nan,0.0,0,5,0,0,,,,,,,,,,,,,,,
primary_challenge,C5,4018,2182,2156,89.83333333333333,98.80843263061412,1.2240149358472776,338.69211402088087,0.6937733670720794,14.778325123152714,1.4639639639639657,85.22167487684729,0.2679306788041756,97.39401622200103,0,14130.0,29.121999999999687,4.749861111111125,45.344955630496756,36.35339031495252,8.99156531554427,80.17074845366712,19.685583656427283,22.306854252913293,14.046536062039225,62.97910504235663,2.0,4,486.9700811100052,663,24.283559577677224,338,1413,nan,nan,4.813942301087081,1409,4,0,0,0.0034165665728084324,0.00176920898957178,0.008333842002321032,0.013926290965173393,27.125621007806956,137.66855926188785,27.125621007806956,0.0,23.202980837473387,0,0,0,0.0,181.03028685827297,63.93345847228588
primary_challenge,C1,4019,2195,2191,91.29166666666667,99.81776765375854,17.86733522627068,178.67514427823238,15.2667895651966,57.802197802197796,49.36781609195402,42.1978021978022,0.3064986829121531,51.7869386326121,0,120.0,26.3079999999999,4.570694444444439,30.160474151624882,24.103778822787227,6.056695328837658,79.91843464267502,29.671666666666557,0.0,24.103778822787227,41.88954743281235,0,0,258.9346931630605,0,0,0,12,0.3,0.7,0.0,0,0,0,0,,,,,,,,,,,,,,,
primary_challenge,C2,4019,2195,2190,91.25,99.77220956719817,1.3883291341074258,119.0176309550768,0.4301232885869911,22.417582417582416,7.758620689655171,77.58241758241759,0.280360582523085,8.682258368344968,0,11420.0,28.567999999999756,4.727638888888896,39.57019029168941,31.713103706423787,7.857086585265627,80.14392519382001,19.74140951318511,17.67992133531146,14.033182371112328,54.95859762734639,2.0,4,43.41129184172484,513,23.196881091617932,253,1142,nan,nan,0.0,0,6,0,0,,,,,,,,,,,,,,,
primary_challenge,C3,4019,2195,2192,91.33333333333333,99.86332574031891,0.48922667714981083,4.782974555319622,0.015932665462436414,11.208791208791213,0.0,88.79120879120879,0.3117605563461169,0.0,0,14480.0,29.179999999999694,4.770138888888902,28.266199715397903,22.61560707983059,5.650592635567337,80.00936562940517,29.396445393667754,22.61560707983059,0.0,39.25861071583045,2.0,4,0.0,663,55.957767722473605,326,1448,nan,nan,0.0,0,0,0,0,,,,,,,,,,,,,,,
primary_challenge,C4,4019,2195,2192,91.33333333333333,99.86332574031891,0.48922667714981083,4.782974555319622,0.015932665462436414,11.208791208791213,0.0,88.79120879120879,0.31176055634611693,0.0,0,14480.0,29.179999999999694,4.770138888888903,28.266199715397903,22.622860823121854,5.64333889227607,80.03502788101416,26.36416075564713,22.622860823121854,0.0,39.25861071583045,2.0,4,0.0,663,50.52790346907994,326,1448,nan,nan,0.0,0,0,0,0,,,,,,,,,,,,,,,
primary_challenge,C5,4019,2195,2192,91.33333333333333,99.86332574031891,0.48922667714981083,4.782974555319622,0.015932665462436414,11.208791208791213,0.0,88.79120879120879,0.3117605563461169,0.0,0,14480.0,29.179999999999694,4.770138888888903,28.266199715397907,22.65421734629789,5.611982369100035,80.14596080971256,24.787689483240488,22.65421734629789,0.0,39.25861071583045,2.0,4,0.0,663,35.294117647058826,326,1448,nan,nan,4.037941687856801,1448,0,0,0,0.0027886337623320447,0.0015250415017362684,0.00784075855335686,0.012166875007096678,26.218922651933703,133.58908839779005,26.218922651933703,0.0,22.790745856353592,0,0,0,0.0,48.75768202645459,17.071871998488795
primary_challenge,C1,4021,2204,2198,91.58333333333333,99.72776769509983,6.43734361600015,129.11349805381477,4.282393362174139,52.01793721973094,33.21956769055745,47.98206278026906,0.29011818492975605,39.38098612823501,0,140.0,26.3419999999999,4.5843055555555505,35.15745342528781,28.090800980575253,7.06665244471256,79.8999877515881,29.72166666666658,0.0,28.090800980575253,48.82979642401086,0,0,196.904930641175,0,0,0,14,0.3,0.7,0.0,0,0,0,0,,,,,,,,,,,,,,,
primary_challenge,C2,4021,2204,2164,90.16666666666667,98.18511796733212,1.965935626336062,182.43414000871806,0.9532913357978466,28.47533632286996,7.337883959044367,71.52466367713004,0.26398038643364363,31.445183822091348,0,11390.0,28.591999999999775,4.740555555555564,44.56706088388829,35.48668411838642,9.08037676550188,79.62536324942045,19.604428479043985,17.938354902326886,17.548329216059535,61.89869567206709,2.0,4,157.22591911045674,515,25.24271844660194,238,1139,nan,nan,0.0,0,5,0,0,,,,,,,,,,,,,,,
primary_challenge,C3,4021,2204,2202,91.75,99.90925589836661,0.44167982833754876,4.119665296172873,0.019998904961091152,12.107623318385652,0.0,87.89237668161435,0.3092941280633314,0.0,0,14550.0,29.223999999999698,4.78444444444446,28.254113897200686,22.5955453672758,5.658568529924897,79.97258540645468,23.5673472481917,22.5955453672758,0.0,39.24182485722319,2.0,4,0.0,644,51.39751552795031,331,1455,nan,nan,0.0,0,0,0,0,,,,,,,,,,,,,,,
primary_challenge,C4,4021,2204,2202,91.75,99.90925589836661,0.44167982833754876,4.119665296172873,0.019998904961091152,12.107623318385652,0.0,87.89237668161435,0.30929412806333134,0.0,0,14550.0,29.2239999999997,4.7844444444444605,28.254113897200686,22.59022841232182,5.663885484878884,79.95376706738617,21.6916698852994,22.59022841232182,0.0,39.24182485722319,2.0,4,0.0,644,48.91304347826087,331,1455,nan,nan,0.0,0,0,0,0,,,,,,,,,,,,,,,
primary_challenge,C5,4021,2204,2127,88.625,96.50635208711434,3.338582774388035,311.1669346989986,2.669388675173372,18.83408071748879,4.550625711035272,81.16591928251121,0.26693962238010255,87.88310521519315,0,13490.0,29.01199999999972,4.769722222222236,43.50173594316307,34.86883380776403,8.632902135399053,80.15503991225015,19.77876824898467,20.83115870854196,14.037675099222072,60.41907769883761,2.0,4,439.41552607596583,594,28.619528619528616,301,1349,nan,nan,3.68149934214307,1341,6,0,0,0.002745338808458665,0.0014991250354796648,0.007534958014730364,0.01668308296939358,25.8165548098434,131.9082774049217,25.8165548098434,0.0,22.503355704697988,0,0,0,0.0,178.64496942517425,64.43824802100522
primary_challenge,C1,4020,2112,2100,87.5,99.43181818181817,1.7291862824550017,74.31765435065657,0.5302982298346689,33.41772151898734,7.6295864880605695,66.58227848101265,0.3228824250584449,7.636193123033045,0,130.0,25.255999999999897,4.393888888888886,32.56232697895983,26.08596907598671,6.476357902973122,80.11088732338501,29.774999999999935,0.0,26.08596907598671,45.22545413744422,0,0,38.18096561516522,0,0,0,13,0.3,0.7,0.0,0,0,0,0,,,,,,,,,,,,,,,
primary_challenge,C2,4020,2112,2105,87.70833333333333,99.66856060606061,0.9633835675240533,178.63478423515116,0.31437742077466885,19.74683544303798,2.970297029702973,80.25316455696202,0.2925844122784471,24.466425565988175,0,12550.0,27.739999999999736,4.566388888888901,43.46961157975901,34.72850534433382,8.741106235425203,79.89145539203446,19.77836839854077,20.696880922153575,14.031624422180244,60.3744605274431,2.0,4,122.33212782994087,616,28.246753246753247,281,1255,nan,nan,0.0,0,4,0,0,,,,,,,,,,,,,,,
primary_challenge,C3,4020,2112,2108,87.83333333333333,99.81060606060606,0.4612432355305751,4.171233064577246,0.019213289973407415,14.177215189873415,0.0,85.82278481012658,0.3288240477797814,0.0,0,14560.0,28.14199999999969,4.594305555555572,30.42334279927867,24.37391397426371,6.04942882501498,80.11583123877371,32.410364985387105,24.37391397426371,0.0,42.25464277677596,2.0,4,0.0,719,53.26842837273992,328,1456,nan,nan,0.0,0,0,0,0,,,,,,,,,,,,,,,
primary_challenge,C4,4020,2112,2108,87.83333333333333,99.81060606060606,0.4612432355305751,4.171233064577246,0.019213289973407415,14.177215189873415,0.0,85.82278481012658,0.32882404777978136,0.0,0,14560.0,28.141999999999694,4.594305555555572,30.42334279927866,24.346801488401315,6.076541310877386,80.02671385926263,28.68028759887582,24.346801488401315,0.0,42.25464277677597,2.0,4,0.0,719,48.95688456189152,328,1456,nan,nan,0.0,0,0,0,0,,,,,,,,,,,,,,,
primary_challenge,C5,4020,2112,2108,87.83333333333333,99.81060606060606,0.4612432355305751,4.171233064577246,0.019213289973407415,14.177215189873415,0.0,85.82278481012658,0.3288240477797814,0.0,0,14560.0,28.141999999999697,4.594305555555572,30.423342799278664,24.335238853871022,6.088103945407681,79.98870806020702,22.48173621475791,24.335238853871022,0.0,42.25464277677596,2.0,4,0.0,719,27.53824756606398,328,1456,nan,nan,3.7092959462315775,1456,0,0,0,0.002547593369664545,0.001504000014392659,0.007325364989810623,0.012317334010731429,27.94986263736264,141.02678571428572,27.94986263736264,0.0,23.313873626373628,0,0,0,0.0,21.77006391868998,7.805297414434268
primary_challenge,C1,4022,2100,2091,87.125,99.57142857142857,1.9114127151867533,99.21888983039534,0.6884093573034787,37.64705882352941,6.92537313432836,62.35294117647059,0.31926105191654974,15.388390419887243,0,140.0,25.22199999999991,4.376527777777774,35.06602131004209,28.1111260293942,6.954895280647894,80.16628342532785,29.7288888888888,0.0,28.1111260293942,48.70280737505846,0,0,76.94195209943622,0,0,0,14,0.3,0.7,0.0,0,0,0,0,,,,,,,,,,,,,,,
primary_challenge,C2,4022,2100,2090,87.08333333333333,99.52380952380952,0.7115731358034476,102.2834037382534,0.15835509931906344,16.000000000000004,0.11940298507462366,84.0,0.30490934733522784,1.9847551133590848,0,13150.0,27.823999999999725,4.557222222222236,40.232634959317984,32.079453859729725,8.153181099588277,79.73490648118745,19.66584866616816,21.56147233800885,10.51798152172087,55.87865966571943,2.0,4,9.923775566795424,643,19.59564541213064,285,1315,nan,nan,0.0,0,3,0,0,,,,,,,,,,,,,,,
primary_challenge,C3,4022,2100,2094,87.25,99.71428571428571,0.46353518743107563,5.277336732009037,0.01779968160251151,12.941176470588234,0.0,87.05882352941177,0.33015792748186323,0.0,0,15080.0,28.20999999999968,4.584027777777796,31.143146106529226,24.928161783992447,6.2149843225367984,80.04381348860001,30.279894795344337,24.928161783992447,0.0,43.25436959240173,2.0,4,0.0,746,55.898123324396785,337,1508,nan,nan,0.0,0,0,0,0,,,,,,,,,,,,,,,
primary_challenge,C4,4022,2100,2094,87.25,99.71428571428571,0.46353518743107563,5.277336732009037,0.01779968160251151,12.941176470588234,0.0,87.05882352941177,0.33015792748186323,0.0,0,15080.0,28.209999999999678,4.584027777777796,31.143146106529226,24.934105150686126,6.209040955843125,80.06289751650569,30.6018703986695,24.934105150686126,0.0,43.25436959240173,2.0,4,0.0,746,47.45308310991957,337,1508,nan,nan,0.0,0,0,0,0,,,,,,,,,,,,,,,
primary_challenge,C5,4022,2100,2094,87.25,99.71428571428571,0.46353518743107563,5.277336732009037,0.01779968160251151,12.941176470588234,0.0,87.05882352941177,0.3301579274818632,0.0,0,15080.0,28.20999999999968,4.584027777777796,31.143146106529226,24.94222167452316,6.200924432006084,80.08895950718984,19.95433647491237,24.94222167452316,0.0,43.25436959240173,2.0,4,0.0,746,27.61394101876676,337,1508,nan,nan,4.89772755355807,1507,1,0,0,0.0032499851052143797,0.001706582959741354,0.00825085451360792,0.017974124988541007,27.800265428002653,140.37093563370937,27.800265428002653,0.0,23.400796284007964,0,0,0,0.0,34.379146373131206,12.405738233102838
primary_challenge,C1,4023,2118,2111,87.95833333333333,99.66949952785646,3.342618577225411,109.68395948171359,1.6846712060098326,37.62135922330098,21.043376318874564,62.37864077669902,0.31417016284574,24.96003034813955,0,140.0,25.347999999999914,4.407777777777774,35.09874137553359,28.132062865340828,6.966678510192767,80.15120133325051,29.654968539503802,0.0,28.132062865340828,48.74825191046334,0,0,124.80015174069777,0,0,0,14,0.3,0.7,0.0,0,0,0,0,,,,,,,,,,,,,,,
primary_challenge,C2,4023,2118,2111,87.95833333333333,99.66949952785646,2.549012171562485,161.75259851715904,1.3473511323699083,26.699029126213592,14.185228604923793,73.30097087378641,0.3013661867873056,21.292263656482998,0,11160.0,27.551999999999772,4.560833333333343,39.708172756569965,31.83659411529783,7.871578641272148,80.17642692971882,19.666798262660805,17.78639878639421,14.050195328903621,55.150239939680525,2.0,4,106.461318282415,531,21.092278719397363,246,1116,nan,nan,0.0,0,4,0,0,,,,,,,,,,,,,,,
primary_challenge,C3,4023,2118,2111,87.95833333333333,99.66949952785646,0.5185383691174448,5.724671588996534,0.024682246394040284,11.407766990291258,0.11723329425556983,88.59223300970875,0.3289252089336596,0.0,0,14520.0,28.223999999999698,4.607500000000018,29.786924783882498,23.834669052828684,5.952255731053855,80.01721972227715,24.29228548735243,23.834669052828684,0.0,41.37072886650351,2.0,4,0.0,719,51.738525730180804,319,1452,nan,nan,0.0,0,0,0,0,,,,,,,,,,,,,,,
primary_challenge,C4,4023,2118,2110,87.91666666666667,99.6222851746931,0.5607440799249203,87.98460819954198,0.0636268206147872,11.407766990291258,0.17584994138335475,88.59223300970875,0.317472257191857,0.0,0,14410.0,28.2019999999997,4.605972222222239,33.909987410931436,27.16444181639872,6.745545594532752,80.10749602237193,19.779036399618526,23.653393636379647,3.511048180019074,47.09720473740482,2.0,4,0.0,710,46.478873239436616,317,1441,nan,nan,0.0,0,2,0,0,,,,,,,,,,,,,,,
primary_challenge,C5,4023,2118,2111,87.95833333333333,99.66949952785646,0.5185383691174448,5.724671588996534,0.024682246394040284,11.407766990291258,0.11723329425556983,88.59223300970875,0.3289252089336596,0.0,0,14520.0,28.223999999999698,4.607500000000018,29.7869247838825,23.83621560744196,5.950709176440577,80.02241178095557,22.47357840937202,23.83621560744196,0.0,41.370728866503526,2.0,4,0.0,719,34.4923504867872,319,1452,nan,nan,5.210969015664887,1452,0,0,0,0.003588821636132842,0.001913270476507023,0.008439166273456066,0.02505249995738268,28.171487603305785,142.05785123966942,28.171487603305785,0.0,23.494490358126722,0,0,0,0.0,138.6027898885554,42.92802790311998
primary_challenge,C1,4024,2195,2188,91.16666666666667,99.68109339407745,4.2764082218529476,106.63340618644519,2.398492682301933,43.7037037037037,19.776536312849156,56.2962962962963,0.2855199254461989,21.315667867480588,0,150.0,26.54399999999992,4.587083333333328,37.7128268393684,30.134928184908723,7.577898654459668,79.90630963110644,29.686349482419537,0.0,30.134928184908723,52.378926165789444,0,0,106.57833933740294,0,0,0,15,0.3,0.7,0.0,0,0,0,0,,,,,,,,,,,,,,,
primary_challenge,C2,4024,2195,2191,91.29166666666667,99.81776765375854,4.434919817536065,191.36727919370665,3.022718587551418,32.34567901234568,16.36871508379888,67.65432098765433,0.2827021101213923,24.014558737095843,0,8570.0,28.227999999999817,4.704027777777782,38.72724035629877,31.07940425980606,7.647836096492718,80.25204991078371,19.761782052725778,13.53445770937248,17.544946550433576,53.787833828192746,2.0,4,120.07279368547921,384,23.177083333333336,193,857,nan,nan,0.0,0,5,0,0,,,,,,,,,,,,,,,
primary_challenge,C3,4024,2195,1947,81.125,88.70159453302962,26.78701818697243,429.40122936571083,25.636306084187144,24.444444444444446,14.97206703910614,75.55555555555556,0.2662276408587171,169.36257914823906,0,11580.0,28.829999999999757,4.745833333333344,44.65804929086184,35.80445596268665,8.85359332817522,80.17469757688934,19.640123749274718,18.243650839982685,17.560805122703968,62.025068459530374,2.0,4,846.8128957411953,519,48.16955684007707,251,1158,nan,nan,0.0,0,7,0,0,,,,,,,,,,,,,,,
primary_challenge,C4,4024,2195,1954,81.41666666666667,89.02050113895217,25.505854139437517,424.02410735897985,24.316393091416078,25.67901234567901,15.363128491620115,74.32098765432099,0.2659385718769412,156.95465390725357,0,11400.0,28.79399999999976,4.743333333333345,44.76211412430115,35.63278929601998,9.129324828281177,79.60479524508227,19.616336944327696,18.06868542237774,17.564103873642242,62.169602950418266,2.0,4,784.7732695362679,512,48.046875,244,1140,nan,nan,0.0,0,6,0,0,,,,,,,,,,,,,,,
primary_challenge,C5,4024,2195,1945,81.04166666666667,88.61047835990888,27.286938127786513,431.9334760881257,26.131269896629583,24.691358024691358,15.027932960893853,75.30864197530865,0.265534300956654,171.49505350233756,0,11520.0,28.81799999999976,4.745000000000009,44.90765165560458,35.72673374046441,9.180917915140187,79.55600532054459,19.74674756581085,18.190249089678414,17.536484650785997,62.37173841056194,2.0,4,857.4752675116877,517,36.94390715667311,249,1152,nan,nan,4.705198910436593,1147,5,0,0,0.0041021786490292875,0.0032114579807966948,0.008611574966926128,0.012529917003121227,26.416739319965128,134.56320836965998,26.416739319965128,0.0,22.986050566695727,0,0,0,0.0,348.6938262071705,113.28256714006149
primary_challenge,C1,4025,2171,2164,90.16666666666667,99.67756794104099,5.388072353322615,135.64457517441653,3.7157926840420847,40.96109839816934,21.568627450980394,59.03890160183066,0.30651800771490595,30.74380855298782,0,130.0,26.1219999999999,4.527777777777774,32.553517222633864,26.100123649281116,6.453393573352743,80.17604816948682,29.64333333333322,0.0,26.100123649281116,45.213218364769254,0,0,153.71904276493908,0,0,0,13,0.3,0.7,0.0,0,0,0,0,,,,,,,,,,,,,,,
primary_challenge,C2,4025,2171,2166,90.25,99.76969138645785,1.8275665285262468,147.01600834113972,0.8096147281272311,24.25629290617849,10.034602076124566,75.74370709382151,0.28999226107459053,14.432885825287618,0,10680.0,28.23199999999978,4.674305555555564,38.50278601314741,30.73712327298678,7.765662740160646,79.83090694395747,19.71097753061338,16.701082168528895,14.036041104457883,53.47609168492696,2.0,4,72.1644291264381,457,19.912472647702405,238,1068,nan,nan,0.0,0,4,0,0,,,,,,,,,,,,,,,
primary_challenge,C3,4025,2171,2166,90.25,99.76969138645785,0.4208781994056069,4.078906407771623,0.011020191627153198,9.153318077803208,0.0,90.8466819221968,0.3172366340289714,0.0,0,14450.0,28.9859999999997,4.726666666666683,28.694811749570288,22.96258006015805,5.732231689412257,80.0234560190203,27.444450151413218,22.96258006015805,0.0,39.85390520773653,2.0,4,0.0,646,52.63157894736842,321,1445,nan,nan,0.0,0,0,0,0,,,,,,,,,,,,,,,
primary_challenge,C4,4025,2171,2166,90.25,99.76969138645785,0.4208781994056069,4.078906407771623,0.011020191627153198,9.153318077803208,0.0,90.8466819221968,0.3172366340289714,0.0,0,14450.0,28.9859999999997,4.726666666666683,28.694811749570285,22.957493797156573,5.737317952413738,80.00573064397389,24.846603856428885,22.957493797156573,0.0,39.85390520773653,2.0,4,0.0,646,46.59442724458204,321,1445,nan,nan,0.0,0,0,0,0,,,,,,,,,,,,,,,
primary_challenge,C5,4025,2171,2166,90.25,99.76969138645785,0.4208781994056069,4.078906407771623,0.011020191627153198,9.153318077803208,0.0,90.8466819221968,0.31723663402897134,0.0,0,14450.0,28.9859999999997,4.726666666666683,28.694811749570285,22.94703979394358,5.747771955626717,79.96929895972299,22.992434263951928,22.94703979394358,0.0,39.85390520773653,2.0,4,0.0,646,28.792569659442723,321,1445,nan,nan,5.072174167027697,1445,0,0,0,0.00351015513289114,0.0017860840307548642,0.00952337518101558,0.013925167033448815,26.59515570934256,135.27889273356402,26.59515570934256,0.0,23.02629757785467,0,0,0,0.0,83.5300121176304,28.61186524899107
primary_challenge,C1,4026,2177,2171,90.45833333333333,99.72439136426274,3.413908681984738,116.03404001899702,1.7170174264502607,44.34389140271493,20.172910662824208,55.65610859728507,0.2907240459948722,36.84798389010537,0,150.0,26.103999999999896,4.534027777777773,37.63934344184601,30.163880941886703,7.475462499959305,80.13923247224241,29.671666666666567,0.0,30.163880941886703,52.276865891452786,0,0,184.23991945052683,0,0,0,15,0.3,0.7,0.0,0,0,0,0,,,,,,,,,,,,,,,
primary_challenge,C2,4026,2177,2172,90.5,99.77032613688563,2.920855767912281,145.59330515245384,1.4193313024745482,36.651583710407245,20.691642651296828,63.348416289592755,0.28279949898808027,12.383677249530859,0,9590.0,27.991999999999795,4.665138888888894,40.4921803642911,32.45699413743445,8.035186226856661,80.15620261846247,19.633026416383252,14.904076525481514,17.552917611952946,56.23913939484877,2.0,4,61.9183862476543,474,18.565400843881857,226,959,nan,nan,0.0,0,8,0,0,,,,,,,,,,,,,,,
primary_challenge,C3,4026,2177,2063,85.95833333333333,94.7634359209922,8.659404544960648,435.04103697834387,7.987641859158614,18.552036199095024,5.014409221902016,81.44796380090497,0.26223760744722774,173.22165574166104,0,13300.0,28.733999999999718,4.716666666666679,47.89446131899802,38.38404760855353,9.510413710444512,80.14297802181972,19.76015426780919,20.843565939750842,17.540481668802688,66.52008516527505,2.0,4,866.1082787083052,646,53.25077399380805,308,1330,nan,nan,0.0,0,5,0,0,,,,,,,,,,,,,,,
primary_challenge,C4,4026,2177,2056,85.66666666666667,94.44189251263207,8.877816018690984,409.18244290883257,8.102295730735827,19.683257918552034,6.743515850144089,80.31674208144797,0.26281598707970455,148.8822374194455,0,12980.0,28.669999999999725,4.712222222222235,47.68624465130635,38.04801983077575,9.638224820530636,79.78824943962836,19.73373317661826,20.513044677886732,17.534975152889015,66.23089534903664,2.0,4,744.4111870972275,635,48.188976377952756,299,1298,nan,nan,0.0,0,5,0,0,,,,,,,,,,,,,,,
primary_challenge,C5,4026,2177,2005,83.54166666666667,92.09921910886541,15.234244445274374,340.45983816569134,14.101321892864805,26.923076923076927,14.293948126801148,73.07692307692307,0.2705365382553167,122.05378851177171,0,11670.0,28.407999999999753,4.694027777777788,44.90684622808597,36.02113094188686,8.885715286199131,80.21300529307325,19.67302214061951,18.46537187242522,17.55575906946164,62.370619761230536,2.0,4,610.2689425588585,571,39.57968476357268,264,1167,nan,nan,3.1265000767889433,1162,5,0,0,0.002690619687425941,0.0015653959708288312,0.007506856258260087,0.018166542053222656,27.80550774526678,140.6592082616179,27.80550774526678,0.0,23.740963855421686,0,0,0,0.0,59.304081897718476,21.124445590978834
primary_challenge,C1,4027,2159,2155,89.79166666666667,99.81472904122278,5.482561756065549,109.09121202474392,3.392886954179806,50.81967213114754,27.713625866050805,49.18032786885246,0.3025048150165498,24.735109231540626,0,140.0,25.8899999999999,4.496666666666662,35.198266594042074,28.132504605236864,7.065761988805212,79.92582398929493,29.64333333333321,0.0,28.132504605236864,48.886481380613986,0,0,123.67554615770314,0,0,0,14,0.3,0.7,0.0,0,0,0,0,,,,,,,,,,,,,,,
primary_challenge,C2,4027,2159,2108,87.83333333333333,97.63779527559055,6.873521450702053,185.5356834288364,5.513663530319797,30.44496487119438,19.630484988452658,69.55503512880561,0.2797295492530203,41.17152581941734,0,10860.0,28.033999999999768,4.645555555555565,43.39736226891267,34.82658793857032,8.570774330342383,80.25047172859638,19.779122853866145,17.29289603553312,17.5336919030372,60.27411426237875,2.0,4,205.85762909708671,519,21.38728323699422,259,1086,nan,nan,0.0,0,5,0,0,,,,,,,,,,,,,,,
primary_challenge,C3,4027,2159,2156,89.83333333333333,99.86104678091709,0.4186125319973206,4.249779769707432,0.01142974823592415,7.4941451990632295,0.0,92.50585480093677,0.31931266122460505,0.0,0,14600.0,28.781999999999684,4.6975000000000176,29.147441959142128,23.330299878990754,5.817142080151413,80.04235813109898,22.268255649784468,23.330299878990754,0.0,40.48255827658633,2.0,4,0.0,693,53.96825396825397,350,1460,nan,nan,0.0,0,0,0,0,,,,,,,,,,,,,,,
primary_challenge,C4,4027,2159,2153,89.70833333333333,99.72209356183419,0.6537826878109316,221.11183761444263,0.21191998708722562,7.962529274004682,0.17321016166281789,92.03747072599532,0.2862638725368449,35.59373104004573,0,14040.0,28.669999999999696,4.689722222222239,41.0450058867358,32.75173942392422,8.293266462811626,79.79470027194793,19.72779175273331,22.221830011036943,10.529909412887282,57.00695262046644,2.0,4,177.96865520022862,662,48.18731117824773,340,1404,nan,nan,0.0,0,3,0,0,,,,,,,,,,,,,,,
primary_challenge,C5,4027,2159,2140,89.16666666666667,99.11996294580825,1.023123377218817,331.75321050478135,0.538511445835618,9.36768149882904,1.1547344110854452,90.63231850117096,0.27378821063259,95.83530265059711,0,14130.0,28.68799999999969,4.690972222222238,45.53624417226757,36.34695258411547,9.18929158815214,79.81982977474335,19.898320035268085,22.33060807439032,14.01634450972515,63.244783572593896,2.0,4,479.1765132529855,662,26.888217522658607,340,1413,nan,nan,4.163139836629853,1409,4,0,0,0.002954676959992798,0.0016021250048652291,0.008212949568405745,0.014115334022790194,26.976579134137687,136.99929027679204,26.976579134137687,0.0,23.22427253371185,0,0,0,0.0,190.559555611404,67.2368368815704
primary_challenge,C1,4029,2123,2117,88.20833333333333,99.71738106453132,16.083559805493227,195.28208601327339,13.770043300105206,50.377833753148614,40.15063731170336,49.622166246851386,0.3196881849330256,64.43423731426314,0,130.0,25.443999999999903,4.420694444444438,32.612253424110804,26.139213992976746,6.473039431134051,80.15151131400067,29.643333333333267,0.0,26.139213992976746,45.29479642237611,0,0,322.17118657131573,0,0,0,13,0.3,0.7,0.0,0,0,0,0,,,,,,,,,,,,,,,
primary_challenge,C2,4029,2123,2106,87.75,99.19924634950542,0.8742699201891362,175.29612271581354,0.34314611757813274,8.564231738035266,3.418308227114719,91.43576826196474,0.2970638899541285,16.359295056391954,0,13690.0,28.15599999999972,4.609027777777789,40.75699961651372,32.64424056539914,8.112759051114613,80.09480794109413,19.821092286010455,22.12582575056115,10.518414814837984,56.60694391182465,2.0,4,81.79647528195977,673,29.569093610698367,319,1369,nan,nan,0.0,0,4,0,0,,,,,,,,,,,,,,,
primary_challenge,C3,4029,2123,2118,88.25,99.76448422044277,0.41165801703513255,4.840787895352696,0.013972075774163494,8.060453400503775,0.0,91.93954659949623,0.32604130326942093,0.0,0,14900.0,28.39799999999969,4.625833333333348,30.325130823008422,24.261359523289336,6.0637712997191215,80.0041380361718,30.810484145498645,24.261359523289336,0.0,42.11823725417842,2.0,4,0.0,734,53.13351498637602,348,1490,nan,nan,0.0,0,0,0,0,,,,,,,,,,,,,,,
primary_challenge,C4,4029,2123,2118,88.25,99.76448422044277,0.41165801703513255,4.840787895352696,0.013972075774163494,8.060453400503775,0.0,91.93954659949623,0.32604130326942093,0.0,0,14900.0,28.39799999999969,4.625833333333347,30.325130823008422,24.270671492032946,6.054459330975515,80.03484513780957,26.563124121892635,24.270671492032946,0.0,42.11823725417842,2.0,4,0.0,734,47.956403269754766,348,1490,nan,nan,0.0,0,0,0,0,,,,,,,,,,,,,,,
primary_challenge,C5,4029,2123,2118,88.25,99.76448422044277,0.41165801703513255,4.840787895352696,0.013972075774163494,8.060453400503775,0.0,91.93954659949623,0.32604130326942093,0.0,0,14900.0,28.39799999999969,4.625833333333347,30.325130823008426,24.252864352274862,6.072266470733594,79.97612440264764,25.51998571683349,24.252864352274862,0.0,42.11823725417842,2.0,4,0.0,734,33.65122615803814,348,1490,nan,nan,3.566180901718326,1490,0,0,0,0.002393410001153239,0.0015035834803711623,0.0069690088508650655,0.011548958020284772,27.523489932885905,139.2214765100671,27.523489932885905,0.0,23.363758389261744,0,0,0,0.0,18.792896375454283,6.246784284101931
primary_challenge,C1,4028,2177,2154,89.75,98.94350022967386,5.386284943130112,117.94162580832774,3.6565216703734453,43.31797235023041,23.809523809523814,56.68202764976959,0.29089785170979887,46.16660376096748,0,150.0,26.2079999999999,4.541249999999996,37.576773384472396,30.12798209854179,7.448791285930613,80.17713971948261,29.66444444444436,0.0,30.12798209854179,52.18996303398945,0,0,230.83301880483742,0,0,0,15,0.3,0.7,0.0,0,0,0,0,,,,,,,,,,,,,,,
primary_challenge,C2,4028,2177,2095,87.29166666666667,96.2333486449242,4.814801770077584,211.85586232998492,3.8398899942828075,24.42396313364056,12.621916236374064,75.57603686635944,0.26939575103344604,46.23776005149799,0,12140.0,28.60599999999975,4.707777777777789,45.3175296279594,36.3493026394377,8.968226988521721,80.21024742048472,19.770212931840295,18.807279035498617,17.542023603939086,62.94101337216584,2.0,4,231.18880025749,573,31.588132635253054,286,1214,nan,nan,0.0,0,6,0,0,,,,,,,,,,,,,,,
primary_challenge,C3,4028,2177,2163,90.125,99.35691318327974,1.4096731611698863,435.4489457358376,0.955799342375388,12.67281105990783,0.5163511187607606,87.32718894009217,0.2558680618646401,170.25399668764263,0,14420.0,29.061999999999692,4.739444444444461,50.187497728729554,39.991037654097525,10.196460074632052,79.68326667779829,19.78684386049907,22.45512566677387,17.535911987323654,69.70485795656886,2.0,4,851.2699834382132,676,58.72781065088757,339,1442,nan,nan,0.0,0,5,0,0,,,,,,,,,,,,,,,
primary_challenge,C4,4028,2177,2100,87.5,96.46302250803859,4.2680889689463255,384.0986171219631,3.650297059230668,17.28110599078341,3.729202524383246,82.7188940092166,0.2589977594040292,129.05275977767144,0,13630.0,28.903999999999712,4.728472222222236,49.06080661454946,38.856732098541976,10.204074516007502,79.20116846798567,19.696585736018463,21.31808217567111,17.538649922870867,68.14000918687427,2.0,4,645.2637988883573,645,47.286821705426355,317,1363,nan,nan,0.0,0,5,0,0,,,,,,,,,,,,,,,
primary_challenge,C5,4028,2177,2150,89.58333333333333,98.75976113918236,1.626243215571734,411.81113292650554,1.1303712162311805,13.594470046082952,1.0900745840504822,86.40552995391705,0.2571314560274817,150.7026066390824,0,14300.0,29.0379999999997,4.737777777777793,49.73267583010657,39.88087098743085,9.85180484267574,80.19047903971467,19.732718293274925,22.342560058506983,17.53831092892387,69.07316087514805,2.0,4,753.513033195412,675,27.555555555555557,336,1430,nan,nan,4.228999832004774,1425,5,0,0,0.002967719180354228,0.001583542034495622,0.007911024964414537,0.013696041016373783,27.189473684210526,137.9284210526316,27.189473684210526,0.0,23.48280701754386,0,0,0,0.0,143.48541032353967,51.36324532990167
primary_challenge,C1,4030,2196,2192,91.33333333333333,99.81785063752277,7.261669645623684,139.21839086645008,5.049874556628626,51.8348623853211,30.625000000000004,48.1651376146789,0.2848723803194833,35.07409794727043,0,150.0,26.46799999999989,4.58305555555555,37.84594308498599,30.149258493563767,7.6966845914222235,79.66311851672259,29.63611111111102,0.0,30.149258493563767,52.5638098402583,0,0,175.37048973635217,0,0,0,15,0.3,0.7,0.0,0,0,0,0,,,,,,,,,,,,,,,
primary_challenge,C2,4030,2196,2192,91.33333333333333,99.81785063752277,3.778355182246685,171.0238413999205,2.1554813585247197,34.174311926605505,21.306818181818176,65.82568807339449,0.28117076635731686,26.09778140191544,0,8920.0,28.221999999999795,4.704861111111114,39.178524111365924,31.255871569279325,7.922652542086621,79.77807300865581,19.694156360733903,13.708610039591417,17.547261529687912,54.41461682134159,2.0,4,130.48890700957722,391,24.04092071611253,202,892,nan,nan,0.0,0,5,0,0,,,,,,,,,,,,,,,
primary_challenge,C3,4030,2196,1918,79.91666666666667,87.34061930783243,35.65003935528211,428.69144539609647,34.3628603434417,27.293577981651374,19.261363636363637,72.70642201834863,0.2701969141396109,165.4621332457621,0,10990.0,28.635999999999747,4.733611111111121,43.12911090974007,34.325452938008326,8.803657971731761,79.58766646000215,19.838707797424636,16.792078946394422,17.533373991613903,59.901542930194566,2.0,4,827.3106662288104,488,54.713114754098356,255,1099,nan,nan,0.0,0,6,0,0,,,,,,,,,,,,,,,
primary_challenge,C4,4030,2196,1965,81.875,89.48087431693989,32.51443462673722,379.99341237545957,31.02042429116098,33.48623853211009,23.465909090909086,66.5137614678899,0.27542224379247016,129.78525131630394,0,10130.0,28.463999999999768,4.721666666666673,41.24799223471074,33.10575849356389,8.142233741146866,80.26029074381212,19.782129348427897,15.570642640904111,17.53511585265978,57.28887810376494,2.0,4,648.9262565815196,455,48.57142857142857,235,1013,nan,nan,0.0,0,5,0,0,,,,,,,,,,,,,,,
primary_challenge,C5,4030,2196,1925,80.20833333333333,87.65938069216757,35.06507046253662,415.54742468442396,33.73501516007568,28.21100917431193,20.113636363636367,71.78899082568807,0.2716944112806231,158.35891292039418,0,10850.0,28.60799999999975,4.731666666666675,42.59001193897567,34.15253627134167,8.43747566763402,80.18907419015639,19.638402019224046,16.60126553526665,17.55127073607502,59.15279435968843,2.0,4,791.7945646019708,486,37.242798353909464,251,1085,nan,nan,3.9314309250330552,1079,6,0,0,0.003643587511615436,0.001934667001478374,0.008988386910641565,0.013586041983217001,26.95551436515292,137.08248378127897,26.95551436515292,0.0,23.468952734012976,0,0,0,0.0,203.30664631386713,68.94690686881461
primary_challenge,C1,4031,2168,2161,90.04166666666667,99.67712177121771,7.243173447830511,142.60287925331116,5.307904280660358,44.89795918367348,27.67805442964678,55.10204081632652,0.3071146638108562,34.26596254519407,0,130.0,26.00399999999991,4.515833333333328,32.638721028091766,26.14319639870694,6.495524629384828,80.09871580508869,29.633443433581018,0.0,26.14319639870694,45.33155698346079,0,0,171.32981272597038,0,0,0,13,0.3,0.7,0.0,0,0,0,0,,,,,,,,,,,,,,,
primary_challenge,C2,4031,2168,2115,88.125,97.55535055350553,2.658595264864991,198.8159167905309,1.6946224708398807,23.582766439909296,8.975101331789226,76.41723356009071,0.2830655521520102,30.456500307039725,0,11780.0,28.333999999999758,4.677638888888897,41.29640122527631,32.96379087353356,8.332610351742776,79.82242978925098,19.687469609538116,18.930632319584994,14.03315855394857,57.356112812883794,2.0,4,152.28250153519863,558,16.48745519713262,256,1178,nan,nan,0.0,0,4,0,0,,,,,,,,,,,,,,,
primary_challenge,C3,4031,2168,2163,90.125,99.76937269372694,0.456350192402418,3.658799607015984,0.013456272993839422,9.75056689342404,0.0,90.24943310657596,0.3206848058774294,0.0,0,13930.0,28.763999999999715,4.707500000000012,27.75346988412538,22.189175337899506,5.564294546225894,79.95099506671569,22.716157458049626,22.189175337899506,0.0,38.54648595017416,2.0,4,0.0,655,54.961832061068705,309,1393,nan,nan,0.0,0,0,0,0,,,,,,,,,,,,,,,
primary_challenge,C4,4031,2168,2161,90.04166666666667,99.67712177121771,0.5004329034849089,87.72068954048906,0.051457821059870665,9.75056689342404,0.057903879559928484,90.24943310657596,0.30931774478038365,0.0,0,13750.0,28.727999999999714,4.7050000000000125,31.84561187906187,25.483586495505886,6.362025383556013,80.02228562064796,19.916049758070137,21.979388983409397,3.5041975120964923,44.23001649869707,2.0,4,0.0,646,50.92879256965944,306,1375,nan,nan,0.0,0,1,0,0,,,,,,,,,,,,,,,
primary_challenge,C5,4031,2168,2150,89.58333333333333,99.16974169741697,0.9510285939159413,320.54227869986306,0.45038548126635924,12.01814058956916,0.8685581933989606,87.98185941043084,0.27389921188856736,89.72100225782759,0,13600.0,28.697999999999723,4.702916666666678,44.59628372011574,35.76508606102202,8.831197659093755,80.19745834761048,19.609990022249473,21.722123630459368,14.042962430562646,61.939282944605225,2.0,4,448.60501128913796,639,24.100156494522693,301,1360,nan,nan,4.790464779129252,1356,4,0,0,0.0035327911350510706,0.0017917910299729556,0.009259979531634599,0.019676791969686747,27.95353982300885,141.44837758112095,27.95353982300885,0.0,23.838495575221238,0,0,0,0.0,128.30486044415204,45.85020340274777
primary_challenge,C1,4033,2132,2129,88.70833333333333,99.85928705440901,12.662974047864347,152.03444720605887,10.071595689803438,59.90675990675991,45.155607751027595,40.0932400932401,0.30984462332727614,51.75588939701849,0,140.0,25.783999999999903,4.455555555555552,35.25593560218059,28.115687638225115,7.140247963955481,79.74738766111813,29.686111111111018,0.0,28.115687638225115,48.96657722525082,0,0,258.7794469850925,0,0,0,14,0.3,0.7,0.0,0,0,0,0,,,,,,,,,,,,,,,
primary_challenge,C2,4033,2132,2130,88.75,99.906191369606,1.47037947391127,111.75475664769377,0.4549811752059807,27.738927738927742,6.635349383440992,72.26107226107226,0.295825769916825,6.905618760357659,0,11220.0,27.99999999999977,4.609444444444454,40.302722829942965,32.15005988472336,8.152662945219612,79.77143385666595,19.772095961870143,18.126971187385973,14.023088697337386,55.97600393047634,2.0,4,34.528093801788295,534,27.715355805243448,246,1122,nan,nan,0.0,0,4,0,0,,,,,,,,,,,,,,,
primary_challenge,C3,4033,2132,2130,88.75,99.906191369606,0.4644371695293487,5.355249386558959,0.021777818367307567,11.65501165501166,0.0,88.34498834498834,0.3254547784900096,0.0,0,14550.0,28.6659999999997,4.65569444444446,29.636279743596532,23.705737935521302,5.9305418080752625,79.98891271311935,24.654427103670695,23.705737935521302,0.0,41.16149964388413,2.0,4,0.0,707,58.27439886845828,327,1455,nan,nan,0.0,0,0,0,0,,,,,,,,,,,,,,,
primary_challenge,C4,4033,2132,2130,88.75,99.906191369606,0.4644371695293487,5.355249386558959,0.021777818367307567,11.65501165501166,0.0,88.34498834498834,0.3254547784900096,0.0,0,14550.0,28.6659999999997,4.65569444444446,29.636279743596535,23.717166871717307,5.919112871879262,80.02747671742382,22.44407005905846,23.717166871717307,0.0,41.16149964388413,2.0,4,0.0,707,50.919377652050926,327,1455,nan,nan,0.0,0,0,0,0,,,,,,,,,,,,,,,
primary_challenge,C5,4033,2132,2130,88.75,99.906191369606,0.4644371695293487,5.355249386558959,0.021777818367307567,11.65501165501166,0.0,88.34498834498834,0.3254547784900096,0.0,0,14550.0,28.6659999999997,4.65569444444446,29.636279743596532,23.714104011730633,5.922175731865937,80.0171418845326,23.061657624101997,23.714104011730633,0.0,41.16149964388413,2.0,4,0.0,707,35.5021216407355,327,1455,nan,nan,4.7844176110229455,1455,0,0,0,0.003288259526476251,0.0017277500010095537,0.008884682890493422,0.01316704199416563,27.77319587628866,140.2914089347079,27.77319587628866,0.0,23.413058419243985,0,0,0,0.0,198.47162184059374,60.91446999799789
primary_challenge,C1,4032,2145,2122,88.41666666666667,98.92773892773893,8.948911789026047,149.2470385025584,6.74889053042134,53.64705882352941,33.77906976744186,46.35294117647059,0.29889197896818814,38.70619650185197,0,150.0,25.525999999999904,4.453888888888883,37.89888757145227,30.128707703811138,7.770179867641135,79.49760437429276,29.643449278817656,0.0,30.128707703811138,52.63734384923926,0,0,193.53098250925984,0,0,0,15,0.3,0.7,0.0,0,0,0,0,,,,,,,,,,,,,,,
primary_challenge,C2,4032,2145,2129,88.70833333333333,99.25407925407926,1.572598821669726,126.02704670287604,0.45173486298834237,31.999999999999996,7.790697674418601,68.0,0.2948587772494603,11.46387150203346,0,10770.0,27.64999999999978,4.601388888888893,39.350840190194276,31.56936707110395,7.781473119090325,80.22539523557779,19.695691992746667,17.519165101082386,14.050201970021561,54.65394470860318,2.0,4,57.31935751016729,534,22.846441947565545,252,1077,nan,nan,0.0,0,4,0,0,,,,,,,,,,,,,,,
primary_challenge,C3,4032,2145,2140,89.16666666666667,99.76689976689977,0.5876140687543672,5.438551520282635,0.030360416366750617,17.176470588235293,0.05813953488371659,82.82352941176471,0.3238819427668835,0.0,0,14240.0,28.34399999999971,4.6495833333333465,28.90250060392193,23.130464559102336,5.772036044819622,80.02928492617572,20.526696270989014,23.130464559102336,0.0,40.14236194989161,2.0,4,0.0,710,51.267605633802816,340,1424,nan,nan,0.0,0,0,0,0,,,,,,,,,,,,,,,
primary_challenge,C4,4032,2145,2134,88.91666666666667,99.48717948717949,0.7352975494961899,168.1766431293198,0.14753650840027596,17.88235294117647,0.17441860465116088,82.11764705882352,0.3000894810474525,15.670343766282118,0,14180.0,28.33199999999971,4.648750000000012,37.467786822917105,30.005874752064962,7.461912070852164,80.08446000261729,19.74255405334321,22.988496326072017,7.017378425992945,52.038592809607124,2.0,4,78.3517188314106,706,49.858356940509914,340,1418,nan,nan,0.0,0,2,0,0,,,,,,,,,,,,,,,
primary_challenge,C5,4032,2145,2083,86.79166666666667,97.10955710955712,3.011065540441274,349.12869198076174,2.2563928788843994,21.882352941176475,5.29069767441861,78.11764705882352,0.2675381659856138,109.69150590085162,0,13490.0,28.193999999999722,4.639166666666678,49.186260245179,39.415096592700195,9.77116365247883,80.13436353206681,19.64509712628208,21.862422587181534,17.552674005518657,68.31425034052641,2.0,4,548.4575295042581,676,24.11242603550296,324,1349,nan,nan,4.956298995530233,1344,5,0,0,0.0036877224669123756,0.0018676244653761387,0.009415558894397689,0.016392874997109175,28.448660714285715,143.40029761904762,28.448660714285715,0.0,23.94345238095238,0,0,0,0.0,71.32061976367739,26.098055311025497
primary_challenge,C1,4034,2210,2198,91.58333333333333,99.45701357466064,3.154389395043942,97.3089243528247,1.3518514857865578,43.97463002114165,19.976971790443287,56.02536997885835,0.2889267591041082,17.882718459348258,0,140.0,26.519999999999893,4.60416666666666,34.98636672252107,28.120000029845652,6.866366692675411,80.37416475070711,29.68944444444431,0.0,28.120000029845652,48.592176003501486,0,0,89.4135922967413,0,0,0,14,0.3,0.7,0.0,0,0,0,0,,,,,,,,,,,,,,,
primary_challenge,C2,4034,2210,2204,91.83333333333333,99.72850678733032,2.129201224744507,167.07582004659392,0.7572861195215143,35.30655391120507,11.514104778353484,64.69344608879493,0.2810960226111642,35.02435701548648,0,8410.0,28.173999999999793,4.7190277777777805,37.805431859980885,30.353015300149742,7.452416559831143,80.28744496972688,19.68591020953553,12.795358333257827,17.557656966891923,52.507544249973456,2.0,4,175.1217850774324,390,22.564102564102566,197,841,nan,nan,0.0,0,5,0,0,,,,,,,,,,,,,,,
primary_challenge,C3,4034,2210,2022,84.25,91.49321266968326,16.992014402013368,428.9171023840892,16.05129179575153,21.775898520084567,10.074841681059299,78.22410147991543,0.25728845962804764,164.2664490626294,0,12590.0,29.0099999999997,4.777083333333347,46.37615453390285,37.181277807623616,9.194876726279254,80.17326615651713,19.63378068877907,19.629090327249312,17.552187480374304,64.41132574153174,2.0,4,821.332245313147,602,52.49169435215947,279,1259,nan,nan,0.0,0,5,0,0,,,,,,,,,,,,,,,
primary_challenge,C4,4034,2210,2001,83.375,90.54298642533936,19.042027987767835,404.82910945577413,17.982305656663847,23.67864693446089,12.147380541162923,76.32135306553911,0.2599739362643608,152.69497939946692,0,12080.0,28.90799999999971,4.770000000000013,45.40938294483007,36.45841669651249,8.950966248317602,80.28828918641656,19.597433612801556,18.89626296629556,17.562153730216927,63.06858742337512,2.0,4,763.4748969973347,581,44.75043029259897,266,1208,nan,nan,0.0,0,5,0,0,,,,,,,,,,,,,,,
primary_challenge,C5,4034,2210,2004,83.5,90.67873303167421,18.811526259588362,418.8413828322511,17.8298482863222,22.19873150105708,11.053540587219345,77.80126849894292,0.25851501668560595,157.8311875173717,0,12230.0,28.93799999999971,4.772083333333345,45.93459399318184,36.694972252068034,9.239621741113844,79.88526524804973,19.65256004271465,19.141349194535085,17.553623057532945,63.79804721275259,2.0,4,789.1559375868584,588,30.4421768707483,269,1223,nan,nan,5.928854074445553,1216,6,0,0,0.004875702363853251,0.0058401454880367965,0.009610312758013606,0.01599924999754876,27.520559210526315,139.5328947368421,27.520559210526315,0.0,23.64967105263158,0,0,0,0.0,308.37380582159733,104.29864977719987
primary_challenge,C1,4036,2218,2214,92.25,99.81965734896303,5.076074187665519,103.29127489518656,2.759589119293948,56.86274509803921,28.197839681637294,43.13725490196079,0.2795083231638752,25.183151688600034,0,150.0,26.4639999999999,4.610277777777772,37.577003661004916,30.132727278375913,7.444276382629003,80.18927626644641,29.65388888888875,0.0,30.132727278375913,52.19028286250682,0,0,125.91575844300017,0,0,0,15,0.3,0.7,0.0,0,0,0,0,,,,,,,,,,,,,,,
primary_challenge,C2,4036,2218,2139,89.125,96.43823264201984,24.26364877082503,301.4002499176364,21.98321924773032,50.10893246187364,39.738487777146105,49.89106753812636,0.27683857235069814,74.71278423307817,0,7990.0,28.03199999999982,4.719166666666668,38.53811395374866,30.47764394504265,8.06047000870602,79.08442011879526,19.722452056461144,12.946966232315242,17.53067771272741,53.525158269095364,2.0,4,373.56392116539087,397,36.775818639798494,173,799,nan,nan,0.0,0,5,0,0,,,,,,,,,,,,,,,
primary_challenge,C3,4036,2218,1918,79.91666666666667,86.47430117222723,44.899570367826946,429.5067047320247,43.13351944605886,41.394335511982575,26.435474701534968,58.605664488017425,0.27023444740406954,168.0609383277628,0,9350.0,28.303999999999792,4.73805555555556,40.91559893453495,32.82950505615378,8.086093878381186,80.23713671815256,19.634517615547484,15.289574464800873,17.539930591352903,56.82722074240966,2.0,4,840.304691638814,460,53.04347826086957,197,935,nan,nan,0.0,0,5,0,0,,,,,,,,,,,,,,,
primary_challenge,C4,4036,2218,1995,83.125,89.9458972046889,36.61433462027569,380.3416536668866,34.7285047619669,42.70152505446623,29.846503695281413,57.29847494553377,0.27264495737676675,120.56956330941335,0,8840.0,28.2019999999998,4.730972222222226,40.047815344363975,31.963671722820443,8.084143621543548,79.81377123313861,19.763079306354648,14.422795885661369,17.54087583715907,55.6219657560611,2.0,4,602.8478165470667,437,48.51258581235698,189,884,nan,nan,0.0,0,5,0,0,,,,,,,,,,,,,,,
primary_challenge,C5,4036,2218,2041,85.04166666666667,92.01983769161407,36.19828479754416,344.19694433170866,34.16071604790695,45.09803921568627,33.655486071631614,54.90196078431373,0.2765172176811835,117.47749102747788,0,8310.0,28.095999999999812,4.723611111111113,38.65380163477394,30.962171722820447,7.691629911953514,80.10123303102506,19.66968921769236,13.42052072321981,17.541650999600634,53.685835603852716,2.0,4,587.3874551373895,408,32.1078431372549,179,831,nan,nan,2.211341926595196,826,5,0,0,0.0026771694026576226,0.0015001874999143183,0.007859249992179684,0.01366887497715652,27.639225181598064,140.12953995157386,27.639225181598064,0.0,23.32082324455206,0,0,0,0.0,26.466094711392678,10.432001334857578
primary_challenge,C1,4037,2206,2198,91.58333333333333,99.63735267452402,8.827681710402935,150.6012177029692,6.561774406445472,51.96304849884527,33.78454596728708,48.03695150115473,0.28965356885067944,37.72899137648425,0,140.0,26.355999999999888,4.587777777777772,35.1247152137554,28.144288736265054,6.980426477490349,80.12673857991395,29.62888888888878,0.0,28.144288736265054,48.784326685771404,0,0,188.64495688242127,0,0,0,14,0.3,0.7,0.0,0,0,0,0,,,,,,,,,,,,,,,
primary_challenge,C2,4037,2206,2175,90.625,98.5947416137806,5.253211141260117,166.42975372869404,3.5811713864927723,41.33949191685913,24.81669486745629,58.66050808314087,0.2742885151426405,24.595689015424455,0,9250.0,28.177999999999777,4.714305555555561,40.65613454864941,32.58437206959849,8.071762479050939,80.14626188972245,19.613960969307595,15.01877338277827,17.565598686820213,56.46685353979086,2.0,4,122.97844507712229,455,29.89010989010989,194,925,nan,nan,0.0,0,5,0,0,,,,,,,,,,,,,,,
primary_challenge,C3,4037,2206,2199,91.625,99.68268359020853,0.5519335373240133,4.385921213548257,0.020691808747656186,13.394919168591224,0.0,86.60508083140877,0.31101299144156663,0.0,0,13350.0,28.997999999999692,4.771250000000014,27.43532308103599,21.953732449124296,5.481590631911721,80.01995232306663,20.48338592911481,21.953732449124296,0.0,38.1046153903278,2.0,4,0.0,657,55.55555555555556,278,1335,nan,nan,0.0,0,0,0,0,,,,,,,,,,,,,,,
primary_challenge,C4,4037,2206,2146,89.41666666666667,97.28014505893019,3.4397388387564485,397.9818184828941,2.7463419770203177,17.321016166281755,2.989283699943601,82.67898383371825,0.25565830494878716,148.00165709234105,0,12480.0,28.82399999999971,4.75916666666668,47.36301021843659,37.85659429182077,9.506415926615853,79.92860698090651,19.666513927900677,20.301609708131686,17.554984583689084,65.78195863671752,2.0,4,740.0082854617052,606,51.650165016501646,265,1248,nan,nan,0.0,0,5,0,0,,,,,,,,,,,,,,,
primary_challenge,C5,4037,2206,2141,89.20833333333333,97.0534904805077,3.934257902238555,405.6366335260194,3.2219860682912924,17.55196304849884,4.060913705583758,82.44803695150115,0.25506414218792767,153.58268639824448,0,12520.0,28.83199999999971,4.7597222222222335,47.57690881234601,37.86728873626522,9.709620076080817,79.59173826450619,19.794312547376304,20.328984946276595,17.538303789988625,66.07904001714728,2.0,4,767.9134319912225,607,34.2668863261944,267,1252,nan,nan,3.852524327521678,1247,5,0,0,0.003089434103866622,0.0016267499886453152,0.00823814186733216,0.014495417010039091,27.36567762630313,138.76904570970328,27.36567762630313,0.0,23.335204490777866,0,0,0,0.0,81.42495499217215,28.494350948252762
primary_challenge,C1,4035,2107,2102,87.58333333333333,99.76269577598481,4.921607844529223,123.58782591183201,3.214164591054005,41.9753086419753,24.14806110458284,58.0246913580247,0.3242784395627357,24.67401466197721,0,130.0,25.0799999999999,4.37541666666666,32.55976175741515,26.139047432186953,6.420714325228196,80.28021711870804,29.593333333333234,0.0,26.139047432186953,45.221891329743265,0,0,123.37007330988605,0,0,0,13,0.3,0.7,0.0,0,0,0,0,,,,,,,,,,,,,,,
primary_challenge,C2,4035,2107,2103,87.625,99.81015662078785,1.3673992724018755,108.70385393618514,0.4564949938894543,24.197530864197535,6.227967097532316,75.80246913580247,0.303453593388019,4.40585840995312,0,10800.0,27.213999999999768,4.523611111111117,40.056706380313145,31.99243232303817,8.064274057274988,79.86785538304177,19.71575687706801,17.96032140538223,14.032110917655936,55.63431441710159,2.0,4,22.029292049765598,522,29.88505747126437,210,1080,nan,nan,0.0,0,6,0,0,,,,,,,,,,,,,,,
primary_challenge,C3,4035,2107,2103,87.625,99.81015662078785,0.39150191930295053,4.305023097456675,0.006812854056468282,6.913580246913575,0.0,93.08641975308643,0.3298236746263242,0.0,0,14730.0,27.99999999999968,4.578194444444459,30.563477134523254,24.467690019467504,6.095787115055772,80.05532195101519,30.08525449660669,24.467690019467504,0.0,42.44927379794899,2.0,4,0.0,727,57.49656121045392,298,1473,nan,nan,0.0,0,0,0,0,,,,,,,,,,,,,,,
primary_challenge,C4,4035,2107,2103,87.625,99.81015662078785,0.39150191930295053,4.305023097456675,0.006812854056468282,6.913580246913575,0.0,93.08641975308643,0.3298236746263242,0.0,0,14730.0,27.99999999999968,4.578194444444459,30.56347713452325,24.44522834333921,6.11824879118407,79.98183006385383,26.943408194387242,24.44522834333921,0.0,42.449273797949,2.0,4,0.0,727,47.59284731774415,298,1473,nan,nan,0.0,0,0,0,0,,,,,,,,,,,,,,,
primary_challenge,C5,4035,2107,2103,87.625,99.81015662078785,0.39150191930295053,4.305023097456675,0.006812854056468282,6.913580246913575,0.0,93.08641975308643,0.3298236746263243,4.7369515717340015e-17,0,14730.0,27.999999999999677,4.578194444444458,30.56347713452325,24.46282776676328,6.100649367759989,80.03941324834102,22.422897725425344,24.46282776676328,0.0,42.44927379794899,2.0,4,2.3684757858670006e-16,727,32.18707015130674,298,1473,nan,nan,4.6401376778958365,1473,0,0,0,0.0031501274120134667,0.0017218749853782356,0.008444716571830213,0.01170345803257078,28.105906313645622,141.55193482688392,28.105906313645622,0.0,23.175152749490834,0,0,0,0.0,67.05595270260606,21.892557180484964
primary_challenge,C1,4039,2189,2182,90.91666666666667,99.68021927820922,18.882172006947673,202.14178170141665,16.17180592077893,61.935483870967744,48.66589327146171,38.064516129032256,0.2876035470935192,73.21542059752899,0,150.0,26.111999999999902,4.549583333333326,37.562723046333076,30.13697373493931,7.425749311393763,80.23106764055893,29.646666666666576,0.0,30.13697373493931,52.1704486754626,0,0,366.077102987645,0,0,0,15,0.3,0.7,0.0,0,0,0,0,,,,,,,,,,,,,,,
primary_challenge,C2,4039,2189,2162,90.08333333333333,98.76656007309273,2.2978113270391827,153.3353975153385,1.1507356467430352,32.043010752688176,9.744779582366592,67.95698924731182,0.2740483797198694,17.237479423951832,0,10280.0,28.13799999999979,4.690277777777782,42.442583300847005,33.92686608718182,8.515717213665196,79.93591211613351,19.60867465015922,16.36288591579201,17.56398017138981,58.94803236228752,2.0,4,86.18739711975917,473,24.947145877378436,222,1028,nan,nan,0.0,0,8,0,0,,,,,,,,,,,,,,,
primary_challenge,C3,4039,2189,2167,90.29166666666667,98.99497487437185,1.6781886875077499,418.6431830648149,1.1758059729745889,14.83870967741936,1.044083526682138,85.16129032258064,0.25444302681985054,162.3510464734263,0,14030.0,28.887999999999703,4.742361111111123,49.500510344853794,39.42958484605058,10.070925498803236,79.65490571987564,19.648986609024334,21.873448345079854,17.55613650097073,68.75070881229698,2.0,4,811.7552323671315,633,54.18641390205371,309,1403,nan,nan,0.0,0,5,0,0,,,,,,,,,,,,,,,
primary_challenge,C4,4039,2189,2156,89.83333333333333,98.49246231155779,2.059732793028848,412.6470191863145,1.4974841381485429,15.698924731182796,2.3201856148491906,84.3010752688172,0.2552498957802151,156.11780496049317,0,13950.0,28.87199999999971,4.7412500000000115,49.21003751912251,39.29891817938393,9.911119339738612,79.8595574411273,19.758474127190173,21.762179619679884,17.53673855970404,68.34727433211464,2.0,4,780.5890248024659,632,50.31645569620253,308,1395,nan,nan,0.0,0,7,0,0,,,,,,,,,,,,,,,
primary_challenge,C5,4039,2189,2084,86.83333333333333,95.20328917313842,6.922594976533032,357.16526861929475,6.106531744047117,19.569892473118276,8.236658932714613,80.43010752688173,0.2603348869703803,125.42836975782237,0,13020.0,28.68599999999973,4.728333333333344,47.37944069066306,37.859779290495005,9.519661400168099,79.90761127316543,19.78740777182104,20.326204553152277,17.533574737342725,65.80477873703208,2.0,4,627.1418487891118,589,35.653650254668925,282,1302,nan,nan,4.0690866117947735,1297,5,0,0,0.003137306562679085,0.0016060000052675605,0.00839938318822533,0.01812845899257809,26.472629144178875,134.80339244410177,26.472629144178875,0.0,22.856592135697763,0,0,0,0.0,142.34181945040393,50.72390869675626
primary_challenge,C1,4040,2196,2184,91.0,99.4535519125683,4.82031598093852,94.98647429817096,2.3765043361123803,53.58744394618834,38.0,46.41255605381166,0.2853874259502519,23.49984537424344,0,150.0,26.5659999999999,4.589861111111107,37.66052665790929,30.116493498689955,7.544033159219329,79.96832803814503,29.63248622450824,0.0,30.116493498689955,52.306287024873996,0,0,117.49922687121719,0,0,0,15,0.3,0.7,0.0,0,0,0,0,,,,,,,,,,,,,,,
primary_challenge,C2,4040,2196,2147,89.45833333333333,97.76867030965391,7.641734520266617,169.91721862228613,5.889504109885428,40.5829596412556,25.657142857142855,59.4170403587444,0.2776226795956057,24.617619277368117,0,9070.0,28.349999999999817,4.713750000000003,40.45583534558196,32.295948617563,8.15988672801898,79.83013659632647,19.659478245344907,14.752148795931465,17.543799821631527,56.188660202197184,2.0,4,123.08809638684058,429,18.88111888111888,185,907,nan,nan,0.0,0,8,0,0,,,,,,,,,,,,,,,
primary_challenge,C3,4040,2196,1943,80.95833333333333,88.47905282331512,26.09035893226951,435.6941237977953,24.912014187419338,24.88789237668162,15.37142857142857,75.11210762331838,0.26348826079522475,167.75342579214325,0,11790.0,28.89399999999976,4.751527777777787,45.54422611371906,36.36379905424563,9.180427059473464,79.8428300514957,19.77657955525837,18.823829322098547,17.539969732147085,63.25586960238763,2.0,4,838.7671289607163,552,54.528985507246375,242,1179,nan,nan,0.0,0,5,0,0,,,,,,,,,,,,,,,
primary_challenge,C4,4040,2196,1960,81.66666666666667,89.25318761384335,23.31347842309494,408.6617265675792,22.106275052355052,25.336322869955154,16.400000000000002,74.66367713004485,0.2642791571753432,144.46380259169277,0,11730.0,28.881999999999763,4.750694444444454,45.25950341687643,36.30657683202341,8.952926584853039,80.21868136203493,19.64658756046023,18.758032219724075,17.54854461229933,62.86042141232839,2.0,4,722.3190129584638,552,48.369565217391305,241,1173,nan,nan,0.0,0,5,0,0,,,,,,,,,,,,,,,
primary_challenge,C5,4040,2196,2079,86.625,94.67213114754098,13.497829419612188,224.14709988817123,11.770800544285853,37.4439461883408,28.45714285714286,62.5560538116592,0.27333632011463854,51.93071579717694,0,10140.0,28.563999999999794,4.728611111111117,41.99892475873011,33.555049054245615,8.443875704484515,79.89501932968103,19.77279676937548,16.017845655053364,17.537203399192247,58.33183994268073,2.0,4,259.6535789858847,468,24.358974358974358,208,1014,nan,nan,2.6133459619013593,1009,5,0,0,0.0025900356411311786,0.001480832986999303,0.007966808590572326,0.011632625013589859,27.59167492566898,139.68582755203172,27.59167492566898,0.0,23.617443012884042,0,0,0,0.0,28.66056771945571,11.26183077554564
primary_challenge,C1,4038,2157,2149,89.54166666666667,99.62911451089475,8.647404529244419,153.94253004625043,6.514840016120727,49.1442542787286,34.49656750572082,50.8557457212714,0.29613504755541686,34.4841776995215,0,150.0,25.8539999999999,4.49166666666666,37.69138288004994,30.161098956678284,7.530283923371652,80.02120551709065,29.63382568021233,0.0,30.161098956678284,52.34914288895824,0,0,172.4208884976075,0,0,0,15,0.3,0.7,0.0,0,0,0,0,,,,,,,,,,,,,,,
primary_challenge,C2,4038,2157,2150,89.58333333333333,99.67547519703291,12.923776949665674,247.85648259017458,11.081140603381975,38.38630806845966,30.434782608695656,61.61369193154034,0.29581908441336513,81.98918737545851,0,8490.0,27.52199999999981,4.6075000000000035,37.805129611188555,30.214989112921014,7.59014049826755,79.92298776295898,19.87244942860225,12.694498829665964,17.52049028325505,52.50712445998411,2.0,4,409.9459368772926,353,23.229461756373937,189,849,nan,nan,0.0,0,5,0,0,,,,,,,,,,,,,,,
primary_challenge,C3,4038,2157,2024,84.33333333333333,93.83402874362541,10.481200290601944,434.9806594716921,9.79268994035895,16.625916870415647,6.235697940503437,83.37408312958435,0.2643637610416941,168.6472632791742,0,13610.0,28.545999999999704,4.678611111111126,49.12904602499009,39.14015451223404,9.988891512756084,79.66805317637335,19.680654666285278,21.588901106651956,17.55125340558208,68.2347861458196,2.0,4,843.2363163958711,621,55.23349436392915,291,1361,nan,nan,0.0,0,5,0,0,,,,,,,,,,,,,,,
primary_challenge,C4,4038,2157,2032,84.66666666666667,94.20491423273064,9.359943852553977,406.9568512612476,8.615264249540525,17.603911980440103,7.78032036613272,82.3960880195599,0.26518875482646864,144.33870774079915,0,13610.0,28.5459999999997,4.678611111111124,48.83204826247127,39.11626562334512,9.715782639126164,80.10367579319218,19.59485762913726,21.557943346313223,17.5583222770319,67.82228925343234,2.0,4,721.6935387039957,621,47.34299516908212,291,1361,nan,nan,0.0,0,5,0,0,,,,,,,,,,,,,,,
primary_challenge,C5,4038,2157,2024,84.33333333333333,93.83402874362541,10.422882916292739,425.7221499690999,9.726054165649794,16.870415647921753,6.3501144164759715,83.12958435207824,0.2653859057471576,163.55375985320055,0,13610.0,28.545999999999697,4.678611111111125,48.761073931023255,39.122682290011795,9.638391641011491,80.23343034928682,19.712097759815443,21.58378723709926,17.538895052912537,67.7237137930879,2.0,4,817.7687992660028,621,44.28341384863124,291,1361,nan,nan,6.944113916542847,1356,5,0,0,0.005121027962052247,0.006094729498727247,0.009869145214906894,0.02174387499690056,26.8141592920354,136.2109144542773,26.8141592920354,0.0,23.134955752212388,0,0,0,0.0,473.65873910813764,149.75893573479462
primary_challenge,C1,4041,2175,2172,90.5,99.86206896551724,11.711248043277614,176.43244736360649,9.379947444345664,53.828828828828826,35.35528596187175,46.171171171171174,0.29135417240796,44.37923391448644,0,150.0,26.019999999999897,4.525694444444439,37.61249793313438,30.147569735224664,7.46492819790971,80.15306451812775,29.696666666666577,0.0,30.147569735224664,52.23958046268663,0,0,221.89616957243223,0,0,0,15,0.3,0.7,0.0,0,0,0,0,,,,,,,,,,,,,,,
primary_challenge,C2,4041,2175,2169,90.375,99.72413793103449,17.35423254761804,259.98809326328677,15.256709645972423,45.945945945945944,35.75967648757944,54.054054054054056,0.2903331181539167,65.51884205058936,0,7970.0,27.58399999999981,4.634305555555558,37.98007746458998,30.325625290780312,7.654452173809683,79.84613859477734,19.650727605272607,12.779653708833788,17.545971581946525,52.75010758970833,2.0,4,327.59421025294677,387,35.65891472868217,196,797,nan,nan,0.0,0,5,0,0,,,,,,,,,,,,,,,
primary_challenge,C3,4041,2175,2068,86.16666666666667,95.08045977011494,7.637325202499333,423.5488711787133,6.905787835523866,16.8918918918919,4.968226458694391,83.1081081081081,0.26303978686466334,163.65141759226697,0,12860.0,28.561999999999706,4.702222222222236,47.805676728721195,38.33351417966924,9.472162549051994,80.1861134550969,19.56189200621521,20.77534775245853,17.55816642721071,66.39677323433503,2.0,4,818.2570879613347,615,50.56910569105691,291,1286,nan,nan,0.0,0,6,0,0,,,,,,,,,,,,,,,
primary_challenge,C4,4041,2175,1977,82.375,90.89655172413794,21.99276728770916,376.5493731737025,20.658617767279694,32.432432432432435,17.850953206239172,67.56756756756756,0.2774097099565115,132.02690748108154,0,10350.0,28.059999999999754,4.667361111111119,42.63250441565582,34.07348640189147,8.559018013764378,79.92372690490768,19.708342148661302,16.52265645431463,17.550829947576833,59.21181168841089,2.0,4,660.1345374054076,503,48.70775347912525,242,1035,nan,nan,0.0,0,5,0,0,,,,,,,,,,,,,,,
primary_challenge,C5,4041,2175,2045,85.20833333333333,94.02298850574712,10.072447440528467,412.9049990931931,9.251881500490004,19.819819819819816,6.874638937030619,80.18018018018019,0.2648450660737789,152.3783208486843,0,12410.0,28.47199999999972,4.6959722222222355,47.15577621343956,37.679458624113664,9.476317589325928,79.90422732851736,19.708450205865834,20.136531555441746,17.54292706867192,65.49413362977721,2.0,4,761.8916042434214,600,44.83333333333333,281,1241,nan,nan,5.475577168748714,1235,6,0,0,0.00443366572368317,0.004030125041026622,0.00931357933441177,0.019767792022321373,27.60728744939271,139.69230769230768,27.60728744939271,0.0,23.363562753036437,0,0,0,0.0,508.73997101581335,157.00081165308342
primary_challenge,C1,4042,2219,2211,92.125,99.63947724200091,8.93322411786919,110.97346283051168,6.682221107569893,51.8957345971564,30.82915971062883,48.1042654028436,0.2780525456977788,31.04968418093448,0,150.0,26.971999999999895,4.6468055555555505,38.00108354879963,30.149197015911476,7.8518865328881535,79.33772987603092,29.661111111111072,0.0,30.149197015911476,52.77928270666615,0,0,155.2484209046724,0,0,0,15,0.3,0.7,0.0,0,0,0,0,,,,,,,,,,,,,,,
primary_challenge,C2,4042,2219,2211,92.125,99.63947724200091,6.964398156218703,196.7100218130233,5.335049651491469,36.492890995260666,24.207011686143577,63.507109004739334,0.27495535692192385,26.286688949202265,0,9020.0,28.745999999999796,4.770000000000005,39.11607150810741,31.36119809410408,7.754873414003335,80.17471306545696,19.641693416268147,13.81023162050801,17.550966473596073,54.32787709459363,2.0,4,131.43344474601133,393,26.463104325699742,211,902,nan,nan,0.0,0,9,0,0,,,,,,,,,,,,,,,
primary_challenge,C3,4042,2219,1915,79.79166666666667,86.30013519603425,44.041258771481715,424.1127812378756,42.50679924653831,31.99052132701422,25.82081246521981,68.00947867298578,0.26712307896032284,161.25353298629625,0,10680.0,29.07799999999976,4.793055555555564,41.93569157428374,33.49003034924493,8.445661225038826,79.86044605922764,19.62495521654918,15.938990161693088,17.551040187551845,58.2440160753941,2.0,4,806.2676649314812,434,52.995391705069125,253,1068,nan,nan,0.0,0,5,0,0,,,,,,,,,,,,,,,
primary_challenge,C4,4042,2219,1979,82.45833333333333,89.18431726002703,38.11519425348842,385.0187214703424,36.44306855671429,36.729857819905206,27.879799666110184,63.270142180094794,0.2707276912181655,132.9120104196923,0,9930.0,28.927999999999773,4.782638888888894,40.63803116146042,32.581058127022715,8.05697303443771,80.17381058047263,19.67158476624274,15.024818461359661,17.556239665663053,56.44170994647282,2.0,4,664.5600520984615,415,41.68674698795181,233,993,nan,nan,0.0,0,5,0,0,,,,,,,,,,,,,,,
primary_challenge,C5,4042,2219,1934,80.58333333333333,87.1563767462821,43.05890807222328,409.45042113661015,41.43526030177151,35.308056872037916,27.768503060656645,64.69194312796208,0.2691873999784874,152.50763559166757,0,10280.0,28.99799999999977,4.787500000000008,41.19253600774456,33.03189146035603,8.160644547388536,80.18902126867292,19.690944809754864,15.48518198639825,17.54670947395778,57.211855566311876,2.0,4,762.5381779583379,424,29.71698113207547,244,1028,nan,nan,3.8453837406705134,1022,6,0,0,0.0037626063998733006,0.0018892085063271224,0.00869278299214784,0.016377874999307096,25.15655577299413,128.8972602739726,25.15655577299413,0.0,22.149706457925635,0,0,0,0.0,195.23389934384656,67.09510993599915
primary_challenge,C1,4043,2100,2088,87.0,99.42857142857143,10.724936900533272,168.2514887926503,8.517092372297764,52.58215962441315,34.16965352449224,47.417840375586856,0.31950351426865364,54.09203419389527,0,140.0,25.093999999999898,4.367638888888884,34.97873486328467,28.127497409828877,6.851237453455794,80.41313535142412,29.646666666666622,0.0,28.127497409828877,48.58157619900648,0,0,270.46017096947634,0,0,0,14,0.3,0.7,0.0,0,0,0,0,,,,,,,,,,,,,,,
primary_challenge,C2,4043,2100,2097,87.375,99.85714285714286,0.9805199516056325,138.66866633562847,0.24549728279246677,20.657276995305164,0.4778972520907976,79.34272300469483,0.3073075187152065,10.30154829660074,0,10770.0,27.219999999999768,4.515277777777785,39.369293262525645,31.398813853113573,7.970479409412091,79.75457838101728,19.771106044970814,17.369276509611346,14.029537343502225,54.67957397573009,2.0,4,51.5077414830037,518,33.204633204633204,232,1077,nan,nan,0.0,0,5,0,0,,,,,,,,,,,,,,,
primary_challenge,C3,4043,2100,2097,87.375,99.85714285714286,0.44127170083354383,6.1712238776683686,0.02176958046176497,9.154929577464788,0.2389486260453988,90.84507042253522,0.3307582311915943,0.0,0,14990.0,28.063999999999673,4.573888888888904,30.92703677102601,24.74289693372082,6.184139837305221,80.00409841042774,30.080362657374778,24.74289693372082,0.0,42.95421773753617,2.0,4,0.0,740,55.81081081081081,320,1499,nan,nan,0.0,0,0,0,0,,,,,,,,,,,,,,,
primary_challenge,C4,4043,2100,2097,87.375,99.85714285714286,0.44127170083354383,6.1712238776683686,0.02176958046176497,9.154929577464788,0.2389486260453988,90.84507042253522,0.3307582311915943,0.0,0,14990.0,28.063999999999673,4.573888888888904,30.927036771026003,24.7458929345176,6.181143836508439,80.01378572971075,29.248721268226706,24.7458929345176,0.0,42.95421773753617,2.0,4,0.0,740,49.45945945945946,320,1499,nan,nan,0.0,0,0,0,0,,,,,,,,,,,,,,,
primary_challenge,C5,4043,2100,2097,87.375,99.85714285714286,0.44127170083354383,6.1712238776683686,0.02176958046176497,9.154929577464788,0.2389486260453988,90.84507042253522,0.3307582311915943,0.0,0,14990.0,28.063999999999673,4.573888888888904,30.927036771026007,24.75134966155406,6.175687109471995,80.03142960253587,25.274277840323528,24.75134966155406,0.0,42.95421773753617,2.0,4,0.0,740,41.486486486486484,320,1499,nan,nan,3.856880673323758,1499,0,0,0,0.0025729690949458026,0.0015334170311689377,0.007444066315656527,0.029535125009715557,27.938625750500332,140.88525683789192,27.938625750500332,0.0,23.384923282188126,0,0,0,0.0,11.740955755369543,4.038413186504173
primary_challenge,C1,4044,2049,2042,85.08333333333333,99.65836993655441,2.062705286731468,85.95786286439397,0.8516284703818389,31.099195710455763,11.455847255369934,68.90080428954424,0.34708327086812385,17.406060208049762,0,120.0,24.435999999999904,4.25819444444444,30.150022487475404,24.09834681665491,6.051675670820497,79.92812219846796,29.636111111111052,0.0,24.09834681665491,41.87503123260473,0,0,87.0303010402488,0,0,0,12,0.3,0.7,0.0,0,0,0,0,,,,,,,,,,,,,,,
primary_challenge,C2,4044,2049,2042,85.08333333333333,99.65836993655441,0.37894798535957724,3.7577428890079316,0.010759445969653824,10.45576407506702,0.0,89.54423592493298,0.3411627437705251,0.0,0,15110.0,27.433999999999696,4.466388888888905,32.28141224261092,25.832230393539394,6.449181849071572,80.02199593808751,29.462703052818707,25.832230393539394,0.0,44.83529478140411,2.0,4,0.0,806,21.83622828784119,299,1511,nan,nan,0.0,0,0,0,0,,,,,,,,,,,,,,,
primary_challenge,C3,4044,2049,2042,85.08333333333333,99.65836993655441,0.37894798535957724,3.7577428890079316,0.010759445969653824,10.45576407506702,0.0,89.54423592493298,0.3410760879696049,0.0,0,15110.0,27.4339999999997,4.466388888888904,32.31260833094218,25.86407766064769,6.448530670294526,80.0432988750108,40.62961836258232,25.86407766064769,0.0,44.87862268186419,2.0,4,0.0,808,56.06435643564357,299,1511,nan,nan,0.0,0,0,0,0,,,,,,,,,,,,,,,
primary_challenge,C4,4044,2049,2042,85.08333333333333,99.65836993655441,0.37894798535957724,3.7577428890079316,0.010759445969653824,10.45576407506702,0.0,89.54423592493298,0.341076087969605,0.0,0,15110.0,27.433999999999696,4.466388888888904,32.31260833094218,25.859382594518625,6.453225736423596,80.02876873841217,35.7360953068292,25.859382594518625,0.0,44.87862268186419,2.0,4,0.0,808,50.61881188118812,299,1511,nan,nan,0.0,0,0,0,0,,,,,,,,,,,,,,,
primary_challenge,C5,4044,2049,2042,85.08333333333333,99.65836993655441,0.37894798535957724,3.7577428890079316,0.010759445969653824,10.45576407506702,0.0,89.54423592493298,0.341076087969605,0.0,0,15110.0,27.4339999999997,4.466388888888905,32.31260833094219,25.839385799002148,6.473222531940077,79.9668833117958,27.387347438859557,25.839385799002148,0.0,44.87862268186419,2.0,4,0.0,808,26.60891089108911,299,1511,nan,nan,3.7027158636483364,1511,0,0,0,0.0024505068588010167,0.0016380409942939878,0.007275833515450358,0.043799208011478186,29.086697551290538,145.7491727332892,29.086697551290538,0.0,23.57776307081403,0,0,0,0.0,6.9928810312234,2.11523718159843
primary_challenge,C1,4047,2243,2216,92.33333333333333,98.7962550156041,5.500859449608624,107.22871824508347,3.2065990456268527,57.082452431289646,31.751412429378533,42.917547568710354,0.2715331769823128,18.73101658503828,0,150.0,26.885999999999896,4.670833333333328,37.948056286367404,30.184622552600693,7.763433733766705,79.5419462984309,29.59333333333322,0.0,30.184622552600693,52.70563373106584,0,0,93.65508292519141,0,0,0,15,0.3,0.7,0.0,0,0,0,0,,,,,,,,,,,,,,,
primary_challenge,C2,4047,2243,2155,89.79166666666667,96.07668301382077,13.192026817082116,213.8020521444117,11.228565119732894,42.7061310782241,31.242937853107343,57.2938689217759,0.26605310877753874,42.667610951761326,0,9420.0,28.739999999999796,4.799583333333336,39.92088084008608,31.86100091520047,8.059879924885616,79.81036551480003,19.690118906989248,14.301846504246814,17.559154410953653,55.44566783345288,2.0,4,213.33805475880666,460,31.73913043478261,228,942,nan,nan,0.0,0,5,0,0,,,,,,,,,,,,,,,
primary_challenge,C3,4047,2243,1941,80.875,86.53588943379403,32.84448786965095,426.0937252070367,31.59720535034776,28.32980972515856,17.344632768361578,71.67019027484145,0.2523176078908914,165.2173118098825,0,11990.0,29.253999999999742,4.83527777777779,44.86566115927906,35.829539219267495,9.036121940011574,79.85960374476122,19.677687907110965,18.291796326506,17.5377428927615,62.31341827677649,2.0,4,826.0865590494124,576,52.43055555555556,287,1199,nan,nan,0.0,0,5,0,0,,,,,,,,,,,,,,,
primary_challenge,C4,4047,2243,1943,80.95833333333333,86.62505572893447,32.3469745090449,423.5165497659286,31.121730005017106,28.1183932346723,16.779661016949156,71.8816067653277,0.2523938801534354,165.85056367399127,0,12080.0,29.27199999999974,4.836527777777789,44.83820314476325,35.961455885934164,8.876747258829099,80.2027141226648,19.732458200688875,18.421674015603024,17.539781870331144,62.27528214550452,2.0,4,829.2528183699563,579,46.45941278065631,289,1208,nan,nan,0.0,0,8,0,0,,,,,,,,,,,,,,,
primary_challenge,C5,4047,2243,2186,91.08333333333333,97.45876058849755,13.514917324241255,225.60526267086328,11.501146152738249,44.608879492600416,33.954802259887,55.391120507399584,0.27044157254616136,40.82923336373385,0,8720.0,28.59999999999981,4.7898611111111125,38.34103388338194,30.756455885934106,7.584577997447845,80.21811821632906,19.75506154259895,13.219339496732195,17.53711638920191,53.25143594914158,2.0,4,204.14616681866926,427,33.957845433255265,215,872,nan,nan,2.4845974071649835,867,5,0,0,0.002865740954054191,0.0019654579809866846,0.009125053626485169,0.016588916012551636,27.785467128027683,140.75778546712803,27.785467128027683,0.0,23.807381776239907,0,0,0,0.0,12.187223533872363,4.736900655146782
primary_challenge,C1,4045,2124,2121,88.375,99.85875706214689,11.649686576620331,189.65940994268914,9.710662830746262,45.011600928074245,28.292971057294746,54.988399071925755,0.3197364737476662,63.00503587356676,0,130.0,25.757999999999896,4.443749999999997,32.49486945084016,26.102606277350443,6.392263173489717,80.32839250774572,29.728888888888726,0.0,26.102606277350443,45.13176312616688,0,0,315.0251793678338,0,0,0,13,0.3,0.7,0.0,0,0,0,0,,,,,,,,,,,,,,,
primary_challenge,C2,4045,2124,2114,88.08333333333333,99.5291902071563,2.228817937034503,149.54920018963432,1.0686990688505624,25.986078886310903,11.577082102776137,74.0139211136891,0.3007313260068693,21.992801284321224,0,10720.0,27.875999999999767,4.590833333333344,39.336722637527046,31.539054457452657,7.79766818007441,80.17712799328267,19.720885646223067,17.504220770022467,14.034833687430188,54.63433699656537,2.0,4,109.96400642160613,499,19.639278557114228,241,1072,nan,nan,0.0,0,5,0,0,,,,,,,,,,,,,,,
primary_challenge,C3,4045,2124,2121,88.375,99.85875706214689,0.5041456482034102,4.9829490192757175,0.020126367948192874,12.296983758700698,0.0,87.70301624129931,0.3294970046999667,0.0,0,14090.0,28.54999999999969,4.637638888888907,28.981078308011966,23.205161535485832,5.77591677252616,80.07004186959685,25.161449979471907,23.205161535485832,0.0,40.25149765001665,2.0,4,0.0,658,58.35866261398176,311,1409,nan,nan,0.0,0,0,0,0,,,,,,,,,,,,,,,
primary_challenge,C4,4045,2124,2121,88.375,99.85875706214689,0.5041456482034102,4.9829490192757175,0.020126367948192874,12.296983758700698,0.0,87.70301624129931,0.3294970046999667,0.0,0,14090.0,28.54999999999969,4.637638888888907,28.981078308011966,23.198299259394283,5.782779048617711,80.04636339904921,22.685633544003874,23.198299259394283,0.0,40.25149765001665,2.0,4,0.0,658,53.951367781155014,311,1409,nan,nan,0.0,0,0,0,0,,,,,,,,,,,,,,,
primary_challenge,C5,4045,2124,2092,87.16666666666667,98.49340866290018,1.4358107394585335,238.69815336988225,0.7275526727150102,15.545243619489558,4.370939161252219,84.45475638051045,0.2998146988586636,43.07446442833748,0,13000.0,28.331999999999717,4.6225000000000165,39.66670841088106,31.795686865126815,7.87102154575427,80.15710942228036,19.69555594325496,21.260449361040745,10.535237504086073,55.092650570668155,2.0,4,215.37232214168736,600,33.33333333333333,292,1300,nan,nan,4.4607841882971115,1297,3,0,0,0.0034393093201982358,0.0017484579584561288,0.010288024600595237,0.052249709027819335,27.825751734772552,140.38010794140322,27.825751734772552,0.0,22.82729375481881,0,0,0,0.0,166.93377676267949,57.620625184727146
primary_challenge,C1,4046,2090,2079,86.625,99.47368421052632,1.552344448451322,98.64877321860088,0.4965104334710177,23.414634146341463,6.904761904761902,76.58536585365854,0.3286120597327299,17.63748812706127,0,130.0,25.053999999999895,4.352361111111106,32.69965849621724,26.1400482483075,6.559610247909747,79.93982032360195,29.682222222222116,0.0,26.1400482483075,45.41619235585729,0,0,88.18744063530636,0,0,0,13,0.3,0.7,0.0,0,0,0,0,,,,,,,,,,,,,,,
primary_challenge,C2,4046,2090,2087,86.95833333333333,99.85645933014354,0.42242312108303093,5.189535545265729,0.015417020743862624,9.999999999999998,0.0,90.0,0.3329420260566727,0.0,0,15180.0,28.06399999999969,4.561388888888905,31.140870619597813,24.900825621552514,6.2400449980453345,79.96188008270306,22.556109076726784,24.900825621552514,0.0,43.251209193885906,2.0,4,0.0,731,28.317373461012313,333,1518,nan,nan,0.0,0,0,0,0,,,,,,,,,,,,,,,
primary_challenge,C3,4046,2090,2087,86.95833333333333,99.85645933014354,0.42242312108303093,5.189535545265729,0.015417020743862624,9.999999999999998,0.0,90.0,0.33294202605667267,0.0,0,15180.0,28.06399999999969,4.561388888888905,31.14087061959782,24.902376144636357,6.238494474961505,79.96685914415184,37.45252154343496,24.902376144636357,0.0,43.251209193885906,2.0,4,0.0,731,54.309165526675784,333,1518,nan,nan,0.0,0,0,0,0,,,,,,,,,,,,,,,
primary_challenge,C4,4046,2090,2087,86.95833333333333,99.85645933014354,0.42242312108303093,5.189535545265729,0.015417020743862624,9.999999999999998,0.0,90.0,0.3329420260566726,0.0,0,15180.0,28.06399999999969,4.561388888888905,31.140870619597813,24.89376062733064,6.247109992267223,79.93919287428113,37.11335490709647,24.89376062733064,0.0,43.251209193885906,2.0,4,0.0,731,48.15321477428181,333,1518,nan,nan,0.0,0,0,0,0,,,,,,,,,,,,,,,
primary_challenge,C5,4046,2090,2087,86.95833333333333,99.85645933014354,0.42242312108303093,5.189535545265729,0.015417020743862624,9.999999999999998,0.0,90.0,0.33294202605667256,0.0,0,15180.0,28.063999999999687,4.561388888888905,31.140870619597816,24.887181236271147,6.253689383326707,79.91806504153725,23.492552934742637,24.887181236271147,0.0,43.251209193885906,2.0,4,0.0,731,30.506155950752394,333,1518,nan,nan,3.9882080562529154,1518,0,0,0,0.0026272780344222106,0.001804874511435628,0.007815975000266914,0.03176854201592505,27.64822134387352,139.59683794466403,27.64822134387352,0.0,23.133069828722004,0,0,0,0.0,6.859919949179162,2.0269656349142897
primary_challenge,C1,4048,2096,2085,86.875,99.47519083969466,5.885488266739574,158.77118105535635,4.255031716443023,38.46153846153846,20.374848851269643,61.53846153846154,0.32014493741412786,47.028996549139734,0,140.0,24.947999999999915,4.352499999999995,35.147822530914,28.145134344025216,7.0026881868887765,80.0764665272518,29.686111111111003,0.0,28.145134344025216,48.816420181824995,0,0,235.14498274569868,0,0,0,14,0.3,0.7,0.0,0,0,0,0,,,,,,,,,,,,,,,
primary_challenge,C2,4048,2096,2056,85.66666666666667,98.09160305343512,2.4494524645727918,170.03306339540697,1.5441392736845159,19.683257918552034,10.519951632406288,80.31674208144797,0.29771721758875447,41.79461980262878,0,12760.0,27.471999999999742,4.527777777777789,43.221801668048364,34.678469390204775,8.543332277843616,80.23374327739042,19.877197841420656,20.661347886334823,14.017121503869948,60.03028009451167,2.0,4,208.9730990131439,639,24.726134585289515,291,1276,nan,nan,0.0,0,4,0,0,,,,,,,,,,,,,,,
primary_challenge,C3,4048,2096,2092,87.16666666666667,99.80916030534351,0.33957841032531305,3.5434555179297,0.005758737122302002,4.977375565610864,0.0,95.02262443438913,0.33196038030940733,0.0,0,15150.0,27.949999999999694,4.560972222222238,30.89426308861334,24.72761004017636,6.16665304843701,80.03948813813975,28.619712329256497,24.72761004017636,0.0,42.908698734185236,2.0,4,0.0,758,54.089709762532976,340,1515,nan,nan,0.0,0,0,0,0,,,,,,,,,,,,,,,
primary_challenge,C4,4048,2096,2092,87.16666666666667,99.80916030534351,0.33957841032531305,3.5434555179297,0.005758737122302002,4.977375565610864,0.0,95.02262443438913,0.33196038030940733,0.0,0,15150.0,27.949999999999694,4.560972222222239,30.894263088613336,24.715254140430815,6.179008948182552,79.99949398223416,27.783613414475074,24.715254140430815,0.0,42.908698734185236,2.0,4,0.0,758,51.05540897097626,340,1515,nan,nan,0.0,0,0,0,0,,,,,,,,,,,,,,,
primary_challenge,C5,4048,2096,2092,87.16666666666667,99.80916030534351,0.33957841032531305,3.5434555179297,0.005758737122302002,4.977375565610864,0.0,95.02262443438913,0.33196038030940733,0.0,0,15150.0,27.949999999999694,4.560972222222239,30.894263088613336,24.724917477694163,6.169345610919212,80.0307727255906,24.644392230899847,24.724917477694163,0.0,42.908698734185236,2.0,4,0.0,758,37.73087071240106,340,1515,nan,nan,4.957078104722314,1515,0,0,0,0.003271998748991626,0.001961458008736372,0.009009762498317286,0.08336995902936906,28.18811881188119,142.2019801980198,28.18811881188119,0.0,23.766336633663368,0,0,0,0.0,47.42435141611582,16.92542829648202
primary_challenge,C1,4050,2134,2124,88.5,99.53139643861293,3.3771531429916073,77.62346716658443,1.657910598834009,42.11711711711712,22.36686390532544,57.88288288288288,0.3168005091610673,12.414338818534866,0,130.0,25.66599999999991,4.449861111111109,32.55181670201577,26.098186960570764,6.4536297414450035,80.17428704356962,29.734572640793566,0.0,26.098186960570764,45.21085653057745,0,0,62.07169409267432,0,0,0,13,0.3,0.7,0.0,0,0,0,0,,,,,,,,,,,,,,,
primary_challenge,C2,4050,2134,2060,85.83333333333333,96.53233364573572,3.969637262536019,228.95026477497643,3.146945466709229,19.369369369369373,9.171597633136097,80.63063063063063,0.2855507508700221,58.046475851734186,0,13010.0,28.241999999999745,4.6287500000000135,43.80172968679204,35.00825208089127,8.793477605900788,79.9243599082062,19.83230576735553,20.98923116835635,14.019020912534915,60.835735676100064,2.0,4,290.23237925867096,656,25.914634146341463,307,1301,nan,nan,0.0,0,4,0,0,,,,,,,,,,,,,,,
primary_challenge,C3,4050,2134,2130,88.75,99.81255857544518,0.4185376377216137,4.4419616802635575,0.016800030519714952,9.459459459459463,0.0,90.54054054054053,0.32507634429921045,0.0,0,14650.0,28.56999999999971,4.651527777777795,29.572516052284247,23.678013360997962,5.894502691286329,80.06763211873891,26.923890398324644,23.678013360997962,0.0,41.072938961505926,2.0,4,0.0,742,53.36927223719676,353,1465,nan,nan,0.0,0,0,0,0,,,,,,,,,,,,,,,
primary_challenge,C4,4050,2134,2130,88.75,99.81255857544518,0.4185376377216137,4.4419616802635575,0.016800030519714952,9.459459459459463,0.0,90.54054054054053,0.32507634429921034,0.0,0,14650.0,28.56999999999971,4.651527777777794,29.572516052284247,23.686503884681137,5.886012167603124,80.09634297874204,22.109833976016652,23.686503884681137,0.0,41.072938961505926,2.0,4,0.0,742,48.113207547169814,353,1465,nan,nan,0.0,0,0,0,0,,,,,,,,,,,,,,,
primary_challenge,C5,4050,2134,2130,88.75,99.81255857544518,0.4185376377216137,4.4419616802635575,0.016800030519714952,9.459459459459463,0.0,90.54054054054053,0.32507634429921034,0.0,0,14650.0,28.569999999999705,4.651527777777794,29.572516052284247,23.669348890589053,5.903167161695221,80.03833305472423,21.02671576242468,23.669348890589053,0.0,41.072938961505926,2.0,4,0.0,742,25.60646900269542,353,1465,nan,nan,4.244490855780896,1465,0,0,0,0.002897263382785594,0.0016334170359186828,0.007955874607432634,0.06582504202378914,27.839590443686006,140.60955631399318,27.839590443686006,0.0,23.40136518771331,0,0,0,0.0,135.49246280734903,40.968743032385255
primary_challenge,C1,4049,2160,2138,89.08333333333333,98.98148148148148,2.1080127138145714,63.73471784894257,0.7229549215237089,41.19047619047619,10.40229885057471,58.80952380952381,0.30298299398177175,6.636739147076744,0,140.0,25.911999999999892,4.499444444444439,34.926122166562195,28.127702294912368,6.798419871649829,80.53485629115006,29.657777777777696,0.0,28.127702294912368,48.508503009114165,0,0,33.18369573538372,0,0,0,14,0.3,0.7,0.0,0,0,0,0,,,,,,,,,,,,,,,
primary_challenge,C2,4049,2160,2035,84.79166666666667,94.21296296296296,8.574683471444095,241.29078887440872,7.51319273395897,25.95238095238095,14.540229885057476,74.04761904761905,0.280785634000122,60.72908329545957,0,12190.0,28.321999999999743,4.6668055555555625,42.917171759956034,34.2302172628101,8.686954497145958,79.75879085012001,19.680491449271635,20.187485870129002,14.0427313926811,59.60718299993897,2.0,4,303.64541647729783,616,23.214285714285715,260,1219,nan,nan,0.0,0,4,0,0,,,,,,,,,,,,,,,
primary_challenge,C3,4049,2160,2149,89.54166666666667,99.49074074074075,0.46622580392251844,5.200186126675544,0.019806427509911798,12.857142857142856,0.0,87.14285714285714,0.31983586972751643,0.0,0,14090.0,28.7019999999997,4.693194444444456,28.859086898094034,23.079608616477493,5.779478281616579,79.973454108147,21.305644705110755,23.079608616477493,0.0,40.08206513624176,2.0,4,0.0,693,55.41125541125541,316,1409,nan,nan,0.0,0,0,0,0,,,,,,,,,,,,,,,
primary_challenge,C4,4049,2160,2149,89.54166666666667,99.49074074074075,0.5078663689099259,91.45375135048235,0.061082795967659385,12.857142857142856,0.057471264367814356,87.14285714285714,0.3077372187498128,0.0,0,14100.0,28.703999999999706,4.693333333333345,33.214601250067375,26.59699367498594,6.617607575081454,80.07620948010624,19.865055337066025,23.09024644183924,3.5067472331466987,46.131390625093616,2.0,4,0.0,693,47.474747474747474,316,1410,nan,nan,0.0,0,1,0,0,,,,,,,,,,,,,,,
primary_challenge,C5,4049,2160,2052,85.5,95.0,7.082301890677356,237.14385724917616,6.095709955250895,23.809523809523814,13.33333333333333,76.19047619047619,0.28000135872041254,51.246440558757946,0,12550.0,28.393999999999743,4.671805555555564,43.19951086065145,34.63046628521822,8.569044575433264,80.16402407176699,19.688168210247163,20.596298398115565,14.034167887102655,59.999320639793716,2.0,4,256.2322027937897,626,24.281150159744406,273,1255,nan,nan,4.818963410332799,1251,4,0,0,0.0038520890570206225,0.002004416019190103,0.00902293698163703,0.06324799999129027,28.081534772182255,141.73860911270984,28.081534772182255,0.0,23.688249400479616,0,0,0,0.0,131.7803504161063,45.03991895262594
primary_challenge,C1,4051,2091,2082,86.75,99.56958393113344,5.450035753872389,131.53628245961013,3.8310655900354713,37.32718894009217,18.52745926372963,62.67281105990783,0.3149324917878509,29.39528959533407,0,150.0,25.10799999999992,4.357361111111105,37.5243029563737,30.121532929453547,7.402770026920152,80.2720651852568,29.696666666666587,0.0,30.121532929453547,52.11708743940792,0,0,146.97644797667036,0,0,0,15,0.3,0.7,0.0,0,0,0,0,,,,,,,,,,,,,,,
primary_challenge,C2,4051,2091,2089,87.04166666666667,99.90435198469632,1.6633756272916727,135.89612347997294,0.650498559981741,20.04608294930875,8.811104405552205,79.95391705069125,0.30675757245892826,9.130325330613122,0,10730.0,27.223999999999776,4.504305555555563,40.46727391478581,32.478789245321714,7.988484669464119,80.25939506998695,19.716368261524025,18.4502042116905,14.028585033631217,56.20454710386921,2.0,4,45.65162665306561,558,18.996415770609318,207,1073,nan,nan,0.0,0,11,0,0,,,,,,,,,,,,,,,
primary_challenge,C3,4051,2091,2089,87.04166666666667,99.90435198469632,0.4566414696498923,4.216561171034573,0.014652404483465142,8.525345622119819,0.0,91.47465437788019,0.3328480764612559,0.0,0,14850.0,28.047999999999682,4.561527777777793,31.07469247394786,24.865735607776607,6.20895686617129,80.0192491965072,25.959427557907567,24.865735607776607,0.0,43.1592951027054,2.0,4,0.0,743,55.989232839838486,299,1485,nan,nan,0.0,0,0,0,0,,,,,,,,,,,,,,,
primary_challenge,C4,4051,2091,2089,87.04166666666667,99.90435198469632,0.4566414696498923,4.216561171034573,0.014652404483465142,8.525345622119819,0.0,91.47465437788019,0.33284807646125586,0.0,0,14850.0,28.047999999999682,4.561527777777793,31.07469247394786,24.88571191042281,6.188980563525076,80.08353399244831,25.27301448187013,24.88571191042281,0.0,43.1592951027054,2.0,4,0.0,743,49.39434724091521,299,1485,nan,nan,0.0,0,0,0,0,,,,,,,,,,,,,,,
primary_challenge,C5,4051,2091,2089,87.04166666666667,99.90435198469632,0.4566414696498923,4.216561171034573,0.014652404483465142,8.525345622119819,0.0,91.47465437788019,0.3328480764612559,0.0,0,14850.0,28.047999999999682,4.561527777777793,31.074692473947863,24.867341892293283,6.207350581654602,80.02441830483554,22.71532435275323,24.867341892293283,0.0,43.1592951027054,2.0,4,0.0,743,38.76177658142665,299,1485,nan,nan,5.479557381884661,1485,0,0,0,0.0036899376308987615,0.0020149589981883764,0.009006574982777236,0.05440104100853205,28.2020202020202,142.00471380471382,28.2020202020202,0.0,23.175757575757576,0,0,0,0.0,75.13971814878136,24.97811745429665
primary_challenge,C1,4053,2143,2137,89.04166666666667,99.7200186654223,4.083160057076336,140.75523777072206,2.8305833427919187,31.485587583148554,14.125295508274228,68.51441241685144,0.3208748466333401,27.207625313748018,0,120.0,25.729999999999908,4.46555555555555,30.18505521199758,24.099538442166203,6.085516769831373,79.83930548713198,29.67888888888881,0.0,24.099538442166203,41.923687794441086,0,0,136.0381265687401,0,0,0,12,0.3,0.7,0.0,0,0,0,0,,,,,,,,,,,,,,,
primary_challenge,C2,4053,2143,2136,89.0,99.67335510965935,0.5876692752224045,87.80817304346323,0.10199678774449564,13.968957871396892,0.2955082742316817,86.0310421286031,0.30488997323752665,0.0,0,13650.0,28.43599999999972,4.653472222222237,35.939609634490395,28.830297216834413,7.109312417656006,80.21872666409448,19.62296938794881,21.80681039200911,7.023486824825308,49.91612449234781,2.0,4,0.0,643,27.371695178849144,300,1365,nan,nan,0.0,0,2,0,0,,,,,,,,,,,,,,,
primary_challenge,C3,4053,2143,2137,89.04166666666667,99.7200186654223,0.4068590332993139,4.088101212472884,0.012400130460260146,10.643015521064303,0.0,89.3569844789357,0.32285397215866174,0.0,0,14760.0,28.657999999999696,4.6688888888889055,29.47257002288172,23.579898948510753,5.892671074371011,80.00625303529331,28.672444305324518,23.579898948510753,0.0,40.93412503178022,2.0,4,0.0,702,54.700854700854705,323,1476,nan,nan,0.0,0,0,0,0,,,,,,,,,,,,,,,
primary_challenge,C4,4053,2143,2137,89.04166666666667,99.7200186654223,0.4068590332993139,4.088101212472884,0.012400130460260146,10.643015521064303,0.0,89.3569844789357,0.3228539721586618,0.0,0,14760.0,28.657999999999696,4.668888888888905,29.47257002288172,23.5930774628621,5.879492560019665,80.05096754217588,27.797773455631326,23.5930774628621,0.0,40.93412503178022,2.0,4,0.0,702,45.72649572649573,323,1476,nan,nan,0.0,0,0,0,0,,,,,,,,,,,,,,,
primary_challenge,C5,4053,2143,2137,89.04166666666667,99.7200186654223,0.4068590332993139,4.088101212472884,0.012400130460260146,10.643015521064303,0.0,89.3569844789357,0.3228539721586618,0.0,0,14760.0,28.657999999999696,4.6688888888889055,29.47257002288172,23.579494023295155,5.893075999586608,80.00487912994578,23.831876514320125,23.579494023295155,0.0,40.93412503178022,2.0,4,0.0,702,27.065527065527068,323,1476,nan,nan,4.114583507471252,1476,0,0,0,0.002787658202893802,0.0015312710020225495,0.008163072488969192,0.01568750001024455,27.0630081300813,137.13279132791328,27.0630081300813,0.0,22.958672086720867,0,0,0,0.0,48.88305539797901,16.603472886493655
primary_challenge,C1,4052,2162,2150,89.58333333333333,99.44495837187789,1.556776548296184,82.25278763197963,0.47681109903481245,26.865671641791046,3.6363636363636376,73.13432835820896,0.3085789112188963,8.84736352781414,0,130.0,25.78199999999989,4.492916666666661,32.71159196119733,26.12150903488803,6.590082926309295,79.85398285070782,29.71444444444432,0.0,26.12150903488803,45.43276661277406,0,0,44.23681763907071,0,0,0,13,0.3,0.7,0.0,0,0,0,0,,,,,,,,,,,,,,,
primary_challenge,C2,4052,2162,2146,89.41666666666667,99.25994449583719,1.1348378254378857,93.56373543872796,0.25094394061016106,21.641791044776117,3.01136363636364,78.35820895522389,0.29120300341734956,0.717340153265953,0,10670.0,27.889999999999752,4.639305555555563,38.966918769754145,31.25944615930061,7.707472610453571,80.22047199575856,19.66583250685888,17.21403559350908,14.045410565791515,54.12072051354746,2.0,4,3.586700766329765,502,13.94422310756972,219,1067,nan,nan,0.0,0,6,0,0,,,,,,,,,,,,,,,
primary_challenge,C3,4052,2162,2156,89.83333333333333,99.72247918593895,0.4587612228231707,5.09116358051906,0.01067700867803878,8.70646766169154,0.0,91.29353233830845,0.31868446582752036,0.0,0,14380.0,28.63199999999967,4.690833333333349,29.073592302092635,23.274512695095925,5.799079606996742,80.05379057826539,23.285628308501497,23.274512695095925,0.0,40.37998930846204,2.0,4,0.0,677,53.17577548005909,299,1438,nan,nan,0.0,0,0,0,0,,,,,,,,,,,,,,,
primary_challenge,C4,4052,2162,2156,89.83333333333333,99.72247918593895,0.4587612228231707,5.09116358051906,0.01067700867803878,8.70646766169154,0.0,91.29353233830845,0.3186844658275204,0.0,0,14380.0,28.63199999999967,4.690833333333349,29.073592302092628,23.2544695064813,5.819122795611369,79.98485108015879,20.40445156525835,23.2544695064813,0.0,40.37998930846204,2.0,4,0.0,677,44.16543574593796,299,1438,nan,nan,0.0,0,0,0,0,,,,,,,,,,,,,,,
primary_challenge,C5,4052,2162,2156,89.83333333333333,99.72247918593895,0.4587612228231707,5.09116358051906,0.01067700867803878,8.70646766169154,0.0,91.29353233830845,0.3186844658275204,0.0,0,14380.0,28.63199999999967,4.690833333333349,29.07359230209263,23.269524225960847,5.804068076131826,80.0366325020179,19.708425204666803,23.269524225960847,0.0,40.37998930846204,2.0,4,0.0,677,27.474150664697195,299,1438,nan,nan,6.137173886119854,1437,2,0,0,0.004270823859512773,0.003378166991751641,0.009447491390164943,0.018711832992266864,27.181628392484342,137.79123173277662,27.181628392484342,0.0,23.18580375782881,0,0,0,0.0,132.12718090236262,48.48227723095881
primary_challenge,C1,4054,2175,2167,90.29166666666667,99.63218390804597,4.816404983268354,116.47241611335296,2.9444170817799225,44.74789915966386,24.955856386109478,55.25210084033614,0.2904438289235484,25.473527328687293,0,150.0,25.907999999999898,4.517916666666661,37.94022158752258,30.151045627002116,7.789175960520469,79.4698722500817,29.602424413755994,0.0,30.151045627002116,52.69475220489248,0,0,127.36763664343647,0,0,0,15,0.3,0.7,0.0,0,0,0,0,,,,,,,,,,,,,,,
primary_challenge,C2,4054,2175,2133,88.875,98.06896551724138,6.411675605247548,245.3472547209436,4.971157710079895,32.35294117647059,22.366097704532073,67.64705882352942,0.2827597988495696,48.838391240268926,0,9520.0,27.781999999999794,4.648055555555557,40.70647241415493,32.53148347626501,8.174988937889934,79.91722580449586,19.59334095242315,14.979691776858651,17.55179169940636,56.53676724188186,2.0,4,244.19195620134462,451,25.49889135254989,219,952,nan,nan,0.0,0,12,0,0,,,,,,,,,,,,,,,
primary_challenge,C3,4054,2175,2172,90.5,99.86206896551724,0.4769732594405644,4.490043259343656,0.02795385209184881,12.815126050420167,0.0,87.18487394957984,0.3138094685190668,0.0,0,14430.0,28.763999999999683,4.716250000000013,29.52859133313592,23.62932668923752,5.899264643898429,80.02185550491039,23.58287527306928,23.62932668923752,0.0,41.01193240713326,2.0,4,0.0,700,51.42857142857142,305,1443,nan,nan,0.0,0,0,0,0,,,,,,,,,,,,,,,
primary_challenge,C4,4054,2175,2172,90.5,99.86206896551724,0.4769732594405644,4.490043259343656,0.02795385209184881,12.815126050420167,0.0,87.18487394957984,0.31380946851906677,0.0,0,14430.0,28.763999999999687,4.716250000000013,29.528591333135928,23.617860108360727,5.91073122477523,79.98302337523839,21.634357842794003,23.617860108360727,0.0,41.01193240713326,2.0,4,0.0,700,48.0,305,1443,nan,nan,0.0,0,0,0,0,,,,,,,,,,,,,,,
primary_challenge,C5,4054,2175,2172,90.5,99.86206896551724,0.4769732594405644,4.490043259343656,0.02795385209184881,12.815126050420167,0.0,87.18487394957984,0.31380946851906677,2.3684757858670008e-17,0,14430.0,28.763999999999687,4.716250000000013,29.52859133313592,23.647615372611156,5.880975960524789,80.08379101401513,21.240484631956555,23.647615372611156,0.0,41.01193240713326,2.0,4,1.1842378929335003e-16,700,31.857142857142858,305,1443,nan,nan,5.26174544589594,1443,0,0,0,0.0036463932403991268,0.001942249946296215,0.008821541728684677,0.01340516604250297,26.6008316008316,135.21205821205822,26.6008316008316,0.0,22.91961191961192,0,0,0,0.0,172.18111014865752,58.31893017339427
primary_challenge,C1,4055,2187,2176,90.66666666666667,99.49702789208962,3.2098155810734728,96.8423838874598,1.2516462528297039,50.70422535211267,21.465076660988068,49.29577464788733,0.2953068574146644,27.056464909097933,0,140.0,26.273999999999898,4.558333333333329,34.98953133072081,28.1338892407455,6.855642089975307,80.40659068800943,29.61551107600002,0.0,28.1338892407455,48.59657129266779,0,0,135.28232454548967,0,0,0,14,0.3,0.7,0.0,0,0,0,0,,,,,,,,,,,,,,,
primary_challenge,C2,4055,2187,2107,87.79166666666667,96.34202103337905,4.137546458462333,254.0150910195344,2.975416357771242,27.23004694835681,13.57183418512209,72.76995305164318,0.2662522173954581,47.8773331923127,0,11830.0,28.611999999999767,4.7206944444444545,45.44920173763508,36.4684577284818,8.980744009153305,80.24004016396927,19.712829150301054,18.929501757668948,17.538955970812857,63.12389130227098,2.0,4,239.38666596156352,593,26.981450252951095,266,1183,nan,nan,0.0,0,5,0,0,,,,,,,,,,,,,,,
primary_challenge,C3,4055,2187,2130,88.75,97.39368998628258,4.093823952103939,431.5928946884393,3.543541477723077,13.145539906103288,2.555366269165249,86.85446009389672,0.25551286707311427,170.1723180716473,0,14040.0,29.053999999999718,4.751388888888903,49.31536785367886,39.533472574079,9.78189527959988,80.16461053555713,19.655652101841977,21.982975827416926,17.550496746662077,68.49356646344287,2.0,4,850.8615903582365,673,53.49182763744428,326,1404,nan,nan,0.0,0,7,0,0,,,,,,,,,,,,,,,
primary_challenge,C4,4055,2187,2078,86.58333333333333,95.01600365797897,7.360745624728401,400.03874929420783,6.652910356833684,17.840375586854464,5.962521294718915,82.15962441314554,0.2587329763066964,146.6171296234318,0,13470.0,28.93999999999973,4.743472222222236,48.15612852958928,38.62466701852345,9.531461511065856,80.20716822115533,19.635934844572407,21.061388635055373,17.563278383468084,66.8835118466518,2.0,4,733.0856481171589,649,48.38212634822804,310,1347,nan,nan,0.0,0,6,0,0,,,,,,,,,,,,,,,
primary_challenge,C5,4055,2187,2059,85.79166666666667,94.14723365340649,8.854846616874752,356.3014446269393,8.006520828803836,21.361502347417836,9.085746734809764,78.63849765258216,0.2595952959103446,124.43311007222079,0,13110.0,28.867999999999736,4.738472222222235,47.84569347227593,38.228028129634566,9.617665342641393,79.89857676905801,19.743843743299134,20.685915132245455,17.54211299738911,66.4523520448277,2.0,4,622.1655503611039,640,29.062500000000004,296,1311,nan,nan,4.300660473760217,1306,5,0,0,0.0032930018941502433,0.0017254374688491225,0.008563916751882061,0.0182922090170905,27.404287901990813,138.8261868300153,27.404287901990813,0.0,23.362940275650843,0,0,0,0.0,71.42083211695588,25.13114490687509
primary_challenge,C1,4056,2094,2085,86.875,99.5702005730659,1.5066467751375454,79.00917911634237,0.4666320718975135,24.264705882352942,5.21945432977462,75.73529411764706,0.3202504271660217,8.331196676871974,0,140.0,25.051999999999907,4.357222222222218,35.30984622023219,28.15328423434093,7.156561985891262,79.73210661622588,29.650555555555446,0.0,28.15328423434093,49.0414530836558,0,0,41.65598338435987,0,0,0,14,0.3,0.7,0.0,0,0,0,0,,,,,,,,,,,,,,,
primary_challenge,C2,4056,2094,2054,85.58333333333333,98.08978032473735,1.6876481825515717,246.03983649196695,1.0308034799420072,12.254901960784315,4.8635824436536135,87.74509803921569,0.28679712296712484,67.09937698985125,0,12590.0,27.54199999999973,4.530138888888901,47.35303573183501,37.83992312322998,9.513112608605052,79.91023709128442,19.650440469698115,20.29434400126069,17.54557912196929,65.7681051831042,2.0,4,335.49688494925624,631,32.80507131537242,283,1259,nan,nan,0.0,0,5,0,0,,,,,,,,,,,,,,,
primary_challenge,C3,4056,2094,2085,86.875,99.5702005730659,0.40484669118572497,3.4464663640130313,0.0074442416275321355,5.882352941176472,0.0,94.11764705882352,0.33361638106005137,2.3684757858670008e-17,0,14840.0,27.991999999999685,4.561388888888906,30.49810281838145,24.39786885059178,6.1002339677897055,79.99798871386514,28.064605923444592,24.39786885059178,0.0,42.35847613664095,2.0,4,1.1842378929335003e-16,769,58.12743823146944,330,1484,nan,nan,0.0,0,0,0,0,,,,,,,,,,,,,,,
primary_challenge,C4,4056,2094,2085,86.875,99.5702005730659,0.40484669118572497,3.4464663640130313,0.0074442416275321355,5.882352941176472,0.0,94.11764705882352,0.3336163810600514,2.3684757858670008e-17,0,14840.0,27.991999999999685,4.561388888888906,30.49810281838145,24.402120697474416,6.095982120907074,80.01193006263676,24.388995349822952,24.402120697474416,0.0,42.35847613664095,2.0,4,1.1842378929335003e-16,769,51.49544863459038,330,1484,nan,nan,0.0,0,0,0,0,,,,,,,,,,,,,,,
primary_challenge,C5,4056,2094,2085,86.875,99.5702005730659,0.40484669118572497,3.4464663640130313,0.0074442416275321355,5.882352941176472,0.0,94.11764705882352,0.3336163810600515,2.3684757858670008e-17,0,14840.0,27.991999999999685,4.561388888888906,30.498102818381447,24.380242195781342,6.1178606226001415,79.94019280795125,23.113188598465857,24.380242195781342,0.0,42.35847613664095,2.0,4,1.1842378929335003e-16,769,33.42002600780234,330,1484,nan,nan,5.084651044162456,1484,0,0,0,0.0034263147197860213,0.0017827705014497042,0.009185612475266678,0.015178792004007846,28.847708894878707,145.04851752021563,28.847708894878707,0.0,23.95754716981132,0,0,0,0.0,164.30941086121715,52.778969397654016
